layer,update_reference_l2,update_probe_l2,update_cosine,s_K_star_layer,c_K_star_layer,R_opt_layer,layer_residual_with_global_c_star,support_atol,support_coordinate_count,coordinate_count,support_coordinate_coverage,support_energy_coverage,h_update_weighted_mean,h_update_weighted_std,h_update_p05,h_update_p50,h_update_p95,h_moment_coordinate_count,h_moment_weighted_mean,h_moment_weighted_std,h_moment_p50,h_update_minus_moment_weighted_rmse,h_update_minus_moment_eps_weighted_rmse,off_support_candidate_energy_exact,predicted_reference_l2,predicted_probe_l2,s_K_star_predicted_layer,c_K_star_predicted_layer,R_pred_layer,predicted_layer_residual_with_global_c_star,predicted_off_support_candidate_energy_exact
model.dec.16x16_block0.affine,0.008213086843541885,0.008183186409286598,0.9998712728423345,0.996231157277152,1.0035246889765979,0.015986453925645915,0.016497197747273925,0.0,131284,131328,0.9996649610136452,1.0,0.996231157277152,0.015984635536680964,0.9329350753963777,0.9970335605007117,1.0782828282828283,131284,0.9962313106533599,0.015977089634255665,0.9969126498986318,0.0005168152754357754,0.0005168152759394932,1.8520171642081164e-10,0.008213070077559994,0.00818316984598231,0.9962313260570711,1.003524824252852,0.015977008079381086,0.016488067423535858,0.0
model.dec.16x16_block0.conv0,0.021998355332764234,0.021847453316030743,0.9998469920322625,0.9929883462271434,1.0067530110240448,0.01737264780132916,0.017503557601682897,0.0,1178967,1179904,0.9992058675960078,1.0000000000000002,0.9929883462271433,0.01736669572257725,0.8876404494382022,0.9937106918238994,1.0971428571428572,1178967,0.9929907399096902,0.017344348433012975,0.9936315738935423,0.001042370404209956,0.0010423704039682216,4.725618477537163e-09,0.02199830785882135,0.02184744690635963,0.9929906990648024,1.0067516419157572,0.01734400752985237,0.017474771631247447,0.0
model.dec.16x16_block0.conv1,0.015446124019156382,0.015328192311243076,0.9998371441625081,0.9922033518985064,1.0075296691290536,0.017908961523573356,0.018047398885093408,0.0,589515,590080,0.9990425027114967,0.9999999999999999,0.9922033518985063,0.017900435600093315,0.8837209302325582,0.9929484354341119,1.1,589515,0.9922027127284575,0.017867597048326675,0.9928311837950369,0.0012613021858992695,0.001261302186225088,3.4400553427618913e-09,0.01544612051462723,0.01532816740534939,0.9922026961718917,1.0075318202403787,0.017868372979824354,0.01800653850920251,0.0
model.dec.16x16_block0.norm0,0.0007411834224615507,0.0007395525991254633,0.9998685163555404,0.9976685090967755,1.0020733749571058,0.01618005370897258,0.01705688489099482,0.0,1022,1024,0.998046875,1.0,0.9976685090967755,0.01617605626388532,0.8864898989898989,1.0,1.1055347091932455,1022,0.9976572532882724,0.01611080259601326,0.9983385333622632,0.00161146939899609,0.001611469399005914,3.355661600464849e-12,0.0007411782932615808,0.0007395381650322054,0.9976569690338651,1.002087030634055,0.016116356797492685,0.016992306164890763,0.0
model.dec.16x16_block0.norm1,0.0005210723792861097,0.0005188104284397308,0.9998556370986825,0.9955153105058769,1.0042148869915453,0.016917561668661034,0.017280246753090388,0.0,510,512,0.99609375,1.0,0.9955153105058769,0.016909825505090594,0.90125,0.9948583060167072,1.0647916666666664,510,0.9954536363851646,0.016712879183101947,0.9940581014044733,0.0028662896495267576,0.0028662896496027394,3.355661600464849e-12,0.0005211068590248795,0.0005188105662141182,0.9954558498225353,1.0042872690210485,0.01655091813288449,0.016906173939249484,0.0
model.dec.16x16_block0.skip,0.007295240987517306,0.007241243414590243,0.999836660732862,0.9924361165842241,1.0072923903516584,0.017939736834968748,0.018073700080299723,0.0,131301,131328,0.9997944078947368,0.9999999999999999,0.9924361165842243,0.017937860854006747,0.8806327900287632,0.9925512104283054,1.1041666666666667,131301,0.9924355244001425,0.01793817194125007,0.9925470778243491,0.0003143057948778344,0.0003143057949242432,1.6916831450008472e-10,0.007295239473160466,0.0072412372489704824,0.9924355097496138,1.0072930715790513,0.01793794539254163,0.018071906224613105,0.0
model.dec.16x16_block1.affine,0.008450314790470322,0.008422648094000484,0.9998569550231222,0.996583380064817,1.0031412830134587,0.016858213148748965,0.01743214210168318,0.0,131289,131328,0.999703033625731,1.0,0.996583380064817,0.016855742464895435,0.9,0.9968253968253968,1.1,131289,0.9965838955955291,0.016853827044381396,0.9967358929408661,0.0004562861787453166,0.00045628618026175217,2.80905742358327e-10,0.008450308380872485,0.008422645417926547,0.9965838957688828,1.0031409177803845,0.01685370181198144,0.017427958566463057,0.0
model.dec.16x16_block1.conv0,0.022150851074909408,0.02198712237413367,0.9998366372423041,0.9924463138163526,1.0072819932474286,0.017941211445203678,0.018075049495309997,0.0,1179019,1179904,0.9992499389780863,1.0,0.9924463138163525,0.017934684591397344,0.8837209302325582,0.993103448275862,1.1002958818624407,1179019,0.9924461372061323,0.017914569208492444,0.9930195291681085,0.0010290932542926902,0.001029093254601686,5.42594554510617e-09,0.022150850995357962,0.02198710790175552,0.9924461456662316,1.0072831413774046,0.017914543062828307,0.01804819152433999,0.0
model.dec.16x16_block1.conv1,0.015371404138158084,0.015256551976308106,0.9998377230036879,0.9923671287135365,1.0073645563382747,0.017880049232786938,0.018014654408845927,0.0,589533,590080,0.9990730070498915,1.0,0.9923671287135364,0.017872099315059144,0.881578947368421,0.9927310488058152,1.1,589533,0.9923695227621069,0.01783699925741129,0.9926261501992059,0.0013224978371581234,0.0013224978371007702,3.1716102795565795e-09,0.015371404182435742,0.015256576948648537,0.9923695538137083,1.007363726128391,0.017835420368786867,0.017969661074273918,0.0
model.dec.16x16_block1.norm0,0.0007227995323535954,0.0007200801388732832,0.99986032569278,0.9960985445498703,1.0036363132587838,0.016650261737290967,0.017123214282124603,0.0,1021,1024,0.9970703125,1.0,0.9960985445498703,0.016617556285880273,0.8846153846153846,0.9992229992229992,1.1111111111111112,1021,0.9960406076056912,0.01661556417413985,0.9977142686742372,0.0018488421842895331,0.0018488421843627953,2.684529280371879e-11,0.0007228362545521987,0.000720074065503094,0.9960408818918269,1.0036971223353237,0.016568734071384587,0.017031237975937658,0.0
model.dec.16x16_block1.norm1,0.0005301767872886387,0.0005280934402306939,0.9998641956139165,0.9959351964947177,1.0038086947718055,0.016415239164491148,0.016858574872778337,0.0,512,512,1.0,1.0,0.9959351964947177,0.016415239164491148,0.8571428571428571,1.0,1.0913265306122448,512,0.9957134907364379,0.016228417038182678,0.9954741205629193,0.0028500295737191755,0.002850029573725902,0.0,0.0005301919427130277,0.0005279888771380467,0.9957119936046122,1.004038666436507,0.016261806342347522,0.01666440371404902,0.0
model.dec.16x16_block1.skip,0.007338761138328148,0.00728305883079469,0.9998350715924319,0.9922461721050633,1.0074820125185566,0.018023365446446584,0.018161520299364256,0.0,131305,131328,0.9998248659844055,1.0,0.9922461721050633,0.018021807978664303,0.8800355494730165,0.9923940265281513,1.1071428571428572,131305,0.9922466189837762,0.018020408344931727,0.9923767113630848,0.0002787159923834229,0.00027871599231300327,1.4279061052899907e-10,0.0073387553853819535,0.007283056041022509,0.9922466074660338,1.0074816468395724,0.018021302219641995,0.018159428921635044,0.0
model.dec.16x16_block2.affine,0.008611310326586293,0.008576238442097745,0.9998784197253259,0.9958061451109815,1.0039673476015685,0.015529624827555889,0.01595825186937458,0.0,131270,131328,0.9995583576998051,1.0,0.9958061451109815,0.015527241005506629,0.8947368421052632,0.9970316622691293,1.08,131270,0.995807494176569,0.015525921007731655,0.9969633323379399,0.0004225566302671531,0.0004225566294089835,2.592733584324788e-10,0.00861130082553797,0.008576239782147811,0.9958074538344226,1.0039661379080498,0.015526153716178348,0.0159551955174289,0.0
model.dec.16x16_block2.conv0,0.021808177182001957,0.021646049286728683,0.9998401236876439,0.99240704143091,1.007328879382321,0.017747981854450635,0.01788097288676615,0.0,1178992,1179904,0.9992270557604687,1.0000000000000002,0.9924070414309099,0.017741687257107796,0.8829787234042553,0.9928741092636579,1.1,1178992,0.9924080576240635,0.0177202956176443,0.9927951074533474,0.0010431910471679472,0.0010431910471134101,5.0176064234115565e-09,0.021808167928813293,0.021646050778782133,0.9924080293443714,1.007328888462477,0.01772009818386226,0.01785287298546119,0.0
model.dec.16x16_block2.conv1,0.015088425641611591,0.014976009104345347,0.9998395516135099,0.9923902323217577,1.0073447887852482,0.01777941315821471,0.017912898959586046,0.0,589487,590080,0.9989950515184381,1.0,0.9923902323217575,0.017770717888040945,0.8817204301075269,0.9926553672316384,1.1015625,589487,0.9923889684840115,0.01773057476423974,0.9925345357660464,0.0013647429437638713,0.0013647429442599965,3.3235337622510233e-09,0.01508844235640306,0.014975993173768104,0.992388937631605,1.0073478495452268,0.01773128966120365,0.01786444899228663,0.0
model.dec.16x16_block2.norm0,0.0007180901810982043,0.0007158298126836051,0.9998636450995766,0.9967163242452061,1.0030209042165394,0.01646138458834982,0.017074342839477376,0.0,1024,1024,1.0,1.0,0.9967163242452061,0.016461384588349823,0.8759722222222223,0.9977351880789697,1.0869565217391304,1024,0.9966823676152442,0.01636333290092979,0.9967873234860432,0.0016100951979762174,0.0016100951979867173,0.0,0.000718102963288111,0.0007158176321618007,0.996682851740491,1.0030570628054722,0.016386242874516517,0.016992932269747286,0.0
model.dec.16x16_block2.norm1,0.0005192614411710657,0.0005167285450682704,0.9998631627553753,0.9949859481049669,1.0047642844999407,0.016461851505295312,0.016745359188630165,0.0,511,512,0.998046875,1.0,0.9949859481049669,0.016461851505295312,0.9259259259259259,0.9972826086956522,1.080128205128205,511,0.9950548002868074,0.016365174945110455,0.9966503396007278,0.0031450169750160506,0.003145016975077274,0.0,0.000519213499922192,0.0005167131177656967,0.9950506778721367,1.0047041069205427,0.016306978974665452,0.0166002131696478,0.0
model.dec.16x16_block2.skip,0.007236608682127116,0.007181216068135875,0.9998323391806795,0.9921791235305117,1.0075445882335856,0.018170860349181615,0.018311792234388707,0.0,131306,131328,0.9998324805068226,1.0,0.9921791235305117,0.018169173602461078,0.8771963485074927,0.9922330097087378,1.1070447656911178,131306,0.9921790562137232,0.018168578146264446,0.9922348073067573,0.0002990746772392525,0.0002990746772349729,1.5159795238757264e-10,0.007236609326243733,0.007181216050495096,0.9921790686099535,1.0075447167718061,0.018168902236273113,0.018309817176502128,0.0
model.dec.16x16_block3.affine,0.009089206621118099,0.009062238499153202,0.9998679858373235,0.9969013284694288,1.0028434716175065,0.01620020232067218,0.016864966168487892,0.0,131275,131328,0.9995964303118908,1.0,0.9969013284694288,0.01619848095244936,0.8639288350602838,0.9975247524752475,1.0741100298470336,131275,0.9969006685815371,0.01619848336668434,0.9974945548428755,0.00041357080079515294,0.0004135708014934051,2.1759106029451718e-10,0.009089211147544265,0.009062236268707941,0.9969006374355232,1.00284426894698,0.016197064824315276,0.01686187220924797,0.0
model.dec.16x16_block3.conv0,0.021557695714797053,0.02140475461138555,0.9998333267711124,0.9927400077890187,1.006977328886541,0.018127492786000204,0.018261293904955435,0.0,1178985,1179904,0.9992211230744196,1.0,0.9927400077890187,0.018120576263043794,0.8806514489263678,0.9929862422444025,1.1044776119402986,1178985,0.992740168282871,0.01809846140894532,0.9929067468219627,0.0010462535412389567,0.001046253541353908,5.502566867301667e-09,0.02155770384130426,0.021404755378453856,0.9927402015200532,1.0069782124147904,0.018098307487126635,0.018231905452823237,0.0
model.dec.16x16_block3.conv1,0.014816305853362447,0.014705329134850348,0.9998314912166267,0.992342578726669,1.0073769202881404,0.01821976569674762,0.018357264882875705,0.0,589497,590080,0.999011998373102,1.0000000000000002,0.992342578726669,0.018210135217066548,0.8783783783783784,0.9925343811394892,1.1047120418848169,589497,0.9923446656686269,0.01816663929608022,0.992402762215366,0.001404000412148046,0.0014040004118335316,3.6372548602096772e-09,0.014816277982652146,0.014705318207100944,0.9923446668790432,1.0073767473447126,0.018167484936550616,0.01830456869953486,0.0
model.dec.16x16_block3.norm0,0.0007837796327267906,0.0007824888216093016,0.999885574776331,0.9982388575585742,1.0015350084557588,0.015102457674540753,0.016212175394299706,0.0,1021,1024,0.9970703125,1.0,0.9982388575585742,0.015100925858368999,0.9120879120879121,1.0,1.0851851851851853,1021,0.9983136325207276,0.014996005936120972,0.9984112849489182,0.001541543470106793,0.0015415434700816037,1.3422646401859395e-12,0.0007837430386839194,0.000782509707137099,0.9983132324928066,1.0014626413593617,0.015029327700276719,0.016169402905010347,0.0
model.dec.16x16_block3.norm1,0.0005640912514609285,0.0005627874086550291,0.9998615439142665,0.9975504598874326,1.0021779821658676,0.01660164020489398,0.017429310239991995,0.0,511,512,0.998046875,1.0,0.9975504598874326,0.01659625910742181,0.8924903722721438,1.0,1.076197387518142,511,0.9975279652080464,0.016309437906819577,0.9968211859751773,0.0028121648946198446,0.0028121648947582877,2.684529280371879e-12,0.0005641314196536999,0.0005628131185580064,0.997529914935469,1.0022085014114497,0.0163031355350032,0.01713522346019155,0.0
model.dec.16x16_block3.skip,0.007214948077374347,0.007159555392760745,0.9998229882513466,0.9921468582413033,1.0075585076264235,0.018670229990562632,0.018815557377366066,0.0,131311,131328,0.9998705531189084,1.0000000000000002,0.9921468582413031,0.018668423438625903,0.8755192664414797,0.9921889500711502,1.1107970523570918,131311,0.9921474616026617,0.01867029975025862,0.9921837612810587,0.0002953265892878147,0.0002953265893345643,1.6583014395801096e-10,0.007214944642538406,0.007159556095829508,0.9921474436626964,1.0075579449155756,0.018669408579270522,0.018814708457145474,0.0
model.dec.16x16_block4.affine,0.008778148308760756,0.0087591094673892,0.9998295484736964,0.9976610277900133,1.0020027826640965,0.018422729594563498,0.019225331117296338,0.0,131295,131328,0.9997487207602339,1.0,0.9976610277900133,0.018420580681728985,0.8555641308342521,0.9967532467532467,1.1242964863709004,131295,0.997661404801157,0.018420660774780318,0.9966856080591068,0.0004368869937242761,0.0004368869908500095,2.881185535581891e-10,0.008778146729046686,0.00875911058316817,0.997661395324479,1.0020025358772893,0.018419436535264535,0.019222371440329344,0.0
model.dec.16x16_block4.conv0,0.02118879899279346,0.02103669374146636,0.9998052007727174,0.9926280303538844,1.007034265530261,0.01959560177148556,0.019740191969664537,0.0,1178997,1179904,0.9992312933933608,1.0,0.9926280303538845,0.019587907624320396,0.8695652173913043,0.9928512736236648,1.1145510835913313,1178997,0.9926278283645716,0.019570362509165645,0.9927834669506242,0.0010329419544409465,0.0010329419546058728,6.392407545367551e-09,0.02118879789194443,0.021036678291448303,0.992627844604602,1.007035451642968,0.019570665303137547,0.019715081072216086,0.0
model.dec.16x16_block4.conv1,0.01497856982231874,0.014877796991019704,0.9998243279368938,0.9930977092060637,1.0065965085486248,0.018617251030356493,0.01875931016107695,0.0,589484,590080,0.998989967462039,0.9999999999999999,0.9930977092060639,0.018608553826202676,0.8760330578512396,0.9933333333333333,1.109751535794659,589484,0.9930966824558229,0.018570356107065224,0.9932131456068845,0.0013422036644125863,0.0013422036644921676,3.430460411723726e-09,0.014978568054773399,0.014877766849320361,0.9930966738036209,1.0065993001450393,0.018571317356142036,0.018713047415934433,0.0
model.dec.16x16_block4.norm0,0.0007728096486078564,0.0007710468501851101,0.9998024468801472,0.997521872123358,1.0020882355789729,0.019830959415980957,0.02056437117658968,0.0,1023,1024,0.9990234375,1.0,0.997521872123358,0.019815955461481332,0.854988344988345,0.9977628635346756,1.1032729398012857,1023,0.997487384241584,0.019925498332969718,0.9973168921060321,0.0017762717164025027,0.0017762717163722639,1.6778308002324243e-11,0.0007728195380419024,0.0007710294863906708,0.9974877385435,1.002124726651047,0.019775105332482123,0.02050169713840696,0.0
model.dec.16x16_block4.norm1,0.0005699244056346628,0.0005690672719747824,0.999843085838924,0.9983393791104554,1.0013490574624497,0.017687863757205696,0.01870857270756423,0.0,511,512,0.998046875,1.0,0.9983393791104554,0.017686626968549363,0.9103571428571429,1.0,1.125,511,0.9985775179779963,0.017533796938683757,0.9995583577196112,0.00279590106762238,0.002795901067486203,6.711323200929697e-13,0.0005698396686198906,0.0005691165722608794,0.9985764131833834,1.0011155263220206,0.017574503878150904,0.018674609499056624,0.0
model.dec.16x16_block4.norm2,0.000574340530782163,0.0005737090948380356,0.9998996211754352,0.9988003211478543,1.0010001311150727,0.014152964634023418,0.015533885895873727,0.0,512,512,1.0,1.0,0.9988003211478543,0.014152964634023418,0.9150092728479293,0.9992657032624979,1.0849084249084249,512,0.9987986570825244,0.014143004013226369,0.9993152247837983,0.00023969866583971566,0.00023969866583964044,0.0,0.0005743385176174886,0.0005737060498539736,0.9987986825510191,1.0010020972592089,0.014141529321388907,0.015522872707909776,0.0
model.dec.16x16_block4.proj,0.0053145168834249626,0.0052831353174786,0.9998216237129464,0.9939178004854761,1.005760515362256,0.018775526889050497,0.018955150400621283,0.0,65742,65792,0.9992400291828794,1.0,0.9939178004854761,0.018769657758775374,0.875,0.9943820224719101,1.1105507320971433,65742,0.9939202063602786,0.01873072449787545,0.9942201015367905,0.0013388905433291943,0.0013388905432447098,2.939297400944671e-10,0.005314511442150961,0.005283138249439472,0.9939201930142165,1.0057597605710762,0.01873192220978394,0.018911523212481393,0.0
model.dec.16x16_block4.qkv,0.00915281265960036,0.009086560125492976,0.9998520022378188,0.992614584479561,1.0071421899398456,0.01707935376864061,0.017205440950895486,0.0,197277,197376,0.9994984192607004,1.0,0.992614584479561,0.01707361097755234,0.8860294117647058,0.9925558312655087,1.1,197277,0.9926204415220581,0.01705183925928081,0.9925198611209384,0.0009349484462476984,0.0009349484461109261,7.759764276251497e-10,0.00915277424292812,0.009086572020045204,0.9926205110640256,1.0071371120286998,0.017052637504718228,0.017178513616383926,0.0
model.dec.16x16_block4.skip,0.007294947337884559,0.007240418351386843,0.9998263597281014,0.9923527597767294,1.007356244801556,0.01849536354590516,0.018634665337736778,0.0,131307,131328,0.9998400950292398,1.0000000000000002,0.9923527597767293,0.018494370984781346,0.8761904761904762,0.9923306567840231,1.1077520168124195,131307,0.9923523587206006,0.01849302648464161,0.9923452772790158,0.00028662243489486377,0.0002866224349100878,9.22721737782509e-11,0.007294948108786876,0.0072404160525675176,0.9923523918735923,1.0073567239108072,0.01849256361327103,0.01863185224995651,0.0
model.dec.16x16_up.affine,0.00663226030555277,0.0065966985157366945,0.9998403810600229,0.9944792957221762,1.005230367186577,0.017770717007940886,0.017993446733922832,0.0,131277,131328,0.9996116593567251,1.0000000000000002,0.9944792957221761,0.01776815654967614,0.895,0.9958881578947368,1.1363636363636365,131277,0.9944819752861923,0.017755274730021763,0.9957833239047046,0.0006823883349100358,0.0006823883352222283,1.8903074258981862e-10,0.0066322557369153995,0.006596710227873774,0.9944820008597327,1.0052281471815283,0.017756516450916186,0.017979551471465287,0.0
model.dec.16x16_up.conv0,0.015460181912002565,0.015358657260552983,0.9998579314556595,0.9932920172531022,1.0064672480298924,0.016745078463375394,0.01687989190953981,0.0,589622,590080,0.9992238340563991,0.9999999999999999,0.9932920172531023,0.016739258384422005,0.890625,0.9937620697648355,1.0942618240060293,589622,0.9932938383311036,0.016713902243684502,0.9936758076203895,0.0010536814471101778,0.0010536814466636855,2.1998229688617653e-09,0.015460183866789871,0.015358679206266178,0.993293836560247,1.0064664697386094,0.016713893297066528,0.016848593068882523,0.0
model.dec.16x16_up.conv1,0.01551303800522991,0.015410954274496347,0.9998536136416281,0.9932740650687719,1.0064767458143635,0.0169973838627846,0.017133247693749114,0.0,589563,590080,0.9991238476138828,0.9999999999999998,0.993274065068772,0.01699076374682304,0.8888888888888888,0.9937888198757764,1.0977562603439592,589563,0.9932746100462038,0.016964503687740152,0.9936948756364493,0.0011017374629392457,0.0011017374632355374,2.557259260147686e-09,0.015513045728899945,0.015410961624664724,0.9932745982434081,1.0064773282234065,0.01696498022332569,0.017100671142206793,0.0
model.dec.16x16_up.norm0,0.0003770339740407472,0.0003744509108932451,0.9997902651305972,0.992940693031264,1.0066870874214808,0.020339578590032794,0.020491290360170937,0.0,509,512,0.994140625,1.0,0.992940693031264,0.020319294392072147,0.8437466631073145,0.9921259842519685,1.1220085470085468,509,0.9930643787868527,0.020102844944997478,0.9916552977651706,0.002293988542834409,0.0022939885427351483,5.5368416407670005e-12,0.000377014538974458,0.0003744777782392048,0.9930682888016069,1.006568204700357,0.02008854114289032,0.020240527906701673,0.0
model.dec.16x16_up.norm1,0.0004341763769584253,0.00043201488576332005,0.9998300939254469,0.9948525685249158,1.0048325232764694,0.018341443990132964,0.018606047551319088,0.0,510,512,0.99609375,1.0,0.9948525685249158,0.018320881874095786,0.9049422849940985,0.9973513646077847,1.0989024390243902,510,0.9947310887418518,0.018336183744508683,0.9952313132914361,0.003364471634840152,0.003364471634964778,6.711323200929698e-12,0.00043413844059464994,0.0004319220910910695,0.9947269501891604,1.0049617545255534,0.01827627125613542,0.01852639906793229,0.0
model.dec.16x16_up.skip,0.005133962027896789,0.005098611111473298,0.9998483913439123,0.992963736427008,1.006780780605573,0.017292579120561525,0.01742248497375044,0.0,65786,65792,0.9999088035019456,1.0,0.9929637364270081,0.017291741418040595,0.8890061641974569,0.9930580807830763,1.1049065351179324,65786,0.9929638527798418,0.01729262680145271,0.9930581016178931,0.00012532362013708737,0.00012532362018491687,3.606303961315976e-11,0.00513396089480569,0.005098610517247073,0.9929638382083542,1.0067806740739846,0.01729267532838977,0.017422601227078973,0.0
model.dec.32x32_aux_conv,0.002174205389544018,0.0021621808629686706,0.9999641662971346,0.9944338259944842,1.005525262456096,0.008418765303192877,0.008663208010809616,0.0,6914,6915,0.9998553868402025,1.0,0.9944338259944842,0.008418765128835345,0.9475475337558555,0.9946817369870996,1.0476983054223639,6914,0.994432053255465,0.008416285553522865,0.9946669469319473,0.00017826734195173594,0.00017826734183491746,6.554026563407908e-16,0.002174208388323991,0.002162179953289344,0.9944320598255296,1.0055270964298906,0.008415940057866122,0.008660169471960737,0.0
model.dec.32x32_aux_norm,0.0006646193912930631,0.0006613585950381543,0.9999772909478923,0.9950711412808283,1.0049076301462945,0.006706192711595428,0.0071726981503382175,0.0,510,512,0.99609375,1.0,0.9950711412808283,0.006706192711595435,0.9689711272843179,0.995159981748553,1.0278294300451734,510,0.9951486428159669,0.006648720722465469,0.995072980542359,0.0014825157833563134,0.0014825157829190109,0.0,0.0006645704700671932,0.0006613605356472621,0.995147719586772,1.0048311243464714,0.00664591997376864,0.00714222373178209,0.0
model.dec.32x32_block0.affine,0.00970177297335039,0.00965170864583173,0.9999067346296123,0.9947468882398732,1.0050933456316167,0.013586831106841474,0.01384470868384739,0.0,131298,131328,0.9997715643274854,1.0000000000000002,0.9947468882398731,0.013585672437604307,0.8931071572625824,0.9949921655293181,1.079103433907048,131298,0.9947459793516307,0.013584076429604856,0.9949703626043613,0.00042470073173807115,0.00042470073247741436,1.399520616243871e-10,0.009701772622010801,0.009651698864608505,0.9947459809727226,1.005094393293271,0.013582072409576689,0.013839917478112236,0.0
model.dec.32x32_block0.conv0,0.022585339263018606,0.022427419683601204,0.9998633350127841,0.9928721627527045,1.0069037346471457,0.01641653447605344,0.016538760965719088,0.0,1179091,1179904,0.9993109608917335,1.0,0.9928721627527045,0.016410562634652872,0.8898305084745762,0.9929478138222849,1.095617529880478,1179091,0.9928717257464464,0.01639011993157791,0.9928782173652044,0.0009627035423073084,0.0009627035424696409,4.722608417949921e-09,0.02258533316778726,0.02242739378765033,0.9928717136883624,1.0069050610156203,0.016390528674516246,0.016512574584046938,0.0
model.dec.32x32_block0.conv1,0.015124040974927479,0.015003512715470289,0.9998453674423439,0.9918772839080595,1.0078774612692716,0.017445112849555324,0.01759230860548544,0.0,589430,590080,0.9988984544468547,0.9999999999999999,0.9918772839080596,0.017436257471661106,0.8829787234042553,0.9921135646687698,1.1,589430,0.9918789425465663,0.01738882431224635,0.9919545819022904,0.0014962519338261664,0.0014962519332862333,3.3367547084853936e-09,0.015124026207234801,0.015003506864437901,0.9918788794773076,1.0078779004137413,0.017387381768748135,0.01753412449407275,0.0
model.dec.32x32_block0.norm0,0.0007631141604911468,0.0007599022556801047,0.9998785423657216,0.9956701095165456,1.0041047631417186,0.01551966849715935,0.015921914777363752,0.0,1024,1024,1.0,1.0,0.9956701095165456,0.01551966849715935,0.8828571428571429,0.9954214498549978,1.0829899027673893,1024,0.9957156879319717,0.01550223619366967,0.9955941872210868,0.00126320448281852,0.0012632044826824042,0.0,0.0007630975950645548,0.0007599198934564854,0.995715050401012,1.004059879524631,0.0155064919850037,0.015917627242262467,0.0
model.dec.32x32_block0.norm1,0.0005672319458134358,0.000564309087758608,0.999900401640721,0.9947480702804518,1.0050794196759776,0.01404063140545715,0.014296988813174217,0.0,512,512,1.0,1.0,0.9947480702804518,0.01404063140545715,0.8888888888888888,0.9955406801207691,1.0840408805031447,512,0.9946937112687115,0.013941542071618476,0.9948545762675051,0.002554538485596132,0.0025545384854738316,0.0,0.0005673004249523938,0.000564345115880098,0.9946928749385342,1.0051379794291755,0.01394175235803042,0.014190477125016799,0.0
model.dec.32x32_block0.skip,0.007343385485166529,0.007285279977594548,0.9998515305215292,0.991940073225037,1.0078260875538259,0.017094932437836156,0.017237078634239792,0.0,131306,131328,0.9998324805068226,1.0,0.991940073225037,0.017093945748312203,0.8847196258429815,0.9918754682735496,1.1001505273906924,131306,0.9919405663826247,0.017093836439517132,0.9918821864475176,0.0003087908567231222,0.0003087908567755239,8.591044645047999e-11,0.007343383829986458,0.007285281843600681,0.9919405885054461,1.0078256404871324,0.0170927570208327,0.01723485333932159,0.0
model.dec.32x32_block1.affine,0.00968229657200082,0.00964411740542132,0.9998668991877838,0.9959242307704776,1.0038251758549632,0.01625080977216903,0.016693963283789852,0.0,131294,131328,0.9997411062378168,1.0,0.9959242307704776,0.01624975408910767,0.8803324584426947,0.9968454258675079,1.0905731684231272,131294,0.9959236053147736,0.016244955885322772,0.9967817410994071,0.0003349881141773479,0.00033498810915815743,1.5190398446541776e-10,0.009682295892466166,0.009644110219941016,0.9959236386801468,1.0038259339918174,0.016245892882523174,0.016689099886546224,0.0
model.dec.32x32_block1.conv0,0.02182532608622715,0.021682041712360704,0.9998458651308905,0.9932818262623652,1.0064532820268077,0.017441673228302274,0.017580814963931952,0.0,1179052,1179904,0.9992779073551746,1.0,0.9932818262623654,0.017435520533939163,0.8823529411764706,0.9933949432130972,1.1009174311926606,1179052,0.9932830698934024,0.017415954700112438,0.9933201466143295,0.0009673353581320926,0.0009673353579956796,4.8274336416930644e-09,0.02182528903910108,0.02168202240867449,0.9932830744735476,1.0064529221100942,0.017416240976573266,0.017555281233461974,0.0
model.dec.32x32_block1.conv1,0.014926274225277075,0.014809509585015451,0.9998582567994597,0.9920366070089116,1.0077415758923438,0.016704750216260767,0.01684037839642213,0.0,589394,590080,0.9988374457700651,0.9999999999999999,0.9920366070089117,0.01669601208716065,0.8888888888888888,0.9923224568138196,1.0952380952380953,589394,0.9920404032192228,0.016637038589792385,0.9921077354756769,0.0015734612339234036,0.0015734612339479148,3.0708996327272765e-09,0.01492621001673935,0.014809483859851176,0.992040310136033,1.0077401686300658,0.01663582777925311,0.01677084439901533,0.0
model.dec.32x32_block1.norm0,0.0006966661550075786,0.0006938477250107278,0.9998379419022032,0.9957930012556807,1.003899313217362,0.017929667120513828,0.0183323529704964,0.0,1024,1024,1.0,1.0,0.9957930012556807,0.017929667120513824,0.8888888888888888,0.997432398581392,1.1144492544492544,1024,0.9957694240565197,0.017828944590589445,0.9967082989859607,0.0013326249679867543,0.0013326249679632232,0.0,0.0006966685443341577,0.0006938334235740369,0.9957710645913727,1.0039254688542354,0.017817613680667817,0.01821745518755489,0.0
model.dec.32x32_block1.norm1,0.0005548554400558809,0.0005525222061118845,0.99987239052704,0.9956678067150698,1.004094729784062,0.015907886680817742,0.016305666979277565,0.0,511,512,0.998046875,1.0,0.9956678067150698,0.015894823802648398,0.8678797468354431,1.0,1.0833333333333333,511,0.9958056935117966,0.015603460108426837,0.9963361119866592,0.0028818203377820872,0.0028818203374718957,6.040190880836727e-12,0.0005548333443761226,0.0005525747685217919,0.9958078671178648,1.0039649680087166,0.015550106375650418,0.01597893204264468,0.0
model.dec.32x32_block1.skip,0.007184187137028493,0.007130308356845578,0.9998758753991119,0.9923771714437039,1.0074312418439735,0.01563727696932582,0.015755534665393804,0.0,131305,131328,0.9998248659844055,1.0,0.9923771714437041,0.015635798871797207,0.8924498010596409,0.9922530664945126,1.0900296373669935,131305,0.9923778291522285,0.015635837235886896,0.9922407062334159,0.0003280279426791913,0.00032802794259961544,1.1267223685951436e-10,0.007184184577658888,0.007130310187143741,0.9923778220976149,1.007430667371908,0.015634596605041247,0.015752820605928943,0.0
model.dec.32x32_block2.affine,0.008768494262932532,0.008708252083740814,0.9998348435340249,0.992965679000164,1.0067515277580332,0.018048903638633332,0.01818431947797599,0.0,131307,131328,0.9998400950292398,1.0000000000000002,0.9929656790001637,0.01804791622758151,0.8806293375967442,0.9915714553287133,1.114840826064266,131307,0.9929648270249111,0.01804853624968507,0.9915634914152582,0.0003257158634511529,0.00032571586346563116,1.2942105174230327e-10,0.008768498759831453,0.008708248475386838,0.9929647834159996,1.0067524866753874,0.018047505926953117,0.018182915034007065,0.0
model.dec.32x32_block2.conv0,0.020938764516675486,0.02076643100800403,0.9998538245217607,0.9916246705236257,1.0081512694544985,0.016956928892098076,0.017114957725539708,0.0,1179032,1179904,0.9992609568236059,0.9999999999999999,0.9916246705236258,0.016951108766389385,0.8826086956521739,0.9913941480206541,1.0975609756097562,1179032,0.9916245555209476,0.01693186600800697,0.9913187824357291,0.0009658837900810268,0.0009658837902726747,4.086251394138399e-09,0.020938774722563714,0.02076642959818604,0.9916245449273955,1.0081522614286842,0.016932044254246256,0.017089922333599048,0.0
model.dec.32x32_block2.conv1,0.014348192887299114,0.014239209245973147,0.9998698121748035,0.9922751656685401,1.0075225863633377,0.016013074128714302,0.016136296147306016,0.0,589288,590080,0.9986578091106291,1.0,0.9922751656685402,0.016003851740233686,0.8953280158882697,0.9928057553956835,1.0904522613065326,589288,0.9922738399620942,0.015935608137677266,0.9925372908776999,0.0016466118713256105,0.0016466118723515726,2.870816343591591e-09,0.014348206492658916,0.014239184161326225,0.992273709222806,1.0075265680938579,0.015936473488709777,0.01605918750124482,0.0
model.dec.32x32_block2.norm0,0.0006329940587260539,0.000630602811409244,0.99987269974501,0.9960955032967074,1.0036642193309655,0.015895422707092183,0.016378427930398412,0.0,1023,1024,0.9990234375,1.0,0.9960955032967074,0.015895422707092176,0.8858646616541354,0.9946666666666667,1.1098605399606651,1023,0.9960340020856443,0.015811792539919652,0.9944375339852938,0.0014822146063291973,0.00148221460635421,0.0,0.0006330293550910383,0.0006305992987165681,0.9960357150556233,1.0037270860227754,0.015812758212813447,0.01628452500945215,0.0
model.dec.32x32_block2.norm1,0.0004258665225415078,0.00042393597540799457,0.9998107208963205,0.9952783577752112,1.0043637237864966,0.019367454869299517,0.019685278763963844,0.0,512,512,1.0,1.0,0.9952783577752112,0.019367454869299524,0.8571428571428571,0.9939015320541424,1.1111111111111112,512,0.9952344411904924,0.019153733455441243,0.9928663930548589,0.0031779184580141336,0.003177918458171877,0.0,0.0004258597638048797,0.00042390697937795866,0.9952308003544925,1.0044212488889197,0.019122235557677912,0.01943415759895585,0.0
model.dec.32x32_block2.skip,0.0070534989948121615,0.007000507615976496,0.9999015049109117,0.9923894659237286,1.0074704073893779,0.013929531696065258,0.014035290464341212,0.0,131299,131328,0.9997791788499025,1.0,0.9923894659237287,0.013928369501408959,0.906293202764977,0.9920520231213873,1.0793477738359627,131299,0.9923896826334563,0.013925808588016725,0.9920456360958722,0.0003794810250605545,0.000379481025050059,7.607193091881924e-11,0.00705349829337141,0.007000508169596847,0.992389703813181,1.0074702891692051,0.013925207640134355,0.014030926996864805,0.0
model.dec.32x32_block3.affine,0.009243052659174656,0.009187742144584274,0.9999207240056586,0.9939371889297827,1.0059402801625477,0.012516145703696458,0.012672037825962325,0.0,131308,131328,0.9998477095516569,1.0000000000000002,0.9939371889297824,0.012515747178293513,0.9294466901572197,0.9934086629001884,1.0627624598754746,131308,0.9939367486567706,0.012514185319849441,0.9934060924621337,0.00024570607094053426,0.0002457060710109882,4.0250243333856985e-11,0.00924304840527785,0.009187733581827036,0.9939367505817506,1.0059407856258908,0.012513714159850958,0.012669615132124076,0.0
model.dec.32x32_block3.conv0,0.022031789936999096,0.021897954226612535,0.999915115301835,0.993840967437982,1.0060263870853903,0.01295013355262014,0.013098085294902407,0.0,1179147,1179904,0.9993584223801258,1.0,0.993840967437982,0.012946583615753246,0.9144385026737968,0.9936305732484076,1.0727272727272728,1179147,0.9938401843986264,0.012921035711225373,0.9935408992384133,0.0008909412077019713,0.0008909412077739787,2.107428562488107e-09,0.02203178819951977,0.021897926788535842,0.9938401780195457,1.0060279504117686,0.012921116276239143,0.013068953488414088,0.0
model.dec.32x32_block3.conv1,0.015222310703730604,0.015125687137166978,0.9999093710308341,0.993562449623842,1.0062968368559064,0.013377446069883869,0.013505487237459977,0.0,589205,590080,0.9985171502169198,0.9999999999999999,0.9935624496238421,0.01336833464360297,0.9094685681850433,0.9939393939393939,1.0757575757575757,589205,0.9935639073835111,0.013269417316610731,0.9935311350883403,0.0017311882365033727,0.0017311882369497327,2.6668019493231733e-09,0.015222303180646074,0.015125679802118411,0.9935639015754005,1.0062982887511387,0.013269859322182942,0.013397483569138238,0.0
model.dec.32x32_block3.norm0,0.0005554731536097867,0.0005507077071538769,0.9999052576390238,0.9913269943416966,1.008557751338245,0.013646927774072263,0.013814845065922907,0.0,1024,1024,1.0,1.0,0.9913269943416966,0.013646927774072263,0.9257848837209303,0.9900648250563544,1.0878434782608695,1024,0.9913514712731939,0.013535140313227091,0.98975413997615,0.001404058964006463,0.0014040589640697198,0.0,0.0005554656843531489,0.0005507134246974555,0.991352033507914,1.0085351600760988,0.013543952459019078,0.013709093723771748,0.0
model.dec.32x32_block3.norm1,0.00042719307288853974,0.00042424815935445444,0.999895991065558,0.9930030720936841,1.0068367571521974,0.01432302643308876,0.014432364416460614,0.0,509,512,0.994140625,1.0,0.9930030720936841,0.014322346826909724,0.9010211162882918,0.9947368421052631,1.0588235294117647,509,0.9933200370246306,0.013791114152579725,0.992262519784373,0.004907534210956475,0.004907534210915129,1.6778308002324244e-13,0.0004270555368648048,0.00042423890724908436,0.9933100710839771,1.0065435304525026,0.01369941294854697,0.013815132907659579,0.0
model.dec.32x32_block3.skip,0.00747183810640805,0.007421485203088815,0.99992931565234,0.9931907670596009,1.0067135835959256,0.011809522090797647,0.01190780185782921,0.0,131284,131328,0.9996649610136452,1.0,0.9931907670596007,0.011807250624545936,0.920256841764005,0.9927646628261761,1.0650916546232922,131284,0.993190624571574,0.01180233195522292,0.992721873214449,0.00045652510910620177,0.00045652510924000305,1.4143917025162434e-10,0.007471843442616509,0.007421488610545675,0.9931905843994737,1.0067139119571005,0.011803576271262781,0.011901838597111561,0.0
model.dec.32x32_block4.affine,0.00929905735436996,0.009235335741363912,0.9999146254095184,0.9930627295268146,1.006813797738907,0.012977283940420827,0.013078720157946372,0.0,131303,131328,0.9998096369395711,1.0,0.9930627295268146,0.012976710199323142,0.9023304902742836,0.9907865168539326,1.0805071627223592,131303,0.99306271965146,0.012976252913948123,0.990724950095629,0.00030233081364507554,0.00030233081184151704,6.081153546858027e-11,0.009299054184186268,0.009235332072984445,0.9930627017672357,1.006813882955674,0.012975129160893521,0.013076571824810321,0.0
model.dec.32x32_block4.conv0,0.01672770946545153,0.016600705451932228,0.9999030487052408,0.9923113517919229,1.0075528260405147,0.013818832252891568,0.01392566741212124,0.0,884109,884992,0.9990022508678045,0.9999999999999997,0.9923113517919232,0.013814761006589743,0.9109947643979057,0.9913978494623656,1.0714285714285714,884109,0.9923133089924732,0.013789142066588576,0.9911465437419571,0.0009324627582357485,0.0009324627578310557,1.486707889475568e-09,0.016727680092703978,0.016600702103636886,0.9923133039696722,1.00755167624542,0.013789388863218377,0.01389595859336677,0.0
model.dec.32x32_block4.conv1,0.017131318891902714,0.01704632298398217,0.9999306043401317,0.9949695146476388,1.0049164308819196,0.011722318890295772,0.012032161766498557,0.0,589033,590080,0.9982256643167028,0.9999999999999998,0.9949695146476392,0.011715931363497134,0.9195402298850575,0.9950013154433044,1.0666666666666667,589033,0.9949724827410286,0.011643439937936538,0.9944337585860196,0.0013750884688297357,0.0013750884632511959,2.0750447895369802e-09,0.017131274871075585,0.017046313582356643,0.9949724378715428,1.0049153273220324,0.011644394876589609,0.011955805534304703,0.0
model.dec.32x32_block4.norm0,0.00040823995564991165,0.0004060098436701094,0.9998972265843528,0.9944350400621471,1.0053894155505607,0.01425821927140232,0.01447194577120007,0.0,767,768,0.9986979166666666,1.0,0.9944350400621471,0.014255228801441167,0.9173423423423424,0.9927007299270073,1.0880905233380478,767,0.9945212105451163,0.014122442611699289,0.9923259798560938,0.0017287177993025337,0.001728717799245894,6.711323200929697e-13,0.00040823626894791307,0.00040604020531369853,0.9945203288774064,1.00530712313598,0.014123237029598591,0.014347929030683299,0.0
model.dec.32x32_block4.norm1,0.00041469981187615857,0.00041326076851659605,0.9999208347176056,0.9964510249996348,1.003402726895403,0.012539035319633676,0.013190779248079232,0.0,504,512,0.984375,1.0,0.9964510249996348,0.012539035319633676,0.9375,1.0,1.088289676425269,504,0.995994207767625,0.010313566316018158,0.9958112620196123,0.006374027587157027,0.006374027587430355,0.0,0.0004148109465345179,0.00041317398821305476,0.996000104197411,1.0039078644912434,0.010335100775959912,0.010935935488205605,0.0
model.dec.32x32_block4.skip,0.007285237916196545,0.0072468301897053765,0.9999427376452947,0.9946710460936807,1.005242368817675,0.010645050538765652,0.010909774279599325,0.0,98484,98560,0.9992288961038961,1.0,0.9946710460936807,0.010641613674442283,0.9230769230769231,0.9937106918238994,1.0607436092128575,98484,0.9946747806311382,0.010601793197070244,0.9934472063010844,0.0009692272093407837,0.000969227207435741,1.8337723927622296e-10,0.007285221048046289,0.007246836953138326,0.9946747425108926,1.005239573084993,0.010601542946147137,0.010867487237571213,0.0
model.dec.32x32_up.affine,0.00869745621101529,0.00866290149721869,0.999871426450941,0.9958989694317665,1.003859728867343,0.015971583599816173,0.016413168884088947,0.0,131290,131328,0.9997106481481481,1.0,0.9958989694317665,0.01597001847585561,0.893900528831378,0.9961706616541848,1.0797779203576452,131290,0.9958983104718391,0.015969297092284663,0.9961420627734738,0.0003741424758703328,0.0003741424772477837,1.7859853465817816e-10,0.00869745285079116,0.008662892095647669,0.9958983078730004,1.0038604652618057,0.015969421206307302,0.01641101321303623,0.0
model.dec.32x32_up.conv0,0.015266652793032364,0.015160740954102648,0.9998418983691785,0.9929055321904974,1.0068267214999107,0.017658044416940532,0.017789746819727004,0.0,589609,590080,0.9992018031453362,1.0,0.9929055321904973,0.017651512287891368,0.8813559322033898,0.9932088285229203,1.103448275862069,589609,0.9929045445932498,0.01762962722985155,0.9931422478356221,0.0010727717363139594,0.0010727717363850121,2.538765763393718e-09,0.015266656142947492,0.015160720956987953,0.9929045212179793,1.0068287942278749,0.017628948110402335,0.01776044118429135,0.0
model.dec.32x32_up.conv1,0.014821383456041452,0.014716654012890162,0.9998360691485176,0.9927711230808943,1.006951292124663,0.017978269329973044,0.0181111048382093,0.0,589515,590080,0.9990425027114967,1.0000000000000002,0.9927711230808942,0.017969804449903235,0.8817204301075269,0.993103448275862,1.1046511627906976,589515,0.9927734990423068,0.017931357846700254,0.9929695252246238,0.0013406383150777054,0.0013406383148891505,3.1569076317668863e-09,0.014821380815819945,0.014716675133612975,0.9927735737115584,1.0069505287412162,0.017931354790349362,0.018063869978725673,0.0
model.dec.32x32_up.norm0,0.0005291521645123784,0.0005273134519390185,0.9998537713490336,0.9963794518163999,1.0033402056399483,0.01704133566579437,0.01756716571337861,0.0,512,512,1.0,1.0,0.9963794518163999,0.017041335665794372,0.8621261160714286,0.9959754726291692,1.1075581395348837,512,0.9963642689788271,0.017018322313700675,0.9954562465061896,0.0007956316848563381,0.0007956316848536044,0.0,0.0005291579423562727,0.0005273106829029272,0.9963637155324195,1.0033568079137882,0.0170191045963225,0.017542039191107656,0.0
model.dec.32x32_up.norm1,0.0005378650235664507,0.000535479991905405,0.9998661185877861,0.9954324554099384,1.0043195293327016,0.01629035498243415,0.016643325414727135,0.0,512,512,1.0,1.0,0.9954324554099384,0.01629035498243415,0.8844059405940594,0.996142116876999,1.0909090909090908,512,0.9955823510258095,0.016128723962773414,0.9949915420772004,0.002723641621791863,0.0027236416215771645,0.0,0.0005378957066561685,0.0005355906072804278,0.995584058993181,1.0041721807896256,0.01612271707530945,0.01650333798731158,0.0
model.dec.32x32_up.skip,0.004768952926923365,0.004732345014892231,0.9998289590120848,0.9921539722511422,1.007563317023285,0.018352696751515303,0.01849560795961929,0.0,65788,65792,0.9999392023346303,1.0,0.9921539722511422,0.018352460297916384,0.8752427669528092,0.9922215722032448,1.1058468304610984,65788,0.9921542474515782,0.01835472674225009,0.9922216031287189,0.0002039781785610294,0.00020397817854088618,9.321955831799152e-12,0.004768952437911948,0.004732345765857664,0.9921542378208806,1.007563060309288,0.018352356048561596,0.018495252007750835,0.0
model.dec.8x8_block0.affine,0.007157693594039399,0.007100281663856546,0.9998372657258775,0.9918175612582439,1.0079218164538115,0.017895313790585184,0.018048155725073886,0.0,131270,131328,0.9995583576998051,1.0,0.9918175612582439,0.017893151357270206,0.8540987026596932,0.9929162532991584,1.098360655737705,131270,0.9918182902175011,0.01788259492626023,0.9928637699964258,0.0006447354538580535,0.0006447354425044634,1.8724919431922026e-10,0.0071576852607312495,0.00710027709057435,0.9918182936128119,1.0079215121651557,0.017883321929877235,0.01803603830679147,0.0
model.dec.8x8_block0.conv0,0.021257874151288485,0.02104936812519828,0.9998165128373392,0.9900098987597769,1.0097202670341943,0.018967808193931446,0.01929590574221144,0.0,1179175,1179904,0.999382153124322,1.0,0.9900098987597769,0.018963563075478862,0.8803418803418803,0.991936440175501,1.1,1179175,0.9900103130571526,0.018952807552448925,0.9918968719486344,0.0008268912532649639,0.0008268912602061398,3.436497038852619e-09,0.02125787460163178,0.021049370821917233,0.9900102902548497,1.0097204503863701,0.018952895909548188,0.019280912600610704,0.0
model.dec.8x8_block0.conv1,0.014514760125294223,0.014397081153079907,0.999813077331498,0.9917070546117863,1.0079853571218105,0.019177424335495758,0.019343642415973045,0.0,589818,590080,0.9995559924078091,1.0000000000000002,0.9917070546117863,0.019173645108633834,0.8766396840581843,0.9926863572433192,1.1089508295569104,589818,0.9917071479817677,0.019167067019176448,0.9926389717583228,0.0007111417102868508,0.0007111417140063737,1.4420759107200785e-09,0.014514755605903968,0.014397074781379695,0.9917071242876132,1.007985692444404,0.019167087370254732,0.019333222725875124,0.0
model.dec.8x8_block0.norm0,0.0006394338605783995,0.0006337299408734795,0.9998313705909823,0.9909126094682096,1.0088304054929007,0.018200023268705963,0.0184203685838435,0.0,1021,1024,0.9970703125,1.0,0.9909126094682096,0.018184679810856138,0.8651685393258427,0.993421052631579,1.1333333333333333,1021,0.9909751497373748,0.01794462019231333,0.9925564750192686,0.0020441658215075028,0.002044165793437061,1.0780062891493326e-11,0.0006394190742711714,0.0006337541599734956,0.9909773281877892,1.0087725299529267,0.017985678526131872,0.01819916941781367,0.0
model.dec.8x8_block0.norm1,0.00042793725421390576,0.00042433793946906504,0.9998124857527098,0.9914032159669884,1.0082930845569276,0.019201870685991284,0.019386115389306024,0.0,511,512,0.998046875,1.0,0.9914032159669884,0.01912898975018371,0.8953907496012758,0.9942196531791907,1.11010101010101,511,0.9912060196044408,0.01869770475484338,0.9924886375687192,0.0032606772846918847,0.00326067728415476,2.416076352334691e-11,0.0004279650827696938,0.0004242779833458168,0.991206627080295,1.0085092335503014,0.018783120653217616,0.01897963933000955,0.0
model.dec.8x8_block0.skip,0.007114953290844747,0.0070587259494397005,0.9998319985365831,0.9919306261970422,1.0077963104438712,0.01818475928613826,0.018334370023146557,0.0,131315,131328,0.999901011208577,0.9999999999999999,0.9919306261970424,0.0181843138782619,0.8770914804469274,0.9920459914947236,1.1068397471569424,131315,0.9919304114429869,0.018184217216539674,0.9920492831007973,0.0001677644246779346,0.0001677644246656791,3.8727742963177326e-11,0.0071149544503151365,0.007058725570923894,0.9919304273030362,1.0077965449183113,0.018183885594696386,0.01833348701887091,0.0
model.dec.8x8_block1.affine,0.006568851999376275,0.006540474051586759,0.9998704279742038,0.9955509105297512,1.0042086870327271,0.016027888171258733,0.016403308612513632,0.0,131257,131328,0.999459368908382,1.0,0.9955509105297512,0.016025196865652992,0.8983050847457628,0.9949238578680203,1.1113996178350205,131257,0.9955534578712008,0.016015182305858182,0.9948261734164082,0.0006222949073446672,0.000622294907565518,1.7579226433439098e-10,0.006568844808597609,0.0065404825693774074,0.9955534907365122,1.0042064755048847,0.016015880060530983,0.016391961276410127,0.0
model.dec.8x8_block1.conv0,0.021110078878461856,0.020968231346594642,0.9998574207339548,0.993138956621775,1.0066213344377808,0.016772571344012572,0.016902636507435783,0.0,1179134,1179904,0.9993474045346062,0.9999999999999999,0.9931389566217751,0.016768874861743555,0.8959390862944162,0.9945504087193461,1.088235294117647,1179134,0.9931387189970466,0.01675246799228046,0.994469659524173,0.0008673303131617409,0.0008673303116465841,2.609384498435786e-09,0.021110073365579768,0.020968213336604077,0.9931387239950589,1.0066223021075493,0.01675116969349978,0.01688110178605852,0.0
model.dec.8x8_block1.conv1,0.015082468911731952,0.014972531750182065,0.9998498827573153,0.992561907643319,1.007191370484332,0.017200330495858483,0.017327587982696048,0.0,589725,590080,0.999398386659436,1.0000000000000002,0.9925619076433189,0.01719533232729447,0.8902963331092076,0.9937238493723849,1.0928932935715043,589725,0.9925637595938197,0.017178051320500282,0.9936548609442807,0.0009253285344411088,0.0009253285338507919,1.8469171484378005e-09,0.015082456529844811,0.014972541442383223,0.9925637799087249,1.0071903126702957,0.017176396409236468,0.0173034707471231,0.0
model.dec.8x8_block1.norm0,0.0005810471649415603,0.0005780299544436982,0.9998367876185281,0.9946449232850111,1.0050557525329928,0.01797267767826289,0.018213261694422663,0.0,1023,1024,0.9990234375,1.0,0.9946449232850111,0.01797238492739534,0.9001408450704226,0.9951219512195122,1.1,1023,0.994573879282996,0.01797340139920638,0.9942982593957145,0.001984264506669479,0.0019842645068364317,1.6778308002324244e-13,0.0005810628709587047,0.0005780026825369063,0.9945712947412799,1.0051305278910752,0.017961192674310098,0.018193902487343178,0.0
model.dec.8x8_block1.norm1,0.000409025811429611,0.0004064240761970114,0.9998321953737018,0.993472453331264,1.006232649484915,0.018202349766240727,0.01835402652008226,0.0,509,512,0.994140625,1.0,0.993472453331264,0.018099395596633698,0.8970219435736677,0.9965156794425087,1.1,509,0.9934549735895681,0.018003602342135907,0.9947508420448185,0.0032865327608575232,0.0032865327609673633,2.952982208409067e-11,0.00040901136932395535,0.00040639983307803824,0.9934517939719494,1.006260713230143,0.01800854865126004,0.018158110643070605,0.0
model.dec.8x8_block1.skip,0.007108808929649801,0.007046806927764348,0.9998266267994909,0.9911062837696772,1.0086236965979698,0.018457916953883206,0.018661394864039196,0.0,131320,131328,0.9999390838206628,1.0,0.9911062837696771,0.018457580238024046,0.8762222652218783,0.9917650217427849,1.1044391473200983,131320,0.9911064792646396,0.018457874220750268,0.9917594338051055,0.00017507346030985993,0.0001750734602893173,2.96656542846173e-11,0.007108803292854654,0.007046802659706077,0.9911064873047241,1.0086235259836924,0.01845695698369851,0.018660379444959723,0.0
model.dec.8x8_block2.affine,0.006532004604749078,0.006487804385624666,0.9998507538616938,0.993085047912824,1.0066625533219733,0.017159380679002707,0.01729078430646002,0.0,131250,131328,0.999406067251462,0.9999999999999999,0.9930850479128243,0.01715596395066508,0.8962331572060689,0.9943429692926722,1.0952380952380953,131250,0.9930828243968629,0.017148371856024146,0.9942456964761432,0.0006175776407197696,0.0006175776408014072,2.362543063364775e-10,0.006532012430551273,0.006487796518709652,0.993082828918982,1.0066651573933232,0.01714920984375588,0.017280509784253724,0.0
model.dec.8x8_block2.conv0,0.02116316299968694,0.02100206947264121,0.9998458163245393,0.9922350121618525,1.0075149981289064,0.01742605048408476,0.017560261542530205,0.0,1178961,1179904,0.9992007824365372,0.9999999999999999,0.9922350121618526,0.017420460594912052,0.8932038834951457,0.9941860465116279,1.0887573964497042,1178961,0.9922349298884969,0.017398831882516477,0.9940878895223574,0.0010000370889765172,0.0010000370889978315,4.120136530724538e-09,0.02116315223324712,0.021002047853972156,0.9922349802620022,1.0075160148122735,0.01739842185183838,0.017532434852841054,0.0
model.dec.8x8_block2.conv1,0.01487984388895986,0.014772702560528182,0.9998506244339083,0.9926512663670823,1.0071021969675167,0.017159322626986,0.01728590057140746,0.0,589570,590080,0.9991357104121475,0.9999999999999999,0.9926512663670826,0.01715259905738753,0.8938053097345132,0.9942528735632183,1.0884849614715377,589570,0.9926519077252882,0.017124635424883298,0.9941102601282943,0.0011354651243336115,0.0011354651238812605,2.4122907465916668e-09,0.014879834376111402,0.01477269279227433,0.9926518361706949,1.007102819229202,0.0171250663622197,0.017251398962534165,0.0
model.dec.8x8_block2.norm0,0.0005660512181240727,0.0005616721123687512,0.9998202012937795,0.9920853563582235,1.0076153513490447,0.018815505413493437,0.0189636968956393,0.0,1022,1024,0.998046875,1.0,0.9920853563582235,0.01881550541349344,0.875,0.9940277361885178,1.0930017226528854,1022,0.9921193959865634,0.018633924622698216,0.9930113845975848,0.002372250305474335,0.002372250305431748,0.0,0.000566038114507226,0.0005616766764344814,0.9921200265665541,1.007587537183602,0.01862307199106252,0.018768856029254172,0.0
model.dec.8x8_block2.norm1,0.00042248143272581454,0.0004192707724327427,0.9998417811538104,0.9922434536121877,1.0074982945985191,0.01765281161636414,0.01778841046348835,0.0,511,512,0.998046875,1.0,0.9922434536121877,0.017643789009070442,0.8956442831215972,1.0,1.0883116883116881,511,0.9923143439559765,0.017267078323709186,0.9943258282207876,0.0036643807174020727,0.003664380717454672,2.684529280371879e-12,0.00042245809828839014,0.00041927402577661736,0.9923128020886413,1.0074417779119027,0.01726504593858358,0.017396284021105875,0.0
model.dec.8x8_block2.skip,0.007283337203827679,0.007226752249750798,0.9998409349169088,0.9920730735913718,1.0076696180419475,0.01769692882282408,0.017837884420301365,0.0,131319,131328,0.9999314692982456,1.0000000000000002,0.9920730735913716,0.01769649348136949,0.8834342705291821,0.9925273808951107,1.0985425282537018,131319,0.9920732122577829,0.01769842182524469,0.9925277804090865,0.0002016043263144654,0.00020160432633583406,3.8601250250503557e-11,0.007283334863521442,0.0072267509336878515,0.9920732024279547,1.0076694683415648,0.017697451136409425,0.017838397336459536,0.0
model.dec.8x8_block3.affine,0.006373181430760592,0.006329061124259463,0.9998393544050564,0.9929176592913217,1.0068093011162922,0.017799793902598542,0.017932689928050322,0.0,131251,131328,0.9994136817738791,1.0000000000000002,0.9929176592913215,0.017795812945820437,0.8666666666666667,0.9940740740740741,1.09939704333297,131251,0.9929200888163734,0.017788721528939982,0.9940469760549635,0.0006435151855038802,0.0006435151851589352,2.7182186154144364e-10,0.006373164798127785,0.006329059021124893,0.9929200739710358,1.0068071635817166,0.017791279981718405,0.01792416322668048,0.0
model.dec.8x8_block3.conv0,0.021039141418578277,0.020889566069623226,0.9998523700130659,0.9927440349259612,1.0070116028401044,0.017060339329134377,0.017186291434384094,0.0,1178869,1179904,0.9991228099913213,1.0,0.9927440349259612,0.017054734573699645,0.8939393939393939,0.9941690962099126,1.0909090909090908,1178869,0.9927463306575638,0.017028815070448237,0.994071610590685,0.0010772675008549409,0.0010772675008387256,3.997117943681364e-09,0.021039121533888285,0.020889582813876442,0.9927463171397312,1.0070103999791304,0.017028439561516322,0.017154176617578766,0.0
model.dec.8x8_block3.conv1,0.015082241445900573,0.01498066226880968,0.9998582877241072,0.9931242235308749,1.006638013496711,0.01672123966746144,0.01685054388426982,0.0,589501,590080,0.9990187771149674,1.0,0.9931242235308747,0.016713872800453427,0.8914285714285715,0.9939975990396158,1.0909090909090908,589501,0.9931232783583078,0.01668259633954241,0.9938556648213408,0.0012180015572881584,0.0012180015570876308,2.646094502396086e-09,0.01508225257415066,0.014980648512214924,0.993123245366249,1.0066403562674135,0.01668157510241635,0.01681059733483297,0.0
model.dec.8x8_block3.norm0,0.0005800863231683241,0.0005756894796757782,0.9998266524417799,0.9922483298113616,1.0074628547099513,0.018477818942199888,0.0186191463099092,0.0,1019,1024,0.9951171875,1.0,0.9922483298113616,0.018435488411578518,0.8822128851540616,0.9940828402366864,1.0803333333333331,1019,0.9922639693757987,0.01820437382665025,0.9929777483917194,0.0025004152257549605,0.002500415225730374,2.483189584343988e-11,0.0005800741156087505,0.0005756837061148697,0.9922632736680638,1.0074558319895932,0.018261223257714718,0.018400662259210443,0.0
model.dec.8x8_block3.norm1,0.00041872823149779,0.0004159554677680901,0.999844720404893,0.9932238790869957,1.006509696323941,0.01750531489566008,0.017642974106673707,0.0,510,512,0.99609375,1.0,0.9932238790869957,0.017505314895660082,0.9312676056338028,1.0,1.0706810631229235,510,0.9934839334262132,0.017151319782298828,0.9938727071366404,0.003749988473101448,0.003749988473046555,0.0,0.0004186896820772459,0.0004160198706910562,0.9934752104703946,1.0062673989671238,0.01716077159716779,0.0173059847721258,0.0
model.dec.8x8_block3.skip,0.0071386124751226495,0.007094219736417183,0.9998674366621794,0.9936495821406554,1.0061241999857051,0.01618091771604813,0.01632957619723886,0.0,131315,131328,0.999901011208577,1.0,0.9936495821406554,0.016180046863997547,0.8924731182795699,0.9937426252368863,1.0953780544818068,131315,0.9936488044371984,0.016179787631877347,0.9937413842137439,0.00019495788323306215,0.00019495788323934177,6.782368848877039e-11,0.0071386138639826045,0.007094215467683928,0.9936488145560622,1.0061250250698988,0.016179453402697542,0.016328097092749544,0.0
model.dec.8x8_block4.affine,0.006507597610392332,0.006467895774691766,0.9998427879963309,0.993742903450299,1.0059801154175225,0.017623132295345213,0.017785451302661664,0.0,131280,131328,0.9996345029239766,1.0,0.993742903450299,0.017622163200517117,0.8823529411764706,0.9947275922671354,1.1048964636399865,131280,0.9937456865030501,0.01761312337083364,0.9946591599885588,0.0006415130246970905,0.0006415130231522685,6.831196346774428e-11,0.00650758641459812,0.006467901688350206,0.9937457069428224,1.0059776524610524,0.017612729912556333,0.017775202564771546,0.0
model.dec.8x8_block4.conv0,0.021287544705492017,0.02114249400659046,0.9998553427646446,0.9930424520214933,1.0067149741886035,0.016892736772062523,0.017021272347966545,0.0,1178961,1179904,0.9992007824365372,0.9999999999999999,0.9930424520214933,0.0168869255008355,0.8909090909090909,0.9939867708959711,1.0923076923076922,1178961,0.9930443867908756,0.016861637849825445,0.9938780083442165,0.0010794238192931237,0.001079423819109191,4.2011244731179055e-09,0.02128752058204629,0.021142499160513983,0.9930443471010594,1.006714122885351,0.01686171238847833,0.016990087830484092,0.0
model.dec.8x8_block4.conv1,0.015524798856478166,0.015424260006786523,0.9998607752417943,0.9933856606123601,1.0063780961473272,0.016578165573116425,0.016715615442532434,0.0,589534,590080,0.999074701735358,1.0,0.9933856606123601,0.016571099583925632,0.8917410860857575,0.9939759036144579,1.0933333333333333,589534,0.9933857856239536,0.01653527802439378,0.9938466979129084,0.0012051589318269687,0.0012051589319002356,2.6661635871358974e-09,0.015524800606974146,0.015424252778075364,0.993385784575782,1.006379391976443,0.016536065817463627,0.016673280057808933,0.0
model.dec.8x8_block4.norm0,0.0006178020956996564,0.000613915249983085,0.9998596943004836,0.9935691679377283,1.0061900475048897,0.016645485429037602,0.016792230997368846,0.0,1021,1024,0.9970703125,1.0,0.9935691679377283,0.016603772973279963,0.9032258064516129,0.9957805907172996,1.0869565217391304,1021,0.9936169181565078,0.016547312227209933,0.995113828073192,0.0023451684346637983,0.002345168434679904,2.4999678923463123e-11,0.0006177520873190124,0.0006138940596869815,0.9936171784585882,1.0061452295484763,0.01653387776809398,0.016682671068877553,0.0
model.dec.8x8_block4.norm1,0.0004097347720057716,0.0004074033978871905,0.9998231665387731,0.994134213555321,1.0055446746698167,0.018698201964934238,0.01889309338777325,0.0,510,512,0.99609375,1.0,0.994134213555321,0.01868008501230226,0.88412343470483,0.9935040283460581,1.0813596491228068,510,0.994089413803117,0.018138388398832778,0.9927258973384542,0.0038018834053845834,0.0038018834054372435,5.369058560743758e-12,0.000409754469702808,0.00040740027697028566,0.9940893918379181,1.0056114250299604,0.018125729954967126,0.018314684287184746,0.0
model.dec.8x8_block4.skip,0.007117834257661212,0.007066571519604666,0.9998490200799479,0.9926480939896438,1.0071021835511242,0.017251191176832433,0.01737845193333379,0.0,131313,131328,0.9998857821637427,1.0,0.9926480939896438,0.01725036444072564,0.8846153846153846,0.9927438860521365,1.0995073177800319,131313,0.9926479775566017,0.017250506568845667,0.9927406866384094,0.00018116264230633145,0.00018116264230497457,6.824789785808697e-11,0.007117835358555422,0.007066571759224813,0.9926479825265758,1.0071023136964006,0.017250705331567192,0.017377970832328865,0.0
model.dec.8x8_in0.affine,0.006407835360452062,0.006342188986069114,0.9997572807578707,0.9895150636825432,1.0101055123997957,0.021805627126573534,0.022196428587342276,0.0,131216,131328,0.9991471734892787,1.0,0.9895150636825434,0.02179746599126125,0.8627450980392157,0.9912684706196779,1.1452513966480447,131216,0.9895165013105587,0.02178316031500815,0.9912141661978243,0.0009791079581417332,0.0009791079567104599,6.900467594436392e-10,0.0064078339362628025,0.006342194021817386,0.9895165359526578,1.010104962234911,0.021784462479021025,0.02217505263991265,0.0
model.dec.8x8_in0.conv0,0.01436466651006019,0.014210011867100074,0.99978125032516,0.9890172822094387,1.0106623680718132,0.020690159893535964,0.02116659205815299,0.0,589677,590080,0.9993170417570499,1.0,0.9890172822094387,0.02068425130246703,0.86328125,0.99017513882956,1.115702479338843,589677,0.9890171405180181,0.020674026708845796,0.9901435942671727,0.0008682541941152757,0.0008682541952408567,2.3822910008029797e-09,0.014364672754203578,0.014210011409136393,0.9890171407584868,1.0106631673139355,0.02067483203539692,0.02115133265610987,0.0
model.dec.8x8_in0.conv1,0.014194644191088804,0.014061841330233566,0.9997910780955381,0.9904371898514084,1.009233306343638,0.02024892555276147,0.020522862587791884,0.0,589729,590080,0.9994051654013015,1.0,0.9904371898514084,0.020243313470855624,0.8630523873006469,0.9905798618379736,1.1153846153846154,589729,0.9904376107420086,0.02023133995261084,0.9905389463823965,0.0008692198720496964,0.0008692198721763176,2.1623837475209543e-09,0.014194637210328528,0.014061835608254879,0.9904376353199666,1.0092335889526574,0.020231242010974843,0.020505060829635217,0.0
model.dec.8x8_in0.norm0,0.0003907395025232688,0.00038707220481211917,0.9997572610969339,0.9903740083373599,1.009229415051015,0.021825439644343785,0.022108646146152985,0.0,511,512,0.998046875,1.0,0.9903740083373599,0.021806240311600805,0.8736702127659575,0.9918233851185609,1.1578246392896783,511,0.9903240185253186,0.021803019636451294,0.9917227196047061,0.0012932249178879414,0.0012932249178402029,6.040190880836727e-12,0.00039074449722314,0.0003870575450088629,0.9903240891925399,1.0092807943695177,0.021813039320143685,0.022101519366410003,0.0
model.dec.8x8_in0.norm1,0.00041383801625794955,0.00040975271653878815,0.9997723532845062,0.9899028643694214,1.009740242572952,0.021125764404708116,0.02146449328349053,0.0,512,512,1.0,1.0,0.9899028643694214,0.021125764404708116,0.8643120393120394,0.990290346907994,1.1243452380952381,512,0.9898793996160701,0.020852690888353852,0.9906065268492334,0.002023280488549566,0.0020232804886907855,0.0,0.00041387003052648606,0.0004097749066125518,0.9898829086732358,1.0097667453200139,0.020983624050066995,0.02132512099047249,0.0
model.dec.8x8_in0.norm2,0.0003733019665643607,0.0003701652800409912,0.9997440942719684,0.9913436996633308,1.0082156716899637,0.022431722227232543,0.02263714424792397,0.0,511,512,0.998046875,1.0,0.9913436996633308,0.022419563496814097,0.8294960474308299,0.9895939952234732,1.1257229419611567,511,0.991346307811633,0.022426780453685066,0.9894999309120027,0.00019830910916317527,0.00019830910914661032,3.5889849461221704e-12,0.00037330224268530593,0.00037016651196994035,0.9913461424193872,1.0082129367422648,0.02243722499209075,0.02264251272669744,0.0
model.dec.8x8_in0.proj,0.004632815377543633,0.004574571768964587,0.9997622700123509,0.987193290335554,1.0124912783802482,0.021529632713977044,0.022381293105324142,0.0,65767,65792,0.9996200145914397,1.0,0.9871932903355538,0.021526279439012763,0.8607102006208143,0.9885476314419573,1.1176470588235294,65767,0.9871909229332466,0.021525697108089957,0.9885673730435514,0.0005278262738597575,0.0005278262757707318,1.463456783876556e-10,0.004632823628528742,0.004574568515879706,0.9871908997423169,1.0124938730034325,0.021526387596062083,0.02237860312991327,0.0
model.dec.8x8_in0.qkv,0.006675723056191178,0.006601892768663393,0.9997048341222021,0.9886485792828544,1.0108847332712008,0.024026260290308715,0.024541587747123884,0.0,197253,197376,0.9993768239299611,1.0,0.9886485792828544,0.02402097191197428,0.8333333333333334,0.9888888888888889,1.1458333333333333,197253,0.9886481855254223,0.024017502753734966,0.9888575353562562,0.0007586939957891483,0.0007586940012626804,5.347803852598627e-10,0.00667572073419215,0.006601886566091052,0.9886481914936224,1.0108855330155497,0.02401813095165365,0.02453350260212981,0.0
model.dec.8x8_in1.affine,0.00696905560601116,0.006907682361328666,0.9998101776901837,0.9910053125634798,1.0086932721148705,0.01931196400459676,0.019527290139157022,0.0,131249,131328,0.9993984527290448,1.0,0.9910053125634798,0.01930620902045624,0.8646616541353384,0.9906277244986922,1.1198719936375972,131249,0.9910054213523931,0.01929882703014452,0.9906358284824858,0.0007299746550938728,0.0007299746531331353,5.097669428806164e-10,0.006969050838014114,0.006907676476178866,0.991005372193826,1.008693671337023,0.01930036375333717,0.019515608000049527,0.0
model.dec.8x8_in1.conv0,0.014811643732407127,0.014663080890597924,0.9998024272946501,0.9897742702224105,1.0099321872649354,0.019677911000423834,0.020037797565655848,0.0,589682,590080,0.9993255151843817,0.9999999999999999,0.9897742702224105,0.019672065652978188,0.8682170542635659,0.9902912621359223,1.1099281196089699,589682,0.9897730817705723,0.0196613344293901,0.9902415041949459,0.0008742058621841452,0.0008742058619075726,2.3831384774002945e-09,0.014811654667319332,0.014663069164955602,0.9897730870119678,1.009934086379747,0.019660822183801496,0.02002087592691584,0.0
model.dec.8x8_in1.conv1,0.015083854824019088,0.014941830269909636,0.9998043912891103,0.9903905660749219,1.0093076964601952,0.019592024232289618,0.019870660661928042,0.0,589762,590080,0.9994610900216919,1.0,0.9903905660749218,0.019587112996693162,0.8704458041958042,0.990879736870216,1.1095200350782515,589762,0.990390926058762,0.01957981210976208,0.9908530973603134,0.0007743673850180725,0.0007743673855272661,2.0675607466042247e-09,0.015083843519161609,0.014941820461182484,0.9903909129488834,1.0093078622151221,0.01957914346419725,0.01985768192422828,0.0
model.dec.8x8_in1.norm0,0.0004907769264394394,0.00048503473186272035,0.9998265541211752,0.9881283704710464,1.0116632293932448,0.018406315406910123,0.01910025921038535,0.0,511,512,0.998046875,1.0,0.9881283704710464,0.018386671721665367,0.8784090909090909,0.989247311827957,1.1076254826254828,511,0.988244966192794,0.018293156957908705,0.9894504514819104,0.0015484584528188783,0.001548458452644551,8.22137092113888e-12,0.0004907406898861886,0.0004850564811982418,0.9882473395722919,1.0115449081558006,0.018317362266086518,0.01898463137564315,0.0
model.dec.8x8_in1.norm1,0.0004151058523488526,0.00041169662286152025,0.9998107580499713,0.9915993963001699,1.0080901174831494,0.019293970299753948,0.019466654291519784,0.0,512,512,1.0,1.0,0.9915993963001699,0.01929397029975395,0.8843181818181818,0.9944636077887088,1.1947619047619047,512,0.991565046488718,0.01932714767908282,0.9931901721472527,0.0020245938990591625,0.0020245938990024713,0.0,0.0004151121809011814,0.0004116877300989213,0.9915620353828624,1.0081264234190581,0.01933561760644765,0.01951065724937099,0.0
model.enc.16x16_block0.affine,0.006283413466666119,0.006234000124706913,0.9998379061848297,0.9919750888445121,1.0077630475665698,0.017862892650987807,0.018008590009040745,0.0,131252,131328,0.9994212962962963,1.0,0.9919750888445121,0.017858206024445763,0.9,0.9920844327176781,1.1383279807306301,131252,0.9919740782038551,0.017845976711513518,0.9920947101156654,0.0007744177853616059,0.0007744177850617806,3.1215075319406155e-10,0.006283417489479503,0.006233996226251051,0.9919741211725731,1.0077646153061648,0.017846883218851344,0.017992502274946705,0.0
model.enc.16x16_block0.conv0,0.014366583810679377,0.01427196721557515,0.9998659182365777,0.9932809214140219,1.0064945705670751,0.01626730557514333,0.016398509949260863,0.0,589571,590080,0.9991374050976138,1.0,0.9932809214140219,0.016260193613422878,0.8931034482758621,0.9935691318327974,1.0912953274400143,589571,0.9932823371056435,0.016232337216718577,0.9934755112437506,0.0011074875996919169,0.0011074875997225866,2.254940366052057e-09,0.014366551121934997,0.014271947076120053,0.9932823640047366,1.006494292695048,0.01623161021277623,0.016362657814223323,0.0
model.enc.16x16_block0.conv1,0.014481954879844479,0.01438429103664352,0.9998662481537207,0.9931233200551445,1.0066549581591602,0.01624469791766763,0.016370637884285687,0.0,589660,590080,0.9992882321041214,1.0,0.9931233200551445,0.016239142452106718,0.891566265060241,0.9932432432432432,1.094528267752147,589660,0.9931219306966292,0.016219498547183478,0.9931715492320436,0.0009512736107101397,0.0009512736107241017,1.7874346057056153e-09,0.014481968047401905,0.014384278428006457,0.9931219789220582,1.0066571941129339,0.016218213714009853,0.01634395412159617,0.0
model.enc.16x16_block0.norm0,0.000385737072217629,0.0003826830186552052,0.9998503051060827,0.9919340413965968,1.0078297456282426,0.01716524667908493,0.01730810799233826,0.0,509,512,0.994140625,1.0,0.9919340413965968,0.01712834549183289,0.8873737373737374,0.9915014164305949,1.1045372050816697,509,0.9920024639118447,0.016959002400849583,0.9907743833852324,0.002274029682813314,0.0022740296827999974,8.892503241231849e-12,0.0003857457421441108,0.0003827184373447509,0.9920066233719652,1.007762246364143,0.016988031614657253,0.017126697741676158,0.0
model.enc.16x16_block0.norm1,0.00039144319602051,0.00038877110382246895,0.9998427921404217,0.9930176074104105,1.0067148875659244,0.017610037666924098,0.017743203609439723,0.0,510,512,0.99609375,1.0,0.9930176074104105,0.017590936230402577,0.8941149068322982,0.9921259842519685,1.1179012791790128,510,0.9930480959242021,0.017578362281635788,0.9928219442258235,0.0018726132764483776,0.0018726132764524442,4.86570932067403e-12,0.00039146113888595207,0.0003888005709965651,0.9930483971851174,1.006685787387489,0.017551689310311473,0.017685082079655245,0.0
model.enc.16x16_block0.norm2,0.0003948049948662143,0.0003926266572546462,0.9998571408150235,0.9943404263753535,1.005404462617526,0.016809342049501286,0.017015863008918337,0.0,512,512,1.0,1.0,0.9943404263753535,0.016809342049501283,0.8782236982564345,0.9946859391821534,1.0978999999999999,512,0.994342793054687,0.016828982844463013,0.994468551641996,0.00022840715377992488,0.00022840715377847275,0.0,0.0003948048138650218,0.00039262730615305413,0.9943422242835772,1.0054020353789908,0.016827191954278876,0.01703399559689616,0.0
model.enc.16x16_block0.proj,0.004817421676766673,0.0047835288421306,0.9998668084582772,0.9928322736654005,1.0069511851842425,0.01620587906343212,0.01632613648889796,0.0,65737,65792,0.9991640321011673,1.0,0.9928322736654005,0.016201395397600907,0.8928571428571429,0.9929328621908127,1.0917489257925908,65737,0.9928252863039113,0.016188531335188546,0.9928904115299356,0.0008673816845206734,0.0008673816846107401,1.5925498065893606e-10,0.004817447369802696,0.004783518796815583,0.9928251588049933,1.0069589391420524,0.01618950585773855,0.016309590041450703,0.0
model.enc.16x16_block0.qkv,0.008380627718120499,0.008329827153201168,0.9998655332661458,0.9938046824991488,1.0059633469421196,0.016299236698184113,0.016458585246396998,0.0,197291,197376,0.9995693498702983,1.0,0.9938046824991488,0.016295470905596493,0.8913043478260869,0.9939236111111112,1.0979842593149942,197291,0.993804994998234,0.016283222044399387,0.9938989775665088,0.0007147876160788314,0.0007147876161847875,4.071407179374936e-10,0.008380625214927821,0.00832982552464795,0.9938050521429461,1.0059635135189644,0.016282944263323884,0.0164422818947662,0.0
model.enc.16x16_block1.affine,0.0069970922120352694,0.006939718613288294,0.9998616934649661,0.9916631930215023,1.0081279743907499,0.016494744600528983,0.016647856937188173,0.0,131232,131328,0.9992690058479532,1.0,0.9916631930215023,0.016489841887152374,0.8909348441926346,0.9910979228486647,1.1267089201877931,131232,0.991665194843194,0.016480655034127906,0.9910221034057514,0.0006505000989195684,0.0006505000992361023,3.739131140663282e-10,0.0069970928249650345,0.006939731741638011,0.9916651936592175,1.0081263705758228,0.01648205366699311,0.016634949490714597,0.0
model.enc.16x16_block1.conv0,0.014653639574482366,0.014553143492077918,0.9998684984054353,0.9930113032015664,1.006773045664525,0.01610562324165332,0.01622786808676344,0.0,589555,590080,0.9991102901301518,0.9999999999999999,0.9930113032015665,0.016100319697110493,0.8933333333333333,0.9934462042599672,1.091372121869104,589555,0.9930102374622906,0.016070720684567986,0.9933429479901581,0.001109079894119244,0.0011090798941117946,1.732132876518228e-09,0.014653634334464104,0.014553114249551585,0.9930102379842207,1.0067752916054855,0.016070104632646527,0.016192092163446477,0.0
model.enc.16x16_block1.conv1,0.014577300975595257,0.014475961545394513,0.999857806623924,0.992906930012769,1.0068573430683456,0.016745940421982942,0.016871014840772122,0.0,589686,590080,0.9993322939262473,1.0000000000000002,0.9929069300127689,0.016740492884457538,0.8888888888888888,0.9930250395930309,1.0952380952380953,589686,0.9929088783545226,0.016726602549134495,0.9929720342083536,0.0009166629273454414,0.000916662927331248,1.8306752875096911e-09,0.014577292870192795,0.014475976387531266,0.9929088507455475,1.0068561064509631,0.016725164645871822,0.01685013024199169,0.0
model.enc.16x16_block1.norm0,0.00041190446206136334,0.0004088831502217548,0.9998632753485681,0.9925292961615441,1.0072514466394664,0.01641444799893653,0.01653619471779637,0.0,512,512,1.0,1.0,0.9925292961615441,0.016414447998936526,0.8819042871385843,0.9927796892920446,1.074784897713598,512,0.9925504160544748,0.01625190468845048,0.9925796573884922,0.0018751203346469808,0.001875120334633475,0.0,0.0004118939175625351,0.0004088817367478273,0.9925538781512296,1.0072317864262743,0.01625656990962423,0.01637695462715421,0.0
model.enc.16x16_block1.norm1,0.0004428248324014995,0.00043915870431566713,0.9998636039770685,0.991585775426527,1.0082105364288663,0.016379120201601063,0.01653661041786093,0.0,510,512,0.99609375,1.0,0.991585775426527,0.016376354646097966,0.8823529411764706,0.9919027012850774,1.125,510,0.9914561230194795,0.01638753041329159,0.9918259652357369,0.0015470537352001133,0.0015470537352205852,8.389154001162122e-13,0.0004428413493656364,0.0004391171606430219,0.9914553469652936,1.0083438896491106,0.016355499606460232,0.016522118376899087,0.0
model.enc.16x16_block1.norm2,0.00042809443866068385,0.00042483898981068695,0.9998639419236011,0.9922604656204003,1.0075256820132736,0.01636994309808005,0.016496057095125742,0.0,512,512,1.0,1.0,0.9922604656204003,0.016369943098080052,0.8538637701715417,0.9938462220622657,1.1432321961234373,512,0.9922581590064409,0.01635845145577484,0.9935891118607124,0.00016937180357231175,0.00016937180357180944,0.0,0.00042809714578417624,0.00042484069510272674,0.992258379793864,1.00752821821269,0.016357415691542542,0.016483490467632585,0.0
model.enc.16x16_block1.proj,0.004843957427796731,0.004811571349948459,0.9998506442311688,0.9931657711117441,1.006580512385584,0.017167078564685752,0.01730065231208154,0.0,65758,65792,0.999483219844358,1.0,0.9931657711117441,0.017162582863859025,0.8846153846153846,0.9934497816593887,1.0974263541336702,65758,0.9931653758737704,0.01714830166946399,0.9934464184210443,0.000808528374690698,0.0008085283746397897,1.710233907561913e-10,0.004843942542242336,0.004811553682749419,0.9931655139684031,1.006581457253717,0.017147527986870668,0.017280981895632257,0.0
model.enc.16x16_block1.qkv,0.008532794987251896,0.00847450087033282,0.9998688640257765,0.9930379870915078,1.0067467289708742,0.016083645801796716,0.016206311409217494,0.0,197272,197376,0.9994730869001297,1.0,0.9930379870915078,0.01607857815400112,0.8925446049277825,0.9930989052286309,1.0945538689374292,197272,0.9930385853189099,0.016065038796675365,0.9930432020059197,0.0007650709441775193,0.0007650709441719085,5.604321898263849e-10,0.008532787061587423,0.00847449586912708,0.9930385969261573,1.00674666525351,0.016066756373954275,0.01618933550540918,0.0
model.enc.16x16_block2.affine,0.006808309673556289,0.00674793481862971,0.9998307650965563,0.9909644472749252,1.0087764112855475,0.018233631320242798,0.018449105448257595,0.0,131232,131328,0.9992690058479532,1.0,0.9909644472749252,0.018227091642607326,0.8963176024536473,0.9910424503892691,1.107813764863994,131232,0.9909625416385007,0.01822393869841441,0.990943421649638,0.0006834096673780328,0.0006834096677330356,5.219731619523073e-10,0.006808310711805974,0.006747921413001009,0.9909625039806182,1.00877874886275,0.01822399725751321,0.018439587200976732,0.0
model.enc.16x16_block2.conv0,0.014430306699938791,0.014333648445363563,0.9998568288516642,0.9931595064792759,1.0065993142886631,0.016807704100946452,0.0169385944558321,0.0,589546,590080,0.9990950379609544,1.0,0.9931595064792755,0.0168005977990579,0.8892646478251782,0.9935344827586207,1.0959176973966072,589546,0.993160678099391,0.01676904766599821,0.9934323482942822,0.0011535864495171493,0.0011535864495315306,2.34870947949739e-09,0.014430320504888475,0.014333669999058881,0.9931607035172145,1.006599426206716,0.01676904012341895,0.016899719652102033,0.0
model.enc.16x16_block2.conv1,0.01445846659439187,0.014361120486226316,0.9998477727167805,0.9931159876553045,1.0066251888331152,0.017330488623963653,0.017463864863829833,0.0,589708,590080,0.9993695770065076,1.0000000000000002,0.9931159876553045,0.017325266743927176,0.8846153846153846,0.9932432432432432,1.1,589708,0.99311476848433,0.017310698896425072,0.99320404189937,0.0008745041697216322,0.0008745041697441694,1.786630262795621e-09,0.014458482654450221,0.014361113206255343,0.9931147161247954,1.0066271568295664,0.017311251446358252,0.017444481871556564,0.0
model.enc.16x16_block2.norm0,0.0004281375680996006,0.00042492553112315396,0.9998386814894463,0.9923375438768772,1.0073965206405493,0.017826622669817552,0.01796138745022185,0.0,510,512,0.99609375,1.0,0.9923375438768772,0.017798332043967698,0.8720108695652173,0.9918751495054976,1.0984790347186904,510,0.9923426395120777,0.01771792591056539,0.9918475867315306,0.0017869472681257379,0.0017869472681247903,8.724720161208607e-12,0.0004281041777142975,0.0004248941820546198,0.9923431466763177,1.0073937166430764,0.01774745604079805,0.01788154350762737,0.0
model.enc.16x16_block2.norm1,0.0004094304052261757,0.00040630283737217435,0.9998166764416448,0.9921792502582962,1.0075128926860542,0.019000892286202862,0.019147640599398316,0.0,510,512,0.99609375,1.0,0.9921792502582962,0.018991409120371904,0.8846415392725355,0.9920124534272444,1.097192777578153,510,0.9921599277138486,0.018933471315706867,0.9922086906462637,0.0017113009181096367,0.001711300918114178,2.8523123603951215e-12,0.0004094420461054333,0.0004063062437113058,0.9921603844313996,1.0075341321207079,0.018946914925701264,0.019093789885324966,0.0
model.enc.16x16_block2.norm2,0.0003829710371922702,0.00038049791871524005,0.9998287472551912,0.9933721364189485,1.0063273240596369,0.018386604254270463,0.018535381593831245,0.0,512,512,1.0,1.0,0.9933721364189485,0.018386604254270467,0.849399273671534,0.9941434340791628,1.10168956874946,512,0.9933797810223599,0.01838204986719794,0.9941392320921141,0.0001586700130112845,0.00015867001301142088,0.0,0.0003829708331191288,0.000380500631255942,0.9933798798935957,1.0063197480288406,0.018379587342774846,0.018528643205463435,0.0
model.enc.16x16_block2.proj,0.004906409495110037,0.004873725990279621,0.9998492337527115,0.9931888485374919,1.0065542839188921,0.01724836790461372,0.01738318021562879,0.0,65768,65792,0.9996352140077821,1.0,0.9931888485374919,0.01724548084009293,0.8846153846153846,0.9931843328036448,1.1044489092996552,65768,0.9931901413309104,0.017243861071957536,0.9931762446383645,0.0007008099673147138,0.0007008099673162052,1.132175318695899e-10,0.004906412704679319,0.004873734499074735,0.9931900847250003,1.0065533390503565,0.01723963601093839,0.017374449136423636,0.0
model.enc.16x16_block2.qkv,0.008450817751109006,0.00839208811672321,0.9998517351651192,0.9929031855009703,1.006848912271641,0.017099730986767463,0.017227332368611535,0.0,197257,197376,0.9993970898184177,1.0,0.9929031855009703,0.017094532889606145,0.8846153846153846,0.9929078014184397,1.1,197257,0.9929075453776448,0.0170793982145252,0.9928567021517383,0.0008431145893899702,0.0008431145893011703,5.994915665336706e-10,0.008450801232518342,0.008392105678618983,0.9929075507851142,1.0068451887326726,0.017079659778094912,0.01720718917886083,0.0
model.enc.16x16_block3.affine,0.0065982089827368185,0.006538412664255505,0.9997556414364887,0.9906953484243644,1.0088987943405021,0.021905264798087232,0.022157085484340488,0.0,131243,131328,0.9993527655945419,1.0,0.9906953484243644,0.021901519529116162,0.8372931482815879,0.9927095990279465,1.186952458350264,131243,0.9906974204614032,0.02190044119955285,0.9927124254183215,0.0006460337540857322,0.0006460337538230932,3.373373857252459e-10,0.006598201365339919,0.00653841749923816,0.990697370162593,1.008897031642523,0.021898728448483753,0.022150308785257665,0.0
model.enc.16x16_block3.conv0,0.014526095387480337,0.014426495216946842,0.9998477808768284,0.992992187076398,1.0067507055293723,0.01732786367787455,0.01745851993485151,0.0,589591,590080,0.9991712988069414,0.9999999999999999,0.9929921870763981,0.017320312980017037,0.8849920127795528,0.9933035714285714,1.1,589591,0.9929934307309877,0.017292328875354198,0.993193559245274,0.001149159782444445,0.0011491597824100101,2.607073139042868e-09,0.01452610032152475,0.014426509311827493,0.992993432646315,1.0067506850606653,0.017292728157967976,0.017423172423625136,0.0
model.enc.16x16_block3.conv1,0.014700218612956943,0.014595749879959657,0.9998420019290821,0.9927365139163437,1.0069983473034583,0.01764925403018562,0.017779518920290158,0.0,589738,590080,0.9994204175704989,1.0,0.9927365139163435,0.017643879883016817,0.8823529411764706,0.9928338762214983,1.1025641025641026,589738,0.9927361855616045,0.01763420425559491,0.9927924122682781,0.0008084568422025141,0.0008084568421998506,1.935687833524551e-09,0.01470021971093821,0.014595741766527257,0.9927361419852214,1.0069992399913186,0.01763494691720636,0.017765116090542106,0.0
model.enc.16x16_block3.norm0,0.00037861893713961596,0.00037614482183090874,0.9997752883270629,0.9932421778471583,1.0063513707361653,0.021059893504237627,0.02122281121648694,0.0,512,512,1.0,1.0,0.9932421778471583,0.021059893504237627,0.8668318194329755,0.9937400811144419,1.0962881131241713,512,0.993404023714437,0.02100984773144749,0.993730984851911,0.002116537646768327,0.00211653764676906,0.0,0.0003785704314138747,0.00037615797090846486,0.9934055199551872,1.0061886420434507,0.02099939112989461,0.02116696671933836,0.0
model.enc.16x16_block3.norm1,0.00041559053508488127,0.00041183185560082097,0.9997896194159931,0.9907473328054286,1.0089144325642938,0.02032587599128714,0.02056801020451978,0.0,510,512,0.99609375,1.0,0.9907473328054286,0.020274071578428175,0.8384651162790698,0.9896550494060572,1.1139534883720927,510,0.9906502794536137,0.020335191769159433,0.9891864300848766,0.0015484077342611553,0.0015484077342765622,1.715581993237654e-11,0.0004156173358581032,0.0004118163641141339,0.9906449212784029,1.0090161694357023,0.020385043436855745,0.020637292856204494,0.0
model.enc.16x16_block3.norm2,0.0004375554512671075,0.00043387444554194416,0.9998135531951997,0.9914024606062497,1.0082960057830916,0.019147108534659917,0.019331121577975684,0.0,512,512,1.0,1.0,0.9914024606062497,0.01914710853465992,0.8832267497173202,0.991346361218279,1.1420655650319829,512,0.991399013167452,0.019144218081849046,0.9913104800259489,0.00014077937785157094,0.0001407793778500886,0.0,0.00043755515753373465,0.00043387260769387354,0.99139898932675,1.008299663700524,0.01914379511762954,0.01932799937945163,0.0
model.enc.16x16_block3.proj,0.004984526726579296,0.004947235571958519,0.9998417473188068,0.9923615480459742,1.0073783306597963,0.017656800704991416,0.017789893964118668,0.0,65771,65792,0.9996808122568094,1.0000000000000002,0.9923615480459741,0.017654105686552544,0.8837523570081709,0.9925373134328358,1.1023622047244095,65771,0.9923575423904926,0.01765082623440228,0.9925307039145076,0.0005911806265207645,0.0005911806265808376,1.116622613660932e-10,0.004984534141893802,0.004947221832210571,0.9923574530290415,1.0073827664671007,0.017649005734166837,0.017782117146584144,0.0
model.enc.16x16_block3.qkv,0.008670122085283094,0.008612414669467059,0.9998509352627025,0.9931960331623971,1.006550428481464,0.017150863535169338,0.017285216623553173,0.0,197270,197376,0.9994629539559015,1.0,0.9931960331623971,0.017146543856903666,0.8863636363636364,0.9932348629199701,1.1008403361344539,197270,0.9931946438556404,0.017136948266245938,0.993204657850318,0.0007127377333621824,0.00071273773342241,5.259580101028592e-10,0.008670124967110662,0.008612403841763063,0.9931946895680226,1.0065522668617448,0.017137210802468047,0.017271453327940275,0.0
model.enc.16x16_down.affine,0.006769624007222096,0.006705683377677058,0.9998286449722903,0.9903850373319711,1.0093623001415024,0.0183367900936426,0.018615973121134926,0.0,131276,131328,0.999604044834308,1.0000000000000002,0.990385037331971,0.01833495620519376,0.8959958358636245,0.9910291746598093,1.0972222222222223,131276,0.9903879411167816,0.018328510483772004,0.990997639952256,0.0005813016204270593,0.0005813016200870631,1.455531327254755e-10,0.006769622266516808,0.006705700467143294,0.9903879620379783,1.009359617081436,0.01832895199916432,0.018607717839010662,0.0
model.enc.16x16_down.conv0,0.014298672446980158,0.014187383621238513,0.9998417899989089,0.9920598634495038,1.0076847596194547,0.017649051933374228,0.01779014402729832,0.0,589611,590080,0.9992051925162689,1.0,0.9920598634495036,0.01764244601832736,0.8829076868348502,0.9924242424242424,1.0989221840086625,589611,0.992059729284624,0.017618972184354802,0.9923377998127368,0.0011185117670297615,0.0011185117670736433,2.251036132428235e-09,0.01429866329594141,0.014187364463051744,0.9920596957616237,1.00768602096215,0.01761882586977507,0.017759710673175194,0.0
model.enc.16x16_down.conv1,0.014559487099924691,0.01445426350380845,0.9998614672925883,0.9926353185632739,1.0071402206637903,0.016524411787377336,0.016646342268408835,0.0,589682,590080,0.9993255151843817,1.0,0.992635318563274,0.016518826533939164,0.8902439024390244,0.9927536231884058,1.0952380952380953,589682,0.9926349452871133,0.016498903161775064,0.9926908492141286,0.0009296549410353232,0.0009296549410132115,1.8475899602272003e-09,0.014559484831385389,0.014454250365192633,0.992634987179639,1.0071414015284317,0.016499376716384805,0.016621130803920428,0.0
model.enc.16x16_down.norm0,0.00037494952264703266,0.00036910726954800694,0.9997103169287342,0.9841333916509735,1.0155337947604144,0.023693264102121216,0.02537290824334564,0.0,510,512,0.99609375,1.0,0.9841333916509735,0.023686330377151957,0.8483163265306123,0.9849996249906248,1.130388888888888,510,0.983907840159553,0.02366036089775725,0.984350001917607,0.0020987731816602025,0.0020987731817020423,2.1811800403021517e-12,0.00037498355086681956,0.0003690536305613984,0.9839013475608105,1.0157738444138549,0.023676698289237505,0.025437348755793936,0.0
model.enc.16x16_down.norm1,0.0004324498145094713,0.0004283522941522359,0.9998270882911738,0.9903535916898734,1.0093912062004677,0.018419329069740698,0.01870242152776753,0.0,511,512,0.998046875,1.0,0.9903535916898734,0.018417266211964527,0.8333333333333334,0.9893617021276596,1.120033363663937,511,0.9902642758508814,0.018425092907198213,0.9898372695278599,0.0017483879288716967,0.00174838792894368,6.711323200929697e-13,0.00043246554068104,0.0004283277859517363,0.9902602882185315,1.009485029398935,0.018451404125835326,0.018746404220993416,0.0
model.enc.16x16_down.skip,0.004744172915382184,0.004710943393401991,0.9998579602718132,0.9928546737853116,1.0069106457518502,0.016736007730730997,0.01686037402556216,0.0,65775,65792,0.999741609922179,1.0,0.9928546737853116,0.01673245147638465,0.8855684730373465,0.9928505422887992,1.0980842259006816,65775,0.9928535042626535,0.01672919369188437,0.9928479393211173,0.00035293402421247627,0.0003529340242123663,1.2651368555877553e-10,0.004744170597093675,0.0047109352624255954,0.9928535004003096,1.0069119474913713,0.016732718482673704,0.01685706252953742,0.0
model.enc.32x32_block0.affine,0.006741318142516805,0.006664892211988054,0.9997514435523737,0.9884173197570492,1.011215535084645,0.02204189012015547,0.02261560732572798,0.0,131288,131328,0.9996954191033138,0.9999999999999999,0.9884173197570495,0.022040162605662116,0.8705198947638007,0.9904710402337273,1.1111111111111112,131288,0.9884190012349278,0.0220379354008606,0.9904636522152822,0.0005535856147974847,0.000553585614624821,1.634410374249847e-10,0.0067413165471185,0.006664900908381939,0.9884189710703245,1.0112141069784528,0.022036196891552468,0.022609573615506622,0.0
model.enc.32x32_block0.conv0,0.009584321509868375,0.009497188093102552,0.9997729196585702,0.9906837389179097,1.008945490489621,0.02111610321957764,0.021366559168292422,0.0,294944,295168,0.9992411101474414,1.0,0.9906837389179098,0.021108954029288116,0.8636363636363636,0.9917184265010351,1.1111111111111112,294944,0.9906856989070388,0.021090127475390238,0.9916543206684925,0.0010291133675776182,0.0010291133673892621,1.3095974055859454e-09,0.009584318418835858,0.00949719931936622,0.9906857511077825,1.0089445037103895,0.02109164772999812,0.02134180402399283,0.0
model.enc.32x32_block0.conv1,0.013935952209441835,0.013789710732716828,0.9997870854715214,0.9892954923896444,1.0103899431110985,0.020417992311674953,0.020849023798756593,0.0,589695,590080,0.9993475460954447,1.0000000000000002,0.9892954923896442,0.02041309286839627,0.8709677419354839,0.9907749077490775,1.1076923076923078,589695,0.9892956579951051,0.0203979691498093,0.990731703541888,0.0009422281729618134,0.0009422281729667729,1.8348429930013623e-09,0.013935948455887108,0.013789703299338613,0.9892956500621759,1.0103906491691306,0.020397408749847506,0.020828467310688104,0.0
model.enc.32x32_block0.norm0,0.00020988030695373193,0.00020617793421295685,0.9993463855205724,0.9817175147129882,1.0172918210031197,0.03551201753185987,0.037439276802518996,0.0,255,256,0.99609375,1.0,0.9817175147129882,0.035471113683052634,0.8238451935081148,0.981029810298103,1.2222222222222223,255,0.9817059626727248,0.03531874799201446,0.9810825105914353,0.0021431158013295497,0.00214311580132689,6.040190880836727e-12,0.000209885387805803,0.00020617962208215501,0.9817056573038677,1.0173121313402054,0.03540426991548094,0.03733897611320764,0.0
model.enc.32x32_block0.norm1,0.0003823362764977902,0.0003773470742841868,0.9996450641845602,0.9866004443730885,1.0128621571658911,0.02629340620926756,0.02718584528637839,0.0,511,512,0.998046875,1.0,0.9866004443730885,0.026281849669739014,0.7860642351660316,0.9863945578231292,1.1694577352472089,511,0.9865979982365827,0.026148304028367087,0.9863154568389242,0.0012794976386395005,0.0012794976386982535,4.194577000581061e-12,0.0003823257244041505,0.0003773358288075314,0.9866021361736417,1.0128683556578741,0.026147928872749797,0.027042591061785047,0.0
model.enc.32x32_block0.skip,0.003108437355911292,0.003075477602116954,0.9997526676454506,0.9891519708940224,1.0104669715825514,0.022003869337903933,0.022449054926563804,0.0,33006,33024,0.9994549418604651,1.0,0.9891519708940224,0.021997578161226876,0.8534664885866925,0.9898580921618331,1.1156443855075069,33006,0.98915947691149,0.022007879986430837,0.9897921332196244,0.0009326501687946156,0.0009326501688066375,1.2631968637249866e-10,0.0031084319656596235,0.0030754946789864814,0.9891594021414866,1.0104598371258526,0.021993974924878763,0.02243795863551699,0.0
model.enc.32x32_block1.affine,0.006888781621187498,0.006778688867803311,0.9996839752609865,0.9837075708105926,1.0159198526551052,0.024736856354605034,0.0265074195544656,0.0,131287,131328,0.9996878045808967,1.0,0.9837075708105925,0.02473468053830712,0.8652015358865138,0.9875009190500699,1.1038759717630238,131287,0.983707573465995,0.02472902925922833,0.9874978766634029,0.000570839515778708,0.0005708395165377948,2.4124060974591825e-10,0.006888786293245098,0.006778692458704819,0.9837075847612271,1.0159201687470203,0.024730488764390993,0.026501220915194898,0.0
model.enc.32x32_block1.conv0,0.014140264248963388,0.01396772521918236,0.9997672496221666,0.9875681231971212,1.0121170681180056,0.02131096326226909,0.022076801606756655,0.0,589683,590080,0.9993272098698481,1.0000000000000002,0.9875681231971212,0.021305654243351357,0.8645833333333334,0.9894815927873779,1.1091153689359974,589683,0.9875672781962581,0.021285607769094134,0.9894354619978633,0.0010850421134805705,0.0010850421132573686,2.1364673241319345e-09,0.01414027574412414,0.01396771685284569,0.987567287329535,1.0121190695192948,0.02128503638956398,0.022051490985860827,0.0
model.enc.32x32_block1.conv1,0.013918649575992445,0.013773873019445573,0.9997955414026568,0.9893960443146017,1.0103043471344102,0.02001033965593643,0.020427356634499353,0.0,589747,590080,0.9994356697396963,1.0000000000000002,0.9893960443146015,0.020004538079781174,0.8675213675213675,0.99,1.110236220472441,589747,0.9893973305119542,0.019991183329851097,0.9899604934979827,0.0009284843102643355,0.0009284843103252838,2.1239762097180652e-09,0.013918631722472284,0.013773868037369437,0.9893973410004644,1.0103038102392798,0.01999129067340734,0.020408135213298883,0.0
model.enc.32x32_block1.norm0,0.0004086782589025792,0.00040046003811678143,0.999456335707295,0.979358000027136,1.0199671284226763,0.032307177447563694,0.03520331465443807,0.0,512,512,1.0,1.0,0.979358000027136,0.032307177447563694,0.7927027027027027,0.9792981119497155,1.1433714285714285,512,0.9794493850975347,0.03221037519916581,0.9800218028068282,0.0024706188518153612,0.0024706188517727525,0.0,0.0004086387824010361,0.00040045888619891863,0.979453300047371,1.0198751891389852,0.0322037298791074,0.03507023220639553,0.0
model.enc.32x32_block1.norm1,0.00039917737172618127,0.000394778541479336,0.9996940175329165,0.9886776508914462,1.0108331343284636,0.024463447991683963,0.024971294618848238,0.0,512,512,1.0,1.0,0.9886776508914462,0.024463447991683967,0.830710274700258,0.9887083067771405,1.0909090909090908,512,0.9887041637405226,0.024496573049278433,0.9884781117003032,0.002028854099351488,0.0020288540993838246,0.0,0.00039917187991996076,0.00039478383785038337,0.9887061490644118,1.0108073345355402,0.024398082934094623,0.024901612771659715,0.0
model.enc.32x32_block2.affine,0.006707474268168565,0.006627787265080375,0.9997335641145373,0.9878564001589437,1.0117535292137032,0.022808250393830783,0.023484388995780637,0.0,131294,131328,0.9997411062378168,1.0000000000000002,0.9878564001589434,0.022805927033062924,0.8352822169330161,0.9875518672199171,1.1348106965261076,131294,0.9878554519701601,0.022803616317354693,0.9874920766818842,0.0006210729304566232,0.0006210729315492846,2.2517619908701322e-10,0.006707471764258668,0.006627777325609127,0.9878554400182487,1.011754825056673,0.02280161673821905,0.02347795564366299,0.0
model.enc.32x32_block2.conv0,0.013719126973356146,0.013588270999572969,0.9997977711611616,0.9902614857119763,1.0094258916877286,0.019918301788107853,0.020212414321236265,0.0,589634,590080,0.9992441702819956,0.9999999999999999,0.9902614857119767,0.01991141683935959,0.8666666666666667,0.9906542056074766,1.111764705882353,589634,0.9902624652180573,0.019891102743053345,0.9906012983700572,0.0011277463328202698,0.001127746332750696,2.437523748860787e-09,0.0137191138825946,0.01358826278952393,0.9902624025841855,1.0094261197116297,0.01988993623155738,0.02018388430195498,0.0
model.enc.32x32_block2.conv1,0.013539642624441996,0.013421698988164166,0.999812693087734,0.99110333879454,1.0085985811279505,0.019185444062954866,0.019391985237260323,0.0,589721,590080,0.9993916079175705,1.0000000000000002,0.9911033387945398,0.019179437667126865,0.8699296512498129,0.9912177985948478,1.1094890510948905,589721,0.9911034402300613,0.019167437825656126,0.9911754965218537,0.0009074083312394973,0.0009074083312587028,1.9950333971015605e-09,0.013539627825470947,0.013421680546742453,0.9911034099727127,1.008599220375875,0.019167366577293673,0.01937379714701568,0.0
model.enc.32x32_block2.norm0,0.0003687797225848522,0.0003649162026419649,0.9994930520405003,0.989021865305315,1.0100751015942837,0.03150414901091825,0.031949580387516587,0.0,512,512,1.0,1.0,0.989021865305315,0.031504149010918255,0.7684257602862254,0.9910035068788778,1.1455255681818182,512,0.9892175261003786,0.031472188184218416,0.9907114294484604,0.002090217185269317,0.0020902171851532136,0.0,0.00036872557282857844,0.00036493099325858136,0.9892100714968773,1.009888784415712,0.03141984299466721,0.031843818910421484,0.0
model.enc.32x32_block2.norm1,0.00039115386591028633,0.0003865179306543503,0.9997149696002073,0.9878663998240373,1.0117056523238017,0.023591288337990745,0.024254675116977497,0.0,511,512,0.998046875,1.0,0.9878663998240373,0.02358931972017109,0.8226557949912638,0.9891696750902527,1.1573787409700724,511,0.9879129367677714,0.023600767401870247,0.9889752878338459,0.002027309866687747,0.002027309866665619,6.711323200929697e-13,0.0003911481653281956,0.0003865289382550483,0.9879094994166888,1.0116626793425592,0.023568477702360053,0.024223421221928283,0.0
model.enc.32x32_block3.affine,0.006378351739315861,0.006298372301441584,0.9997569260350675,0.987220772460731,1.0124522690742361,0.02177096556089449,0.02261021124812092,0.0,131293,131328,0.9997334917153996,1.0,0.987220772460731,0.02176869254771055,0.8709677419354839,0.988988988988989,1.102189781021898,131293,0.9872214572314241,0.021765046042650286,0.9889973065633855,0.0005142328247974723,0.0005142328246048376,1.9014804026821558e-10,0.0063783549972711885,0.0062983790679949,0.9872214580429052,1.012451831043614,0.021765116836513648,0.02260421349582571,0.0
model.enc.32x32_block3.conv0,0.01367900778392884,0.013551862971041172,0.9998040796290482,0.9905110150561839,1.0091843325802774,0.019610015059635857,0.01987496518064949,0.0,589632,590080,0.9992407809110629,1.0,0.9905110150561839,0.019602996962120072,0.8727272727272727,0.9911894273127754,1.105263157894737,589632,0.9905104179877672,0.0195816856315474,0.9911166224646624,0.0011054440464165632,0.001105444046428522,2.431905801141298e-09,0.013679012257561022,0.013551851466034964,0.9905103839931758,1.009186063233564,0.019583011834443807,0.01984795070868993,0.0
model.enc.32x32_block3.conv1,0.013536855585338566,0.01342802062907638,0.9998280837942868,0.9917895666450521,1.0079317536332972,0.01839284640674755,0.018550134455620468,0.0,589725,590080,0.999398386659436,1.0,0.9917895666450521,0.018387438733252666,0.875,0.9919768934531451,1.105477311643835,589725,0.9917891332245394,0.018375514808236005,0.9919307432351264,0.0008609893132288762,0.0008609893132358191,1.7212703967426998e-09,0.01353685747028448,0.013428012470922561,0.9917891543063054,1.0079328400159784,0.018375120165061855,0.01853230288919458,0.0
model.enc.32x32_block3.norm0,0.0004032706940458664,0.00039799209503125094,0.9996068064297551,0.9865224847041033,1.0128646664960679,0.0276728118525654,0.02855838770642992,0.0,512,512,1.0,1.0,0.9865224847041033,0.0276728118525654,0.8405,0.9863013698630136,1.1445714285714286,512,0.9866279628757042,0.027682856358506102,0.9868460824003417,0.0017115135200543338,0.0017115135200881976,0.0,0.000403248135041832,0.0003980115399993609,0.9866257432762757,1.0127583896302672,0.027680437887346747,0.028543388521921644,0.0
model.enc.32x32_block3.norm1,0.00039313262224590305,0.000388597926294797,0.99977569816336,0.9882435114306096,1.0114424583380817,0.020934782519212512,0.021557257903571506,0.0,510,512,0.99609375,1.0,0.9882435114306096,0.020866042888090904,0.874821199339813,0.9889415641260659,1.079550229182582,510,0.9881328623062211,0.020819968257749673,0.988382154894862,0.0018933826658358657,0.0018933826658541425,2.0972885002905305e-11,0.0003931755315481848,0.0003885960939138597,0.9881319658626592,1.011558613193435,0.02088674679294884,0.02153344211774109,0.0
model.enc.32x32_conv,0.0008068663680043621,0.0008010496062913856,0.999773120384372,0.9925656790546531,1.0070328980094292,0.02114686048109684,0.021303129871698884,0.0,3582,3584,0.9994419642857143,1.0,0.9925656790546532,0.02114679596742625,0.8708957708957709,0.9932960810162992,1.1179767482214125,3582,0.9925620811983025,0.021141033458400266,0.9932205250039008,0.0008321049566914275,0.0008321049566901316,8.389154001162122e-14,0.0008068706753959889,0.0008010508165489012,0.992561886489381,1.007036759137793,0.021146472599012634,0.021302768107865085,0.0
model.enc.8x8_block0.affine,0.006645076866113598,0.006600496603864732,0.9998233204659867,0.9931157402939343,1.0065762041509518,0.018670912334175265,0.018813769928553995,0.0,131247,131328,0.9993832236842105,1.0,0.9931157402939343,0.018666408866124504,0.8922432707342087,0.9953703703703703,1.1097560975609757,131247,0.9931129215999259,0.018660816059548314,0.9951883509446836,0.0007881710490189834,0.0007881710494196623,3.506535291954499e-10,0.006645083692896234,0.006600482534068236,0.9931128617924584,1.0065796461309282,0.01865708684887329,0.01879980050446154,0.0
model.enc.8x8_block0.conv0,0.014593455550684633,0.014494832124249558,0.9998561149256112,0.9930990288020712,1.0066591765375532,0.016848540963220762,0.01697808689531365,0.0,589535,590080,0.9990763964208242,1.0,0.9930990288020712,0.016841811191235376,0.8928571428571429,0.9940564635958395,1.091503267973856,589535,0.993098026002754,0.016809872304440567,0.9939438541380594,0.0011302333793796991,0.0011302333793739784,2.2803952842043892e-09,0.014593480276266597,0.014494834093524683,0.9930981307293746,1.0066614038211201,0.01681018177246492,0.016939456058071956,0.0
model.enc.8x8_block0.conv1,0.014841619377038708,0.014737541156237767,0.9998451553828158,0.9928336492792651,1.0069061775537116,0.017473905503803407,0.01760347407552403,0.0,589705,590080,0.9993644929501084,0.9999999999999999,0.9928336492792652,0.01746969659065364,0.8862754792893671,0.993517017828201,1.098006706722075,589705,0.9928332928098841,0.017455300599258164,0.993455781126397,0.0008967116219737995,0.0008967116220034706,1.5299885098790145e-09,0.014841619929574917,0.014737531237681038,0.9928332924347425,1.0069072459459698,0.017454091712376826,0.017583525519216044,0.0
model.enc.8x8_block0.norm0,0.0004209593419972013,0.0004177511436913396,0.9998183975362472,0.9921986220160585,1.0074966905525198,0.018911833837992373,0.019057451275908535,0.0,511,512,0.998046875,1.0,0.9921986220160585,0.018892742426848838,0.8798076923076923,0.9932885906040269,1.106837606837607,511,0.9922327709659352,0.018639394174883608,0.9933453068337345,0.002042448891889237,0.0020424488918362456,6.040190880836727e-12,0.0004209153686941467,0.0004177204744589392,0.9922341719303512,1.0074702279362011,0.018661857514807735,0.018804824064043768,0.0
model.enc.8x8_block0.norm1,0.00042682413482311905,0.0004240396572992014,0.9998202297235784,0.9932976909763793,1.0063855990462383,0.018837008247122266,0.018986181649794334,0.0,508,512,0.9921875,1.0,0.9932976909763793,0.01878309746922781,0.8665099882491187,0.9946807005630535,1.105263157894737,508,0.993292611677461,0.01870115942887261,0.9943428414815461,0.0017541552520038528,0.0017541552520180922,1.7449440322417214e-11,0.0004268554540461816,0.0004240680644558472,0.9932923999574738,1.0063930901807914,0.01878136876389696,0.018930014162477228,0.0
model.enc.8x8_block1.affine,0.00746668788423318,0.007410716255115376,0.9998546318340944,0.9923595425130435,1.0074063300368297,0.016922559783046034,0.017050400160134146,0.0,131270,131328,0.9995583576998051,1.0,0.9923595425130435,0.01692064976312643,0.8796992481203008,0.9933173712525887,1.0973872180451123,131270,0.9923604117397716,0.016912952689481075,0.9932674408984399,0.0006346086555722401,0.0006346086570567846,1.701975834092019e-10,0.007466692697783716,0.007410725647676001,0.9923603478777905,1.0074058928704375,0.01691157950418314,0.017039324660571616,0.0
model.enc.8x8_block1.conv0,0.01508283193651292,0.014980355579982264,0.9998559511185896,0.9930626913808022,1.0066956816162451,0.016857514141501054,0.01698625031353157,0.0,589570,590080,0.9991357104121475,1.0000000000000002,0.9930626913808022,0.016851318782377507,0.8928571428571429,0.9941520467836257,1.0909090909090908,589570,0.9930625572300928,0.016824856686894908,0.9940420163786805,0.0010864693964544227,0.0010864693964702556,2.243695622677218e-09,0.01508283035093045,0.014980343401507177,0.9930625267154094,1.0066969398466994,0.01682576372505307,0.01695429095912083,0.0
model.enc.8x8_block1.conv1,0.01493679718031778,0.014833249312190903,0.9998472355289806,0.9929158935256225,1.0068269638078335,0.017357549146100014,0.01748720024285865,0.0,589711,590080,0.9993746610629067,1.0000000000000002,0.9929158935256222,0.0173524066893213,0.8888888888888888,0.99375,1.095672981452798,589711,0.9929159657924392,0.017336240426596886,0.9937057106371184,0.0008609470343686587,0.0008609470344275913,1.8807351164923316e-09,0.0149367984981663,0.01483324643865045,0.9929159639593188,1.0068276029807917,0.017337489201556117,0.017467011432580875,0.0
model.enc.8x8_block1.norm0,0.0004276650661273252,0.00042455744819141903,0.9997844456358255,0.992519535963795,1.0071025320067826,0.020611172171398316,0.020763805384668335,0.0,511,512,0.998046875,1.0,0.992519535963795,0.02060363133698294,0.8333333333333334,0.9920382165605095,1.088884509262909,511,0.9924296673462721,0.020604647317163844,0.99178797559074,0.0023381849077268664,0.002338184907718185,2.684529280371879e-12,0.000427707876888919,0.00042456045584224187,0.9924291066547977,1.0071981242451735,0.02051828792597409,0.020671150455014397,0.0
model.enc.8x8_block1.norm1,0.0004398626115743687,0.0004365988919025572,0.9998210509287035,0.9924025171721567,1.0072950406541183,0.01877698558859958,0.018917517630973775,0.0,511,512,0.998046875,1.0,0.9924025171721567,0.018769160653817285,0.8379594898724682,0.9927927927927928,1.0980769230769232,511,0.9923453506857102,0.018902960060379528,0.9926780760157558,0.0018030814757664104,0.0018030814757691634,2.684529280371879e-12,0.00043988561588797733,0.00043659567380487796,0.9923406741606969,1.0073524765490776,0.01891434229314334,0.019056884397062015,0.0
model.enc.8x8_block2.affine,0.006718222753474374,0.006684031501689662,0.9998726803462427,0.9947839984401993,1.0049873927107387,0.01587570377689376,0.016132808826164184,0.0,131242,131328,0.9993451510721247,0.9999999999999997,0.9947839984401996,0.015867370875900254,0.8998481619605755,0.9953161592505855,1.088235294117647,131242,0.9947826884062877,0.01585638796913218,0.9952772526365725,0.0007797877701962166,0.0007797877696005833,5.638219323649794e-10,0.006718224561763948,0.006684022810248975,0.9947827140619144,1.0049892497985602,0.015858316975542113,0.016115352596241254,0.0
model.enc.8x8_block2.conv0,0.014987410913695242,0.0148922408776204,0.9998653209424553,0.9935161777040376,1.0062550388798732,0.01630736705382489,0.016449290992917556,0.0,589642,590080,0.9992577277657266,1.0000000000000002,0.9935161777040373,0.016302365949062442,0.8974358974358975,0.9947241729125328,1.0875912408759123,589642,0.9935146937860757,0.01627785709294633,0.994593841829059,0.0010104599121170223,0.0010104599121088095,1.730032966407312e-09,0.014987400048410824,0.014892201124811464,0.9935147303558413,1.0062574861131295,0.01627779381964709,0.016419499328754677,0.0
model.enc.8x8_block2.conv1,0.014856963275623565,0.014758354374730748,0.9998620563882346,0.9932257541644386,1.0065426994952797,0.016499040979296803,0.016629862342928816,0.0,589713,590080,0.9993780504338394,0.9999999999999999,0.9932257541644388,0.016494047215824124,0.8928571428571429,0.9937759336099585,1.094709975089885,589713,0.9932258903846046,0.01647954476550289,0.9937341488771901,0.0008218318051366813,0.0008218318051452744,1.7175088770472958e-09,0.014856968760969792,0.01475835748711364,0.9932259161597868,1.0065431823761202,0.016479809008171784,0.016610530528601307,0.0
model.enc.8x8_block2.norm0,0.00044162976634453603,0.00043903388177646724,0.9998529124806348,0.993975811470595,1.0057647631454285,0.017050088561709923,0.017225474564123655,0.0,509,512,0.994140625,1.0,0.993975811470595,0.017041005097269236,0.8906666666666666,0.9947368421052631,1.1171717171717168,509,0.9939429429920047,0.017030797679371584,0.9945194434737995,0.0017631087701615808,0.0017631087702599804,2.8523123603951215e-12,0.00044163686846904817,0.0004390264001074375,0.9939421866879942,1.005797367108031,0.01709040038231115,0.01726348380100001,0.0
model.enc.8x8_block2.norm1,0.00043668688318253534,0.00043446656364411375,0.9998655175011518,0.9947817354371649,1.0049752799778804,0.016316217764561682,0.016572531444220728,0.0,511,512,0.998046875,1.0,0.9947817354371649,0.01631621776456168,0.8865316618450658,0.9958677685950413,1.1366459627329193,511,0.9948620117637882,0.0161761486945389,0.9951910106203572,0.001906067871319627,0.001906067871347195,0.0,0.00043667730385970927,0.00043449224071378585,0.9948652350677748,1.0048967582545982,0.016140738660995732,0.01640838262148665,0.0
model.enc.8x8_block3.affine,0.005566732982435389,0.005531728039513015,0.9998244841936805,0.9935373496909081,1.0061514038744015,0.018617205288072168,0.018774452289245132,0.0,131260,131328,0.9994822124756335,1.0,0.9935373496909081,0.018613151522701352,0.8627450980392157,0.991579538236554,1.0755817985356253,131260,0.9935319414152961,0.018594327294990897,0.9914606767704102,0.0009736562218123355,0.0009736562226196542,2.2087397220012818e-10,0.005566753020496166,0.005531714905723092,0.9935318417348653,1.0061578472301067,0.018594277082886,0.01875115801929638,0.0
model.enc.8x8_block3.conv0,0.014132025290221874,0.013994043072902782,0.9998017751545123,0.9900399142051947,1.0096598887173118,0.019715659957462835,0.020038166502115824,0.0,589684,590080,0.9993289045553145,1.0,0.9900399142051948,0.019710360728346508,0.872093023255814,0.9910979228486647,1.109375,589684,0.9900408223008661,0.019697904401118967,0.9910609563034929,0.0008546540281466297,0.0008546540260807776,1.97057245916161e-09,0.014132021494770977,0.013994047427647047,0.9900408291795691,1.0096596511099558,0.019698540708774335,0.020020892527996974,0.0
model.enc.8x8_block3.conv1,0.013854883904073216,0.01372441440158324,0.9997988135420203,0.9903838480543234,1.009303281272013,0.019869340732822087,0.020148938008420842,0.0,589784,590080,0.9994983731019523,1.0,0.9903838480543233,0.019865373009400517,0.8678320718028717,0.9908293478206842,1.1136363636363635,589784,0.9903830220238121,0.01985581062558411,0.9907899020437791,0.0007991204876577543,0.000799120487824793,1.4292401773969723e-09,0.013854885243418607,0.013724399871262553,0.9903829988400493,1.0093047481151065,0.01985460484318984,0.02013424047935123,0.0
model.enc.8x8_block3.norm0,0.0004196569475393621,0.000416218869007475,0.999829863350186,0.9916386643032515,1.0080887238793133,0.01829459545650994,0.018459278363723998,0.0,511,512,0.998046875,1.0,0.9916386643032515,0.01829238996831601,0.8902359408254665,0.9896265560165975,1.108097696799308,511,0.9916444024655101,0.018190562086418182,0.9897006004530031,0.0008859761019865619,0.0008859761020526833,6.711323200929697e-13,0.00041965158729449857,0.0004162156584134222,0.9916457192668249,1.0080856954959079,0.018183884977974924,0.01834750782013295,0.0
model.enc.8x8_block3.norm1,0.0003641809237958268,0.00036142818848765393,0.9997769716893777,0.9922199548594396,1.0073915448132489,0.02095924366516365,0.021118881080412665,0.0,511,512,0.998046875,1.0,0.9922199548594396,0.02095668739532628,0.8410415856976292,0.9907407407407407,1.1017241379310345,511,0.9922356575121783,0.020890901426452408,0.9899653095403262,0.001704615149495406,0.0017046151494540874,6.711323200929697e-13,0.00036416561319906765,0.0003614175851474831,0.9922343666746345,1.0073805805371956,0.020873824853989503,0.02103253889118058,0.0
model.enc.8x8_down.affine,0.006667808668932222,0.0066044501970143835,0.9998260443855939,0.9903255542693901,1.0094176755534032,0.018474337585395687,0.018760948500500453,0.0,131272,131328,0.9995735867446394,1.0,0.9903255542693901,0.01847292788596286,0.8761545999375124,0.9919028340080972,1.0763888888888888,131272,0.9903227560140319,0.01846097110372477,0.9918734075812528,0.0008050764970679924,0.0008050764972351338,1.0936114263968069e-10,0.0066678244024861374,0.006604445075056645,0.9903227391356058,1.0094211355167046,0.018458744263415944,0.01874566886225706,0.0
model.enc.8x8_down.conv0,0.01456833444373601,0.01446903894545431,0.9998587077402458,0.9930438265347244,1.0067203568774579,0.016695084628447578,0.016822239377217222,0.0,589591,590080,0.9991712988069414,0.9999999999999999,0.9930438265347246,0.016688579298746113,0.8904109589041096,0.9936708860759493,1.09375,589591,0.9930448402780018,0.016659307679064733,0.993600946961774,0.0011362277721990975,0.0011362277721449925,2.176762626398415e-09,0.014568319743624745,0.014469030335188026,0.9930448393117265,1.0067205501109981,0.016659263665350515,0.016786205442711873,0.0
model.enc.8x8_down.conv1,0.014684641260775755,0.014581956157442824,0.9998497319799667,0.9928580955332522,1.0068906030357587,0.017214103541540966,0.01734200564940745,0.0,589677,590080,0.9993170417570499,0.9999999999999999,0.9928580955332525,0.017208902534845083,0.8863636363636364,0.9933806146572104,1.0970873786407767,589677,0.9928591395593362,0.017191241837202074,0.993335265088403,0.0009404606551234049,0.0009404606551619994,1.8232694013437043e-09,0.014684630765452346,0.014581954988417996,0.9928591316257135,1.0068903759358558,0.01719067709058074,0.01731843311597469,0.0
model.enc.8x8_down.norm0,0.0004377868380933179,0.0004344718329416086,0.9998089558743781,0.9922382124187648,1.0074374638423367,0.019398137088407204,0.019546241425920943,0.0,512,512,1.0,1.0,0.9922382124187648,0.019398137088407204,0.8874603174603174,0.9935300978592312,1.1042042042042042,512,0.9922626795222106,0.019312187096642185,0.9927638204997193,0.0020734783052088123,0.0020734783052029438,0.0,0.0004377626037097143,0.0004344559795896637,0.9922590620802697,1.0074206148130118,0.019289383102355187,0.019436244424025362,0.0
model.enc.8x8_down.norm1,0.00041231881350216977,0.00040864050481796504,0.9998177437846425,0.9908983392628168,1.0088174348241379,0.01892102428715833,0.019144761588792417,0.0,512,512,1.0,1.0,0.9908983392628168,0.018921024287158326,0.8555749128919861,0.990430402930403,1.0967870544090057,512,0.990899344989026,0.018750114011590675,0.9902262783339206,0.0018286860331995617,0.0018286860331852754,0.0,0.0004123169570006784,0.00040863861641395836,0.9909012038764333,1.0088205905321481,0.01876419686499609,0.01898716645893143,0.0
model.enc.8x8_down.skip,0.00495769633465217,0.004921581523815503,0.999850270750542,0.9925667662848171,1.0071872219355247,0.017178167203998986,0.017305229173383563,0.0,65777,65792,0.9997720087548638,0.9999999999999999,0.9925667662848172,0.01717622606144187,0.885596682882914,0.9927177395863676,1.0980392156862746,65777,0.9925668887312895,0.017175696465691555,0.9926940253774754,0.000318752274929142,0.0003187522749334014,7.740829693509812e-11,0.0049576948096387375,0.004921580423267769,0.9925668676848285,1.007187155644676,0.017177126498219765,0.017304185776582732,0.0
model.map_layer0,0.007216145404730466,0.00699946800069471,0.9998339964995342,0.9698122296589994,1.0307851251862734,0.017673206554389878,0.02911324346728782,0.0,66036,66048,0.9998183139534884,1.0,0.9698122296589994,0.017672983161460345,0.8749455645162637,0.9677787282577702,1.089109947379041,66036,0.9698124541940956,0.01767407326231853,0.9677514357047157,0.0002031133077943114,0.00020311369965519992,1.941826990206495e-11,0.007216148625153044,0.0069994725410307025,0.9698124259849171,1.0307849166173595,0.017673207546340712,0.02911269092691377,0.0
model.map_layer1,0.00833599412897853,0.00825947760057328,0.9998075034237762,0.9906302177813159,1.009069808249229,0.019440202351699402,0.01969199924277919,0.0,262631,262656,0.9999048184697856,1.0,0.9906302177813159,0.01943915379701116,0.8703703703703703,0.9909407373233234,1.1305483028720626,262631,0.9906306300674782,0.01943860136874488,0.9909276579944751,0.0003024629955888729,0.00030246298352737546,1.3378668883618927e-10,0.0083359897492843,0.008259476241102771,0.9906306032064827,1.0090694727029796,0.019438782226213983,0.019690491553373435,0.0
