layer,update_reference_l2,update_probe_l2,update_cosine,s_K_star_layer,c_K_star_layer,R_opt_layer,layer_residual_with_global_c_star,support_atol,support_coordinate_count,coordinate_count,support_coordinate_coverage,support_energy_coverage,h_update_weighted_mean,h_update_weighted_std,h_update_p05,h_update_p50,h_update_p95,h_moment_coordinate_count,h_moment_weighted_mean,h_moment_weighted_std,h_moment_p50,h_update_minus_moment_weighted_rmse,h_update_minus_moment_eps_weighted_rmse,off_support_candidate_energy_exact,predicted_reference_l2,predicted_probe_l2,s_K_star_predicted_layer,c_K_star_predicted_layer,R_pred_layer,predicted_layer_residual_with_global_c_star,predicted_off_support_candidate_energy_exact
model.dec.16x16_block0.affine,0.08730998638006447,0.0872447649754452,0.9999846056302306,0.9992376074541806,1.0007321622383,0.005544593863766635,0.005584716420349875,0.0,131328,131328,1.0,1.0,0.9992376074541806,0.005544593863766635,0.9981432196571146,1.0,1.0,131328,0.9999999999156826,4.365305386997123e-08,0.9999999999923825,0.005596763574734161,3.6241478959198787e-05,0.0,0.08731009472014645,0.08724487011404525,0.9992375709810719,1.0007321972984702,0.0055447257009477394,0.00558491867696978,0.0
model.dec.16x16_block0.conv0,0.2639991047057576,0.26398688178668467,0.9999998567281908,0.9999535576419292,1.0000461579581574,0.0005352728885543293,0.0005378791687832624,0.0,1179888,1179904,0.9999864395747451,1.0,0.9999535576419292,0.0005352728885543289,0.9997548418730081,1.0,1.0,1179888,0.999999998988182,4.084003077709428e-08,0.9999999979780647,0.0005372836463464386,5.1695010957420544e-05,0.0,0.264000595677824,0.26398878733998987,0.9999551294749278,1.0000445883658993,0.0005330426405098231,0.0005357557381719141,0.0
model.dec.16x16_block0.conv1,0.1866903603340828,0.18668087214372334,0.9999998419229764,0.9999490187907987,1.0000506676382768,0.0005622471759480563,0.000564331489424873,0.0,590074,590080,0.9999898318872017,1.0,0.9999490187907987,0.0005622471759480549,0.9997548418730081,1.0,1.0,590074,0.9999999989433459,4.07411139229669e-08,0.999999997779252,0.0005645535551264239,5.828855422565552e-05,0.0,0.18669238165595814,0.18668320197891167,0.9999506733677213,1.0000490159055528,0.0005595656542093757,0.000561750572287767,0.0
model.dec.16x16_block0.norm0,0.0077789878770961485,0.00777896490392324,0.9999999957698684,0.9999970425356979,1.0000029490127607,9.19794171742775e-05,0.00013284074372202847,0.0,1024,1024,1.0,1.0,0.9999970425356979,9.197941717427677e-05,1.0,1.0,1.0,1024,0.9999999991118674,3.941590534251282e-08,0.9999999982855348,9.202795495774262e-05,1.1678155903719494e-05,0.0,0.007779267582496394,0.00777924252021994,0.9999967750819765,1.0000032184435086,8.052858095196224e-05,0.00012452716035019922,0.0
model.dec.16x16_block0.norm1,0.005500905458652342,0.005500894949507505,0.9999999995321983,0.9999980890931057,1.0000019099749407,3.058757584342672e-05,0.00010159860543078351,0.0,512,512,1.0,1.0,0.9999980890931057,3.058757584343064e-05,1.0,1.0,1.0,512,0.9999999982455331,3.959532714222996e-08,0.9999999984809258,3.0650592573427216e-05,1.4426903591841692e-05,0.0,0.005500793514640497,0.005500779482114205,0.9999974485075357,1.0000025505147812,3.137173724788098e-05,0.00010066605507300013,0.0
model.dec.16x16_block0.skip,0.08809725239430308,0.08809679998429354,0.999999988878217,0.9999948535307209,1.0000051242520849,0.00014914200370763384,0.00017611838526699415,0.0,131328,131328,1.0,1.0,0.9999948535307209,0.00014914200370763427,0.999984676208281,1.0,1.0,131328,0.9999999988612462,4.053893997818959e-08,0.9999999978977823,0.00014923058366788562,1.037623655931313e-05,0.0,0.0880974469331669,0.08809702187857937,0.9999951641187526,1.0000048137879094,0.00014871584937887458,0.00017560805181779962,0.0
model.dec.16x16_block1.affine,0.08739285592113065,0.08733127616372614,0.9999861385929172,0.9992815168801539,1.000691257154416,0.005261517587837052,0.005298409094439041,0.0,131328,131328,1.0,1.0,0.9992815168801539,0.005261517587837052,0.9982683982683983,1.0,1.0,131328,0.9999999998299247,4.3557280695591166e-08,1.000000000013468,0.005310347132197124,3.267519616138656e-05,0.0,0.08739298365479736,0.08733138550585173,0.999281307392856,1.0006914667897568,0.005261530475605926,0.005298512499234108,0.0
model.dec.16x16_block1.conv0,0.2639950853515052,0.2639821623359441,0.9999998412167789,0.9999508894967426,1.0000487953332038,0.0005635027300101923,0.0005657438813493371,0.0,1179897,1179904,0.999994067313951,1.0,0.9999508894967424,0.0005635027300101925,0.9997548418730081,1.0,1.0,1179897,0.9999999989348652,4.067084767635045e-08,0.9999999978440343,0.0005656385366817612,5.143990784518787e-05,0.0,0.26399660002659636,0.2639840740094219,0.9999523946808302,1.0000472922088828,0.0005615440516832458,0.0005638735409331437,0.0
model.dec.16x16_block1.conv1,0.18668105889688172,0.1866701786708619,0.9999998154996398,0.9999415330789343,1.0000581013173846,0.0006074188629144355,0.0006088156284981423,0.0,590074,590080,0.9999898318872017,0.9999999999999998,0.9999415330789345,0.0006074188629144352,0.9997547817557626,1.0,1.0,590074,0.9999999989265316,4.069587227823195e-08,0.9999999978004275,0.0006102259500782352,6.119168298722715e-05,0.0,0.186683466946519,0.1866727608812949,0.9999424683970841,1.0000571691839177,0.0006047033060275453,0.0006061284204777754,0.0
model.dec.16x16_block1.norm0,0.007779203049958385,0.007779197462108125,0.9999999999342125,0.9999992816279512,1.00000071824099,1.1470602583361442e-05,9.874519129492534e-05,0.0,1024,1024,1.0,1.0,0.9999992816279512,1.1470602583359655e-05,1.0,1.0,1.0,1024,1.0000000007096554,4.038682763759866e-08,1.000000000942301,1.1491065606883118e-05,1.2880616005312e-05,0.0,0.007779360080847963,0.0077793523311558066,0.9999990037919356,1.0000009961655847,6.593356626492829e-06,9.743067573110381e-05,0.0
model.dec.16x16_block1.norm1,0.005501200403988165,0.005501200403988165,1.0,1.0,1.0,0.0,9.879500536390956e-05,0.0,512,512,1.0,1.0,1.0,0.0,1.0,1.0,1.0,512,0.9999999962422174,3.9384370033079644e-08,0.9999999934440167,3.956323462042205e-08,2.475672333292191e-06,0.0,0.005500845107923747,0.005500840919523182,0.9999992385868484,1.0000007614081883,2.3543630769463554e-06,9.747054411586415e-05,0.0
model.dec.16x16_block1.skip,0.08809713698843935,0.08809676169452989,0.9999999960218393,0.9999957360206544,1.000004256041172,8.919783275224981e-05,0.0001299763853842786,0.0,131326,131328,0.9999847709551657,1.0,0.9999957360206545,8.919783275225002e-05,0.999984676208281,1.0,1.0,131326,0.9999999988872122,4.039287709946422e-08,0.9999999978190851,8.929939404921665e-05,9.199117605017284e-06,0.0,0.08809726831722392,0.08809692149292479,0.9999960592393603,1.0000039329223267,8.862138447803699e-05,0.0001293858572178748,0.0
model.dec.16x16_block2.affine,0.08739853326418155,0.0873376349175842,0.9999862292451214,0.9992894497259839,1.000683494611176,0.005244325744186636,0.0052804088374771825,0.0,131328,131328,1.0,1.0,0.9992894497259839,0.005244325744186635,0.9983920244188433,1.0,1.0,131328,1.0000000004798324,4.3571321310142947e-08,1.0000000008483818,0.005292242861705911,3.1337452982811236e-05,0.0,0.08739865472087105,0.0873377124768722,0.9992889484466155,1.000683996613611,0.005244320876428535,0.005280527597567528,0.0
model.dec.16x16_block2.conv0,0.2639910315954115,0.2639775970469366,0.9999998206996402,0.9999489305387704,1.0000507134504506,0.0005988022960734451,0.0006007597589581099,0.0,1179892,1179904,0.9999898296810588,1.0,0.9999489305387704,0.000598802296073446,0.9997548418730081,1.0,1.0,1179892,0.9999999989529516,4.06969764725391e-08,0.9999999978716131,0.0006009758446189084,5.1739002235189105e-05,0.0,0.26399259133963127,0.26397954837739485,0.9999504152391937,1.0000492307556852,0.0005970016717180435,0.0005990361575358031,0.0
model.dec.16x16_block2.conv1,0.18667867539761177,0.18666732865228997,0.999999810839652,0.9999390286257688,1.0000605967482379,0.0006150403818365529,0.0006162625980152869,0.0,590075,590080,0.9999915265726681,1.0,0.9999390286257688,0.000615040381836552,0.9997547817557626,1.0,1.0,590075,0.9999999988323898,4.06694216804205e-08,0.9999999977642965,0.0006180548931412705,6.256629703543025e-05,0.0,0.18668114902734162,0.18666993546753222,0.9999397447308429,1.0000598842797546,0.0006120071442626448,0.0006132421535733452,0.0
model.dec.16x16_block2.norm0,0.007779223231969049,0.007779219042427002,0.9999999998808969,0.9999994613255784,1.0000005384365056,1.5433918417049554e-05,9.946129407604393e-05,0.0,1024,1024,1.0,1.0,0.9999994613255784,1.543391841704914e-05,1.0,1.0,1.0,1024,0.9999999972164513,3.9696939834982704e-08,0.999999997452512,1.5443045039029778e-05,1.371984095537806e-05,0.0,0.007779373255334846,0.007779368027170644,0.9999993279343362,1.0000006720441474,4.687005230742578e-06,9.76440335971507e-05,0.0
model.dec.16x16_block2.norm1,0.0055014081253813235,0.005501408104804118,0.9999999999999964,0.9999999962596439,1.000000003740349,8.456133564485359e-08,9.879130083590625e-05,0.0,512,512,1.0,1.0,0.9999999962596439,8.45613356421561e-08,1.0,1.0,1.0,512,0.9999999984912807,3.9563848953197324e-08,0.9999999969684183,9.326454620534525e-08,1.8347964185390358e-05,0.0,0.005500815585469086,0.005500805788542631,0.9999982188378568,1.0000017808315376,1.8269547152282396e-05,9.813812907303491e-05,0.0
model.dec.16x16_block2.skip,0.08809808573302745,0.08809775901355744,0.9999999960275542,0.9999962874399501,1.000003704628912,8.913379214898466e-05,0.0001303342029471768,0.0,131328,131328,1.0,1.0,0.9999962874399501,8.913379214898358e-05,0.9999923378693147,1.0,1.0,131328,0.9999999988415365,4.0473397104067466e-08,0.9999999976988073,8.921085632863903e-05,9.305411087262079e-06,0.0,0.08809819330462662,0.08809789585100922,0.9999966196845188,1.0000033724704103,8.863643675599309e-05,0.00012980505036059531,0.0
model.dec.16x16_block3.affine,0.08742264253949503,0.08736307192422887,0.9999864791715818,0.9993050789291313,1.0006683440432034,0.005196598305337297,0.005231196631838649,0.0,131328,131328,1.0,1.0,0.9993050789291313,0.005196598305337296,0.9987654320987654,1.0,1.0,131328,0.9999999999270857,4.352898457810703e-08,0.9999999999884412,0.0052428568534855485,3.0667160010857066e-05,0.0,0.0874227498371957,0.08736315773060456,0.9993048345430651,1.0006685899773313,0.00519648040477759,0.005231171714352977,0.0
model.dec.16x16_block3.conv0,0.26399037638805933,0.26397656173619627,0.9999998263262077,0.9999474962009477,1.0000521591900535,0.0005893311477681993,0.0005912040476155632,0.0,1179893,1179904,0.9999906772076372,1.0,0.9999474962009478,0.0005893311477681996,0.9997548418730081,1.0,1.0,1179893,0.9999999989634851,4.073456833994207e-08,0.9999999979559363,0.0005916651543481587,5.1685178537424344e-05,0.0,0.26399190689145785,0.26397845861131564,0.9999488855032457,1.0000507721143888,0.0005873179801258303,0.0005892597662025844,0.0
model.dec.16x16_block3.conv1,0.18667474452215702,0.18666302143381625,0.9999997777763451,0.9999369782489338,1.0000625812477855,0.0006666269122246458,0.0006676515049376737,0.0,590069,590080,0.9999813584598698,1.0,0.9999369782489338,0.0006666269122246484,0.9997547817557626,1.0,1.0,590069,0.9999999989848359,4.064254469396333e-08,0.9999999979677122,0.0006695990133467106,6.340339659592083e-05,0.0,0.18667698317376796,0.1866653926378036,0.9999376908115388,1.0000618720903975,0.0006640018892489109,0.0006650361475033549,0.0
model.dec.16x16_block3.norm0,0.007779137513991047,0.007779135564040042,0.9999999999706128,0.9999997493064484,1.0000002506348402,7.666430279001474e-06,9.884210780931836e-05,0.0,1024,1024,1.0,1.0,0.9999997493064484,7.666430279000893e-06,1.0,1.0,1.0,1024,0.9999999996649583,3.999432431427977e-08,0.999999998509038,7.671099617266235e-06,7.965220089264241e-06,0.0,0.007779375892713427,0.00777937115321784,0.9999993907576774,1.0000006092351228,2.7515635267737554e-06,9.763307435503734e-05,0.0
model.dec.16x16_block3.norm1,0.0055015165993425276,0.00550150599420399,0.9999999996496589,0.9999980719742003,1.0000019273288336,2.6470348863993367e-05,0.00010041908509183493,0.0,512,512,1.0,1.0,0.9999980719742003,2.647034886399258e-05,1.0,1.0,1.0,512,1.0000000024874942,3.8831875534392884e-08,1.0000000020066193,2.65397891469726e-05,1.3721434208132069e-05,0.0,0.005500826167129948,0.005500818409143565,0.9999985895281439,1.0000014101923922,1.6776531209644065e-05,9.823638729607673e-05,0.0
model.dec.16x16_block3.skip,0.08809799391603702,0.08809770905879724,0.9999999967001928,0.9999967632867383,1.0000032301241024,8.123774841948808e-05,0.00012542807468089528,0.0,131327,131328,0.9999923854775828,1.0,0.9999967632867383,8.123774841948738e-05,0.9999923381041405,1.0,1.0,131327,0.9999999988763185,4.051107058613243e-08,0.9999999976834537,8.130203921380121e-05,8.132821767893202e-06,0.0,0.08809804416556899,0.08809778093142785,0.9999970087498258,1.0000029846948317,8.10199419552873e-05,0.00012502341239096845,0.0
model.dec.16x16_block4.affine,0.08749200954493977,0.08743684596289114,0.9999877035998608,0.9993572128382238,1.0006185921357824,0.004955970903470214,0.00498623079427641,0.0,131328,131328,1.0,1.0,0.9993572128382238,0.004955970903470217,0.999015105800986,1.0,1.0,131328,1.0000000000564446,4.3512744990616055e-08,1.0000000000751925,0.004997481706352125,2.9123164981298363e-05,0.0,0.08749214401725573,0.08743695507489163,0.9993569216392795,1.0006188790698194,0.004956435929011892,0.0049867865090672285,0.0
model.dec.16x16_block4.conv0,0.2639911627167485,0.2639775624588347,0.9999998374452417,0.9999483196006174,1.0000513579440913,0.0005701543595193393,0.0005721534179146899,0.0,1179891,1179904,0.9999889821544804,1.0,0.9999483196006173,0.0005701543595193409,0.9997548418730081,1.0,1.0,1179891,0.9999999990056946,4.0716397463632334e-08,0.9999999979453548,0.0005724915806607941,4.9690375478977886e-05,0.0,0.26399232563265546,0.26397906563701273,0.9999496097623998,1.0000500697019228,0.0005683539820189979,0.0005704168124731032,0.0
model.dec.16x16_block4.conv1,0.18668239735590353,0.18667170178768833,0.9999998048490208,0.9999425120014925,1.0000571009792085,0.0006247056895291891,0.0006261310668721142,0.0,590074,590080,0.9999898318872017,1.0,0.9999425120014923,0.0006247056895291887,0.9997547817557626,1.0,1.0,590074,0.9999999989406173,4.07635379445411e-08,0.9999999979220916,0.0006273450419418566,6.0128780748437456e-05,0.0,0.18668422199033705,0.186673690534969,0.9999433934167005,1.0000562229883954,0.0006218792952112616,0.0006233295013074701,0.0
model.dec.16x16_block4.norm0,0.007779210956977513,0.007779210956977513,1.0,1.0,1.0,0.0,9.879500536389193e-05,0.0,1024,1024,1.0,1.0,1.0,0.0,1.0,1.0,1.0,1024,0.9999999996083597,3.99104981841333e-08,0.999999998348146,3.991241971380793e-08,1.6857766797644295e-06,0.0,0.007779386261804343,0.007779383529348084,0.999999648755471,1.000000351241926,1.6510714187239686e-06,9.786624000895691e-05,0.0
model.dec.16x16_block4.norm1,0.0055014584800128245,0.005501457816398223,0.9999999999963388,0.9999998793711258,1.0000001206215665,2.7059790347687065e-06,9.871146839729678e-05,0.0,512,512,1.0,1.0,0.9999998793711258,2.705979034769143e-06,1.0,1.0,1.0,512,1.0000000015164043,3.998181069027224e-08,0.9999999998215059,2.7083966044132023e-06,5.342120792239514e-06,0.0,0.005500845804913165,0.005500841780988566,0.9999992684793619,1.0000007315002184,4.577649137657304e-06,9.757944910648756e-05,0.0
model.dec.16x16_block4.norm2,0.005500900375630012,0.005500900360195472,0.9999999999999989,0.9999999971941782,1.0000000028058196,4.723855683572642e-08,9.879221056103482e-05,0.0,512,512,1.0,1.0,0.9999999971941782,4.723855683765913e-08,1.0,1.0,1.0,512,0.9999999998081988,3.881229282521148e-08,0.9999999972264477,6.081268966076843e-08,6.378720585186356e-07,0.0,0.00550086442591626,0.005500863917871961,0.9999999076426194,1.0000000923569785,6.408234148774317e-07,9.811331468342019e-05,0.0
model.dec.16x16_block4.proj,0.0623517702878045,0.062350811721336656,0.9999999778341399,0.9999846043099854,1.0000153515946433,0.00021054775389563627,0.0002264824682801665,0.0,65792,65792,1.0,1.0,0.9999846043099854,0.00021054775389563722,0.9999387067116151,1.0,1.0,65792,0.9999999984955233,4.043644469601602e-08,0.999999997404236,0.00021110956870358944,3.755255141305942e-05,0.0,0.06235170144101459,0.06235078119902906,0.9999852196847436,1.0000147376845905,0.00020699572182281,0.00022319239463492902,0.0
model.dec.16x16_block4.qkv,0.10798873407596328,0.10798606876214538,0.999999908521032,0.9999752271170236,1.000024590534227,0.00042772525791024546,0.00043412435913479583,0.0,197374,197376,0.9999898670557718,1.0,0.9999752271170236,0.00042772525791024557,0.999938691680461,1.0,1.0,197374,0.9999999988675183,4.048383038662515e-08,0.999999997803017,0.00042844189785264445,3.1441719028006554e-05,0.0,0.10798880949899504,0.10798616793704496,0.9999754476389742,1.0000243711159744,0.0004264205945804091,0.0004327752152192941,0.0
model.dec.16x16_block4.skip,0.0880975313020936,0.08809726752787084,0.9999999980464331,0.9999970039304987,1.0000029921713323,6.250688272625674e-05,0.00011439082931965048,0.0,131325,131328,0.9999771564327485,1.0,0.9999970039304987,6.250688272625719e-05,0.9999923381628447,1.0,1.0,131325,0.999999999045741,4.0679825885191654e-08,0.9999999978382675,6.257844701474981e-05,7.88886375300651e-06,0.0,0.08809750000987841,0.0880972586484713,0.999997258368412,1.0000027377914886,6.202890060664309e-05,0.00011384759087518562,0.0
model.dec.16x16_up.affine,0.08724154543741038,0.08717305096526136,0.9999829071401,0.9991978075520632,1.0007686236043531,0.005842240140440939,0.005885014337208947,0.0,131328,131328,1.0,1.0,0.9991978075520632,0.0058422401404409395,0.9977673033986604,1.0,1.0,131328,1.0000000001458238,4.350089858072516e-08,1.0000000002588805,0.005897057083106781,3.7944628924149706e-05,0.0,0.08724165199325655,0.08717316506205414,0.9991978967399525,1.0007685378678952,0.005841933986987673,0.0058847669202380225,0.0
model.dec.16x16_up.conv0,0.18669400805060712,0.18668524031946526,0.999999843617389,0.9999528805152398,1.0000468089251753,0.000559227879663125,0.0005616649323697831,0.0,590069,590080,0.9999813584598698,1.0,0.99995288051524,0.0005592278796631259,0.9997548418730081,1.0,1.0,590069,0.9999999991166048,4.100084505223759e-08,0.9999999981351296,0.0005612091862006443,5.1376360823153464e-05,0.0,0.18669486236105234,0.1866863682215468,0.9999543472048312,1.0000453441537358,0.0005573896734005623,0.0005599155169057854,0.0
model.dec.16x16_up.conv1,0.18668121421474515,0.1866704578190121,0.9999998073223787,0.9999421882753534,1.0000574296895504,0.0006207340810253796,0.0006221463636881387,0.0,590071,590080,0.9999847478308026,1.0,0.9999421882753534,0.0006207340810253784,0.9997547817557626,1.0,1.0,590071,0.9999999989325896,4.0750222946003164e-08,0.9999999979109498,0.000623420151994549,5.522666623625539e-05,0.0,0.18668289198549096,0.18667237644461765,0.9999434802729963,1.0000561401415808,0.0006186399027243607,0.0006201028806067532,0.0
model.dec.16x16_up.norm0,0.005500617585704851,0.005500614534784201,0.9999999999404696,0.9999994452899049,1.0000005545913417,1.0911497971507463e-05,9.884446955309908e-05,0.0,512,512,1.0,1.0,0.9999994452899049,1.0911497971505334e-05,1.0,1.0,1.0,512,1.0000000001035334,3.9794897331668195e-08,1.0000000008617869,1.0928467242822618e-05,1.065951713355639e-05,0.0,0.005500853160098699,0.005500850521506969,0.9999995203290557,1.0000004796683748,1.6732204420972372e-06,9.77381960319673e-05,0.0
model.dec.16x16_up.norm1,0.005501360077171881,0.005501360077171881,1.0,1.0,1.0,0.0,9.879500536390453e-05,0.0,512,512,1.0,1.0,1.0,0.0,1.0,1.0,1.0,512,1.0000000005124636,3.9306227439553975e-08,0.9999999983935695,3.9309567976735116e-08,1.111921751955248e-06,0.0,0.005500852672484283,0.005500849948301999,0.999999504770403,1.000000495228836,1.0032089606153505e-06,9.771346075593311e-05,0.0
model.dec.16x16_up.skip,0.0623556220340404,0.06235553491972996,0.9999999991916569,0.9999986021354249,1.0000013962498409,4.0207978596652446e-05,0.00010537161444665091,0.0,65791,65792,0.9999848005836576,1.0,0.9999986021354249,4.020797859665229e-05,0.9999961690520702,1.0,1.0,65791,0.9999999990073751,4.0340708642798914e-08,0.999999998044541,4.02320355932938e-05,3.3903392223332572e-06,0.0,0.0623556895458955,0.06235559905777271,0.999998548035505,1.000001450358903,4.009605081573054e-05,0.00010473231649165081,0.0
model.dec.32x32_aux_conv,0.020215587192470758,0.020215531589011692,0.9999999992613885,0.9999972487373252,1.000002749793017,3.84345535470665e-05,0.00010344977091333931,0.0,6915,6915,1.0,1.0,0.9999972487373252,3.84345535470666e-05,0.9999923378693147,1.0,1.0,6915,0.9999999982863577,4.0220781320414366e-08,0.9999999975963018,3.853288864508592e-05,3.2449949737762563e-06,0.0,0.020215570694444324,0.020215515150415624,0.9999972516756117,1.0000027468561141,3.841633900388906e-05,0.00010289684539386467,0.0
model.dec.32x32_aux_norm,0.005500952208036001,0.005500950932219907,0.9999999999982332,0.9999997680718238,1.0000002319246963,1.879809728320061e-06,9.858098219615303e-05,0.0,512,512,1.0,1.0,0.9999997680718238,1.8798097283188555e-06,0.9999993744792947,1.0,1.0,512,0.9999999979241271,4.059511355054986e-08,0.9999999958431492,1.8952761212783005e-06,1.1328400723028025e-05,0.0,0.005500842142816171,0.005500837413597373,0.9999991402089757,1.000000859662364,1.137537503338884e-05,9.800623925870606e-05,0.0
model.dec.32x32_block0.affine,0.08736488184316557,0.08730222223516092,0.9999852286477964,0.9992680219039012,1.0007029501539997,0.005431401720029384,0.005468726201968591,0.0,131328,131328,1.0,1.0,0.9992680219039012,0.005431401720029386,0.9982683982683983,1.0,1.0,131328,1.0000000002625964,4.3589044921774236e-08,1.0000000002936056,0.005480503292390318,3.298482943010904e-05,0.0,0.08736498336532496,0.08730230270638258,0.9992677825519239,1.000703191381906,0.005431259671372828,0.005468678121334816,0.0
model.dec.32x32_block0.conv0,0.26395383481451,0.2639343226792594,0.9999997354020407,0.9999258128916843,1.00007366337734,0.0007274047105602922,0.0007278924057834976,0.0,1179886,1179904,0.9999847445215881,1.0000000000000002,0.9999258128916839,0.0007274047105602923,0.9997546614327772,1.0,1.0,1179886,0.9999999988917005,4.0578768841976565e-08,0.9999999977869738,0.0007311777873652968,5.2974002559158666e-05,0.0,0.26395541740092837,0.2639359832575868,0.9999261100906122,1.000073368698927,0.0007256404911550874,0.0007261186877192196,0.0
model.dec.32x32_block0.conv1,0.1866291354332286,0.18660989862818556,0.9999995977619697,0.9998965227664143,1.000102683383079,0.000896833353925396,0.0008969342313105253,0.0,590076,590080,0.9999932212581345,0.9999999999999998,0.9998965227664145,0.0008968333539253948,0.9996315854107822,1.0,1.0,590076,0.9999999989669455,4.067767156525022e-08,0.9999999979391174,0.0009027829980438088,7.836369284993875e-05,0.0,0.18663070788313124,0.18661119491765346,0.9998950472770838,1.0001041658953456,0.0008930807666223015,0.0008931940475023711,0.0
model.dec.32x32_block0.norm0,0.007779426398964589,0.0077794203952189145,0.9999999998529346,0.9999992281063604,1.0000007716001045,1.7150222824401837e-05,9.951232961181181e-05,0.0,1024,1024,1.0,1.0,0.9999992281063604,1.715022282440224e-05,1.0,1.0,1.0,1024,1.000000000237014,3.983277119015181e-08,0.9999999986418238,1.716695695489518e-05,4.027708983511656e-06,0.0,0.007779352056345672,0.007779342775148633,0.9999988068351725,1.000001192947154,1.4801903510857742e-05,9.813327081521952e-05,0.0
model.dec.32x32_block0.norm1,0.00550125279125308,0.0055012106745442185,0.9999999967423163,0.9999923409027607,1.0000076526404842,8.071720735040259e-05,0.00012174633795955388,0.0,512,512,1.0,1.0,0.9999923409027607,8.071720735040341e-05,1.0,1.0,1.0,512,0.9999999974042357,3.834436214452817e-08,0.9999999959101644,8.107780034824481e-05,7.160698872369134e-05,0.0,0.005500801333119206,0.0055007887215185215,0.9999977071554801,1.000002292529274,1.7902537138677154e-05,9.756736800945872e-05,0.0
model.dec.32x32_block0.skip,0.08809500905000336,0.08809440580489068,0.9999999826222525,0.9999931349573428,1.0000068303340532,0.00018642697934713302,0.0002078770779962862,0.0,131324,131328,0.9999695419103314,1.0,0.9999931349573428,0.0001864269793471321,0.9999846747992399,1.0,1.0,131324,0.9999999989738931,4.0475694345057625e-08,0.9999999977809847,0.00018655310857469085,1.0602242511427997e-05,0.0,0.08809517618164155,0.08809458590271123,0.9999932822141745,1.0000066831953238,0.00018610463129217766,0.00020739158120150117,0.0
model.dec.32x32_block1.affine,0.08744351946972319,0.087385990039362,0.9999866994914717,0.9993288043662597,1.0006450277333856,0.005154207026803752,0.0051864070296759384,0.0,131328,131328,1.0,1.0,0.9993288043662597,0.005154207026803749,0.998952116339516,1.0,1.0,131328,0.999999999936917,4.366549185959502e-08,0.9999999999665548,0.005197725772581287,2.759553493178589e-05,0.0,0.08744358984713005,0.0873860588781435,0.9993287892437756,1.0006450467677477,0.0051538301229663895,0.005186096307648672,0.0
model.dec.32x32_block1.conv0,0.26396074706141753,0.2639421618818409,0.999999755447387,0.9999293465883482,1.0000701692641834,0.00069931129995292,0.00069994605804942,0.0,1179893,1179904,0.9999906772076372,1.0,0.9999293465883482,0.0006993112999529216,0.9997547216090262,1.0,1.0,1179893,0.9999999989279399,4.0681580315287333e-08,0.9999999978190851,0.0007028711733252966,5.048504026185616e-05,0.0,0.26396197645601355,0.2639435148872618,0.9999298163530159,1.0000697017270719,0.0006976702232361175,0.000698300849164512,0.0
model.dec.32x32_block1.conv1,0.18661823190544233,0.1865972161294555,0.9999995701225565,0.9998869564366478,1.000112196491741,0.000927125165784109,0.0009273264052591185,0.0,590069,590080,0.9999813584598698,1.0,0.9998869564366478,0.00092712516578411,0.9995095635115253,1.0,1.0,590069,0.9999999989777191,4.070998627498112e-08,0.9999999978851355,0.0009339911801626881,8.351871450366536e-05,0.0,0.1866194049391741,0.18659817140033466,0.9998857937142295,1.0001133663817539,0.0009233943396648555,0.0009236238564163181,0.0
model.dec.32x32_block1.norm0,0.00777935046391085,0.007779345817908919,0.9999999998790997,0.9999994026567542,1.0000005971018018,1.5549933666585617e-05,9.942141354881541e-05,0.0,1024,1024,1.0,1.0,0.9999994026567542,1.554993366658631e-05,1.0,1.0,1.0,1024,0.9999999995420253,4.0928119228484996e-08,0.9999999969324578,1.5560529733124292e-05,3.6323761649591412e-06,0.0,0.007779358461868914,0.0077793503745905036,0.9999989602963303,1.0000010394607377,1.5620887224501593e-05,9.841168940516813e-05,0.0
model.dec.32x32_block1.norm1,0.005501264170249528,0.00550125304641512,0.9999999996486523,0.9999979775980726,1.0000020217033205,2.6508350436056324e-05,0.00010033807651995583,0.0,512,512,1.0,1.0,0.9999979775980726,2.650835043605495e-05,1.0,1.0,1.0,512,1.000000000072824,3.903871609703807e-08,0.9999999987099492,2.6585967081959347e-05,1.6284551755771492e-05,0.0,0.0055007695838818335,0.0055007509959061306,0.9999966201393441,1.0000033784689968,3.745755741851726e-05,0.0001019549925414349,0.0
model.dec.32x32_block1.skip,0.08809708728743093,0.08809659191091873,0.9999999923080035,0.9999943692332385,1.0000056154143877,0.00012403152868330206,0.0001551332706047743,0.0,131328,131328,1.0,1.0,0.9999943692332385,0.0001240315286833013,0.9999846755037928,1.0,1.0,131328,0.9999999990240588,4.084550758276803e-08,0.9999999979736036,0.00012415921245251304,1.0454511074535531e-05,0.0,0.0880972114229075,0.08809673232350479,0.9999945540728086,1.0000054307099706,0.00012347724551713888,0.00015444581337236392,0.0
model.dec.32x32_block2.affine,0.08752850089348076,0.08747486570797641,0.9999885907771936,0.9993758238153346,1.0006017334569164,0.004773924912668426,0.004803223149581549,0.0,131328,131328,1.0,1.0,0.9993758238153346,0.0047739249126684275,0.9990155905705609,1.0,1.0,131328,0.9999999999418793,4.342559082434502e-08,1.0000000000457943,0.0048145566154764305,2.3733931187822263e-05,0.0,0.08752856182593331,0.08747491830368145,0.9993757294706193,1.0006018288658296,0.004773825304922511,0.004803196352150132,0.0
model.dec.32x32_block2.conv0,0.26397364278195246,0.2639574024604616,0.9999997870443457,0.9999382645458825,1.0000613133280603,0.0006525786226898639,0.0006536940926127275,0.0,1179893,1179904,0.9999906772076372,1.0,0.9999382645458825,0.0006525786226898644,0.9997548418730081,1.0,1.0,1179893,0.999999999061621,4.0900124662498854e-08,0.9999999980597247,0.0006554920694060627,4.689529482320589e-05,0.0,0.2639745784015525,0.263958435884924,0.9999386363305207,1.000060943614105,0.0006509556572961294,0.0006520607592051689,0.0
model.dec.32x32_block2.conv1,0.18659743821439204,0.18657260341013351,0.9999994959115137,0.9998664030246164,1.0001326065144942,0.00100394639993762,0.0010046490095479623,0.0,590077,590080,0.9999949159436009,0.9999999999999998,0.9998664030246166,0.0010039463999376172,0.9995090819833088,1.0,1.0,590077,0.9999999991117788,4.089331599878224e-08,0.9999999980665852,0.0010127961971403549,8.827938492929424e-05,0.0,0.18659818694571584,0.18657321060698337,0.9998656488749799,1.0001333684967209,0.0010001393284526493,0.0010008909762452018,0.0
model.dec.32x32_block2.norm0,0.007779411168513666,0.007779406984985873,0.9999999999405229,0.9999994621713137,1.0000005377100214,1.0906597930095104e-05,9.886070862878396e-05,0.0,1024,1024,1.0,1.0,0.9999994621713137,1.0906597930094823e-05,1.0,1.0,1.0,1024,1.0000000007961949,4.1085683023472576e-08,1.0000000006895653,1.0920785964916077e-05,1.0816630818804468e-05,0.0,0.007779378460759978,0.00777937426953534,0.999999461237092,1.0000005387591047,2.0232188514951575e-06,9.768573044823823e-05,0.0
model.dec.32x32_block2.norm1,0.005501246943748801,0.0055012232411671795,0.9999999980723082,0.9999956894888511,1.0000043066743294,6.209146778574738e-05,0.00011306348376739752,0.0,512,512,1.0,1.0,0.9999956894888511,6.209146778574854e-05,1.0,1.0,1.0,512,0.9999999943592566,3.974297189916365e-08,0.9999999925218361,6.22444138128847e-05,6.36338220130349e-05,0.0,0.005500811482707114,0.005500800810315143,0.9999980596568802,1.0000019399579432,1.9721548078987783e-05,9.826286923975455e-05,0.0
model.dec.32x32_block2.skip,0.08809695145763156,0.08809647875450341,0.9999999937597475,0.9999946280448458,1.00000535950344,0.00011171558218611207,0.00014563860947246505,0.0,131327,131328,0.9999923854775828,1.0,0.9999946280448458,0.00011171558218611267,0.9999846759734587,1.0,1.0,131327,0.9999999990554379,4.088984790290982e-08,0.9999999979971992,0.00011184450134673491,1.1714929624018088e-05,0.0,0.08809699348781656,0.08809653403380795,0.999994778515164,1.0000052091822207,0.00011103912049800213,0.00014483675010404764,0.0
model.dec.32x32_block3.affine,0.08756379181177636,0.08751275204043141,0.9999893004966622,0.9994064200138885,1.0005725209308816,0.004623197292599463,0.0046500588067535245,0.0,131328,131328,1.0,1.0,0.9994064200138885,0.004623197292599462,0.9991380242514293,1.0,1.0,131328,1.0000000001658096,4.355787880320123e-08,1.0000000003326721,0.004661146901218949,2.1166138905447986e-05,0.0,0.08756382168382375,0.08751279165972825,0.9994065327747848,1.000572410535932,0.004622928169900254,0.0046498393930925926,0.0
model.dec.32x32_block3.conv0,0.26396663421779903,0.26394917424359804,0.9999997565224876,0.9999336119129554,1.00006590550742,0.0006977754282998076,0.0006985961215868287,0.0,1179894,1179904,0.9999915247342157,1.0000000000000002,0.9999336119129552,0.0006977754282998073,0.9997547817557626,1.0,1.0,1179894,0.9999999990688929,4.090970689724411e-08,0.9999999980572646,0.0007009262574917666,4.51319136488166e-05,0.0,0.2639673352515425,0.2639499195608052,0.9999337808411577,1.0000657385400165,0.0006963533478381203,0.0006971555184390786,0.0
model.dec.32x32_block3.conv1,0.1865548635798951,0.1865235622547646,0.9999992689493882,0.9998314829070037,1.0001670831486735,0.0012089706738314134,0.0012110996636700135,0.0,590071,590080,0.9999847478308026,1.0,0.9998314829070035,0.0012089706738314125,0.9995083579154376,1.0,1.0,590071,0.9999999990591919,4.089600402226728e-08,0.9999999980808431,0.0012206586658491906,0.00010338462187887186,0.0,0.18655553128369246,0.18652413389498396,0.9998309737793665,1.0001676028596589,0.0012046583139014816,0.0012068574441123617,0.0
model.dec.32x32_block3.norm0,0.007779433581575442,0.007779433435156484,0.9999999999998783,0.9999999811785906,1.0000000188211664,4.932568818205592e-07,9.87774139147883e-05,0.0,1024,1024,1.0,1.0,0.9999999811785906,4.932568818199495e-07,1.0,1.0,1.0,1024,0.9999999974686494,4.0566414296793986e-08,0.9999999955988953,4.939914963011096e-07,3.826845490029381e-06,0.0,0.007779380740146719,0.007779376936376579,0.9999995110373291,1.0000004889483474,3.816103054544975e-06,9.778907971208239e-05,0.0
model.dec.32x32_block3.norm1,0.005501636270923756,0.005501625078894361,0.9999999990593974,0.9999979647501787,1.0000020333727548,4.337277258875592e-05,0.00010603763722116356,0.0,512,512,1.0,1.0,0.9999979647501787,4.337277258875573e-05,1.0,1.0,1.0,512,1.0000000015931705,4.2974857841759224e-08,1.0000000010680363,4.341924750382943e-05,4.265509433279857e-05,0.0,0.005500817905214721,0.0055008084766324265,0.9999982859459176,1.0000017140144475,6.524780268940401e-06,9.670976569558075e-05,0.0
model.dec.32x32_block3.skip,0.08809637852216405,0.08809571623481338,0.9999999903236382,0.9999924725646182,1.0000075081391753,0.0001391130197031407,0.00016639077459905285,0.0,131328,131328,1.0,1.0,0.9999924725646182,0.00013911301970314128,0.9999693524165619,1.0,1.0,131328,0.9999999990398725,4.077870851762438e-08,0.9999999982199554,0.00013931626665827506,1.564259354111673e-05,0.0,0.08809633667360273,0.08809569330768745,0.9999926874392352,1.0000072934553914,0.00013841397062691848,0.00016559963340211195,0.0
model.dec.32x32_block4.affine,0.08760917698020709,0.08756242301620404,0.9999900488054161,0.9994563889725446,1.0005239935860055,0.004458817499399584,0.004481393874632496,0.0,131328,131328,1.0,1.0,0.9994563889725446,0.004458817499399584,0.9994158941352979,1.0,1.0,131328,1.0000000003213025,4.3471360208606746e-08,1.000000000591967,0.0044918333426238405,2.06376561929716e-05,0.0,0.08760923101193013,0.08756246654030918,0.9994562700186098,1.000524113974579,0.0044586705731972185,0.004481315581971639,0.0
model.dec.32x32_block4.conv0,0.22861350901966218,0.22859889062930597,0.9999997792739993,0.9999358356024628,1.0000637270345911,0.0006643760216473725,0.000665343187966005,0.0,884985,884992,0.9999920903239803,1.0,0.9999358356024631,0.0006643760216473723,0.9997548418730081,1.0,1.0,884985,0.9999999991372275,4.098354202441654e-08,0.9999999981700295,0.0006674670724975988,4.354745706379284e-05,0.0,0.22861414393352844,0.22859957502834663,0.9999360531227318,1.0000635112578626,0.0006630420162644391,0.0006639910820446107,0.0
model.dec.32x32_block4.conv1,0.18619666575480243,0.1861097353310903,0.9999974546583984,0.9995305816234162,1.0004645457661787,0.002255199419720879,0.002285678337355745,0.0,590074,590080,0.9999898318872017,1.0,0.9995305816234162,0.0022551994197208772,0.9982058896312794,0.9999386841621191,1.0,590074,0.999999998988036,4.067987542588347e-08,0.9999999979652059,0.0023035356912509382,0.00010477326767050152,0.0,0.1861968522961971,0.18610991281581454,0.9995305385611789,1.0004645990986067,0.00225293327249129,0.0022835437177338887,0.0
model.dec.32x32_block4.norm0,0.0067371583700753844,0.0067371583700753844,1.0,1.0,1.0,0.0,9.879500536390078e-05,0.0,768,768,1.0,1.0,1.0,0.0,1.0,1.0,1.0,768,1.000000000060164,4.159810557282865e-08,0.9999999977173994,4.1598149081014695e-08,2.803671766098346e-06,0.0,0.006737144596140059,0.0067371419294681096,0.9999996041798075,1.000000395812654,2.774048112634235e-06,9.784706783078821e-05,0.0
model.dec.32x32_block4.norm1,0.005501808446730801,0.005501807129873926,0.9999999999926932,0.9999997606428705,1.000000239342573,3.822786120802413e-06,9.862975067981266e-05,0.0,512,512,1.0,1.0,0.9999997606428705,3.822786120799953e-06,1.0,1.0,1.0,512,0.9999999984582336,4.447489079037753e-08,0.9999999990518078,3.831903570859082e-06,5.946740997492957e-06,0.0,0.005500821093242884,0.005500812254923288,0.9999983932633966,1.000001606720641,4.306278591927549e-06,9.669265164940843e-05,0.0
model.dec.32x32_block4.skip,0.07622152550359389,0.07620600692961377,0.9999987827085666,0.9997951846437554,1.0002024222340415,0.0015599968374461594,0.001563750496560441,0.0,98559,98560,0.9999898538961038,1.0,0.9997951846437554,0.0015599968374461594,0.9992615611827328,1.0,1.0,98559,0.9999999991235091,4.042812257414248e-08,0.999999998070833,0.0015733844364770907,6.660566103031042e-05,0.0,0.07622140320748005,0.07620592014492021,0.9997956517155541,1.0002019579749546,0.0015590354359047633,0.0015627987255635565,0.0
model.dec.32x32_up.affine,0.08747240221087407,0.08741692065757083,0.9999872198542019,0.9993529530130199,1.0006218892502818,0.005052495843535476,0.005082657656472417,0.0,131328,131328,1.0,1.0,0.9993529530130199,0.005052495843535478,0.999031022051419,1.0,1.0,131328,0.9999999999133387,4.354602025267888e-08,1.0000000000524025,0.005093759360800739,2.6761586688263973e-05,0.0,0.08747250705506854,0.08741701591264099,0.9993528466751463,1.0006220007794682,0.0050519958521611326,0.005082232852067028,0.0
model.dec.32x32_up.conv0,0.18669369898802118,0.18668449540916338,0.99999984663976,0.999950548899685,1.0000491468102224,0.0005537961867024704,0.0005560442043315161,0.0,590077,590080,0.9999949159436009,1.0,0.999950548899685,0.0005537961867024702,0.9997548418730081,1.0,1.0,590077,0.9999999989716305,4.07754628333442e-08,0.9999999979780647,0.0005559994562524187,5.119805689326136e-05,0.0,0.18669461904298773,0.18668564599425658,0.9999517850000856,1.0000479127091262,0.0005518800779775537,0.000554192952889743,0.0
model.dec.32x32_up.conv1,0.1866417110079845,0.18662475819259922,0.9999996517690076,0.9999088210035253,1.0000904907854702,0.0008344671047276493,0.0008345842144686337,0.0,590073,590080,0.9999881372017354,1.0,0.9999088210035253,0.0008344671047276493,0.999754480726737,1.0,1.0,590073,0.9999999988864641,4.064786646116229e-08,0.9999999977499016,0.0008394334591419789,6.661109986704872e-05,0.0,0.18664363133372838,0.18662645998955055,0.9999076534040618,1.0000916631993628,0.0008317055141902165,0.0008318077474665088,0.0
model.dec.32x32_up.norm0,0.005500986313384868,0.005500985660123927,0.999999999996338,0.9999998812429174,1.0000001187497727,2.706294545007824e-06,9.871334832128267e-05,0.0,512,512,1.0,1.0,0.9999998812429174,2.7062945450059507e-06,1.0,1.0,1.0,512,0.9999999994818585,4.1151834930930797e-08,0.9999999980736649,2.7094213117806965e-06,1.7987480160206726e-06,0.0,0.005500858328152509,0.005500856711472947,0.9999997061025454,1.000000293894378,1.778464074195267e-06,9.792581577732221e-05,0.0
model.dec.32x32_up.norm1,0.005501321704956528,0.0055013183762808405,0.9999999999378076,0.9999993948694504,1.000000605006531,1.1152777723750449e-05,9.882129732506501e-05,0.0,512,512,1.0,1.0,0.9999993948694504,1.1152777723751959e-05,1.0,1.0,1.0,512,0.9999999976709271,4.194610632523541e-08,0.9999999983438387,1.1169140185462659e-05,5.186814834461836e-06,0.0,0.00550083712349609,0.005500831368727684,0.9999989538104767,1.000001046136167,7.379069723147702e-06,9.743716677421873e-05,0.0
model.dec.32x32_up.skip,0.062355631472476566,0.06235554151297882,0.9999999994099189,0.9999985567255041,1.000001442096415,3.435344301060221e-05,0.00010323625325641166,0.0,65791,65792,0.9999848005836576,1.0,0.9999985567255041,3.435344301060201e-05,0.9999961690080412,1.0,1.0,65791,0.9999999989254942,4.0488159598993754e-08,0.9999999978724572,3.438342437022886e-05,4.260753340066513e-06,0.0,0.062355679627036496,0.062355586970769435,0.9999985134877468,1.0000014853529051,3.4081556085250494e-05,0.00010254728229503501,0.0
model.dec.8x8_block0.affine,0.08688427056397871,0.08679873352446642,0.9999774336210991,0.9989929618784484,1.0009628755253515,0.006711440043063145,0.006773286817595742,0.0,131328,131328,1.0,1.0,0.9989929618784484,0.006711440043063143,0.994088115412382,0.9999540194650931,1.0,131328,0.999999999925629,4.369217375600144e-08,1.000000000020163,0.0067865714476014385,4.2670693526281044e-05,0.0,0.08688427385712803,0.08679874914504983,0.9989931056528568,1.000962735188618,0.0067111645895927075,0.0067730698592765445,0.0
model.dec.8x8_block0.conv0,0.2637776944511828,0.26372905561873045,0.9999992273360123,0.99981483420538,1.0001836544737686,0.0012428827519013223,0.0012460039535736045,0.0,1179896,1179904,0.9999932197873725,1.0,0.9998148342053798,0.0012428827519013223,0.9994814223145396,0.9999693495984797,1.0,1179896,0.9999999990156494,4.088327330540929e-08,0.9999999979811434,0.001256599851829973,5.3122273334865434e-05,0.0,0.2637783955355906,0.2637296892397043,0.9998145803054381,1.0001839112039803,0.0012417816710760285,0.0012449636233331422,0.0
model.dec.8x8_block0.conv1,0.1865995486229744,0.18657505749054903,0.999999491700471,0.999868242079787,1.0001307585498878,0.0010081329082696285,0.0010087716291520017,0.0,590068,590080,0.9999796637744035,1.0,0.999868242079787,0.0010081329082696276,0.9996315345052583,0.9999808433889578,1.0,590068,0.9999999990299574,4.073891237998753e-08,0.9999999979736036,0.0010167062752679396,3.9652018801489234e-05,0.0,0.18659982808762796,0.1865753850952039,0.9998685009836684,1.0001305010228858,0.0010074166300701672,0.0010080659965095288,0.0
model.dec.8x8_block0.norm0,0.007778588059783649,0.0077784817591770436,0.9999999868337204,0.9999863210367416,1.0000136528174557,0.00016227088314633861,0.00018325270326570892,0.0,1024,1024,1.0,1.0,0.9999863210367416,0.0001622708831463397,1.0,1.0,1.0,1024,0.9999999982493506,3.990203335462671e-08,0.9999999965088717,0.00016284708562618177,3.8093863779241556e-05,0.0,0.007778853056714821,0.0077787497463217455,0.9999867063200889,1.0000132683536027,0.0001596935074525742,0.00018087701936300032,0.0
model.dec.8x8_block0.norm1,0.00550110805643943,0.00550109742540826,0.9999999997963357,0.9999980672709138,1.0000019323254923,2.018234505670199e-05,9.894276686509362e-05,0.0,512,512,1.0,1.0,0.9999980672709138,2.0182345056704022e-05,1.0,1.0,1.0,512,1.000000001996723,4.044670368391143e-08,1.0000000005245302,2.0275429961588145e-05,1.6138701928494445e-05,0.0,0.005500784342120667,0.0055007685147618925,0.9999971226131434,1.0000028772039649,1.3826409915491173e-05,9.632361030008134e-05,0.0
model.dec.8x8_block0.skip,0.08809671815006191,0.08809620584389738,0.9999999880749578,0.9999941728054542,1.000005803378279,0.00015443382687758267,0.00018027042576741927,0.0,131327,131328,0.9999923854775828,1.0000000000000002,0.9999941728054541,0.00015443382687758386,0.999984675034098,1.0,1.0,131327,0.9999999989334689,4.065298359697652e-08,0.9999999978827155,0.0001545434463451877,6.529794464670474e-06,0.0,0.0880966686319636,0.08809616033429044,0.9999942183277886,1.0000057579045152,0.00015427479368958097,0.00017985297435749712,0.0
model.dec.8x8_block1.affine,0.08746894842420645,0.08741283313877408,0.9999881613538775,0.9993466237326496,1.0006301108147109,0.0048627956886155965,0.004894801986292489,0.0,131327,131328,0.9999923854775828,1.0,0.9993466237326496,0.004862795688615596,0.9985176904355052,1.0,1.0,131327,1.0000000001043245,4.3659866764666456e-08,1.0000000001539926,0.004906493998050538,3.1749775683113577e-05,0.0,0.08746908804986425,0.08741295941468717,0.9993464738686809,1.0006302643407805,0.0048624388784587235,0.0048945285985300905,0.0
model.dec.8x8_block1.conv0,0.26371719017470113,0.26366320433350515,0.9999986468521862,0.9997939360098272,1.0002033996097113,0.0016447449325520678,0.0016484026936308602,0.0,1179895,1179904,0.9999923722607941,1.0,0.9997939360098272,0.0016447449325520667,0.999385145105755,1.0,1.0,1179895,0.9999999992846075,4.144844826749524e-08,0.9999999983829932,0.001657602933356838,4.040208346327697e-05,0.0,0.2637173772630413,0.2636635789644763,0.9997946478897435,1.0002026886103952,0.0016443901053574855,0.001648039763232892,0.0
model.dec.8x8_block1.conv1,0.18668700358217127,0.18667685593222058,0.9999998230552559,0.9999454665764417,1.0000541824888582,0.0005948537514031988,0.0005965563822097261,0.0,590073,590080,0.9999881372017354,1.0,0.9999454665764417,0.0005948537514031995,0.9997548418730081,1.0,1.0,590073,0.9999999992620957,4.1115143114080274e-08,0.9999999983075727,0.0005973479648553114,4.361304149381715e-05,0.0,0.1866873278639562,0.18667738469529344,0.9999465628363409,1.0000530878140306,0.0005934214153271721,0.0005951652771106889,0.0
model.dec.8x8_block1.norm0,0.007779016078837353,0.0077790112032761465,0.9999999999818014,0.9999993732237182,1.0000006267402775,6.033019068583653e-06,9.835341150501802e-05,0.0,1024,1024,1.0,1.0,0.9999993732237182,6.033019068584867e-06,0.9999988387444119,1.0,1.0,1024,0.99999999857958,4.0177012572421564e-08,0.9999999984019365,6.066234819291356e-06,2.508344963713193e-06,0.0,0.0077793666775057505,0.007779360143727146,0.9999991600986279,1.000000839870676,5.603729131667072e-06,9.752476274991763e-05,0.0
model.dec.8x8_block1.norm1,0.005500826136797516,0.005500807675790978,0.999999998772767,0.9999966427302279,1.0000033548265694,4.954239928746419e-05,0.0001075324713327388,0.0,512,512,1.0,1.0,0.9999966427302279,4.954239928746155e-05,1.0,1.0,1.0,512,1.000000000407905,4.080066469431913e-08,0.9999999990724103,4.965477757534879e-05,2.1673406716022634e-05,0.0,0.005500787093871962,0.005500771854930913,0.9999972287293393,1.0000027693772076,4.3601806599853334e-05,0.00010492266765901519,0.0
model.dec.8x8_block1.skip,0.08809828045063399,0.08809798709972891,0.9999999963398163,0.9999966665256304,1.00000332616509,8.555885988703146e-05,0.00012819752736117028,0.0,131328,131328,1.0,1.0,0.9999966665256304,8.555885988703194e-05,0.9999923378693147,1.0,1.0,131328,0.9999999988655716,4.083761513740179e-08,0.9999999977124084,8.562375997225455e-05,4.926651895064937e-06,0.0,0.08809823180684434,0.08809794074409362,0.9999966925069618,1.0000033002044035,8.54371236662658e-05,0.0001276955090351692,0.0
model.dec.8x8_block2.affine,0.08747673092469263,0.087421421762927,0.9999882266169868,0.9993559612133184,1.0006208920378226,0.004849418629183493,0.004880457779541598,0.0,131328,131328,1.0,1.0,0.9993559612133184,0.004849418629183491,0.998766220345809,1.0,1.0,131328,0.9999999999699551,4.3819835182612285e-08,1.0000000000825648,0.004891998307488784,3.180649565235473e-05,0.0,0.08747686849938242,0.0874215343913424,0.9993556760039841,1.0006211755428558,0.004849629791019322,0.004880762771826899,0.0
model.dec.8x8_block2.conv0,0.26400319579741055,0.2639916128897559,0.9999998519604608,0.999955977847858,1.000043727998086,0.0005441075964041438,0.000546910564462869,0.0,1179893,1179904,0.9999906772076372,1.0,0.9999559778478582,0.0005441075964041453,0.9997548418730081,1.0,1.0,1179893,0.9999999993133355,4.138106735836482e-08,0.9999999984409534,0.0005458853862656838,4.3744155937035874e-05,0.0,0.26400342192669474,0.26399215091715034,0.999957160177233,1.0000425473165995,0.0005424977015337354,0.0005453679886609208,0.0
model.dec.8x8_block2.conv1,0.18670372687296816,0.18669630487265848,0.9999998774127148,0.9999601245940423,1.0000396318117366,0.0004951313594286821,0.0004986727991953434,0.0,590076,590080,0.9999932212581345,1.0,0.9999601245940425,0.000495131359428681,0.9997548418730081,1.0,1.0,590076,0.9999999992856268,4.12217140750886e-08,0.9999999983746594,0.0004967341940872469,4.89226858363102e-05,0.0,0.1867045218196168,0.18669738509535147,0.9999616536921472,1.0000381045432851,0.0004931603614783043,0.0004968272891924923,0.0
model.dec.8x8_block2.norm0,0.007778845075482841,0.007778843635744895,0.9999999999908382,0.9999998149070716,1.000000185074639,4.280618090866847e-06,9.870277876597704e-05,0.0,1024,1024,1.0,1.0,0.9999998149070716,4.280618090869215e-06,1.0,1.0,1.0,1024,0.9999999988686854,4.003956617806107e-08,0.9999999975222191,4.284258625764267e-06,2.247011343117896e-06,0.0,0.007779382604630372,0.00777937912536592,0.9999995527530772,1.000000447236716,3.225936457444055e-06,9.780952066482228e-05,0.0
model.dec.8x8_block2.norm1,0.005500950848960703,0.00550094033473588,0.999999999062589,0.999998087715787,1.0000019104130442,4.32991326829565e-05,0.00010611979270976402,0.0,512,512,1.0,1.0,0.999998087715787,4.3299132682954596e-05,1.0,1.0,1.0,512,0.9999999961404717,4.1204330587488654e-08,0.99999999814684,4.334013660091882e-05,2.6714121175975882e-05,0.0,0.005500832394916207,0.0055008257346804874,0.9999987890911732,1.0000012106300507,1.6740412255774456e-05,9.842689257000248e-05,0.0
model.dec.8x8_block2.skip,0.08809781643437252,0.08809761472766535,0.9999999986773912,0.9999977091007017,1.000002288259323,5.1431561535970584e-05,0.00010935596471245674,0.0,131325,131328,0.9999771564327485,1.0,0.9999977091007017,5.143156153597047e-05,0.9999923381628447,1.0,1.0,131325,0.9999999991410125,4.089618676275555e-08,0.9999999980246027,5.1482373557810755e-05,5.619869443211367e-06,0.0,0.08809776150510334,0.0880975692682001,0.999997816608111,1.0000021807851218,5.1103005042454256e-05,0.00010877438551409702,0.0
model.dec.8x8_block3.affine,0.08745092190556492,0.08739446329691374,0.9999875978975534,0.9993420025485794,1.0006336103143116,0.004977151219539753,0.005008962896085549,0.0,131327,131328,0.9999923854775828,1.0,0.9993420025485794,0.004977151219539753,0.9989367701849748,1.0,1.0,131327,1.0000000000709282,4.351457094353282e-08,1.0000000001801883,0.005020457592829577,3.305636934359427e-05,0.0,0.08745106465419879,0.08739457485379547,0.9993416483391521,1.0006339678032496,0.0049768665390073534,0.005008782679692931,0.0
model.dec.8x8_block3.conv0,0.2640133839216988,0.26400326036505894,0.9999998862581351,0.9999615414009992,1.0000382325856554,0.000476934243024493,0.00048078190783497826,0.0,1179898,1179904,0.9999949148405294,1.0000000000000002,0.9999615414009988,0.00047693424302449304,0.9997548418730081,1.0,1.0,1179898,0.9999999992206533,4.129312399711872e-08,0.9999999983323813,0.0004784821378506841,4.775456048775746e-05,0.0,0.26401409366245965,0.26400439144657784,0.9999631383279123,1.0000366373819347,0.00047499903603710904,0.0004789893392823225,0.0
model.dec.8x8_block3.conv1,0.18670237863814867,0.18669468199033348,0.9999998788480586,0.9999586546979493,1.0000411046976687,0.0004922234160671698,0.0004956125156441074,0.0,590079,590080,0.9999983053145336,1.0,0.9999586546979493,0.0004922234160671712,0.9997548418730081,1.0,1.0,590079,0.9999999992325896,4.1261336346169444e-08,0.9999999983461854,0.000493956614948068,5.222217544051568e-05,0.0,0.18670365182770204,0.1866962500719001,0.9999602355851831,1.000039525963985,0.0004899015494069728,0.0004934220803745808,0.0
model.dec.8x8_block3.norm0,0.007778817222190965,0.00777881349995112,0.9999999998826887,0.9999995213729439,1.0000004783926626,1.5317384518994085e-05,9.950261089741266e-05,0.0,1024,1024,1.0,1.0,0.9999995213729439,1.5317384518989904e-05,1.0,1.0,1.0,1024,0.9999999990575681,4.085746410985305e-08,0.9999999997248983,1.5325408725105288e-05,1.2556383639880331e-05,0.0,0.007779366230843742,0.007779359640009274,0.9999991527411316,1.0000008471818003,8.819623667651499e-06,9.775499808305524e-05,0.0
model.dec.8x8_block3.norm1,0.005500852734392658,0.00550080160884262,0.9999999765612383,0.9999906824478875,1.0000092707609705,0.00021651016496237907,0.00023429034178964905,0.0,512,512,1.0,1.0,0.9999906824478875,0.00021651016496237595,1.0,1.0,1.0,512,0.9999999983365733,4.261564769995063e-08,0.9999999973825606,0.00021671208156098982,6.313972973511836e-06,0.0,0.005500563537986085,0.00550050788390379,0.9999898577317574,1.0000100936083571,0.00022081954320519103,0.00023775085447613772,0.0
model.dec.8x8_block3.skip,0.08809814266125367,0.08809788744759943,0.9999999932665493,0.9999970963422237,1.0000028901992672,0.000116046641916552,0.00015054759934127792,0.0,131327,131328,0.9999923854775828,1.0000000000000002,0.9999970963422236,0.00011604664191655239,0.9999923381628447,1.0,1.0,131327,0.9999999990228161,4.066678045974921e-08,0.9999999979971992,0.00011608278828364613,6.0993113991859955e-06,0.0,0.08809810706447585,0.08809786521048651,0.9999972480109106,1.0000027385788184,0.0001158349426779902,0.00015010438216503256,0.0
model.dec.8x8_block4.affine,0.08740090424146583,0.08733937508217024,0.9999864109107449,0.9992824328031458,1.000690884959391,0.005209581688686424,0.005246720017290199,0.0,131328,131328,1.0,1.0,0.9992824328031458,0.005209581688686424,0.9982679698131882,1.0,1.0,131328,1.000000000102079,4.340231140692254e-08,1.00000000029695,0.005258768159494436,3.5747979973021475e-05,0.0,0.0874010054921612,0.08733946555320751,0.9992823125667113,1.0006910099357191,0.005209143309127694,0.005246365540164574,0.0
model.dec.8x8_block4.conv0,0.2640079733563426,0.2639970976946045,0.9999998726965322,0.9999586782575337,1.0000410688325827,0.0005045651026453294,0.0005078769099306505,0.0,1179891,1179904,0.9999889821544804,0.9999999999999998,0.9999586782575342,0.0005045651026453291,0.9997548418730081,1.0,1.0,1179891,0.9999999991407867,4.1091759565741294e-08,0.9999999981197882,0.0005062540549704091,4.968260888629016e-05,0.0,0.2640090030532138,0.26399856126414645,0.9999603228986793,1.0000394262180943,0.0005024217107835249,0.0005058676210736567,0.0
model.dec.8x8_block4.conv1,0.18669736540695447,0.18668910547802903,0.9999998566358791,0.9999556142989654,1.0000441009302643,0.0005354464030849582,0.0005382558854598884,0.0,590070,590080,0.9999830531453362,1.0,0.9999556142989654,0.000535446403084958,0.9997548418730081,1.0,1.0,590070,0.9999999990352989,4.0984652805556187e-08,0.9999999979772141,0.0005372827471503194,5.434325910970835e-05,0.0,0.18669892648852524,0.18669097684323385,0.9999572778944456,1.0000424397490595,0.0005330529158555195,0.0005359840962236296,0.0
model.dec.8x8_block4.norm0,0.007778707014957963,0.0077787004989466136,0.9999999998462251,0.999999162173417,1.000000837519735,1.7537080170081513e-05,9.951483613427663e-05,0.0,1024,1024,1.0,1.0,0.999999162173417,1.753708017008093e-05,1.0,1.0,1.0,1024,0.9999999989812702,4.0465176866111585e-08,0.9999999973007854,1.7556800496617038e-05,1.2925533985594433e-05,0.0,0.007779366511307168,0.007779359960087187,0.9999991578532799,1.000000842109377,6.168656063447785e-06,9.755661907271553e-05,0.0
model.dec.8x8_block4.norm1,0.005501112194885507,0.005501096417545114,0.9999999988301335,0.9999971308027574,1.0000028668657353,4.8370648375031825e-05,0.00010743318031863163,0.0,512,512,1.0,1.0,0.9999971308027574,4.837064837502976e-05,1.0,1.0,1.0,512,1.0000000008601198,4.05884675056029e-08,1.0000000004322285,4.8456766318580124e-05,3.162756710747202e-05,0.0,0.0055008192277807505,0.005500810097591292,0.9999983400689169,1.0000016596461128,1.6962433535099026e-05,9.802258346887726e-05,0.0
model.dec.8x8_block4.skip,0.08809701727361334,0.08809679865301019,0.9999999981757776,0.9999975165866215,1.000002479771092,6.0402207906286475e-05,0.00011368827177510643,0.0,131323,131328,0.9999619273879142,1.0,0.9999975165866214,6.040220790628755e-05,0.9999923381628447,1.0,1.0,131323,0.9999999988956739,4.041070518208975e-08,0.9999999977499016,6.0453200311685566e-05,5.644761170691428e-06,0.0,0.08809699175644206,0.08809678146058494,0.9999976110962694,1.0000023852912459,6.015119192004765e-05,0.00011313392644507975,0.0
model.dec.8x8_in0.affine,0.08723973941019439,0.08717240031567745,0.9999840886783778,0.9992122154068825,1.0007565582079434,0.005636779448226481,0.00567929351648542,0.0,131328,131328,1.0,1.0,0.9992122154068825,0.00563677944822648,0.9976103802577846,0.9999923377518964,1.0,131328,0.9999999997004244,4.368780063637076e-08,0.9999999998718991,0.005691562851656126,4.787359744764927e-05,0.0,0.08723981615143954,0.0871724870737238,0.9992123346648473,1.0007564463006198,0.005636113243848423,0.0056786861154875645,0.0
model.dec.8x8_in0.conv0,0.18658312395863727,0.18655634437633842,0.9999993885500311,0.9998558623545409,1.0001429353482598,0.0011056891753595856,0.0011067282296936133,0.0,590072,590080,0.999986442516269,1.0,0.9998558623545409,0.001105689175359586,0.9995699188989924,1.0,1.0,590072,0.9999999989547942,4.083621764448547e-08,0.9999999979220916,0.001115044200985313,5.12111674270765e-05,0.0,0.1865836235919744,0.18655680382676582,0.9998556486277627,1.0001431516374715,0.0011045578677731248,0.0011056304300198483,0.0
model.dec.8x8_in0.conv1,0.18665534665489816,0.18664032077346393,0.9999997038156013,0.9999192031642506,1.0000802109478304,0.0007695929712120155,0.0007698792251089923,0.0,590067,590080,0.9999779690889371,0.9999999999999998,0.9999192031642511,0.0007695929712120157,0.9997546012269939,1.0,1.0,590067,0.9999999989613069,4.075256836251226e-08,0.9999999979529623,0.0007738223952864976,4.617206464248811e-05,0.0,0.1866560011156918,0.18664105850864582,0.9999196506052117,1.000079765476456,0.0007682661827847556,0.0007685488597351463,0.0
model.dec.8x8_in0.norm0,0.005500873997374131,0.005500859266164642,0.9999999986604315,0.9999973206842633,1.0000026766437713,5.176024205357375e-05,0.00010916880030401049,0.0,512,512,1.0,1.0,0.9999973206842633,5.1760242053569536e-05,1.0,1.0,1.0,512,0.9999999991856392,4.164449441714555e-08,0.9999999986445379,5.183003999127198e-05,5.319014798929151e-06,0.0,0.005500779056441564,0.005500762263471338,0.9999969459348259,1.0000030516139182,4.9604037737480026e-05,0.00010730525832489967,0.0
model.dec.8x8_in0.norm1,0.005500679404587604,0.005500673477674336,0.9999999998794951,0.9999989223920008,1.0000010773681502,1.5524477628648955e-05,9.8943044072664e-05,0.0,512,512,1.0,1.0,0.9999989223920008,1.552447762864628e-05,1.0,1.0,1.0,512,0.9999999993376818,4.211120852282892e-08,0.999999997251598,1.555857783900701e-05,1.5550336440272264e-05,0.0,0.005500836385134479,0.005500830522868253,0.9999989342903157,1.0000010657005012,3.212279645625832e-06,9.7190883460266e-05,0.0
model.dec.8x8_in0.norm2,0.005500855329236082,0.005500851837917139,0.9999999999670828,0.9999993652805234,1.0000006346540449,8.113842562128396e-06,9.849506010346444e-05,0.0,512,512,1.0,1.0,0.9999993652805234,8.113842562125992e-06,0.9999995211333433,1.0,1.0,512,0.9999999996577185,4.0224767505162475e-08,0.9999999984075376,8.13740532230337e-06,1.0648366479855751e-06,0.0,0.005500844740044923,0.005500840519445803,0.9999992327033783,1.0000007672315965,8.100234702890368e-06,9.777240343038408e-05,0.0
model.dec.8x8_in0.proj,0.0623309398132653,0.06232681169109203,0.9999996965731904,0.9999334674912441,1.0000659300417198,0.0007789564473977736,0.0007797008976397482,0.0,65791,65792,0.9999848005836576,1.0,0.9999334674912441,0.0007789564473977735,0.9998159509202454,1.0,1.0,65791,0.9999999991969629,4.078632557661526e-08,0.9999999979677122,0.0007817924982274951,2.6576884074109632e-05,0.0,0.06233091882665443,0.06232678993122268,0.9999334554301648,1.0000659428383198,0.0007784852955172036,0.0007792048968991622,0.0
model.dec.8x8_in0.qkv,0.10782741326834212,0.10780011226545926,0.999998408757515,0.9997452174899808,1.0002516641472043,0.0017834996737838337,0.0017904858504958323,0.0,197372,197376,0.9999797341115434,1.0,0.9997452174899807,0.001783499673783834,0.9992616211031657,0.9999693477194703,1.0,197372,0.9999999992092921,4.0920777923169984e-08,0.999999998209465,0.001801606157377865,3.6891405663163735e-05,0.0,0.1078274848412857,0.10780016880603777,0.9997450791164987,1.0002518043306643,0.0017830119635722714,0.0017900626399915487,0.0
model.dec.8x8_in1.affine,0.08711813543619883,0.08704543863500802,0.9999818140903323,0.9991473669483064,1.0008169581285877,0.006025845389747528,0.006073416376063578,0.0,131328,131328,1.0,1.0,0.9991473669483064,0.006025845389747529,0.9969135755279834,0.9999846753863718,1.0,131328,1.000000000207323,4.358787341527056e-08,1.0000000003119043,0.006085868615217673,4.000728679922279e-05,0.0,0.08711825549642073,0.08704551180850945,0.9991468313461056,1.0008174974994906,0.006025604322988947,0.006073313568974486,0.0
model.dec.8x8_in1.conv0,0.1865876002888631,0.18656144101560612,0.9999994107308798,0.9998592124658203,1.0001396286542603,0.0010854526513862388,0.0010863723177402943,0.0,590074,590080,0.9999898318872017,1.0000000000000002,0.9998592124658201,0.0010854526513862403,0.9995699188989924,1.0,1.0,590074,0.9999999991444531,4.087704582923391e-08,0.9999999981159607,0.001094544685344867,5.1317423142600986e-05,0.0,0.18658821110568866,0.1865620087762968,0.9998589834643399,1.0001398603093063,0.0010842595257366545,0.0010852113918036423,0.0
model.dec.8x8_in1.conv1,0.18665027946756263,0.18663405232407806,0.9999996764610748,0.9999127377311637,1.0000866227499883,0.0008043414938506767,0.0008045035016393668,0.0,590075,590080,0.9999915265726681,1.0,0.9999127377311637,0.0008043414938506771,0.9997545409916544,1.0,1.0,590075,0.9999999990787768,4.080646379969969e-08,0.9999999980614297,0.0008090609143429889,4.416771117062311e-05,0.0,0.18665063924583095,0.18663450780275764,0.999913251479491,1.0000861106251133,0.0008032769245278335,0.0008034373526619266,0.0
model.dec.8x8_in1.norm0,0.00550071847282575,0.005500712547246305,0.9999999998794965,0.9999989226421369,1.0000010771180166,1.5524384197421563e-05,9.894327647173235e-05,0.0,512,512,1.0,1.0,0.9999989226421369,1.5524384197420232e-05,1.0,1.0,1.0,512,1.0000000009696561,4.2107590725862016e-08,0.9999999987092436,1.5561118490692175e-05,1.5203860752089382e-05,0.0,0.005500809787267753,0.005500798842312016,0.999998010257959,1.0000019896599195,9.277929582256654e-06,9.666004049214128e-05,0.0
model.dec.8x8_in1.norm1,0.005500745437621875,0.005500745437621875,1.0,1.0,1.0,0.0,9.879500536389496e-05,0.0,512,512,1.0,1.0,1.0,0.0,1.0,1.0,1.0,512,0.9999999996990236,4.191796075824684e-08,0.9999999985069988,4.19190412691903e-08,6.372213035069608e-06,0.0,0.005500822483826246,0.005500813949028739,0.9999984484315516,1.0000015515326437,6.181595038602099e-06,9.684938327922728e-05,0.0
model.enc.16x16_block0.affine,0.08773414084711212,0.08769932031206405,0.9999936066450791,0.9995967222384865,1.0003906486324528,0.0035744260039030627,0.0035877262866242828,0.0,131328,131328,1.0,1.0,0.9995967222384865,0.0035744260039030605,0.9995084334388153,1.0,1.0,131328,1.0000000001121327,4.355095710650313e-08,1.0000000001726788,0.003597103527761776,3.1102074209174485e-05,0.0,0.08773428653211503,0.08769945854332671,0.9995966385925219,1.0003907336510527,0.003574243202792684,0.003587599366100142,0.0
model.enc.16x16_block0.conv0,0.18672704134664503,0.18672349757904522,0.9999999517115727,0.9999809733814757,1.0000189304018534,0.0003107622674498335,0.0003208659616816444,0.0,590076,590080,0.9999932212581345,0.9999999999999998,0.999980973381476,0.0003107622674498344,0.9999386879215205,1.0,1.0,590076,0.9999999990007558,4.086364412699184e-08,0.9999999979574595,0.0003113439541853742,3.506195531566025e-05,0.0,0.18672648506815656,0.1867230818851466,0.9999817267794283,1.0000181781040405,0.00030894210503877156,0.0003191434600226326,0.0
model.enc.16x16_block0.conv1,0.18673237851283075,0.18672980071457612,0.9999999669452206,0.9999861621718333,1.0000137719091822,0.00025711424082328847,0.0002708104233127536,0.0,590073,590080,0.9999881372017354,1.0000000000000002,0.999986162171833,0.0002571142408232882,0.9999387067116151,1.0,1.0,590073,0.9999999990339868,4.072952222681114e-08,0.9999999979574595,0.000257486150359665,2.8581467457493676e-05,0.0,0.18673150834124205,0.18672906359026015,0.999986874982952,1.0000130598183625,0.0002556724153678566,0.0002694798087758015,0.0
model.enc.16x16_block0.norm0,0.005500623571686306,0.005500623571686306,1.0,1.0,1.0,0.0,9.879500536390002e-05,0.0,512,512,1.0,1.0,1.0,0.0,1.0,1.0,1.0,512,1.00000000067583,4.177254966197911e-08,0.9999999987710623,4.177801636682892e-08,1.6932325552598009e-06,0.0,0.005500860139126117,0.005500858818266672,0.9999997598798798,1.0000002401173589,1.6789051515212758e-06,9.797783261567221e-05,0.0
model.enc.16x16_block0.norm1,0.00550078863445524,0.00550078863445524,1.0,1.0,1.0,0.0,9.879500536388881e-05,0.0,512,512,1.0,1.0,1.0,0.0,1.0,1.0,1.0,512,0.9999999987928548,3.9707416390304034e-08,0.999999998009506,3.972576136811404e-08,9.505730683855958e-07,0.0,0.005500862355138605,0.005500861450310276,0.9999998355111152,1.0000001644880445,9.313595933759716e-07,9.804350757692587e-05,0.0
model.enc.16x16_block0.norm2,0.005500897360020502,0.005500897347158376,0.9999999999999972,0.9999999976618102,1.000000002338184,7.431651122625063e-08,9.879269490092223e-05,0.0,512,512,1.0,1.0,0.9999999976618102,7.431651122350422e-08,1.0,1.0,1.0,512,0.9999999983912408,4.0792861284433795e-08,0.9999999978364545,8.433579829314597e-08,9.363985980704268e-08,0.0,0.005500866431103544,0.00550086633463712,0.9999999824634083,1.000000017536583,9.323080208895662e-08,9.8186093901249e-05,0.0
model.enc.16x16_block0.proj,0.06235490618047398,0.06235449491313141,0.9999999841173238,0.9999933885282799,1.0000065797498698,0.0001782271947480409,0.0002006711068932956,0.0,65792,65792,1.0,1.0,0.9999933885282799,0.00017822719474804065,0.999986722561859,1.0,1.0,65792,0.9999999986318683,4.056484447557014e-08,0.9999999975369985,0.0001783495752809023,1.7760272856952296e-05,0.0,0.06235451241932695,0.06235412530936613,0.99999377604071,1.0000061925007653,0.00017747302789365417,0.00019990748299034955,0.0
model.enc.16x16_block0.qkv,0.10799460299916472,0.10799285542047159,0.9999999416850635,0.9999837595931562,1.0000161240388352,0.0003415056299097703,0.00035137463963161146,0.0,197374,197376,0.9999898670557718,1.0,0.9999837595931559,0.0003415056299097713,0.9999387067116151,1.0,1.0,197374,0.9999999988484063,4.065919630545659e-08,0.9999999976703541,0.0003418913803043514,1.862746821975462e-05,0.0,0.10799439235957357,0.10799267247961242,0.9999840162087271,1.0000158677432167,0.0003410248947848275,0.00035082853161337075,0.0
model.enc.16x16_block1.affine,0.08776265338330473,0.08772916699580771,0.999994173476132,0.9996126194654352,1.0003758731267096,0.0034123485935954783,0.003424868975367094,0.0,131328,131328,1.0,1.0,0.9996126194654352,0.0034123485935954757,0.9995090036389163,1.0,1.0,131328,0.9999999999093491,4.347109139646879e-08,1.000000000204903,0.0034342665416672567,2.7185867639411226e-05,0.0,0.0877628491974178,0.08772935417165945,0.9996125220493891,1.0003759709361493,0.003412301571676765,0.00342487820626545,0.0
model.enc.16x16_block1.conv0,0.18673002389599738,0.1867271814645662,0.9999999629112449,0.999984740767176,1.0000151852870311,0.0002723513360367063,0.0002848997730486985,0.0,590069,590080,0.9999813584598698,1.0,0.999984740767176,0.00027235133603670513,0.9999387067116151,1.0,1.0,590069,0.9999999991050909,4.0967613246639476e-08,0.9999999981075678,0.00027277833723874913,3.170085532938683e-05,0.0,0.1867292871534686,0.186726570853869,0.9999854166088512,1.000014510269501,0.0002707971997859367,0.00028343892583786596,0.0
model.enc.16x16_block1.conv1,0.18673531545363603,0.18673326959175324,0.9999999701892207,0.9999890142443485,1.000010926254127,0.00024417258533956785,0.0002595039616465862,0.0,590074,590080,0.9999898318872017,1.0,0.9999890142443485,0.00024417258533956807,0.9999693467798793,1.0,1.0,590074,0.9999999989249548,4.073282140968838e-08,0.9999999979160357,0.00024441937581302404,2.5550065286689687e-05,0.0,0.18673430588381962,0.18673238821834173,0.9999897010151163,1.000010240093451,0.00024289027066309204,0.0002583298526196822,0.0
model.enc.16x16_block1.norm0,0.005500623065640738,0.005500621913148987,0.999999999995206,0.9999997904749867,1.0000002095154692,3.09646307512884e-06,9.863408555208269e-05,0.0,512,512,1.0,1.0,0.9999997904749867,3.0964630751276355e-06,1.0,1.0,1.0,512,0.9999999974334352,4.017850895684416e-08,0.999999997432079,3.1075907070414025e-06,3.3279027145415376e-06,0.0,0.005500860769967568,0.005500859549412492,0.9999997781145428,1.0000002218833497,1.468604821198693e-06,9.799268837936923e-05,0.0
model.enc.16x16_block1.norm1,0.005500831991870476,0.005500831991870476,1.0,1.0,1.0,0.0,9.879500536388668e-05,0.0,512,512,1.0,1.0,1.0,0.0,1.0,1.0,1.0,512,0.9999999986387148,4.1476484897496354e-08,0.9999999964483932,4.1498818018422134e-08,3.7246939738024715e-07,0.0,0.005500864014305832,0.005500863479242336,0.9999999027309421,1.000000097268935,3.641038703468208e-07,9.81069851167529e-05,0.0
model.enc.16x16_block1.norm2,0.005500877227345776,0.0055008771874733514,0.9999999999999933,0.9999999927516177,1.000000007248369,1.1434939271189582e-07,9.878782245987698e-05,0.0,512,512,1.0,1.0,0.9999999927516177,1.143493927095069e-07,1.0,1.0,1.0,512,1.0000000012349362,3.993872071518709e-08,1.0000000006824545,1.1967388865155607e-07,4.634968354198499e-07,0.0,0.005500865739133586,0.005500865475465445,0.9999999520677688,1.000000047932005,4.776347120174695e-07,9.815681333465657e-05,0.0
model.enc.16x16_block1.proj,0.062354165823845634,0.06235378386112797,0.9999999924181636,0.9999938667213523,1.0000061181524993,0.0001231401122675416,0.0001541186778260179,0.0,65790,65792,0.9999696011673151,1.0,0.999993866721352,0.00012314011226754204,0.999984676208281,1.0,1.0,65790,0.9999999990434901,4.080285801153383e-08,0.9999999979096192,0.0001232925641874093,1.772172626310415e-05,0.0,0.06235380805366997,0.06235345561125476,0.9999943402567552,1.0000056448881691,0.00012201170469342455,0.0001531471202145142,0.0
model.enc.16x16_block1.qkv,0.10799787649553277,0.10799665723927976,0.9999999611125848,0.9999886714812961,1.0000112508713308,0.00027887823950896614,0.00029229887259053853,0.0,197373,197376,0.9999848005836576,1.0,0.9999886714812963,0.00027887823950896527,0.9999693514772588,1.0,1.0,197373,0.9999999989093952,4.0787496536146576e-08,0.9999999979453548,0.0002791081771436288,2.0509844415270037e-05,0.0,0.1079973396374377,0.10799618655066939,0.999989284293636,1.0000106383914935,0.0002782574617565198,0.00029171281823781145,0.0
model.enc.16x16_block2.affine,0.08772311377433968,0.08768676904492707,0.9999934582761041,0.9995791490924502,1.000407939184128,0.0036156003682622177,0.0036302749132474956,0.0,131328,131328,1.0,1.0,0.9995791490924502,0.003615600368262216,0.9995085995085995,1.0,1.0,131328,0.9999999999601242,4.35914603636676e-08,1.0000000001763714,0.0036400111713814553,2.8454377598222833e-05,0.0,0.08772329705217477,0.08768695810023551,0.9995792142471066,1.000407870831427,0.003616034826808855,0.003630752273622595,0.0
model.enc.16x16_block2.conv0,0.18673314387996837,0.18673086769197206,0.9999999740566339,0.9999877845337137,1.0000121637281403,0.00022778381619365589,0.00024370376913664173,0.0,590069,590080,0.9999813584598698,1.0,0.9999877845337137,0.00022778381619365624,0.9999693463100621,1.0,1.0,590069,0.9999999990844851,4.0886867512655344e-08,0.9999999980897282,0.00022811092488248482,3.0332522169107134e-05,0.0,0.1867323421451701,0.18673018450273096,0.9999884197390894,1.0000115293389036,0.0002259520743346636,0.00024200779242551337,0.0
model.enc.16x16_block2.conv1,0.18673697577681608,0.18673531991337444,0.9999999843072169,0.99999111695029,1.0000088517427745,0.0001771581473418331,0.00019868370038048666,0.0,590069,590080,0.9999813584598698,0.9999999999999998,0.9999911169502902,0.0001771581473418341,0.9999693514772588,1.0,1.0,590069,0.9999999990717595,4.073857570717855e-08,0.9999999979792222,0.00017738050371950224,2.2749058276055827e-05,0.0,0.18673586999854014,0.18673433009455961,0.9999917381200638,1.0000082310446008,0.00017579200655441993,0.00019747978199333141,0.0
model.enc.16x16_block2.norm0,0.00550056828895435,0.00550056828895435,1.0,1.0,1.0,0.0,9.879500536390395e-05,0.0,512,512,1.0,1.0,1.0,0.0,1.0,1.0,1.0,512,0.9999999996539757,4.263808895623258e-08,1.0000000000597602,4.263949299274563e-08,4.754488538246862e-07,0.0,0.005500863690184841,0.005500863091456173,0.9999998911572242,1.0000001088425672,4.694809219746889e-07,9.809585815996188e-05,0.0
model.enc.16x16_block2.norm1,0.005500816089452633,0.005500816089452633,1.0,1.0,1.0,0.0,9.879500536388537e-05,0.0,512,512,1.0,1.0,1.0,0.0,1.0,1.0,1.0,512,0.9999999966757142,3.8395944313359525e-08,0.9999999972745044,3.853958246242022e-08,1.5438226091611469e-06,0.0,0.005500862757192489,0.005500861891640289,0.9999998426503817,1.000000157347296,1.5319149116464827e-06,9.805819213048344e-05,0.0
model.enc.16x16_block2.norm2,0.005500866798298106,0.005500866809874084,0.999999999999999,1.0000000021043907,0.9999999978956073,4.2767568531819493e-08,9.87971192211233e-05,0.0,512,512,1.0,1.0,1.0000000021043907,4.2767568530013004e-08,1.0,1.0,1.0,512,0.9999999982876431,3.955521330102907e-08,0.9999999976032437,5.721327178030938e-08,1.0425181742341647e-07,0.0,0.005500866362934282,0.005500866249104062,0.999999979306848,1.0000000206931365,1.2642096980834015e-07,9.818297416561118e-05,0.0
model.enc.16x16_block2.proj,0.06235384274940165,0.06235337568065132,0.9999999750019837,0.999992484385238,1.000007465674839,0.00022359624967736622,0.00024153044016154363,0.0,65791,65792,0.9999848005836576,1.0,0.9999924843852381,0.00022359624967736651,0.999984675034098,1.0,1.0,65791,0.9999999993458094,4.084180337126934e-08,0.9999999981197882,0.00022372227822394316,1.4897256242539848e-05,0.0,0.062353689752253895,0.062353249052762426,0.9999929073674967,1.0000070428914611,0.00022313738097121688,0.00024104180076790064,0.0
model.enc.16x16_block2.qkv,0.10799697392429328,0.10799557154086543,0.9999999408870995,0.9999869554922873,1.0000129264505344,0.0003438353196849043,0.00035439951280559885,0.0,197374,197376,0.9999898670557718,1.0000000000000002,0.9999869554922872,0.0003438353196849045,0.9999693514772588,1.0,1.0,197374,0.9999999989604192,4.0826613762834456e-08,0.9999999979453548,0.00034408244855657,2.2127774586621186e-05,0.0,0.10799634280544668,0.10799499199933561,0.9999874332553482,1.0000124491854148,0.00034309289989289954,0.000353651405030902,0.0
model.enc.16x16_block3.affine,0.0877233669116664,0.08768722794863361,0.9999933068556436,0.9995813445425021,1.0004054389528136,0.0036572143574854043,0.003671538773658496,0.0,131328,131328,1.0,1.0,0.9995813445425021,0.0036572143574854013,0.9995085995085995,1.0,1.0,131328,0.9999999998659519,4.348563012242567e-08,0.9999999998820284,0.0036810987465667544,2.6725526632501062e-05,0.0,0.0877235653620907,0.08768741220675388,0.9995811834200312,1.0004055996654806,0.0036572878671188654,0.0036716754801673227,0.0
model.enc.16x16_block3.conv0,0.1867338088922893,0.1867313858427808,0.9999999743671625,0.9999869984124556,1.0000129504902466,0.00022641630676718631,0.00024214616233513266,0.0,590077,590080,0.9999949159436009,1.0,0.9999869984124556,0.0002264163067671863,0.9999387067116151,1.0,1.0,590077,0.9999999989929871,4.095869450522013e-08,0.999999997971069,0.0002267890698843934,3.093373461555498e-05,0.0,0.18673307469900427,0.1867307740923718,0.9999876545118721,1.000012295253749,0.00022446587279963568,0.00024034606221176732,0.0
model.enc.16x16_block3.conv1,0.18673765700598235,0.18673600208524924,0.9999999840621738,0.999991121785902,1.000008846416986,0.00017853595535520335,0.00019991562590423252,0.0,590075,590080,0.9999915265726681,1.0,0.9999911217859022,0.00017853595535520256,0.9999693514772588,1.0,1.0,590075,0.9999999990221133,4.073421380825713e-08,0.9999999979811434,0.00017875640883349445,2.2410939662912412e-05,0.0,0.1867369202424549,0.18673537842473084,0.9999917276796237,1.000008241008247,0.00017714339790746836,0.00019867922314927196,0.0
model.enc.16x16_block3.norm0,0.005500564778249762,0.005500564448976276,0.9999999999990844,0.9999999401373248,1.0000000598608476,1.3531884644402745e-06,9.874441105578735e-05,0.0,512,512,1.0,1.0,0.9999999401373248,1.3531884644358858e-06,1.0,1.0,1.0,512,1.0000000000419806,4.044964376836433e-08,0.9999999979779975,1.3535995849393522e-06,1.0203069144035965e-06,0.0,0.00550086316412149,0.00550086247149892,0.9999998740882728,1.0000001259115203,4.719445175245373e-07,9.807879955375328e-05,0.0
model.enc.16x16_block3.norm1,0.005500666919665747,0.005500666919665747,1.0,1.0,1.0,0.0,9.879500536389382e-05,0.0,512,512,1.0,1.0,1.0,0.0,1.0,1.0,1.0,512,0.9999999989682543,4.01972170802333e-08,0.9999999973550908,4.021045585390413e-08,4.216069713374232e-07,0.0,0.005500864192450514,0.005500863672823065,0.9999999055370352,1.000000094462795,4.2298820636412015e-07,9.811002771392413e-05,0.0
model.enc.16x16_block3.norm2,0.0055008676954124485,0.005500867696698668,0.9999999999999926,1.0000000002338139,0.9999999997661713,1.2151485700982126e-07,9.879531394527758e-05,0.0,512,512,1.0,1.0,1.0000000002338139,1.215148570019853e-07,1.0,1.0,1.0,512,0.9999999992041928,3.854900697078837e-08,0.9999999984874579,1.2233668167251155e-07,1.3313956317828243e-07,0.0,0.005500866375796133,0.005500866281259052,0.9999999828141418,1.000000017185848,1.023458451466653e-07,9.81864537488499e-05,0.0
model.enc.16x16_block3.proj,0.062353575728473214,0.062353073329264916,0.9999999789729825,0.9999919217093556,1.0000080363015296,0.00020506915066999904,0.00022425664721300976,0.0,65791,65792,0.9999848005836576,1.0,0.9999919217093556,0.0002050691506699986,0.9999693514772588,1.0,1.0,65791,0.9999999990514487,4.063844944573475e-08,0.9999999981275678,0.00020522787679996723,1.4887464839330664e-05,0.0,0.06235356249966655,0.062353091677106724,0.9999924282261352,1.0000075299880449,0.0002045536692970814,0.00022375078340881074,0.0
model.enc.16x16_block3.qkv,0.10799393214280138,0.10799222453780333,0.9999999439047451,0.9999841318598609,1.0000157561996539,0.0003349432170183254,0.0003450880057531413,0.0,197372,197376,0.9999797341115434,1.0,0.9999841318598609,0.0003349432170183259,0.9999387067116151,1.0,1.0,197372,0.9999999991637725,4.0996991417559384e-08,0.9999999981189668,0.00033531870313335317,2.349731876325175e-05,0.0,0.10799363105952199,0.10799197546876671,0.9999846136972779,1.0000152748267765,0.00033422678471150337,0.0003443659932696165,0.0
model.enc.16x16_down.affine,0.08783623892240519,0.08780864117050574,0.999995152180523,0.9996809581935184,1.0003094449168943,0.003112799989073524,0.0031208910519745607,0.0,131328,131328,1.0,1.0,0.9996809581935184,0.0031127999890735235,0.9997544957957405,1.0,1.0,131328,0.9999999998952468,4.3613055280728135e-08,0.9999999999298729,0.003129107021123128,2.480954821834275e-05,0.0,0.08783636091394133,0.08780878337404156,0.9996811895607116,1.0003092150497876,0.0031125366356790298,0.003120651914163973,0.0
model.enc.16x16_down.conv0,0.18672783184747563,0.18672457321216765,0.9999999570205413,0.9999825057646912,1.000017408580943,0.0002931823928353833,0.00030427361785275657,0.0,590071,590080,0.9999847478308026,1.0,0.9999825057646912,0.0002931823928353832,0.9999386991969594,1.0,1.0,590071,0.9999999989877071,4.076264019995708e-08,0.9999999978221175,0.00029370364103394216,3.380814124768606e-05,0.0,0.1867273277922019,0.1867241998138498,0.9999832058867967,1.00001670933223,0.00029164831884398614,0.00030282450842758816,0.0
model.enc.16x16_down.conv1,0.1867313730454184,0.18672872446688213,0.9999999679653799,0.9999857840689718,1.0000141520629737,0.00025311543123111336,0.00026689597875624306,0.0,590071,590080,0.9999847478308026,1.0,0.999985784068972,0.0002531154312311126,0.9999387067116151,1.0,1.0,590071,0.9999999989775382,4.066054223685847e-08,0.9999999978827155,0.0002535140862983295,2.9025866153854393e-05,0.0,0.18673072601509663,0.1867281927796512,0.9999864020986816,1.0000135347790153,0.0002516041133636605,0.00026547120410346685,0.0
model.enc.16x16_down.norm0,0.005500617324925546,0.005500614693948543,0.9999999999414051,0.9999995216356354,1.0000004782474035,1.0825428166148673e-05,9.891089756027087e-05,0.0,512,512,1.0,1.0,0.9999995216356354,1.0825428166146422e-05,1.0,1.0,1.0,512,1.00000000005696,4.145874928594924e-08,0.9999999984149957,1.0834847508109127e-05,2.5302936928268144e-06,0.0,0.005500853322673825,0.005500850756936335,0.9999995335395782,1.0000004663905155,8.37399391282572e-06,9.809523275589843e-05,0.0
model.enc.16x16_down.norm1,0.005500802488744198,0.005500802488744198,1.0,1.0,1.0,0.0,9.879500536389067e-05,0.0,512,512,1.0,1.0,1.0,0.0,1.0,1.0,1.0,512,0.9999999988385819,4.190650140623667e-08,0.9999999973168804,4.192259238152729e-08,1.4382425150326074e-06,0.0,0.005500860765455914,0.00550085956933513,0.999999782556504,1.0000002174415026,1.4285481977641192e-06,9.799653804967749e-05,0.0
model.enc.16x16_down.skip,0.062356046811403956,0.06235599703535383,0.9999999998476835,0.999999201592299,1.0000007981037053,1.7453728771830562e-05,9.953899003506937e-05,0.0,65791,65792,0.9999848005836576,1.0000000000000002,0.9999992015922989,1.7453728771830335e-05,1.0,1.0,1.0,65791,0.9999999991717402,4.0631201922730696e-08,0.9999999979847369,1.7471729871729806e-05,4.736304006489843e-06,0.0,0.062355920437054596,0.06235587357660222,0.9999992483594873,1.0000007513593516,1.678468213955767e-05,9.888704951429074e-05,0.0
model.enc.32x32_block0.affine,0.08790154574026388,0.08787863761340083,0.9999962514453175,0.9997356412273996,1.0002569295988804,0.002737368840501122,0.0027426426728765843,0.0,131328,131328,1.0,1.0,0.9997356412273996,0.00273736884050112,0.9998159339816548,1.0,1.0,131328,0.999999999962057,4.372701151812088e-08,1.000000000043431,0.002750104270603613,2.7097558786083524e-05,0.0,0.08790155430917852,0.08787866102592079,0.9997358102797165,1.0002567607812136,0.002737310392298126,0.0027426082328214025,0.0
model.enc.32x32_block0.conv0,0.13206748749977745,0.13206553883774452,0.999999963270128,0.9999852082233089,1.0000147185346617,0.00027103057894535635,0.00028377523999841405,0.0,295166,295168,0.9999932241977451,1.0000000000000002,0.9999852082233087,0.00027103057894535575,0.9999387067116151,1.0,1.0,295166,0.9999999990538014,4.081592841053444e-08,0.9999999979544903,0.00027143377906397876,2.883027669615269e-05,0.0,0.13206712688178998,0.13206524444079842,0.9999857099300166,1.0000142174683193,0.00026981986109416887,0.00028259210906818696,0.0
model.enc.32x32_block0.conv1,0.1867340671387975,0.18673196778903062,0.999999978161538,0.9999887357045336,1.0000112207449363,0.00020898789860220883,0.00022659656324954363,0.0,590071,590080,0.9999847478308026,1.0,0.9999887357045338,0.00020898789860220992,0.9999540180555768,1.0,1.0,590071,0.9999999990329749,4.0805729005283253e-08,0.9999999979971992,0.00020929109058990793,2.522110579644927e-05,0.0,0.18673365730615257,0.18673165049080293,0.9999892314715049,1.0000107254658812,0.00020779120161597018,0.00022545591340521786,0.0
model.enc.32x32_block0.norm0,0.00388971423687044,0.00388971423687044,1.0,1.0,1.0,0.0,9.879500536390164e-05,0.0,256,256,1.0,1.0,1.0,0.0,1.0,1.0,1.0,256,1.000000002012486,3.978319570552516e-08,1.0000000033712757,3.9834065318503535e-08,9.150302458142354e-08,0.0,0.00388969982486776,0.003889699761203252,0.9999999836325333,1.0000000163674547,1.1116033569218755e-07,9.81872818055775e-05,0.0
model.enc.32x32_block0.norm1,0.005500903289401678,0.005500903288115466,1.0,0.9999999997661818,1.0000000002338183,5.285567421069427e-09,9.879477166399555e-05,0.0,512,512,1.0,1.0,0.9999999997661818,5.285567422288914e-09,1.0,1.0,1.0,512,1.0000000028335951,3.914552709295142e-08,1.000000002362615,3.920380858253403e-08,1.4496107369021935e-07,0.0,0.005500865771274088,0.005500865596348787,0.9999999682003925,1.0000000317995825,1.6098867743669377e-07,9.817191723904773e-05,0.0
model.enc.32x32_block0.skip,0.04417835064774634,0.04417829179682052,0.9999999998228917,0.999998667701503,1.0000013319460548,1.8820622412796283e-05,9.926348469530055e-05,0.0,33024,33024,1.0,1.0,0.999998667701503,1.8820622412796117e-05,1.0,1.0,1.0,33024,0.9999999989297025,4.073604403346691e-08,0.9999999976713838,1.8867422616373856e-05,7.081813758114728e-06,0.0,0.04417820489720842,0.04417814780602864,0.9999987075524264,1.000001292139862,1.7589223631615122e-05,9.849459925734098e-05,0.0
model.enc.32x32_block1.affine,0.08779477779964674,0.08776333836223435,0.999994257629317,0.9996361582336192,1.0003524853068664,0.0033876960433861687,0.003398385068603679,0.0,131328,131328,1.0,1.0,0.9996361582336192,0.0033876960433861683,0.9997544656558837,1.0,1.0,131328,1.0000000000976113,4.331283440853768e-08,1.000000000192145,0.003407178615543803,3.0648624125246075e-05,0.0,0.08779480414511788,0.08776339273300468,0.9996364780518273,1.0003521662581785,0.0033875498956867653,0.003398258532351103,0.0
model.enc.32x32_block1.conv0,0.18673147543093582,0.1867288591005615,0.9999999659234636,0.9999859547329071,1.0000139773103363,0.00026105777511379875,0.00027449391895354396,0.0,590073,590080,0.9999881372017354,0.9999999999999998,0.9999859547329074,0.00026105777511379826,0.9999387067116151,1.0,1.0,590073,0.9999999988927415,4.085026253331345e-08,0.99999999778403,0.00026143512551875356,2.92440719178554e-05,0.0,0.18673089832002523,0.18672838535586433,0.9999865086341324,1.0000134241688234,0.00025956953045855563,0.00027306686193937825,0.0
model.enc.32x32_block1.conv1,0.18673513171331663,0.18673313155861881,0.9999999735697377,0.9999892623841852,1.0000106848700208,0.0002299117036580704,0.0002462189137970201,0.0,590074,590080,0.9999898318872017,1.0,0.9999892623841852,0.000229911703658071,0.9999693477194703,1.0,1.0,590074,0.999999999021098,4.065230049799698e-08,0.9999999978626793,0.00023016215152910893,2.438838060671498e-05,0.0,0.18673462146169156,0.18673272057041407,0.9999897942129402,1.0000101535966284,0.00022867661050803912,0.0002450442816867201,0.0
model.enc.32x32_block1.norm0,0.005500765857127014,0.005500765857127014,1.0,1.0,1.0,0.0,9.879500536390496e-05,0.0,512,512,1.0,1.0,1.0,0.0,1.0,1.0,1.0,512,1.0000000029031613,4.058870741264663e-08,1.000000002675936,4.069240119544996e-08,2.009324394331734e-07,0.0,0.005500865047133568,0.005500864678632657,0.9999999330103506,1.0000000669896139,2.0027753746681805e-07,9.813679611911164e-05,0.0
model.enc.32x32_block1.norm1,0.005500922092833286,0.005500922082543631,0.9999999999999991,0.9999999981294664,1.000000001870532,4.228439509896144e-08,9.879314369628812e-05,0.0,512,512,1.0,1.0,0.9999999981294664,4.228439509890432e-08,1.0,1.0,1.0,512,1.0000000024448896,4.071432296908721e-08,1.0000000029360985,5.7688849119743674e-08,1.8486504922179005e-06,0.0,0.00550086255211801,0.005500861732259175,0.9999998509564397,1.0000001490401993,1.8393127372318588e-06,9.807178258639997e-05,0.0
model.enc.32x32_block2.affine,0.0878221841726675,0.08779303711332938,0.999994827784804,0.9996629422953024,1.0003268234594225,0.00321520425930378,0.003224339638963241,0.0,131328,131328,1.0,1.0,0.9996629422953024,0.0032152042593037804,0.9997545409916544,1.0,1.0,131328,1.0000000000639435,4.350919796214038e-08,0.9999999999474378,0.0032328233831302533,2.65642925067382e-05,0.0,0.08782225180544107,0.08779313572417355,0.9996632956878243,1.0003264706383683,0.003215080170427474,0.0032242315643965166,0.0
model.enc.32x32_block2.conv0,0.1867321451045198,0.18672959468272088,0.999999970976189,0.9999863127936438,1.0000136293452826,0.00024092744935260235,0.00025553984624411113,0.0,590072,590080,0.999986442516269,0.9999999999999998,0.9999863127936438,0.00024092744935260186,0.9999387067116151,1.0,1.0,590072,0.9999999989606244,4.071347480177589e-08,0.9999999978549667,0.00024131572188653487,2.9340525437060422e-05,0.0,0.186731462599865,0.1867290242343268,0.9999869131995871,1.000013029648897,0.00023941707381311354,0.0002541189538237464,0.0
model.enc.32x32_block2.conv1,0.18673535514661385,0.18673344553063362,0.9999999754565377,0.999989749134201,1.000010201883453,0.0002215534251671791,0.00023861161932905577,0.0,590072,590080,0.999986442516269,1.0000000000000002,0.999989749134201,0.00022155342516717868,0.9999693486590038,1.0,1.0,590072,0.9999999989475449,4.060312567964888e-08,0.9999999979302925,0.0002217903056292361,2.3346444861618686e-05,0.0,0.18673483781263636,0.1867330374331095,0.9999903343155916,1.0000096171466188,0.00022052167240398375,0.00023765132441070792,0.0
model.enc.32x32_block2.norm0,0.005500793676249236,0.005500793491033573,0.9999999999997676,0.9999999663290514,1.000000033670485,6.816670344465722e-07,9.876368401493015e-05,0.0,512,512,1.0,1.0,0.9999999663290514,6.816670344424786e-07,1.0,1.0,1.0,512,1.0000000004005036,4.1605985972990704e-08,0.9999999982083373,6.824398727399559e-07,6.624078080303517e-07,0.0,0.005500864252899325,0.005500863747418846,0.9999999081088305,1.0000000918910432,3.671601331054281e-07,9.811237488814268e-05,0.0
model.enc.32x32_block2.norm1,0.0055008865909945085,0.0055008865909945085,1.0,1.0,1.0,0.0,9.879500536389529e-05,0.0,512,512,1.0,1.0,1.0,0.0,1.0,1.0,1.0,512,0.9999999986533769,3.9451260212346584e-08,0.999999997452216,3.9474236231773105e-08,3.0561972473289765e-07,0.0,0.005500864102408617,0.005500863579562845,0.99999990495202,1.0000000950478982,3.017835622651556e-07,9.810899486515037e-05,0.0
model.enc.32x32_block3.affine,0.08781983381148542,0.08779022180029805,0.9999947742984819,0.9996575855888402,1.0003320767432942,0.0032317686656062102,0.0032412589226568163,0.0,131328,131328,1.0,1.0,0.9996575855888402,0.0032317686656062115,0.9997545108628944,1.0,1.0,131328,0.9999999998023593,4.374331929595982e-08,0.9999999998851936,0.003249857723333412,2.2233320323489083e-05,0.0,0.08781994505603478,0.08779034763993637,0.9996577527093737,1.0003319105125945,0.0032316142471407374,0.003241134928175561,0.0
model.enc.32x32_block3.conv0,0.18673206570657616,0.18672953986698365,0.9999999644659532,0.9999864379219545,1.0000134911929217,0.000266582388332199,0.00027990111812481455,0.0,590072,590080,0.999986442516269,0.9999999999999998,0.9999864379219547,0.0002665823883321992,0.9999387067116151,1.0,1.0,590072,0.9999999989393482,4.072405941902281e-08,0.9999999979109498,0.0002669269053112688,2.959797694560277e-05,0.0,0.18673134821693474,0.18672893250866313,0.9999870280305547,1.0000129018202075,0.0002651693427462368,0.00027855484734499216,0.0
model.enc.32x32_block3.conv1,0.186736226037312,0.18673441143663375,0.999999980554994,0.9999902631012278,1.0000096981031898,0.0001972035901059421,0.00021639804867246604,0.0,590074,590080,0.9999898318872017,1.0,0.9999902631012278,0.0001972035901059423,0.999969349128749,1.0,1.0,590074,0.999999999023612,4.060166966108899e-08,0.9999999978251052,0.000197443603547307,2.2289240798311825e-05,0.0,0.18673578020217294,0.18673406636659953,0.9999908029077863,1.0000091587194402,0.0001961027821164284,0.0002153737452011952,0.0
model.enc.32x32_block3.norm0,0.005500757422292577,0.00550075610530519,0.999999999985352,0.999999760566071,1.0000002394046905,5.412564666674782e-06,9.870409132015383e-05,0.0,512,512,1.0,1.0,0.999999760566071,5.412564666673179e-06,1.0,1.0,1.0,512,1.0000000001106297,4.1477101237421936e-08,0.9999999969294867,5.418371983923487e-06,4.697080343415762e-06,0.0,0.005500861594362237,0.0055008606007939526,0.999999819378939,1.00000018061994,1.0741812851449517e-06,9.802883581440818e-05,0.0
model.enc.32x32_block3.norm1,0.005500803457854637,0.005500803457854637,1.0,1.0,1.0,0.0,9.879500536389388e-05,0.0,512,512,1.0,1.0,1.0,0.0,1.0,1.0,1.0,512,1.0000000004084728,4.1133171682216376e-08,1.0000000003639729,4.113519980237448e-08,1.1640778854805465e-06,0.0,0.00550086298027565,0.005500862255532605,0.9999998682485435,1.0000001317501415,1.1542397955746997e-06,9.807861696280405e-05,0.0
model.enc.32x32_conv,0.014553939272098103,0.014553937865964643,0.999999999991043,0.9999999033757258,1.0000000966063696,4.232528129064374e-06,9.878910050999004e-05,0.0,3584,3584,1.0,1.0,0.9999999033757258,4.232528129065112e-06,1.0,1.0,1.0,3584,0.9999999986033452,3.994711149216774e-08,0.9999999975723671,4.233817592717306e-06,2.7733304929511204e-06,0.0,0.014553915605807379,0.01455391365932232,0.9999998662552375,1.0000001337413549,1.850757854869453e-06,9.808729552220989e-05,0.0
model.enc.8x8_block0.affine,0.0876537799519309,0.08761194354169306,0.9999920416138914,0.9995147538424972,1.0004695572994968,0.003987670834666213,0.004006749601640434,0.0,131328,131328,1.0,1.0,0.9995147538424972,0.003987670834666215,0.9993847176140304,1.0,1.0,131328,1.0000000000519842,4.3497691079361185e-08,1.0000000002927107,0.00401708624805138,3.278577773472976e-05,0.0,0.08765390685439274,0.08761207210125871,0.9995147736270217,1.0004695378736272,0.0039876236405052175,0.00400675542958984,0.0
model.enc.8x8_block0.conv0,0.18673306565928008,0.18673054902976416,0.9999999713101327,0.999986494160626,1.0000134486412753,0.00023953744471576615,0.0002542902663697184,0.0,590076,590080,0.9999932212581345,1.0,0.999986494160626,0.0002395374447157656,0.9999387067116151,1.0,1.0,590076,0.9999999992346611,4.129534051869583e-08,0.999999998330988,0.00023991770570135892,3.1966157249082515e-05,0.0,0.1867324172477514,0.18673004622453476,0.9999872743538126,1.000012669389531,0.00023752147216277077,0.00025245553224712236,0.0
model.enc.8x8_block0.conv1,0.1867362269780801,0.18673429647231937,0.9999999737955924,0.9999896356531688,1.0000103120448942,0.0002289273496228947,0.00024543407961050346,0.0,590074,590080,0.9999898318872017,1.0,0.9999896356531688,0.00022892734962289465,0.9999693495984797,1.0,1.0,590074,0.9999999989937696,4.1042893769246565e-08,0.9999999979811434,0.00022916165308265856,2.479722088474947e-05,0.0,0.1867350180208102,0.18673319574919856,0.9999902154567911,1.0000097327436412,0.0002278020744449094,0.0002443803091222391,0.0
model.enc.8x8_block0.norm0,0.005500457375664895,0.005500449505761025,0.9999999994726079,0.9999985686999778,1.000001430247285,3.2477397144255274e-05,0.0001026384593230594,0.0,512,512,1.0,1.0,0.9999985686999778,3.247739714425884e-05,1.0,1.0,1.0,512,1.000000000393037,4.125137264872835e-08,0.9999999990639132,3.2507726969655717e-05,2.121541765223984e-06,0.0,0.0055008168288354,0.005500807262676517,0.9999982604040807,1.0000017384937876,3.324382940854315e-05,0.00010203253433463607,0.0
model.enc.8x8_block0.norm1,0.0055006764402689284,0.0055006764402689284,1.0,1.0,1.0,0.0,9.879500536388949e-05,0.0,512,512,1.0,1.0,1.0,0.0,1.0,1.0,1.0,512,0.9999999989096936,4.009677786254766e-08,1.0000000008815748,4.011159886207937e-08,7.150868017191866e-07,0.0,0.005500863083752954,0.0055008623647715285,0.9999998692963638,1.0000001307031512,7.08711334463131e-07,9.80754326481401e-05,0.0
model.enc.8x8_block1.affine,0.08764443081906029,0.08760132049833623,0.999991662432253,0.9994997890652181,1.0004837778597786,0.004081502889220055,0.004101601151833377,0.0,131328,131328,1.0,1.0,0.9994997890652181,0.004081502889220058,0.9993847668266272,1.0,1.0,131328,1.0000000001273592,4.363757520151543e-08,1.0000000003108171,0.004112040617850092,3.0304704916752113e-05,0.0,0.08764456844886975,0.08760147712109626,0.9995000057183002,1.0004835593483163,0.004081705009089622,0.004101836584788198,0.0
model.enc.8x8_block1.conv0,0.18673110292819792,0.18672836253453362,0.9999999649683738,0.9999852893544814,1.0000146407976431,0.00026469075333669607,0.00027774984094441793,0.0,590073,590080,0.9999881372017354,1.0000000000000002,0.9999852893544809,0.000264690753336696,0.9999387067116151,1.0,1.0,590073,0.9999999993194785,4.132752185146064e-08,0.9999999984549124,0.0002650990026997708,3.256933736117463e-05,0.0,0.18673047416726166,0.18672786663651172,0.9999860012807245,1.0000139297576118,0.0002629728709563679,0.0002761494928542558,0.0
model.enc.8x8_block1.conv1,0.1867352810833876,0.18673305794370576,0.9999999800283709,0.9999880747278592,1.0000118854706204,0.00019985571409089907,0.00021793656165185708,0.0,590077,590080,0.9999949159436009,1.0,0.9999880747278592,0.00019985571409089793,0.9999387067116151,1.0,1.0,590077,0.9999999991003882,4.0982656462673516e-08,0.99999999810133,0.00020021099404461516,2.660893770878513e-05,0.0,0.18673423281493487,0.18673212300160635,0.9999886818650997,1.0000112789558873,0.00019825685774341135,0.0002164772292125711,0.0
model.enc.8x8_block1.norm0,0.005500463920182441,0.005500461280760075,0.9999999999414022,0.9999995200869018,1.0000004797961328,1.0825682490180998e-05,9.89093858213474e-05,0.0,512,512,1.0,1.0,0.9999995200869018,1.0825682490179692e-05,1.0,1.0,1.0,512,0.9999999989743118,3.888543860014172e-08,0.9999999975329064,1.0836743431521618e-05,1.0687342721975068e-05,0.0,0.005500859607306317,0.005500858222792771,0.9999997483079692,1.0000002516888291,1.8069242266992382e-06,9.796853927252932e-05,0.0
model.enc.8x8_block1.norm1,0.005500580289246354,0.005500580289246354,1.0,1.0,1.0,0.0,9.879500536389493e-05,0.0,512,512,1.0,1.0,1.0,0.0,1.0,1.0,1.0,512,1.0000000015288126,3.9737759407520615e-08,1.000000000428638,3.976715718574376e-08,2.2828873374127828e-06,0.0,0.005500860169526899,0.005500858924628176,0.9999997736875844,1.0000002263072933,2.2745534933575038e-06,9.800365694512314e-05,0.0
model.enc.8x8_block2.affine,0.08759717745630581,0.08755056731463415,0.9999907089002037,0.9994586174565561,1.000523083618516,0.0043084038318518736,0.004331505808522246,0.0,131328,131328,1.0,1.0,0.9994586174565561,0.004308403831851875,0.9992613566416348,1.0,1.0,131328,0.999999999674191,4.348500872688415e-08,0.9999999997170088,0.004342284894634262,3.2635654917362754e-05,0.0,0.08759733313824097,0.08755071655094754,0.9994585461065698,1.0005231576193785,0.004308105167265934,0.004331273895407135,0.0
model.enc.8x8_block2.conv0,0.18672200301886624,0.18671767848454626,0.9999999247212048,0.9999767644405495,1.0000230855382712,0.0003880085187426187,0.0003953343424912703,0.0,590077,590080,0.9999949159436009,0.9999999999999998,0.9999767644405497,0.0003880085187426196,0.9998774059090352,1.0,1.0,590077,0.9999999992352885,4.126133218899617e-08,0.999999998334255,0.0003887034541794184,3.719737674891734e-05,0.0,0.18672158268796066,0.18671743207618274,0.9999776963401409,1.0000221545922672,0.0003867235077798967,0.0003941381904890391,0.0
model.enc.8x8_block2.conv1,0.18672570162468743,0.18672198441301308,0.9999999422633318,0.9999800349263803,1.0000198499965933,0.00033980690944569465,0.00034886300960309326,0.0,590076,590080,0.9999932212581345,1.0,0.9999800349263801,0.00033980690944569476,0.9999386879215205,1.0,1.0,590076,0.9999999990783902,4.1053968882647766e-08,0.9999999980614297,0.00034039279183923363,3.1252804576086966e-05,0.0,0.18672506067421063,0.18672146728728736,0.9999806984523756,1.0000191873545206,0.00033846571506432257,0.00034757268945042843,0.0
model.enc.8x8_block2.norm0,0.005500709870395124,0.005500709685191639,0.9999999999997676,0.9999999663307523,1.0000000336687842,6.81677529302363e-07,9.87636857883341e-05,0.0,512,512,1.0,1.0,0.9999999663307523,6.816775293031194e-07,1.0,1.0,1.0,512,0.9999999979263421,3.9320575995656106e-08,0.999999995743118,6.841678712554941e-07,1.7859079130465338e-06,0.0,0.005500857762257659,0.0055008559687400385,0.9999996739548876,1.0000003260415224,1.9225315113757344e-06,9.789639409203956e-05,0.0
model.enc.8x8_block2.norm1,0.0055006533907075664,0.005500650097954219,0.9999999999378012,0.9999994013264885,1.0000005985494724,1.1153355751937664e-05,9.882777898365978e-05,0.0,512,512,1.0,1.0,0.9999994013264885,1.1153355751935578e-05,1.0,1.0,1.0,512,1.0000000000894786,4.1273699551255596e-08,0.999999998541955,1.1171349941386812e-05,1.1555850667353975e-05,0.0,0.005500856942468786,0.005500855030963778,0.999999652500438,1.000000347485005,3.831157142264574e-06,9.793103697266574e-05,0.0
model.enc.8x8_block3.affine,0.08746974854099447,0.08741435604526561,0.9999882055416872,0.9993549369736586,1.000621875397651,0.0048537522146542885,0.00488487913644101,0.0,131328,131328,1.0,1.0,0.9993549369736586,0.004853752214654289,0.9985979770875241,1.0,1.0,131328,1.000000000300562,4.356942183747069e-08,1.0000000005030465,0.004896429117730951,3.6042711451555815e-05,0.0,0.08746981502159189,0.087414415058013,0.9993548531935238,1.000621961514547,0.004853522460966288,0.004884723472175085,0.0
model.enc.8x8_block3.conv0,0.1866265454321005,0.18660664583416472,0.9999995592978778,0.9998929314378382,1.000106198528635,0.0009387311095301073,0.0009388604001582124,0.0,590074,590080,0.9999898318872017,1.0,0.9998929314378382,0.0009387311095301056,0.9997543601080816,1.0,1.0,590074,0.9999999990106556,4.087213019222442e-08,0.9999999980212243,0.0009448171070594788,4.732603598911857e-05,0.0,0.1866271830745241,0.186607301037595,0.999893026869282,1.0001061050181574,0.0009376969510774929,0.0009378301369721048,0.0
model.enc.8x8_block3.conv1,0.18667222555168256,0.18665963059314464,0.9999997576358193,0.9999322866692727,1.0000672331550053,0.0006961773443334422,0.0006969392503846109,0.0,590074,590080,0.9999898318872017,1.0,0.9999322866692729,0.000696177344333442,0.9997547817557626,1.0,1.0,590074,0.9999999989774343,4.087300631419144e-08,0.9999999979772141,0.0006994624318285409,4.1289858149464145e-05,0.0,0.18667251593397152,0.18666003556831387,0.9999329014596274,1.000066619910984,0.0006950071166659693,0.0006957707111538247,0.0
model.enc.8x8_block3.norm0,0.005500809092749689,0.0055008069987929325,0.9999999999914607,0.999999619328049,1.0000003806550173,4.132617963260562e-06,9.850104326671615e-05,0.0,512,512,1.0,1.0,0.999999619328049,4.1326179632556245e-06,1.0,1.0,1.0,512,0.9999999962587965,4.277201986881656e-08,0.9999999936216952,4.149039369416755e-06,4.187847045037397e-06,0.0,0.0055008540423953116,0.005500851572278132,0.9999995509564241,1.0000004490415995,1.4758808609023958e-06,9.776564312249792e-05,0.0
model.enc.8x8_block3.norm1,0.005500785478748396,0.005500778233525101,0.99999999986511,0.9999986827398881,1.000001316992067,1.6424954434555028e-05,9.885199990209898e-05,0.0,512,512,1.0,1.0,0.9999986827398881,1.6424954434552727e-05,1.0,1.0,1.0,512,0.9999999999011661,3.970490628717816e-08,0.9999999982292398,1.647741326220223e-05,1.5032362469396159e-05,0.0,0.005500831541339751,0.005500824741905298,0.9999987639029259,1.0000012360523105,6.8037965078984175e-06,9.720582021291789e-05,0.0
model.enc.8x8_down.affine,0.08776342266263294,0.08773012054708776,0.9999939616401858,0.9996145106861929,1.0003735566327308,0.00347383359301294,0.0034859890757457917,0.0,131328,131328,1.0,1.0,0.9996145106861929,0.0034738335930129395,0.9996929689898679,1.0,1.0,131328,1.0000000001444846,4.356168791927227e-08,1.0000000002732357,0.0034951570352469803,2.8735801038247095e-05,0.0,0.08776352600336128,0.08773024447333524,0.9996147463800189,1.000373322144612,0.0034736353386022076,0.003485818684517853,0.0
model.enc.8x8_down.conv0,0.18673033604342568,0.18672736587684727,0.9999999618942192,0.9999840557135304,1.000015868327919,0.0002760600215125182,0.00028825019513171535,0.0,590076,590080,0.9999932212581345,1.0000000000000002,0.9999840557135302,0.0002760600215125182,0.9999387067116151,1.0,1.0,590076,0.9999999991619477,4.114850317633955e-08,0.9999999982396004,0.0002765198441492778,3.243321984262677e-05,0.0,0.1867297256232384,0.18672687988352338,0.9999847224886139,1.00001520249155,0.00027431696818797546,0.00028660262508991874,0.0
model.enc.8x8_down.conv1,0.18673490173761217,0.18673272290043488,0.9999999712253164,0.9999883031488384,1.00001163943794,0.00023989169193157746,0.00025523573907523735,0.0,590075,590080,0.9999915265726681,1.0,0.9999883031488381,0.00023989169193157676,0.9999540177031843,1.0,1.0,590075,0.9999999991480484,4.1009050710885685e-08,0.9999999981101148,0.00024017647333289486,2.645271969891407e-05,0.0,0.18673371415806259,0.18673166094096602,0.999988976110592,1.0000109670867319,0.00023858399837385606,0.0002540346745248063,0.0
model.enc.8x8_down.norm0,0.005500451085621843,0.0055004458215753334,0.999999999765606,0.9999990427447316,1.0000009567873964,2.1651488041110756e-05,0.00010020522144532618,0.0,512,512,1.0,1.0,0.9999990427447316,2.165148804110951e-05,1.0,1.0,1.0,512,0.9999999991278326,4.0102561701913824e-08,0.9999999976082867,2.167423109184541e-05,1.43678021747533e-05,0.0,0.0055008538166531505,0.00550085130120825,0.9999995426904997,1.0000004572559689,7.330787656387834e-06,9.80207996970388e-05,0.0
model.enc.8x8_down.norm1,0.005500822968498548,0.005500822968498548,1.0,1.0,1.0,0.0,9.879500536388351e-05,0.0,512,512,1.0,1.0,1.0,0.0,1.0,1.0,1.0,512,1.000000000627202,3.9350624867105264e-08,1.0000000014841786,3.9355622976806816e-08,8.376817022424492e-07,0.0,0.005500863023957947,0.005500862313342964,0.9999998708171993,1.0000001291821234,8.328742366743234e-07,9.807792958420914e-05,0.0
model.enc.8x8_down.skip,0.06235603933597594,0.06235598299404292,0.9999999998452063,0.9999990962930627,1.0000009033981663,1.7595080505267034e-05,9.946022752904634e-05,0.0,65791,65792,0.9999848005836576,1.0,0.9999990962930627,1.759508050526685e-05,1.0,1.0,1.0,65791,0.9999999989280862,4.085657098854322e-08,0.9999999978769378,1.761822203245877e-05,4.774677302033839e-06,0.0,0.06235589321959676,0.06235584118573503,0.9999991653876373,1.0000008343199787,1.7119574515426016e-05,9.88627272634689e-05,0.0
model.map_layer0,0.062355607236424,0.06233947543640898,0.9999972321099027,0.9997385263402226,1.0002560048257627,0.002352213558243612,0.002358065875894277,0.0,66048,66048,1.0,1.0,0.9997385263402226,0.002352213558243614,0.9990297444916301,1.0,1.0,66048,1.0000000003332208,4.322182088122667e-08,1.000000000600891,0.0023667018358329594,1.0862825808794679e-05,0.0,0.06235565207094742,0.06233952483279552,0.9997385995203767,1.0002559312787023,0.002352283616397025,0.002358170188475791,0.0
model.map_layer1,0.12432724972104449,0.124296114077063,0.9999970332126905,0.9997466009729481,1.0002475281846361,0.002435281147664866,0.002440425433664771,0.0,262656,262656,1.0,1.0,0.9997466009729481,0.002435281147664867,0.999569998157135,1.0,1.0,262656,1.0000000000960958,4.362372427002061e-08,1.0000000000853992,0.00244842922540536,1.27489903492421e-05,0.0,0.12432727875513842,0.12429614066607131,0.9997465816000305,1.0002475480376292,0.0024351845970482814,0.002440366399094816,0.0
