layer,update_reference_l2,update_probe_l2,update_cosine,s_K_star_layer,c_K_star_layer,R_opt_layer,layer_residual_with_global_c_star,support_atol,support_coordinate_count,coordinate_count,support_coordinate_coverage,support_energy_coverage,h_update_weighted_mean,h_update_weighted_std,h_update_p05,h_update_p50,h_update_p95,h_moment_coordinate_count,h_moment_weighted_mean,h_moment_weighted_std,h_moment_p50,h_update_minus_moment_weighted_rmse,h_update_minus_moment_eps_weighted_rmse,off_support_candidate_energy_exact,predicted_reference_l2,predicted_probe_l2,s_K_star_predicted_layer,c_K_star_predicted_layer,R_pred_layer,predicted_layer_residual_with_global_c_star,predicted_off_support_candidate_energy_exact
model.dec.16x16_block0.affine,0.005905530136628857,0.005768207904696969,0.998303139225115,0.9750894374826228,1.0220694835538922,0.056876885344780144,0.05823140883928067,0.0,131036,131328,0.9977765594541911,1.0,0.9750894374826228,0.05686326246501819,0.6547275583590184,0.9731814285752913,1.4,131036,0.9750911918967482,0.05686538597311212,0.9725875373367305,0.0009178035877685679,0.0009178033839844392,2.2044363898421038e-09,0.005905526809102553,0.0057682142559909244,0.975091196876584,1.0220679251539135,0.05687464305217743,0.058229008071258366,0.0
model.dec.16x16_block0.conv0,0.022396642955566506,0.021850101644153838,0.9981436506656997,0.9737861279380591,1.0231104333698442,0.059417413416804524,0.060916445641890575,0.0,1178944,1179904,0.9991863744847038,1.0000000000000002,0.9737861279380589,0.05939702513742704,0.6060606060606061,0.9746835443037974,1.336283185840708,1178944,0.973786225157769,0.05940897215582326,0.9746609378490534,0.00137599496244965,0.001375994961813808,4.956929348284393e-08,0.022396636397850674,0.021850087034551362,0.973786264335821,1.0231113457074306,0.059409157131607104,0.06090801499800608,0.0
model.dec.16x16_block0.conv1,0.016071280015758894,0.015653181898736237,0.9980872429833656,0.9721217693865833,1.0247462570812833,0.06021286464418334,0.06188637786961356,0.0,589541,590080,0.9990865645336225,1.0,0.9721217693865833,0.06018782353182971,0.6,0.9727598566308244,1.34375,589541,0.9721228897916958,0.060200784312632975,0.9727339542688482,0.001572750448043354,0.0015727504468596336,3.1767321744725994e-08,0.016071257984889387,0.015653166878460373,0.9721227950908966,1.0247464954443364,0.06020278333830178,0.06187599949598653,0.0
model.dec.16x16_block0.norm0,0.0005884758842929597,0.0005711175685028139,0.9983580025637164,0.9689093642377101,1.0287016908616449,0.055592951788257176,0.0576695372664478,0.0,1023,1024,0.9990234375,1.0,0.9689093642377101,0.05558704629497879,0.5178494623655914,0.9651162790697675,1.2747252747252746,1023,0.9689496458778843,0.055630527342065667,0.9641791639516868,0.0020443039310442043,0.0020443039310011502,9.275498545863729e-12,0.0005884809540856844,0.0005711458183567845,0.9689495644610727,1.0286603313096927,0.05558438893847486,0.057653791802022,0.0
model.dec.16x16_block0.norm1,0.0004394988405359075,0.00042910812390312825,0.9982298882492294,0.9746295440696612,1.0224017072509834,0.05806735857641583,0.05947606150909358,0.0,511,512,0.998046875,1.0,0.9746295440696612,0.05794306067188532,0.6865497076023392,0.9705882352941176,1.2922201138519924,511,0.9746315546153554,0.05791568276844481,0.9725504664084886,0.0036075743607651505,0.003607574361095866,1.1362485718683068e-10,0.0004395147630537333,0.00042912299144401634,0.9746397665564079,1.0224156641008901,0.057869483360311,0.05927362233026343,0.0
model.dec.16x16_block0.skip,0.006823037028658921,0.0066432795645391595,0.9980820033148179,0.9717868668314816,1.0250886478728944,0.060274744891751685,0.06198694958775316,0.0,131299,131328,0.9997791788499025,0.9999999999999997,0.971786866831482,0.060269519160944945,0.5958711406784517,0.9714285714285714,1.3441989350086663,131299,0.9717869744002792,0.06027690460042353,0.9714204656610417,0.0006705397477965789,0.000670539747830035,1.1963165750531923e-09,0.006823037235291334,0.0066432805857067475,0.9717870198171824,1.0250885561966712,0.060274219666862264,0.06198637190291909,0.0
model.dec.16x16_block1.affine,0.0063721240372252306,0.006221672063398585,0.9983548479920186,0.9747827303461092,1.0224969846924459,0.05598377960094265,0.05734127420843321,0.0,131090,131328,0.9981877436647173,1.0,0.9747827303461094,0.05597302344477301,0.5495495495495496,0.9823616478609818,1.4346038254845528,131090,0.9747814741137679,0.05598586709410588,0.9817484751397961,0.0009371145856776796,0.0009371144765099927,1.994679431248106e-09,0.006372131614520076,0.006221669818872584,0.9747813090570364,1.0224986633500144,0.05598213416666489,0.0573396906099003,0.0
model.dec.16x16_block1.conv0,0.02264565567345526,0.022069713198795752,0.9980702503424599,0.9726865273822951,1.0241163998636795,0.06051564309876128,0.062134860729111535,0.0,1178920,1179904,0.9991660338468215,1.0,0.9726865273822951,0.060494334583590825,0.5970768618994089,0.973292537023217,1.3451254896271583,1178920,0.9726863392795634,0.06051055135844422,0.9732852977806745,0.0013953570749824617,0.0013953570748109405,5.3943764122807066e-08,0.02264564317060362,0.022069686006390223,0.9726862811369049,1.0241175334106412,0.06050892814031333,0.06212803794954313,0.0
model.dec.16x16_block1.conv1,0.015393490288741141,0.014981508605148372,0.9980229539721602,0.9713124959064926,1.025467932156826,0.06116839325553712,0.06295013634472404,0.0,589487,590080,0.9989950515184381,0.9999999999999999,0.9713124959064926,0.06113895867096459,0.5932203389830508,0.9717682020802377,1.3520270446088587,589487,0.9713131898774472,0.061154620764279785,0.971747773205834,0.0017287607653291765,0.0017287607639633238,3.480020143283031e-08,0.015393502079692468,0.014981518028856368,0.9713132038455267,1.0254689604371894,0.06115502958013452,0.06293646236685074,0.0
model.dec.16x16_block1.norm0,0.0006428037076321223,0.0006239092401164579,0.9985159452278084,0.9691657301201864,1.0287550022538883,0.05285934998084161,0.05487336628155835,0.0,1024,1024,1.0,1.0,0.9691657301201864,0.05285934998084161,0.5669184652278177,0.9673201063223846,1.2615603413246648,1024,0.9691809696910283,0.05288082646852753,0.9676150743952323,0.0021103095139563097,0.0021103095141646547,0.0,0.0006427944857103242,0.0006239103283231526,0.9691836294938421,1.028740895358391,0.05281792713208313,0.05482841418549777,0.0
model.dec.16x16_block1.norm1,0.00047129481998746387,0.0004579778863358569,0.9985151144886893,0.9703010137478277,1.0275496157746775,0.052936112592003114,0.05475818304720173,0.0,511,512,0.998046875,1.0,0.9703010137478277,0.05292100292756563,0.5358695652173913,0.974025974025974,1.3137254901960784,511,0.9700956794804423,0.05350770051487172,0.9719578988000239,0.004679319142726193,0.004679319143090233,1.4492966477912075e-11,0.0004713028703955816,0.00045789102272195944,0.9700931902858647,1.0277544541256336,0.05305730553514978,0.054913821869365505,0.0
model.dec.16x16_block1.skip,0.006152922244473235,0.005979514778265731,0.9979956276808061,0.9698691722818704,1.0269377575190552,0.06149941457533959,0.0634772988521882,0.0,131304,131328,0.9998172514619883,1.0,0.9698691722818704,0.06149392693103542,0.5814117518407816,0.9699248120300752,1.3525819758536308,131304,0.9698696527767002,0.061495513994004845,0.9699306007006231,0.0005844705751650753,0.0005844705750798401,1.0423834025322012e-09,0.006152919415200636,0.005979514426292514,0.9698696971612099,1.0269374897553794,0.061497294459112686,0.06347503761391828,0.0
model.dec.16x16_block2.affine,0.005952191197308976,0.005721520479007465,0.9976603633913835,0.9589971173672167,1.0378823696725459,0.06571577196393945,0.07008491824990036,0.0,131044,131328,0.9978374756335283,1.0,0.9589971173672167,0.0657110997546333,0.553683358177368,0.9632547600335718,1.2819593651900938,131044,0.9589973159560813,0.06572061503475035,0.9625137094027798,0.0009224571859357196,0.0009224570643760106,8.87477368406449e-10,0.005952192097751965,0.005721520934659427,0.9589971934575373,1.0378826007317352,0.06571365423078163,0.07008270891914424,0.0
model.dec.16x16_block2.conv0,0.02231529779213721,0.021680299561841494,0.9979712750817683,0.9695732676043073,1.0272010369563804,0.061854142949483805,0.0638792982485568,0.0,1178949,1179904,0.999190612117596,1.0,0.9695732676043072,0.06183127245726833,0.584070796460177,0.9698189134808853,1.3542407190384342,1178949,0.9695737266670761,0.06184737503524153,0.969792243471891,0.0014084070491730883,0.0014084070484364991,5.7464079815158865e-08,0.022315277438043523,0.021680277592502493,0.9695735813865665,1.0272015773313787,0.061847679431243356,0.06387267427908533,0.0
model.dec.16x16_block2.conv1,0.014576989293824593,0.0141549538279442,0.9979381190831953,0.9690456454373855,1.0276920330928354,0.062325163764346436,0.06443534773469645,0.0,589429,590080,0.9988967597613883,0.9999999999999999,0.9690456454373856,0.06229191267682454,0.5782640767150234,0.9691629955947136,1.355661476081611,589429,0.9690463751898138,0.06231551414171294,0.9691635962847845,0.0018801601259945324,0.0018801601251169568,3.591833209820672e-08,0.014576986240452278,0.014154949362760887,0.9690464339150905,1.027693087129137,0.06231129931348273,0.06442117680757908,0.0
model.dec.16x16_block2.norm0,0.0006436801844761201,0.0006209748830292057,0.9981381781269592,0.9629296556858161,1.034634063611881,0.05884176858499981,0.062231517819803524,0.0,1023,1024,0.9990234375,1.0,0.9629296556858161,0.05881261635362216,0.6127906976744186,0.9627450980392157,1.3834590041437402,1023,0.9628727897855337,0.058915365412120065,0.9621605660552818,0.0019165369073482065,0.0019165369075697552,5.79718659116483e-11,0.0006436871910977127,0.0006209451220923626,0.962868604665446,1.0346901646984141,0.05891060197509793,0.06231547443585265,0.0
model.dec.16x16_block2.norm1,0.0004063066474817843,0.0003903474665596369,0.997534757675192,0.9583529284520248,1.0383185183953005,0.06741777532232451,0.07193986031303007,0.0,512,512,1.0,1.0,0.9583529284520248,0.06741777532232451,0.3333333333333333,0.964517625231911,1.2293650793650792,512,0.9583082113402693,0.06718562305266206,0.960340300418635,0.003928838208274123,0.0039288382068613185,0.0,0.0004063140511297135,0.0003903399446277931,0.9583368890709685,1.0383789989038485,0.06713190739241964,0.07166481474120208,0.0
model.dec.16x16_block2.skip,0.005261838820732591,0.005100547194027744,0.9979458273677144,0.9673557026331369,1.029503285761183,0.06209970730874329,0.06449381414131962,0.0,131284,131328,0.9996649610136452,1.0,0.9673557026331369,0.062093188675258135,0.5652849515566043,0.966981370063245,1.3595238745839302,131284,0.9673563740718487,0.062100274749516585,0.9669382895673798,0.000768774995455094,0.0007687749954747006,9.143773898393096e-10,0.005261839117057809,0.0051005506687176,0.967356446338129,1.0295027905256244,0.062097577969199375,0.06449147746501979,0.0
model.dec.16x16_block3.affine,0.0064286405954542165,0.006190499329811342,0.9983797439344606,0.9613959660606621,1.036786244467917,0.05479455091802808,0.05869679120925562,0.0,131024,131328,0.9976851851851852,0.9999999999999999,0.9613959660606622,0.054787611520097465,0.6916299559471366,0.9609375,1.2417051630434779,131024,0.9613960537233817,0.05478670498104003,0.9602372627657227,0.0006325377805479277,0.0006325380946559954,1.282026584704738e-09,0.006428636522448185,0.006190495514386034,0.9613961499743157,1.0367864070629405,0.05479161567667032,0.05869374681024967,0.0
model.dec.16x16_block3.conv0,0.020750436108641548,0.020130098291569396,0.9979766265551412,0.9681419455506088,1.028730705995753,0.06168106893516694,0.0639333188407324,0.0,1178744,1179904,0.9990168691690171,1.0,0.9681419455506088,0.061658539253639726,0.585820895522388,0.9679752066115702,1.3515592174369717,1178744,0.9681407910105835,0.06167289149284562,0.9679319411133418,0.001449501297582439,0.001449501296986466,4.881003892882041e-08,0.020750438293199076,0.020130066267211547,0.9681409061729053,1.028733091333129,0.06167150312525555,0.06392380628362695,0.0
model.dec.16x16_block3.conv1,0.014042967496524096,0.013601263037073383,0.9978151306355624,0.9664300695351778,1.0302194295383766,0.0639897974562135,0.06656569105231767,0.0,589341,590080,0.9987476274403471,0.9999999999999999,0.966430069535178,0.06395747429170918,0.5714285714285714,0.9672131147540983,1.3636363636363635,589341,0.9664287033654932,0.06397474938015746,0.9671591773671447,0.0019244196683373088,0.0019244196670166716,3.327053336007804e-08,0.014042964685674135,0.0136012270249529,0.9664286866860033,1.0302229984399986,0.06397480006615865,0.06655083904330462,0.0
model.dec.16x16_block3.norm0,0.000607755994847817,0.0005846422629561292,0.9984360660868612,0.9604642752067041,1.0379090652262595,0.05377931712315,0.058005777996476236,0.0,1022,1024,0.998046875,1.0,0.9604642752067041,0.05372635174875697,0.5716071428571429,0.9620779172269536,1.277525252525252,1022,0.9604828644407064,0.05370268500912322,0.96218603014337,0.00196347335206257,0.0019634733521948053,8.57983615492395e-11,0.0006077589751409413,0.0005846530522865598,0.9604782050721771,1.0378959895592743,0.05376370471918752,0.05798597053870612,0.0
model.dec.16x16_block3.norm1,0.0004496181839939354,0.0004336443838903747,0.9983852931830685,0.9629151817254402,1.0351619878483287,0.05478684744610517,0.05824212955305543,0.0,508,512,0.9921875,1.0,0.9629151817254402,0.054637806613613116,0.6666666666666666,0.9611020047913252,1.1945903361344536,508,0.9630353308697263,0.05491509132011368,0.961424332914878,0.004991643412658572,0.004991643412434905,1.3449472891502407e-10,0.0004496026862461272,0.0004336813544149841,0.9630320195702227,1.0350397302025172,0.05476616259482253,0.05818887154686737,0.0
model.dec.16x16_block3.skip,0.00450425743489611,0.004357553412816731,0.9978435815938359,0.9653437369597814,1.0314375856042843,0.06349898326934965,0.06629162310271422,0.0,131277,131328,0.9996116593567251,0.9999999999999998,0.9653437369597816,0.06349265473625204,0.5527138345029718,0.9652265542676501,1.364879819457284,131277,0.9653439940124298,0.06349507170451689,0.9651710847385484,0.0007081362820763624,0.0007081362821031463,6.651531750253603e-10,0.004504254758524966,0.004357551740636916,0.9653440310848791,1.0314374657468364,0.06349761358410456,0.06629011875005943,0.0
model.dec.16x16_block4.affine,0.00589287909149065,0.00570692413073212,0.9973281830551264,0.9658566187715159,1.0298252197941797,0.0707461211559663,0.07346053130386719,0.0,130919,131328,0.996885660331384,1.0,0.9658566187715161,0.07073712404775907,0.4419330135826851,0.9631901840490797,1.4545454545454546,130919,0.96585512541321,0.07074349366455185,0.9623802841903225,0.0008544499600918205,0.0008544498547739723,1.803267256345852e-09,0.005892875563053172,0.00570691072861788,0.9658550898276665,1.0298271932256835,0.0707437999658179,0.07345842011438994,0.0
model.dec.16x16_block4.conv0,0.01876905215814949,0.018209950565070025,0.9977803852427899,0.9680580210961024,1.0284153175529722,0.06460692927497377,0.06689637749483147,0.0,1178553,1179904,0.9988549915925363,0.9999999999999999,0.9680580210961024,0.06458109556638142,0.5652173913043478,0.9684638860630722,1.3703703703703705,1178553,0.9680596898139058,0.06459945080939057,0.9683898924244067,0.0015847616648803301,0.0015847616637148238,4.7961281275367356e-08,0.018769027954433668,0.018209948458710646,0.9680597810224928,1.0284147727254909,0.06459766147119908,0.06688669144942054,0.0
model.dec.16x16_block4.conv1,0.014340640668761269,0.013899341668327826,0.997867163734532,0.9671601826384467,1.0295490802187377,0.06326852935879089,0.06570463073121123,0.0,589281,590080,0.9986459463123645,0.9999999999999999,0.9671601826384468,0.06323659382951644,0.5652173913043478,0.9664429530201343,1.3611111111111112,589281,0.9671601778458022,0.06325353586022435,0.9664122804104671,0.0018318244266360378,0.0018318244245801331,3.3893500078507896e-08,0.014340639222431329,0.01389932582153388,0.9671600067614706,1.0295510329292676,0.06325578592551932,0.0656917909852432,0.0
model.dec.16x16_block4.norm0,0.0005698782867108649,0.000548924729888085,0.9974053558432815,0.9607322797034097,1.0354783167814199,0.06934301079736162,0.0731805223780139,0.0,1020,1024,0.99609375,1.0,0.9607322797034097,0.06930474375594856,0.4681385869565218,0.9524085736382719,1.4289377289377285,1020,0.9607219173026128,0.06921865388064863,0.9521562341546637,0.002543510425323482,0.0025435104251553403,7.029088741787356e-11,0.0005698795417945926,0.0005489206937501457,0.9607310580211211,1.0354967886274782,0.06923199990924778,0.07307091493393254,0.0
model.dec.16x16_block4.norm1,0.00039765644052966486,0.000385412211413369,0.9970734181601875,0.9663725564780267,1.0287496209793754,0.07409600657454231,0.0767435863223876,0.0,508,512,0.9921875,1.0,0.9663725564780267,0.07398191023510617,0.5,0.9568022406403413,1.4012820512820507,508,0.9665077402276663,0.07399574040636678,0.9571908617600452,0.004533043864384397,0.004533043864478556,1.0898710791389881e-10,0.0003976466469918437,0.00038545212408523736,0.9665106589563532,1.0286329004672563,0.07391976583724919,0.07654290601903853,0.0
model.dec.16x16_block4.norm2,0.00030237933097735417,0.0002882647712771923,0.9983639017334169,0.9517619503104932,1.0472476651952818,0.05451066110028354,0.06210214137081582,0.0,512,512,1.0,1.0,0.9517619503104932,0.054510661100283526,0.6204394342359768,0.9454657756163627,1.1833333333333333,512,0.9517663049732784,0.05447650451244589,0.9454676556295553,0.0004650711000998145,0.0004650711001123828,0.0,0.00030238094789616747,0.00028826741925389027,0.9517673436953066,1.047245559788018,0.0544804817556488,0.06207184570851189,0.0
model.dec.16x16_block4.proj,0.003182077616011731,0.0030800914593248755,0.9975064445143142,0.9655361845701551,1.0305352846931977,0.06831348741457138,0.07107669778247024,0.0,65612,65792,0.9972641050583657,1.0,0.9655361845701551,0.06825516333608754,0.5402706623747564,0.9629629629629629,1.3951830210546647,65612,0.9655371551203032,0.06829216643287464,0.962771172262803,0.0027527087824718573,0.0027527087826318937,3.2901638109774412e-09,0.0031820697665371303,0.0030800775423200023,0.965536239797742,1.0305395721491712,0.0682845627906044,0.07104759852333403,0.0
model.dec.16x16_block4.qkv,0.005462329992850546,0.005307213562457714,0.9980590465521789,0.9697166804144539,1.0272297883737598,0.06050626559874611,0.06249532652549509,0.0,197090,197376,0.9985509889753567,1.0,0.9697166804144539,0.060473105171755796,0.6,0.9697980397246221,1.3457720222708285,197090,0.9697150828555998,0.06048518528736659,0.9696999658831433,0.0018685669322635893,0.0018685669324857283,4.8829736625271546e-09,0.005462335087934214,0.005307203913827596,0.969715026975256,1.0272336882642392,0.060489845163761886,0.06247892971327756,0.0
model.dec.16x16_block4.skip,0.00415316681054229,0.004029798240178995,0.9980243084901272,0.9683782967253923,1.0285779056649513,0.060962655831270474,0.06316921868269212,0.0,131267,131328,0.9995355141325536,1.0,0.9683782967253923,0.060951410487331825,0.5789473684210527,0.9685770926413587,1.358974358974359,131267,0.9683766767927281,0.060961126158800664,0.9685733968864414,0.0008040556531780467,0.0008040556532024482,9.646780323518436e-10,0.00415316667259807,0.00402979119133943,0.968376647127841,1.0285796835301975,0.060962358922978445,0.0631691451769026,0.0
model.dec.16x16_up.affine,0.007453057048042995,0.007254933129670526,0.9985396129307964,0.9719955278005309,1.0258085866384785,0.05258832499274452,0.054163095686402804,0.0,131117,131328,0.9983933357699805,0.9999999999999999,0.971995527800531,0.052569933090539235,0.5294117647058824,0.9718775847808105,1.3187221447283362,131117,0.9719980350455635,0.05258453044103926,0.971545973401022,0.0009457126001289195,0.0009457139619201489,4.38264206722082e-09,0.0074530527209977476,0.007254945113948169,0.9719978000955402,1.0258064045986512,0.05258655044034756,0.05416096844327923,0.0
model.dec.16x16_up.conv0,0.017388717608255933,0.016974967858105594,0.9982797151264614,0.974526498125708,1.0226118956740964,0.05723606012297486,0.05863610773535165,0.0,589711,590080,0.9993746610629067,1.0,0.9745264981257082,0.0572193504315696,0.6190476190476191,0.9758064516129032,1.3251382634712443,589711,0.974526643285737,0.05723570930075334,0.9757795767230376,0.0012674831520666742,0.0012674831514283779,2.3590489130901033e-08,0.01738871353838406,0.016974960317837982,0.9745265744205295,1.02261240553095,0.05723126195734467,0.05863120500341824,0.0
model.dec.16x16_up.conv1,0.016336635415756032,0.015941367445753876,0.9981862106060165,0.9740349072862488,1.0229363481643523,0.0587454673414449,0.06021174852719551,0.0,589629,590080,0.9992356968546637,1.0,0.9740349072862485,0.05872599304042944,0.609375,0.975,1.3333333333333333,589629,0.9740351286897491,0.05873521322166915,0.9749952510479581,0.0013915386551986398,0.0013915386553541669,2.490672123948678e-08,0.016336633672330195,0.01594135905576766,0.9740350522788057,1.022937358852495,0.058736261593514215,0.06020234956853715,0.0
model.dec.16x16_up.norm0,0.0005322287448525521,0.0005182534956280524,0.998475678421127,0.9722577287416101,1.0254006226197696,0.05374420538250487,0.05530288306360354,0.0,512,512,1.0,1.0,0.9722577287416101,0.05374420538250488,0.6666666666666666,0.9729363509851314,1.3110924369747898,512,0.972268398046409,0.05358508976120427,0.9721249597355046,0.0017142015155597469,0.00171420151530139,0.0,0.0005322227159031029,0.0005182548201433704,0.9722797959774977,1.0253954234215827,0.05358971358508841,0.055143428576169586,0.0
model.dec.16x16_up.norm1,0.0005289857538370431,0.0005158799396963137,0.998636085269686,0.9738945136246356,1.0240062109921062,0.05091727304568706,0.05225393523979286,0.0,512,512,1.0,1.0,0.9738945136246356,0.05091727304568705,0.655952380952381,0.9762330572289157,1.300989010989011,512,0.9738053019890118,0.05091437366399117,0.9768679583284935,0.0028813348113240294,0.002881334812468449,0.0,0.0005290074310122395,0.0005158472775101978,0.9738021553716882,1.0241226967649255,0.05073554896503877,0.05207789168587782,0.0
model.dec.16x16_up.skip,0.00504015469705846,0.004912947576525886,0.9981465688399969,0.9729546137268515,1.023990799602457,0.05931986643307281,0.06089223163229821,0.0,65789,65792,0.9999544017509727,1.0,0.9729546137268514,0.05931894216143375,0.6042936725934147,0.9735599195498407,1.3496984773909,65789,0.972954744109269,0.05932194683539793,0.9735562009571063,0.00020601810287248918,0.00020601810289306866,1.1363476448813393e-10,0.005040153802076636,0.004912947487471678,0.9729547405080308,1.0239906064957758,0.05932034088969359,0.06089268377252071,0.0
model.dec.32x32_aux_conv,0.0013483147132304463,0.0012994625379107274,0.9993291206941226,0.9631214008441459,1.0368980385982443,0.035296921880376336,0.03939800166212251,0.0,6914,6915,0.9998553868402025,1.0,0.963121400844146,0.035296726558931714,0.7478202636484603,0.9611489060369653,1.209928080565831,6914,0.9631182253272407,0.035301887341078836,0.9611211832036932,0.00032549012314818154,0.00032549012319623295,1.0225750273722143e-12,0.0013483171584974377,0.0012994605186365355,0.9631180850839379,1.0369014523589204,0.035298779900216404,0.039400912302035414,0.0
model.dec.32x32_aux_norm,0.00033397019546832724,0.00031946635588193484,0.9992293782096507,0.9558343004206272,1.0445946016353045,0.037546492466323036,0.04488704381253402,0.0,512,512,1.0,1.0,0.9558343004206272,0.037546492466323036,0.7373408375695957,0.9536510344210531,1.1376190476190475,512,0.9556460331808193,0.037358019003912224,0.9529631213362812,0.003564486920829565,0.003564486920879989,0.0,0.00033401560483325754,0.0003194466854046602,0.9556534468682422,1.04480964283616,0.03733646189716584,0.04480009064983418,0.0
model.dec.32x32_block0.affine,0.005255439344569137,0.005087758139430474,0.9982927034959247,0.9664409566431493,1.0311942131620406,0.056545943709850215,0.059108899941096804,0.0,130910,131328,0.9968171296296297,1.0,0.9664409566431492,0.05654045859411571,0.6201012114203227,0.9595546926635823,1.3083051378446109,130910,0.9664429498305558,0.05655248779336809,0.9586029081141314,0.0009622940883407911,0.0009622940435342369,6.988940110920273e-10,0.005255433012565984,0.005087760928043601,0.9664427951441852,1.031192559580237,0.056543575207323914,0.05910605831581344,0.0
model.dec.32x32_block0.conv0,0.017665115604804018,0.01714489164239503,0.9980578301262827,0.968665800619246,1.0283416960107266,0.0604596869760904,0.06261398001753904,0.0,1178438,1179904,0.9987575260360165,1.0,0.9686658006192463,0.060433971512138154,0.5833333333333334,0.9673479333253769,1.3446852080458909,1178438,0.9686651672723678,0.06044901399731125,0.9672852034438858,0.0016100297951593908,0.0016100297942536997,3.9575638646345286e-08,0.017665121952540726,0.01714487312796185,0.9686651495015178,1.0283439647988288,0.06044769462991549,0.06260194484593372,0.0
model.dec.32x32_block0.conv1,0.012165248198374792,0.011797069186943687,0.9978344296357843,0.9676351531488233,1.0289762062968741,0.06378507182410184,0.0661398237329026,0.0,588987,590080,0.9981477087852495,1.0,0.9676351531488233,0.06374403852580905,0.5714285714285714,0.9667673716012085,1.3617021276595744,588987,0.9676342304800672,0.06375847767920959,0.966666154022775,0.0022625496488698207,0.0022625496471624608,3.1592557515867984e-08,0.012165262717967284,0.011797050681894393,0.9676341797769484,1.0289808555931275,0.06375911050207082,0.06611379628932537,0.0
model.dec.32x32_block0.norm0,0.0005195699924378555,0.0005012696846423212,0.9981713749855012,0.9630137568381999,1.0346125242402393,0.05831846369194244,0.06169273963803967,0.0,1023,1024,0.9990234375,1.0,0.9630137568381999,0.05831835085886414,0.6081668625146887,0.957983193277311,1.3214285714285714,1023,0.9630848822828459,0.05825419782501584,0.9584978536627138,0.0021387721579381085,0.002138772157880942,1.4492966477912076e-13,0.0005195356257695419,0.0005012734822347888,0.9630872343723572,1.0345389157898814,0.0582818115948613,0.06163706363907091,0.0
model.dec.32x32_block0.norm1,0.00038650960358525583,0.00037330304281495147,0.9982997935744495,0.9641891097297851,1.0336172310949325,0.056296628812743964,0.05938965104857191,0.0,509,512,0.994140625,1.0,0.9641891097297851,0.056252678685442765,0.6401953601953602,0.9617834394904459,1.2469696969696966,509,0.9639804058520764,0.05642100670541933,0.9617151475008683,0.004569205975568658,0.004569205975949443,3.0145370274057115e-11,0.00038654258283922396,0.00037325278525962124,0.9639846294980292,1.033852740683792,0.056154272780479395,0.05930106940973414,0.0
model.dec.32x32_block0.skip,0.0037911917542097317,0.0036797093961299532,0.9978612437522518,0.9685185115186747,1.0280929584107301,0.06344553696355573,0.06564976100021194,0.0,131266,131328,0.9995278996101364,1.0,0.9685185115186746,0.06343808040540022,0.5798998493621429,0.9674894254034012,1.3475830178238004,131266,0.9685172054515478,0.06344506821900626,0.967530221772007,0.0008775569370007855,0.000877556936773343,5.547439093925974e-10,0.003791196599735482,0.0036797083670712842,0.9685170597958856,1.028094620430911,0.06344456810265559,0.06564896867761322,0.0
model.dec.32x32_block1.affine,0.004643632126030782,0.004473030038349555,0.997661117200999,0.9610081126619939,1.0357120732495029,0.06584292956077849,0.06964990900802409,0.0,130863,131328,0.9964592470760234,0.9999999999999999,0.9610081126619942,0.06583357665070995,0.62643080187795,0.9550561797752809,1.3361435552628838,130863,0.9610054790879617,0.06583433446276933,0.9544325998761691,0.0008202076965148257,0.0008202077597772234,1.0833474042965428e-09,0.004643631916102747,0.00447301637865463,0.9610054931939608,1.0357154822187733,0.0658387642385807,0.0696463905143271,0.0
model.dec.32x32_block1.conv0,0.014761173249102602,0.01429482026501237,0.9977791102463106,0.9662560559691342,1.0303305699288896,0.06450524895164508,0.06711642676605659,0.0,1178321,1179904,0.9986583654263398,1.0,0.9662560559691341,0.06447541943489403,0.5784586815227484,0.9647058823529412,1.3461538461538463,1178321,0.9662565734670954,0.06448905425824546,0.9646319873191778,0.0018131174480457933,0.0018131174478632427,3.4198706136233854e-08,0.014761160968134955,0.014294801484467105,0.9662565506354699,1.0303320902735584,0.06449083248336816,0.06710180055878433,0.0
model.dec.32x32_block1.conv1,0.011359496978290437,0.01098566905940552,0.9980083938663399,0.9651650908907111,1.0319693113936443,0.06100533176432684,0.06383884573441657,0.0,588739,590080,0.9977274267895878,0.9999999999999998,0.9651650908907116,0.060968340749680515,0.5882352941176471,0.9621052631578947,1.3333333333333333,588739,0.9651640800192803,0.06098411529027117,0.961941356504385,0.0023950601781602644,0.0023950601790922806,2.3750766196129033e-08,0.01135948243035395,0.01098561965835702,0.9651636596050316,1.0319744190658484,0.06097866346557643,0.06381247221704724,0.0
model.dec.32x32_block1.norm0,0.0004919599746224003,0.0004755280724824972,0.9978398637718497,0.9645111219257712,1.0323202823666886,0.06349906016805838,0.06647124012040061,0.0,1019,1024,0.9951171875,1.0,0.9645111219257712,0.06308192902084488,0.570807453416149,0.9628081905557877,1.3333333333333333,1019,0.9644595198073901,0.06308472107411202,0.9608943023760314,0.0023516958991027445,0.002351695899475772,5.213120042104973e-10,0.0004919722971132813,0.00047551324730438487,0.9644624931590118,1.0323843181598749,0.06341039447043975,0.06639354567241774,0.0
model.dec.32x32_block1.norm1,0.00031366701518692523,0.000299777656325478,0.9978083848262158,0.9536248460389022,1.044039044247895,0.06323965234597728,0.0694907042410156,0.0,512,512,1.0,1.0,0.9536248460389022,0.06323965234597728,0.43482905982905984,0.9425151113984587,1.2374999999999998,512,0.9534708739466642,0.06318479482104689,0.9433075846952802,0.004797617284901143,0.004797617285621949,0.0,0.00031371468868123865,0.0002997754198381841,0.953481039950677,1.0442145226055457,0.06310542704113639,0.06941730007482363,0.0
model.dec.32x32_block1.skip,0.00335425513625993,0.0032325354456402434,0.9980578120529497,0.9618401472753375,1.035639236958125,0.06003394107018428,0.06370017725726697,0.0,131246,131328,0.9993756091617934,1.0,0.9618401472753375,0.060025184334205006,0.6,0.9615384615384616,1.3326793165684812,131246,0.9618390448699292,0.06003663800364975,0.9614773192957624,0.0010275145253379138,0.0010275145253076216,4.825326419957674e-10,0.00335425799035949,0.003232533300658378,0.9618390498730561,1.0356411922028557,0.060028094037008595,0.06369461752011993,0.0
model.dec.32x32_block2.affine,0.00501029239620535,0.004772132660047414,0.9982509916789655,0.9508000299391437,1.0480700578562452,0.05630803771784552,0.06418411386182778,0.0,130914,131328,0.9968475877192983,0.9999999999999999,0.9508000299391439,0.05630379381765756,0.6452594764301214,0.9389929796336419,1.2663156478691344,130914,0.9508022593325249,0.05631006237376322,0.9384973214104695,0.0007239177848000876,0.0007239178677439232,4.894095121296739e-10,0.005010289182745246,0.004772140318891063,0.9508023966807893,1.0480679582031864,0.05630426388629045,0.06417938597085619,0.0
model.dec.32x32_block2.conv0,0.014643181284603736,0.01408051147299322,0.9979186628803594,0.959573258617975,1.0377963837374802,0.0620073410224244,0.06628767490275579,0.0,1178424,1179904,0.9987456606639185,1.0,0.959573258617975,0.061983671115714505,0.5961538461538461,0.9583333333333334,1.3157894736842106,1178424,0.9595721578797419,0.06199438240218643,0.9582089201973567,0.0017018133607237924,0.0017018133615625932,2.567170473457972e-08,0.014643180418102114,0.014080482653955789,0.9595722783368467,1.0377994489142282,0.06199287178281747,0.06627371744721418,0.0
model.dec.32x32_block2.conv1,0.010741070391075903,0.010347703758035195,0.9979851836279919,0.9614363056097991,1.0359234625629117,0.06112379231890723,0.06488389303007673,0.0,588556,590080,0.9974172993492407,0.9999999999999998,0.9614363056097993,0.06107964770563535,0.5909090909090909,0.9607843137254902,1.320147643189915,588556,0.9614422619524505,0.06108527739135859,0.960493427932663,0.0025050645747848564,0.0025050645742750585,2.5389453504758003e-08,0.010741055231961285,0.010347726980815644,0.9614421148419888,1.0359221480737655,0.06108791203039696,0.06484688401969148,0.0
model.dec.32x32_block2.norm0,0.00044053213747519485,0.00042027556626277594,0.9978837475026867,0.9519990061331837,1.045980055771926,0.06203337276055214,0.06898444352011998,0.0,1018,1024,0.994140625,1.0,0.9519990061331837,0.061947584835944064,0.6004564083457526,0.9494026454273929,1.2060975609756097,1018,0.9520019523182027,0.06216382163625077,0.9493037379490629,0.0035787987568523983,0.003578798757050391,8.420413523666916e-11,0.00044056495619972515,0.0004203070520556069,0.9519984741043707,1.0459785945319509,0.062047684583381946,0.06899792481590064,0.0
model.dec.32x32_block2.norm1,0.0003231223875039057,0.00030564692129874185,0.9982595972915569,0.9442706057171546,1.0553354277377538,0.05578324900993055,0.06694961438468199,0.0,512,512,1.0,1.0,0.9442706057171546,0.05578324900993055,0.5608695652173913,0.9414443372977606,1.22012987012987,512,0.9442514991032954,0.05581412827319396,0.940710377216784,0.004783104876371853,0.0047831048765517616,0.0,0.00032312990694137504,0.00030564185919828825,0.9442344397095778,1.0553790822979043,0.055756538749074255,0.06694553525209893,0.0
model.dec.32x32_block2.skip,0.003475709783448882,0.003340845672761836,0.9980461450044775,0.9593200676974414,1.0383355264829672,0.060056750458300556,0.0644639147206818,0.0,131250,131328,0.999406067251462,1.0,0.9593200676974414,0.060049755303851045,0.6036036036036037,0.9617203394922523,1.306902009943483,131250,0.959321623045058,0.06005471331995137,0.9617248698519688,0.0009457760578374816,0.0009457760577460186,4.140453699343476e-10,0.0034757102072172107,0.003340850978085876,0.9593216782771223,1.0383342251237468,0.060053577814881104,0.06446019752084062,0.0
model.dec.32x32_block3.affine,0.005633472859525377,0.005425775565027559,0.998538984181411,0.9617244204768206,1.0367627999252573,0.052043846848180746,0.05591734080772894,0.0,131060,131328,0.9979593079922028,1.0,0.9617244204768206,0.052039696360996354,0.6675675675675675,0.9534246575342465,1.2094012499721478,131060,0.9617245839933193,0.05204059946652641,0.95294534085379,0.0004765824611580754,0.00047658233350366465,5.592817364552421e-10,0.005633475353471385,0.005425778454227052,0.9617246066670943,1.0367628144531893,0.052042006656104374,0.05591536059330925,0.0
model.dec.32x32_block3.conv0,0.016815683967841843,0.01618788731227024,0.9983566786102759,0.961084035695618,1.0370748245800732,0.05516624108527899,0.05915505503381051,0.0,1178627,1179904,0.9989177085593404,1.0,0.961084035695618,0.05514795245092966,0.65,0.9616438356164384,1.2641509433962264,1178627,0.9610844334573432,0.05515822692577207,0.9615965186502834,0.0014449243493478733,0.0014449243487968896,2.3272274149665947e-08,0.016815682785623263,0.01618788257794972,0.9610844891234825,1.0370757746450006,0.05515460846583374,0.05914345925004723,0.0
model.dec.32x32_block3.conv1,0.010785313407623823,0.010389417973106909,0.9984060841811128,0.961757690612706,1.036450988288769,0.054366704799781986,0.05816924639221561,0.0,588141,590080,0.9967140048806942,1.0000000000000002,0.9617576906127059,0.05432891822374516,0.6404494382022472,0.9638009049773756,1.28125,588141,0.961759582296039,0.054319362055982326,0.9632990018735896,0.0027302974171002133,0.0027302974118003863,1.9490016912098365e-08,0.010785307820270979,0.01038940089455215,0.961759924416284,1.036455729238537,0.054307941544447305,0.058111100290548834,0.0
model.dec.32x32_block3.norm0,0.0004709938208835835,0.00044964018751530115,0.9987252678190761,0.9534456648624177,1.046155221361479,0.04818767105750041,0.055561882398279715,0.0,1023,1024,0.9990234375,1.0,0.9534456648624177,0.04817952782876969,0.6367859524338741,0.9432989690721649,1.1783142857142856,1023,0.9533825927280948,0.04820676817338984,0.9431027194538161,0.0017084484591669688,0.0017084484594169958,7.1015535741769175e-12,0.0004710092137212538,0.0004496244250033197,0.953380228640047,1.0462251501706588,0.048201308480108195,0.05560501921233421,0.0
model.dec.32x32_block3.norm1,0.000341259243389753,0.00032391818778071223,0.9985357713236348,0.9477952722058912,1.0519926780097824,0.051346556982647125,0.061204523684577385,0.0,505,512,0.986328125,1.0,0.9477952722058912,0.051232357407866275,0.75,0.9433962264150944,1.25,505,0.9472475141816679,0.050867964799310786,0.9418225121824829,0.006147706725802659,0.006147706727458632,5.565299127518237e-11,0.0003413760627564841,0.00032382552977955526,0.9472193664025294,1.0526755351966979,0.050953850525446945,0.061167427142841096,0.0
model.dec.32x32_block3.skip,0.003979901833570656,0.003810992721888003,0.9982608048908092,0.9558940951495188,1.0425052729563853,0.05645026655430227,0.06218779832526716,0.0,131244,131328,0.999360380116959,1.0,0.955894095149519,0.05643347436770181,0.6484864847004229,0.9615242986490335,1.2728779018252687,131244,0.9558970352315453,0.05644572489886576,0.9614330919686078,0.0011097789958880709,0.0011097789955151571,1.2248430569110777e-09,0.003979896423880529,0.0038109978294647707,0.9558968642534507,1.042502664528412,0.05644722370797202,0.06218369317029961,0.0
model.dec.32x32_block4.affine,0.007569377595029872,0.007226394994158265,0.998447338570335,0.9532058295140232,1.0458361216762986,0.053179746480916716,0.06023427355759047,0.0,130921,131328,0.9969008893762183,1.0,0.9532058295140232,0.05317294384439738,0.6752136752136753,0.9477513227513228,1.2102009273570324,130921,0.9532043433411727,0.05318101812441615,0.9471323853283761,0.0006740886656950041,0.0006740886514290127,1.6909982841088105e-09,0.007569378045971243,0.00722638309413722,0.9532042748486991,1.0458379849938229,0.05317836863787605,0.06023349358199252,0.0
model.dec.32x32_block4.conv0,0.020590105193569797,0.01984704401812383,0.9984706668160711,0.9624375926594434,1.0358527972056224,0.0532889560834345,0.056912497373621765,0.0,884418,884992,0.999351406566387,1.0,0.9624375926594435,0.05327655380550576,0.6555307193288554,0.9617728929199871,1.2661870503597121,884418,0.9624374496819794,0.05328232924762728,0.9617607210586894,0.0010066478404316525,0.001006647841114351,2.285768992869036e-08,0.02059011136114862,0.019847040402751513,0.9624373751530152,1.0358535610539932,0.05328448544231704,0.05690806825956878,0.0
model.dec.32x32_block4.conv1,0.015132051691478552,0.01463107062351502,0.9988954286158146,0.9658247182577704,1.0330985099547534,0.04543287519595306,0.0482352094293321,0.0,589288,590080,0.9986578091106291,0.9999999999999999,0.9658247182577705,0.04541314620299752,0.7261820007301936,0.9661673645797899,1.2,589288,0.9658267042191766,0.0453992951952573,0.9660179142718011,0.0016979111972321164,0.001697911192673841,1.6741853673445765e-08,0.015132038547512527,0.014631069528479267,0.9658267232659408,1.0330990145230772,0.04540657819724608,0.048208673813791736,0.0
model.dec.32x32_block4.norm0,0.0006241654396621825,0.000590993530115307,0.9988872271879301,0.9458003456621906,1.0549538253135349,0.0446560605589207,0.056639013190458845,0.0,768,768,1.0,1.0,0.9458003456621906,0.0446560605589207,0.6722007722007721,0.9460107201269574,1.2222222222222223,768,0.9458182646548244,0.04471153451017469,0.9459384775483239,0.001969825989994397,0.00196982598959749,0.0,0.0006241672121261174,0.0005910058582357471,0.9458176201692398,1.0549350728079527,0.04465197272886048,0.056624910738804574,0.0
model.dec.32x32_block4.norm1,0.00039567697007575646,0.00037499836552108446,0.9986402860220005,0.9464500168661795,1.0537084928882312,0.04940600079792517,0.06025262543885583,0.0,508,512,0.9921875,1.0,0.9464500168661795,0.04929840681909856,0.7240975609756097,0.9328727370683058,1.2,508,0.9465200828833484,0.05003467946134282,0.9318145903839341,0.007965964179566708,0.007965964178112439,6.782708311662851e-11,0.00039565540969494634,0.0003749949005613212,0.9465157134974144,1.0536862689334332,0.04896820856133285,0.0598411947041961,0.0
model.dec.32x32_block4.skip,0.003977982877905635,0.0038596566771122126,0.9990409522215049,0.9693242028181864,1.0296687334473364,0.04248315216871315,0.04444121888977049,0.0,98423,98560,0.9986099837662338,1.0,0.9693242028181864,0.0424680820731054,0.7256448918397944,0.9692307692307692,1.1966648431932856,98423,0.9693376307323034,0.04244253081909642,0.969155242374678,0.001858289861771768,0.0018582898527043019,8.264348052222931e-10,0.003977956761247529,0.0038596761675697678,0.9693370940919559,1.0296585078043075,0.0424463830838477,0.04440160909497369,0.0
model.dec.32x32_up.affine,0.005483244554495193,0.005259397029028885,0.9977995050561772,0.9570654199905704,1.040267291550625,0.06359668504867591,0.06862139988049044,0.0,130926,131328,0.9969389619883041,1.0,0.9570654199905705,0.06359048098078733,0.5829853816906543,0.9567846262803072,1.3662745704999226,130926,0.9570663496235107,0.06359558265585695,0.9563021944207686,0.0007967882784556564,0.0007967882935813257,9.678145424115799e-10,0.005483249856326274,0.005259407216075606,0.9570664274967983,1.0402663685113513,0.06359555565964234,0.06861984349584499,0.0
model.dec.32x32_up.conv0,0.013079820008106226,0.012651567582163141,0.9978497981540574,0.96517873719745,1.031626766423884,0.06339625509989712,0.06622368804076045,0.0,589386,590080,0.9988238882863341,1.0,0.9651787371974501,0.06337186458779424,0.5697674418604651,0.9647116705868604,1.36,589386,0.9651783761049624,0.06338416128768135,0.9646454528325079,0.0015989977557255698,0.0015989977547422028,2.1579013285622006e-08,0.013079831259870238,0.012651565753740006,0.9651783896288452,1.0316284680018464,0.06338671793033912,0.06621415450176146,0.0
model.dec.32x32_up.conv1,0.013398416093901213,0.013011329432815527,0.9978688421268191,0.9690399331279315,1.0275554103053275,0.06336646943045016,0.06548807986364655,0.0,589224,590080,0.9985493492407809,0.9999999999999999,0.9690399331279316,0.06333603850889996,0.579856941395403,0.9688473520249221,1.3555397577672434,589224,0.9690422162788304,0.06335034350088714,0.9687631758474995,0.001872619341036078,0.0018726193396350359,2.8236074371499395e-08,0.013398412609410723,0.013011343213484544,0.9690423916958645,1.0275553062381422,0.06334850186265978,0.0654695065718754,0.0
model.dec.32x32_up.norm0,0.000327265427162448,0.0003158149631959439,0.9964443449803503,0.9615804421056945,1.0325723040591772,0.08130569893138122,0.08488894294846473,0.0,512,512,1.0,1.0,0.9615804421056945,0.08130569893138122,0.36693556519108605,0.961753841607565,1.7802752155755186,512,0.9616378241240886,0.08116037734170761,0.9623295404751155,0.0015615159313928661,0.0015615159316322666,0.0,0.0003272603912597609,0.00031582667874910673,0.9616368789305605,1.0325245208062703,0.08123934892820232,0.0848106965112598,0.0
model.dec.32x32_up.norm1,0.0004597647999869435,0.00044250209967402104,0.9981563819094451,0.9606787966597194,1.0370960264874647,0.05841573362997815,0.062447734363976375,0.0,512,512,1.0,1.0,0.9606787966597194,0.05841573362997815,0.491044776119403,0.9614677601809956,1.5124999999999997,512,0.9608558994698698,0.05834769020050921,0.9615040585570505,0.003389420618787783,0.003389420619067119,0.0,0.00045976617773232383,0.0004425860410750232,0.960862279149385,1.036906886942328,0.05835878268440423,0.06233710800786158,0.0
model.dec.32x32_up.skip,0.003230454198256576,0.003127856946868333,0.9977650793445856,0.9660766701025746,1.0304929043093491,0.06469735974225661,0.067343914774767,0.0,65779,65792,0.9998024075875487,1.0,0.9660766701025746,0.06469298970050684,0.5555555555555556,0.9658119658119658,1.363871653172257,65779,0.9660770599847174,0.06470001014302282,0.9658104100487283,0.0005277832868425325,0.0005277832867641388,2.407197519920118e-10,0.003230453620519254,0.003127857730298739,0.9660770382351307,1.0304924121873102,0.06469808355848848,0.06734450435972242,0.0
model.dec.8x8_block0.affine,0.006858874664159777,0.006691684524365897,0.9985318970786152,0.9741919440053259,1.023479978066794,0.052846518908314696,0.05419079401075972,0.0,131179,131328,0.998865436159844,1.0000000000000002,0.9741919440053258,0.05283999352733513,0.625,0.9766763848396501,1.2057426853537705,131179,0.9741909550933707,0.052842632821514066,0.9763873620394833,0.0008414377017944691,0.0008414374178262887,1.3235131258463887e-09,0.0068588756896122765,0.006691676898683745,0.9741909056692183,1.0234815259010626,0.05284244155947265,0.054186715662177636,0.0
model.dec.8x8_block0.conv0,0.02481552559966566,0.024307959183850765,0.9984490622401218,0.9780272013426122,1.0192973452268583,0.05453417490935347,0.05572812803167553,0.0,1179201,1179904,0.9994041888153613,1.0,0.9780272013426123,0.05452079514874998,0.643312101910828,0.9785637727759914,1.3066666666666666,1179201,0.9780274826497548,0.054530257333139355,0.9785432950607724,0.0009865669456524274,0.0009865669407060167,3.665538974158328e-08,0.02481551904646915,0.024307953864308566,0.9780274850863775,1.019297548724002,0.054529881949880545,0.055723761824081654,0.0
model.dec.8x8_block0.conv1,0.017184386833598377,0.016824432041833006,0.9984628363024127,0.9775484163811846,1.01982471535028,0.0542643330743854,0.05546006317420292,0.0,589820,590080,0.9995593817787418,0.9999999999999998,0.9775484163811848,0.054253539081102975,0.6426799007444168,0.977698111847286,1.3180670340633724,589820,0.9775488294462006,0.05426264556094953,0.977678324283012,0.0008622287079466528,0.0008622287075877685,1.4110700475302445e-08,0.017184375781300765,0.01682442635611988,0.9775488681514758,1.0198245641255248,0.05426158600123517,0.05545726607006122,0.0
model.dec.8x8_block0.norm0,0.0006383362577856354,0.0006260325546647425,0.9983805562110564,0.9791371279779421,1.0180021843097278,0.055791680292467935,0.05701190247997393,0.0,1024,1024,1.0,1.0,0.9791371279779421,0.055791680292467935,0.5487224157955867,0.9754242162784009,1.3076923076923077,1024,0.9791325627418008,0.05577502372243568,0.9751078317358222,0.002091863913596205,0.00209186391416414,0.0,0.0006383369183906836,0.0006260298452477827,0.9791377366648074,1.0180137359303747,0.05568845056482734,0.05690646376588768,0.0
model.dec.8x8_block0.norm1,0.0005860423027533658,0.0005724799660545771,0.998822055084155,0.9757070667128661,1.0224846490899966,0.04740027752004075,0.04852742896772369,0.0,512,512,1.0,1.0,0.9757070667128661,0.04740027752004076,0.6331561526479751,0.974009264024704,1.2807692307692307,512,0.9757203151798981,0.04765605337112291,0.9738695756058586,0.002613059067451903,0.002613059068176968,0.0,0.0005860745605384517,0.0005725126453107156,0.9757005160747615,1.0224736124697078,0.047575864048125506,0.048706913184837324,0.0
model.dec.8x8_block0.skip,0.007666994656407381,0.007507369003480765,0.9984288502083554,0.9776417146673012,1.0196579728265969,0.05486757219811237,0.056074539283482695,0.0,131313,131328,0.9998857821637427,1.0,0.9776417146673015,0.05486506311921292,0.6400562719812427,0.97761976920387,1.315119798772169,131313,0.9776416137808669,0.05486558752321977,0.9776231845081002,0.00036579926726258943,0.00036579926722413804,6.602334568806939e-10,0.007666994357663319,0.007507367789024292,0.9776416325598288,1.0196581376258287,0.0548668892463325,0.056073863013517876,0.0
model.dec.8x8_block1.affine,0.007754339535043645,0.007609947841284017,0.9987545558471826,0.9801569871803487,1.0177049961099358,0.04896420743759902,0.050057209700655025,0.0,131231,131328,0.999261391325536,1.0,0.9801569871803487,0.04894873510080626,0.6913247162307312,0.9787701317715959,1.2092124395382653,131231,0.9801562376370826,0.04896144163787142,0.9785946624802067,0.000871780673829743,0.0008717795833748032,3.716060011664997e-09,0.007754338281530279,0.0076099397669185075,0.9801561972354282,1.017706006500943,0.04896233006376788,0.05005530985592083,0.0
model.dec.8x8_block1.conv0,0.025699484988119536,0.0251775634733335,0.9984819664190773,0.9782041584925413,1.019180125752562,0.053961011945891244,0.05514074488004817,0.0,1179245,1179904,0.9994414799848124,1.0000000000000002,0.9782041584925413,0.05395060191916978,0.6533333333333333,0.9809523809523809,1.2944517618505,1179245,0.9782044474872845,0.053954630171485385,0.9809439383135126,0.00095172112045218,0.0009517211095220044,3.02667613232027e-08,0.02569947480461609,0.02517755483020337,0.9782044742702999,1.0191803467936305,0.05395622942134312,0.055135880310626856,0.0
model.dec.8x8_block1.conv1,0.01782482389437089,0.017449058794530226,0.9983512727740976,0.9773050303027495,1.0198507456171606,0.056189747270365784,0.05743248027084169,0.0,589723,590080,0.9993949972885032,1.0,0.9773050303027495,0.05617664276196889,0.6312056737588653,0.9789674952198852,1.3145502044525226,589723,0.977304283170965,0.05618791275231319,0.9789588403559937,0.0010956522078341404,0.00109565220730324,1.9085552523942052e-08,0.01782482410367662,0.017449041322153167,0.9773043673517174,1.0198521201853306,0.05618400020084028,0.05742664317957831,0.0
model.dec.8x8_block1.norm0,0.000729981503427178,0.000716681139949737,0.9988331388081906,0.9806342615255589,1.017369755804131,0.04741458878888532,0.04849263244138215,0.0,1024,1024,1.0,1.0,0.9806342615255589,0.047414588788885326,0.6160649353197389,0.9811046112438548,1.2651801801801792,1024,0.980586213098838,0.04735712949349623,0.9792575167020665,0.0015703118296859846,0.0015703118298644487,0.0,0.0007300106341680983,0.0007166706839223789,0.9805839083917932,1.0174283997847797,0.04734815690813515,0.048422715943159875,0.0
model.dec.8x8_block1.norm1,0.0005835593708241507,0.0005749871269310725,0.9988808285918704,0.9842076856163466,1.013772727352303,0.04660310239154155,0.04795951483827111,0.0,510,512,0.99609375,1.0,0.9842076856163466,0.04653813789304859,0.6181869369369369,0.9839906994603127,1.1818181818181819,510,0.9842507231831924,0.046642359895890086,0.9833164280006401,0.0025504283753653803,0.002550428374941436,8.405920557189004e-11,0.0005835433515280036,0.0005749957006295606,0.984246076624832,1.013726380216031,0.04667478587474435,0.048036999367893886,0.0
model.dec.8x8_block1.skip,0.00766689939218656,0.007490079637418257,0.998243085550918,0.9752208586300652,1.021808802623468,0.05788501333718704,0.059251519597079715,0.0,131318,131328,0.9999238547758285,1.0,0.9752208586300652,0.05788222158649805,0.6141168482375665,0.9752848616709077,1.3329975308196955,131318,0.9752198927790424,0.05788615498473877,0.9752687062310121,0.0003631375286352657,0.0003631375286211221,7.74994999975979e-10,0.007666901289760455,0.007490073650389287,0.9752198471770408,1.0218098821723296,0.05788479374894055,0.05925135666915093,0.0
model.dec.8x8_block2.affine,0.006407158070424904,0.006255801489087753,0.9980713660328068,0.9744938815642196,1.0222192981813467,0.06061050803040906,0.062078118991029906,0.0,131211,131328,0.999109100877193,1.0,0.9744938815642196,0.06060244775487491,0.6574593225385539,0.983957219251337,1.418980196707166,131211,0.9744948465096963,0.06061470686684058,0.9835506703526343,0.0009978170520657389,0.0009978170959739155,1.6361642020527804e-09,0.006407155068392271,0.006255803370943525,0.9744947382399269,1.0222186239002378,0.060608835299088275,0.0620763508311404,0.0
model.dec.8x8_block2.conv0,0.02423350445544437,0.023656400317888474,0.9982055053801682,0.9744339320881119,1.0225569924849225,0.05845525963403392,0.059885497521351624,0.0,1179083,1179904,0.9993041806791061,1.0000000000000002,0.9744339320881117,0.05843835475887313,0.6260869565217392,0.9785247432306255,1.3148148148148149,1179083,0.9744342959720812,0.05845028068964755,0.9785008666411277,0.0011989405132720888,0.001198940512538757,4.734043896540268e-08,0.02423348690538804,0.023656381054917092,0.9744341576567778,1.022557413407914,0.058450030818945904,0.05988014556986651,0.0
model.dec.8x8_block2.conv1,0.017410967526246914,0.01700382050735623,0.9982286224574546,0.9748855309726061,1.0221306512767472,0.058103428746981114,0.05949540803729157,0.0,589602,590080,0.9991899403470715,1.0,0.9748855309726061,0.05808490312976552,0.6329900378353986,0.9785826801873929,1.3129244257878199,589602,0.9748857096964864,0.058098857697509096,0.9785491499824586,0.0013016780807213254,0.0013016780807670156,2.661816380596637e-08,0.017410953451987118,0.01700380226170143,0.9748856445525899,1.022131311430076,0.058097177998178345,0.05948902403287988,0.0
model.dec.8x8_block2.norm0,0.0007283738050314934,0.0007153037263148496,0.9985746123740498,0.9806559987473464,1.0168206361371446,0.052415875498438236,0.05359984872023435,0.0,1022,1024,0.998046875,1.0,0.9806559987473464,0.0523900619892064,0.6012476117692015,0.984396299902629,1.2823378582202112,1022,0.9806848449134433,0.05250016936506969,0.9839415278684354,0.0023310242108442415,0.002331024210830512,5.855158457076479e-11,0.0007283725866524286,0.0007153245767841537,0.9806845651036854,1.0167875763406908,0.05244852644683678,0.05363436749759541,0.0
model.dec.8x8_block2.norm1,0.0004920087582278225,0.0004804425729990607,0.9984335813629452,0.9749623167816907,1.0224698936917496,0.054634557599943914,0.05595332133448476,0.0,511,512,0.998046875,1.0,0.9749623167816907,0.0546259609101152,0.6180371352785146,0.978494623655914,1.3333333333333333,511,0.9751260319085545,0.05444410729236862,0.9777415352339708,0.0032801173345756622,0.0032801173345036894,9.275498545863729e-12,0.0004919177975319123,0.00048043126100621054,0.975134284284014,1.022320288766129,0.05438137345108334,0.05568362223100648,0.0
model.dec.8x8_block2.skip,0.007892278999605387,0.0076980746795237125,0.9981931399725157,0.9736307264962247,1.023375205375725,0.05860850956716756,0.06010596648731378,0.0,131318,131328,0.9999238547758285,0.9999999999999996,0.9736307264962253,0.05860806550686299,0.6075949367088608,0.9745394132537699,1.3337034007963782,131318,0.9736303754300113,0.05861118280268416,0.9745184047237739,0.0003902806153071513,0.0003902806152584641,1.3226134013551769e-10,0.007892281744336885,0.007698074374744996,0.9736303488043733,1.0233756012279551,0.05860849584702384,0.06010597221940841,0.0
model.dec.8x8_block3.affine,0.007325091639212156,0.007159571979093508,0.9984118698920336,0.9758514977489313,1.021493807449965,0.055062957900554974,0.056336897050716005,0.0,131208,131328,0.9990862573099415,1.0000000000000002,0.975851497748931,0.055061340151930656,0.6939376547913888,0.9767029028319351,1.2406683202425244,131208,0.9758529793015631,0.05506367325203968,0.9763457770753045,0.000677471531061205,0.0006774723863468411,3.899576067428553e-10,0.007325090976536489,0.007159582322364337,0.9758531027776957,1.0214923512707965,0.05506114686857927,0.05633496910059772,0.0
model.dec.8x8_block3.conv0,0.024054974336093205,0.023475716092700126,0.9982128913209399,0.9741753247918707,1.0228435796320283,0.05831903256221503,0.05976623006577023,0.0,1179059,1179904,0.9992838400412237,1.0,0.9741753247918707,0.058302299447117886,0.6320346320346321,0.977996254681648,1.3150684931506849,1179059,0.9741771273349921,0.0583127089679792,0.9779758037881192,0.0012652175295509416,0.0012652175289469846,4.6064002504691865e-08,0.024054916115503817,0.023475694236854323,0.9741771333865741,1.0228424319006584,0.05831314339447808,0.05976008025789356,0.0
model.dec.8x8_block3.conv1,0.016998408432212293,0.016593846305888952,0.9982021666268708,0.9744449547301464,1.0225385852959903,0.058510422606105006,0.05994091386709787,0.0,589588,590080,0.9991662147505423,1.0,0.9744449547301464,0.058489119186021205,0.625,0.9773584905660377,1.3195086529703475,589588,0.9744456820442396,0.05850816625225895,0.9773296293774164,0.0014835037673806538,0.001483503766613883,2.9379682086775766e-08,0.016998390096197656,0.01659383221928253,0.9744456832684454,1.0225388798631971,0.05850203130409131,0.0599323020529564,0.0
model.dec.8x8_block3.norm0,0.0007224454317980994,0.0007041710151821492,0.998511693101179,0.973254119487331,1.024424743031115,0.053158496582410016,0.054596663138070635,0.0,1024,1024,1.0,1.0,0.973254119487331,0.05315849658241001,0.61875,0.9750142686847524,1.326724137931034,1024,0.9732102429132318,0.05309458795908388,0.9745781638799335,0.002112074068370495,0.00211207406849063,0.0,0.0007224696486192345,0.0007041609796967374,0.9732121684107201,1.0244784636808326,0.05307273869220989,0.054513796654931834,0.0
model.dec.8x8_block3.norm1,0.0005151293665196077,0.0005047930535828994,0.9983495830524894,0.9783172292762271,1.0187921260657484,0.05627683055916314,0.057506273310206996,0.0,512,512,1.0,1.0,0.9783172292762271,0.05627683055916313,0.7014864864864865,0.9830508474576272,1.280923076923077,512,0.9779714474160907,0.057083214553057655,0.9817831917454838,0.005506539744811877,0.005506539744391104,0.0,0.000515159044752676,0.0005046440438852335,0.9779725330278745,1.0191521203174783,0.056249380364390186,0.057481326405230564,0.0
model.dec.8x8_block3.skip,0.007801613817227019,0.007626740062969643,0.9983374358326326,0.9759596279188094,1.0212283451829318,0.05634794944655842,0.05764295309759854,0.0,131317,131328,0.9999162402534113,1.0000000000000002,0.9759596279188094,0.05634374089347805,0.6236640093058646,0.9764428003699168,1.3261263628004722,131317,0.9759585649444119,0.05634530032947433,0.9764523599723266,0.000334175619569751,0.0003341756196239633,1.1775807006425022e-09,0.007801619697142552,0.007626737722056142,0.9759585913702816,1.0212294268138213,0.056347914494017215,0.05764297304344976,0.0
model.dec.8x8_block4.affine,0.007109716957191925,0.006990951464759551,0.9987995099261053,0.9821148913467971,1.015767574464323,0.04816680940843833,0.04934646043148599,0.0,131199,131328,0.9990177266081871,1.0,0.9821148913467971,0.04815529477933915,0.6346056228035923,0.9820051413881749,1.225268461659581,131199,0.982113557794845,0.04816619819939808,0.9813002277652825,0.0008415691633077367,0.0008415685906253907,2.287060310520903e-09,0.007109724820597921,0.006990948787088921,0.9821135282663345,1.0157691896886958,0.04816471263894606,0.04934428695682912,0.0
model.dec.8x8_block4.conv0,0.024019763021790517,0.023476864856726065,0.9982928206224541,0.975729261605603,1.0213781577754546,0.0570874341427325,0.05840923936780713,0.0,1179051,1179904,0.9992770598285963,1.0,0.975729261605603,0.057068566782190376,0.632183908045977,0.9783505154639175,1.3132530120481927,1179051,0.9757299826423304,0.057078946665825483,0.9783364408393407,0.0012937987183838544,0.001293798717365466,5.0692581862603184e-08,0.024019752644401714,0.023476861926312667,0.9757299963451889,1.0213782993253628,0.05708001655827278,0.05840163545584102,0.0
model.dec.8x8_block4.conv1,0.016939274469949285,0.016550630228465042,0.9982721025588854,0.9753683645751747,1.021713669359563,0.057412442600062,0.05876071944153096,0.0,589583,590080,0.9991577413232104,1.0,0.9753683645751747,0.05738898520735688,0.6271186440677966,0.9769560557341908,1.3272727272727274,589583,0.9753679521937305,0.05740541471518905,0.9769474512961587,0.0014877144490216977,0.001487714448379644,3.152199658372316e-08,0.016939271870385523,0.01655061150379586,0.9753679397771882,1.021715222633004,0.057403398537321876,0.05875151856404621,0.0
model.dec.8x8_block4.norm0,0.0007445897413061594,0.0007304455962778884,0.9986094433000361,0.9796399678841388,1.0179462383530973,0.051716502343456885,0.05285541593968229,0.0,1024,1024,1.0,1.0,0.9796399678841388,0.051716502343456885,0.7115873015873017,0.9824341003261923,1.2989024390243897,1024,0.9795457040103501,0.051805669650404916,0.9829622193164141,0.002380740080868472,0.0023807400811115906,0.0,0.0007446089511995856,0.0007303961054959605,0.9795501389495185,1.0180433661755977,0.05167722506484884,0.052813623502866815,0.0
model.dec.8x8_block4.norm1,0.00051262699624316,0.0005017433294426808,0.9986148003018879,0.9774130477056251,1.0202764549980952,0.05149924682536367,0.05263831708547439,0.0,512,512,1.0,1.0,0.9774130477056251,0.05149924682536367,0.7321794871794871,0.9819404810436201,1.2260683760683762,512,0.9775847867481835,0.05160235094174578,0.9815014743741748,0.0031982753039907497,0.0031982753033085003,0.0,0.0005125841873919306,0.0005017837807360119,0.977570320660986,1.0201057091105123,0.05156770567071067,0.05270470079934902,0.0
model.dec.8x8_block4.skip,0.007698665720177809,0.007515805751562381,0.9982723976852645,0.9745612682577409,1.0225604202000067,0.0573600231186886,0.05875992367483323,0.0,131306,131328,0.9998324805068226,1.0,0.9745612682577409,0.05735326978100469,0.6112220988869691,0.9749614021882866,1.3366651542649728,131306,0.9745611519700783,0.05735419589857887,0.9749579714328025,0.0003533818799393455,0.000353381880014317,1.873096781971964e-09,0.007698663666971678,0.007515802961974369,0.9745611893749665,1.0225605510787952,0.05735962760215935,0.05875951988748022,0.0
model.dec.8x8_in0.affine,0.007007245689230404,0.006790107487565067,0.9983122899918911,0.967376920381203,1.030236929733784,0.056274273468382534,0.05864245369743692,0.0,131185,131328,0.998911123294347,1.0,0.9673769203812033,0.05626197089387891,0.6692382175234982,0.9707317073170731,1.2903225806451613,131185,0.9673777612722139,0.05626643759010662,0.970645246770668,0.0011111304649042305,0.0011111256765973141,2.77319361079666e-09,0.007007245085985499,0.00679010932339854,0.9673775050029811,1.0302368178725763,0.056270171241550516,0.058638153853089105,0.0
model.dec.8x8_in0.conv0,0.01815786260027163,0.01772076499233092,0.9984155046755311,0.9743815620011292,1.0230422648076956,0.054916913037166525,0.05628392258384812,0.0,589740,590080,0.9994238069414316,0.9999999999999999,0.9743815620011292,0.05490563868825721,0.6341463414634146,0.975546070003503,1.318918918918919,589740,0.9743815436786917,0.054911175044181706,0.9755501268244533,0.0009331760830931839,0.0009331760823228228,1.6653653782060617e-08,0.01815785364579184,0.017720751694308225,0.9743814731843017,1.023042697960554,0.0549140268621537,0.05628097820253962,0.0
model.dec.8x8_in0.conv1,0.01742764617512625,0.0170311140944582,0.9984472770192363,0.9757295575856816,1.0216939286474238,0.05443743606089948,0.055705050661172595,0.0,589750,590080,0.9994407537960954,1.0000000000000002,0.9757295575856814,0.054426055214816235,0.6440677966101694,0.9738430583501007,1.30581210824162,589750,0.9757289531976044,0.05443471058718572,0.9738234733263764,0.0009846714483914044,0.000984671448996776,1.5350812098850604e-08,0.017427656493740805,0.017031109133632812,0.9757289130802307,1.021695058834641,0.05443349086705746,0.055701061448179184,0.0
model.dec.8x8_in0.norm0,0.00047393653353344897,0.00046203096839548895,0.9983294057555557,0.9732507825045696,1.0240542523186325,0.05632742890987326,0.05781954592899974,0.0,510,512,0.99609375,1.0,0.9732507825045696,0.05632444531161119,0.5609467455621302,0.9684349723665172,1.321697099892588,510,0.9732833063336489,0.0563037860229787,0.9694047097540088,0.0010005973942818903,0.0010005973934151414,3.079755376556316e-12,0.00047391405260302434,0.0004620283376546831,0.9732939992749731,1.0240142331935551,0.0562849979793418,0.05777217684194664,0.0
model.dec.8x8_in0.norm1,0.000500265448914442,0.0004865920587667097,0.9981678647540383,0.9708856715157738,1.0262166962173038,0.05885173322890294,0.06065575134752581,0.0,512,512,1.0,1.0,0.9708856715157738,0.05885173322890294,0.7007019115890084,0.9711302495716998,1.360964912280701,512,0.970824448056084,0.058687346402835,0.9716604722460989,0.0017460089378128437,0.0017460089366379292,0.0,0.0005002652047493364,0.000486560404893078,0.9708298272449755,1.0262901881742619,0.05873498214534229,0.06054492943004847,0.0
model.dec.8x8_in0.norm2,0.0005039734471541256,0.0004875374969915187,0.998307868152511,0.9657503227886676,1.031962999232979,0.056253385771668406,0.05897026348177005,0.0,512,512,1.0,1.0,0.9657503227886676,0.056253385771668406,0.6979975414078675,0.9651570392598663,1.2613688799183667,512,0.9657541948161691,0.05624966686657123,0.9653171461208581,0.0001418849919665432,0.0001418849915954213,0.0,0.0005039707702244517,0.00048753692528642913,0.9657545624426832,1.0319589869210513,0.05624945726276149,0.05896529694829783,0.0
model.dec.8x8_in0.proj,0.006129479282545933,0.005986676295965214,0.9984925322807605,0.9752299174458812,1.0223100411352706,0.053608970856024805,0.054889734002444394,0.0,65782,65792,0.9998480058365758,1.0,0.9752299174458812,0.05360642492718548,0.6464646464646465,0.9726443768996961,1.2965275906345606,65782,0.9752290834413798,0.05361489675749132,0.9726385071482367,0.0006097883967443289,0.0006097883978660291,4.1835759359302945e-10,0.006129482434966334,0.005986673750429339,0.9752290612759786,1.022311064563699,0.05360782784101277,0.0548886193844547,0.0
model.dec.8x8_in0.qkv,0.010420192275523002,0.010096290500916818,0.9981409051736038,0.9671146436666848,1.0301625284087312,0.059054083225325675,0.061481027265277294,0.0,197300,197376,0.9996149481193255,1.0,0.9671146436666848,0.0590475120802288,0.6036852309767338,0.9682236023330084,1.3277062968856557,197300,0.9671138416876167,0.05905089884683177,0.9682630633584987,0.0007255482639310689,0.0007255482835967044,3.4375210476416124e-09,0.010420195500989542,0.010096284542925665,0.9671138526363178,1.0301635393957267,0.05905273565201093,0.06147976218014567,0.0
model.dec.8x8_in1.affine,0.005844954208570208,0.005669940026411186,0.9977716855972307,0.967895626811315,1.028569929445104,0.06472298112431706,0.06704037345969727,0.0,131214,131328,0.9991319444444444,1.0,0.967895626811315,0.06470378676494046,0.5861965987995763,0.9709352517985611,1.3488372093023255,131214,0.9678967515803236,0.06471473986108368,0.9707812753759183,0.0012742809813699402,0.0012742366965992613,3.462238915195992e-09,0.00584495603528995,0.005669942015673113,0.9678959863001064,1.0285702326514239,0.0647181620442915,0.0670354046447849,0.0
model.dec.8x8_in1.conv0,0.01519806519020403,0.014833508664108774,0.9981891019912258,0.9742455047731656,1.022721150318305,0.058711188936935256,0.060160396807842485,0.0,589655,590080,0.9992797586767896,1.0000000000000002,0.9742455047731656,0.0586940228239098,0.5989828020134229,0.973655323819978,1.3537207022546989,589655,0.9742462416007239,0.05870334230688542,0.9736102135602372,0.0011636344444600085,0.0011636344406747141,1.8990352644301242e-08,0.015198049122588618,0.014833498847954861,0.9742462391344384,1.0227211123293742,0.05870541917322105,0.060154453965609644,0.0
model.dec.8x8_in1.conv1,0.016790418270287644,0.01644153121467642,0.9984415554668794,0.977695000564006,1.0196283494423568,0.054647732574822916,0.05584897320481756,0.0,589760,590080,0.9994577006507592,1.0,0.977695000564006,0.05463445033200414,0.6388888888888888,0.9761904761904762,1.3142857142857143,589760,0.9776954285484013,0.054643512974246085,0.9761787956861732,0.0009883213627247885,0.000988321356999085,1.669324958551498e-08,0.016790414007514083,0.016441530856496432,0.9776954469718625,1.0196283416926555,0.054643818279244846,0.05584498651129711,0.0
model.dec.8x8_in1.norm0,0.0004198586928653085,0.00040744801461876733,0.9982504446529965,0.9687429810978014,1.0286566919128999,0.057379645221657866,0.05949739784794384,0.0,511,512,0.998046875,1.0,0.9687429810978014,0.05730935545005345,0.5343137254901961,0.9659516513449098,1.3003227348792734,511,0.9688015613676536,0.05709579633651206,0.9658113727307204,0.002057986905822898,0.002057986905041939,5.79718659116483e-11,0.00041983896489074756,0.0004074506732697541,0.9688006046220942,1.0286077848035713,0.05728502451629797,0.05939206953129384,0.0
model.dec.8x8_in1.norm1,0.00045597535408908066,0.00044207861785636497,0.9980830620970397,0.9676645385344832,1.029457791595516,0.060002442849523815,0.06232891265673482,0.0,511,512,0.998046875,1.0,0.9676645385344832,0.0600018732880639,0.6719781797301176,0.9714285714285714,1.3605769230769231,511,0.9677300006249326,0.060047246209577285,0.9700684635777669,0.0018333141490327251,0.0018333141462993467,5.79718659116483e-13,0.0004559538911422643,0.00044208640500461416,0.9677287510931581,1.0293929209761918,0.059980257562955656,0.062294778440768105,0.0
model.enc.16x16_block0.affine,0.006933379746411006,0.006759717540673167,0.9983857187994619,0.9733788862812198,1.024034995571847,0.055374882132346086,0.05683817744212113,0.0,131205,131328,0.99906341374269,1.0,0.9733788862812198,0.055367008035163416,0.6865970897392737,0.97546346782988,1.3183141927770559,131205,0.9733785995074182,0.05537114715961901,0.9752724638786484,0.0008724719395169791,0.0008724716837591358,1.710014358230288e-09,0.006933389944460772,0.0067597232856843065,0.9733783800729403,1.024035734815537,0.05537312097530916,0.05683641497263625,0.0
model.enc.16x16_block0.conv0,0.019728647062946674,0.01935553866262364,0.9986392478223527,0.9797529708736106,1.017889587415035,0.05116402275522931,0.052293374936611785,0.0,589693,590080,0.9993441567245119,1.0000000000000002,0.9797529708736105,0.051149287792333,0.65625,0.9798927613941019,1.2976744186046512,589693,0.9797517966410058,0.05115926891805652,0.9798828362114722,0.0010821690351389462,0.0010821690352917858,2.3937173662394727e-08,0.019728642369507644,0.019355503847116932,0.9797517150452215,1.0178914602263103,0.05115870710425128,0.052287955512099096,0.0
model.enc.16x16_block0.conv1,0.018471183251139583,0.01811605838004433,0.9986113672066276,0.9794121784902452,1.0181869131457018,0.05166862208220841,0.052802492678205526,0.0,589732,590080,0.9994102494577006,0.9999999999999999,0.9794121784902454,0.05165163962829209,0.6547619047619048,0.9790660225442834,1.3,589732,0.9794118797189315,0.05166170593957369,0.9790578739367779,0.0010356687389396812,0.0010356687389245559,2.4421506770640462e-08,0.018471162634412824,0.01811602741048987,0.9794118702655898,1.018187801007365,0.051663417934797284,0.05279720645244307,0.0
model.enc.16x16_block0.norm0,0.00047627813545738376,0.0004670738502339363,0.998320978632367,0.979027985005735,1.0179941652757238,0.056804879645330195,0.058046303142860384,0.0,510,512,0.99609375,1.0,0.979027985005735,0.05680401804354547,0.6514137737961926,0.9734731213059387,1.2684210526315784,510,0.9788199462758598,0.05685101245831211,0.9718648297695647,0.0017192909233179128,0.0017192909239008311,9.058104048695047e-13,0.00047631330556266097,0.00046700724684442004,0.9788120108455731,1.0182102793190293,0.05686300255150692,0.05810462524024275,0.0
model.enc.16x16_block0.norm1,0.0005263688628480917,0.000515085555161952,0.998726979632589,0.9773181452561231,1.0206047894308086,0.04936095954315454,0.050456490081025124,0.0,512,512,1.0,1.0,0.9773181452561231,0.04936095954315454,0.6721997770966843,0.9840641919906346,1.2329764086120016,512,0.9773766034298564,0.049338643513616755,0.9835035624085771,0.001647142437401859,0.0016471424373052496,0.0,0.0005263174400764013,0.0005150643363811646,0.9773785926520784,1.0205525797177493,0.04926019265510324,0.05035195871661016,0.0
model.enc.16x16_block0.norm2,0.0004943786133782609,0.00048303274458390163,0.9989419632753304,0.976016488463519,1.0224059304195554,0.04493320127254066,0.04599207284042303,0.0,512,512,1.0,1.0,0.976016488463519,0.04493320127254066,0.7189392357389864,0.9775265195948588,1.29531728363296,512,0.9760327753669497,0.04491731805981091,0.9774457378777428,0.0001961174187689558,0.00019611741876121992,0.0,0.0004943728999344977,0.000483035279384126,0.9760337631768734,1.0223896640170722,0.04491498820779452,0.04597246297349732,0.0
model.enc.16x16_block0.proj,0.00502722944989362,0.004929351992078053,0.9986232584084452,0.9791805998183175,1.0184519713925453,0.051434297021405125,0.05256004356681791,0.0,65757,65792,0.9994680204280155,1.0000000000000002,0.9791805998183175,0.051420760391513214,0.6570868347338936,0.9788434414668548,1.3063027737551518,65757,0.9791821189472031,0.05142913691822917,0.9789036304282046,0.000987621926607987,0.0009876219265202275,1.4354586954623168e-09,0.005027223558956659,0.004929351650107036,0.9791818618003998,1.018451038439399,0.05143087923655885,0.05255659823974885,0.0
model.enc.16x16_block0.qkv,0.010761965999786372,0.010572004264561357,0.9987754615829081,0.9811458649287074,1.0167218334377182,0.04859973776275972,0.049726820571916554,0.0,197288,197376,0.9995541504539559,1.0,0.9811458649287074,0.04858845084713745,0.6769469026548673,0.9805991584446869,1.2869565217391303,197288,0.9811478907555059,0.04859132179872051,0.9805818965781609,0.0007328639291227439,0.0007328639301127379,5.182855218083775e-09,0.01076195730980948,0.010572016172321843,0.9811479184634824,1.0167200291197074,0.04859667875321233,0.049723860484080756,0.0
model.enc.16x16_block1.affine,0.0069169483559977825,0.006790925063847014,0.9984641951572467,0.9802726837432175,1.0169932974202454,0.05439144632027638,0.05560394829249483,0.0,131209,131328,0.9990938718323586,1.0,0.9802726837432175,0.0543668800485574,0.6560373956594324,0.9832402234636871,1.2651353429206147,131209,0.9802717368483931,0.05437797154554461,0.9829550217241928,0.0010666723542565614,0.0010666724170065815,5.214682998497806e-09,0.006916941840293616,0.00679091027497433,0.9802717252668073,1.0169948165419158,0.05438682108165879,0.05559923982041788,0.0
model.enc.16x16_block1.conv0,0.019512821303351524,0.019188528565979402,0.9986823602764437,0.9820847893078789,1.0155604359071884,0.05046518097907544,0.05168707581205072,0.0,589677,590080,0.9993170417570499,1.0000000000000002,0.9820847893078788,0.050447419263065243,0.6622516556291391,0.981904012588513,1.2962962962962963,589677,0.9820844863917219,0.050453417743184764,0.9818987538838158,0.0011002595650171526,0.0011002595650177872,2.783989115815045e-08,0.01951282427624737,0.019188518968540964,0.9820845152568496,1.0155614778654163,0.05045800976425493,0.051679809033709626,0.0
model.enc.16x16_block1.conv1,0.018633764908380937,0.01830734565657501,0.9986322877426701,0.9811386247176743,1.016437862090207,0.051367518802747855,0.052551101308852155,0.0,589741,590080,0.999425501626898,1.0,0.9811386247176743,0.05135370547184909,0.6538461538461539,0.9805220101285548,1.304054054054054,589741,0.9811379819584224,0.05136147335413635,0.9804983232701987,0.0009776655143992562,0.0009776655142069962,2.009818806676193e-08,0.018633776351513837,0.01830734069069146,0.9811380184737767,1.0164390338584874,0.051362460859655665,0.052545962145873384,0.0
model.enc.16x16_block1.norm0,0.00048348920087436253,0.0004741743967994114,0.9987926384024057,0.9795501036748525,1.0184131784421446,0.048178566279949764,0.049239150795149206,0.0,511,512,0.998046875,1.0,0.9795501036748525,0.048102166408681826,0.7436392914653784,0.9813084112149533,1.3271144278606966,511,0.9795015033717167,0.048145871198752355,0.9802104933308327,0.001840884157137933,0.0018408841572296573,7.014595775309445e-11,0.0004834687727110163,0.0004741297146254349,0.9794986605249082,1.018465575676767,0.048186714546029026,0.049246542294288306,0.0
model.enc.16x16_block1.norm1,0.0005089166395451783,0.000500349668153673,0.9984704707849087,0.9816624765206186,1.0155662510020547,0.05435690509110076,0.05562951099028752,0.0,510,512,0.99609375,1.0,0.9816624765206186,0.05432762400623033,0.7396386222473179,0.9844194326492552,1.382894736842104,510,0.9816249137379135,0.054331194808263594,0.9842298065357711,0.002286246984292377,0.0022862469843330166,3.362368222875602e-11,0.0005089284298463015,0.0005003441604756853,0.9816290329294154,1.015601066125313,0.054353168290613006,0.055623867528723676,0.0
model.enc.16x16_block1.norm2,0.000503741741815153,0.0004951168397269719,0.9989006817856915,0.9817978295480059,1.0163014645604602,0.04607412307204026,0.04719061219782953,0.0,512,512,1.0,1.0,0.9817978295480059,0.04607412307204026,0.6736230481340018,0.9813292115698891,1.4399260185275753,512,0.9817925754032348,0.04600575397537426,0.9814078004978907,0.0009399791465494025,0.000939979146550197,0.0,0.0005037461281496802,0.000495118317291823,0.9817925133533902,1.016307594529775,0.04606740626411718,0.0471834540168802,0.0
model.enc.16x16_block1.proj,0.005460825333589506,0.005367281770298821,0.9986644341020126,0.9815573808653965,1.0160696372747868,0.05078070342581636,0.05197500987995488,0.0,65750,65792,0.9993616245136187,1.0,0.9815573808653966,0.050770453032840904,0.6451958525345622,0.9806384092098378,1.3004879625909118,65750,0.9815531266117108,0.05078828373511055,0.9806319666629315,0.0011784595440534542,0.00117845954400125,1.2663070943254823e-09,0.005460843274152363,0.00536727446570235,0.9815530338657723,1.0160745792916892,0.05077633923348874,0.05197036035115746,0.0
model.enc.16x16_block1.qkv,0.010678899772907407,0.010510261705654255,0.9987657790780405,0.9829935615084346,1.0147910632564257,0.04888373986565439,0.05014889136261911,0.0,197284,197376,0.9995338845654993,1.0,0.9829935615084348,0.04887313896667113,0.672432005828072,0.9826524290013403,1.2894736842105263,197284,0.9829933857053618,0.04887930583389566,0.9826482079635969,0.0007783111835138166,0.0007783111835139027,4.821033214779172e-09,0.010678898828268873,0.01051025807205685,0.982993394833106,1.0147914133212397,0.04888199367461147,0.05014717203175816,0.0
model.enc.16x16_block2.affine,0.007117857967786275,0.007016736155109434,0.9986188017899719,0.9844316483138561,1.0130104136701825,0.05179392415258295,0.05325483675889867,0.0,131210,131328,0.9991014863547758,1.0,0.9844316483138561,0.051789521454690866,0.696926128461101,0.9863849716247184,1.3412278244631175,131210,0.9844325149662215,0.05179200110090985,0.9861808180948294,0.0007492278290021487,0.0007492267611848415,9.42551207154018e-10,0.007117855519428289,0.007016738310439202,0.9844324515248477,1.0130099209677617,0.05179087481959005,0.05325191794266408,0.0
model.enc.16x16_block2.conv0,0.019399189870923126,0.019075619861824947,0.9987066013479796,0.9820486116981675,1.015647151978855,0.04999606119035918,0.051206310412379684,0.0,589674,590080,0.9993119577006507,1.0,0.9820486116981674,0.049980959345741115,0.6660553151288233,0.9817073170731707,1.2993237094168768,589674,0.9820494207251382,0.04998681507130204,0.9816616362314045,0.001105001957567422,0.0011050019573261504,2.3178987142127325e-08,0.01939918456276935,0.019075622083244433,0.9820493475908361,1.0156471206788804,0.04998915005287064,0.051199378751251814,0.0
model.enc.16x16_block2.conv1,0.01806065257481733,0.017735238622562814,0.9986022889530891,0.9806096324733486,1.0169250826010536,0.05190097145877785,0.0530722772891429,0.0,589772,590080,0.9994780368763557,1.0,0.9806096324733488,0.05188888771408881,0.6562087576463608,0.9805253910710561,1.3037974683544304,589772,0.9806092492628963,0.05189631214969106,0.9805280698079005,0.0009786434133122164,0.0009786434132510132,1.668861976208309e-08,0.018060657885729737,0.01773523233979095,0.9806092261030401,1.0169259797541053,0.051896603909235055,0.0530678497245333,0.0
model.enc.16x16_block2.norm0,0.0005565758511194939,0.0005432504086636506,0.9987224003780264,0.9748111619568287,1.0232201599072586,0.04932298247975896,0.05055104711805061,0.0,512,512,1.0,1.0,0.9748111619568287,0.04932298247975896,0.6584344422700588,0.9775252525252525,1.2398074104269843,512,0.9748787498207395,0.04926731524147254,0.9778315385292728,0.0016193417514814225,0.0016193417514740898,0.0,0.0005565462448054184,0.0005432596348499642,0.9748804446541751,1.023149267451821,0.049309251241987394,0.05053161840306603,0.0
model.enc.16x16_block2.norm1,0.0004977294539053875,0.0004909357370907805,0.998416579519778,0.9847887753963851,1.0122329693072905,0.05548459836240313,0.05704329683707478,0.0,511,512,0.998046875,1.0,0.9847887753963851,0.05507783484781433,0.7177006260671599,0.9886363636363636,1.3135888501742161,511,0.984897684321143,0.05517808289022206,0.988248197468158,0.001413913750269388,0.001413913750221063,4.544994287473227e-10,0.0004977046957207712,0.0004909614639949891,0.9848828635851753,1.012122889965925,0.05560567518391575,0.05717700618646438,0.0
model.enc.16x16_block2.norm2,0.0005227260747488017,0.0005136364600934383,0.9987077836209087,0.9813413859129149,1.0163815073763733,0.04993717297922768,0.0511020988811799,0.0,511,512,0.998046875,1.0,0.9813413859129149,0.0499253450398701,0.6713786213786215,0.9819664031620553,1.3032808557277729,511,0.9813392775868278,0.04992543486508251,0.9820453565138958,0.0001233759781026488,0.0001233759781024394,1.3166095767654012e-11,0.0005227257630009634,0.0005136348159678026,0.9813387141283506,1.0163840346617619,0.04993931884584014,0.05110419608320494,0.0
model.enc.16x16_block2.proj,0.005740875837434436,0.005635536683956576,0.9985311631311009,0.9802091456508379,1.0171956547925491,0.053186250150615656,0.05437105458330105,0.0,65765,65792,0.9995896157587548,1.0,0.9802091456508379,0.053178015299646476,0.6457020997375328,0.9794796883695047,1.3150425604358165,65765,0.980211347292728,0.05317841261130688,0.979489035001472,0.000844579539846898,0.0008445795397748882,1.1776191975847092e-09,0.005740865291797251,0.005635538412288088,0.980211377483543,1.017193609867322,0.05318395663345923,0.05436882363375451,0.0
model.enc.16x16_block2.qkv,0.01091322693691988,0.010726276716314796,0.998734615488656,0.9816256835686316,1.0161417420834367,0.049429319839735954,0.05060063168267645,0.0,197283,197376,0.9995288180933852,1.0,0.9816256835686316,0.04941701959455695,0.6724896607571508,0.9815905743740795,1.2876610669174264,197283,0.9816261712047775,0.04941910794246679,0.9815717594491128,0.0008977996099682643,0.0008977996098401216,5.9071474452639636e-09,0.010913236689732939,0.01072628841874865,0.9816262293634131,1.0161419060248398,0.04942233700345402,0.05059360145648747,0.0
model.enc.16x16_block3.affine,0.007308191631290687,0.007149608011646724,0.998855570548656,0.9771809703368981,1.0210109295027558,0.046790482665881795,0.04783504053783992,0.0,131216,131328,0.9991471734892787,0.9999999999999999,0.9771809703368982,0.046785625645645396,0.71875,0.9782226506416927,1.2531751512890883,131216,0.9771800234098883,0.04678761833297775,0.9780301217946472,0.0006475884328122537,0.0006475873119963365,9.902659024935253e-10,0.0073081920387039765,0.007149601735801931,0.9771801565799871,1.021011985548196,0.04678838233280963,0.047832930050093495,0.0
model.enc.16x16_block3.conv0,0.018377378862990543,0.01802170401022592,0.998595437269548,0.979268672132353,1.0183036338374607,0.05195714749439484,0.05309529692454039,0.0,589636,590080,0.9992475596529284,1.0,0.9792686721323532,0.05193942599183857,0.6548672566371682,0.9791880813661742,1.3,589636,0.9792729874063864,0.051946480860119076,0.9791687699941392,0.001182516210136505,0.0011825162097755513,2.536681744427319e-08,0.01837733900663986,0.01802173490541087,0.9792728854224235,1.0183001067111965,0.05194960834248838,0.05308768068693876,0.0
model.enc.16x16_block3.conv1,0.01833071948001693,0.018007834828267868,0.9986215942031279,0.9810314725483356,1.016527110815665,0.05156272017938336,0.052745134975674075,0.0,589811,590080,0.9995441296095444,1.0,0.9810314725483353,0.05155059490584363,0.6576923076923077,0.9808219178082191,1.304873182410994,589811,0.9810304630688451,0.051560023755309534,0.9808204649459711,0.0009545369312098513,0.0009545369311758096,1.713808911242587e-08,0.018330706441109536,0.018007800051392193,0.9810305029252477,1.0165285862232172,0.051558335692896015,0.052740665760830405,0.0
model.enc.16x16_block3.norm0,0.0004764072031508631,0.0004672863946408489,0.9988948929272662,0.9797710657060065,1.018391991803905,0.04610011147479304,0.047120737125555104,0.0,510,512,0.99609375,1.0,0.9797710657060065,0.04605471697985942,0.6666666666666666,0.9819621969168797,1.2602588996763748,510,0.9797619214173481,0.0460185030985527,0.9827339987332468,0.0018025857895604441,0.001802585789559608,3.8732452912220025e-11,0.00047641719558669975,0.000467288947559521,0.9797598658892035,1.018411943355964,0.04601436120059981,0.04703289836328474,0.0
model.enc.16x16_block3.norm1,0.000545460812143707,0.000535695826523391,0.9988469508244263,0.9809653250603975,1.0170545336144543,0.04714855574199553,0.04823653972383303,0.0,512,512,1.0,1.0,0.9809653250603975,0.047148555741995536,0.7459022233951309,0.9829784151818051,1.3412660256410254,512,0.9810109481205933,0.04722655573836883,0.9834375902958991,0.0014076673898311691,0.0014076673897609714,0.0,0.0005454473814859336,0.0005357075829577669,0.9810104063594606,1.0170065475678758,0.04716327688763924,0.04825390954582938,0.0
model.enc.16x16_block3.norm2,0.0005136102562053642,0.0005042773095420703,0.9987866546220536,0.9806374403823167,1.0172717666808575,0.04835163677486762,0.04944943791093645,0.0,512,512,1.0,1.0,0.9806374403823167,0.04835163677486762,0.5737071513002364,0.9841921658412245,1.299100927168857,512,0.9806463258432961,0.04834623473836653,0.9841602547479336,0.0001249268644913466,0.0001249268644909155,0.0,0.000513610292266533,0.0005042819173993859,0.9806463876177679,1.0172626003597383,0.04835095022235663,0.049449163694262326,0.0
model.enc.16x16_block3.proj,0.005872801118081254,0.0057638855178115695,0.9985466654289511,0.9800278517869154,1.0174154144917846,0.05289443730256518,0.05406781401508136,0.0,65768,65792,0.9996352140077821,0.9999999999999998,0.9800278517869155,0.05288723707915904,0.6438049062583567,0.9802474169070352,1.3120060269844516,65768,0.9800293871378006,0.05291014352761949,0.9802343009309686,0.0010520572874616412,0.0010520572873060313,1.0716280575849163e-09,0.005872799507629104,0.0057638932947510525,0.980029497366678,1.0174138193540034,0.05289351286157387,0.054066956239788785,0.0
model.enc.16x16_block3.qkv,0.01085176081229151,0.010641212257508253,0.9984920934479005,0.9791191022002644,1.0182484014841044,0.05383061290603508,0.055007940587628375,0.0,197291,197376,0.9995693498702983,1.0000000000000002,0.9791191022002643,0.05381739319036483,0.6383745107632094,0.978804780876494,1.3092975603508996,197291,0.9791195822302263,0.053818172917880075,0.978792689089056,0.0007743148998961254,0.0007743148994767567,6.836370784573333e-09,0.010851764977370027,0.010641218963546837,0.9791196073929066,1.0182484251160895,0.05382582484578902,0.05500308647637552,0.0
model.enc.16x16_down.affine,0.00763454327371452,0.007474968198204615,0.9988015984116254,0.977924928416879,1.0201239420336665,0.0479195046731252,0.048970980306052674,0.0,131196,131328,0.9989948830409356,1.0,0.9779249284168791,0.04790856226909108,0.6009406392446719,0.9786724114561915,1.3228676625119227,131196,0.9779267716039519,0.047913422282979234,0.9783594934365343,0.0007220412014351317,0.0007220395386627087,2.4932663507949364e-09,0.00763453934672947,0.007474977472673323,0.9779267185260181,1.02012222853545,0.047918083793705435,0.04896951940931372,0.0
model.enc.16x16_down.conv0,0.0188167005163043,0.018485477486772685,0.9986662279937261,0.9810870964536148,1.016560342644737,0.0507222063264716,0.051889924941061503,0.0,589662,590080,0.9992916214750542,1.0000000000000002,0.9810870964536147,0.05070762930343907,0.664179104477612,0.9808150023162895,1.2993817331131547,589662,0.9810874456602668,0.05071815433522916,0.9807877141536254,0.001116559883132241,0.001116559883662705,2.135593482816277e-08,0.01881669367680893,0.018485472283518864,0.9810874054341793,1.0165604960768118,0.050717789997007164,0.05188548536695873,0.0
model.enc.16x16_down.conv1,0.01755244444620144,0.01722106142049981,0.9986416441902164,0.979787695348064,1.0178583975344362,0.05112067115300182,0.05224987434274648,0.0,589718,590080,0.9993865238611713,0.9999999999999998,0.9797876953480642,0.05110486998593697,0.6619718309859155,0.97911051212938,1.2956521739130435,589718,0.9797876923297519,0.05111128211012497,0.9790868454308171,0.0010108763075957952,0.0010108763074301304,2.0301161071554957e-08,0.017552427572885405,0.01722104027016063,0.9797876893903545,1.01785893459405,0.0511157601822449,0.05224489661498821,0.0
model.enc.16x16_down.norm0,0.0005338812870976575,0.0005256250115132753,0.9986731867887779,0.9832290773057776,1.014359885230169,0.050699900912548675,0.052018790438364264,0.0,512,512,1.0,1.0,0.9832290773057776,0.05069990091254868,0.5406976744186046,0.9824999999999999,1.3325892857142851,512,0.983258469134478,0.05087154407917909,0.9809337543997727,0.0018682734769308606,0.001868273476902751,0.0,0.0005338866540132602,0.0005256447150863746,0.9832500198645882,1.0143258379530755,0.05081810581319388,0.05214108979316098,0.0
model.enc.16x16_down.norm1,0.000613588561411939,0.0006000267682847962,0.9990587866457125,0.9769771680523578,1.021639493544963,0.04241800058044039,0.04337713101932956,0.0,510,512,0.99609375,1.0,0.9769771680523578,0.042406430987485574,0.726466275659824,0.9808893017708047,1.326017699115044,510,0.9770007931786736,0.042338973778173965,0.98067296263768,0.0011567707622724885,0.00115677076219643,1.5072685137028558e-11,0.0006135649090213456,0.0006000165571978366,0.9770005920858739,1.0216199954400764,0.042363854711218875,0.04332091780671102,0.0
model.enc.16x16_down.skip,0.004582846551222663,0.004495729619170814,0.9986325258227612,0.9796491710618087,1.0179837344732747,0.051285065050620054,0.05241482890166186,0.0,65767,65792,0.9996200145914397,1.0,0.9796491710618087,0.051276466006861754,0.653917288751064,0.9786163522012579,1.2946186635944699,65767,0.9796482349537369,0.05127792913681976,0.9786145007753219,0.000548541214613924,0.0005485412146124045,7.55618123170968e-10,0.004582850334816409,0.004495728005218093,0.9796480990491134,1.0179850323100896,0.051283314223281876,0.05241305652023495,0.0
model.enc.32x32_block0.affine,0.006928923202385227,0.006892942567921847,0.996639688753676,0.9914643206213812,1.0018420719128838,0.08148515851439014,0.08428941583455077,0.0,131107,131328,0.9983171905458089,1.0,0.9914643206213812,0.08147692087555769,0.31241913123844733,0.9889480147359804,1.5525742948604844,131107,0.9914663554902605,0.08148212982652103,0.9881304076565703,0.0008155684686280365,0.0008155685519510668,2.629165227370384e-09,0.006928924959480063,0.00689295728960627,0.9914663505128747,1.0018403517741226,0.08148331902882609,0.084288007761649,0.0
model.enc.32x32_block0.conv0,0.013856780090895355,0.013625084676695057,0.9981094204712175,0.9814203069775823,1.015082333380071,0.060434369352389085,0.06181912782709188,0.0,295016,295168,0.999485039028621,1.0,0.9814203069775824,0.06041823034662905,0.5904761904761905,0.9794871794871794,1.375,295016,0.9814216504124199,0.060422902278109786,0.97948604081567,0.0010145915071673927,0.0010145915063799044,1.527757775221553e-08,0.013856773460193237,0.01362509342438705,0.981421777245079,1.015081579184655,0.0604284193911564,0.061813180292218134,0.0
model.enc.32x32_block0.conv1,0.01713270704744219,0.016831544268009434,0.9980560085028741,0.9805119437664632,1.0159139849763443,0.061227846425937156,0.06259378835707968,0.0,589748,590080,0.9994373644251627,1.0,0.9805119437664632,0.0612101648754162,0.594829721551114,0.9782276253921768,1.358432009543904,589748,0.9805123595141435,0.06121921634888774,0.9782112837516402,0.0010902846993691314,0.001090284699085157,2.5923024520535403e-08,0.017132703215946777,0.01683154204658913,0.9805122778431395,1.0159141448843125,0.06122394115853899,0.06258985917876889,0.0
model.enc.32x32_block0.norm0,0.0002560743898812516,0.000246811745925506,0.9921370636094139,0.9562497873387391,1.0293711601515072,0.12062898303403488,0.12536697261622712,0.0,253,256,0.98828125,1.0,0.9562497873387391,0.12002016090129504,0.07478443819121795,0.9259259259259259,2.2097959183673463,253,0.956371861204386,0.11964174114779731,0.9254491465452964,0.003519607192706535,0.003519607192732707,3.919260459789373e-10,0.00025603811066713777,0.00024680944634915893,0.9563946791773319,1.029254615866732,0.12049973798774946,0.1252101374580642,0.0
model.enc.32x32_block0.norm1,0.0004024649026458696,0.0003956917431969508,0.9951621771507829,0.978414400986792,1.0121966293961524,0.09659242225698551,0.09870128594608972,0.0,512,512,1.0,1.0,0.978414400986792,0.09659242225698551,0.16271929824561404,0.9713041080783016,1.6340513983371125,512,0.9784295840459847,0.096430915545944,0.9715046937677669,0.002764036160845963,0.002764036160964228,0.0,0.0004024721883125991,0.00039570912410666456,0.9784339058191108,1.012164534179744,0.09665324429150149,0.09876344260712434,0.0
model.enc.32x32_block0.skip,0.0040056889699851645,0.003923657543072956,0.9978985598961642,0.9774628637162325,1.0187615026691486,0.06346862584152466,0.06486522602345555,0.0,33012,33024,0.9996366279069767,1.0,0.9774628637162325,0.0634626347954146,0.5818181818181818,0.9774520824977545,1.365595085890375,33012,0.9774616057620805,0.06347877805488396,0.9775085024885997,0.0011577613219224327,0.0011577613219998497,4.977631982099024e-10,0.004005683708647689,0.003923646412529093,0.9774614744171662,1.0187631584596037,0.063466993947903,0.06486360942880422,0.0
model.enc.32x32_block1.affine,0.007910303944426633,0.007724213705590222,0.9984446001226004,0.9749561481734627,1.022498931240766,0.054441263594465196,0.05575667921950828,0.0,131057,131328,0.9979364644249513,1.0,0.9749561481734625,0.054437504352491645,0.6438356164383562,0.9691817215727949,1.2853751353581189,131057,0.974956975468886,0.05444018201581223,0.968817488011583,0.0005280163819066565,0.0005280160080960041,1.0447849323681116e-09,0.007910304071094413,0.007724220734141075,0.97495710864688,1.0224981104779662,0.054439719529149694,0.05575503271365641,0.0
model.enc.32x32_block1.conv0,0.018438188431081474,0.018066439303111873,0.9983556795820423,0.9782269204756168,1.0188986237151563,0.05616735032942414,0.057395003603046134,0.0,589667,590080,0.9993000949023861,0.9999999999999999,0.9782269204756169,0.05615352894629996,0.6129032258064516,0.9761356499895332,1.3384615384615384,589667,0.9782286357514388,0.05616683978922096,0.9761050977205029,0.0011861559113056838,0.001186155910840551,2.1530076736966054e-08,0.018438175748053953,0.018066452379642845,0.9782286491212822,1.0188975475351174,0.056161373447985385,0.057388909916636935,0.0
model.enc.32x32_block1.conv1,0.01632939380259003,0.016011950309387863,0.9982543366165434,0.9788482675639676,1.0180451389608385,0.0579134989261095,0.05917814054011798,0.0,589679,590080,0.9993204311279826,0.9999999999999998,0.9788482675639678,0.05789809183018046,0.6153846153846154,0.9775784753363229,1.3362897356776884,589679,0.978848164649191,0.05791359741874297,0.9775441155495667,0.0011511462844220031,0.0011511462842687347,1.9409306515899853e-08,0.016329384384971064,0.016011935950876195,0.9788482418669888,1.0180457638031264,0.057908620154183535,0.0591731882425082,0.0
model.enc.32x32_block1.norm0,0.0005151738869283183,0.0004985314182841642,0.9972934374402946,0.965076306132298,1.0305860728748786,0.07114897772457211,0.0740107870919092,0.0,510,512,0.99609375,1.0,0.965076306132298,0.07096803804758788,0.5987109375,0.955103847463398,1.4757260101010083,510,0.9649925468015967,0.0709448556329448,0.9555488633683891,0.0034919373687366615,0.003491937368815623,2.78409886040691e-10,0.0005152337240145161,0.0004985409822063783,0.9649816975351635,1.0306848902501666,0.07115619486937694,0.07403612949444775,0.0
model.enc.32x32_block1.norm1,0.0005204983849977251,0.0005099121945167352,0.997895627852285,0.9775998622916725,1.0186127499572057,0.06352192967868919,0.06491724913055592,0.0,512,512,1.0,1.0,0.9775998622916725,0.06352192967868919,0.5200242508227958,0.970479302832244,1.2371953781512603,512,0.9775420818160827,0.06349623718123787,0.9706512296829961,0.00205413163496041,0.00205413163507186,0.0,0.0005205063360246594,0.000509887467431095,0.9775428779366019,1.0186832888991408,0.0634354136986227,0.06482985885625957,0.0
model.enc.32x32_block2.affine,0.00721290304543522,0.007056279422942161,0.9979829054182737,0.9763123385399792,1.020134479706071,0.06210473187035235,0.063504893216669,0.0,131154,131328,0.9986750730994152,1.0,0.9763123385399792,0.0621012941732884,0.6333878887070377,0.9787386522169252,1.3203390473300964,131154,0.9763129543151001,0.06210249094503417,0.9783879647671887,0.0006499259465839924,0.0006499250977934055,9.062072630531382e-10,0.007212898839538448,0.007056280093199556,0.9763131980177406,1.0201339942655947,0.06210166998529257,0.06350174757620868,0.0
model.enc.32x32_block2.conv0,0.017890036389838566,0.017550152026212604,0.9982388651699473,0.979273795784862,1.0175712208628347,0.05819553469627337,0.05946950332259532,0.0,589653,590080,0.9992763693058568,0.9999999999999998,0.9792737957848621,0.058181506291024934,0.6229508196721312,0.9796819787985865,1.3333333333333333,589653,0.9792738891302452,0.05819267034154134,0.979630070365378,0.0011426672171427055,0.0011426672175423721,2.131548119394842e-08,0.017890036628051772,0.017550148331075866,0.9792738050231738,1.0175716860550512,0.05819167715599931,0.05946559894196025,0.0
model.enc.32x32_block2.conv1,0.01558732772233419,0.015285480311872464,0.9984532105180165,0.9791182403787648,1.0181699946761154,0.05452177936212655,0.0557141593244195,0.0,589713,590080,0.9993780504338394,0.9999999999999999,0.9791182403787649,0.05450865658043854,0.6368421052631579,0.9775910364145658,1.3214285714285714,589713,0.9791177405421643,0.0545210071765415,0.9775628856917135,0.0011093488183048414,0.0011093488183606566,1.418123536539813e-08,0.015587326847443853,0.01528546727513637,0.9791176298725532,1.0181709822858611,0.05451868990257733,0.05571103097385995,0.0
model.enc.32x32_block2.norm0,0.0005055810896275921,0.0004968854696385564,0.9976474559790851,0.9804886592238258,1.0151065359689522,0.06737422428774971,0.06887100716885149,0.0,510,512,0.99609375,1.0,0.9804886592238258,0.06728422036131008,0.47969387755102044,0.9830706781279848,1.3307471264367814,510,0.9804473091266491,0.06725122833810772,0.9820661241383258,0.0022329796480784125,0.0022329796480155813,1.263786676873933e-10,0.0005055828459377973,0.0004968699217929295,0.9804624480798022,1.0151499801777906,0.06725718177296112,0.06875077320463138,0.0
model.enc.32x32_block2.norm1,0.0004936621075648728,0.00048440710019193663,0.9977408838648607,0.9790355809968748,1.0168035673655573,0.06592035912605618,0.0673606285274342,0.0,511,512,0.998046875,1.0,0.9790355809968748,0.06589547539168028,0.6677123326154134,0.9754278192189557,1.3502679823682628,511,0.9790473759058906,0.0658404582245372,0.9765387485432248,0.0013595696773327326,0.0013595696772752503,3.260917457530217e-11,0.0004936515624662047,0.0004844001951629301,0.9790466966260893,1.0168006599255541,0.06585904331846888,0.06729808380598498,0.0
model.enc.32x32_block3.affine,0.006250816023191123,0.006122985256430129,0.997967615251595,0.9775589254122281,1.0188023813203655,0.06241998828387701,0.06379211330059324,0.0,131135,131328,0.9985303971734892,1.0,0.9775589254122281,0.062411797113075096,0.6893790362642822,0.9736408566721582,1.3696331521739105,131135,0.9775584275228918,0.06242217417960004,0.9731506110785793,0.000806036253585158,0.000806035660471117,1.6298276336720908e-09,0.006250813592850626,0.006122978472646367,0.9775583041673653,1.0188031991429867,0.062418663333784145,0.06379079505266352,0.0
model.enc.32x32_block3.conv0,0.016513051809724413,0.016226097090748633,0.9983690254084086,0.9810199183855937,1.0160249473172902,0.056098102192478135,0.05737443330583236,0.0,589602,590080,0.9991899403470715,1.0000000000000002,0.9810199183855935,0.0560836199929816,0.625,0.9801801801801802,1.3318472911995187,589602,0.981021215830005,0.05609250474436167,0.9801099180957276,0.0012480120642831894,0.0012480120639208603,1.8072090601620927e-08,0.016513033765787673,0.016226095044057854,0.9810213139469196,1.0160244285511495,0.05609033307877019,0.05736661481332323,0.0
model.enc.32x32_block3.conv1,0.015387186402983533,0.015111985851270084,0.9985831259494047,0.9807234198279704,1.016768070661348,0.05226236452392959,0.05344580778335201,0.0,589740,590080,0.9994238069414316,1.0,0.9807234198279705,0.052248428100848586,0.6581020402232038,0.9797668957295514,1.3059701492537314,589740,0.980722264709849,0.05225604154577795,0.9797552858913068,0.0009865350975102533,0.000986535097337856,1.4067857907678129e-08,0.015387188397470379,0.015111966251649634,0.9807223097286042,1.0167698207640754,0.05225686687352318,0.053440198415261334,0.0
model.enc.32x32_block3.norm0,0.0003790471888339915,0.0003715910199670198,0.9971885896992109,0.977573072855816,1.0171977021844227,0.0734587584573068,0.07507022021927047,0.0,511,512,0.998046875,1.0,0.977573072855816,0.0734383905855841,0.5609592111160915,0.9784384188173799,1.461675824175824,511,0.9776657326128855,0.07355062765362748,0.9776847700324384,0.0021466120171747313,0.002146612016975196,1.7536489438273612e-11,0.0003790218917361991,0.00037159915190155445,0.9776557067203171,1.0171033884849674,0.0735185755796637,0.0751301954761196,0.0
model.enc.32x32_block3.norm1,0.0004977837956243179,0.000485279288082491,0.9982621731528696,0.9731854692050148,1.0239850448670826,0.05744873706208586,0.058966497983866696,0.0,511,512,0.998046875,1.0,0.9731854692050148,0.05744424456608698,0.5688268684957427,0.9679144385026738,1.2678571428571428,511,0.9730861330445961,0.057203396324052046,0.9670603141668044,0.001886191923638906,0.0018861919238124232,5.2174679320483474e-12,0.0004977789783850537,0.00048522525144119815,0.973092752299471,1.024095727986561,0.057337228513961294,0.05886208808849704,0.0
model.enc.32x32_conv,0.001241589844284791,0.0012406319176421338,0.9976823795245524,0.9969126353641475,0.9984527180259773,0.06799064755201369,0.071941081767675,0.0,3582,3584,0.9994419642857143,1.0,0.9969126353641475,0.06793009416744951,0.5556623931623932,0.9966416713449354,1.418771900894587,3582,0.9969093197955692,0.06794796937339201,0.9966041400531566,0.0009160023835915364,0.0009160023835915012,5.175800653424351e-10,0.001241588080804407,0.0012406258391006214,0.9969080566938011,0.9984550799542454,0.06800668726812227,0.07195587005915961,0.0
model.enc.8x8_block0.affine,0.008313536622405943,0.008188652156355222,0.9989714886748944,0.9839651169429378,1.0142067213579966,0.04466161751819446,0.04596025293260013,0.0,131199,131328,0.9990177266081871,1.0,0.9839651169429378,0.04465323064595907,0.7382775764106583,0.9828571428571429,1.3516174402250352,131199,0.9839635126142728,0.04465540333085213,0.9826667135307137,0.0007729048464820611,0.0007729042929191829,2.1119926351772645e-09,0.008313558528083317,0.008188659130370117,0.9839635924539939,1.0142087672234803,0.044656466262374364,0.045954928205569394,0.0
model.enc.8x8_block0.conv0,0.01947835713086786,0.019135671222851966,0.9986383987548021,0.981069190830459,1.0165222400097744,0.05124877156607895,0.05242649384814461,0.0,589695,590080,0.9993475460954447,1.0000000000000002,0.9810691908304588,0.051234241515498616,0.6666666666666666,0.982444733420026,1.2916666666666667,589695,0.9810707704612601,0.05124168068957048,0.9824235761256175,0.0011068274660768222,0.0011068274661023315,2.3047336339434622e-08,0.019478328436009665,0.01913566718735159,0.9810707389404937,1.0165212777951158,0.0512429067281936,0.052420635279785056,0.0
model.enc.8x8_block0.conv1,0.019049850389573596,0.0187043117982269,0.998621685701939,0.9805080352790162,1.0170699629915863,0.05153349444491847,0.05269318134193132,0.0,589766,590080,0.9994678687635575,1.0000000000000002,0.9805080352790161,0.05151938173646489,0.6584887426425085,0.9814412168724007,1.3,589766,0.9805079213519539,0.051531545166354505,0.9814481249365228,0.0010178971994924764,0.001017897199438934,2.1530330930010923e-08,0.019049850538390676,0.018704304718607262,0.9805078296911528,1.017070535554608,0.051530179095226177,0.052689835017637576,0.0
model.enc.8x8_block0.norm0,0.000603678827808717,0.000595205006220256,0.9988782146807264,0.9848569911593887,1.0130990557209525,0.04668836594410266,0.048129147892103576,0.0,512,512,1.0,1.0,0.9848569911593887,0.04668836594410265,0.6413621262458472,0.9904111163469606,1.292142857142857,512,0.9848837140351344,0.046664505909331175,0.9901746108558189,0.0015017708598135259,0.0015017708596577256,0.0,0.0006036859498494668,0.000595223844025653,0.9848762784619072,1.013078673842,0.04669484857699815,0.04813841543735995,0.0
model.enc.8x8_block0.norm1,0.000579118942632885,0.000570646519654234,0.9988918182976485,0.9842781813199741,1.0137224248168288,0.046376667147273065,0.047738425579626764,0.0,512,512,1.0,1.0,0.9842781813199741,0.04637666714727306,0.7342727272727273,0.9914523670368206,1.360064935064935,512,0.9842995330886156,0.0464586153495536,0.9905023308758709,0.0014283266145077237,0.0014283266145128013,0.0,0.000579107532662918,0.0005706471407137634,0.9842957470081161,1.0136983638412074,0.046439106676823286,0.04780401858670516,0.0
model.enc.8x8_block1.affine,0.007634198598752894,0.007480611993010601,0.998916449137884,0.978820012706653,1.019425491310714,0.045603234552672386,0.04659912601733101,0.0,131187,131328,0.9989263523391813,1.0,0.978820012706653,0.04559376477840456,0.6666666666666666,0.9754430379746836,1.2394297380373445,131187,0.9788199975499537,0.04560128543294322,0.9753827630985515,0.0007955258799070527,0.0007955262634899978,2.0532610207885322e-09,0.007634207349462406,0.007480619345120019,0.9788199735975969,1.0194257837869498,0.04560063293668666,0.04659649408967829,0.0
model.enc.8x8_block1.conv0,0.019221988559025675,0.018878172302763948,0.9986291078219516,0.980767016176698,1.0168165104867248,0.05140784331091653,0.05257516517675452,0.0,589680,590080,0.999322125813449,1.0000000000000002,0.9807670161766979,0.05139342627175633,0.6666666666666666,0.9826302729528535,1.2857142857142858,589680,0.9807691241578746,0.05140092380209758,0.9826281294011292,0.001093606325006808,0.0010936063249490805,2.233923335024834e-08,0.01922195071372242,0.018878170068223107,0.9807691608977246,1.016814970820608,0.0514016457055446,0.052568977958638304,0.0
model.enc.8x8_block1.conv1,0.018777869466817667,0.018442111093602984,0.9986118857274265,0.9807561698371239,1.0167926840385804,0.05172984305884461,0.05290345876753958,0.0,589762,590080,0.9994610900216919,1.0000000000000002,0.9807561698371239,0.05171536724058986,0.6578116803637002,0.9814957594448728,1.3010026822080196,589762,0.9807561994981283,0.051723022828573224,0.9815047174432072,0.0009533419149719929,0.0009533419149727826,2.153987703941524e-08,0.018777877990832758,0.018442115019520824,0.980756167115698,1.0167931714362881,0.05172539961498524,0.0528989713657574,0.0
model.enc.8x8_block1.norm0,0.0005124694430279037,0.0005012655921806497,0.9982803725041492,0.9764554919196717,1.0205930637635305,0.05733836720757714,0.058632426844670724,0.0,511,512,0.998046875,1.0,0.9764554919196717,0.057201838451318925,0.6963054187192118,0.9826086956521739,1.2576530612244898,511,0.9765062594315103,0.0572191591677065,0.9820766798448668,0.0017802399275177578,0.0017802399274190785,1.675386924846636e-10,0.0005124603536249107,0.0005012839416283231,0.9765078726118416,1.0205368896843405,0.057353121679015406,0.0586454943422955,0.0
model.enc.8x8_block1.norm1,0.0005813229436689406,0.0005716244550003822,0.99894737320677,0.9822814564645441,1.0158960528771064,0.0451056791829186,0.046240577738797986,0.0,511,512,0.998046875,1.0,0.9822814564645441,0.045075835822880696,0.6666666666666666,0.981549815498155,1.2036279323513366,511,0.9822942492561393,0.0450656129199244,0.9810655880008001,0.0014038339474949063,0.0014038339474118742,3.7101994183454915e-11,0.0005812869896567387,0.0005715968296322498,0.9822960460425026,1.0158836687686492,0.04507780513682624,0.046213458593778914,0.0
model.enc.8x8_block2.affine,0.0086560783488634,0.008521685212990507,0.9988786386276711,0.9833701800403888,1.0146316768174621,0.04660905719599661,0.0478715287399737,0.0,131259,131328,0.9994745979532164,1.0,0.9833701800403888,0.04660492120565691,0.7363978699125143,0.9804659919981172,1.2118633189310073,131259,0.9833716506056521,0.04660112448474471,0.9803508098279468,0.0006153102969724905,0.0006153094984797756,1.1784197075300125e-09,0.00865606719397691,0.008521684344874249,0.983371551426501,1.014630683457541,0.046604801605719066,0.04786742245724298,0.0
model.enc.8x8_block2.conv0,0.019085049942497028,0.018744546062761786,0.9986170131763547,0.9808002944158233,1.0167573813782649,0.05163633836506676,0.05280986167552648,0.0,589732,590080,0.9994102494577006,1.0000000000000002,0.9808002944158232,0.051623399563115464,0.6617647058823529,0.9824561403508771,1.2903225806451613,589732,0.9808005664857606,0.05163043531871455,0.982412692234139,0.0010548546592475923,0.0010548546585327273,1.9852205627084064e-08,0.01908504123753433,0.018744536917157807,0.9808006105022421,1.0167577737048041,0.051629740136203264,0.05280318863588373,0.0
model.enc.8x8_block2.conv1,0.01804278211342687,0.017680590837926922,0.9985505269734853,0.978505597829962,1.0190060814473696,0.05274191621624839,0.05389343284133071,0.0,589791,590080,0.9995102359002169,1.0,0.9785055978299618,0.0527310576920092,0.6455696202531646,0.9788639365918098,1.3053135293492615,589791,0.9785048930507083,0.05273822351026497,0.9788561182673908,0.0009430040656717384,0.0009430040654214942,1.5209540209712646e-08,0.01804279006504827,0.01768058210693352,0.97850485309238,1.019007210463256,0.0527387183980888,0.053890194146099385,0.0
model.enc.8x8_block2.norm0,0.0006207282395942282,0.000614462610072163,0.9990913479927823,0.989006522064264,1.009279008141035,0.042189955999923,0.04439413446944946,0.0,512,512,1.0,1.0,0.989006522064264,0.042189955999923,0.6182692307692308,0.9851346809872155,1.2287263339070569,512,0.9889443774139207,0.04219394281662632,0.9850061796219551,0.0014768437159871169,0.0014768437160188146,0.0,0.000620758658226526,0.0006144508594890675,0.9889380766437745,1.0093466780560614,0.04221214736682271,0.0443996695420452,0.0
model.enc.8x8_block2.norm1,0.0005672824659118446,0.0005569559586854352,0.9988421781167289,0.9806597882313208,1.0173616872619582,0.04723148754683522,0.04830680996219829,0.0,512,512,1.0,1.0,0.9806597882313208,0.047231487546835225,0.6226373626373627,0.9798387096774194,1.2953059071729955,512,0.9806858697079226,0.04708254886882142,0.9796526842831259,0.001762037917924934,0.0017620379180416218,0.0,0.000567271651361955,0.0005569628931817894,0.9806940450937941,1.017333102508074,0.04716334254636809,0.048238802556857904,0.0
model.enc.8x8_block3.affine,0.006610778265831721,0.006393937899626501,0.9979962859714308,0.9652609753288088,1.0318417632842674,0.06119712658730055,0.06400923894522767,0.0,131209,131328,0.9990938718323586,1.0,0.9652609753288088,0.06118884355537202,0.6356194980948627,0.9696444058976583,1.3434190966266435,131209,0.9652619488964753,0.06118999664074096,0.9694229891745229,0.0010186835693046985,0.0010186815722571926,1.8072707968024994e-09,0.006610769046719149,0.006393931472822029,0.9652617502440163,1.0318417880148945,0.06119085627897152,0.06400273182327677,0.0
model.enc.8x8_block3.conv0,0.017932890839240278,0.017547783625535617,0.998315812868862,0.9768770708089389,1.0202250539043944,0.05676742575122767,0.05803450589277536,0.0,589805,590080,0.9995339614967462,1.0,0.9768770708089389,0.056754977493581014,0.625,0.9773627617430674,1.328125,589805,0.9768756688269601,0.05676575580599576,0.9773625661577973,0.0010172800738758655,0.0010172800733678124,1.8539065304169312e-08,0.0179329145810358,0.017547777984985084,0.9768756741301602,1.0202269525317222,0.05676370749503723,0.058030766735836604,0.0
model.enc.8x8_block3.conv1,0.016860458972982467,0.016467669506182073,0.9983305679945277,0.9750729726869817,1.0221429071567811,0.05641320620060826,0.05775959201617745,0.0,589786,590080,0.999501762472885,1.0,0.9750729726869817,0.05640139351018567,0.6225490196078431,0.9753086419753086,1.3307379609467032,589786,0.975072486543938,0.056408680532853424,0.9753082689207764,0.0009636820003040325,0.0009636819992736464,1.5454323335184534e-08,0.016860454247297672,0.016467653872661185,0.97507261439156,1.022143899324962,0.0564080850136045,0.05775438974387586,0.0
model.enc.8x8_block3.norm0,0.00043675603632561884,0.0004247512696650173,0.9972375996076462,0.9698273208873247,1.0254225764245717,0.07223604334911847,0.0743597838993746,0.0,512,512,1.0,1.0,0.9698273208873247,0.07223604334911847,0.2334377387318564,0.9735760207817217,1.4343841019417471,512,0.9698427388257234,0.07223047139855256,0.9731144476723059,0.0008438486430404608,0.0008438486429912604,0.0,0.000436755750058055,0.0004247565262377158,0.9698403047013228,1.0254095799345597,0.0722323405400804,0.07435439867024449,0.0
model.enc.8x8_block3.norm1,0.00047786832660872986,0.00046358181025779556,0.998342695325741,0.9684958976904477,1.0291093020497528,0.05582828696298526,0.057980439442119926,0.0,512,512,1.0,1.0,0.9684958976904477,0.05582828696298526,0.63875,0.963251356388978,1.2119295634920633,512,0.968501856514258,0.055727832457688725,0.9628405459324247,0.0011719224008429148,0.001171922400725571,0.0,0.000477877081554193,0.0004635957946798999,0.9685133865129854,1.0291035058481777,0.05572446851803796,0.05787280524159677,0.0
model.enc.8x8_down.affine,0.009027618977027679,0.00888833953189445,0.9989467836927108,0.9835348844860217,1.014600185911549,0.04517590058111095,0.04643265798845447,0.0,131261,131328,0.9994898269980507,1.0,0.9835348844860217,0.04517066360384223,0.7349177330895795,0.9804964539007093,1.2103559870550162,131261,0.9835382810408272,0.045170853811706865,0.9804679918208499,0.00068483884684389,0.0006848389076102459,1.5730258200443577e-09,0.00902759449045307,0.008888344103506658,0.9835382486689909,1.0145971086330132,0.04517189747583974,0.04642904320439479,0.0
model.enc.8x8_down.conv0,0.019874434907480903,0.01954401163943475,0.9986704963398882,0.9820670572666249,1.0155546435247003,0.05069140083215011,0.05191647206632444,0.0,589708,590080,0.9993695770065076,1.0000000000000002,0.9820670572666247,0.050677438623272605,0.6654664586449361,0.9825581395348837,1.2941176470588236,589708,0.9820681798270253,0.050685827633626765,0.9825380746706018,0.0011234787113188632,0.0011234787112555525,2.2805797465924145e-08,0.019874406092198725,0.019543998217708653,0.9820680839934718,1.0155541552735217,0.05068606721215469,0.051911168128626325,0.0
model.enc.8x8_down.conv1,0.019140601584424922,0.01881253541955899,0.9986455267176103,0.9815289378494028,1.0160606066472482,0.05113813160927029,0.052337992852333134,0.0,589741,590080,0.999425501626898,1.0000000000000002,0.9815289378494025,0.051123800529789605,0.6606662528450238,0.9818175684792876,1.3000824402308326,589741,0.9815289822406194,0.05113105026177994,0.9817961691061149,0.0009934630343402897,0.0009934630337405572,2.190287603011467e-08,0.01914059208215955,0.01881252391356917,0.9815291408181722,1.016061050791155,0.051132059983564696,0.05233186751938843,0.0
model.enc.8x8_down.norm0,0.000603139795674124,0.0005925096602200093,0.9989646856979044,0.9813582700725236,1.0168869756381271,0.044690593123807125,0.04575079872532983,0.0,512,512,1.0,1.0,0.9813582700725236,0.044690593123807125,0.6422459893048128,0.9775999936284426,1.2574999999999998,512,0.9812892052407014,0.04473366854234367,0.9774690559026518,0.0015625851029229336,0.0015625851029448465,0.0,0.0006031307028719741,0.0005924580532973788,0.9812853376807544,1.0169578886681117,0.044736773662603965,0.045793490040280146,0.0
model.enc.8x8_down.norm1,0.0006262109812068601,0.0006167488391864392,0.9988009901070948,0.9837089570668621,1.0141245646613606,0.04821518337150228,0.04953961702066317,0.0,512,512,1.0,1.0,0.9837089570668621,0.048215183371502275,0.6050351288056206,0.9817627494456762,1.444809407948094,512,0.9836575924218003,0.04814291492256822,0.9821419341136897,0.0013120437703118453,0.0013120437703169007,0.0,0.0006262153881530188,0.0006167207094526477,0.9836621776658726,1.0141831230841305,0.04811032503356799,0.04942815042109983,0.0
model.enc.8x8_down.skip,0.006243534549741212,0.006131754339151941,0.9986356198038103,0.9807566925720801,1.0168404750066455,0.0512848090553596,0.05244911637988387,0.0,65779,65792,0.9998024075875487,1.0,0.98075669257208,0.051282678288277296,0.6607459847844463,0.9808106014972894,1.3008008966306301,65779,0.9807561351657746,0.05128732438152573,0.9808001465568572,0.00046278705435429167,0.0004627870543445024,3.475392131471952e-10,0.006243532369416952,0.006131748758215279,0.9807561285882268,1.016841031080096,0.05128504461062019,0.05244938236637792,0.0
model.map_layer0,0.0049967567124086015,0.004896350076670033,0.989963269405818,0.9700705895923397,1.010263876966418,0.13848505897590388,0.14177861600371378,0.0,66032,66048,0.9997577519379846,1.0,0.9700705895923397,0.13848167480650234,0.653179190751445,0.9325500080526744,1.7388495807127875,66032,0.970070800751297,0.13848421366046587,0.9325874714420237,0.0006670348447752934,0.0006670347975682955,9.546698181081658e-10,0.004996756453592494,0.004896350095780366,0.9700708062167841,1.0102639900233383,0.13848392775004864,0.14177749071212123,0.0
model.map_layer1,0.012056072419143334,0.011706851399189616,0.998111014922786,0.9691993317028916,1.0278851475885944,0.05965657665648665,0.0617168900675827,0.0,262480,262656,0.9993299220272904,1.0,0.9691993317028914,0.059654537460023783,0.42517939631157664,0.9554561150738643,1.3420752717268747,262480,0.9691998806011409,0.05965511242247366,0.9554258069315598,0.00034677555687744933,0.00034677542186614256,1.4426093609443827e-09,0.012056065755351909,0.01170685139469477,0.9691998721732985,1.027884585281438,0.05965652620577352,0.061716703159795806,0.0
