layer,update_reference_l2,update_probe_l2,update_cosine,s_K_star_layer,c_K_star_layer,R_opt_layer,layer_residual_with_global_c_star,support_atol,support_coordinate_count,coordinate_count,support_coordinate_coverage,support_energy_coverage,h_update_weighted_mean,h_update_weighted_std,h_update_p05,h_update_p50,h_update_p95,h_moment_coordinate_count,h_moment_weighted_mean,h_moment_weighted_std,h_moment_p50,h_update_minus_moment_weighted_rmse,h_update_minus_moment_eps_weighted_rmse,off_support_candidate_energy_exact,predicted_reference_l2,predicted_probe_l2,s_K_star_predicted_layer,c_K_star_predicted_layer,R_pred_layer,predicted_layer_residual_with_global_c_star,predicted_off_support_candidate_energy_exact
model.dec.16x16_block0.affine,0.08758957461131683,0.08753923791088684,0.9022419648607665,0.9017234569937961,0.9027607708794663,0.43098232080809695,0.43148717444673673,0.0,131328,131328,1.0,1.0,0.9017234569937961,0.43098232080809695,-0.3907125208218209,1.0,1.000122624156959,131328,0.9021379413606231,0.4314477198839506,0.9999999970488809,0.031499649865478076,5.167331776925556e-05,0.0,0.08758971207972893,0.08753935193834468,0.9017235379297904,0.9027613337549308,0.4309815329586925,0.4314865319475279,0.0
model.dec.16x16_block0.conv0,0.26400938767369236,0.2640029902948019,0.9053657131599427,0.9053437746692226,0.9053876521822812,0.424622405186755,0.42499422384442703,0.0,1179888,1179904,0.9999864395747451,1.0,0.9053437746692228,0.42460646507047717,0.9955849889624724,1.0,1.0001226091221187,1179876,0.9053639481506995,0.4246364578313757,0.999999997172027,0.006030085529632159,5.145572065563834e-05,2.8683148212169143e-07,0.264010357794078,0.26400422971185034,0.9053455842071353,0.9053876145683999,0.4246209493788781,0.42499234881279074,2.868271598008294e-07
model.dec.16x16_block0.conv1,0.18669918374252426,0.1866929352905735,0.9034616210386409,0.9034313839673519,0.9034918591219387,0.42865463900865086,0.4289538475635223,0.0,590073,590080,0.9999881372017354,1.0,0.9034313839673519,0.4286408166542051,0.9917078508219231,1.0,1.0001226091221187,590069,0.903446109758729,0.4287016757040623,0.9999999971847525,0.005903230605364181,5.877525707833864e-05,1.2556518119264867e-07,0.186700877448605,0.1866948482182925,0.9034345843285947,0.9034929373382004,0.4286506337598119,0.42894939331761933,1.2556288048159044e-07
model.dec.16x16_block0.norm0,0.007779090049807909,0.007779086487288945,0.9199309751179986,0.919930553825595,0.9199313964105951,0.3920801706495416,0.39338976026298583,0.0,1024,1024,1.0,1.0,0.919930553825595,0.3920801706495416,1.0,1.0,1.0,1024,0.919929955695817,0.39208273709585695,0.9999999958120009,3.8748455821147777e-05,2.0282714414664037e-05,0.0,0.007779379538580612,0.007779370206375796,0.9199247738393782,0.9199269809413225,0.39209184034138506,0.3934013451705781,0.0
model.dec.16x16_block0.norm1,0.005500953464274131,0.005500937687770156,0.8945255421466576,0.8945229766848948,0.894528107615778,0.44701555708369484,0.4470665532972791,0.0,512,512,1.0,1.0,0.8945229766848948,0.44701555708369484,-0.9997302599313389,1.0,1.0,512,0.894523936422507,0.44702004727077327,0.9999999941031535,0.00012820409854080283,2.0351621987213018e-05,0.0,0.005500838516988744,0.005500813858374366,0.8945306380868011,0.8945386579675176,0.44699661312150246,0.4470484951822103,0.0
model.dec.16x16_block0.skip,0.08809698135474894,0.08809659923104868,0.9013357323101568,0.901331822735278,0.9013396419019937,0.4331192333231329,0.4333307823856903,0.0,131326,131328,0.9999847709551657,1.0000000000000002,0.901331822735278,0.43310165150738267,0.9984694893956112,1.0,1.0000000598583034,131323,0.901349364914523,0.433092740750305,0.9999999972014841,0.0009233759109592003,1.189561233507724e-05,3.5932403872276646e-08,0.08809714533908995,0.08809678091845308,0.9013323443908291,0.9013398012986279,0.43311861171944305,0.43333008908168014,3.5932358117000484e-08
model.dec.16x16_block1.affine,0.0876126463697523,0.08756218185317284,0.8985595245057239,0.8980419579910602,0.8990773893083401,0.4385988849201363,0.43899480749038405,0.0,131328,131328,1.0,1.0,0.8980419579910602,0.4385988849201363,-0.945875205150579,1.0,1.0001532825457164,131328,0.898431586037919,0.4391135219188163,0.9999999970187314,0.03337503165353354,3.4518646783140694e-05,0.0,0.08761277983346269,0.08756230592550379,0.898042217129848,0.8990778400260184,0.4385981120703629,0.43899410075687917,0.0
model.dec.16x16_block1.conv0,0.26400613174874926,0.26400039072553394,0.901038532957299,0.9010189391580894,0.9010581271826005,0.43372961642173413,0.43393976064529005,0.0,1179894,1179904,0.9999915247342157,1.0000000000000002,0.9010189391580892,0.4337198541367949,0.9676149078688848,1.0,1.0001226091221187,1179883,0.9010335757735408,0.4337493460204471,0.9999999969616009,0.006112490850493205,5.156813073173179e-05,1.7943019776309673e-07,0.2640071791454699,0.2640016841501908,0.9010206390612964,0.9010581475772036,0.43372823380393816,0.4339379853072118,1.7943393359701647e-07
model.dec.16x16_block1.conv1,0.1866865049384879,0.1866827337699128,0.8983193224872491,0.8983011759500878,0.8983374693909877,0.43933426523644253,0.43946802450395495,0.0,590070,590080,0.9999830531453362,1.0,0.8983011759500878,0.43931499883015446,-0.9847881690645495,1.0,1.000122624156959,590064,0.8983071435536282,0.4393680413822051,0.9999999970169342,0.007027673041203701,6.249353256805567e-05,1.7935519337226136e-07,0.18668865145401137,0.1866850749022439,0.898304934103732,0.8983393542616107,0.4393289542553032,0.43946230977696543,1.7935379970700513e-07
model.dec.16x16_block1.norm0,0.007779203624958768,0.007779214557142221,0.8925826400265134,0.8925838943807684,0.8925813856740211,0.45088446647857877,0.4509085404025096,0.0,1024,1024,1.0,1.0,0.8925838943807684,0.45088446647857877,-0.9999647555608199,1.0,1.0,1024,0.8925837460628043,0.4508816416779834,0.9999999975701277,4.724391411299173e-05,2.3034941838704076e-05,0.0,0.0077793608725210414,0.007779376148318289,0.8925853270481371,0.892581821641319,0.4508828686089301,0.4509066988422005,0.0
model.dec.16x16_block1.norm1,0.005501198442005996,0.005501107481991041,0.8789616518757015,0.8789471186124785,0.87897618537923,0.47688457072216334,0.4769752129514891,0.0,512,512,1.0,1.0,0.8789471186124785,0.4768845707221634,-1.0,1.0,1.0,512,0.8789304779409965,0.476949908141653,0.9999999959227863,0.00045982067612793754,2.0560287328793353e-05,0.0,0.005500833966516112,0.005500737761064006,0.8789377890559503,0.8789685337852897,0.47689976386903876,0.4769909953881021,0.0
model.dec.16x16_block1.skip,0.08809770933956458,0.08809736166513972,0.8958671405431459,0.8958636050358645,0.8958706760643801,0.4443202766699109,0.4443942159506819,0.0,131327,131328,0.9999923854775828,1.0,0.8958636050358644,0.44431170754272625,-0.9996168917044606,1.0,1.0000009577333133,131326,0.8958743648810624,0.4443074639040763,0.9999999970188818,0.0010170931977584714,1.115379216259501e-05,1.7966339591833897e-08,0.08809782675279589,0.08809749207961243,0.895863895391117,0.8958707019910379,0.4443200233914259,0.44439390340645013,1.7966323166510902e-08
model.dec.16x16_block2.affine,0.0876193450105556,0.08757623189372704,0.9230666709822762,0.9226124758359668,0.923521089725422,0.3844507265329524,0.38628785136931243,0.0,131328,131328,1.0,1.0,0.9226124758359668,0.3844507265329524,0.967915069280637,1.0,1.000122624156959,131328,0.9229726972853697,0.38486543141191365,0.9999999977125882,0.03151637496976099,3.534174129329902e-05,0.0,0.08761945548097777,0.08757634429169664,0.9226127029720956,0.923521275285575,0.38445024025361674,0.3862874049663506,0.0
model.dec.16x16_block2.conv0,0.2640006650198372,0.26399561699472845,0.89420804255547,0.8941909441718318,0.8942251412660572,0.44764306451522684,0.4476968572601314,0.0,1179896,1179904,0.9999932197873725,1.0,0.8941909441718319,0.4476355010938096,-0.9961064442945613,1.0,1.0001226091221187,1179883,0.8942128777967382,0.4476419655539081,0.999999996952413,0.006200006621479038,5.299607355443918e-05,1.4346909868037012e-07,0.26400192518392607,0.2639971135002293,0.8941929578021566,0.8942255537107232,0.4476410422043738,0.447694444853963,1.434699582972566e-07
model.dec.16x16_block2.conv1,0.18668327861850328,0.18667821738890372,0.891803537922952,0.891779359954274,0.8918277165471443,0.4524106002957784,0.4524402533803948,0.0,590073,590080,0.9999881372017354,0.9999999999999998,0.8917793599542744,0.4523975032801867,-0.996505575751586,1.0,1.0001226316757619,590066,0.8917867154027594,0.4524560245028665,0.9999999967718014,0.007393620263086542,6.509320825277076e-05,1.2554849397639038e-07,0.18668559030587237,0.18668066182059861,0.8917831411962915,0.8918302290740941,0.452404719171165,0.4524340753461213,1.255531686982756e-07
model.dec.16x16_block2.norm0,0.007779221709725691,0.007779212932450328,0.8984439532435545,0.8984429395316088,0.898444966956644,0.43908772222910475,0.43921575643327065,0.0,1024,1024,1.0,1.0,0.8984429395316088,0.43908772222910464,-0.6990989289231566,1.0,1.0,1024,0.8984409554285212,0.43909435246656653,0.9999999975020639,4.1041114040579066e-05,1.8786171898591e-05,0.0,0.007779382831047717,0.00777937176809364,0.8984405123257581,0.8984430676511733,0.4390920195598711,0.4392201433580972,0.0
model.dec.16x16_block2.norm1,0.00550143586909932,0.005501388595910466,0.8867445154603113,0.8867368957693902,0.8867521352167079,0.4622558728574994,0.4622611752033662,0.0,512,512,1.0,1.0,0.8867368957693902,0.4622558728574994,-1.0,1.0,1.0,512,0.8867263614771379,0.46229466510092576,0.9999999922854608,0.00022622940896632868,5.741491616230108e-05,0.0,0.005500846864982894,0.005500790674188714,0.8867336376626803,0.88675175379353,0.4622586138423902,0.4622646661667796,0.0
model.dec.16x16_block2.skip,0.08809742767356941,0.08809806572389024,0.8901822667356964,0.8901887139282637,0.8901758195898231,0.4556078782834192,0.45561045856848364,0.0,131326,131328,0.9999847709551657,1.0,0.8901887139282637,0.4555911653983654,-0.9998774059090352,1.0,1.0000004788664274,131326,0.8901890102572508,0.45559140247509367,0.9999999967979788,0.0006883174264286097,1.148304494415056e-05,3.593047671785157e-08,0.08809752669279142,0.08809817695824701,0.8901889805331457,0.8901758393530066,0.4556076616911191,0.45561018054225744,3.592961581753796e-08
model.dec.16x16_block3.affine,0.08760531797699228,0.08756510707839198,0.8705812483601536,0.8701816509942685,0.8709810292257192,0.4917988446899696,0.4923138892496463,0.0,131328,131328,1.0,1.0,0.8701816509942685,0.4917988446899696,-0.9995094379537608,1.0,1.0001839249586169,131328,0.8706366683518793,0.49192661232606694,0.9999999959034762,0.030495016113782192,4.942292540500618e-05,0.0,0.08760543070605446,0.08756520019806142,0.870181781323579,0.8709815487413372,0.49179816035544877,0.4923132859420471,0.0
model.dec.16x16_block3.conv0,0.26399516836013326,0.2639872871704757,0.8884651184393659,0.8884385946126382,0.8884916430579471,0.45893044943538125,0.4589445836561707,0.0,1179889,1179904,0.9999872871013235,1.0,0.8884385946126382,0.4589166055327012,-0.9980372914622179,1.0,1.000122624156959,1179874,0.8884721670298351,0.4589305050560738,0.9999999967321289,0.006677845882825668,5.349946912127151e-05,2.6921090974490944e-07,0.26399650234962857,0.2639888411729192,0.8884405587741139,0.8884921260968193,0.4589284632498321,0.45894221595861695,2.6921738802289596e-07
model.dec.16x16_block3.conv1,0.18668168531520263,0.18667477354522005,0.8844331474532222,0.8844004018816904,0.8844658942371828,0.46664963495288875,0.4666792627794972,0.0,590077,590080,0.9999949159436009,1.0,0.8844004018816904,0.46664418726642193,-0.9982830512631837,1.0,1.0001532848953065,590069,0.8844203119243128,0.4666912383650124,0.9999999966514649,0.007515660182406941,6.731783373150996e-05,5.386488831799849e-08,0.18668389373066807,0.18667710122947015,0.8844042055011981,0.8844685671811038,0.46664379620103247,0.4666731038693275,5.385862321912031e-08
model.dec.16x16_block3.norm0,0.007779121425208193,0.007779144978675928,0.9121138898044981,0.9121166514846286,0.9121111281327293,0.40993812905546906,0.41065352679197975,0.0,1024,1024,1.0,1.0,0.9121166514846286,0.40993812905546906,1.0,1.0,1.0,1024,0.9121170479922215,0.4099298566545185,0.9999999950184176,4.56676668498636e-05,2.259677229313042e-05,0.0,0.007779365335511137,0.007779377299858958,0.9121152452517408,0.9121124396658348,0.40993762367031455,0.4106537261763508,0.0
model.dec.16x16_block3.norm1,0.005501527773470728,0.005501529748856224,0.8593731952693897,0.8593735038370123,0.859372886701878,0.5113490970223241,0.5121418656816951,0.0,512,512,1.0,1.0,0.8593735038370123,0.5113490970223241,-1.0,1.0,1.0,512,0.8593717063306288,0.5113514139019678,0.9999999943528441,2.0086972012337925e-05,1.8872603457253187e-05,0.0,0.005500844292042592,0.005500839187205922,0.8593800447738371,0.8593816398020324,0.5113355870913436,0.5121285271068097,0.0
model.dec.16x16_block3.skip,0.08809744329885878,0.08809683614630395,0.8847670935050964,0.8847609958411786,0.8847731912110384,0.4660302529093031,0.4660436946776191,0.0,131325,131328,0.9999771564327485,1.0,0.8847609958411787,0.4660057444567498,-0.9999387029545176,1.0,1.0000004070375008,131321,0.8847877192107996,0.465994304775032,0.9999999966727425,0.0005181845348089551,1.097310972957457e-05,5.3894820411064106e-08,0.08809749053992152,0.08809689906017144,0.8847610585576015,0.8847729391121307,0.4660305155883201,0.4660438739965901,5.3895085165751885e-08
model.dec.16x16_block4.affine,0.08763288966999408,0.08759044927341533,0.8700082265703717,0.8695868836898452,0.8704297736051076,0.4927984284619337,0.4933449532309126,0.0,131328,131328,1.0,1.0,0.8695868836898452,0.4927984284619337,-0.9995402249525065,1.0,1.000122635435509,131328,0.8699250900585674,0.4931838781197246,0.9999999959284013,0.03384728757207727,3.7283102441090484e-05,0.0,0.08763298997878449,0.08759053677286385,0.8695870524691566,0.8704301961678959,0.49279783529060045,0.4933444056225255,0.0
model.dec.16x16_block4.conv0,0.26399019835138154,0.26398107909598606,0.8757738020277546,0.8757435493705754,0.875804055730015,0.4827050332199837,0.482872250337769,0.0,1179892,1179904,0.9999898296810588,1.0,0.8757435493705755,0.4826945186885318,-0.9992028452293353,1.0,1.000122639195487,1179882,0.875761319641141,0.48274435378689096,0.9999999964089568,0.006977634240836837,5.309352882370818e-05,2.1505248447878886e-07,0.263991479607786,0.26398255098019385,0.8757455173509116,0.8758047586742082,0.48270295905704946,0.48286980287030545,2.1505240441185097e-07
model.dec.16x16_block4.conv1,0.18668063991854406,0.18667254040531583,0.8870060522326093,0.8869675676995763,0.8870445384354434,0.4617377629437208,0.4617585191749032,0.0,590072,590080,0.999986442516269,1.0,0.8869675676995762,0.46172310704651987,-0.9977930358018636,1.0,1.000122654237704,590065,0.8869785954397488,0.4618105361484112,0.9999999966507678,0.008043275518608036,6.522082820472805e-05,1.4338420475580486e-07,0.18668257825700907,0.18667459467203554,0.8869708418530906,0.8870467103291388,0.4617328192922953,0.461753283953516,1.4337576991567693e-07
model.dec.16x16_block4.norm0,0.007779204377857102,0.007779196636311955,0.8671888821542983,0.8671880191634891,0.8671897451459666,0.4979788641120433,0.49840821327178847,0.0,1024,1024,1.0,1.0,0.8671880191634891,0.49797886411204334,-1.0,1.0,1.0,1024,0.867190211478705,0.4979770459927258,0.9999999965173243,4.314437942825278e-05,1.6986384654525784e-05,0.0,0.007779372816232891,0.007779365110714212,0.8671914278028543,0.8671931457227511,0.4979729375512269,0.49840213519228194,0.0
model.dec.16x16_block4.norm1,0.005501457757037497,0.00550146101571091,0.8086099349573876,0.8086104139205667,0.8086094559944923,0.5883454624263887,0.5936588286743903,0.0,512,512,1.0,1.0,0.8086104139205667,0.5883454624263886,-1.0,1.0,1.0,512,0.8086119618333809,0.5883423317837915,0.999999995802626,5.216894827592217e-05,3.265084950688826e-05,0.0,0.005500842741868121,0.005500840396881029,0.8085991407621446,0.8085998301676955,0.5883592244258291,0.5936742929927711,0.0
model.dec.16x16_block4.norm2,0.005500901512630634,0.005500902155733103,0.8671887752489547,0.8671888766307446,0.8671886738671766,0.49797960406530567,0.49840844466375517,0.0,512,512,1.0,1.0,0.8671888766307446,0.49797960406530567,-1.0,1.0,1.0,512,0.8671887963014662,0.4979795168164004,0.9999999971668655,4.741073428572547e-06,5.203152307373101e-06,0.0,0.005500864710161293,0.005500865223992932,0.8671879833026972,0.8671878212959644,0.4979811125272792,0.49840998558531824,0.0
model.dec.16x16_block4.proj,0.062349221117205686,0.062348087888910435,0.8785915029044036,0.8785755340641644,0.8786074720348898,0.47756536753972856,0.4776636868014206,0.0,65790,65792,0.9999696011673151,1.0,0.8785755340641646,0.4775335265005373,-0.9996628559168786,1.0,1.0000306485227413,65788,0.8786108851004688,0.4775383889375755,0.9999999965965831,0.003160494584701022,5.934335300565636e-05,3.593928914616546e-08,0.06234919948612025,0.062348097509040926,0.8785743663549149,0.8786054235133168,0.4775685652768775,0.47766667824077313,3.592740922179299e-08
model.dec.16x16_block4.qkv,0.1079868603054668,0.1079876945294779,0.890372966850165,0.8903798451917122,0.8903660885617543,0.4552353037810491,0.4552386790765486,0.0,197371,197376,0.9999746676394293,1.0,0.8903798451917121,0.4552074773954322,-0.9990191270230505,1.0,1.0000306494621019,197369,0.8903871883003955,0.45520397035738197,0.9999999966877062,0.004294118301581798,4.267554559644881e-05,8.980967546104851e-08,0.10798694521571835,0.10798780104936394,0.8903798519979583,0.8903657390332032,0.45523573004116563,0.45523901407449363,8.98070599707206e-08
model.dec.16x16_block4.skip,0.08809863075664309,0.08809847525603533,0.893889914404463,0.8938883366225636,0.8938914921891473,0.4482857476042977,0.4483270974767662,0.0,131328,131328,1.0,1.0,0.8938883366225636,0.4482857476042976,-0.9998161088635528,1.0,1.0,131328,0.8938905498564057,0.4482852718051805,0.999999996961113,0.0004251867294428749,1.0921626585755253e-05,0.0,0.08809860227824319,0.0880984579681006,0.8938881572801388,0.8938910857589353,0.44828638856410186,0.4483276802916495,0.0
model.dec.16x16_up.affine,0.08754717771040788,0.08751760550424648,0.8490668358379307,0.8487800329943569,0.8493537355922093,0.528106994650986,0.5296860621383161,0.0,131328,131328,1.0,1.0,0.8487800329943569,0.528106994650986,-0.9999387010757961,1.0,1.0002453385672228,131328,0.8494034053587439,0.5277441181608113,0.9999999948796279,0.03206456761388081,5.172935802194317e-05,0.0,0.08754730975108174,0.08751772665117907,0.8487805094084809,0.8493544229088446,0.5281059943750691,0.5296850559524484,0.0
model.dec.16x16_up.conv0,0.1867012060842842,0.18669689371477707,0.90264371995349,0.902622870954518,0.9026645694340373,0.4303786216251678,0.43064306238208816,0.0,590075,590080,0.9999915265726681,0.9999999999999998,0.902622870954518,0.43036877670731577,0.9889608472487439,1.0,1.0001226091221187,590068,0.9026541194820895,0.4303667515309285,0.9999999971926178,0.006276177840963038,5.19096995213716e-05,8.979536179578819e-08,0.1867017726265793,0.18669762060250358,0.9026242229039624,0.9026643708090727,0.4303777818546642,0.43064185825019513,8.979819968165653e-08
model.dec.16x16_up.conv1,0.18669285988629813,0.18668899520921645,0.9042514479601444,0.9042327293018672,0.9042701670059194,0.42699153415829505,0.4273155332237279,0.0,590075,590080,0.9999915265726681,1.0,0.904232729301867,0.4269816380598444,0.9927591147696676,1.0,1.000122616639078,590071,0.9042363029405827,0.4270324442909052,0.9999999971813697,0.006335066503670511,5.432441374210189e-05,8.954379449782759e-08,0.18669421497482533,0.18669052146825982,0.904235249143644,0.9042710284841341,0.42698834545250747,0.42731200147913523,8.954694762887018e-08
model.dec.16x16_up.norm0,0.00549917843773239,0.0055006114632474385,0.9145863767665011,0.9148247079333222,0.914348107689985,0.4044959823033924,0.4052575554822105,0.0,512,512,1.0,1.0,0.9148247079333222,0.4044959823033924,1.0,1.0,1.0,512,0.915066528104638,0.40330292802758166,1.000000000150219,0.006286790675456158,2.0565471863559196e-05,0.0,0.005499426515693408,0.0055008555853030905,0.9148206226976652,0.914345361163373,0.4045034136817112,0.4052651040455988,0.0
model.dec.16x16_up.norm1,0.005501343616832263,0.005501335716552437,0.9296806867735262,0.9296793516928464,0.9296820218561231,0.3683658927081149,0.3707327938809347,0.0,512,512,1.0,1.0,0.9296793516928464,0.36836589270811493,1.0,1.0,1.0,512,0.9296769563302599,0.3683758324560411,0.9999999984299213,4.466845207230244e-05,3.451951806769247e-05,0.0,0.005500849928802984,0.005500848295463057,0.9296892595329131,0.9296898116291467,0.3683439789913898,0.370711523456631,0.0
model.dec.16x16_up.skip,0.06235606742140206,0.06235436893527449,0.9040710084302709,0.9040463828865242,0.9040956346447988,0.4273706369410237,0.42769049231404455,0.0,65792,65792,1.0,1.0,0.9040463828865242,0.4273706369410237,0.9998774059090352,1.0,1.0,65788,0.9041044189153127,0.42731159551913983,0.9999999972184624,0.0009739004812785357,4.0515014637787595e-06,0.0,0.062356138557892536,0.062354437329898975,0.9040465868316402,0.904095918055126,0.42737010270964704,0.42769000009942204,0.0
model.dec.32x32_aux_conv,0.020215722541539183,0.020215499029213546,0.8791095974926635,0.8790998777396235,0.8791193173531697,0.4766144063690131,0.4766998351257557,0.0,6915,6915,1.0,1.0,0.8790998777396235,0.4766144063690131,-0.9999846763256893,1.0,1.0000004788666568,6915,0.8791067535489422,0.47662492033380516,0.9999999958070255,0.0009616843653509342,5.190978035807932e-06,0.0,0.02021570380222384,0.02021547891352249,0.8790996916901763,0.8791192510277047,0.47661460666097355,0.47670006317212915,0.0
model.dec.32x32_aux_norm,0.005500946915765583,0.005500943711921086,0.9218730546630333,0.9218725177485788,0.9218735915778006,0.387491801444132,0.38898190032793545,0.0,512,512,1.0,1.0,0.9218725177485788,0.387491801444132,0.9999980845370422,1.0,1.0,512,0.9218732069762792,0.38749166667821666,0.9999999982562485,1.652105040665542e-05,5.4080242314518184e-06,0.0,0.005500858024210934,0.0055008532221150555,0.9218743849727398,0.9218759945161824,0.3874866093010018,0.3889770774731408,0.0
model.dec.32x32_block0.affine,0.08755809524648929,0.08750679147159668,0.8746848216046412,0.8741723089344733,0.8751976347524546,0.4844081316103601,0.4848573383332469,0.0,131328,131328,1.0,1.0,0.8741723089344733,0.4844081316103601,-0.9989495109075067,1.0,1.000153275497379,131328,0.8745967830971796,0.4848509740597701,0.9999999961950892,0.030819297668552327,6.737816557768629e-05,0.0,0.08755819189953774,0.08750686677324235,0.8741723583883335,0.8751981102225621,0.4844075405883022,0.48485684424171815,0.0
model.dec.32x32_block0.conv0,0.26395368457727486,0.26394424508047765,0.8975419593348444,0.8975098614898604,0.8975740583277505,0.44091328616865755,0.4410360142792095,0.0,1179896,1179904,0.9999932197873725,1.0,0.8975098614898604,0.44090581129556056,-0.9849980017404937,1.0,1.0002452182442374,1179884,0.8975268385712044,0.4409598326945335,0.9999999969981823,0.008773064829363013,5.318345687034669e-05,1.3960810232377569e-07,0.2639553031440767,0.2639459250849786,0.8975114056806834,0.8975751843848138,0.44091067122783284,0.4410333290731945,1.3961599770928166e-07
model.dec.32x32_block0.conv1,0.18662506708221724,0.18661385822587262,0.886671768244139,0.8866185140021957,0.8867250256847683,0.46237159577198583,0.46240076332835056,0.0,590074,590080,0.9999898318872017,1.0,0.8866185140021956,0.46236061289881525,-0.9960438792030593,1.0,1.0002761159687068,590067,0.8866454892812492,0.4624497555169273,0.9999999966811866,0.011094879358999473,8.12548016235954e-05,1.0753349193625585e-07,0.18662667641378397,0.18661526916296953,0.8866193825965795,0.8867277788584285,0.4623676323082538,0.462397283436793,1.075266464102543e-07
model.dec.32x32_block0.norm0,0.00777945043665834,0.007779429107649432,0.9043029999022302,0.9043005205642748,0.9043054792469833,0.42689001521662684,0.4272077951455114,0.0,1024,1024,1.0,1.0,0.9043005205642748,0.42689001521662684,0.9998866010294222,1.0,1.0,1024,0.904297833434308,0.42690213343316036,0.9999999979509094,5.429397059091637e-05,1.6910962337120808e-05,0.0,0.007779372879012382,0.0077793530454067054,0.9043019141037854,0.9043065251788543,0.426887513439348,0.42720526593410735,0.0
model.dec.32x32_block0.norm1,0.005501278723720528,0.00550127551624028,0.8945381425924241,0.8945376210385151,0.8945386641466374,0.44699136284915997,0.44704149824412487,0.0,512,512,1.0,1.0,0.8945376210385151,0.4469913628491599,-0.9993504361038187,1.0,1.0,512,0.8945344935709213,0.4469989230738277,0.9999999956837746,6.781564044894723e-05,5.0414297838235746e-05,0.0,0.0055008320116980095,0.005500820245031409,0.8945363828436894,0.8945402098084573,0.44699035966430506,0.44704121834200894,0.0
model.dec.32x32_block0.skip,0.08809584633717157,0.08809582060057379,0.8857125311704581,0.8857122724156119,0.8857127899253799,0.4642339778669419,0.4642390843037288,0.0,131328,131328,1.0,1.0,0.8857122724156119,0.4642339778669419,-0.9998467479923987,1.0,1.0000076619545646,131327,0.8857309307470294,0.46419900691079874,0.9999999964775081,0.0018987280598978817,1.2711302532530573e-05,0.0,0.08809603235874623,0.08809601198102135,0.8857129172492455,0.8857133270025553,0.46423287862087675,0.4642379528646225,0.0
model.dec.32x32_block1.affine,0.08757455137593285,0.08754323403970596,0.887921374065974,0.8876038465219813,0.8882390152008909,0.4598307558976878,0.4599954088777137,0.0,131328,131328,1.0,1.0,0.8876038465219813,0.4598307558976878,-0.9974867132866923,1.0,1.0001839587932304,131328,0.8879611281503184,0.45991850911774645,0.9999999968000384,0.029566038348859486,5.143496793547678e-05,0.0,0.08757461884214199,0.0875432953012338,0.8876041124441798,0.8882394067327379,0.45983008916692425,0.45999477496900054,0.0
model.dec.32x32_block1.conv0,0.26395102254475794,0.2639395800713038,0.883872327356948,0.8838340108331282,0.8839106455418899,0.4677079662396601,0.46774492379140703,0.0,1179891,1179904,0.9999889821544804,0.9999999999999998,0.8838340108331285,0.4676962250984996,-0.997822486656849,1.0,1.000245248313918,1179878,0.8838491679404958,0.4677720046718696,0.9999999965668311,0.008947466180061005,5.275520402146655e-05,2.326098819673669e-07,0.26395240441455825,0.26394101591639985,0.8838355127077611,0.8839117856297827,0.46770556579937356,0.46774241525891314,2.3260757115644012e-07
model.dec.32x32_block1.conv1,0.18660332702170862,0.18658720386853195,0.8742220694048367,0.8741465336865812,0.8742976116501956,0.48548433383872897,0.4857156678625891,0.0,590074,590080,0.9999898318872017,1.0000000000000004,0.8741465336865807,0.4854738768700601,-0.9980372914622179,1.0,1.0004906771344455,590065,0.8741842066162062,0.48559445317583916,0.9999999962632362,0.012814411093605182,8.967081129662733e-05,1.074773508102326e-07,0.1866043835471242,0.18658814530926215,0.8741473511026493,0.874299506859904,0.4854815927950716,0.4857131646804998,1.0747064065295969e-07
model.dec.32x32_block1.norm0,0.0077793474423493375,0.007779331864851825,0.8906325616868821,0.8906307782691061,0.8906343451082293,0.4547227858484663,0.45473215289521685,0.0,1024,1024,1.0,1.0,0.8906307782691061,0.4547227858484663,-0.9999387067116151,1.0,1.0,1024,0.8906354216469354,0.4547180950961611,0.999999995354921,0.00014952058828851715,1.894093677666749e-05,0.0,0.00777935903754024,0.007779336649343202,0.8906278534993017,0.8906329797925737,0.45472658904526003,0.4547363477397158,0.0
model.dec.32x32_block1.norm1,0.00550132832218932,0.005501315427608332,0.8867389340091665,0.886736855578953,0.8867410124442517,0.46226946812121467,0.4622719086428447,0.0,512,512,1.0,1.0,0.886736855578953,0.4622694681212147,-0.9999524972788412,1.0,1.0,512,0.8867394117828236,0.46226963458248244,0.9999999971292912,0.00011497436953936528,2.9302351417597108e-05,0.0,0.005500815041739155,0.005500795423683916,0.8867265568016842,0.8867328816620919,0.46228657853552574,0.4622896031755464,0.0
model.dec.32x32_block1.skip,0.08809498509065966,0.08809576724573458,0.8654143865659265,0.8654220701843941,0.8654067030156776,0.5010612713049343,0.5015597160636613,0.0,131324,131328,0.9999695419103314,1.0,0.8654220701843941,0.5010308743390915,-0.999967436933241,1.0,1.0000076620132705,131322,0.8654347057339921,0.5010217263252966,0.9999999962098787,0.0012587960677902742,1.3900515996265097e-05,7.186411947846822e-08,0.08809514880983949,0.08809593482885607,0.8654225942447885,0.8654071511807441,0.5010604536623973,0.5015588429516945,7.186382148637552e-08
model.dec.32x32_block2.affine,0.08760303725399937,0.0875667723365146,0.838484676446911,0.8381375700159384,0.8388319266285981,0.5446995939519174,0.5471245910652774,0.0,131328,131328,1.0,1.0,0.8381375700159384,0.5446995939519174,-0.9999846759734587,1.0,1.0001762789131161,131328,0.8385703655986818,0.5447933019382623,0.9999999950104161,0.030188470790529658,2.8034216119775884e-05,0.0,0.08760306668364437,0.08756679505968522,0.8381375737896026,0.8388320586591541,0.5446994479128877,0.5471244462263671,0.0
model.dec.32x32_block2.conv0,0.26395530508803156,0.26394365141555026,0.859367907762541,0.8593299665204257,0.8594058506798428,0.5113352229628858,0.5121488350836487,0.0,1179893,1179904,0.9999906772076372,1.0,0.8593299665204258,0.5113261878724485,-0.9995095635115253,1.0,1.000245248313918,1179878,0.8593502351733844,0.5113874981402254,0.999999995744696,0.008875529801040512,5.24091546668015e-05,1.9570278452660322e-07,0.26395649751853933,0.26394488441684444,0.8593313823848029,0.8594070021286402,0.5113331444777992,0.5121465996294456,1.956949231793694e-07
model.dec.32x32_block2.conv1,0.186574991364529,0.18656087659320753,0.8447161930943112,0.8446522886245328,0.8447801023989566,0.535174002585853,0.5369452908408209,0.0,590075,590080,0.9999915265726681,1.0,0.8446522886245328,0.535166088123178,-0.9994480610075476,1.0,1.0004907975460122,590072,0.8446941049694529,0.5352493520863681,0.9999999951431693,0.014248630877712084,9.557243361633733e-05,8.964414525685789e-08,0.18657562221093676,0.18656134904358904,0.8446524410457329,0.8447816888977657,0.5351721762855415,0.5369437672202785,8.964340474103642e-08
model.dec.32x32_block2.norm0,0.00777940557820559,0.0077793857987487345,0.8906322340776233,0.8906299696087419,0.8906344985522622,0.4547231819023498,0.4547327954726193,0.0,1024,1024,1.0,1.0,0.8906299696087419,0.4547231819023497,-1.0,1.0,1.0,1024,0.8906336082781957,0.4547216441242077,0.9999999938001001,6.540566044853764e-05,2.35838050459222e-05,0.0,0.007779365086595092,0.007779354655585825,0.8906292262038794,0.890631614619976,0.45472728059908796,0.4547363320637237,0.0
model.dec.32x32_block2.norm1,0.005501294361346346,0.005501276589719134,0.8828334691674762,0.8828306172227748,0.8828363211213907,0.46968461803117456,0.46971301242039737,0.0,512,512,1.0,1.0,0.8828306172227748,0.46968461803117456,-1.0,1.0,1.0,512,0.8828252310871132,0.4697016223941344,0.9999999978047533,6.921438937028842e-05,3.524005977840825e-05,0.0,0.005500837616574939,0.005500818165807091,0.8828200235796575,0.88282626685372,0.4697038791087829,0.4697325201662596,0.0
model.dec.32x32_block2.skip,0.08809616786458596,0.08809524971783231,0.8395950076424556,0.8395862573023518,0.8396037580737573,0.5432072095111181,0.5453521306602871,0.0,131327,131328,0.9999923854775828,1.0,0.8395862573023518,0.5432002005381054,-0.9999976056623308,1.0,1.0000076620132705,131324,0.8396031739886439,0.5432002486977814,0.9999999952812622,0.001876696252651354,1.7858584820718126e-05,1.7965238358925786e-08,0.08809623868106486,0.08809533146780354,0.8395865094102739,0.8396038017667385,0.5432070483372702,0.5453518712990475,1.7965985480807925e-08
model.dec.32x32_block3.affine,0.0875972923834622,0.08757417590675104,0.8175010142484382,0.817285279918723,0.8177168055243658,0.5757751741039246,0.5801807635226778,0.0,131328,131328,1.0,1.0,0.817285279918723,0.5757751741039246,-0.9999616897355116,1.0,1.0001839507916308,131328,0.8176270234107068,0.5757482527089903,0.999999994245833,0.03174047029531478,3.7531369428668094e-05,0.0,0.08759732180693848,0.08757420598450585,0.8172853969487798,0.8177169102526662,0.5757750211081766,0.5801805560169333,0.0
model.dec.32x32_block3.conv0,0.2639551569417454,0.26394271123175195,0.8286456952176432,0.8286066238688222,0.8286847684087985,0.5597470530552645,0.5628923704710997,0.0,1179890,1179904,0.9999881346279019,1.0,0.8286066238688222,0.5597364747645389,-0.9998773908778813,1.0,1.0002452633515238,1179882,0.8286295585058205,0.5597973337842028,0.9999999948817415,0.009243525986140031,5.212602958403226e-05,2.508218410601624e-07,0.26395598496532163,0.2639435472051436,0.8286075642799154,0.82868565874443,0.5597457150084606,0.5628908958769119,2.5082443248492636e-07
model.dec.32x32_block3.conv1,0.18655501789921872,0.18653508802208008,0.8592437015078368,0.8591519075609569,0.8593355052622124,0.5115118267978263,0.5123610031772384,0.0,590073,590080,0.9999881372017354,1.0,0.8591519075609569,0.5115002451800067,-0.9990112487670771,1.0,1.0004909180166912,590062,0.8591952752768804,0.511647807499176,0.9999999957583672,0.01583146075169562,0.00010944064410984911,1.2535327953384853e-07,0.18655564001555197,0.18653564308361495,0.859152561029527,0.8593367760769784,0.5115100272854902,0.5123593005683439,1.2535106298909264e-07
model.dec.32x32_block3.norm0,0.007779442038078953,0.0077794398052668185,0.8027379491351562,0.8027377187377799,0.8027381795325985,0.59633177081796,0.602376704228798,0.0,1024,1024,1.0,1.0,0.8027377187377799,0.5963317708179601,-1.0,1.0,1.0,1024,0.8027374928178851,0.5963325562473774,0.9999999947357132,2.766883293291033e-05,1.7655991150333624e-05,0.0,0.007779381517833855,0.007779375046831378,0.8027377097012632,0.8027390451606896,0.5963308693965365,0.6023759593659745,0.0
model.dec.32x32_block3.norm1,0.005501631950053079,0.005501585505841014,0.851582031502551,0.8515748425344737,0.8515892205313174,0.5242169434871347,0.525474710356499,0.0,512,512,1.0,1.0,0.8515748425344737,0.5242169434871345,-1.0,1.0,1.0,512,0.8515885731768078,0.5242107403521358,0.9999999973632996,0.00021513948450110012,6.661305441726809e-05,0.0,0.00550082018110634,0.005500771326592718,0.8515618103099812,0.8515769364878701,0.5242372751642295,0.525496048348797,0.0
model.dec.32x32_block3.skip,0.08809539730400287,0.08809431592752903,0.8536689942442532,0.8536585154043244,0.8536794732128122,0.520809551663691,0.5219363981693704,0.0,131328,131328,1.0,1.0,0.8536585154043244,0.520809551663691,-0.9999846752689491,1.0,1.0000153240265413,131327,0.8536639080591396,0.5208242811683291,0.9999999954967397,0.002534724236185287,2.3160154224882294e-05,0.0,0.08809537883710046,0.08809430560235527,0.8536581466201062,0.8536789466288691,0.520810333583271,0.5219371441202569,0.0
model.dec.32x32_block4.affine,0.08767297027635813,0.08763358880716322,0.805105424382465,0.8047437823122918,0.8054672289701871,0.5928653090162839,0.5988221016842952,0.0,131328,131328,1.0,1.0,0.8047437823122918,0.5928653090162839,-0.9999693514772588,1.0,1.0001226091221187,131328,0.8050216022769172,0.593245497284144,0.9999999939615626,0.028511217611437163,2.648240110294239e-05,0.0,0.08767300814382066,0.08763361844271161,0.8047437340299473,0.805467331655807,0.5928652165798508,0.5988220059772373,0.0
model.dec.32x32_block4.conv0,0.22858898098982722,0.2285804965942606,0.7917734753561835,0.7917440875907059,0.7918028642124689,0.6107921646370786,0.6183213282439258,0.0,884983,884992,0.9999898304165461,1.0,0.7917440875907056,0.6107838454416756,-1.0,1.0,1.0002452783909737,884973,0.7917535290937265,0.6108406904337569,0.9999999934791399,0.009684988133518209,5.1431291645654515e-05,1.6142999971607147e-07,0.22858968791328715,0.2285812133741638,0.7917449736291653,0.7918036818496238,0.6107910868809316,0.6183200613537189,1.614288074216463e-07
model.dec.32x32_block4.conv1,0.1862379620692533,0.1861991085084459,0.8626736628588579,0.8624936891132026,0.8628536741590478,0.5056554492445071,0.5063785760145244,0.0,590073,590080,0.9999881372017354,1.0,0.8624936891132026,0.5056438598049244,-0.998038302148742,1.0,1.0012285012285012,590066,0.862618944909104,0.505854283187118,0.9999999956637502,0.027091832380701973,0.00010471187054736074,1.2358063144650454e-07,0.18623817397714978,0.18619932477386567,0.8624939643579238,0.8628539087230997,0.5056550264923525,0.5063781143976798,1.2359385150931475e-07
model.dec.32x32_block4.norm0,0.006737155139934276,0.0067371654408641,0.8020813188767107,0.8020825452375717,0.8020800925177246,0.597215747091457,0.6033439839887285,0.0,768,768,1.0,1.0,0.8020825452375717,0.597215747091457,-1.0,1.0,1.0,768,0.8020838897824447,0.5972113819982345,0.9999999927106904,3.4195211349388695e-05,1.56493118258253e-05,0.0,0.006737137836114938,0.006737143353961523,0.802086706035599,0.8020853921880685,0.5972089701607237,0.6033368879582459,0.0
model.dec.32x32_block4.norm1,0.005501712781741547,0.005501717280471641,0.726612052155193,0.7266126463031676,0.7266114580077043,0.6870485409529252,0.7057169530235676,0.0,512,512,1.0,1.0,0.7266126463031676,0.6870485409529252,-1.0,1.0,1.0,512,0.726611328556264,0.6870487454766351,0.9999999910850662,0.0002031450539176643,9.47520798021723e-05,0.0,0.005500736915056076,0.005500735908489788,0.7265952378010748,0.7265955037168906,0.6870654950074,0.7057376633965163,0.0
model.dec.32x32_block4.skip,0.07622646346970842,0.07622278261347784,0.8590036636509835,0.8589621837128686,0.8590451455921961,0.51194471617879,0.5127796654782039,0.0,98558,98560,0.9999797077922078,1.0,0.8589621837128686,0.5119251658676525,-0.9999387029545176,1.0,1.0002453987730062,98557,0.8589803728649061,0.5120085144661726,0.9999999955954925,0.01865733510432228,7.054734787956916e-05,3.5357522471371504e-08,0.07622629933500297,0.07622262035185211,0.8589621167264793,0.8590450365579778,0.5119448763644835,0.5127798010908715,3.535654389739395e-08
model.dec.32x32_up.affine,0.08768294369495769,0.08764362254442647,0.8889469915762751,0.8885483459902914,0.8893458160138699,0.45780470071863855,0.45801249824536205,0.0,131328,131328,1.0,1.0,0.8885483459902914,0.45780470071863855,-0.9990969939331638,1.0,1.0000613346418057,131328,0.8889571576718949,0.45799036153262496,0.9999999964754975,0.026895084446420095,8.305309892104259e-05,0.0,0.08768302471954317,0.08764369969937712,0.8885484159097865,0.8893459637913113,0.4578044695611861,0.4580122885327547,0.0
model.dec.32x32_up.conv0,0.18669274277501594,0.18668738644391775,0.8941868166477718,0.8941611618709315,0.8942124721606848,0.4476811769315244,0.4477390695999429,0.0,590077,590080,0.9999949159436009,1.0,0.8941611618709315,0.4476755004856737,-0.9955860716037274,1.0,1.000122624156959,590070,0.8941789886150444,0.44770965621822156,0.9999999969337607,0.007064439458891428,5.3928303831084453e-05,5.3851684255806144e-08,0.18669368500079753,0.18668846574080947,0.8941629763270205,0.8942129733556274,0.44767919317036703,0.44773676896017944,5.384956591354136e-08
model.dec.32x32_up.conv1,0.1866478332410067,0.18663772523685498,0.894821016315417,0.8947725568482434,0.8948694784070786,0.44640089994503157,0.4464800787238116,0.0,590077,590080,0.9999949159436009,1.0,0.8947725568482435,0.4463952070400058,-0.9911634756995582,1.0,1.0002452783909737,590066,0.8947973069306915,0.4464725967936632,0.9999999969940476,0.00971272891681988,6.761912350974921e-05,5.382747080083876e-08,0.1866498532014846,0.1866396566824479,0.8947744337303057,0.8948722032389905,0.44639607689537025,0.44647551518621004,5.383250133595813e-08
model.dec.32x32_up.norm0,0.005500989508587576,0.005500988107932334,0.8828143723698297,0.8828141475887106,0.8828145971510063,0.46972190877126585,0.46974913644978433,0.0,512,512,1.0,1.0,0.8828141475887106,0.46972190877126585,-1.0,1.0,1.0,512,0.8828141652452774,0.4697224216040108,0.9999999982558186,5.427935459625481e-06,6.382496342830697e-06,0.0,0.0055008597961933615,0.005500859890706132,0.882814112315398,0.8828140819793381,0.4697225537055729,0.4697496557942014,0.0
model.dec.32x32_up.norm1,0.005501318526095378,0.005501319827582913,0.8984416732479018,0.8984418857988808,0.8984414606969731,0.4390929867317068,0.43922033615167533,0.0,512,512,1.0,1.0,0.8984418857988808,0.4390929867317068,0.10040746412880774,1.0,1.0,512,0.8984425459722193,0.43909109930137735,0.9999999998796467,6.257220042729542e-05,3.0327520589184506e-05,0.0,0.00550084118301493,0.005500832549116614,0.898443955458553,0.8984467757879384,0.4390846385187829,0.43921291850446625,0.0
model.dec.32x32_up.skip,0.06235496939412612,0.06235602328155857,0.8801998082342631,0.880214684859574,0.8801849318603842,0.474611326961538,0.4746653802998416,0.0,65790,65792,0.9999696011673151,0.9999999999999999,0.8802146848595741,0.47457929952524025,-0.9999693524165619,1.0,1.0000002394336178,65790,0.8802166756755447,0.4745720218355704,0.9999999963902032,0.001047568646369759,5.691210801396638e-06,3.5932679183667794e-08,0.06235501409086698,0.0623560686160219,0.8802149495907741,0.8801851786004583,0.4746108575140547,0.47466489690888575,3.593227638357066e-08
model.dec.8x8_block0.affine,0.08723038223643093,0.08716948366329437,0.8804582830200226,0.87984360437518,0.8810733910932709,0.4737926228386508,0.47417214242640054,0.0,131328,131328,1.0,1.0,0.87984360437518,0.4737926228386508,-0.9950935895062982,1.0,1.0007165299081722,131328,0.880120986716957,0.474749458418713,0.9999999961279173,0.03488886956379392,0.00012186253359434893,0.0,0.08723041694297448,0.08716951307858932,0.8798438294839198,0.8810737229903782,0.4737920774544034,0.4741716160363272,0.0
model.dec.8x8_block0.conv0,0.26384286820217356,0.26382351710677415,0.8808882311238654,0.8808236239115772,0.8809528430750047,0.4732896179124172,0.4733747367472408,0.0,1179894,1179904,0.9999915247342157,0.9999999999999998,0.8808236239115773,0.4732807182162642,-0.99694272982986,1.0,1.0003679627131117,1179880,0.8808555819590088,0.4733850900883828,0.9999999963518141,0.014103413614411876,4.9527073572114555e-05,1.7827507634408303e-07,0.2638436714702705,0.2638243015979483,0.8808243209962393,0.8809536652670675,0.47328817070492846,0.47337330649235604,1.7826818089904187e-07
model.dec.8x8_block0.conv1,0.1866248034259921,0.18661065631515866,0.8928348671534531,0.8927671857221015,0.8929025537157911,0.450350027928869,0.4504123802888868,0.0,590072,590080,0.999986442516269,1.0,0.8927671857221015,0.45033499705066904,-0.992029869566747,1.0,1.000245308475408,590070,0.8928063378282948,0.4504407208821733,0.9999999967890134,0.011738892222767496,3.8227274466340184e-05,1.4334015394601434e-07,0.18662501390039238,0.18661091185395265,0.8927676347975438,0.892902571455036,0.45034967402083004,0.4504119213764749,1.4334180857746292e-07
model.dec.8x8_block0.norm0,0.007777697953755319,0.00777653700836018,0.8815847209337742,0.8814531303618236,0.8817163311506475,0.4719553679914137,0.47206580772870516,0.0,1024,1024,1.0,1.0,0.8814531303618236,0.47195536799141363,-0.9999111237922912,1.0,1.0,1024,0.8812482288426657,0.4726537410187443,0.999999997654456,0.005542364821211111,3.7992696473844144e-05,0.0,0.007777977295979386,0.007776814041533487,0.8814508368223118,0.8817145510593383,0.4719590339572614,0.4720696305189332,0.0
model.dec.8x8_block0.norm1,0.005501107259030413,0.005501045292688579,0.8476600485580444,0.847650500227162,0.8476695969964837,0.5305337886617444,0.5320599244801971,0.0,512,512,1.0,1.0,0.847650500227162,0.5305337886617445,-1.0,1.0,1.0,512,0.8476646855350147,0.5305323558553765,0.9999999966092958,0.0003181430273187672,7.39143002966359e-05,0.0,0.005500812240913938,0.005500731910695517,0.8476540290437276,0.8476787867420114,0.5305218568390213,0.5320490645971568,0.0
model.dec.8x8_block0.skip,0.0880973433928301,0.08809691505530273,0.8882371429929712,0.8882328243008643,0.8882414617060761,0.4593829836541598,0.4593853746858663,0.0,131328,131328,1.0,1.0,0.8882328243008643,0.45938298365415986,-0.999846757386294,1.0,1.0000114931079662,131327,0.8882432908234431,0.45937333011667547,0.9999999966987803,0.0010906592172434306,7.741460497913074e-06,0.0,0.08809728287419401,0.08809685472405626,0.8882325512442936,0.8882411848740518,0.4593835162410526,0.45938590633536647,0.0
model.dec.8x8_block1.affine,0.08767700760842058,0.08763254747517035,0.925804055608118,0.9253345896352397,0.9262737597632732,0.3778120887122526,0.3799485312054049,0.0,131328,131328,1.0,1.0,0.9253345896352397,0.3778120887122526,0.9799185969635021,1.0,1.0001839362354383,131328,0.9257629840711089,0.3781043469431903,0.9999999978040588,0.027600507341779226,5.203932711239185e-05,0.0,0.08767716710098362,0.08763268400826857,0.9253346875530545,0.9262743414319917,0.3778111585777679,0.37994779360724446,0.0
model.dec.8x8_block1.conv0,0.2637504870423693,0.2637192605234368,0.8893977074122439,0.8892924079124762,0.889503019380334,0.4570801230796491,0.4571371930665327,0.0,1179894,1179904,0.9999915247342157,1.0000000000000002,0.889292407912476,0.4570709168614955,-0.9950898254878419,1.0,1.0002452783909737,1179887,0.8893502013484522,0.45722666071875967,0.9999999966588595,0.017825569685872414,4.385079335254439e-05,1.7797442658574942e-07,0.2637505837268697,0.2637194879291146,0.8892925227363466,0.8895022523318382,0.45708098397179026,0.45713782584090396,1.7797128277000874e-07
model.dec.8x8_block1.conv1,0.18669107426708811,0.18668417499612558,0.8870500948768124,0.8870173134544228,0.887082877510702,0.4616561229982154,0.46167384025614655,0.0,590072,590080,0.999986442516269,0.9999999999999998,0.887017313454423,0.4616414457945019,-0.9982834722903384,1.0,1.000122624156959,590069,0.8870297791531504,0.4617122165935956,0.9999999967088391,0.007443309290464539,4.693169446334387e-05,1.4358331167179296e-07,0.1866913185977506,0.1866845580033806,0.8870180037236164,0.887082249824844,0.4616564057896623,0.4616737806062326,1.4358486454322704e-07
model.dec.8x8_block1.norm0,0.007779024279111308,0.007779007796467934,0.9003963734355812,0.9003944656240376,0.9003982812511672,0.43506961346804973,0.435251135268938,0.0,1024,1024,1.0,1.0,0.9003944656240376,0.43506961346804973,0.9995985214352037,1.0,1.0,1024,0.9003944963083572,0.43507441851529355,0.9999999986564532,3.450764784427631e-05,1.877598936700519e-05,0.0,0.0077793773934058345,0.0077793614767891475,0.9003931045338739,0.900396788956205,0.4350725977458576,0.4352540528936855,0.0
model.dec.8x8_block1.norm1,0.005500879348621516,0.005500892510597486,0.8945251778743385,0.8945273182083014,0.8945230375454969,0.4470186376346859,0.447067207103689,0.0,512,512,1.0,1.0,0.8945273182083014,0.44701863763468597,-1.0,1.0,1.0,512,0.8945249289462249,0.44701807505811486,0.9999999989373826,4.965260955651121e-05,1.4272855635686689e-05,0.0,0.005500839394612595,0.005500850580629377,0.8945343997928633,0.8945307617130835,0.44700366286320925,0.44705251448478883,0.0
model.dec.8x8_block1.skip,0.08809864752145734,0.08809823248710963,0.8963797292998449,0.8963755064384648,0.896383952181119,0.4432849303130209,0.44336894240586294,0.0,131328,131328,1.0,1.0,0.8963755064384648,0.4432849303130209,-0.9996628729658643,1.0,1.0000028732132176,131327,0.8963831323380677,0.44328013751026646,0.999999997197566,0.0003664841521930788,6.5470510834885805e-06,0.0,0.08809859978793548,0.08809818293213376,0.8963752520423347,0.8963837348531244,0.44328539808594414,0.4433694212310869,0.0
model.dec.8x8_block2.affine,0.0876827657539025,0.08765782971041747,0.9058877643479464,0.9056301395286318,0.906145462453854,0.42339739321788766,0.4239121204912756,0.0,131328,131328,1.0,1.0,0.9056301395286318,0.4233973932178876,0.7332086610387866,1.0,1.000214598853429,131328,0.9060232601524937,0.42322789586465476,0.9999999969596204,0.02927327176127082,3.609133839207413e-05,0.0,0.08768291389818154,0.08765799582338346,0.905630661274384,0.9061456121304964,0.42339676222938305,0.42391142338542304,0.0
model.dec.8x8_block2.conv0,0.26401073025635147,0.26400338450844973,0.8938748410363969,0.8938499701562188,0.8938997126085935,0.44830412030489813,0.4483572585333097,0.0,1179896,1179904,0.9999932197873725,1.0000000000000002,0.8938499701562187,0.4482966283193648,-0.9967204070350215,1.0,1.0001226091221187,1179888,0.8938610317023016,0.4483441267715309,0.9999999969464402,0.006318115094691385,4.838064614023129e-05,1.4233477733215737e-07,0.264010806968121,0.26400368726041107,0.893850271962249,0.8938984837016464,0.44830542832815684,0.44835817048636917,1.4232897944551017e-07
model.dec.8x8_block2.conv1,0.18670920694107862,0.1867028973481868,0.8942345611795484,0.8942043416948037,0.8942647816855553,0.4475835218794059,0.44764445027063743,0.0,590078,590080,0.9999966106290672,1.0,0.8942043416948037,0.4475797389783366,-0.9966895537027954,1.0,1.000091956841589,590076,0.8942172048974943,0.44763332154239743,0.9999999968996716,0.005512799701724965,5.345658376437802e-05,3.588645376078056e-08,0.1867097993063618,0.1867037233766949,0.8942057860288951,0.8942639875448696,0.44758343253952343,0.44764379410210486,3.588615893781942e-08
model.dec.8x8_block2.norm0,0.007778853017514901,0.007778851798868581,0.8691365859788902,0.8691364498187006,0.869136722139101,0.4945720556943031,0.49492645658348394,0.0,1024,1024,1.0,1.0,0.8691364498187006,0.4945720556943031,-1.0,1.0,1.0,1024,0.8691368907977457,0.4945715955617847,0.9999999967720904,8.173545636249746e-06,6.546985643701993e-06,0.0,0.0077793882015745955,0.007779386364121212,0.8691422270454479,0.8691426376198658,0.49456174212764625,0.4949159537749517,0.0
model.dec.8x8_block2.norm1,0.005500982445764531,0.005500982445764531,0.9101635951745587,0.9101635951745587,0.9101635951745587,0.41424899519361785,0.41484892546118507,0.0,512,512,1.0,1.0,0.9101635951745587,0.4142489951936179,1.0,1.0,1.0,512,0.9101635959470291,0.41424899518921676,0.999999997691128,4.2457273124743355e-08,7.160880695770022e-06,0.0,0.005500858355645161,0.005500856035366781,0.9101575735311881,0.9101583413460053,0.41426120713634546,0.41486102851966417,0.0
model.dec.8x8_block2.skip,0.0880985631778804,0.08809854416454012,0.8927175681627156,0.8927173754973384,0.8927177608281343,0.450616528599729,0.4506427970808557,0.0,131327,131328,0.9999923854775828,1.0,0.8927173754973384,0.45060808014778847,-0.9998774096662478,1.0,1.0000002394338356,131326,0.8927223543829885,0.45060714342695557,0.9999999968047538,0.00026300258963651087,7.820585144300282e-06,1.7964687755128223e-08,0.08809850787842424,0.08809849503130533,0.8927171182257082,0.8927173785898338,0.4506171936059608,0.4506434298446307,1.7964793927314484e-08
model.dec.8x8_block3.affine,0.0876689662876341,0.0875961321200704,0.8554952994104952,0.8547845657195926,0.856206624060102,0.517380386184706,0.5187756112434254,0.0,131328,131328,1.0,1.0,0.8547845657195926,0.517380386184706,-0.9997854537652864,1.0,1.000122624156959,131328,0.8555354821413089,0.5177441825385886,0.9999999953708357,0.031101538543998736,0.0003979651005060207,0.0,0.08766910911226433,0.08759625983727645,0.8547850272602813,0.8562073793831959,0.5173792934755654,0.5187745422594481,0.0
model.dec.8x8_block3.conv0,0.264018315607959,0.26401103637482887,0.8950345228838575,0.8950098459407575,0.8950592005073429,0.4459845676134113,0.44605494339357266,0.0,1179885,1179904,0.9999838969950098,1.0,0.8950098459407576,0.4459665219724186,-0.9963941655972026,1.0,1.0000766283524904,1179869,0.8950262949550064,0.44601337568496585,0.9999999968828274,0.00567531182471573,5.188920621998121e-05,3.4107768587487233e-07,0.2640187574938583,0.2640117553881905,0.8950108810623886,0.8950583565534687,0.44598484390949006,0.4460547432170402,3.4108150073883727e-07
model.dec.8x8_block3.conv1,0.18670509904867913,0.18670087701544985,0.8977633299466985,0.8977430284839617,0.8977836318685299,0.4404681924510916,0.4405898948359422,0.0,590076,590080,0.9999932212581345,1.0000000000000002,0.8977430284839616,0.44046050217105526,-0.9912000980181076,1.0,1.0000919596603624,590070,0.8977627699059193,0.4404792947900538,0.9999999970901163,0.006077549347365593,5.6307655589669243e-05,7.179052205049163e-08,0.18670615780873417,0.18670216051587898,0.897745159096445,0.8977836009518124,0.44046658295303587,0.4405877623509564,7.179517818830412e-08
model.dec.8x8_block3.norm0,0.007778828393010254,0.0077788274625374305,0.9023463173395928,0.9023462094044793,0.9023464252747192,0.43101169258067346,0.4312550845521824,0.0,1024,1024,1.0,1.0,0.9023462094044793,0.43101169258067334,0.9997824215987992,1.0,1.0,1024,0.9023471681683669,0.43100996485829235,0.999999999967096,2.4383189908528065e-05,1.3173474232771153e-05,0.0,0.007779382153547712,0.0077793788629300555,0.9023458914790269,0.9023466548499857,0.43101165430505495,0.4312551952983949,0.0
model.dec.8x8_block3.norm1,0.005501149727017819,0.005501149727017819,0.917962956037685,0.917962956037685,0.917962956037685,0.39666612073953994,0.39780665228495987,0.0,512,512,1.0,1.0,0.917962956037685,0.39666612073953994,1.0,1.0,1.0,512,0.9179629571953667,0.39666612125368195,0.9999999994572158,4.239054167243453e-08,1.1935171807630384e-05,0.0,0.005500853344027704,0.0055008530102701025,0.9179704293451456,0.9179705407386395,0.39664867263148573,0.3977898763187873,0.0
model.dec.8x8_block3.skip,0.0880989188985497,0.08809805712394264,0.8956882873403728,0.8956795258092266,0.8956970489572241,0.4446781120614772,0.4447514954351831,0.0,131328,131328,1.0,1.0,0.8956795258092266,0.4446781120614773,-0.9997854669159337,1.0,1.0,131326,0.8956941285455654,0.4446706963201982,0.9999999969960215,0.0004166636648717232,7.590753234028012e-06,0.0,0.08809887031969751,0.08809801529388887,0.8956792749378438,0.8956966608598791,0.44467878962750834,0.44475213765756955,0.0
model.dec.8x8_block4.affine,0.08763437577921915,0.087598175164824,0.8662064642076004,0.865848645647035,0.8665644306394166,0.4994798490745939,0.5001395157313846,0.0,131328,131328,1.0,1.0,0.865848645647035,0.4994798490745939,-0.9998160750413831,1.0,1.000091956841589,131328,0.8661440543966584,0.49979443418987957,0.9999999954467418,0.03314927476773359,5.098086387600287e-05,0.0,0.08763452821834201,0.08759832498768995,0.8658489915698775,0.8665648273649027,0.499479191108741,0.5001388421178069,0.0
model.dec.8x8_block4.conv0,0.26401835288182224,0.2640141002454338,0.9011600884938118,0.9011455731915902,0.9011746040298401,0.4334794591140719,0.4336908327072323,0.0,1179892,1179904,0.9999898296810588,1.0000000000000002,0.90114557319159,0.43346774022709417,0.9765567095388226,1.0,1.0000613101989515,1179887,0.9011653163751989,0.43347557319868923,0.9999999970835499,0.0054644699918506455,5.176898321878759e-05,2.1528763683325312e-07,0.264018907862963,0.26401494021961275,0.9011468396234252,0.9011739248795004,0.43347931658961,0.43369021194243274,2.1528758219744167e-07
model.dec.8x8_block4.conv1,0.1867051869217866,0.18670212327107644,0.9044425342358252,0.9044276932126165,0.9044573755025648,0.42658847846913245,0.42691817637959334,0.0,590079,590080,0.9999983053145336,0.9999999999999998,0.9044276932126167,0.42658649189956505,0.9949723479067196,1.0,1.0000842986486544,590075,0.9044423356960621,0.4265958995354239,0.9999999972961234,0.00560231533900384,5.628815774932003e-05,1.7960833764799787e-08,0.18670640882491718,0.18670353917702898,0.904429901863735,0.9044577043929751,0.4265862318080928,0.4269155142972672,1.796090337168056e-08
model.dec.8x8_block4.norm0,0.007778711204775783,0.007778711206145951,0.8945330558229263,0.8945330559804924,0.8945330556653603,0.44700180325194205,0.4470515931374382,0.0,1024,1024,1.0,1.0,0.8945330559804924,0.44700180325194205,-0.9999632262809512,1.0,1.0,1024,0.8945325767888955,0.4470027609852842,0.9999999970386358,2.654581792670926e-05,2.2313245882091124e-05,0.0,0.007779380026990426,0.007779374387606358,0.8945346458720296,0.8945359427954086,0.44699699943787785,0.44704716174115194,0.0
model.dec.8x8_block4.norm1,0.0055011345707157745,0.005501129302156771,0.9062638426010312,0.9062629746519807,0.906264710550913,0.4227120832568565,0.4231129158212553,0.0,512,512,1.0,1.0,0.9062629746519807,0.42271208325685655,1.0,1.0,1.0,512,0.9062600994320237,0.422720507114043,0.9999999932933008,5.082283624263836e-05,3.612136421985402e-05,0.0,0.005500849288788891,0.0055008488768323125,0.9062537738238513,0.9062539095618896,0.42273389697393493,0.4231338810506893,0.0
model.dec.8x8_block4.skip,0.08809800097287343,0.08809852308609475,0.8984820142153094,0.8984873390732353,0.8984766893889409,0.43901293212127906,0.439138659237693,0.0,131325,131328,0.9999771564327485,1.0,0.8984873390732353,0.43898691493748815,-0.9993203919153979,1.0,1.0,131324,0.8984931081870641,0.4389876244373578,0.9999999970163332,0.000494734047747018,7.35978360454844e-06,5.3896265705887907e-08,0.08809795987360006,0.08809848459660528,0.8984871390367616,0.8984764361178661,0.43901340900177477,0.439139124596463,5.389677564511456e-08
model.dec.8x8_in0.affine,0.08758168393281195,0.08752992523754351,0.8743122237404868,0.8737955259798823,0.8748292270377619,0.4850770820472986,0.48553863354620963,0.0,131328,131328,1.0,1.0,0.8737955259798823,0.4850770820472986,-0.9993869543894066,1.0,1.0001916316022021,131328,0.8741633559307528,0.4856319873810261,0.9999999959418819,0.03358897685449878,0.0002481665391222398,0.0,0.08758173976104257,0.08753001883703318,0.8737960421330349,0.8748289881230136,0.485077041595828,0.48553838150665085,0.0
model.dec.8x8_in0.conv0,0.18665011928050168,0.18663841492117614,0.8815012736918157,0.881445996965002,0.8815565538851113,0.4721520341998547,0.47222372546985025,0.0,590071,590080,0.9999847478308026,1.0,0.8814459969650023,0.47213588326454375,-0.998038254046101,1.0,1.0002452783909737,590065,0.8814802383992574,0.47222091155917023,0.9999999964601212,0.010683553773678226,4.6573273372777204e-05,1.615215584653346e-07,0.18665066087245033,0.18663897302590285,0.8814467712306838,0.881557171936511,0.4721507764922998,0.47222241342242627,1.615287697888606e-07
model.dec.8x8_in0.conv1,0.1866802416986742,0.1866701989579824,0.8780852651514861,0.8780380272513048,0.8781325055930373,0.47847845575960585,0.4786030742110834,0.0,590077,590080,0.9999949159436009,1.0,0.8780380272513049,0.47847316132047585,-0.9989270419158337,1.0,1.0001226843332107,590067,0.8780553116282447,0.4785591599476475,0.9999999962751783,0.008542122080605964,4.5666113812442014e-05,5.367579574140529e-08,0.18668063591719822,0.18667069775904366,0.8780390682912945,0.8781325625945295,0.4784777163987726,0.4786020593285534,5.3674572018014404e-08
model.dec.8x8_in0.norm0,0.005500933186974736,0.005500938071968718,0.8789135957403289,0.8789143762420146,0.8789128152393362,0.47698144124903036,0.47706494663416893,0.0,512,512,1.0,1.0,0.8789143762420146,0.47698144124903036,-1.0,1.0,1.0,512,0.8789152243006412,0.4769780176898859,0.9999999987790311,3.913754546828443e-05,2.0807409507319015e-05,0.0,0.005500842104050336,0.0055008526802145605,0.8789120041137581,0.8789086244527132,0.476987981313557,0.47707106492307,0.0
model.dec.8x8_in0.norm1,0.00550068862426711,0.005500676112616798,0.9023468399595784,0.9023447875168946,0.9023488924069305,0.4310096696418901,0.43125407286103035,0.0,512,512,1.0,1.0,0.9023447875168946,0.4310096696418901,0.9997548418730081,1.0,1.0,512,0.9023453853314981,0.4310136927027161,0.9999999961302783,3.261900240207759e-05,1.831874428830547e-05,0.0,0.005500851927142073,0.005500840692696586,0.9023454208899391,0.9023491066395763,0.43100888248725894,0.4312532041665976,0.0
model.dec.8x8_in0.norm2,0.005500867127145737,0.005500853614966805,0.8554698759129726,0.8554677745602646,0.8554719772708425,0.5178513048645059,0.5188644736696085,0.0,512,512,1.0,1.0,0.8554677745602646,0.5178513048645059,-1.0,1.0,1.0,512,0.8554705105089785,0.5178515272306997,0.9999999977541398,8.475055676535402e-05,4.378472509334052e-06,0.0,0.005500853305055464,0.005500840805091377,0.8554671462020986,0.855471034088018,0.5178526982044351,0.5188658084613499,0.0
model.dec.8x8_in0.proj,0.06233790067378656,0.06233747560260772,0.885112049091844,0.8851060136684813,0.8851180845563618,0.46537480267651626,0.4653860597687079,0.0,65789,65792,0.9999544017509727,1.0000000000000002,0.8851060136684812,0.4653258528312006,-0.9985285371816942,1.0,1.0001226091221187,65788,0.8851138173133787,0.46537461303044764,0.9999999966394554,0.007559694747314886,2.5508562672963653e-05,5.381923633965757e-08,0.06233790419234027,0.06233745951127949,0.8851056548985169,0.8851182826548751,0.46537480907565737,0.46538620950290044,5.381997912240391e-08
model.dec.8x8_in0.qkv,0.10789062885810213,0.10787859587051765,0.8768060991073017,0.876708309363964,0.8769038997582965,0.48079048840081545,0.4809689160434926,0.0,197375,197376,0.9999949335278858,1.0,0.876708309363964,0.4807852122484042,-0.9984060814124571,1.0,1.0002453385672228,197375,0.8767338153206435,0.4809759005814562,0.9999999963836562,0.015451571298529353,3.36516717802434e-05,1.7953127024479103e-08,0.10789070110397439,0.10787866982269284,0.8767084036993936,0.8769039662440253,0.4807903494283242,0.4809687606514646,1.7953568594578054e-08
model.dec.8x8_in1.affine,0.08744741420365802,0.0873859196752242,0.8753721116011788,0.8747565348491702,0.8759881215419919,0.4831097854443376,0.4835953223970938,0.0,131328,131328,1.0,1.0,0.8747565348491702,0.4831097854443376,-0.9989577585678376,1.0,1.0003066355942598,131328,0.8753442648962311,0.48350017369473425,0.9999999962154676,0.033493275827301855,4.499104773985501e-05,0.0,0.08744750797207823,0.08738601585115885,0.8747568448363279,0.8759883823760257,0.4831092826635009,0.48359479150007495,0.0
model.dec.8x8_in1.conv0,0.18662878471670005,0.18661276206199165,0.879219504309615,0.8791440206131862,0.8792949944871076,0.4763759988123961,0.47649389182032004,0.0,590076,590080,0.9999932212581345,1.0000000000000002,0.8791440206131861,0.4763688858867939,-0.9980562401935569,1.0,1.0002452783909737,590071,0.8791756026249113,0.47649791136021274,0.9999999962602434,0.012291019695327301,4.801334873991198e-05,7.175530095778273e-08,0.18662929980108953,0.186613300862913,0.8791448029560525,0.8792955530496436,0.4763748222444367,0.47649263891828025,7.175447565876564e-08
model.dec.8x8_in1.conv1,0.18666580416264222,0.18665499073314842,0.8804079444817969,0.8803569430181055,0.8804589489001415,0.4741896219099978,0.4742748537543088,0.0,590075,590080,0.9999915265726681,0.9999999999999998,0.8803569430181056,0.47418070116173655,-0.9986511880271883,1.0,1.0001532942943863,590069,0.8803965782196038,0.47423819435422543,0.9999999964281199,0.009207652499863989,4.432667888476181e-05,8.961498012556983e-08,0.18666596271158326,0.1866552617036478,0.8803576533727472,0.8804585986576015,0.47418957321475,0.47427451999511544,8.961572434311762e-08
model.dec.8x8_in1.norm0,0.0055007443674438515,0.005500751064738881,0.8203247131260353,0.8203257118920672,0.8203237143612195,0.5718987335715194,0.5758721000981889,0.0,512,512,1.0,1.0,0.8203257118920672,0.5718987335715194,-1.0,1.0,1.0,512,0.8203293499428946,0.5718913862443781,0.9999999925746015,7.764477975659544e-05,3.256358024589263e-05,0.0,0.005500818181582349,0.0055008286787776375,0.8203278584887459,0.8203247276391893,0.5718968623668738,0.5758696985824433,0.0
model.dec.8x8_in1.norm1,0.005500700295511783,0.005500748564916174,0.8476699210880339,0.8476773595086009,0.8476624827327394,0.530528646285573,0.5320447938945906,0.0,512,512,1.0,1.0,0.8476773595086009,0.5305286462855728,-1.0,1.0,1.0,512,0.847663942529055,0.5305335482844818,0.9999999986558008,0.00022378399685247605,2.7523952369414817e-05,0.0,0.005500778909953025,0.005500819888852768,0.8476692671120375,0.8476566375676324,0.5305390776910659,0.5320563100389318,0.0
model.enc.16x16_block0.affine,0.08785235521531937,0.08783625691493653,0.9063751775909371,0.9062090909808213,0.9065412946407853,0.42239629692500713,0.4228863428268901,0.0,131328,131328,1.0,1.0,0.9062090909808213,0.42239629692500713,0.9251226791123152,1.0,1.0000613045610593,131328,0.9063673950004062,0.422490408201833,0.9999999970893619,0.022053717034402377,0.0001309215694576179,0.0,0.08785250214881268,0.08783639908347085,0.9062091701712847,0.9065414716608369,0.4223959993727348,0.42288609018379153,0.0
model.enc.16x16_block0.conv0,0.1867288137258645,0.18672611846623652,0.9026365397658594,0.9026235110330366,0.9026495686867431,0.43039740864473996,0.43065760104489387,0.0,590072,590080,0.999986442516269,1.0,0.9026235110330366,0.4303816654273366,0.9959543949981611,1.0,1.0000153240265413,590067,0.9026379193716193,0.4304007277863783,0.999999997086631,0.0029356478855638688,4.422743633853023e-05,1.4364142734790237e-07,0.18672819015518582,0.1867255885607512,0.90262219282869,0.9026473449596895,0.43040133847979534,0.43066124775812725,1.4363975217213092e-07
model.enc.16x16_block0.conv1,0.18673414600025987,0.18673273260344464,0.9048194435356518,0.9048125949278999,0.9048262921952415,0.42579223813050027,0.42613329806536787,0.0,590075,590080,0.9999915265726681,1.0,0.9048125949278999,0.42578228799345363,0.9987739087788131,1.0,1.0,590069,0.9048184968546553,0.42579747251945055,0.9999999971307578,0.002706196660455215,3.785288150464383e-05,8.981958537594895e-08,0.18673322681741975,0.18673188566778018,0.9048111112191244,0.9048241083722256,0.4257962995699906,0.4261371177872868,8.98219308093934e-08
model.enc.16x16_block0.norm0,0.005500628325657723,0.005500628325657723,0.8828157731833164,0.8828157731833164,0.8828157731833164,0.46971939561694,0.46974649122843953,0.0,512,512,1.0,1.0,0.8828157731833164,0.46971939561694,-1.0,1.0,1.0,512,0.8828157697073448,0.4697193962071407,0.9999999938667465,4.059875483748431e-08,3.7874408487573524e-06,0.0,0.005500862915235097,0.00550086189336056,0.8828130819613954,0.8828134099551939,0.469724058129246,0.46975126266421785,0.0
model.enc.16x16_block0.norm1,0.005500793902694674,0.005500791268575587,0.8945393209690131,0.8945388926084636,0.8945397493297678,0.44698905119455723,0.4470391565048305,0.0,512,512,1.0,1.0,0.8945388926084636,0.44698905119455723,-1.0,1.0,1.0,512,0.8945393698480403,0.44698916556053503,0.9999999977626615,1.0836224373345093e-05,2.947648397234024e-06,0.0,0.00550086418601428,0.005500862301273064,0.8945312553292035,0.8945318683095409,0.44700463978185373,0.4470545695921903,0.0
model.enc.16x16_block0.norm2,0.005500898544957108,0.005500898575183138,0.937500435289889,0.9375004404412141,0.9375004301385641,0.3479841018811315,0.35150675124079783,0.0,512,512,1.0,1.0,0.9375004404412141,0.34798410188113155,1.0,1.0,1.0,512,0.9375004484688333,0.3479840596017151,0.999999997324767,2.1553236420574502e-07,2.827660538471205e-07,0.0,0.005500866484481683,0.00550086647869364,0.9375000287453639,0.9375000307182495,0.34798519221086205,0.35150782165047273,0.0
model.enc.16x16_block0.proj,0.06235479046395998,0.06235496251555843,0.9116262581379877,0.9116287735302091,0.911623742752707,0.4110212862516099,0.41170648695790374,0.0,65791,65792,0.9999848005836576,0.9999999999999998,0.9116287735302093,0.4110027962498709,0.9997548418730081,1.0,1.0,65791,0.9116334059198673,0.4110042980100889,0.9999999973015969,0.001244119245706534,2.7471922727337783e-05,1.7965238358925786e-08,0.06235440123974806,0.06235457433157401,0.9116273003637355,0.9116222391467621,0.41102459428992166,0.4117097143352935,1.7965495089386842e-08
model.enc.16x16_block0.qkv,0.10799330248997303,0.10799305621799905,0.901280154441572,0.9012780991285329,0.9012822097592982,0.4332357639455795,0.4334445851116471,0.0,197372,197376,0.9999797341115434,1.0,0.9012780991285329,0.4332123735089002,0.9920253111745183,1.0,1.0000019154776338,197370,0.9013014312327464,0.43319248580820374,0.9999999970802731,0.005300393346265211,2.5887734982800046e-05,7.185324548035926e-08,0.10799308225152841,0.10799286524984526,0.9012776973717356,0.9012813194438672,0.43323722533645964,0.4334459108957457,7.185529175063165e-08
model.enc.16x16_block1.affine,0.08785147680589793,0.08782528220778292,0.8990920780295814,0.8988239965298882,0.8993602394867418,0.4376290368720379,0.4379104776195527,0.0,131328,131328,1.0,1.0,0.8988239965298882,0.4376290368720379,-0.9454568639696042,1.0,1.0000613083195389,131328,0.8991835373861006,0.43757166962094485,0.9999999970213339,0.025862729060307683,2.9539636840967337e-05,0.0,0.08785165980279222,0.08782547204977396,0.8988244080452801,0.8993605099382279,0.4376283710889666,0.4379097930104644,0.0
model.enc.16x16_block1.conv0,0.18673096285587304,0.18672968834786646,0.8984244312466528,0.8984182991670371,0.8984305633681223,0.4391251632819286,0.43925533941258105,0.0,590073,590080,0.9999881372017354,1.0,0.8984182991670371,0.43911165726171925,-0.9957092068162314,1.0,1.0000004788715295,590065,0.8984338424184349,0.4391089052536946,0.9999999970063358,0.002741848262409475,4.297743340429235e-05,1.257313422481339e-07,0.18673019386444856,0.18672899832774814,0.89841642447321,0.8984279287736218,0.439129961758264,0.43925989530350035,1.2573980844637972e-07
model.enc.16x16_block1.conv1,0.18673663567032417,0.18673534365712433,0.9006207928140942,0.9006145615036274,0.9006270241676751,0.43460277707788736,0.43479323121827324,0.0,590074,590080,0.9999898318872017,1.0,0.9006145615036274,0.43459107855200513,0.9904374557420714,1.0,1.0,590065,0.9006312070404917,0.4345842023197051,0.9999999970944228,0.0023248150980488187,3.5333061943402293e-05,1.0779005421254823e-07,0.18673557301844573,0.18673434025123692,0.9006128428913137,0.9006247341122195,0.43460706841538155,0.4347973252061321,1.0778754630719237e-07
model.enc.16x16_block1.norm0,0.0055006179305368795,0.005500624838156267,0.8984411097367654,0.8984422379898648,0.8984399814850829,0.4390945872779091,0.43922145346257996,0.0,512,512,1.0,1.0,0.8984422379898648,0.4390945872779092,0.0999997366237817,1.0,1.0,512,0.8984434969519053,0.43908915470870435,0.99999999844817,2.8444811692077213e-05,8.530868338980941e-06,0.0,0.00550085635200883,0.005500862344293004,0.8984423783389437,0.8984404209298047,0.4390939210226621,0.4392208787207307,0.0
model.enc.16x16_block1.norm1,0.005500831009162126,0.00550082574095823,0.917965586748986,0.9179647076036581,0.9179664658951556,0.3966596528183146,0.39780084513096015,0.0,512,512,1.0,1.0,0.9179647076036581,0.39665965281831456,1.0,1.0,1.0,512,0.9179647093941853,0.3966620687743535,1.000000001896396,1.5323365166274367e-05,1.0773888396242357e-05,0.0,0.005500863565441042,0.005500862464488146,0.9179690127416213,0.9179693801897263,0.39665159947056144,0.39779276176266665,0.0
model.enc.16x16_block1.norm2,0.005500876513538245,0.005500876566273026,0.9179686400194981,0.9179686488197093,0.917968631219287,0.39665297043807163,0.39779396541031337,0.0,512,512,1.0,1.0,0.9179686488197093,0.39665297043807163,0.9999990422685211,1.0,1.0,512,0.9179686679198816,0.3966528992142306,0.9999999947113797,3.872452951832327e-07,3.151709545617819e-07,0.0,0.005500866398305418,0.005500866506347409,0.9179688795558941,0.9179688434964174,0.3966524617958463,0.3977934945666525,0.0
model.enc.16x16_block1.proj,0.06235481290372421,0.06235444476407577,0.9056359681671177,0.905630621338358,0.9056413150274449,0.4240534987837433,0.42442858668286526,0.0,65791,65792,0.9999848005836576,1.0,0.905630621338358,0.4240355770627729,0.9995096837460162,1.0,1.0,65790,0.905647218057828,0.4240319758787987,0.9999999971173621,0.0008072156444241616,2.7107676343143627e-05,1.7965238358925786e-08,0.06235444481852612,0.06235409917775936,0.9056296371913669,0.9056396773777827,0.4240564513694784,0.4244313289087967,1.7964806832014305e-08
model.enc.16x16_block1.qkv,0.10799868180321007,0.10799766831915149,0.9003484110760163,0.9003399620028741,0.900356860228447,0.4351656977018535,0.4353491467407283,0.0,197374,197376,0.9999898670557718,1.0,0.9003399620028741,0.4351540544206173,0.9691582202767487,1.0,1.0,197373,0.9003475574628912,0.43517154734392255,0.9999999969537231,0.002800179442747823,2.9483905745383682e-05,3.593047671785157e-08,0.10799814832288697,0.10799716525600209,0.900338971236163,0.900355362360024,0.4351683946494975,0.4353516864056295,3.5931557999807464e-08
model.enc.16x16_block2.affine,0.0878816176303604,0.08785838145070811,0.90679873974246,0.9065589792670241,0.9070385636280951,0.42145234682972965,0.4219995568157165,0.0,131328,131328,1.0,1.0,0.9065589792670241,0.42145234682972965,0.9322069000790777,1.0,1.000061338310033,131328,0.9067372769160498,0.4216959928460924,0.9999999969560683,0.02286130200053571,3.230380058185454e-05,0.0,0.08788181638549053,0.08785858718164989,0.90655922207332,0.9070386614433226,0.42145201425527185,0.4219992098593888,0.0
model.enc.16x16_block2.conv0,0.18673436272324334,0.18673344257504043,0.8967555772723355,0.896751158438968,0.8967599961274773,0.4425240159651796,0.4426156617899043,0.0,590073,590080,0.9999881372017354,0.9999999999999998,0.8967511584389681,0.44251063342600233,-0.9984056904586706,1.0,1.0,590067,0.8967643799546294,0.442508357993208,0.9999999970953235,0.002427312153609814,4.2489162708252016e-05,1.2555069677022068e-07,0.1867335045805548,0.18673266989845497,0.8967490838048573,0.8967571006353517,0.4425292542800142,0.44262064489087277,1.2553960649534246e-07
model.enc.16x16_block2.conv1,0.18673876309673104,0.1867376422384846,0.8976835604971594,0.8976781723495418,0.8976889486771182,0.4406380536951474,0.4407502813469966,0.0,590075,590080,0.9999915265726681,1.0000000000000002,0.8976781723495416,0.44062844022026293,-0.9984154983789152,1.0,1.0,590070,0.8976853304185438,0.4406370926762873,0.999999996957968,0.002505927002042437,3.31086609351165e-05,8.981077672770726e-08,0.18673759623040329,0.18673654331313772,0.8976766300644502,0.8976867532237487,0.4406420212559503,0.4407540459480746,8.981567794898021e-08
model.enc.16x16_block2.norm0,0.005500572260954031,0.00550057127309449,0.890623986180032,0.8906238262309647,0.890624146129128,0.45474041052612574,0.4547488863297504,0.0,512,512,1.0,1.0,0.8906238262309647,0.45474041052612574,-1.0,1.0,1.0,512,0.8906240061913193,0.45474045218353026,0.9999999958088606,4.882446293051967e-06,3.7996373225512927e-06,0.0,0.005500863955138926,0.005500863163486919,0.8906253818497674,0.8906256381969628,0.45473744224192947,0.4547459128908666,0.0
model.enc.16x16_block2.norm1,0.005500809524678103,0.005500811500240796,0.886722402015692,0.8867227204734915,0.8867220835580069,0.462302428370144,0.4623036655067415,0.0,512,512,1.0,1.0,0.8867227204734915,0.462302428370144,-1.0,1.0,1.0,512,0.8867221220911442,0.4623027994679102,0.9999999961779616,1.1171249242009608e-05,1.054662799266506e-05,0.0,0.005500863622026154,0.005500863041994656,0.8867195922344294,0.8867197792324752,0.4623074235399945,0.4623088803312544,0.0
model.enc.16x16_block2.norm2,0.005500867880906866,0.005500867944574645,0.9179692880803962,0.9179692987050954,0.9179692774556975,0.3966514714244008,0.39779251882665667,0.0,512,512,1.0,1.0,0.9179692987050954,0.3966514714244008,1.0,1.0,1.0,512,0.9179692881775027,0.3966514726340072,1.0000000009640644,5.989461588369299e-07,7.595773514482169e-07,0.0,0.005500866184793431,0.005500866340425286,0.9179688465322312,0.9179687945894338,0.396652560033055,0.3977935854184037,0.0
model.enc.16x16_block2.proj,0.06235522038008015,0.06235459600579622,0.9105284847560714,0.9105193674669784,0.9105376021364584,0.4134422029741926,0.41406773786352724,0.0,65792,65792,1.0,1.0,0.9105193674669784,0.4134422029741926,0.9997548418730081,1.0,1.0,65791,0.9105381320620003,0.413425096293094,0.9999999974046374,0.000826847939055608,2.166440935016372e-05,0.0,0.06235505939563511,0.062354457384624855,0.9105192740547718,0.910536855645474,0.4134432760812774,0.4140686384164096,0.0
model.enc.16x16_block2.qkv,0.10799912786437767,0.10799797557581506,0.9116172790118033,0.9116075525798881,0.9116270055474952,0.41103568135107144,0.41172653842601786,0.0,197373,197376,0.9999848005836576,1.0,0.9116075525798881,0.411017190750156,0.9997241632953292,1.0,1.0,197369,0.9116282829002266,0.4110156608524207,0.9999999972172138,0.0023637899253880785,3.070007400112449e-05,5.3896816714693205e-08,0.10799844721505883,0.10799733069151425,0.9116062187543047,0.9116250680177355,0.4110394450367769,0.4117300671050256,5.389344413607899e-08
model.enc.16x16_block3.affine,0.08785314637990928,0.08784010436320376,0.9034531539868331,0.9033190341332766,0.9035872937537694,0.4286231907722018,0.42897510189857,0.0,131328,131328,1.0,1.0,0.9033190341332766,0.4286231907722018,0.7704924391518286,1.0,1.0001226091221187,131328,0.903415013328137,0.4287672022177432,0.9999999971530429,0.023716639499634495,2.8110508321085e-05,0.0,0.08785333726615907,0.08784030851124021,0.9033194454074037,0.9035874317267697,0.42862267689858113,0.4289745403529913,0.0
model.enc.16x16_block3.conv0,0.18673457648783431,0.18673338219993527,0.8976506432670898,0.8976449022130172,0.8976563843578801,0.44070493335520505,0.4408165932167575,0.0,590076,590080,0.9999932212581345,1.0,0.8976449022130172,0.44069724327307336,-0.9975479115098247,1.0,1.0,590072,0.8976560597940005,0.44069671903067753,0.9999999969069002,0.0024404620089812407,4.279401899742027e-05,7.184994188288686e-08,0.1867337638328931,0.18673265853865947,0.8976428745916859,0.8976535011466472,0.4407101445925847,0.4408215363864879,7.185245253789483e-08
model.enc.16x16_block3.conv1,0.18673847121706402,0.18673824367804515,0.8955568319119622,0.8955557406846348,0.8955579231406193,0.4449466016811988,0.44501370949202923,0.0,590075,590080,0.9999915265726681,1.0,0.8955557406846348,0.4449370805682614,-0.9992643452672879,1.0,1.0,590072,0.8955631806269546,0.4449343653614373,0.9999999969478715,0.0017479437794379136,3.146090841679597e-05,8.981738368639756e-08,0.18673765222698918,0.18673748984272118,0.8955545355406211,0.8955560930642986,0.4449498114431632,0.44501673748834897,8.981228820232456e-08
model.enc.16x16_block3.norm0,0.005500562147918306,0.005500568700719809,0.890620777526846,0.8906218385204342,0.8906197165345217,0.45474731812874897,0.45475514354106106,0.0,512,512,1.0,1.0,0.8906218385204342,0.45474731812874897,-1.0,1.0,1.0,512,0.8906227885125635,0.45474283378442576,0.9999999965255446,2.2008780851416546e-05,7.86544149991011e-06,0.0,0.005500856527538773,0.005500863456088879,0.8906291957849193,0.8906269522225507,0.4547330587251801,0.4547408992847872,0.0
model.enc.16x16_block3.norm1,0.005500668916021371,0.005500668916021371,0.925779557795812,0.925779557795812,0.925779557795812,0.3780637649489709,0.37996054954134373,0.0,512,512,1.0,1.0,0.925779557795812,0.378063764948971,1.0,1.0,1.0,512,0.9257795575925496,0.37806376539316117,0.9999999968138897,4.254452155629871e-08,1.5760242275627322e-06,0.0,0.005500865265147502,0.005500864677992767,0.9257814594567552,0.9257816570900465,0.3780588259106034,0.3799559163623876,0.0
model.enc.16x16_block3.norm2,0.005500865967681634,0.005500865341938961,0.9179683546538405,0.9179682502317413,0.9179684590759516,0.3966535819320413,0.39779461062341687,0.0,512,512,1.0,1.0,0.9179682502317413,0.39665358193204125,0.9999990422685211,1.0,1.0,512,0.9179683528381544,0.3966536294171701,0.9999999975460357,2.7367743190650605e-06,2.452139611149857e-06,0.0,0.005500866481909217,0.005500866364220361,0.9179687895732987,0.9179688288524557,0.39665256658709164,0.39779361408558206,0.0
model.enc.16x16_block3.proj,0.06235433103998233,0.062354629647471134,0.8960076545219715,0.8960119453962573,0.8960033636682341,0.44404073179463266,0.4441132513239668,0.0,65791,65792,0.9999848005836576,1.0,0.8960119453962572,0.44402361968361365,-0.9993451256160326,1.0,1.0,65791,0.8960119157737736,0.44403000602476506,0.999999996764728,0.0008472175165560396,2.0634031742341465e-05,1.7961934862705318e-08,0.062354303754985616,0.06235462254615049,0.8960119959102646,0.8960028341202938,0.44404135884462603,0.444113730765163,1.796179801162571e-08
model.enc.16x16_block3.qkv,0.1079957726154066,0.1079949079637817,0.8995441237510189,0.8995369216886656,0.8995513258710349,0.43682641162031116,0.43698630233939795,0.0,197375,197376,0.9999949335278858,1.0,0.8995369216886656,0.4368206119721823,-0.9838536638231946,1.0,1.0,197374,0.8995427317554295,0.4368327754383445,0.9999999970965372,0.004162048048448841,3.0412996316343723e-05,1.796482540528658e-08,0.1079954202020623,0.10799460736705527,0.8995363090489465,0.8995498500464382,0.4368287715121116,0.4369884211306462,1.796480468123068e-08
model.enc.16x16_down.affine,0.08792710284916949,0.08792271746581946,0.9144222902416748,0.9143766832313608,0.9144678995267617,0.4047413164182849,0.40563496626233064,0.0,131328,131328,1.0,1.0,0.9143766832313608,0.4047413164182849,0.9905670850850576,1.0,1.0000306485227413,131328,0.9144937250272203,0.40460008267571196,0.9999999974446927,0.019450507808811877,4.473374929906661e-05,0.0,0.08792715584483851,0.08792279108979552,0.9143768901530516,0.9144676773120234,0.40474142864001433,0.40563499030462885,0.0
model.enc.16x16_down.conv0,0.18673073269080148,0.18672747345426766,0.9137435160197305,0.9137275673528611,0.9137594649649758,0.4062844133776036,0.407116062585811,0.0,590073,590080,0.9999881372017354,1.0,0.9137275673528611,0.4062698202945718,0.9995095635115253,1.0,1.0000016760491097,590065,0.9137498583689132,0.406277240799809,0.9999999975377774,0.003531542346860431,4.247842473584576e-05,1.2569061634091021e-07,0.18673015628530926,0.18672698003218033,0.9137265447138194,0.913757630221439,0.406287806932525,0.40711917353808735,1.2569333453561245e-07
model.enc.16x16_down.conv1,0.18673310728960885,0.1867326193683741,0.9066668607274811,0.906664491667058,0.9066692297940946,0.4218462678387483,0.42226644107491634,0.0,590073,590080,0.9999881372017354,1.0,0.906664491667058,0.4218322170282812,0.9990191270230505,1.0,1.0000038310653427,590072,0.9066699632867496,0.4218407015231129,0.9999999971875115,0.0022007659500400028,3.760159437870258e-05,1.2565878031972984e-07,0.18673241689867542,0.18673198685831227,0.9066631037413736,0.9066672798033961,0.42184998561860126,0.4222699522150744,1.2565716533430862e-07
model.enc.16x16_down.norm0,0.005500628027640417,0.005500628027640417,0.9296852419634326,0.9296852419634326,0.9296852419634326,0.368354925140677,0.3707217407479607,0.0,512,512,1.0,1.0,0.9296852419634326,0.368354925140677,1.0,1.0,1.0,512,0.9296852416556928,0.36835492566431816,0.9999999990145458,4.5167646120844514e-08,1.7254124145930274e-06,0.0,0.005500864749376717,0.005500864852272811,0.9296877110896613,0.9296876763092276,0.3683487440724429,0.3707159031502335,0.0
model.enc.16x16_down.norm1,0.005500810411580422,0.005500805144002653,0.9453130937377525,0.9453121885056385,0.9453139989707334,0.3261639941240788,0.33118572308503386,0.0,512,512,1.0,1.0,0.9453121885056385,0.3261639941240788,1.0,1.0,1.0,512,0.9453131456849075,0.32616414964555035,0.9999999965641329,2.1673361653906245e-05,3.6768679798480662e-06,0.0,0.005500864361580812,0.005500858577220824,0.9453118548533372,0.945313842916425,0.3261646731357168,0.33118644949653275,0.0
model.enc.16x16_down.skip,0.0623555224855658,0.06235649950506431,0.9102514957219064,0.9102657580265817,0.9102372336406972,0.41406229854185655,0.41466000678657944,0.0,65790,65792,0.9999696011673151,1.0,0.9102657580265817,0.4140255884342165,0.9999387067116151,1.0,1.0,65790,0.9102644541956898,0.41402732265701575,0.9999999976711429,0.00022819131455519757,8.603830967379857e-06,3.593219743863414e-08,0.062355395093779624,0.06235637171976506,0.9102651427659287,0.910236629829532,0.4140636359510459,0.4146613295038781,3.593105687311446e-08
model.enc.32x32_block0.affine,0.08799252307096163,0.08799203230623276,0.9069586346734453,0.9069535762515145,0.9069636931235888,0.4212173499086875,0.42165262916528495,0.0,131328,131328,1.0,1.0,0.9069535762515145,0.4212173499086875,0.9869167260605685,1.0,1.0000498051755637,131328,0.9070206991686449,0.421086037775534,0.9999999973982745,0.014798770455237377,2.9480203857010102e-05,0.0,0.08799255905368258,0.08799207191398768,0.9069535646766471,0.9069636068155841,0.4212174726409608,0.42165274506288475,0.0
model.enc.32x32_block0.conv0,0.1320666506156144,0.13206666845680817,0.908817020910304,0.9088171436845284,0.9088168981360962,0.4171950018034821,0.41772092090965623,0.0,295167,295168,0.9999966120988725,1.0,0.9088171436845284,0.41719094701042886,0.9992637404416365,1.0,1.0000076620719776,295165,0.908817987665386,0.4171928392811491,0.999999997269337,0.00364446125487558,3.754077060867775e-05,1.7938818894324492e-08,0.13206630859733723,0.13206637180903924,0.9088163452790342,0.9088154752950487,0.4171975645016098,0.4177232822768088,1.7938321097007436e-08
model.enc.32x32_block0.conv1,0.18673434049252818,0.18673410126913023,0.9111960521477743,0.9111948848241035,0.9111972194729405,0.4119724744361964,0.41263340540611537,0.0,590075,590080,0.9999915265726681,1.0,0.9111948848241035,0.4119621919812424,0.9995096236361407,1.0,1.000001915484972,590073,0.9111989284475703,0.41196664034082386,0.9999999973721717,0.0021592877911446122,3.2680339266832413e-05,8.980692328582681e-08,0.1867339086590147,0.1867337118126094,0.9111941097734076,0.9111960308553363,0.4119747395243977,0.41263552471202875,8.980593815943181e-08
model.enc.32x32_block0.norm0,0.0038897164269771725,0.0038897164415290274,0.906252059536339,0.9062520629267272,0.9062520561459508,0.4227377507666784,0.42313760358189123,0.0,256,256,1.0,1.0,0.9062520629267272,0.4227377507666784,1.0,1.0,1.0,256,0.9062520563512635,0.4227377545234297,0.9999999980306369,7.277580760365797e-08,8.393919642497589e-06,0.0,0.0038896975003354295,0.0038896996593399797,0.9062505289868799,0.90624952294598,0.42274234330816807,0.4231418631976421,0.0
model.enc.32x32_block0.norm1,0.005500904810864776,0.005500904760702688,0.9218739651401537,0.9218739567336961,0.9218739735466113,0.38748985749100656,0.3889797776276474,0.0,512,512,1.0,1.0,0.9218739567336961,0.38748985749100656,1.0,1.0,1.0,512,0.9218739473917951,0.38748990288348106,0.9999999956012274,1.812653595781855e-07,1.1466927689449627e-06,0.0,0.005500865587988979,0.005500865550044803,0.9218750846754223,0.9218750973933448,0.3874871797349841,0.3889772355407881,0.0
model.enc.32x32_block0.skip,0.044178308676499356,0.044178297325492666,0.9019593350255316,0.9019591032795287,0.901959566771594,0.4318208681141491,0.4320510668889983,0.0,33024,33024,1.0,1.0,0.9019591032795287,0.4318208681141491,0.9995786875495122,1.0,1.0,33024,0.9019577449710434,0.4318243002496063,0.9999999970382946,0.0003660936570826901,1.4393696177001691e-05,0.0,0.04417816315221204,0.04417814533706185,0.9019582869016524,0.9019590143439414,0.43182223446199586,0.43205248801177276,0.0
model.enc.32x32_block1.affine,0.08791490311365559,0.08790203146197721,0.9112047408026778,0.911071330998243,0.9113381701425488,0.41189346992926534,0.41262202002081555,0.0,131328,131328,1.0,1.0,0.911071330998243,0.41189346992926534,0.983276567938192,1.0,1.0000536368617803,131328,0.9112237100927031,0.4119118231002802,0.9999999972212569,0.019705254290833727,3.2041483946961844e-05,0.0,0.08791494154430636,0.08790208824036432,0.9110715937129552,0.9113380523716134,0.411893395590394,0.41262187170455883,0.0
model.enc.32x32_block1.conv0,0.18672991083586585,0.18672675877124328,0.9039518914723953,0.9039366324559642,0.9039671507464081,0.4276269450193145,0.4279373479390887,0.0,590077,590080,0.9999949159436009,1.0,0.9039366324559642,0.42762100034327466,0.9976092686814197,1.0,1.000011493284091,590072,0.9039499674339815,0.42763823058303774,0.9999999971192661,0.003553843268059182,4.087253438043777e-05,5.389144813491913e-08,0.1867294209747288,0.18672631013457608,0.9039356058259584,0.9039657250159092,0.42762963130351106,0.42793989656429865,5.388878378215939e-08
model.enc.32x32_block1.conv1,0.18673255903618977,0.18673285120937888,0.90716473693864,0.907166156344102,0.9071633175353988,0.4207762993666686,0.42121813412610953,0.0,590068,590080,0.9999796637744035,1.0,0.907166156344102,0.42075213754962854,0.9992337910409842,1.0,1.0000009577369824,590061,0.9071764776452526,0.4207503277896986,0.9999999972745448,0.002699411526527783,3.362653623796725e-05,2.1553128977658772e-07,0.1867320964365107,0.18673243277290466,0.9071652471044275,0.9071619791942029,0.42077882169941416,0.42122050794132077,2.1552766430982522e-07
model.enc.32x32_block1.norm0,0.005500760959302455,0.0055007636757555475,0.9414043357574712,0.9414048006532808,0.9414038708618911,0.33728028251244646,0.3415035972154343,0.0,512,512,1.0,1.0,0.9414048006532808,0.3372802825124465,1.0,1.0,1.0,512,0.9414043376616859,0.33728011129878144,0.9999999969878374,1.0842743562823462e-05,9.215680856906152e-06,0.0,0.0055008639242943,0.005500864354517237,0.9414069746345685,0.9414068273795801,0.337272982211042,0.34149703591012315,0.0
model.enc.32x32_block1.norm1,0.005500919602457376,0.005500916968438845,0.9101478548539623,0.9101474190456815,0.9101482906624517,0.41428337878789684,0.4148826344199947,0.0,512,512,1.0,1.0,0.9101474190456815,0.41428337878789684,1.0,1.0,1.0,512,0.9101476597396075,0.4142840102842433,0.9999999973697107,8.564059409346003e-06,3.60671060122451e-06,0.0,0.005500864605319711,0.005500862645228223,0.9101562234852926,0.9101568721071178,0.4142643313183081,0.4148640422153906,0.0
model.enc.32x32_block2.affine,0.08792548350337777,0.08792026565799121,0.9197347048017112,0.9196801241125289,0.9197892887301193,0.39251724157872925,0.3938367181012281,0.0,131328,131328,1.0,1.0,0.9196801241125289,0.39251724157872925,0.9955028561616502,1.0,1.000061298924204,131328,0.9197589915591599,0.3924836266671076,0.9999999974470092,0.019317739890507505,3.346799455600886e-05,0.0,0.08792554700341484,0.08792034088460578,0.9196803297896214,0.9197892489947216,0.39251709953957997,0.3938365473917313,0.0
model.enc.32x32_block2.conv0,0.18673160596532712,0.18672863411658652,0.9101474877898119,0.9101330027183032,0.9101619730918555,0.41427779020014505,0.414884156394314,0.0,590074,590080,0.9999898318872017,1.0,0.910133002718303,0.4142655217849438,0.9992950839769523,1.0,1.0000057465429755,590064,0.9101520198364933,0.4142744269470591,0.9999999974202683,0.002995153245537916,4.022265345403762e-05,1.0774848895526986e-07,0.18673094334073062,0.1867280473211409,0.9101319701294972,0.9101602013512333,0.4142810387746026,0.414887154814105,1.0775541245435399e-07
model.enc.32x32_block2.conv1,0.1867358453366802,0.1867346512618473,0.9061193256817957,0.9061135315383068,0.9061251198623352,0.4230194783750705,0.4234162697533742,0.0,590073,590080,0.9999881372017354,1.0,0.9061135315383068,0.4230054597751578,0.9992490950829097,1.0,1.0,590063,0.906128742010015,0.4230020128138644,0.9999999971870994,0.002000938044204001,3.190191928323919e-05,1.257230859334103e-07,0.18673534603292816,0.18673420172813027,0.9061126445625396,0.9061237498899404,0.4230220082952395,0.42341863962450355,1.2572943574215197e-07
model.enc.32x32_block2.norm0,0.005500797457688986,0.00550079491618052,0.9296969631963797,0.9296965336527144,0.9296973927402435,0.3683251705537167,0.37069371418054614,0.0,512,512,1.0,1.0,0.9296965336527144,0.3683251705537167,1.0,1.0,1.0,512,0.929696995097192,0.3683252574301153,1.0000000009957102,1.0841520403066905e-05,1.0926838814010652e-05,0.0,0.0055008647667386355,0.005500862568044504,0.9296881047046547,0.9296888478972587,0.3683466147141549,0.3707140707379434,0.0
model.enc.32x32_block2.norm1,0.00550089056357165,0.005500893197320267,0.9453087806655229,0.945309233266,0.9453083280652624,0.32617696281925795,0.3311970643866144,0.0,512,512,1.0,1.0,0.945309233266,0.3261769628192579,1.0,1.0,1.0,512,0.9453087557666474,0.32617687976089055,0.9999999983701511,1.083384010135472e-05,1.7095344708071635e-06,0.0,0.00550086149754619,0.005500864102411053,0.9453133439129773,0.9453124486307505,0.3261650332201937,0.33118608756441004,0.0
model.enc.32x32_block3.affine,0.08790283150983429,0.08788449814520957,0.8868947929253551,0.886709818615163,0.8870798058225738,0.46187510552651184,0.46197211653980735,0.0,131328,131328,1.0,1.0,0.886709818615163,0.46187510552651184,-0.999271698852285,1.0,1.0000613008030406,131328,0.8868277754359708,0.4621000935496578,0.9999999964306774,0.022615832416509888,4.7040204946227825e-05,0.0,0.08790292561489547,0.08788461665586338,0.8867102060310622,0.8870797003189406,0.4618749632420536,0.4619718454709201,0.0
model.enc.32x32_block3.conv0,0.1867329748766067,0.1867312421931968,0.910562693924701,0.9105542448713162,0.9105711430564849,0.4133671604760042,0.413994343629263,0.0,590077,590080,0.9999949159436009,1.0,0.9105542448713164,0.41336101119436214,0.9994482927726354,1.0,1.0000009577369824,590070,0.9105661099220494,0.41336347128902295,0.9999999973838611,0.0028355333643769244,3.971728468508682e-05,5.388910811808707e-08,0.18673226229087314,0.1867305986357429,0.9105530429865553,0.9105692679973524,0.41337070212154303,0.4139976425748961,5.388869753116209e-08
model.enc.32x32_block3.conv1,0.18673624305441625,0.1867356499096945,0.9084277988742026,0.9084249133649667,0.9084306843926038,0.41804045741266416,0.41854753495941943,0.0,590072,590080,0.999986442516269,1.0,0.9084249133649669,0.41802431023831266,0.999509608606369,1.0,1.0,590065,0.9084375382433421,0.41802062021383607,0.9999999971838104,0.0020959275961872433,3.0148431046851804e-05,1.4310853414311222e-07,0.18673575830299358,0.18673521507252963,0.9084241243505032,0.9084294097421862,0.4180428113645619,0.41854972782967087,1.4311260973507775e-07
model.enc.32x32_block3.norm0,0.00550075544156548,0.005500755446710467,0.8984389968287301,0.8984389976690614,0.8984389959883988,0.4390983595255848,0.4392257514005871,0.0,512,512,1.0,1.0,0.8984389976690614,0.4390983595255848,0.09999973662359252,1.0,1.0,512,0.8984390025172849,0.4390983595502193,1.0000000034201324,6.434909496258737e-08,1.0418056848320545e-05,0.0,0.005500864328782438,0.005500861072365081,0.8984381891337044,0.8984392528546532,0.4390986635607027,0.43922632936591816,0.0
model.enc.32x32_block3.norm1,0.005500805632384662,0.005500807607948754,0.9453085215237449,0.9453088610226646,0.9453081820249469,0.3261776748244594,0.331197777509645,0.0,512,512,1.0,1.0,0.9453088610226646,0.3261776748244594,1.0,1.0,1.0,512,0.9453092188988651,0.32617553145221423,0.9999999961584332,6.056976265639426e-06,4.783004231373932e-06,0.0,0.005500863290249099,0.00550086277828992,0.9453136402556945,0.9453138162142803,0.32616243715176396,0.3311839444564581,0.0
model.enc.32x32_conv,0.014553943683718396,0.014553941009961782,0.8945316037458825,0.8945314394083089,0.8945317680834864,0.4470046269145757,0.4470544794433651,0.0,3584,3584,1.0,1.0,0.8945314394083089,0.4470046269145758,-0.9999387067116151,1.0,1.0,3584,0.8945313348038187,0.447005247980898,0.9999999962729038,6.330762081868858e-06,4.157086427809045e-06,0.0,0.014553919227742658,0.01455391832568981,0.8945317493954736,0.8945318602817546,0.44700427890944056,0.4470540832317898,0.0
model.enc.8x8_block0.affine,0.08783306113003232,0.08782104696817669,0.8931269880036405,0.8930048224767482,0.8932491702431143,0.4497430795937346,0.4498368666234283,0.0,131328,131328,1.0,1.0,0.8930048224767482,0.4497430795937346,-0.9977933063626333,1.0,1.0000613008030406,131328,0.8931596027506635,0.4497398406164422,0.9999999969036732,0.02294470295399796,4.179184567828283e-05,0.0,0.08783319045476089,0.08782114530753458,0.8930047886535162,0.8932497663696014,0.449742362914663,0.4498363194466226,0.0
model.enc.8x8_block0.conv0,0.1867344954554237,0.18673255333172242,0.8926466410795938,0.8926373571484472,0.8926559251072984,0.4507524240881828,0.45078261275573267,0.0,590073,590080,0.9999881372017354,1.0000000000000002,0.8926373571484469,0.4507392763151986,-0.9992643452672879,1.0,1.0,590068,0.8926456694398558,0.45075903614205737,0.9999999967343572,0.0022906753723195257,4.332402730757144e-05,1.2564201038486045e-07,0.18673373036691002,0.18673189401397775,0.8926353442194223,0.8926529009587304,0.4507576668268265,0.4507875712358778,1.2565007683129126e-07
model.enc.8x8_block0.conv1,0.18673763663884296,0.18673633301596773,0.8913056156752925,0.8912993934353074,0.8913118379587156,0.4533998557906362,0.45341615193680335,0.0,590072,590080,0.999986442516269,1.0,0.8912993934353076,0.4533849070365508,-0.9995096236361407,1.0,1.0,590063,0.8913133860898118,0.4533877455057073,0.9999999968166264,0.0019715647916628254,3.5302441269365566e-05,1.4369603003490334e-07,0.18673632336900672,0.18673509083540737,0.891297563605847,0.891309329555297,0.4534042923955721,0.4534203992226132,1.4370310324031397e-07
model.enc.8x8_block0.norm0,0.0055004961587298935,0.005500460602718124,0.8984321122409239,0.8984263046443299,0.8984379198750592,0.4391096069005595,0.43923980602741736,0.0,512,512,1.0,1.0,0.8984263046443299,0.4391096069005595,0.09916646236822879,1.0,1.0,512,0.8984318181685143,0.43911304999737066,0.9999999981370669,0.00010121748655755553,1.69667683666506e-05,0.0,0.005500862274762795,0.005500823560785603,0.8984316618943231,0.8984443079953576,0.4390973392679371,0.43922795513327084,0.0
model.enc.8x8_block0.norm1,0.005500677757436857,0.005500674464698096,0.9257792727413123,0.9257787185642762,0.9257798269186801,0.37806423666068456,0.37996126867230373,0.0,512,512,1.0,1.0,0.9257787185642762,0.3780642366606846,1.0,1.0,1.0,512,0.9257790780682333,0.3780649390955147,1.0000000017387571,1.1169337614766272e-05,8.781149266951104e-06,0.0,0.005500864599535518,0.005500863995026353,0.9257813151127303,0.9257815185874285,0.37805917103172043,0.37995624711226533,0.0
model.enc.8x8_block1.affine,0.08782485773626651,0.08780457272344248,0.8759144995645669,0.8757121885410776,0.8761168573268716,0.4823549251197871,0.48260921372014076,0.0,131328,131328,1.0,1.0,0.8757121885410776,0.4823549251197871,-0.9997548418730081,1.0,1.0001226091221187,131328,0.8758503302471489,0.48258284178643,0.9999999963176873,0.024281628071176835,3.3325615243965234e-05,0.0,0.08782499944868229,0.08780472083511151,0.8757122910868917,0.876116831563176,0.4823548907443506,0.48260913687705614,0.0
model.enc.8x8_block1.conv0,0.18673164877295537,0.18673084843923915,0.8858188628374426,0.8858150662089277,0.88582265948223,0.4640291978697233,0.4640356640149843,0.0,590071,590080,0.9999847478308026,1.0,0.8858150662089278,0.4640127633817767,-0.9996321726336439,1.0,1.0000033521733458,590066,0.8858251567250841,0.4640191715338752,0.9999999964567083,0.002848236408058803,4.498621697644505e-05,1.6167076617354352e-07,0.1867309579172944,0.18673023726477206,0.8858127774809424,0.8858196147715023,0.4640344864854271,0.46404076657927723,1.6166777885915773e-07
model.enc.8x8_block1.conv1,0.18673648463238576,0.18673581869675362,0.8883859847396355,0.8883828165966585,0.8883891528939107,0.45909567503032944,0.4590976159246368,0.0,590076,590080,0.9999932212581345,1.0,0.8883828165966584,0.4590882949681182,-0.9996322177271055,1.0,1.0,590075,0.8883882963560328,0.459092838908892,0.9999999966929538,0.0018601405953658549,3.6965267350368605e-05,7.183232593642926e-08,0.18673537566735093,0.18673477871491712,0.8883810084635927,0.8883866884130535,0.4590999784860205,0.45910174734107406,7.183421434998382e-08
model.enc.8x8_block1.norm0,0.005500470511014608,0.005500469193958525,0.8632842543587954,0.8632840476503372,0.8632844610673032,0.5047179154577243,0.5053160471010646,0.0,512,512,1.0,1.0,0.8632840476503372,0.5047179154577243,-1.0,1.0,1.0,512,0.863284288419404,0.5047179801127352,0.9999999987771939,5.417605189881939e-06,2.5062607902088693e-06,0.0,0.0055008639487038645,0.005500861626515379,0.8632814767779438,0.86328220564657,0.5047219507339838,0.5053202636207782,0.0
model.enc.8x8_block1.norm1,0.005500577655024973,0.005500574362226288,0.9062504036776261,0.9062498611709433,0.9062509461846338,0.42274104588082057,0.42314110126569543,0.0,512,512,1.0,1.0,0.9062498611709433,0.42274104588082057,1.0,1.0,1.0,512,0.9062492663055084,0.4227437484367109,1.0000000017042607,1.1170047763648422e-05,8.79535890841413e-06,0.0,0.0055008639705759355,0.005500863186641876,0.9062505402847204,0.9062507985862602,0.4227406689821961,0.4231405399470645,0.0
model.enc.8x8_block2.affine,0.08774392390946313,0.08771683491816636,0.8911831182348466,0.8909079852038848,0.8914583362332642,0.4535036951902106,0.4536580009610989,0.0,131328,131328,1.0,1.0,0.8909079852038848,0.4535036951902106,-0.9992530628431517,1.0,1.0001072843383654,131328,0.891250992094708,0.4535103847492746,0.9999999968017945,0.02948374636131322,0.00010986301675667289,0.0,0.0877440435015969,0.08771697352085563,0.8909082848841998,0.891458248943624,0.4535035849934628,0.4536577940806077,0.0
model.enc.8x8_block2.conv0,0.18672400940738573,0.18672140747052182,0.8758001612517127,0.8757879572682388,0.8758123654052474,0.4826671573293559,0.48282423893383003,0.0,590073,590080,0.9999881372017354,1.0000000000000002,0.8757879572682387,0.482654867852501,-0.9997547817557626,1.0,1.0000612970454823,590068,0.8758043968004563,0.4826661976902997,0.9999999961947662,0.0038045867709790124,4.76877346418487e-05,1.2574125246679014e-07,0.1867235233967454,0.18672104698883468,0.8757864690504816,0.8758096996284698,0.48267125037781095,0.4828280651299097,1.2574192049860096e-07
model.enc.8x8_block2.conv1,0.18672899560603515,0.1867257286480348,0.8799080727632576,0.8798926781390399,0.8799234676568198,0.4751356478162766,0.4752102560072441,0.0,590075,590080,0.9999915265726681,1.0000000000000002,0.8798926781390399,0.47512673802612027,-0.9997318091920396,1.0,1.0000306489924145,590067,0.8799063916556067,0.4751470740541946,0.9999999964653397,0.0034657242717261068,3.9361279729676696e-05,8.97441976790426e-08,0.1867282475930508,0.18672507912799272,0.879891488460475,0.879921349784969,0.47513896091401614,0.47521334824158123,8.97411826522698e-08
model.enc.8x8_block2.norm0,0.005500709945430227,0.005500715037489822,0.8593635488983054,0.8593643444193286,0.8593627533780185,0.5113655981395757,0.5121586165833931,0.0,512,512,1.0,1.0,0.8593643444193286,0.5113655981395757,-1.0,1.0,1.0,512,0.8593650992318034,0.5113625269980553,1.0000000007598417,1.273395933470093e-05,1.0529700465484195e-05,0.0,0.005500859250331637,0.005500861604585233,0.85937725341313,0.8593765178223438,0.5113429302090532,0.5121354535656265,0.0
model.enc.8x8_block2.norm1,0.005500656352122153,0.005500653719874811,0.9140613291701705,0.9140608917613685,0.9140617665791815,0.40557579943335165,0.4064214073746726,0.0,512,512,1.0,1.0,0.9140608917613685,0.40557579943335165,1.0,1.0,1.0,512,0.914062567859002,0.40557320250665174,0.999999999322073,2.453203462467464e-05,1.13987280308098e-05,0.0,0.005500862373752238,0.005500857678052556,0.9140622796847843,0.9140638402282627,0.4055717465488901,0.4064176684224255,0.0
model.enc.8x8_block3.affine,0.08770229914969123,0.08769393134696551,0.8458502634130278,0.8457695596206718,0.8459309749061837,0.533369513790153,0.5350655403432037,0.0,131328,131328,1.0,1.0,0.8457695596206718,0.533369513790153,-0.9998841122338032,1.0,1.0001533349587168,131328,0.8459189705053685,0.5333114431586472,0.999999995237473,0.0298623304862926,4.056832839292795e-05,0.0,0.08770239259624418,0.08769401499393427,0.8457696917028888,0.8459312959029274,0.5333690950641374,0.5350651316404607,0.0
model.enc.8x8_block3.conv0,0.18666695945953624,0.18665862635301753,0.8730668391958506,0.8730278641196505,0.873105816012037,0.48757878062879806,0.4878237319954049,0.0,590069,590080,0.9999813584598698,1.0,0.8730278641196505,0.48755967033555003,-0.9991720077279279,1.0,1.0001839926402945,590066,0.8730341571754564,0.4876590614015082,0.9999999960620416,0.008707214360733078,4.570626747578201e-05,1.9739692461404586e-07,0.18666735746506358,0.1866590850580621,0.8730285446725312,0.8731059286099642,0.48757822915583676,0.48782300927292743,1.9739925479850034e-07
model.enc.8x8_block3.conv1,0.18668818645305238,0.18668306606265217,0.8790687074139263,0.8790445967561706,0.8790928187329952,0.4766820142026208,0.4767757191003591,0.0,590073,590080,0.9999881372017354,1.0,0.8790445967561706,0.476669585679175,-0.9991084284256272,1.0,1.000122624156959,590066,0.8790654356969982,0.4767011219785502,0.9999999963576875,0.007457786264883736,4.121829877494655e-05,1.2553885163976463e-07,0.1866882639459391,0.1866832212093885,0.879044863040755,0.8790923536668716,0.4766823957537681,0.4767759050696686,1.255371433408022e-07
model.enc.8x8_block3.norm0,0.005500799504968448,0.005500809921321693,0.8359375442112472,0.8359391271485536,0.8359359612769384,0.5488256215957757,0.5512754785440677,0.0,512,512,1.0,1.0,0.8359391271485536,0.5488256215957757,-1.0,1.0,1.0,512,0.8359410049440517,0.5488193179777214,0.9999999962283209,4.585862645915132e-05,3.6047772674643556e-05,0.0,0.005500853570942832,0.005500854806017827,0.835942543958815,0.8359421685802045,0.5488173760443493,0.5512675586596929,0.0
model.enc.8x8_block3.norm1,0.005500803884101831,0.005500738842736929,0.8515808977865205,0.851570828715693,0.8515909669764057,0.5242170121917612,0.5254764186341008,0.0,512,512,1.0,1.0,0.851570828715693,0.5242170121917612,-1.0,1.0,1.0,512,0.8515592162694118,0.5242584303218674,0.9999999964850592,0.00024973482066878027,1.6789913503130776e-05,0.0,0.005500850808289992,0.0055007879713608295,0.8515761513119645,0.8515956069740286,0.5242091303944544,0.5254680045783408,0.0
model.enc.8x8_down.affine,0.08790629070368278,0.0878783894896247,0.9304522989303954,0.9301569759386564,0.9307477156865974,0.3662967463320306,0.3689127446601041,0.0,131328,131328,1.0,1.0,0.9301569759386564,0.3662967463320306,0.9957115118940636,1.0,1.0000306485227413,131328,0.9303428370421234,0.36669088552867113,0.9999999978815219,0.02384197983419805,3.0765183066535924e-05,0.0,0.08790639670718789,0.08787848891046691,0.9301568414727672,0.9307477198605577,0.3662968844662526,0.36891294632439026,0.0
model.enc.8x8_down.conv0,0.18673286973478956,0.18673059611037404,0.8931973133901587,0.8931864379871165,0.8932081889256193,0.44965946617309516,0.4496967310661229,0.0,590073,590080,0.9999881372017354,1.0,0.8931864379871165,0.44964627961221587,-0.9991417361451692,1.0,1.0,590067,0.8931990241291735,0.4496615429475249,0.9999999967667317,0.0024294879290076084,4.345377016375629e-05,1.2570492629359964e-07,0.18673217107864404,0.18672996030375857,0.8931842815237112,0.8932054312209928,0.4496644980589043,0.4497015823836062,1.256997466309428e-07
model.enc.8x8_down.conv1,0.18673706828061376,0.18673682551246248,0.8935628424470515,0.8935616807676843,0.893564004127929,0.44893754861742174,0.44897435287380066,0.0,590077,590080,0.9999949159436009,1.0,0.8935616807676843,0.4489318870439847,-0.9993868792152054,1.0,1.0,590074,0.8935696851764424,0.44892451212245305,0.9999999967962758,0.00206276015742531,3.6281221283602004e-05,5.3886905888525357e-08,0.1867357680431306,0.1867355930784363,0.8935597315636203,0.8935614060325949,0.4489422370425905,0.44897884903056795,5.389241169702913e-08
model.enc.8x8_down.norm0,0.005500460206470985,0.0055004629179273515,0.9140655799202092,0.9140660305095859,0.9140651293310545,0.40556661323428833,0.4064120655440581,0.0,512,512,1.0,1.0,0.9140660305095859,0.40556661323428833,1.0,1.0,1.0,512,0.9140664948605337,0.405564345916123,0.9999999974282079,1.083988006372741e-05,4.973167253639373e-06,0.0,0.005500862572591178,0.005500863095323644,0.9140635171563409,0.9140633434342742,0.40557129664032526,0.4064168050746388,0.0
model.enc.8x8_down.norm1,0.005500820334554843,0.005500825602763917,0.9023463246378723,0.9023471888269943,0.9023454604495779,0.4310121416429464,0.4312550373993788,0.0,512,512,1.0,1.0,0.9023471888269943,0.4310121416429463,1.0,1.0,1.0,512,0.9023462310177804,0.4310119191754282,0.9999999969137046,1.5324193567075974e-05,1.1248268343030594e-05,0.0,0.005500862007879313,0.005500863101108809,0.9023449140270993,0.9023445553670275,0.4310151431274416,0.4312583441160915,0.0
model.enc.8x8_down.skip,0.062356524519969446,0.062356540645280754,0.8977444110603072,0.8977446432157747,0.8977441789048997,0.44051682462159386,0.44062756104496204,0.0,65792,65792,1.0,1.0,0.8977446432157747,0.44051682462159386,-0.9998161201348452,1.0,1.0,65792,0.8977438158520169,0.44051792359679576,0.9999999969179122,0.00018665518275132588,9.008871330804447e-06,0.0,0.062356379032858136,0.06235639591472643,0.8977439418631313,0.8977434557672718,0.4405182814732607,0.440629003148857,0.0
model.map_layer0,0.06211099308297819,0.06215498230244254,0.87037940665819,0.8709958403816952,0.8697634092060401,0.49273037143299164,0.49271460224030955,0.0,66048,66048,1.0,1.0,0.8709958403816952,0.49273037143299164,-0.9999693524165619,1.0,1.0009772531691676,66048,0.8709327374533276,0.4914022466387099,0.9999999973940688,0.03493294336436076,1.532946243596566e-05,0.0,0.062111026242795984,0.06215500666958793,0.8709958135476219,0.869763629146983,0.4927301305911584,0.49271441156655427,0.0
model.map_layer1,0.12431693405784246,0.1242997462165717,0.8703913095857048,0.870270970809769,0.8705116650017694,0.4922925349716834,0.49266610208228206,0.0,262656,262656,1.0,1.0,0.870270970809769,0.4922925349716834,-0.9999386960261608,1.0,1.000122639195487,262656,0.8703495633743145,0.49243439912440273,0.9999999958822757,0.02123075251519913,1.3242440161083212e-05,0.0,0.12431695663296112,0.12429976590831078,0.8702710182006114,0.8705117527484929,0.49229240413819536,0.492665968341499,0.0
