layer,update_reference_l2,update_probe_l2,update_cosine,s_K_star_layer,c_K_star_layer,R_opt_layer,layer_residual_with_global_c_star,support_atol,support_coordinate_count,coordinate_count,support_coordinate_coverage,support_energy_coverage,h_update_weighted_mean,h_update_weighted_std,h_update_p05,h_update_p50,h_update_p95,h_moment_coordinate_count,h_moment_weighted_mean,h_moment_weighted_std,h_moment_p50,h_update_minus_moment_weighted_rmse,h_update_minus_moment_eps_weighted_rmse,off_support_candidate_energy_exact,predicted_reference_l2,predicted_probe_l2,s_K_star_predicted_layer,c_K_star_predicted_layer,R_pred_layer,predicted_layer_residual_with_global_c_star,predicted_off_support_candidate_energy_exact
model.dec.16x16_block0.affine,0.008603881563003617,0.008525485707241787,0.9971821332994565,0.9880961241397573,1.0063516925920155,0.07433507188745771,0.07507095088238361,0.0,131285,131328,0.9996725755360624,1.0,0.9880961241397573,0.07432094651337046,0.5175869197519264,0.98778071334214,1.3977847598538469,131285,0.9880965197619157,0.07434072495033435,0.9877729832538491,0.0009792551827179097,0.0009792552040149693,7.418876517105498e-09,0.008603886810248053,0.00852549355961894,0.988096549407382,1.0063514994079767,0.07433352923009533,0.07506934576617631,0.0
model.dec.16x16_block0.conv0,0.0219363775811935,0.021741960024310895,0.9961444382553543,0.9873158170634107,1.005052005363897,0.08695080214314267,0.08774140303942016,0.0,1179004,1179904,0.9992372260794099,1.0000000000000002,0.9873158170634104,0.08691667823927954,0.4523809523809524,0.9879518072289156,1.5185185185185186,1179004,0.987316294316197,0.08694856236928879,0.9878770909984003,0.001820070059165697,0.0018200700591097273,1.3626167929079483e-07,0.02193636694365539,0.021741950940603064,0.987316308786153,1.0050523709802546,0.08694597698498625,0.08773652707800686,0.0
model.dec.16x16_block0.conv1,0.015213877087275224,0.015070972768019447,0.995916310520276,0.9865616442787785,1.0053596785484256,0.08943322689512542,0.09029956611582365,0.0,589479,590080,0.9989814940347072,1.0000000000000002,0.9865616442787783,0.08938581012464157,0.4357472356800112,0.9865771812080537,1.5320352117705873,589479,0.9865618453575405,0.08941483266107712,0.9865104084789958,0.0021444995455231837,0.0021444995454862367,9.366824225139924e-08,0.015213873191689854,0.015070960742292874,0.98656201583484,1.0053611467641768,0.08942318178846276,0.09028949580578319,0.0
model.dec.16x16_block0.norm0,0.0008036367334745236,0.0007934183227906021,0.997938634667498,0.9852496343000108,1.0107910562885647,0.0633593921887743,0.0645752808457807,0.0,1022,1024,0.998046875,1.0,0.9852496343000108,0.06333559850073417,0.6334848484848484,0.9861764619496578,1.4594373061586177,1022,0.9852290652682625,0.06343104374190235,0.9861995230558821,0.0019954321188596015,0.001995432118934735,9.29196590430528e-11,0.0008036273748872147,0.000793389317140327,0.9852281936332992,1.0108194238998292,0.06330951689203022,0.0645297079108782,0.0
model.dec.16x16_block0.norm1,0.0005224087727614531,0.0005192639487880545,0.997283328960812,0.9912798300061367,1.003323186972343,0.07321769883451572,0.07366139657077263,0.0,512,512,1.0,1.0,0.9912798300061367,0.0732176988345157,0.48928571428571427,0.9903161592505855,1.3917866004962773,512,0.9913194938597663,0.07343226413411537,0.989951956961432,0.003189344013194066,0.0031893440131585847,0.0,0.000522375739285273,0.0005192587432552647,0.9913342230754363,1.003271466800955,0.07319931276144576,0.07363913938621992,0.0
model.dec.16x16_block0.skip,0.007262397574189202,0.007185863708885946,0.9957872773392205,0.9852932981021936,1.0063930239052643,0.09072720143179733,0.09173745635025116,0.0,131308,131328,0.9998477095516569,1.0000000000000002,0.9852932981021935,0.09072194140545654,0.41581779982600015,0.9848557765723811,1.552058129393053,131308,0.9852925037537458,0.09072913221610872,0.9848370682446832,0.0008383134997628823,0.0008383134998348865,2.4025349909418635e-09,0.007262401660828742,0.007185861449939812,0.9852924928482609,1.006393966765058,0.09072648200145789,0.09173682312466748,0.0
model.dec.16x16_block1.affine,0.008569133623958865,0.008452936553204858,0.9975346844036524,0.9840081584571846,1.0112471507842598,0.06922359027620846,0.07058756411495914,0.0,131287,131328,0.9996878045808967,1.0000000000000002,0.9840081584571844,0.06921148187273317,0.46938775510204084,0.9804381846635368,1.3555555555555556,131287,0.9840079782119423,0.06922531101871394,0.9804682090410936,0.0009063383424110581,0.0009063383416671866,5.8745375830409e-09,0.008569131449467048,0.008452931143210395,0.9840078132502732,1.0112475772202723,0.06922306784474595,0.07058705517288887,0.0
model.dec.16x16_block1.conv0,0.021847100730781097,0.02160506924070743,0.9959221580297688,0.984888908040414,1.007079008360577,0.08921725294311841,0.0902852123505684,0.0,1178992,1179904,0.9992270557604687,0.9999999999999999,0.9848889080404143,0.08918490339171167,0.4383561643835616,0.9853177839923354,1.5294117647058822,1178992,0.9848886074395037,0.08921638818596714,0.9852722877388866,0.0018541267482980492,0.0018541267475918677,1.3146883822269872e-07,0.021847100151738727,0.021605051131782137,0.9848886716038473,1.007080401440612,0.08921096552310445,0.09027896633685852,0.0
model.dec.16x16_block1.conv1,0.0152362562932934,0.015047977275201437,0.99570183248142,0.9833976443840795,1.0081599695388779,0.09147224839987883,0.09272988391741495,0.0,589495,590080,0.9990086090021691,1.0,0.9833976443840795,0.09143089440615895,0.42105263157894735,0.984007996001999,1.5461350497645785,589495,0.9833937034594867,0.09146552730352674,0.9839630429658494,0.002191707811103209,0.0021917078105172304,8.380347070856918e-08,0.015236292785363557,0.015047939452295479,0.9833937621507315,1.0081658868047743,0.09146164117708148,0.09271987382376759,0.0
model.dec.16x16_block1.norm0,0.0007119851514205455,0.0007024689021103781,0.997143175947831,0.9838155622450464,1.0106513369948815,0.07452509078677273,0.07586136254494458,0.0,1023,1024,0.9990234375,1.0,0.9838155622450464,0.07450985463702063,0.5436131934032983,0.9834710743801653,1.4701960784313726,1023,0.9838056387904108,0.0745285704725778,0.9831516408696277,0.001714898182461668,0.0017148981825418316,5.493790060209692e-11,0.0007119956387389592,0.0007024740890308999,0.9838049846333624,1.0106553188132077,0.07456876401656047,0.07590630221678545,0.0
model.dec.16x16_block1.norm1,0.0005169147186468829,0.0005105390984070631,0.9970804928265755,0.9847825134085483,1.009532049603773,0.07541585633554344,0.07658792757333682,0.0,512,512,1.0,1.0,0.9847825134085483,0.07541585633554343,0.5701581576026636,0.990835286240375,1.4770833333333329,512,0.9850175990830183,0.07531769214339905,0.9898097278308723,0.0031058849908201704,0.003105884990502966,0.0,0.0005168719710500051,0.0005106039457577911,0.9850093929354192,1.009341203701215,0.07516561691316753,0.07630504449584524,0.0
model.dec.16x16_block1.skip,0.0072922636811604,0.007194013125003006,0.9956246068653798,0.9822102988225657,1.0092221176912262,0.09218427141707794,0.09361222889567479,0.0,131308,131328,0.9998477095516569,1.0,0.9822102988225657,0.0921756189121885,0.38828984994608967,0.9818916937285889,1.5642492039090803,131308,0.9822116145987457,0.09217860850462606,0.9818913052771676,0.0006661976027436776,0.0006661976027147998,4.048553319171258e-09,0.00729225385236766,0.00719401250564527,0.9822116235014571,1.0092209320364827,0.09218347803084279,0.09361120832811154,0.0
model.dec.16x16_block2.affine,0.00833554162339672,0.008194740142686913,0.9965280555777051,0.9796950011544189,1.0136503344237795,0.08185127578524612,0.08385079397143193,0.0,131285,131328,0.9996725755360624,1.0,0.9796950011544189,0.08184359232203622,0.6029640303375401,0.9786450662739322,1.5833333333333333,131285,0.9796954951765342,0.08185453891248959,0.9786533581768134,0.0008873426141479104,0.0008873426282489288,4.170869199400256e-09,0.008335539303629699,0.0081947413136489,0.9796954650220324,1.0136499604893547,0.08185069708047733,0.0838500718194314,0.0
model.dec.16x16_block2.conv0,0.02156220385042687,0.021290091220876238,0.9954696214095357,0.9829069048060489,1.0081929044386804,0.09388023825006002,0.0951918646358613,0.0,1179001,1179904,0.9992346834996746,1.0,0.9829069048060489,0.0938453332781267,0.4036697247706422,0.9834254143646409,1.5524475524475525,1179001,0.9829063413309874,0.09386830982231767,0.9833902710698001,0.0017692878970045503,0.001769287896819497,1.4539981850213799e-07,0.021562224286484282,0.021290087206930063,0.9829062259082422,1.0081944993113803,0.09387554583430054,0.0951872772998713,0.0
model.dec.16x16_block2.conv1,0.015076546433444577,0.014856529370313653,0.9953950185806557,0.9808688875724663,1.0101362736331903,0.09445911650080618,0.0960792445559333,0.0,589518,590080,0.9990475867678958,1.0,0.9808688875724662,0.09441348888382556,0.40816326530612246,0.9814814814814815,1.5555555555555556,589518,0.9808700364108758,0.09444946072723014,0.9813975195882025,0.0022407423741417115,0.0022407423734560534,9.349046902312713e-08,0.015076522699035127,0.014856507852167213,0.9808702303477408,1.0101374021946654,0.09444646605247531,0.0960664655977027,0.0
model.dec.16x16_block2.norm0,0.0007219703247693484,0.0007052456265684209,0.9967663570077769,0.9736759114231626,1.020404385901212,0.07849296149662306,0.0820289603602626,0.0,1021,1024,0.9970703125,1.0,0.9736759114231626,0.07838116969208041,0.5984848484848485,0.9749430523917996,1.625,1021,0.973711631326747,0.07848482668167815,0.9755052619613449,0.002649892389907444,0.0026498923898965626,4.362815378061585e-10,0.0007219412207252889,0.0007052376164156719,0.9737060958607242,1.0203769277086203,0.0784705267531503,0.0819987901424707,0.0
model.dec.16x16_block2.norm1,0.0005136744398753192,0.0005051407673980547,0.9966758142313701,0.9801180408550545,1.013513308873649,0.0801163002086581,0.08205993552951203,0.0,512,512,1.0,1.0,0.9801180408550545,0.0801163002086581,0.4823627984918308,0.9751865815188121,1.305618776671408,512,0.9802020940510978,0.08046470989951791,0.9729551957499346,0.003940791820092292,0.003940791820214643,0.0,0.0005136861074585941,0.0005051890511337773,0.9801795249048671,1.0134291871370724,0.08024360270039771,0.08217273283619887,0.0
model.dec.16x16_block2.skip,0.007226594070578305,0.007120545353315275,0.9955154029175727,0.9809064280029837,1.010341954292018,0.09321136197105812,0.0948378717570889,0.0,131309,131328,0.9998553240740741,1.0,0.9809064280029836,0.09320537505391926,0.3931203931203931,0.9806565064478312,1.5720368340828625,131309,0.9809084173277622,0.09321407408135643,0.9807001102472745,0.0008372033343136148,0.0008372033341777056,2.781776993806968e-09,0.0072265884943287445,0.007120553764605891,0.9809083826688381,1.0103400214223832,0.09321113303363954,0.09483728605176606,0.0
model.dec.16x16_block3.affine,0.00917349933279127,0.008957572557857337,0.99702892001089,0.9735607502968245,1.0210628017152554,0.07521503297210272,0.07890915467731356,0.0,131296,131328,0.9997563352826511,1.0,0.9735607502968245,0.07520538474813056,0.5979370793218028,0.9740477413235225,1.4111111111111112,131296,0.9735599388385328,0.07521130326778892,0.9740546854151848,0.0007795590136007055,0.0007795590036690829,5.828960002791196e-09,0.009173497743074351,0.008957564187844966,0.9735600661261697,1.021063638449384,0.07521424028542362,0.07890848557215922,0.0
model.dec.16x16_block3.conv0,0.021625777819275084,0.02128431087274586,0.9954907695415482,0.9797721583445719,1.0114615564467822,0.0933606645167876,0.09517966817547159,0.0,1179025,1179904,0.999255024137557,0.9999999999999998,0.9797721583445722,0.0933272485475399,0.40585978660064864,0.9805194805194806,1.5535992759676986,1179025,0.9797718526264094,0.09335037732745236,0.9804833794673696,0.0018465574177865005,0.0018465574172313738,1.3924531050509243e-07,0.021625793057703426,0.021284311001843165,0.979772113935156,1.0114629237679482,0.0933538822058917,0.09517293505544655,0.0
model.dec.16x16_block3.conv1,0.014867276403329204,0.014644732742003522,0.9955382448801872,0.9806363408599075,1.010666600576972,0.09294647588730603,0.09462089320978216,0.0,589437,590080,0.9989103172451194,1.0,0.9806363408599075,0.09289970591871179,0.4117647058823529,0.9811565951916829,1.55,589437,0.9806356172283478,0.09292908550787135,0.9811431851373512,0.002202495975687624,0.0022024959745441264,9.169600049821357e-08,0.014867270857649367,0.01464470474481894,0.9806358357484279,1.0106691903214071,0.0929357412067985,0.09461032182612654,0.0
model.dec.16x16_block3.norm0,0.0008069955278954422,0.0007825734070495191,0.9975883107036819,0.9673982768852514,1.0287204985074312,0.06730814626322934,0.07358406293844612,0.0,1024,1024,1.0,1.0,0.9673982768852514,0.06730814626322934,0.495873786407767,0.9641499954725623,1.3362244897959181,1024,0.967395432721557,0.06722856446717101,0.9642164138290119,0.0015953826523729979,0.0015953826522829436,0.0,0.0008069923017295939,0.0007825668612973999,0.9673973390452638,1.0287284854181562,0.06726060043859709,0.07354047645501119,0.0
model.dec.16x16_block3.norm1,0.0005683311258330791,0.0005543004811414631,0.9974725101108394,0.9728474601305047,1.0227208778376713,0.06929931357678201,0.07347901677202257,0.0,511,512,0.998046875,1.0,0.9728474601305047,0.06929423438880684,0.5859853121175032,0.9688888888888889,1.2426470588235294,511,0.9729359244573182,0.06936026994086815,0.969125449760407,0.0027601991026868795,0.0027601991025470183,1.0851930983130256e-11,0.0005682994280503155,0.0005543124503046702,0.9729257451978557,1.0226449239113493,0.06926233877637346,0.07341843307998651,0.0
model.dec.16x16_block3.skip,0.007242471062487093,0.007143978217036431,0.9956322865934768,0.9820923419967957,1.0093589041656423,0.09209174043074755,0.09353867723180148,0.0,131309,131328,0.9998553240740741,1.0,0.9820923419967957,0.09208361733297805,0.4044448116325182,0.9820286323484618,1.5602839678381464,131309,0.9820923882348821,0.09209028572400257,0.9820180141683119,0.0008141591100981571,0.0008141591100815004,3.745360110660847e-09,0.007242475037858512,0.00714398221852402,0.9820923821401643,1.0093589227669912,0.0920914309080118,0.09353833307858178,0.0
model.dec.16x16_block4.affine,0.009187434626331177,0.008948751678419296,0.9967055196003136,0.9708118266061414,1.0232898545072655,0.07899846783813358,0.08335937968938678,0.0,131292,131328,0.9997258771929824,1.0,0.9708118266061412,0.07899020969710764,0.4750232512604631,0.967630514654873,1.6169354838709677,131292,0.970812036608187,0.07898612779493691,0.9676158017911846,0.000644670678277446,0.0006446706787433267,5.2561000516235625e-09,0.009187439747330798,0.008948758116693043,0.9708120728506756,1.023289782376083,0.07899738806516703,0.08335815773557657,0.0
model.dec.16x16_block4.conv0,0.021528696860513594,0.02119527286743568,0.995157288651677,0.9797448687048192,1.0108121622170285,0.09677298354618791,0.0985569143296444,0.0,1179045,1179904,0.9992719746691257,1.0,0.9797448687048191,0.0967375647138358,0.3776364870066459,0.9796380090497737,1.5728155339805825,1179045,0.979745047170481,0.09676890724015659,0.9796280014739469,0.0018394232930844434,0.0018394232922161124,1.5161466453365436e-07,0.021528692503195064,0.021195259616118903,0.9797449134676883,1.0108130631543217,0.09676829548221182,0.09855223430454413,0.0
model.dec.16x16_block4.conv1,0.01523214724280241,0.014982038539641215,0.9958164175931813,0.9794653182490921,1.0124404806091627,0.08987610441337832,0.0917964518752702,0.0,589496,590080,0.9990103036876355,0.9999999999999999,0.9794653182490921,0.08983590384166197,0.4226650711831124,0.980294842074761,1.5333333333333334,589496,0.9794660855404753,0.08986334232476076,0.9802625859437553,0.002117243698310683,0.0021172436973903243,8.00015545779586e-08,0.015232125000073591,0.014982012906772877,0.9794663126276105,1.012442016017992,0.08986256860971716,0.09178287190848138,0.0
model.dec.16x16_block4.norm0,0.0008075508665890337,0.0007869905953720839,0.9967089950300286,0.9713327517368373,1.0227481972551862,0.07899894859955338,0.08319973124965015,0.0,1023,1024,0.9990234375,1.0,0.9713327517368373,0.0789955005094649,0.341187270501836,0.9663677130044843,1.3878733031674206,1023,0.9713759921086188,0.07918267681575565,0.965310343869048,0.002510594524125761,0.0025105945241498625,1.6956142161141024e-11,0.0008075648148814137,0.0007870360113613331,0.9713719397401547,1.022706750828977,0.07900322759124181,0.08319178734854786,0.0
model.dec.16x16_block4.norm1,0.0006115271152431931,0.0005996262631299719,0.9974225946395429,0.9780118792398341,1.0172185567630656,0.0703544011411493,0.07299656433120445,0.0,509,512,0.994140625,1.0,0.9780118792398341,0.06989269625444999,0.5294471153846154,0.9798994974874372,1.5090909090909086,509,0.9779737298160053,0.06981542184369881,0.9785892213811992,0.0030824782616930687,0.003082478261788029,1.155730649703372e-09,0.0006115466093042566,0.0005996201935378849,0.9779726300514738,1.0172631796641323,0.07032605859202272,0.07297898137442883,0.0
model.dec.16x16_block4.norm2,0.0005962927547148673,0.0005856016698682221,0.998083462207388,0.9801885693143911,1.016305054678075,0.06077266486073508,0.06314245565922426,0.0,511,512,0.998046875,1.0,0.9801885693143911,0.06076706946564244,0.7250857796416317,0.9818982387475538,1.323289882945129,511,0.9801829043461115,0.06091837172979724,0.9818437038575836,0.0022692820736817053,0.0022692820736822453,1.154077425842661e-11,0.0005962895807555068,0.0005855951413958323,0.9801835422519379,1.016311683452474,0.06076129303718144,0.06313264085486497,0.0
model.dec.16x16_block4.proj,0.005490089021759781,0.005386484942172057,0.9969658388204503,0.9781519857659715,1.016141559020226,0.07637139176531049,0.07881867701182495,0.0,65736,65792,0.9991488326848249,1.0,0.9781519857659715,0.07633599379155907,0.5,0.9777777777777777,1.4375,65736,0.9781508332043787,0.07633569289796631,0.9777201740164849,0.001674476457135937,0.0016744764572216404,7.776139783043527e-09,0.005490095293803191,0.0053864765527070185,0.9781500949066161,1.0161450817569098,0.07636157803056659,0.0788094651370581,0.0
model.dec.16x16_block4.qkv,0.009119500367868417,0.008995277208964007,0.9964232923390842,0.9828503065408253,1.0101837186277756,0.0833511397840742,0.0847572016483492,0.0,197263,197376,0.9994274886511024,1.0,0.9828503065408254,0.08333253592016285,0.47369443025038327,0.9830827067669173,1.4956444786456324,197263,0.9828507977234794,0.08334483201069362,0.9830590615757632,0.001435320384184699,0.0014353203837774542,1.2308500686333247e-08,0.009119496643561386,0.008995274220817823,0.9828506874787285,1.0101839562099937,0.08334753726070308,0.08475353304298926,0.0
model.dec.16x16_block4.skip,0.0074076446672053375,0.0072986974104537975,0.9962560070694202,0.9816036629210872,1.011127065956859,0.08518062950531735,0.08677613341903516,0.0,131314,131328,0.9998933966861598,1.0000000000000002,0.9816036629210872,0.08517473426641614,0.4526665769282542,0.9820375784310599,1.5204419622738679,131314,0.9816023986402072,0.08517866787471652,0.982035767158955,0.000713108494375398,0.0007131084944057549,2.6301731865030912e-09,0.007407646697615108,0.007298690033626995,0.9816023824522078,1.0111283451709474,0.08518074251728168,0.08677642283119713,0.0
model.dec.16x16_up.affine,0.00695247036280003,0.006966342987620144,0.9955947442723312,0.9975813061186163,0.9936121384223592,0.09394797962163787,0.09428535874321571,0.0,131255,131328,0.9994441398635477,1.0,0.9975813061186163,0.09391458646195738,0.43804659076235986,1.0032118591723287,1.6642728935949054,131255,0.997582066651615,0.09393953859439955,1.0032811798029415,0.0016463094772088277,0.0016463094498332864,1.4472477991101829e-08,0.006952461703557219,0.006966338597203091,0.997582384800466,0.9936119901533708,0.0939431006685681,0.09428052950560485,0.0
model.dec.16x16_up.conv0,0.015445873025486495,0.015323417362435856,0.9959109353287854,0.9880153030311589,1.0038696648367365,0.08962429215420122,0.09034116979889939,0.0,589592,590080,0.9991729934924078,1.0,0.9880153030311589,0.08959080956948745,0.44072214635713736,0.9885496183206107,1.5340909090909092,589592,0.9880134641078075,0.08961902610500817,0.9884981795899919,0.0018222991367190867,0.0018222991368021663,6.832589685803733e-08,0.015445877386031715,0.015323385946603495,0.9880135646755902,1.0038725816367573,0.08961784127785885,0.0903348872258223,0.0
model.dec.16x16_up.conv1,0.015518946784755561,0.015379763479890332,0.9961391202354097,0.9872051418680053,1.005153949042185,0.08700134251742696,0.08780355712692783,0.0,589547,590080,0.9990967326464208,1.0,0.9872051418680053,0.08696172301438111,0.45454545454545453,0.9876543209876543,1.515115497156059,589547,0.9872065256699744,0.08699315572196417,0.9876035808809865,0.0018342917164826686,0.0018342917156963662,7.922411649479107e-08,0.015518948452789023,0.015379774934541287,0.9872064373745723,1.0051539869263002,0.08699383646906055,0.08779591988144533,0.0
model.dec.16x16_up.norm0,0.0003861372391604321,0.000381574868906459,0.9938597080353772,0.9821168469261459,1.005742974827967,0.10934020558843605,0.11066929078558535,0.0,512,512,1.0,1.0,0.9821168469261459,0.10934020558843605,0.18966090425531923,0.9761498456037705,1.7809782608695648,512,0.9821174466224838,0.10937769752545431,0.9774570654426895,0.005077274421023885,0.0050772744209954535,0.0,0.0003861384748019249,0.00038157420476692583,0.982125876251149,1.0057621593017418,0.10921490689684253,0.11054343225735298,0.0
model.dec.16x16_up.norm1,0.00043609505814601866,0.00043634854207465895,0.9963417390043521,0.9969208710388787,0.9957629433996498,0.08550807919478143,0.08581044467705837,0.0,510,512,0.99609375,1.0,0.9969208710388787,0.08543814036672426,0.6691919191919192,1.011678583588696,1.6126623376623346,510,0.9967501846349356,0.08606371001797791,1.0120471836871898,0.005018634681879834,0.005018634681930872,1.0851930983130256e-10,0.0004361722183268071,0.00043634849976133597,0.9967268283844103,0.9959216511299105,0.08569774836190082,0.08600006421754375,0.0
model.dec.16x16_up.skip,0.005140699687582823,0.00509597090574212,0.9957577877160272,0.9870937856229826,1.0044978362125254,0.09121259697717661,0.09201826694952894,0.0,65787,65792,0.999924002918288,1.0,0.9870937856229828,0.09121027116990335,0.4226669389599555,0.9867865663424481,1.5473533769428602,65787,0.9870938487114425,0.09121232330389699,0.986784527609857,0.0004119069298405598,0.0004119069299126621,5.351361777802623e-10,0.00514070141938194,0.005095972789284788,0.9870937995521168,1.004497784624705,0.09121279889563416,0.09201846175962557,0.0
model.dec.32x32_aux_conv,0.0022093158915972313,0.0021676128776813007,0.9989991551756635,0.9801420619782871,1.0182190426838327,0.04388474560439226,0.04699549361522202,0.0,6913,6915,0.999710773680405,0.9999999999999998,0.9801420619782871,0.043883518253386135,0.7207628361858192,0.9840891010342084,1.217485920048121,6913,0.9801425347946142,0.04388712334101621,0.9840858819119398,0.00025286346918619086,0.0002528634694713084,2.5095090398488714e-11,0.0022093175185110016,0.0021676152829735135,0.9801424003393224,1.0182186340649406,0.043885375926265256,0.04699581389932526,0.0
model.dec.32x32_aux_norm,0.0006624340894808447,0.0006497024098674109,0.9993490569811085,0.9801420260968101,1.018932472129695,0.035382425592524185,0.0391134922694815,0.0,510,512,0.99609375,1.0,0.9801420260968101,0.035382425592524185,0.8244817800953227,0.985969468658661,1.2420168055343435,510,0.9801449710406959,0.035367365360834596,0.9859268683279122,0.0010582153606128431,0.0010582153614538403,0.0,0.0006624122425423798,0.000649684844060979,0.9801483536284293,1.0189269384849842,0.03536871981179405,0.03909814935831873,0.0
model.dec.32x32_block0.affine,0.009062397052157438,0.00887928614070952,0.9976660497645693,0.9775076370795344,1.0182401743955427,0.06690247830569306,0.06978807361635832,0.0,131295,131328,0.9997487207602339,1.0,0.9775076370795344,0.06689471309680292,0.6700404858299596,0.9822742474916388,1.345679012345679,131295,0.977505440269699,0.06689854497038289,0.9822797085879081,0.0006852337940271926,0.0006852338037229905,4.072425547168769e-09,0.009062402012230818,0.008879270017504621,0.9775054728816486,1.0182427325218988,0.06690018997101033,0.0697863536957077,0.0
model.dec.32x32_block0.conv0,0.022021734855494596,0.021630091538263854,0.996611960745871,0.9788878160833555,1.0146570260479697,0.08078446979284962,0.08297101586868738,0.0,1179096,1179904,0.9993151985246257,0.9999999999999999,0.9788878160833557,0.08075802748887147,0.4909090909090909,0.9802261229746765,1.4705882352941178,1179096,0.9788887232278076,0.0807792906302263,0.9801993942134598,0.0016092364670808558,0.0016092364664568434,9.886805387219154e-08,0.022021742999930774,0.021630111909135104,0.9788886950539416,1.0146567764758025,0.08078064930213348,0.08296701581071561,0.0
model.dec.32x32_block0.conv1,0.014969401307080358,0.014752751451499183,0.9962629045746635,0.9818441439329207,1.0108934102878908,0.08512253651014824,0.08667746225102205,0.0,589450,590080,0.9989323481561823,1.0,0.9818441439329207,0.08508254801026101,0.4528301886792453,0.9822281355270925,1.5086206896551724,589450,0.981844692425872,0.08511241813119902,0.9821952979101042,0.002214551640488038,0.00221455163908627,7.279194864788813e-08,0.014969387143655661,0.014752728758864445,0.981844694700419,1.010895174328903,0.08510942741154405,0.08666436149040986,0.0
model.dec.32x32_block0.norm0,0.0007659850821434756,0.0007430205237917671,0.9978040359578417,0.9678894468339871,1.0286431962146665,0.06424947062525242,0.07057510842318586,0.0,1024,1024,1.0,1.0,0.9678894468339871,0.06424947062525244,0.5236152471709351,0.9698484848484848,1.3298850574712622,1024,0.9678907289567711,0.06429321110280427,0.9699270167190512,0.0015652414119428578,0.001565241412299451,0.0,0.0007659732372950254,0.0007430069544440412,0.9678858549670696,1.0286451370439593,0.06426258892464771,0.0705884298246057,0.0
model.dec.32x32_block0.norm1,0.0005264831420684179,0.0005172055918260154,0.9977241282366821,0.9801424907859426,1.015621142255987,0.06624001059760505,0.068467574893831,0.0,512,512,1.0,1.0,0.9801424907859426,0.06624001059760505,0.571546052631579,0.9830026964560863,1.3095081135902638,512,0.9802370821820653,0.06611466018140956,0.9848312603947325,0.0028099343241597243,0.0028099343238972094,0.0,0.0005264902718394373,0.0005172621900808866,0.9802474036248334,1.0155350894848576,0.06608443967247286,0.06829072221710493,0.0
model.dec.32x32_block0.skip,0.007304065222045522,0.007208931053190672,0.9964834918533132,0.983504469090905,1.0096337950086036,0.08269798066976554,0.08400608430398035,0.0,131308,131328,0.9998477095516569,0.9999999999999999,0.9835044690909052,0.08269380425697546,0.45979496644544876,0.9837728194726166,1.5195046440266586,131308,0.9835047806103531,0.08270260783550297,0.9837963565572625,0.0007800534827894041,0.0007800534825790695,1.7587879335391354e-09,0.007304063428737873,0.007208931790348156,0.9835048548616453,1.009633488771413,0.08269748936638831,0.08400550095211529,0.0
model.dec.32x32_block1.affine,0.009517700716890547,0.009471732710564246,0.9982522847766246,0.9934309872062543,1.0030969809630654,0.05881090780733825,0.05909785057025623,0.0,131286,131328,0.9996801900584795,1.0000000000000002,0.993430987206254,0.05880235197264047,0.6891988509004714,0.9923226169828684,1.3318961473765931,131286,0.9934323918596136,0.058805310622885486,0.9923024669307384,0.000560217681131519,0.0005602177112035813,4.350604471895677e-09,0.009517689686330714,0.009471734069653005,0.9934324120798234,1.0030958067494047,0.058808771741906005,0.05909563930012633,0.0
model.dec.32x32_block1.conv0,0.021749622000685573,0.021523176362035844,0.996864069981913,0.9864852449629352,1.00735209076365,0.07830907307226671,0.07922361949571904,0.0,1179110,1179904,0.9993270638967238,1.0,0.9864852449629353,0.07828572852385712,0.5135704239501708,0.9861809045226131,1.467128027681661,1179110,0.9864857165984728,0.07830678759893929,0.9861238795505614,0.0015569578370201156,0.0015569578361949935,8.25340365410386e-08,0.021749615062897566,0.021523169838561413,0.9864858297191559,1.0073526558681039,0.07830190513072706,0.07921638571546956,0.0
model.dec.32x32_block1.conv1,0.014914865102417841,0.014787004279796198,0.9967518568965524,0.9882069916565858,1.005370608197421,0.07984367067489484,0.08055488831284724,0.0,589340,590080,0.9987459327548807,1.0,0.9882069916565858,0.0798041121462583,0.5,0.9883895312001509,1.4833356807511704,589340,0.9882092531823422,0.07982999210014803,0.9882090853273138,0.0021616180402953527,0.002161618038914387,6.705150368127391e-08,0.014914852798925252,0.014787008986305448,0.9882094780416053,1.0053708390806804,0.07982696904957917,0.0805379483255185,0.0
model.dec.32x32_block1.norm0,0.0006787669328154448,0.0006753199715433407,0.997174100677013,0.9921101820616472,1.0022638664938353,0.07474380832130861,0.07513576421318899,0.0,1020,1024,0.99609375,1.0,0.9921101820616472,0.074711561467527,0.46383674937072994,0.991766061263215,1.4060981098109808,1020,0.9921060383985709,0.07497059293548,0.9916310839529511,0.003387803724255166,0.003387803724130885,1.059758885071314e-10,0.0006787737543130629,0.0006753283994673885,0.9921138926013917,1.002262743935324,0.0747267367163767,0.0751184525557881,0.0
model.dec.32x32_block1.norm1,0.0005434000359675251,0.0005413478839468458,0.9985003318850172,0.9947294921019864,1.002285466240374,0.054538912259017816,0.054759546453382,0.0,512,512,1.0,1.0,0.9947294921019864,0.054538912259017816,0.6701421800947867,0.9948048793652507,1.285036945812808,512,0.9945858239693651,0.05474669340036347,0.9909139655030339,0.0030856674844591,0.0030856674848422595,0.0,0.0005434225440820551,0.0005412922882881517,0.9945773705019098,1.0024210931342752,0.054690730199137526,0.05491695135745507,0.0
model.dec.32x32_block1.skip,0.007242011369150746,0.007180930478522218,0.9970203523291636,0.9886112394472855,1.0055009930034022,0.07648833764143971,0.07716386835104187,0.0,131294,131328,0.9997411062378168,1.0,0.9886112394472854,0.07647818769667251,0.5173011494252874,0.9882866516548467,1.4791764541387022,131294,0.9886101633257015,0.076477836111181,0.9882850282056559,0.0005054960820768817,0.0005054960821140742,3.886380569624029e-09,0.007242010460314641,0.0071809212112382784,0.988610014967118,1.0055020905148042,0.07648918820395678,0.07716483042586865,0.0
model.dec.32x32_block2.affine,0.008887893890496115,0.008838572285961284,0.9980026286075189,0.9924644109398286,1.0035717510155673,0.06282184650896405,0.06317242763409248,0.0,131301,131328,0.9997944078947368,1.0,0.9924644109398286,0.06281769507312854,0.6171901967552641,0.9888216369485795,1.366742596810934,131301,0.9924651598860157,0.06281734535883275,0.9888155282343716,0.0005177300005625544,0.0005177299920819025,1.9664786518987828e-09,0.008887890133515724,0.008838574689653891,0.9924652062018547,1.0035711608904085,0.06282021815343623,0.06317074548416489,0.0
model.dec.32x32_block2.conv0,0.021141933941394873,0.020972563591623774,0.9969292266374292,0.9889427173483234,1.0049802334242224,0.0776805026921727,0.07832117104091778,0.0,1179046,1179904,0.999272822195704,1.0000000000000002,0.9889427173483233,0.07765796748691352,0.5157894736842106,0.9884057971014493,1.474280462184874,1179046,0.9889424377254903,0.07767708419846822,0.9883792425311437,0.0015191473523356923,0.0015191473522546256,7.467870975264196e-08,0.02114194141394984,0.020972555131051396,0.988942396843312,1.0049814289780792,0.0776749950792832,0.07831569165477335,0.0
model.dec.32x32_block2.conv1,0.014810665355173348,0.01475671464213993,0.9967331146267,0.993102321482127,1.000377181991435,0.08047149476242918,0.08082650764772943,0.0,589315,590080,0.9987035656182213,1.0,0.993102321482127,0.08042885595146658,0.5,0.993478969677209,1.4926578192252486,589315,0.9931038650207735,0.08045882084646805,0.9931972018089636,0.002290112215335577,0.0022901122146866083,7.182540035879129e-08,0.014810646560701881,0.014756697748462347,0.9931036430990352,1.00037826485677,0.080456715064411,0.0808116529906802,0.0
model.dec.32x32_block2.norm0,0.0006892132905408839,0.0006892167750010246,0.9985107781489617,0.9985158263264333,0.998505729997012,0.054555073222210926,0.05478505516353919,0.0,1023,1024,0.9990234375,1.0,0.9985158263264333,0.05455397646087892,0.7183538732394367,1.0,1.324642857142857,1023,0.9984995013908745,0.05457073346007379,1.0010522716614687,0.0017775890489087165,0.0017775890479154919,2.712982745782564e-12,0.0006892212718772941,0.0006892127595706707,0.9985020131212852,0.9985266778062312,0.05448879439985096,0.05471812193726114,0.0
model.dec.32x32_block2.norm1,0.00045023498929179425,0.00044685990004285256,0.9981254410453274,0.9906432094878328,1.005664185168137,0.06074255674098625,0.06123821382254508,0.0,511,512,0.998046875,1.0,0.9906432094878328,0.06073332312851056,0.6731391585760518,0.987012987012987,1.4409722222222223,511,0.990730555990396,0.0609810900914911,0.9872053066973464,0.0036258879970429234,0.003625887997967393,1.0851930983130256e-11,0.00045019652018324585,0.0004468493212694139,0.9907011734442737,1.0055987844905194,0.0607989968442802,0.06128903559832342,0.0
model.dec.32x32_block2.skip,0.007238399475264822,0.0072008597877473105,0.9974049033588581,0.992232175806521,1.002604597493194,0.07162285534760064,0.0720020420112338,0.0,131295,131328,0.9997487207602339,1.0,0.992232175806521,0.07161279864796294,0.5459200529902349,0.9930947897049592,1.4424838215918767,131295,0.992231672134296,0.0716173615783982,0.9930644252399967,0.0006289963291371297,0.0006289963291652913,3.6021230997546087e-09,0.0072384009992968335,0.00720085811958785,0.9922318138747491,1.0026051185002653,0.0716217591246724,0.07200097187087298,0.0
model.dec.32x32_block3.affine,0.009830453470346244,0.009722969703091097,0.9982848669022046,0.98736986500406,1.0093205300344616,0.0579032571541986,0.05882347652531229,0.0,131313,131328,0.9998857821637427,0.9999999999999999,0.9873698650040602,0.057896095829677106,0.6889519623423768,0.9862804878048781,1.3333333333333333,131313,0.9873689516846185,0.05789624236455306,0.9862812146940179,0.00051235402058427,0.0005123540245831395,3.8248414060887245e-09,0.00983045804104634,0.009722965127843488,0.9873690374300544,1.0093215725291376,0.057901563853685396,0.05882187784255073,0.0
model.dec.32x32_block3.conv0,0.023156902147052492,0.02293399215688919,0.9972997428433251,0.9876996644539381,1.0069931304727566,0.07273164078340891,0.07351892215762211,0.0,1179130,1179904,0.9993440144282925,0.9999999999999996,0.9876996644539383,0.07271394294805443,0.5507246376811594,0.9881463743144892,1.4303020869364695,1179130,0.9876994143921338,0.07272902277362066,0.9881231559973631,0.0013359586525544202,0.0013359586523011653,6.587922042572235e-08,0.023156884871915116,0.022933961943340467,0.9876994458733801,1.0069940584351567,0.07272690307591723,0.07351420473677851,0.0
model.dec.32x32_block3.conv1,0.016003851166659065,0.015852229467198203,0.9974215186078615,0.987971871510092,1.0069615486738586,0.07108577611318452,0.07184645279241834,0.0,589249,590080,0.9985917163774404,1.0,0.987971871510092,0.07104495355818549,0.5538461538461539,0.9899280575539569,1.4285714285714286,589249,0.9879776470439993,0.07105965053615311,0.9897181452712704,0.0021577765259837476,0.002157776519093366,7.09257630930626e-08,0.016003828757395252,0.015852280176499613,0.9879780167495192,1.0069585497554696,0.07106384231058006,0.0718238404656745,0.0
model.dec.32x32_block3.norm0,0.0005855147873273575,0.0005824596536217914,0.9979629713623721,0.9927557411152368,1.0031975147195946,0.06346295128425411,0.06379665215682515,0.0,1024,1024,1.0,1.0,0.9927557411152368,0.06346295128425411,0.642180774748924,0.9910703162762422,1.2823076923076924,1024,0.9927933936762257,0.06345569484976257,0.9903341987034756,0.001681002044974254,0.0016810020445693406,0.0,0.0005854883265732689,0.0005824582694270963,0.9928010863941331,1.003157429190346,0.06342126265167182,0.06375223393586807,0.0
model.dec.32x32_block3.norm1,0.0004594500812253822,0.0004555461390595746,0.9987368896242153,0.9902506335209351,1.0072958712983888,0.04981871288143746,0.050384687147333386,0.0,508,512,0.9921875,1.0,0.9902506335209351,0.049173341939233006,0.7340196078431372,1.0,1.3333333333333333,508,0.9906411172807168,0.048838298906261166,0.998211756542461,0.004638341144426513,0.004638341144114699,6.436551564369133e-10,0.00045934171217066163,0.00045561368802782043,0.9906470384533671,1.0069251515010853,0.049520553941133735,0.05003961180992484,0.0
model.dec.32x32_block3.skip,0.007761281642143854,0.007706549603435117,0.9978284343847478,0.9907918150461485,1.0049150279065855,0.06540216242350937,0.0658811444564124,0.0,131291,131328,0.9997182626705653,1.0,0.9907918150461487,0.06539140277177151,0.6,0.9937968467304213,1.394596440774976,131291,0.9907928383951904,0.06539949510247041,0.9937409764073022,0.0007135868786982177,0.0007135868786595432,4.045929587994077e-09,0.007761273308372199,0.007706548651433617,0.9907928011696162,1.0049141182830283,0.06540154828269941,0.06588043396016184,0.0
model.dec.32x32_block4.affine,0.009251425244193836,0.00919531631949383,0.9977803823432693,0.9917289488762822,1.0038687410679559,0.06618673948558208,0.0665914896332489,0.0,131293,131328,0.9997334917153996,1.0,0.9917289488762822,0.06617743092779188,0.5985670572489743,0.9983168525142015,1.4432381993190702,131293,0.9917292177751776,0.06617556925348513,0.9979800767800104,0.00046089402766671055,0.00046089401585805613,5.033116350203033e-09,0.00925142771814366,0.00919532138774697,0.9917293037153136,1.0038685305254496,0.06618565812785349,0.06659037910047955,0.0
model.dec.32x32_block4.conv0,0.01692557348890708,0.016785391167133807,0.9973565959476319,0.9890962103632107,1.0056859677128598,0.07206056343048635,0.07269401943289515,0.0,884072,884992,0.998960442580272,1.0,0.9890962103632107,0.07203823427355768,0.5614956414304345,0.9939393939393939,1.435897435897436,884072,0.9890982881308551,0.07205389427928235,0.9934833040076051,0.0014114275137096957,0.0014114275129779128,4.399327664897262e-08,0.01692554199299788,0.016785390081900917,0.989098247455352,1.0056844261538473,0.07205711745087597,0.07269035580336296,0.0
model.dec.32x32_block4.conv1,0.0179255105096987,0.017608741276430185,0.9977305366374386,0.9800992208136453,1.0156790277951948,0.06614344662574746,0.06838392796004071,0.0,589000,590080,0.9981697396963124,0.9999999999999998,0.9800992208136454,0.06611072854574283,0.5625,0.9839225857298713,1.3933523935608347,589000,0.980102236178883,0.06612204958563643,0.9835459446821601,0.0017937967465319988,0.0017937967548380103,6.636011168585896e-08,0.017925468758932205,0.01760873942535435,0.9801023512785751,1.0156777541465372,0.0661295047167585,0.06836950431738452,0.0
model.dec.32x32_block4.norm0,0.0004046953060588021,0.0004031158973747606,0.9974587022816108,0.9935659095736878,1.0013667469571392,0.07096895918824077,0.07127939232500176,0.0,766,768,0.9973958333333334,1.0,0.9935659095736878,0.07095122882287135,0.6153190807677744,0.9921471733347427,1.3937499999999998,766,0.993449374391786,0.07098086433019705,0.9903955909874099,0.0017852979384582826,0.0017852979383368686,1.9669124906923586e-11,0.0004047300837660583,0.00040310254681575963,0.9934466200744786,1.0014849476638656,0.07097467344196413,0.07129016287286861,0.0
model.dec.32x32_block4.norm1,0.0004173244491992257,0.00041563817740758853,0.9984444958039608,0.9944101077109069,1.0024952516784353,0.05552943335593162,0.05576412086405589,0.0,505,512,0.986328125,1.0,0.9944101077109069,0.05551473709773861,0.7529411764705882,1.0,1.1666666666666667,505,0.9940324515578954,0.05499000367671326,0.9976779922966047,0.006181851750071192,0.006181851747287034,1.356491372891282e-11,0.00041735591847614427,0.0004155095395530656,0.9940614090660822,1.0029155595850647,0.05489539365182723,0.0551426548050549,0.0
model.dec.32x32_block4.skip,0.007668490396448692,0.007536698652583279,0.9985727987705117,0.9814111875898447,1.0160345093407523,0.05248967266661898,0.05480475925340647,0.0,98497,98560,0.9993607954545455,1.0,0.9814111875898447,0.05247194585273174,0.6418022196036558,0.9858459512837393,1.340018018018018,98497,0.9814129333128022,0.05247845259061433,0.9856901500989382,0.001148907385820258,0.00114890739171905,5.222131467610511e-09,0.007668474104502324,0.007536694062857347,0.9814129828356772,1.0160332882189858,0.05248399563488403,0.05479867347831833,0.0
model.dec.32x32_up.affine,0.008926223771967506,0.008701243801634296,0.9977757706459391,0.9726274471203641,1.0235743309893415,0.06497955341248794,0.06946613490445917,0.0,131298,131328,0.9997715643274854,0.9999999999999998,0.9726274471203643,0.06497277965522813,0.5,0.9779797156769232,1.4686519833948333,131298,0.9726258822816263,0.06498623525887624,0.9779808532708185,0.0007436017823652686,0.0007436017724731567,3.347465357894533e-09,0.008926231135403457,0.008701235728091885,0.9726259059968493,1.023576297347786,0.06497698948383233,0.06946411249670736,0.0
model.dec.32x32_up.conv0,0.015324075848801173,0.015045822456588448,0.9965321051640338,0.9784371517425867,1.0149617017853443,0.08169824897386044,0.08396363442118382,0.0,589640,590080,0.9992543383947939,1.0,0.9784371517425868,0.08166835330409944,0.4631557377049181,0.9797216316787393,1.4901960784313726,589640,0.978437909640955,0.08169321831235576,0.9797051586661116,0.0017364732700130754,0.0017364732698270636,5.4737756194935605e-08,0.01532405394687874,0.015045803598061507,0.9784378211485911,1.014962039231512,0.08169230668899491,0.08395759953982376,0.0
model.dec.32x32_up.conv1,0.015097273456703614,0.014805942955486547,0.9963328578290178,0.9771067272510174,1.0159372931373951,0.08391080769311336,0.0864236844572726,0.0,589543,590080,0.9990899539045554,1.0000000000000002,0.9771067272510173,0.08387296856045037,0.4634146341463415,0.9785082174462706,1.4857142857142858,589543,0.977108261737446,0.08390322360990549,0.9784953280062957,0.0019539488470137296,0.001953948846485953,6.906452379724584e-08,0.015097278358831687,0.01480596105489141,0.9771083957180121,1.0159372038167012,0.08390166837913063,0.08641430074812892,0.0
model.dec.32x32_up.norm0,0.0005388143753125936,0.0005228634891673425,0.99735747454397,0.9678320270958826,1.0277836485877927,0.07049959662722144,0.07636950015290644,0.0,511,512,0.998046875,1.0,0.9678320270958826,0.07042144310945717,0.47476928222827,0.9684154175588865,1.3619202226345084,511,0.9678138061253001,0.07035178940204778,0.9673850581038084,0.0009152876794832686,0.0009152876796217226,1.526052794502692e-10,0.0005388203439556926,0.000522860438684248,0.9678177062527148,1.0278032034638325,0.0704703037881799,0.07634753038025942,0.0
model.dec.32x32_up.norm1,0.0005391631495963474,0.0005256896742979344,0.9978808514582955,0.9729442009973943,1.023456630592323,0.06344168905516354,0.06790827006454887,0.0,512,512,1.0,1.0,0.9729442009973943,0.06344168905516352,0.44814319433516914,0.9730054644808743,1.4197755960729312,512,0.9730549979959406,0.06366194271661138,0.9720685432238247,0.003198818888694826,0.003198818887931043,0.0,0.0005391183878372182,0.0005257015446644348,0.9730449144224843,1.0233464098519331,0.06347965681006516,0.0679087694483551,0.0
model.dec.32x32_up.skip,0.004798136317768524,0.004722397823839642,0.9954985940224349,0.9797846669419632,1.011464543320259,0.0932802695622073,0.09509804056488391,0.0,65790,65792,0.9999696011673151,1.0,0.9797846669419632,0.09327648791538878,0.3917341335717023,0.978934518043485,1.541486721913551,65790,0.9797843506306937,0.0932802552679423,0.9789548011167414,0.0005056340744839393,0.0005056340744645603,7.751824940124172e-10,0.004798137859291722,0.00472239785399754,0.9797843760617055,1.0114648800333845,0.09328005486958188,0.09509783857273628,0.0
model.dec.8x8_block0.affine,0.006690517152258263,0.006760843456006227,0.995980014940035,1.00644909998437,0.9856198293339997,0.09051728216905183,0.09138445337518998,0.0,131284,131328,0.9996649610136452,1.0,1.00644909998437,0.09051106344760027,0.38461538461538464,0.9943485566555981,1.3847536184745473,131284,1.0064517984651236,0.09051714510649811,0.9943688431061366,0.0009924359071961362,0.0009924358848336322,2.4051042438888583e-09,0.00669051672607004,0.006760859174883164,1.0064516265510903,0.9856175949398234,0.09051613660733182,0.09138369036291043,0.0
model.dec.8x8_block0.conv0,0.02018475592981347,0.020199998129207378,0.9960798981108784,0.99683207210159,0.9953282916838799,0.08852490409304514,0.08883747151912286,0.0,1179177,1179904,0.9993838481774788,1.0000000000000002,0.9968320721015899,0.08850017424489365,0.45121951219512196,0.9958071278825996,1.5318257365902777,1179177,0.9968323571290914,0.0885236761493734,0.9957013516430496,0.0015862052351364138,0.0015862052338463408,8.512754140776892e-08,0.020184753223511438,0.020199995170270605,0.9968324124373802,0.99532865620136,0.08852093131464371,0.08883353335069785,0.0
model.dec.8x8_block0.conv1,0.014608914814661039,0.014574208500397664,0.9956775678320923,0.9933121424043599,0.9980486261693756,0.09265658781461233,0.09303768496037068,0.0,589788,590080,0.9995051518438178,1.0,0.9933121424043598,0.09263241596598482,0.42466441304219654,0.9935205183585313,1.5678735010385774,589788,0.9933130401590677,0.09265515732618884,0.9934721705850065,0.0014075798611353969,0.0014075798612658507,4.5620733797091964e-08,0.01460890096780697,0.01457420181629514,0.9933128278291016,0.9980483383498847,0.09265449456092947,0.0930355919539706,0.0
model.dec.8x8_block0.norm0,0.0005718932224477357,0.0005765595787931718,0.9965333488531982,1.0046645515556132,0.9884679556364323,0.08387308097573455,0.08456750134604413,0.0,1024,1024,1.0,1.0,1.0046645515556132,0.08387308097573455,0.3694078947368421,1.0,1.498846153846153,1024,1.0046233270640692,0.08387024687062955,1.0009061264944412,0.002749519852619651,0.002749519842303394,0.0,0.000571916224183448,0.0005765615278224395,1.0046274750616955,0.988504305367472,0.08387078485540199,0.08456169869909208,0.0
model.dec.8x8_block0.norm1,0.00040207149953417617,0.00040741997475352004,0.9955053490202751,1.0087478586140362,0.9824366827302131,0.09596513149359313,0.09708580824473499,0.0,510,512,0.99609375,1.0,1.0087478586140362,0.09576661001574638,0.35119363395225467,1.0,1.5454545454545454,510,1.008805151422906,0.09562005625808494,1.0068344154093598,0.004068461570295918,0.004068461569848125,2.936803822309625e-10,0.0004020170653546813,0.00040738150752241625,1.0087975790641064,0.98240460011328,0.09588084277396197,0.09700835977933456,0.0
model.dec.8x8_block0.skip,0.007112630008987181,0.00712183196589236,0.9957314371240696,0.9970196635272385,0.9944448752089009,0.09241732537299024,0.09274446866870117,0.0,131310,131328,0.9998629385964912,1.0,0.9970196635272385,0.09241067716368286,0.4184405183046918,0.9968619003772272,1.565452013414166,131310,0.9970192565721895,0.09241609353260495,0.996846008840012,0.0006779369360399985,0.0006779369360709857,2.966878289182017e-09,0.007112629686382779,0.007121828906416654,0.9970192972559488,0.994445274083864,0.09241710842491992,0.09274429904396381,0.0
model.dec.8x8_block1.affine,0.00713259495759014,0.0071521511492248354,0.9965978485711849,0.9993303265298055,0.9938728420517833,0.08264398328728668,0.0829841618847111,0.0,131232,131328,0.9992690058479532,1.0,0.9993303265298055,0.08262935124198595,0.4820365745638856,1.0011874847814048,1.571002767447894,131232,0.9993287915192786,0.08266972178535331,1.0013921623929458,0.0016415143264607163,0.0016415143232390839,5.8717802228918055e-09,0.007132602990585578,0.00715214772238099,0.999329044956866,0.9938747585492368,0.08263994816484832,0.0829801305529728,0.0
model.dec.8x8_block1.conv0,0.021166776764724754,0.021192941521422537,0.9961695208609026,0.9974009097224561,0.994939652269196,0.08755113307612129,0.08786436779654912,0.0,1179129,1179904,0.999343166901714,1.0,0.9974009097224561,0.08752593316481577,0.4915254237288136,0.9970449172576832,1.5,1179129,0.9974033028666217,0.08754979882870405,0.9968784311075389,0.0015315042262094517,0.0015315042242551005,9.43418900745696e-08,0.021166761963127317,0.021192969713456158,0.9974033290983716,0.9949380271344362,0.0875468094809532,0.08786010462598824,0.0
model.dec.8x8_block1.conv1,0.015207049280597252,0.015248950806692464,0.9954163570803235,0.9981591287839056,0.9926811220473994,0.09589968103599208,0.09625215721556003,0.0,589628,590080,0.9992340021691974,0.9999999999999999,0.9981591287839057,0.0958697363615469,0.4444444444444444,0.9962962962962963,1.5509907081335672,589628,0.9981613016793822,0.0958963447171784,0.9961819652965924,0.0016245891750232822,0.0016245891750670891,6.338050457475278e-08,0.015207049252489613,0.01524897656985375,0.9981612623633414,0.992679885972069,0.09589520785231066,0.09624776419967757,0.0
model.dec.8x8_block1.norm0,0.0006166766534858275,0.0006159301667031487,0.9961717405138936,0.9949658751169008,0.9973790673794573,0.08731193306478438,0.08763289199465335,0.0,1024,1024,1.0,1.0,0.9949658751169008,0.08731193306478438,0.3675887392900857,0.99436752754428,1.5771798900235654,1024,0.9949552489972715,0.08734303070789656,0.9941791793629504,0.0023849532238678127,0.002384953223862065,0.0,0.0006166710246598585,0.0006159153891793948,0.9949579271194834,0.9974007519388942,0.08723263373336214,0.08755350067721451,0.0
model.dec.8x8_block1.norm1,0.00043171477684990345,0.0004299271733306207,0.9963183764911221,0.992192916044442,1.0004609902792765,0.0853753644910949,0.0857845729639692,0.0,512,512,1.0,1.0,0.992192916044442,0.08537536449109491,0.31428571428571433,0.9927025355596784,1.339940476190476,512,0.992406246194434,0.08551102206614176,0.992253401807968,0.002873528480069025,0.0028735284800978826,0.0,0.0004316379171250853,0.0004299465242151756,0.9924091359703376,1.0002326924557714,0.08545390813901763,0.0858526919194976,0.0
model.dec.8x8_block1.skip,0.0070906447006423064,0.007122098352918297,0.9951542083137096,0.9995686495599977,0.9907592627684179,0.09876267562873685,0.09915881785790275,0.0,131318,131328,0.9999238547758285,1.0000000000000002,0.9995686495599976,0.0987602735309249,0.40052155679025536,0.9985926389401386,1.609181813821879,131318,0.9995681492343746,0.09876076202482384,0.9986005006701844,0.00045971667311189835,0.0004597166730787394,1.1385353994437869e-09,0.007090646957492052,0.0071220973999922815,0.9995681929546018,0.990759705999987,0.09876267871505974,0.09915887309447409,0.0
model.dec.8x8_block2.affine,0.006920273908383323,0.006996731778907487,0.9939403280867982,1.0049217663824046,0.9830788911595316,0.11113544047245813,0.11184759857690789,0.0,131271,131328,0.9995659722222222,1.0,1.0049217663824046,0.11112321741029255,0.3018867924528302,1.0125260960334028,1.894364530792702,131271,1.004924558006498,0.11113236980616631,1.012565682884272,0.0011549733113052822,0.0011549733006083437,6.209435465646128e-09,0.006920266036823869,0.006996740714349766,1.0049245717822886,0.9830768881906954,0.11113228207024994,0.11184474675723761,0.0
model.dec.8x8_block2.conv0,0.021395674948392184,0.021471693103543726,0.9949693611908352,0.9985044558046986,0.9914467821885509,0.1005356252793446,0.1009101133115561,0.0,1179027,1179904,0.9992567191907138,1.0,0.9985044558046986,0.10050183661746648,0.4418604651162791,0.9943820224719101,1.5431271129141297,1179027,0.9985048193942855,0.10052656073166354,0.9942719581451911,0.0018347751344911002,0.0018347751354109677,1.484112452463399e-07,0.02139567297668445,0.02147168715338863,0.9985048370375269,0.9914475274864727,0.10052998591457557,0.10090452452918598,0.0
model.dec.8x8_block2.conv1,0.015072469386911593,0.01506323148824315,0.9948908746123767,0.9942811071714949,0.9955010160081988,0.10089429087516846,0.10127401406900974,0.0,589511,590080,0.9990357239696313,0.9999999999999999,0.9942811071714952,0.10085471013001508,0.4418604651162791,0.9923322683706071,1.5384615384615385,589511,0.9942824360283907,0.1008838024151363,0.9922541383081576,0.0019573694354295067,0.0019573694383377555,8.658267927736578e-08,0.015072453559173483,0.015063226518141203,0.994282168132766,0.995500644429869,0.10089096440922092,0.10127069386200731,0.0
model.dec.8x8_block2.norm0,0.0005800119709393684,0.0005914486493177946,0.9946627124426353,1.0142754758116324,0.975429195635486,0.10521438543738103,0.10708314782097071,0.0,1019,1024,0.9951171875,1.0,1.0142754758116324,0.10513561437160543,0.4,1.010989010989011,1.6666666666666667,1019,1.0142579228518027,0.10483369891109423,1.010688326118458,0.0035387866382224336,0.0035387866382480147,2.6604187050830264e-10,0.0005800527240034289,0.0005914821545545037,1.014267087748929,0.9754476843434303,0.1051607071850395,0.10702877045413578,0.0
model.dec.8x8_block2.norm1,0.00044006656800975883,0.0004453370049073151,0.9940406116654606,1.0059456930741326,0.9822764235120837,0.1103159350448257,0.1111106218947851,0.0,510,512,0.99609375,1.0,1.0059456930741326,0.11020379366431937,0.45454545454545453,1.0,1.5,510,1.0059709881882433,0.11013513436036418,1.0082837626873284,0.0047971762893518465,0.004797176289767339,2.28568796332181e-10,0.00044005940062556785,0.0004453347762123955,1.005997686120638,0.9823050269325562,0.10994593110205715,0.11074525946546676,0.0
model.dec.8x8_block2.skip,0.007334640810517032,0.0073507821609925484,0.9947909592988037,0.9969801966369012,0.9926065292378606,0.10216032671880329,0.10252145378630656,0.0,131319,131328,0.9999314692982456,1.0,0.9969801966369012,0.10215158590572154,0.3718004432393616,0.9945297067314998,1.6082213930348248,131319,0.9969803304673623,0.10217247276464744,0.9945380501603222,0.0010675950891486856,0.00106759508924537,4.585324382015899e-09,0.007334637992660117,0.007350779902129181,0.9969802270709085,0.9926064068971241,0.10216078566102006,0.10252196919007407,0.0
model.dec.8x8_block3.affine,0.006812632354933225,0.006854369445322331,0.9928047297856807,0.998887074845119,0.9867594208661163,0.12047820347348828,0.12092663224665971,0.0,131265,131328,0.9995202850877193,1.0,0.998887074845119,0.12045433625893057,0.3275862068965517,0.9915084915084915,1.689623681310028,131265,0.9988842449773107,0.12045670866253118,0.9914763884043702,0.001241112024308436,0.0012411120057003629,1.2737785828450024e-08,0.0068126371413485065,0.006854352917416856,0.998884151495594,0.9867626783053284,0.12047627741642013,0.1209247132026099,0.0
model.dec.8x8_block3.conv0,0.021351135193840475,0.02128422281258537,0.9950548353760147,0.9919364302931027,0.9981830439604056,0.0990158275629605,0.09946966649509961,0.0,1178909,1179904,0.9991567110544587,1.0,0.9919364302931027,0.09897866022238207,0.4358974358974359,0.9916666666666667,1.536723163841808,1178909,0.9919369029846548,0.09901424415441748,0.9916187350543954,0.0020260380531177545,0.002026038051818527,1.6011181061180687e-07,0.0213511245857964,0.02128421140687555,0.9919370131421059,0.9981837084156454,0.09900959660713872,0.09946342060700085,0.0
model.dec.8x8_block3.conv1,0.01528262076655063,0.015198047951949348,0.9953201070221652,0.9898120842709656,1.00085878035352,0.09609797237294028,0.0966690535111873,0.0,589522,590080,0.9990543655097613,1.0,0.9898120842709658,0.09604761288048484,0.4444444444444444,0.9903517584041517,1.52907760184727,589522,0.9898121298167561,0.0960924884364589,0.9902585314065196,0.002129952168192896,0.0021299521689999773,1.0786344046730242e-07,0.015282633778196495,0.015198048024558932,0.9898119359871859,1.0008603251172483,0.09609078667266753,0.09666188408933835,0.0
model.dec.8x8_block3.norm0,0.0005936009830637703,0.000597459350989032,0.9930843864219151,0.9995393705829451,0.9866710882832125,0.11816584199588717,0.11862167887618598,0.0,1020,1024,0.99609375,1.0,0.9995393705829451,0.11804867460739853,0.363510101010101,1.0004145936981756,1.6968989769820961,1020,0.9995660506810347,0.11826267311948088,1.0032464044779998,0.004024861467078472,0.004024861467056088,4.654461023233211e-10,0.0005936086958880362,0.0005974899306580186,0.9995738682696967,0.9866297834579776,0.11820142629098251,0.11865834856514346,0.0
model.dec.8x8_block3.norm1,0.0004452993982316586,0.0004476434639939238,0.9941981036107032,0.9994315841517447,0.9889920279656124,0.10813076447890663,0.10855191304074364,0.0,509,512,0.994140625,1.0,0.9994315841517447,0.10763786133495458,0.3333333333333333,1.0,1.6866666666666654,509,0.9995031371946566,0.10779817580228367,1.0050391699915275,0.007078919768175513,0.007078919768002144,1.0065165986853311e-09,0.00044536809542294973,0.0004477316534518821,0.9994678764974723,0.9889434248081272,0.10819464361241544,0.1086170591577394,0.0
model.dec.8x8_block3.skip,0.007286291500417293,0.007245879026615706,0.9945971865215878,0.989080781812672,1.0001443578993865,0.103233850292429,0.10386398592726859,0.0,131309,131328,0.9998553240740741,1.0,0.9890807818126722,0.10322669896847414,0.348724781925779,0.989157413455258,1.6085845450604879,131309,0.9890802523271224,0.10323110305220953,0.9891415483716669,0.0006159047367094815,0.0006159047367202299,3.741135646805232e-09,0.007286295825205477,0.007245879434132503,0.9890802023172441,1.0001448466969614,0.10323425521330049,0.10386444931295295,0.0
model.dec.8x8_block4.affine,0.006875275708413331,0.00690509850260641,0.9942722491369278,0.9985850909654549,0.9899780342684928,0.10734060586925447,0.10773933456611004,0.0,131252,131328,0.9994212962962963,1.0,0.9985850909654549,0.10732236001232551,0.3550676949915072,0.9990345159949215,1.6824163817885165,131252,0.9985846690744371,0.10732774316182529,0.9987738285849563,0.0011699746583407038,0.0011699746663861761,8.836259648485068e-09,0.006875281791496639,0.006905100741150382,0.9985847556215287,0.9899788117571787,0.10733845760813311,0.10773723743676668,0.0
model.dec.8x8_block4.conv0,0.02143706749333825,0.021331203579619692,0.9952871493303127,0.9903720650756854,1.000226626491487,0.09649271527212851,0.09702706536939816,0.0,1178955,1179904,0.9991956972770666,1.0,0.9903720650756854,0.096456369218976,0.4230573994533388,0.9907407407407407,1.5466853582554545,1178955,0.9903720835005938,0.09649586583561258,0.990677565251865,0.0020679049837560993,0.0020679049826335815,1.5381460380406074e-07,0.021437055902585763,0.021331182392693694,0.9903721950759258,1.0002276630894267,0.09648673702944828,0.09702108703227598,0.0
model.dec.8x8_block4.conv1,0.015562007235871365,0.015462174227480058,0.9958907015099394,0.9895018878271202,1.0023207651800259,0.08998231690660623,0.09057117787663893,0.0,589491,590080,0.9990018302603036,1.0000000000000002,0.9895018878271201,0.08993839819600706,0.43902439024390244,0.9896193771626297,1.5383189707859675,589491,0.9895035663037203,0.08995443825756572,0.9895764496785863,0.001938477606417295,0.0019384776066085551,9.133322996340701e-08,0.01556199795870689,0.015462177788484438,0.9895033550286112,1.0023205946592881,0.08997524943672885,0.09056399951604885,0.0
model.dec.8x8_block4.norm0,0.0006345997059619817,0.0006349484492477601,0.9946175845754021,0.9951641751289101,0.9940712942349047,0.10367093829341609,0.1040446983204192,0.0,1023,1024,0.9990234375,1.0,0.9951641751289101,0.10366004557613394,0.4321367521367522,0.9947089947089947,1.5659999999999998,1023,0.995232635287032,0.10389824754644415,0.9941233962944065,0.003890564615666991,0.003890564615617805,4.340772393252102e-11,0.0006346011755800473,0.0006349946926837429,0.9952478634352723,0.9940147013128494,0.1035484318381333,0.10392077660980027,0.0
model.dec.8x8_block4.norm1,0.0004388567655038901,0.00044023300443288147,0.9947281539620172,0.9978475854413847,0.9916184743254125,0.10286864484923473,0.10324008463760743,0.0,507,512,0.990234375,1.0,0.9978475854413847,0.1025079355006825,0.2809090909090909,0.984251968503937,1.5652777777777775,507,0.9980909303598731,0.1024909189007051,0.9838372755496159,0.004272604149704035,0.004272604148766731,6.809586691914235e-10,0.0004387915928473818,0.000440285308613834,0.9981489538854551,0.9913877847335799,0.1025600774541683,0.10293496773856459,0.0
model.dec.8x8_block4.skip,0.007077351264720143,0.0070260564578532286,0.9954515012594815,0.9882367268908527,1.0027189481991388,0.09457917293571608,0.09527300924849537,0.0,131305,131328,0.9998248659844055,1.0000000000000002,0.9882367268908522,0.09457314607681123,0.3972090061727303,0.9879895354368162,1.5857354810657225,131305,0.9882367995707508,0.09457476538199995,0.9879624733339545,0.000423532537959793,0.00042353253800779365,2.725279426183233e-09,0.007077349513432046,0.007026055398622431,0.9882367779556661,1.0027188061021803,0.09457964694501819,0.09527348293094502,0.0
model.dec.8x8_in0.affine,0.006115932408931069,0.006112519743344153,0.9958835663316796,0.995327867323229,0.9964395755910519,0.0905911472808296,0.0909177958313384,0.0,131244,131328,0.999360380116959,1.0,0.995327867323229,0.09055730012863186,0.5084851450268133,0.9938650306748467,1.5981485014823724,131244,0.9953304867717137,0.09055927248428479,0.9936852628006363,0.001354428509578969,0.0013544285268232079,1.0945836217936424e-08,0.006115920571343322,0.006112521795535098,0.9953311092136367,0.99643829473075,0.09058057159386408,0.09090718192921247,0.0
model.dec.8x8_in0.conv0,0.01366945567058935,0.013652370570200969,0.9960287241454722,0.9947838135102703,0.9972751927096114,0.088921190401649,0.08925089412378574,0.0,589694,590080,0.9993458514099783,0.9999999999999999,0.9947838135102706,0.08889394386219925,0.44,0.9948186528497409,1.5510204081632653,589694,0.9947846005243944,0.08892058053592158,0.9947230576666692,0.0016577011589878256,0.0016577011593453934,4.3206526721142324e-08,0.013669454763580257,0.013652373005567079,0.9947843341635947,0.9972752265263003,0.08891811108355108,0.08924783022586912,0.0
model.dec.8x8_in0.conv1,0.013732749460362438,0.013707993276539725,0.9960074881122745,0.994211974072229,0.9978062447914672,0.08910879645899776,0.08945194634951956,0.0,589703,590080,0.9993611035791757,1.0,0.994211974072229,0.08907775006298521,0.425531914893617,0.994475138121547,1.55061507936508,589703,0.9942124581756665,0.0891024458248912,0.9943929596928203,0.0016530617984442276,0.0016530617982007587,4.9792959322277784e-08,0.013732748542276588,0.013707993435303047,0.9942125165029251,0.9978066326560957,0.08910362130660301,0.08944677332537243,0.0
model.dec.8x8_in0.norm0,0.00036860330123906663,0.0003684971506586594,0.9963321103776428,0.9960451861112581,0.9966191172964368,0.08554594708631276,0.08584850747780338,0.0,512,512,1.0,1.0,0.9960451861112581,0.08554594708631276,0.5069007567877767,0.9991128520166332,1.468014705882353,512,0.996019295235212,0.08543350592214098,0.9970566992849743,0.0016367039262228796,0.0016367039264479832,0.0,0.00036858994053438,0.00036847310488269424,0.9960212975482823,0.996653035633409,0.08548517555486815,0.0857876914108128,0.0
model.dec.8x8_in0.norm1,0.00038945090609521704,0.00038994976139334437,0.9964621591105245,0.9977385470189253,0.9951874040608495,0.08415029259511325,0.08445608855166017,0.0,512,512,1.0,1.0,0.9977385470189253,0.08415029259511325,0.4150769230769231,1.0,1.5655384615384607,512,0.9978369962769342,0.08437849347798845,0.996763754544877,0.0029510795366540572,0.0029510795369610925,0.0,0.00038943446442111715,0.0003899689645072232,0.9978289941669732,0.9950955757248516,0.08416762297701079,0.08447492528569066,0.0
model.dec.8x8_in0.norm2,0.0003543964666903294,0.00035602505113787946,0.9955742510432077,1.0001492874615223,0.9910201424588587,0.09441011089644713,0.09481392252685185,0.0,512,512,1.0,1.0,1.0001492874615223,0.09441011089644712,0.11539279793137061,0.9966861865148862,1.5937799849177998,512,1.0001463080247928,0.09442301245852845,0.9968048809123956,0.00035608804317973974,0.0003560880431833326,0.0,0.00035439765536512995,0.0003560247912456316,1.000145758122458,0.9910247401100839,0.09440384223994151,0.09480756740197709,0.0
model.dec.8x8_in0.proj,0.004232730139916362,0.004222536365533552,0.9959904873987857,0.9935918222393366,0.9983949432606324,0.08924375654535281,0.08960537157833405,0.0,65768,65792,0.9996352140077821,1.0,0.9935918222393366,0.08923293143479065,0.4372699340695444,0.9935064935064936,1.5318475716282318,65768,0.993591275314117,0.08923945751300906,0.9935194529773562,0.0011174559557057884,0.001117455955428767,1.652044878951608e-09,0.00423272768560633,0.004222530909092839,0.9935913087468873,0.9983958497564394,0.08924152948086937,0.0896031836943294,0.0
model.dec.8x8_in0.qkv,0.0065388005790344905,0.006545610757342086,0.9961676996082913,0.997205210934199,0.9951312677289605,0.08755488203153314,0.08786630401247687,0.0,197271,197376,0.9994680204280155,1.0,0.997205210934199,0.08753619827086738,0.4684999684999685,0.9977728285077951,1.513765415528431,197271,0.997207614000218,0.08755410086840608,0.9975462446655143,0.0014313772784705532,0.0014313772814951175,6.675615947759339e-09,0.006538795740900085,0.0065456192197179165,0.9972075195781385,0.995129525877789,0.0875518528994752,0.08786333225423107,0.0
model.dec.8x8_in1.affine,0.006661641810626069,0.006615175460362312,0.9971414589960862,0.990186187966305,1.0041455852772188,0.07503030592876227,0.07555986101328188,0.0,131237,131328,0.999307078460039,1.0,0.990186187966305,0.07498834982670986,0.5568403205302614,1.0009865581452706,1.6187010350009876,131237,0.990187541360201,0.07502045499998891,1.0014101582359014,0.0015059425150806833,0.001505942510538454,1.33312170242755e-08,0.006661632188818811,0.006615171636619234,0.9901873712287699,1.0041450453681813,0.07502607606506713,0.07555552760146031,0.0
model.dec.8x8_in1.conv0,0.013964026434856329,0.013912111964289464,0.9964739969870813,0.9927693763872446,1.0001924417580852,0.08359023967987995,0.08396776560926596,0.0,589698,590080,0.9993526301518438,1.0000000000000002,0.9927693763872443,0.08356376248386686,0.4728618975396024,0.9926800255586261,1.5213330902904372,589698,0.9927692375950414,0.0835823268092148,0.9926243424611446,0.0015257930191011463,0.0015257930186339164,4.118859097981692e-08,0.013964014031347482,0.013912091062270787,0.992769096465514,1.0001933883533687,0.08358627105672116,0.08396381956456876,0.0
model.dec.8x8_in1.conv1,0.014387681914886631,0.014390872564157177,0.9963322162547243,0.9965531654443033,0.9961113160525412,0.08558833305426683,0.0858899112491163,0.0,589715,590080,0.9993814398047722,1.0,0.9965531654443033,0.08556290258581642,0.4609798746646683,0.9967191601049868,1.5454545454545454,589715,0.9965531063584167,0.08558513041298767,0.9965791307613086,0.0015012477487520333,0.001501247748456347,4.3001429762653884e-08,0.014387676811108651,0.014390863608943356,0.996553180092449,0.9961118637173758,0.08558503501546429,0.08588664575868152,0.0
model.dec.8x8_in1.norm0,0.0004218313263024801,0.00042109481426030936,0.9969817732513321,0.9952410559644945,0.9987255351238553,0.07750041838656058,0.0777835594712224,0.0,512,512,1.0,1.0,0.9952410559644945,0.07750041838656056,0.6285220125786163,1.0,1.4184374999999998,512,0.9953446574694904,0.07755303275651157,1.0011822244768256,0.0020132501792443037,0.0020132501795815097,0.0,0.000421828753921983,0.0004211321298965957,0.9953362637155996,0.9986318974869445,0.077495634842084,0.0777773119768304,0.0
model.dec.8x8_in1.norm1,0.0003961172928198229,0.00039423273384639246,0.9965037763186231,0.9917628317353914,1.001267384138288,0.08315024868739625,0.08357789581162513,0.0,512,512,1.0,1.0,0.9917628317353914,0.08315024868739625,0.3837514934289128,0.9980202487034266,1.4509615384615382,512,0.991734351676507,0.08335748959693368,0.9965099443943961,0.003940511631550097,0.003940511631170265,0.0,0.00039613400737864975,0.00039423831950528176,0.9917399631438794,1.0013004212336587,0.08308913219941529,0.08351798280036359,0.0
model.enc.16x16_block0.affine,0.006220962449276491,0.006156899066374438,0.9953264929297729,0.9850766348492868,1.0056830021955103,0.0955724877020838,0.09659058534955389,0.0,131266,131328,0.9995278996101364,1.0,0.9850766348492868,0.09555645105103004,0.33196153439339987,0.9908744618889547,1.618574717889147,131266,0.9850804428856651,0.09557069772970517,0.990826393976786,0.0013424827780023603,0.0013424827752897507,5.6613776808976566e-09,0.006220964439568192,0.006156922257384501,0.9850805628010295,1.0056800796742371,0.0955673268470968,0.09658496434203014,0.0
model.enc.16x16_block0.conv0,0.014262044166302043,0.014104656358041664,0.9951281876046209,0.9841465188789501,1.006232396059577,0.09750152598190158,0.09862590076779174,0.0,589562,590080,0.9991221529284164,1.0000000000000002,0.98414651887895,0.09745928483304082,0.4206376573617955,0.9881758225361512,1.5433070866141732,589562,0.984148703928892,0.09748921087071753,0.9881194686877031,0.001957853209987725,0.0019578532096940484,7.994907415885858e-08,0.014262012301232396,0.014104646880634146,0.98414852997961,1.0062313081682204,0.09749689841123586,0.09862102647943001,0.0
model.enc.16x16_block0.conv1,0.014213126922509397,0.014095849585248427,0.9958653844486267,0.9876481609484592,1.0041509751717805,0.0900917063112265,0.09084340123387133,0.0,589666,590080,0.9992984002169197,1.0,0.9876481609484592,0.09005851841779738,0.4375,0.9882443655098709,1.5333333333333334,589666,0.9876494814218987,0.09008799317503045,0.9882289408902114,0.0017491543117545997,0.0017491543116196127,5.7644862095951694e-08,0.014213118796139172,0.014095853291878074,0.9876494490207539,1.004150608415996,0.09008669827062266,0.09083826986413038,0.0
model.enc.16x16_block0.norm0,0.0003841329998619571,0.00037515556524359163,0.9948691239433155,0.9716183943334116,1.0186762411540982,0.09880586888717532,0.1022469103306475,0.0,512,512,1.0,1.0,0.9716183943334116,0.09880586888717532,0.35000000000000003,0.9782722982128814,1.4690476190476187,512,0.9714552407026584,0.09919715732670482,0.9774171647777661,0.005056218992548895,0.0050562189925727336,0.0,0.00038415982421869435,0.0003751195761071222,0.9714451497645443,1.0188323220128228,0.09890937126920843,0.10239010043690053,0.0
model.enc.16x16_block0.norm1,0.0003964894546577306,0.0003937875948527236,0.9953082235748842,0.9885257398258742,1.0021372433764746,0.0960957189720873,0.096764844682819,0.0,511,512,0.998046875,1.0,0.9885257398258742,0.09609524861905927,0.3100686498855835,0.9789473684210527,1.4292929292929293,511,0.9884509401371984,0.09583372896891038,0.9790196782878229,0.0022998574485296576,0.00229985744843786,6.78245686445641e-13,0.00039648219204511687,0.00039374579946972553,0.9884507430955392,1.0022372415804195,0.09596564419531076,0.0966410177729043,0.0
model.enc.16x16_block0.norm2,0.0003991600609670788,0.0003976982762056313,0.9968826217435591,0.9932318861917958,1.0005467759846076,0.07860997315513502,0.07895462899058947,0.0,511,512,0.998046875,1.0,0.9932318861917958,0.07859339040891453,0.6416062512641989,0.9910601332546175,1.4421417649628658,511,0.9932446183233742,0.07860244054614658,0.9910245405285548,0.00023024684074109743,0.00023024684073660187,1.9823452294562097e-11,0.0003991567734780654,0.0003977001788305773,0.993244089851208,1.0005330150398686,0.07862019984722753,0.07896439615932087,0.0
model.enc.16x16_block0.proj,0.004694200968254736,0.004659837872611636,0.9964651119565779,0.9891706594653572,1.0038133560121132,0.0833926591520404,0.08400811599917599,0.0,65753,65792,0.9994072227626459,1.0,0.9891706594653573,0.08337589108826307,0.4561523548865324,0.989355040701315,1.5061706081511081,65753,0.9891745998027253,0.08339373033064418,0.9893880575860493,0.0015289272499597972,0.001528927250003651,2.9409474795502543e-09,0.004694187028631612,0.004659839377333872,0.9891743394406413,1.0038104804315269,0.08338791413362556,0.08400304799001705,0.0
model.enc.16x16_block0.qkv,0.008396629562706497,0.008339661094284816,0.995827152277221,0.9890707808957887,1.00262967662882,0.09064025948682528,0.09126374179257662,0.0,197271,197376,0.9994680204280155,1.0,0.9890707808957887,0.09062100356866731,0.44,0.990234375,1.5441176470588236,197271,0.9890708703078538,0.09063885423815336,0.9902033424205964,0.0014114681095336243,0.001411468111031296,1.1744811789204624e-08,0.008396618969598823,0.008339649156892455,0.989070833897202,1.0026300708698905,0.09063783298644489,0.09126131545872307,0.0
model.enc.16x16_block1.affine,0.006515441989466509,0.006576947339649674,0.9961825218621674,1.0055864203164147,0.9868665654329426,0.08811886320649127,0.08889934260764065,0.0,131254,131328,0.9994365253411306,0.9999999999999999,1.0055864203164147,0.08810019941011028,0.38330372250423017,1.0070921985815602,1.5732838671760183,131254,1.005588338324217,0.08811894547788521,1.0072027884212882,0.0013566291330560168,0.0013566291329853992,6.663577914761557e-09,0.006515436841307231,0.006576953183502168,1.005588431708499,0.986865226107969,0.08811532130755319,0.0888961119993134,0.0
model.enc.16x16_block1.conv0,0.014412302640096934,0.014317563710573246,0.9958176438412601,0.989271660181727,1.0024069420965669,0.09076254951582197,0.09136985365866125,0.0,589562,590080,0.9991221529284164,1.0,0.989271660181727,0.09072516475326105,0.4507042253521127,0.9913194444444444,1.5319148936170213,589562,0.9892707801540924,0.09076233589698295,0.991224611155773,0.0020018405603047297,0.002001840560161444,6.726287788969582e-08,0.014412314647102971,0.01431755211140706,0.9892707254424132,1.0024092893458172,0.09075486983890724,0.09136225170160571,0.0
model.enc.16x16_block1.conv1,0.01434472705347366,0.01427360277934425,0.9959515310092331,0.9910133868781497,1.0009142815359338,0.08944616429442737,0.08992934764683061,0.0,589696,590080,0.999349240780911,1.0,0.9910133868781497,0.08941921116830988,0.4339622641509434,0.9914939579710911,1.5454545454545454,589696,0.9910132097341781,0.0894436412314408,0.9914158674567218,0.0016788959958759116,0.001678895995802327,4.734638671321609e-08,0.014344729479630385,0.014273598217231214,0.9910134903140169,1.0009153644019422,0.08943960790189158,0.08992278879413958,0.0
model.enc.16x16_block1.norm0,0.0003988170412288758,0.0004009683144059382,0.9964431764074821,1.001818125961461,0.991097064505727,0.08472195865531608,0.08518848547768526,0.0,512,512,1.0,1.0,1.001818125961461,0.08472195865531608,0.49923728813559326,1.0037816732197467,1.546047430830039,512,1.0019567843142818,0.08489054930940479,1.0031610818231738,0.0026780067506102893,0.002678006750563013,0.0,0.0003987828959531341,0.000400987535486569,1.0019559431572929,0.9909686727201876,0.08468584525669601,0.08516119030938323,0.0
model.enc.16x16_block1.norm1,0.0004098330457916573,0.0004114057287899412,0.9957517195782292,0.999572792124655,0.9919452538673634,0.09243218200737588,0.09280945582920834,0.0,512,512,1.0,1.0,0.999572792124655,0.0924321820073759,0.347985347985348,1.0089560880021375,1.7258234519104085,512,0.9996258507491367,0.0927606566612993,1.0089381809840092,0.0021260002029195022,0.0021260002029697854,0.0,0.0004098238447668159,0.0004114154953057652,0.9996056970338781,0.9918862729724586,0.09257980430425919,0.09295868566446132,0.0
model.enc.16x16_block1.norm2,0.0004170621416450069,0.0004190589469103827,0.9962797011929706,1.0010496775453734,0.9915324536570419,0.08659123925123585,0.08701676659994312,0.0,512,512,1.0,1.0,1.0010496775453734,0.08659123925123584,0.545516778314587,1.0039796822583709,1.73192808919517,512,1.0010654512133799,0.08659504272151974,1.0039705324847739,0.0004856835677873788,0.0004856835677875829,0.0,0.00041706086342837586,0.0004190642159472478,1.001065571473897,0.9915171848362228,0.08658982855286715,0.08701626450518352,0.0
model.enc.16x16_block1.proj,0.004816857374215359,0.004800879409373129,0.9961821751116622,0.9928777459924624,0.9994976018102196,0.08700918468686547,0.08739092039229031,0.0,65762,65792,0.9995440175097277,1.0,0.9928777459924624,0.0869980193805642,0.4594594594594595,0.9924575708732342,1.528829419646005,65762,0.9928784149256779,0.08701295533341044,0.9923503594950382,0.0014824793579808384,0.0014824793580351403,2.151455094430184e-09,0.004816859869536931,0.004800882996697816,0.9928784506559507,0.9994978530361331,0.08700376003436498,0.08738547539236399,0.0
model.enc.16x16_block1.qkv,0.008319078079434092,0.008281951909265207,0.996217199740943,0.9917713069473431,1.0006830224948007,0.08651035727607385,0.086944156338094,0.0,197272,197376,0.9994730869001297,0.9999999999999998,0.9917713069473435,0.08649117186223822,0.475,0.9923353221401705,1.5229028002638354,197272,0.991774488695989,0.08650989465785099,0.9922906150390094,0.001414818150478767,0.0014148181501522892,1.0963225702129164e-08,0.008319056478648277,0.008281954522189631,0.9917745358064176,1.0006804523162356,0.08650670232353211,0.086940334138848,0.0
model.enc.16x16_block2.affine,0.006504000249723263,0.006466150730937881,0.9965348694589193,0.9907356130300042,1.0023680717505712,0.08269200549272356,0.0831839710331057,0.0,131270,131328,0.9995583576998051,1.0,0.9907356130300042,0.08267475432551269,0.37725775721284704,0.9885057471264368,1.446584153719669,131270,0.9907368495242245,0.08268544358945183,0.9884864357532819,0.0011659216555584082,0.00116592165500121,5.759630742117156e-09,0.0065039848976196565,0.006466143181643224,0.9907371269627677,1.0023672120048204,0.08268812535621187,0.0831799882025847,0.0
model.enc.16x16_block2.conv0,0.014305742510170048,0.014215023178210563,0.9958876731457208,0.9895722886523792,1.0022433620026305,0.09002207706388243,0.09060551874710333,0.0,589551,590080,0.9991035113882863,0.9999999999999999,0.9895722886523793,0.0899860700245715,0.4469871526323139,0.9904306220095693,1.5246077158001894,589551,0.9895745883347202,0.09001428688013051,0.990341234471769,0.001972730437686772,0.0019727304375756955,6.330925793703657e-08,0.01430572627049584,0.014215029050587871,0.9895746475798314,1.0022426475920423,0.09001312762052067,0.09059638996988689,0.0
model.enc.16x16_block2.conv1,0.014424128406858598,0.014343073577254084,0.9959427819417258,0.9903461891903921,1.0015710018662303,0.08948306779487428,0.09000968771865969,0.0,589713,590080,0.9993780504338394,1.0000000000000002,0.990346189190392,0.08945473229087404,0.4358974358974359,0.9912875121006777,1.5414558321749023,589713,0.9903458565316544,0.08947385049307846,0.9912339778970611,0.0015407050688008741,0.0015407050687951652,5.034763049923108e-08,0.01442414039201973,0.01434307271738243,0.9903457868183901,1.0015723794547207,0.08947767680011297,0.09000432905371472,0.0
model.enc.16x16_block2.norm0,0.00039430667330495663,0.0003951717799315531,0.996331178077798,0.9985171230865784,0.9941500185208351,0.08576920940058226,0.08609545923594711,0.0,509,512,0.994140625,1.0,0.9985171230865784,0.08573030381884647,0.4918918918918919,0.9960159362549801,1.4221887550200796,509,0.9984759074680991,0.08570105424073071,0.9964272796125931,0.0021343881139808812,0.0021343881139896893,4.951193511053179e-11,0.0003942698596381954,0.0003951246177564037,0.9984948356493264,0.9941794961989733,0.08572436721131331,0.08605000133538615,0.0
model.enc.16x16_block2.norm1,0.00039808103046588134,0.0003956538072686781,0.9961630428885282,0.9900891286327652,1.0022742188748965,0.08698319265320358,0.08752561476330614,0.0,511,512,0.998046875,1.0,0.9900891286327652,0.0869058039962896,0.40032679738562094,0.9940119760479041,1.470478585052887,511,0.990017086018913,0.08697568519078121,0.9933410387026967,0.00210367028904412,0.0021036702890443438,1.01779243322249e-10,0.00039809723433626283,0.0003956363564145382,0.9900021737683021,1.0023562020412302,0.08700981452257683,0.08755870954775147,0.0
model.enc.16x16_block2.norm2,0.0003883240942601449,0.00038960306555565853,0.9953688079827222,0.9986471215168979,0.9921012563477167,0.09644639762675151,0.096810434176038,0.0,511,512,0.998046875,1.0,0.9986471215168979,0.09608459691415054,0.4709263015551048,0.995055945875618,1.4935246235744637,511,0.9986594753921413,0.09599110506120566,0.9950577884771444,0.0008240489535873458,0.0008240489535844391,5.013321875690484e-10,0.0003883219214702187,0.0003896053528595823,0.998659333451519,0.992090637043809,0.09643962112449476,0.09680397124483305,0.0
model.enc.16x16_block2.proj,0.004920673593637508,0.0048801262564014515,0.9960822766559451,0.9878743589353611,1.004358391220286,0.08770262692672046,0.0884351968931729,0.0,65759,65792,0.9994984192607004,1.0,0.9878743589353609,0.08768931463987256,0.4424519218391988,0.9885057471264368,1.5393312648534454,65759,0.987875176357019,0.08769059460455866,0.9885200309666055,0.001132200449523072,0.001132200449444594,2.6982256033079457e-09,0.004920666859316637,0.004880123105002781,0.9878754868010744,1.0043580859726342,0.08769802903164098,0.08843048950907145,0.0
model.enc.16x16_block2.qkv,0.008310334377553791,0.0082490810839174,0.995397468509784,0.988060655013057,1.0027887612857056,0.09512620401538681,0.09583533439905095,0.0,197255,197376,0.9993869568741893,1.0,0.988060655013057,0.09509721539020824,0.41663381515549724,0.9884836852207294,1.5628016693884945,197255,0.9880622654184038,0.09511452936090728,0.9884459576783614,0.0015976359750730998,0.001597635975167394,1.8175879763692818e-08,0.008310331032650713,0.008249087273682653,0.9880620503414247,1.0027878652679156,0.09512365217390192,0.09583266385462955,0.0
model.enc.16x16_block3.affine,0.006510488403002769,0.0065355385220920575,0.9957997167564658,0.9996312114078232,0.9919829078723152,0.0919105947489728,0.09228830800775527,0.0,131294,131328,0.9997411062378168,1.0,0.9996312114078232,0.09190289972611952,0.5590064672558956,1.00384985919668,1.7142857142857142,131294,0.9996300409974551,0.09191500963912268,1.004239313922627,0.0012933983151116287,0.001293398314417664,2.861417874020077e-09,0.006510502057003472,0.006535541926587602,0.9996296972827637,0.9919845326751906,0.0919097798838662,0.09228750328780583,0.0
model.enc.16x16_block3.conv0,0.014420480922374452,0.014368630704730089,0.9960119037986085,0.9924306477873608,0.9996060830248401,0.08889964260491276,0.08930577808389868,0.0,589574,590080,0.999142489154013,1.0,0.9924306477873606,0.08886229900753335,0.45263157894736844,0.9930795847750865,1.5269744295193377,589574,0.99243357989552,0.08888534283523841,0.992972928566662,0.00188072887922806,0.0018807288791836962,6.588419847749764e-08,0.014420455420926091,0.014368641878127562,0.9924338823207733,0.9996042508579807,0.08889196754411775,0.08929795830081413,0.0
model.enc.16x16_block3.conv1,0.014565448432345664,0.0145437758802125,0.9961526251122627,0.9946704071221599,0.9976370518442302,0.08750491324563509,0.08783218355431822,0.0,589740,590080,0.9994238069414316,1.0000000000000002,0.9946704071221598,0.08747921358106651,0.44776119402985076,0.9945168996227348,1.5402549482425199,589740,0.9946703855256778,0.08749938997276074,0.9944387451701693,0.0014548786742035998,0.001454878674185464,4.553451032391663e-08,0.01456543437104869,0.01454375765727695,0.9946704157080133,0.9976376342659179,0.08750153886255349,0.08782883200818693,0.0
model.enc.16x16_block3.norm0,0.00038610758817477804,0.000388197419085267,0.9950273588920814,1.0004130052639253,0.9896707057327309,0.10014108501364383,0.10057103243379845,0.0,509,512,0.994140625,1.0,1.0004130052639253,0.09992095421462624,0.4756635177687809,1.0099173553719007,1.5933333333333328,509,1.000402926082702,0.10046573988802913,1.009344314924087,0.005185166181352263,0.005185166181351142,3.133495071378861e-10,0.00038608817269668484,0.00038817077468172634,1.0003939698997306,0.9896881999357537,0.10014599818105827,0.10057528415883868,0.0
model.enc.16x16_block3.norm1,0.0003981480239841474,0.00040014973585571483,0.9956577165204973,1.0006634424091587,0.9906770313104601,0.09355781788464788,0.09398085925637047,0.0,510,512,0.99609375,1.0,1.0006634424091587,0.09279534647248552,0.6406904391528061,1.0071538994615916,1.5924342105263125,510,1.0006665493430071,0.0928732724853581,1.007582424485086,0.001972103509926317,0.0019721035099264502,1.075019413016341e-09,0.00039814481877223915,0.00040015168767362633,1.0006731304955678,0.9906610077673101,0.09359376702448796,0.09401740358604833,0.0
model.enc.16x16_block3.norm2,0.00042180385178345546,0.0004231732310343201,0.9964377108869403,0.9996726294878452,0.9932132604113454,0.08460579492934436,0.0849639730620315,0.0,512,512,1.0,1.0,0.9996726294878452,0.08460579492934436,0.5239314792545899,1.0024666828859514,1.5494694189017821,512,0.9996724415423979,0.08459058010756028,1.0025082233465155,0.0003102996590050373,0.00031029965900435666,0.0,0.00042180334905797366,0.0004231723038219719,0.9996721559872316,0.9932147749063055,0.0845995019670361,0.0849577069907429,0.0
model.enc.16x16_block3.proj,0.004900105587374029,0.004889521385553433,0.9962515037684159,0.9940996058568429,0.998408059829529,0.08631714734293254,0.08665445224966514,0.0,65762,65792,0.9995440175097277,1.0,0.9940996058568429,0.08630439038533505,0.47058823529411764,0.9942000165315628,1.5238095238095237,65762,0.9941003705921101,0.08631130274435027,0.9941701966051153,0.0010574832853443071,0.0010574832853999002,2.523595884828682e-09,0.004900097622728711,0.00488951587941668,0.9941006316199973,0.9984080930396757,0.08631109304135898,0.08664838052786134,0.0
model.enc.16x16_block3.qkv,0.008652696304324668,0.008643714055696517,0.9959560521456035,0.9949221634514385,0.9969910152211331,0.08974849843888935,0.09007843529018608,0.0,197268,197376,0.9994528210116731,1.0,0.9949221634514385,0.0897283712165488,0.4414823914823915,0.9948453608247423,1.546300918211791,197268,0.9949222318445892,0.0897570263644168,0.9947872867574521,0.001467811870386642,0.001467811870036613,1.290809322096413e-08,0.008652697625143094,0.008643714049305926,0.9949219699081646,0.9969911271273331,0.08974893845942805,0.09007891719779947,0.0
model.enc.16x16_down.affine,0.006346515947436531,0.006274764480146933,0.9965479928449682,0.9852813732849857,1.0079434453655152,0.08208008064638,0.08313360507594018,0.0,131257,131328,0.999459368908382,1.0000000000000002,0.9852813732849857,0.08205081995995235,0.37301076915224823,0.9873196327066025,1.482361226180613,131257,0.985281514353838,0.08206153872073733,0.9873268865794492,0.00101968801567733,0.001019688012725582,9.232354135845367e-09,0.006346519453513892,0.006274766873313764,0.9852813376340108,1.007943753703401,0.08207847154665669,0.08313198341055658,0.0
model.enc.16x16_down.conv0,0.01395207294243265,0.013821549840772718,0.9959817157917994,0.9866642026682577,1.0053872183757602,0.0887189944136279,0.08957584088426693,0.0,589593,590080,0.9991746881778741,1.0000000000000002,0.9866642026682576,0.08868413946672862,0.44214876033057854,0.9883720930232558,1.5294117647058822,589593,0.9866662572157372,0.08870583310919798,0.9883118311469314,0.00191129355310447,0.0019112935528714729,5.7447354004604324e-08,0.01395206109733166,0.013821560824472461,0.9866665225578168,1.005386277247059,0.08871137568305167,0.08956797509221617,0.0
model.enc.16x16_down.conv1,0.0142613809720914,0.014136416872791354,0.9959538339520201,0.98722687587918,1.0047579372070528,0.0890789027474143,0.08987468135156297,0.0,589689,590080,0.9993373779826464,1.0,0.9872268758791799,0.08905004049843758,0.4446508021751734,0.9882766705744431,1.5297773966597619,589689,0.9872271532862544,0.08908467186674142,0.9882299266538169,0.001826499091557274,0.0018264990914608618,4.9906218569309896e-08,0.014261364933125355,0.014136398521573048,0.9872271004572469,1.0047585144423397,0.08907449990042515,0.08987025647122869,0.0
model.enc.16x16_down.norm0,0.00031882474763148623,0.0003118062937389323,0.9938052507203298,0.9719281022800819,1.0161748323176742,0.10868912365289139,0.11182224844021116,0.0,511,512,0.998046875,1.0,0.9719281022800819,0.10867304416540016,0.24269005847953215,0.9678571428571429,2.052631578947368,511,0.971935087553539,0.10907540883561487,0.9686857169972839,0.00394250253431296,0.003942502534290834,1.6956142161141024e-11,0.00031882930650953733,0.0003118091701177219,0.971916691017268,1.0161732137551602,0.10874649938349458,0.1118808790378141,0.0
model.enc.16x16_down.norm1,0.0003988586859534258,0.0003964779977945476,0.9965364273225973,0.9905883495798583,1.002520220838542,0.08266102935263615,0.0831633526773998,0.0,511,512,0.998046875,1.0,0.9905883495798583,0.08239909933421868,0.5075757575757576,0.996031746031746,1.5,511,0.9905280389543809,0.08247102426312075,0.9957747484484597,0.002069304887507256,0.0020693048875452453,3.282709122396902e-10,0.00039884711200002896,0.000396445464222105,0.9905350669258621,1.0025726470665894,0.08266553107703332,0.08317168873464359,0.0
model.enc.16x16_down.skip,0.004666401477999147,0.004624282307462216,0.995753464523459,0.9867657445034949,1.0048230470438266,0.09122903115177675,0.09206897876907946,0.0,65777,65792,0.9997720087548638,1.0,0.9867657445034949,0.09122081729408375,0.420196319018405,0.9871959026888605,1.564360834274874,65777,0.9867644178797644,0.0912455866831104,0.9872399729982413,0.0012350080213950482,0.001235008021390349,1.5574772948422692e-09,0.004666403595488784,0.004624278392061478,0.9867646134989849,1.0048245088441436,0.0912272655739115,0.09206733014875865,0.0
model.enc.32x32_block0.affine,0.006534433027658948,0.006463287305810503,0.9973909847769665,0.9865315726019962,1.0083699337575103,0.0714028258222236,0.07234780260280797,0.0,131284,131328,0.9996649610136452,0.9999999999999999,0.9865315726019963,0.0713982036136423,0.4956694893185226,0.9762962962962963,1.358630810725051,131284,0.986531187943496,0.0714114499010274,0.976249102342028,0.0009425818009975064,0.0009425818002247,1.3451277770714532e-09,0.006534433227980738,0.006463283859207505,0.9865311215754323,1.0083706100167704,0.07140133076655293,0.07234634565236644,0.0
model.enc.32x32_block0.conv0,0.009340591199979311,0.009284085600993936,0.9960784523688758,0.9900527085607479,1.002140870576384,0.08793916170077253,0.08848505415250679,0.0,294947,295168,0.9992512738508239,1.0,0.990052708560748,0.08790843351799581,0.4407980094197104,0.9895833333333334,1.5274553123117098,294947,0.9900521630164567,0.08793352742933891,0.9895139976224152,0.001751216740846264,0.0017512167408196874,2.2500329717479584e-08,0.009340599832702091,0.00928408181358542,0.9900517085435218,1.0021425283778826,0.08793545426575144,0.08848142473032276,0.0
model.enc.32x32_block0.conv1,0.013530765167880753,0.013419969523288831,0.9959590868092377,0.9878037513466021,1.0041817529500745,0.08907272740995861,0.08981048869738929,0.0,589703,590080,0.9993611035791757,1.0,0.9878037513466023,0.08904170753777353,0.4358974358974359,0.9880239520958084,1.5402247536945823,589703,0.9878044697544215,0.08906243381380077,0.9880040848301131,0.0016669932399160034,0.0016669932397225281,4.827815624091161e-08,0.013530757031252852,0.013419964569557288,0.9878045165246181,1.0041820644494857,0.08906680596474752,0.08980449622901786,0.0
model.enc.32x32_block0.norm0,0.00022482481634283064,0.00022035396933213204,0.9964129531650583,0.9765983706579104,1.0166295614094272,0.08294120560266387,0.0855934389811633,0.0,256,256,1.0,1.0,0.9765983706579104,0.08294120560266385,0.11397058823529412,0.9672274923930553,1.5178571428571428,256,0.9764183241267906,0.08288839438020415,0.9655918102510989,0.002231065719182776,0.002231065719204075,0.0,0.00022485225891924877,0.00022033914841302978,0.9764171359830079,1.0168258286862977,0.08288270540073142,0.08557890077512367,0.0
model.enc.32x32_block0.norm1,0.0003800385488002749,0.00037471494978550367,0.9977566177996906,0.9837799931539329,1.0119318092366492,0.0660079572823502,0.06745715362848245,0.0,512,512,1.0,1.0,0.9837799931539329,0.0660079572823502,0.5635164835164835,0.9779713699098893,1.4176406926406926,512,0.983793340587604,0.0661142568111243,0.9801391916436244,0.0014873543691451786,0.0014873543691567848,0.0,0.00038004067424084106,0.0003747248339230153,0.9837907353801713,1.011900793836207,0.06615382196219018,0.06759880327079629,0.0
model.enc.32x32_block0.skip,0.0030397657297716674,0.0030103638588170373,0.9963768059782809,0.9867394375506288,1.0061083014537389,0.08422595234152816,0.08508709688492738,0.0,32999,33024,0.9992429748062015,1.0,0.9867394375506288,0.08417397238396293,0.46868351063829794,0.9867344682732699,1.5162091312895933,32999,0.9867433108258341,0.08426060788488801,0.9866338803305111,0.0024103563107004157,0.002410356310663065,3.860334014451538e-09,0.0030397556435857436,0.003010365210165226,0.9867439913077954,1.00610536460306,0.08421646656674005,0.08507710020672526,0.0
model.enc.32x32_block1.affine,0.005960475983229775,0.005938926128893774,0.996725148074197,0.9931215295352646,1.0003418426226487,0.08057159458185714,0.0809260641866873,0.0,131266,131328,0.9995278996101364,1.0,0.9931215295352646,0.08056169274244547,0.3806734131253362,0.9956872580503847,1.5160749986491597,131266,0.9931198018636677,0.08056419552711742,0.9956191909193317,0.0009413167905941945,0.0009413167928573329,2.7053899459425106e-09,0.005960477192843937,0.005938915899430668,0.9931201736937979,1.0003443290100567,0.08056458226895542,0.08091911009017155,0.0
model.enc.32x32_block1.conv0,0.013158581794787775,0.013052666286371022,0.9961448426749305,0.9881267151051014,1.0042280331245943,0.0870176255851016,0.08772651301659506,0.0,589587,590080,0.999164520065076,1.0000000000000002,0.9881267151051014,0.08697841287396978,0.4422813487881982,0.9887640449438202,1.5304203699255323,589587,0.988129032919933,0.087009969158043,0.9887034802862965,0.0020310377389596438,0.0020310377387413965,5.6383397315236844e-08,0.013158570820432152,0.01305267570012965,0.9881291990932737,1.004227433992733,0.08700700398018422,0.08771566039019288,0.0
model.enc.32x32_block1.conv1,0.01354037965559227,0.013414570120257535,0.996338955866876,0.9870815388474252,1.005683194254673,0.08469651507871132,0.0855176229799028,0.0,589694,590080,0.9993458514099783,0.9999999999999999,0.9870815388474253,0.08466995563471959,0.45201289484035384,0.986401165614376,1.5161290322580645,589694,0.9870808681081804,0.08469953289901122,0.9863570870383415,0.0016859037541479337,0.0016859037540612226,3.936179914655939e-08,0.013540386711288347,0.013414563941234215,0.9870808708967613,1.0056844882870875,0.08469292305824307,0.0855141016550465,0.0
model.enc.32x32_block1.norm0,0.00031963355425256083,0.00031928113671052434,0.9960654080960731,0.994967178832723,0.9971648495677661,0.08852340858891831,0.08884843099540002,0.0,511,512,0.998046875,1.0,0.994967178832723,0.08851083734744737,0.47580645161290325,1.0,1.6819956477214542,511,0.9951445291638107,0.08913931085252229,1.0036762256899734,0.00629538606682288,0.006295386066908024,1.0851930983130256e-11,0.0003196073427236849,0.000319312354769934,0.9951361550741618,0.9969756628114882,0.08865069068495281,0.08897343117657232,0.0
model.enc.32x32_block1.norm1,0.00037229220290475217,0.00037059717541003845,0.9967598458689446,0.9922216489064724,1.0013187995158663,0.0800689099996265,0.08046505683008104,0.0,512,512,1.0,1.0,0.9922216489064724,0.0800689099996265,0.5513840495547813,0.9954171343060232,1.5373655913978488,512,0.9921270035108822,0.08010375815011112,0.9956087132544995,0.0021338262141878486,0.0021338262141656346,0.0,0.000372320398327719,0.0003705858729562112,0.9921178619545685,1.001426801946134,0.08004043408818,0.08044214664139103,0.0
model.enc.32x32_block2.affine,0.006307410888741463,0.006241667220316847,0.9969452616110283,0.986553860151225,1.0074461160147208,0.07728933636710864,0.07819983789826211,0.0,131286,131328,0.9996801900584795,1.0,0.986553860151225,0.07727963144803379,0.625,0.9866320477232418,1.4473912610468387,131286,0.9865530518292792,0.07728132103963722,0.986627743164425,0.0008969174217044297,0.0008969174141917965,2.848284149687528e-09,0.00630740366567069,0.006241654142016137,0.9865533417522615,1.0074475010906276,0.07728391475854336,0.07819448279199522,0.0
model.enc.32x32_block2.conv0,0.013268331429097845,0.013151856675264894,0.9958329820739219,0.9870911593311298,1.0046522236692124,0.09039523501858605,0.09120265339395539,0.0,589611,590080,0.9992051925162689,0.9999999999999999,0.9870911593311299,0.09035916612622781,0.4325420455459886,0.986644407345576,1.5401459854014599,589611,0.9870908314440962,0.09038566704978858,0.9865695032991229,0.0019015971236937463,0.0019015971236907125,5.4779889227634175e-08,0.01326835256286401,0.013151866189016861,0.9870907735072035,1.0046535779104422,0.09038999810652323,0.09119746001977984,0.0
model.enc.32x32_block2.conv1,0.013259916183686857,0.013133841577087012,0.9959989082686227,0.9865290014611932,1.0055597187745837,0.08851571839438449,0.08938816035126973,0.0,589670,590080,0.9993051789587852,1.0,0.9865290014611932,0.08848439271871764,0.4312562361419069,0.9864384688160748,1.537907523510968,589670,0.9865285788312638,0.08850756016453998,0.9864112606044992,0.0015912850521256274,0.0015912850520330066,4.652885708209285e-08,0.013259923996319279,0.013133842627932588,0.9865288904152465,1.0055606296106951,0.08851131235319265,0.0893837675420044,0.0
model.enc.32x32_block2.norm0,0.00036868211242055383,0.0003622432233343986,0.9967276801479377,0.9793202205360848,1.0144445581132402,0.07942102637742672,0.08154186386398425,0.0,508,512,0.9921875,1.0,0.9793202205360848,0.07912160304163277,0.4891785150078989,0.9757585182113484,1.4420138888888887,508,0.9793730911683479,0.07912592756808681,0.9771646692037543,0.0023390818202702565,0.0023390818203054865,3.079659320017238e-10,0.00036869186942572194,0.0003622699747607368,0.9793625557787533,1.0143922784651793,0.07947494038018346,0.08158572098128358,0.0
model.enc.32x32_block2.norm1,0.0003751239687433604,0.0003737001746198999,0.9964293695791834,0.9926473924221306,1.0002257560333598,0.08411005398567717,0.08449439570232538,0.0,512,512,1.0,1.0,0.9926473924221306,0.08411005398567717,0.45341905318527176,0.9880392467720058,1.392595307917888,512,0.9925388697542709,0.08422757541919763,0.9873356317702069,0.002043589254394237,0.0020435892543966636,0.0,0.00037514523050092815,0.00037368097891390793,0.992539872320503,1.0003335549789443,0.08410420887438103,0.0844935474346667,0.0
model.enc.32x32_block3.affine,0.006047483086725074,0.005940096123280577,0.9960638722368941,0.9783764685513697,1.0140710344807964,0.08706440189709931,0.08924181121271438,0.0,131282,131328,0.9996497319688109,1.0,0.9783764685513697,0.0870498777945393,0.2368568232662193,0.9747307720120231,1.6002644553756458,131282,0.9783767263720308,0.08707058277165554,0.9746765762224374,0.0011789572451287055,0.0011789572430333792,4.414076577681788e-09,0.006047481158667744,0.005940094334995954,0.9783764998102411,1.0140710308467948,0.08706424750939872,0.08924159481820781,0.0
model.enc.32x32_block3.conv0,0.01326077668462902,0.013119797759721821,0.995846633388147,0.9852595168800884,1.0065475138680677,0.09007865555236111,0.09109574719903363,0.0,589591,590080,0.9991712988069414,1.0,0.9852595168800883,0.0900394625357303,0.4230769230769231,0.9853372434017595,1.5483870967741935,589591,0.9852608214648292,0.090061962200145,0.9852918257724413,0.0018242790449399626,0.0018242790449306244,5.924761278712618e-08,0.013260770080718107,0.013119799433698455,0.9852607989950398,1.006547564301798,0.09007142988451339,0.09108837598550469,0.0
model.enc.32x32_block3.conv1,0.013334753291265669,0.013186345477868695,0.9957874292023225,0.9847049118322481,1.0069946765191886,0.09067137727684668,0.09175608701102045,0.0,589738,590080,0.9994204175704989,1.0000000000000002,0.9847049118322477,0.09064454487734645,0.4076381196344504,0.9851116625310173,1.5588235294117647,589738,0.9847051456871595,0.09067187091093155,0.9850906498489829,0.0016401973479680519,0.00164019734789864,4.128880045529066e-08,0.013334753652115122,0.013186344614524366,0.9847051445521277,1.0069951008683142,0.09066785188814237,0.0917525296848598,0.0
model.enc.32x32_block3.norm0,0.0003634939600106328,0.00035610082307266995,0.9957908852237094,0.975537403224122,1.016464857028969,0.08979014654037576,0.09252703894324972,0.0,510,512,0.99609375,1.0,0.975537403224122,0.08962454281930701,0.33127340823970036,0.9735178791314105,1.4757647058823526,510,0.9755820865645158,0.08943849800183848,0.9729994549780241,0.002712138309567673,0.002712138309532523,1.873653708806083e-10,0.00036348617851128203,0.00035610780336520654,0.9755757077048165,1.016421399128004,0.08981232611111839,0.09253992090070552,0.0
model.enc.32x32_block3.norm1,0.00036214139700136344,0.0003584029559022316,0.996069918391282,0.9857873360868105,1.00645975658653,0.08765608492320413,0.08861807543949775,0.0,510,512,0.99609375,1.0,0.9857873360868105,0.08758725674649605,0.3398550724637681,0.9790259230164965,1.4671082686158052,510,0.9857468254768524,0.08758362295388387,0.9777139255123906,0.0020695273774598974,0.0020695273773951466,7.54972229724804e-11,0.0003621340114971178,0.00035838311173952967,0.9857546667019794,1.0064968053994732,0.08763267754387159,0.08859872205698253,0.0
model.enc.32x32_conv,0.0008975725137332387,0.0008759896952236631,0.9968893890812666,0.9729184202409069,1.0214509596978811,0.07691823377742106,0.08073212369435659,0.0,3584,3584,1.0,1.0,0.9729184202409069,0.07691823377742106,0.5632810867293626,0.9705743645794438,1.4282857142857142,3584,0.9729118217575663,0.076931098572703,0.970412574845064,0.0012068801748056498,0.0012068801748056383,0.0,0.0008975647288888632,0.0008759765211890689,0.9729120992933336,1.0214573283147141,0.07691935658768437,0.08073495150376774,0.0
model.enc.8x8_block0.affine,0.006827050172522551,0.0068477534434214045,0.9963720280978878,0.999393561482361,0.9933596299173476,0.08536261601611835,0.08571294803619772,0.0,131285,131328,0.9996725755360624,1.0,0.9993935614823608,0.08535474727054158,0.620910809241315,0.9939658062353336,1.4160817418774143,131285,0.999391570817672,0.08537155293988712,0.9939172001782802,0.0011563212951133837,0.0011563212989307667,2.98824518094029e-09,0.006827062546749669,0.0068477509726347745,0.9993914817598593,0.9933618805774127,0.08536134985239585,0.08571166820361145,0.0
model.enc.8x8_block0.conv0,0.014554079913677428,0.014535657480618776,0.9960517783612969,0.9947909843215055,0.9973141703263166,0.08866180919380408,0.08899050893878202,0.0,589567,590080,0.9991306263557483,1.0,0.9947909843215054,0.08862951102012519,0.4848110901879083,0.9944800569800569,1.4948453608247423,589567,0.9947930501521122,0.08866228283399381,0.9943613425387685,0.001982759397383018,0.0019827593978359094,5.7889765585211317e-08,0.01455409257015978,0.014535692797993903,0.9947930468513662,0.997313126294214,0.08865621870989576,0.0889848957795185,0.0
model.enc.8x8_block0.conv1,0.01470977425492512,0.014694583332546413,0.996124111374831,0.9950954046256172,0.9971538815774293,0.08786798819782486,0.08818866473350959,0.0,589699,590080,0.9993543248373102,1.0,0.9950954046256171,0.08784109299608928,0.47017282010997646,0.9947886508396062,1.5151515151515151,589699,0.9950967548872424,0.08786123564293948,0.9947076357533218,0.0016084754905335832,0.0016084754905834973,4.880315180946352e-08,0.01470976228222294,0.014694586507591359,0.9950966551608739,0.9971530805666571,0.08786552389643806,0.08818620903810179,0.0
model.enc.8x8_block0.norm0,0.0004230561341526378,0.00042052522890145545,0.9961144089830442,0.9901552206272881,1.00210946234776,0.08754176879910033,0.08807984634200144,0.0,512,512,1.0,1.0,0.9901552206272881,0.08754176879910033,0.4403571428571429,0.9859381178331357,1.587860310421286,512,0.9903032538706753,0.08748788269700747,0.9861455280333806,0.002526781702474545,0.0025267817024953684,0.0,0.00042300635168042493,0.0004205346559907528,0.9902853068755141,1.0019603354619457,0.08765172328158177,0.08818059718701113,0.0
model.enc.8x8_block0.norm1,0.00042940023063133275,0.00042996429972246307,0.9965236017647912,0.9978326559343963,0.9952162649400823,0.08342036938397161,0.08372514267550293,0.0,512,512,1.0,1.0,0.9978326559343963,0.08342036938397161,0.6609800869360902,0.9988423338752286,1.6277355072463737,512,0.9979277550336046,0.08338621245961111,0.9971495165451119,0.001980513416381421,0.001980513416395056,0.0,0.0004293967631486779,0.00043000062002335144,0.9979291637877711,0.9951283154495704,0.08337831881516951,0.08368461735103343,0.0
model.enc.8x8_block1.affine,0.007041718380469242,0.0070680375322857225,0.9967176356582734,1.000442971059901,0.9930061722356152,0.08125908253247857,0.08164185999024258,0.0,131279,131328,0.9996268884015594,1.0,1.000442971059901,0.08124086108337682,0.4854226156482011,1.0045422781271838,1.499477179137865,131279,1.0004408288080304,0.08125942005269675,1.0047413825998475,0.0012663064579472056,0.0012663064642658129,7.0074542733459e-09,0.007041733921987722,0.007068034307871239,1.0004406286239467,0.9930091364763015,0.08125490165907952,0.08163762149322272,0.0
model.enc.8x8_block1.conv0,0.014940565643559887,0.01494418450150186,0.9963692790746679,0.9966106165825468,0.9961280000086636,0.08515733347109328,0.08545745609106871,0.0,589560,590080,0.9991187635574837,1.0000000000000002,0.9966106165825467,0.08512121458256255,0.5089234088340144,0.9963011481632864,1.4698795180722892,589560,0.9966098533437823,0.08514395900543692,0.996102348183471,0.0017631659757003293,0.0017631659755062683,6.552322075666745e-08,0.014940569985241514,0.014944168193841713,0.9966097598753604,0.9961298966874492,0.08515112473931873,0.0854512685425596,0.0
model.enc.8x8_block1.conv1,0.014807948930834881,0.014799448854280991,0.9964278338689819,0.9958558631721709,0.9970001330776692,0.0844001593255172,0.08469991069594301,0.0,589719,590080,0.9993882185466377,1.0000000000000002,0.9958558631721707,0.08437697170913082,0.4915985855383491,0.995855208621166,1.5,589719,0.9958545019549098,0.08439401610924384,0.9957681932564288,0.0014745582891004002,0.0014745582891154772,4.095683268181216e-08,0.014807959781894059,0.014799433902904219,0.9958544183275649,0.99700216222031,0.08439657877481806,0.08469636785700965,0.0
model.enc.8x8_block1.norm0,0.0004428540950273756,0.0004404011632572344,0.997160526361088,0.9916373376573895,1.0027144779377626,0.07488816686606031,0.07530957208139859,0.0,511,512,0.998046875,1.0,0.9916373376573895,0.07481253669996034,0.4790750692069695,0.9959183673469387,1.3819628647214854,511,0.9916733603978227,0.07476008720121927,0.9949910634532275,0.002709553238636676,0.002709553238619103,1.059758885071314e-10,0.0004428649354479478,0.0004404274780167188,0.9916735473286309,1.002680356972762,0.07487448963773331,0.07529354012331979,0.0
model.enc.8x8_block1.norm1,0.0004293046991842322,0.0004315232571383945,0.9965321283120411,1.0016820003820326,0.9914087328906538,0.0836388834610826,0.08409519002539922,0.0,511,512,0.998046875,1.0,1.0016820003820326,0.08363703965403371,0.5141509433962264,0.9959514170040485,1.5464332256785087,511,1.001677453015092,0.08362006176954251,0.9960257221315151,0.0018266216229324702,0.0018266216228579925,2.712982745782564e-12,0.000429285863978391,0.0004315035345133109,1.0016822967065089,0.9914126567183713,0.08361321214395408,0.0840695706629254,0.0
model.enc.8x8_block2.affine,0.006789069737157393,0.006733741307014281,0.997356438005558,0.9892283485699824,1.005551312666171,0.07207235196472253,0.07269237654084429,0.0,131257,131328,0.999459368908382,1.0,0.9892283485699824,0.07205929973953305,0.5656519703719021,0.9919697685403873,1.3694267515923566,131257,0.9892251601827433,0.0720664406912181,0.9919667570619322,0.0011525934067646607,0.0011525934071795613,4.138388914271427e-09,0.006789061587705165,0.0067337102585309115,0.9892251033970598,1.0055548728383452,0.07207034107514414,0.0726906811751493,0.0
model.enc.8x8_block2.conv0,0.01471154988968957,0.014685733987312252,0.9967708807632318,0.9950217421651042,0.9985230941543068,0.08015735657863211,0.08045325186418598,0.0,589591,590080,0.9991712988069414,0.9999999999999999,0.9950217421651044,0.08012223979374496,0.515625,0.995575221238938,1.4615384615384615,589591,0.995020448693398,0.08013805122334593,0.995469014846144,0.0016207941004471353,0.0016207941004176417,5.8140222045441386e-08,0.014711567041132901,0.014685724206934817,0.9950205260087185,0.9985255319627729,0.08014968007857554,0.08044560362133191,0.0
model.enc.8x8_block2.conv1,0.01467482196971071,0.014662557159752369,0.996418105108601,0.995585326440251,0.9972515803725032,0.08449267221682642,0.08479521604351316,0.0,589744,590080,0.9994305856832972,1.0000000000000002,0.9955853264402509,0.08447109570704481,0.48507462686567165,0.9959514170040485,1.5,589744,0.9955851198746867,0.08449065245270511,0.9958528232374861,0.0014430455217162876,0.0014430455217577683,3.747031151717814e-08,0.014674816575688828,0.014662543534903894,0.9955850493416023,0.9972524230387346,0.08448930092507714,0.08479187380562091,0.0
model.enc.8x8_block2.norm0,0.0004325293052292382,0.0004306178209356674,0.9976071733634375,0.9931984306031586,1.0020354862439735,0.06883148242229459,0.06915288675730424,0.0,511,512,0.998046875,1.0,0.9931984306031586,0.06879615894650448,0.38093322606596947,0.9964444444444445,1.3475506756756757,511,0.9931592730548507,0.06893756593577033,0.996583554742285,0.0022212390656945065,0.00222123906569403,4.340772393252102e-11,0.000432527147860334,0.0004305982589693777,0.9931575805287242,1.002075319072702,0.06883858306600658,0.06916198439217495,0.0
model.enc.8x8_block2.norm1,0.00045028508001753245,0.0004488076189729518,0.9978885966704791,0.9946143564305971,1.0011736156097426,0.06473570751914871,0.06499102645948532,0.0,510,512,0.99609375,1.0,0.9946143564305971,0.06471729929643286,0.6227369876791552,0.9966386738637733,1.3883004926108349,510,0.9947475657383316,0.06465148235340454,0.9958646413477616,0.002561511834574088,0.002561511834537914,2.3060353339151792e-11,0.00045025231904021476,0.0004488360869334937,0.9947492022769491,1.0010366573941651,0.0647540009507152,0.06500562076592634,0.0
model.enc.8x8_block3.affine,0.0053970633106618475,0.005478046656921777,0.9952431370016263,1.010176836114883,0.9805302065312765,0.09888409628920387,0.10017866975804321,0.0,131245,131328,0.9993679946393762,1.0000000000000002,1.0101768361148828,0.09886856533848662,0.3125,1.0090780141843971,1.6433438512706797,131245,1.0101785042645282,0.09889483757447531,1.0092932807071586,0.0017025348767747254,0.0017025348722494063,4.269748015123926e-09,0.0053970650629940504,0.005478053903263158,1.0101780781826888,0.9805294547861468,0.09888180654775494,0.10017668551729186,0.0
model.enc.8x8_block3.conv0,0.013564061765746684,0.013552252310269249,0.9961853898290293,0.9953180679890354,0.9970534674547346,0.08718609720885719,0.08750117186790189,0.0,589676,590080,0.9993153470715835,1.0000000000000002,0.9953180679890351,0.08715693416708194,0.45454545454545453,0.9953456801656835,1.5471698113207548,589676,0.9953168095200933,0.08718915337906505,0.9952810049747043,0.0016909308889047157,0.0016909308892988522,4.46461250481502e-08,0.013564062051999393,0.013552230371978486,0.9953165805898013,0.9970552475946565,0.08718430095395537,0.08749942724882893,0.0
model.enc.8x8_block3.conv1,0.013450712484921551,0.013466490355167424,0.9958545064793564,0.997022657475418,0.9946877241349893,0.09106713938344595,0.09138956577434053,0.0,589714,590080,0.9993797451193058,0.9999999999999999,0.9970226574754182,0.09103669108911339,0.42857142857142855,0.9964664310954063,1.5716780258230978,589714,0.997022075345417,0.0910573199866235,0.996370896441759,0.0015499215160550677,0.0015499215162826593,4.7878382527362696e-08,0.013450720116712394,0.013466485596049283,0.997022154891908,0.9946890545336808,0.09106250677869744,0.0913849635337752,0.0
model.enc.8x8_block3.norm0,0.000391705933966829,0.00038669711014798603,0.9962778079643162,0.9835382000544219,1.0091824299119863,0.085098254673332,0.08638137074641362,0.0,512,512,1.0,1.0,0.9835382000544219,0.085098254673332,0.5695095948827292,0.9855423308549166,1.4603435897435897,512,0.9836043442007976,0.08509119668976838,0.9859019866643726,0.001126104901756264,0.001126104901681451,0.0,0.0003916910925356847,0.0003867068549580379,0.9835996088764658,1.0091181018665178,0.08511106987240931,0.08638480348605411,0.0
model.enc.8x8_block3.norm1,0.0003625333221075347,0.000366956992142126,0.9956920598224105,1.007841599906371,0.9836889825598552,0.09385314562220883,0.09487034149935429,0.0,511,512,0.998046875,1.0,1.007841599906371,0.09370556577275806,0.5211727927245169,1.0049627791563276,1.7278154851684264,511,1.0079966451532276,0.09345300686557237,1.004763519020882,0.003272062818822576,0.003272062819007481,1.736308957300841e-10,0.0003625365893805091,0.00036701344220168046,1.007984850335267,0.9835439072067931,0.09389577451400295,0.09493028391507531,0.0
model.enc.8x8_down.affine,0.006498954932785212,0.006532368367477913,0.9961414708814887,1.0012629878524837,0.9910461507602751,0.08821322330920241,0.08865356382056148,0.0,131261,131328,0.9994898269980507,1.0,1.0012629878524837,0.08819707743844567,0.5024038461538461,1.0,1.5737405377186113,131261,1.001264173255647,0.08820578815599212,1.000055433773633,0.0012281718937947443,0.0012281718965268349,5.741684222160451e-09,0.00649894681868877,0.006532364370077177,1.001263774659473,0.9910456677654855,0.0882115834997665,0.08865203604100375,0.0
model.enc.8x8_down.conv0,0.014553487406669282,0.014524351246192375,0.9958959856031315,0.9939021964552781,0.9978937743348277,0.09032397850676961,0.09067938436122192,0.0,589586,590080,0.9991628253796095,1.0000000000000002,0.993902196455278,0.09029318856656347,0.46218487394957986,0.9932307433090122,1.5148514851485149,589586,0.9939038251120659,0.09032314881213475,0.9931542565565818,0.0019431994787710131,0.0019431994787728268,5.621715476039629e-08,0.014553469423427683,0.014524348094362894,0.9939037025294862,0.9978932534214379,0.09031863865783643,0.09067401626834115,0.0
model.enc.8x8_down.conv1,0.014612490431568478,0.014599679538571695,0.9958609810531687,0.9949879013733093,0.996734826840964,0.09080984502425797,0.09114224668808146,0.0,589708,590080,0.9993695770065076,1.0,0.9949879013733092,0.09078065210158143,0.4444444444444444,0.9947643979057592,1.538019400110073,589708,0.994987088021998,0.09080997153447548,0.9946719025665696,0.0017722278445233568,0.0017722278446297211,5.402391022696855e-08,0.014612490946935766,0.014599664240951517,0.9949872607253534,0.9967363441457165,0.09080495843440785,0.09113739220293528,0.0
model.enc.8x8_down.norm0,0.0004355771693149106,0.0004337828363582333,0.9959014424828324,0.9917988886628973,1.0000209664244704,0.09007252116726198,0.09051233290368144,0.0,509,512,0.994140625,1.0,0.9917988886628973,0.09002053317659242,0.6434397285882434,1.0,1.6142857142857119,509,0.9917858820539228,0.09014639134263397,0.9982372849983556,0.004595792328134273,0.004595792328134879,8.478071080570512e-11,0.00043559723433321806,0.0004337966142791883,0.9917916018707977,1.0000422251167715,0.08999524199313781,0.09043528686371698,0.0
model.enc.8x8_down.norm1,0.00040265332276463576,0.0004024194906746639,0.9959227995625665,0.9953444392299771,0.9965014959604025,0.0901572425506757,0.09048218561290262,0.0,512,512,1.0,1.0,0.9953444392299771,0.09015724255067571,0.5773512180080173,1.0,1.6268398268398268,512,0.9953529390236578,0.09014131238787439,0.9992915099957701,0.002501606454312277,0.0025016064542247277,0.0,0.0004026416581095945,0.00040241217594089466,0.9953678419154273,0.9965034154123233,0.09001833825719363,0.09034254731714467,0.0
model.enc.8x8_down.skip,0.0048803910869046835,0.004864559204563875,0.9961475456693969,0.9929160647375835,0.9993895435717615,0.08740855427945501,0.08778977493490765,0.0,65778,65792,0.9997872081712063,1.0,0.9929160647375835,0.0873996514456096,0.4449680471715982,0.9926479907552375,1.5387790697674413,65778,0.992913140704608,0.08739931687247003,0.9926501503298353,0.0005407044830319974,0.0005407044830414109,1.7691561839436262e-09,0.004880396800232858,0.004864551185513087,0.9929133321262722,0.9993924279728793,0.08740755189757161,0.08778890581754459,0.0
model.map_layer0,0.005266874908317564,0.005101802661477551,0.9976248180895299,0.9663576676270551,1.0299036381757822,0.06672307504640164,0.073469076014266,0.0,66044,66048,0.9999394379844961,1.0000000000000002,0.9663576676270549,0.0667215955905897,0.6077057793345009,0.972183588317107,1.4395604395604396,66044,0.9663596419397421,0.06671991205700643,0.9721421727370568,0.00040193886709493113,0.0004018858630792162,2.6138224316050475e-10,0.005266861367742042,0.005101797527900583,0.9663593990856024,1.029902260575802,0.06672000136972796,0.07346537742215077,0.0
model.map_layer1,0.008011888452787108,0.007987503608923176,0.9959169870151361,0.9928858314551317,0.9989573963118118,0.08999902219604254,0.09038847171905154,0.0,262617,262656,0.9998515168128655,1.0000000000000002,0.9928858314551314,0.08998398986280756,0.4194174393037641,0.9914888788016342,1.6232535237274546,262617,0.9928839977931834,0.08999244834957865,0.991453331643765,0.0008325662982460716,0.0008325664615709033,8.288854940149521e-09,0.008011894715335168,0.007987494767837954,0.9928839070100217,0.9989592332041562,0.08999939678120744,0.09038895027040911,0.0
