schema,experiment_protocol,branch,origin_arm,continuation_arm,switch_relative_step,protocol,arm,target_gap_scale,denominator_gap_scale,attempted_iteration,successful_optimizer_steps,processed_nimg,processed_kimg,stage,loss,loss_nonfinite_count,raw_grad_norm,raw_grad_finite_norm,raw_grad_nonfinite_count,sanitized_grad_norm,sanitized_grad_nonfinite_count,update_norm,update_nonfinite_count,model_norm,model_nonfinite_count,ema_norm,ema_nonfinite_count,sample_count,batch_sha256,t_sha256,base_r_sha256,target_r_sha256,denominator_r_sha256,target_delta_sha256,denominator_delta_sha256,base_r_zero_count,target_r_zero_count,target_r_equal_t_count,target_scaled_to_zero_count,denominator_r_zero_count,denominator_r_equal_t_count,denominator_scaled_to_zero_count,target_delta_min,target_delta_max,target_delta_mean,denominator_delta_min,denominator_delta_max,denominator_delta_mean,factor_nonfinite_count,nonpositive_denominator_count,learning_rate,grad_scale_before,grad_scale_after,step_skipped,elapsed_sec,gpu_hours_cumulative,online_ema_distance,radam_first_moment_norm,radam_second_moment_norm
ect.q256.schedule-switch-training-telemetry/v1,q256_fresh_crossed_switch_n12_matpool_numeric_recovery_v2,AB,A,B,1,q256_target_weight_v1,B,1.1000000000000001,1.1000000000000001,4001,3990,512128,512.128000,0,16.770670652389526,0,2214.3249350665947,2214.3249350665947,0,2214.3249350665947,0,0.16992056045178525,0,3962.4063472798248,0,3962.2180757719607,0,128,5325bc4850174a857533298b8985a10b85057c1a0f92c78bf5a3b94d538a957d,06bea51976b92c63d7327e9663f8866ed3af6b3145f9b58287c94386753028a0,99fda887c2bb9f74c543f7049f2d97a2ad6af9a5dc8389e7847a2462294b41cf,941158dc2f5547e74b4e9c1bb6fa2aaa18d55363f3527931ffd4a543cc061327,941158dc2f5547e74b4e9c1bb6fa2aaa18d55363f3527931ffd4a543cc061327,5604d1d7b2844301f97360f6730c6fbf035bf159654691c2da448175ec7eafb2,5604d1d7b2844301f97360f6730c6fbf035bf159654691c2da448175ec7eafb2,0,0,0,0,0,0,0,1.26421800814569e-05,0.57135009765625,0.015078960568644106,1.26421800814569e-05,0.57135009765625,0.015078960568644106,0,0,0.0001,64,64,0,5365.447119,1.490401978,20.565701929686384,458.30183270118789,92469.82729643381
ect.q256.schedule-switch-training-telemetry/v1,q256_fresh_crossed_switch_n12_matpool_numeric_recovery_v2,AB,A,B,2,q256_target_weight_v1,B,1.1000000000000001,1.1000000000000001,4002,3991,512256,512.256000,0,14.974616169929504,0,2069.1608527454064,2069.1608527454064,0,2069.1608527454064,0,0.16425422461630371,0,3962.4066651117546,0,3962.2181704095005,0,128,e5ff3e0c394fa2d2c0812cb064c569d71725b14dff640c6c83c5160ea44869b3,077cc080b1c2f4c2111f9e1a3996322d0213851cae5d413db4fcb29490d67a71,d758a196384c70c0eada1e30904bf6e37621adb272b7630455437c4ab3398940,390e7fd6f4ba642b33a1abd4acc981a9345de683e732314c09b3c157d6e4cf9c,390e7fd6f4ba642b33a1abd4acc981a9345de683e732314c09b3c157d6e4cf9c,8a9e10fd865c5388836f1d4234dfb12227bcc32b96c92043cd127f6b352f69ae,8a9e10fd865c5388836f1d4234dfb12227bcc32b96c92043cd127f6b352f69ae,0,0,0,0,0,0,0,7.5697200372815132e-05,0.3632965087890625,0.011666138365399092,7.5697200372815132e-05,0.3632965087890625,0.011666138365399092,0,0,0.0001,64,64,0,5367.402389,1.490945108,20.564461825100235,437.96004961810996,92501.071669805839
ect.q256.schedule-switch-training-telemetry/v1,q256_fresh_crossed_switch_n12_matpool_numeric_recovery_v2,AB,A,B,3,q256_target_weight_v1,B,1.1000000000000001,1.1000000000000001,4003,3992,512384,512.384000,0,15.891008496284485,0,1666.1503117875627,1666.1503117875627,0,1666.1503117875627,0,0.15979407721740527,0,3962.4070752917046,0,3962.21826523871,0,128,4fe1e0482004c90ba79dbd8b3a4fd201c95c5c083d64d0520278704f0f7b1d8c,e451060b17e81372334002ba56d4563ce768ed96c0cee501c51a4026de59c938,bd45aba418f3d4a9e1dd890aba914406f2579e2605d224a69270a7182db4aeda,de7a9c5a37c79b00118bf1d37ea7fef64627952e3bc279bfbefd5efa285add6b,de7a9c5a37c79b00118bf1d37ea7fef64627952e3bc279bfbefd5efa285add6b,8418b894907695b10581a9cb9418bd7e78a6b0740784a4e9f55be81dc84a2a5d,8418b894907695b10581a9cb9418bd7e78a6b0740784a4e9f55be81dc84a2a5d,0,0,0,0,0,0,0,7.6139112934470177e-05,0.9469451904296875,0.019456099951639771,7.6139112934470177e-05,0.9469451904296875,0.019456099951639771,0,0,0.0001,64,64,0,5369.338061,1.491482795,20.56290767848007,447.63847339002109,92462.98203096322
ect.q256.schedule-switch-training-telemetry/v1,q256_fresh_crossed_switch_n12_matpool_numeric_recovery_v2,AB,A,B,4,q256_target_weight_v1,B,1.1000000000000001,1.1000000000000001,4004,3993,512512,512.512000,0,15.943617582321167,0,2099.7265124005348,2099.7265124005348,0,2099.7265124005348,0,0.1602339588407225,0,3962.4076289539717,0,3962.2183603821031,0,128,71ce68622ed371ce3021eee55a5bd7d6e79e86cc67154fa00a360acc576ffbc3,a145fe4e61d79f00d3ce58278f19f706450c6d80369a2bdbe127520c3cda148e,39783f12bd65b8c4fe40ca723db01f7a711478cf5e7616bfd2909f9e93bacb05,84326f7fbcc6488b94bb28aa996c20604837eacb8a0e64225b4e9b0fb24b604f,84326f7fbcc6488b94bb28aa996c20604837eacb8a0e64225b4e9b0fb24b604f,b8caf91f108c873481c6a81d4de8eeea133cf8e7db5e564093ec58bf44e9a074,b8caf91f108c873481c6a81d4de8eeea133cf8e7db5e564093ec58bf44e9a074,0,0,0,0,0,0,0,3.7030316889286041e-05,0.13223457336425781,0.011297555116470903,3.7030316889286041e-05,0.13223457336425781,0.011297555116470903,0,0,0.0001,64,64,0,5371.270826,1.492019674,20.56199159666815,503.27925151318743,92476.189275589524
ect.q256.schedule-switch-training-telemetry/v1,q256_fresh_crossed_switch_n12_matpool_numeric_recovery_v2,AB,A,B,5,q256_target_weight_v1,B,1.1000000000000001,1.1000000000000001,4005,3994,512640,512.640000,0,17.271661281585693,0,2007.328342701624,2007.328342701624,0,2007.328342701624,0,0.15931124719918446,0,3962.4081950913569,0,3962.2184559031812,0,128,b113793ea7b7580c61e663ed8e8dea31be0c0c6975b762f9afed68700a1416bf,ce44ce4b511a60c68e6a8568cff9f014d302456d9887ddb08ee1969f951dcf36,e55eaa6976deea65beeabc83f83e58711824839a2b3b71a9768bee888c01a617,5767ece3e8f070b1df496b7653139536a9181dc02a982dddb6f93fbb6fa3147c,5767ece3e8f070b1df496b7653139536a9181dc02a982dddb6f93fbb6fa3147c,8169581e3676892fb16873d72ca415f2f8b6a668ae8579d0a8cfd73f4e86496f,8169581e3676892fb16873d72ca415f2f8b6a668ae8579d0a8cfd73f4e86496f,0,0,0,0,0,0,0,2.5315792299807072e-05,0.25609207153320312,0.011632864538114518,2.5315792299807072e-05,0.25609207153320312,0.011632864538114518,0,0,0.0001,64,64,0,5373.210693,1.492558526,20.561181812670124,529.63852666514538,92474.353984505971
ect.q256.schedule-switch-training-telemetry/v1,q256_fresh_crossed_switch_n12_matpool_numeric_recovery_v2,AB,A,B,6,q256_target_weight_v1,B,1.1000000000000001,1.1000000000000001,4006,3995,512768,512.768000,0,15.765785574913025,0,1636.9939725520644,1636.9939725520644,0,1636.9939725520644,0,0.16007520638595421,0,3962.4087459558305,0,3962.2185517658622,0,128,2761db59c7c693fcb7e5df48ad64ba5c861e16c572ecb90007f068b5112bee07,b0fa9f0aadd6b3afeea87a06ef6afb65f84180e9be77512d90afaf26bdcbca5d,c31b19c77cd6a30f53c765850acdaf632972fcea776aee0da82243e300fb945d,9e74fea87c01f19b4dfe5c8f7f6e18abf8c8afb6e8b1b7f0c71bfa080b81afaa,9e74fea87c01f19b4dfe5c8f7f6e18abf8c8afb6e8b1b7f0c71bfa080b81afaa,08c4bfdc6ec3ab811cc2a4998421f56bb9ca755cac339fc8df0bdfac4f2a51f9,08c4bfdc6ec3ab811cc2a4998421f56bb9ca755cac339fc8df0bdfac4f2a51f9,0,0,0,0,0,0,0,2.457108348608017e-05,0.46865081787109375,0.019131811568513513,2.457108348608017e-05,0.46865081787109375,0.019131811568513513,0,0,0.0001,64,64,0,5375.156463,1.493099017,20.560737964025204,549.27040799367023,92425.195733403423
ect.q256.schedule-switch-training-telemetry/v1,q256_fresh_crossed_switch_n12_matpool_numeric_recovery_v2,AB,A,B,7,q256_target_weight_v1,B,1.1000000000000001,1.1000000000000001,4007,3996,512896,512.896000,0,15.627018213272095,0,1949.9424101354023,1949.9424101354023,0,1949.9424101354023,0,0.15717768270032362,0,3962.4092167570566,0,3962.2186478932904,0,128,6af977205533a00ba898fce4bb0c2c8098afc53995614db653e5b0d43d09637e,8f8c6f9e3407445a34e688b9bd202a06301439edcc6d7bb6c93a228b089e83b9,4a9ee233bc0d7e1837ffd9c39d8746a302c216d0aa22e80a013dfb5a6f2f1cfb,fbb48537fc23f7428e1b5561a6e6c2c3a0626ad27fcde4dce8edeebcc38eab76,fbb48537fc23f7428e1b5561a6e6c2c3a0626ad27fcde4dce8edeebcc38eab76,1ef5ad53d8d8946df16250778c8f5027a2feac93ae6643d576da979f8dbe5120,1ef5ad53d8d8946df16250778c8f5027a2feac93ae6643d576da979f8dbe5120,0,0,0,0,0,0,0,2.1227111574262381e-05,0.2333831787109375,0.019330100505612791,2.1227111574262381e-05,0.2333831787109375,0.019330100505612791,0,0,0.0001,64,64,0,5377.104386,1.493640107,20.560372023233729,591.15031014689339,92421.396985481668
ect.q256.schedule-switch-training-telemetry/v1,q256_fresh_crossed_switch_n12_matpool_numeric_recovery_v2,AB,A,B,8,q256_target_weight_v1,B,1.1000000000000001,1.1000000000000001,4008,3997,513024,513.024000,0,16.957653641700745,0,1643.2413951501412,1643.2413951501412,0,1643.2413951501412,0,0.15576423863729444,0,3962.4096439635596,0,3962.2187442129771,0,128,1c243939277291296f104ec2e2d10a458cb72e773b13f0eb881f29de65091bf3,b9894af0c6f521c13963f908440e33d06b8ce24f852f5d6db75b25bcf4ef20b9,3f4de8a0c5759c5a56c97e87eea363249d5b37311e7e1d933be9bd65f3904736,f1bea44117ca7fa7435ab9fe0bfcd403eeb0edd9151e001eb5c87a083e46922d,f1bea44117ca7fa7435ab9fe0bfcd403eeb0edd9151e001eb5c87a083e46922d,9ad6de6f60c225e7373eac1c3f9200c231fa33c37a1acea797f3efe561cf4a5a,9ad6de6f60c225e7373eac1c3f9200c231fa33c37a1acea797f3efe561cf4a5a,0,0,0,0,0,0,0,3.133536665700376e-06,0.16099166870117188,0.013952385692391545,3.133536665700376e-06,0.16099166870117188,0.013952385692391545,0,0,0.0001,64,64,0,5379.045963,1.494179434,20.559840581801193,569.82711336685668,92364.671117052538
ect.q256.schedule-switch-training-telemetry/v1,q256_fresh_crossed_switch_n12_matpool_numeric_recovery_v2,AB,A,B,9,q256_target_weight_v1,B,1.1000000000000001,1.1000000000000001,4009,3998,513152,513.152000,0,15.8914874792099,0,1846.4500446153008,1846.4500446153008,0,1846.4500446153008,0,0.15349971113786764,0,3962.4099363001696,0,3962.2188406664,0,128,918ce2a530ca5f3383ac0cdfa4e17aca2b9f6701495e2e6482f2750b2b4a6ab1,d824fcf25db83c438a9e65ea9bf48c5f87659963431bf02536b4a644e9930881,5f761bf52e9ccfad0c36c2ffe0087d474e5c7d9b3df4eee383a492d2d113d56e,eaba0a9c56a62b98b34fd3a587183c9ac2405b081037bd181b3d3fb93114431e,eaba0a9c56a62b98b34fd3a587183c9ac2405b081037bd181b3d3fb93114431e,0e3d08aac7c26fcfdfc98a56f3265c73e513c492d78cb914b9f59d04fcee5b0e,0e3d08aac7c26fcfdfc98a56f3265c73e513c492d78cb914b9f59d04fcee5b0e,0,0,0,0,0,0,0,1.5774858184158802e-05,0.21686935424804688,0.01491362857632339,1.5774858184158802e-05,0.21686935424804688,0.01491362857632339,0,0,0.0001,64,64,0,5380.983231,1.494717564,20.559080276745284,486.65724766523317,92340.995224881917
ect.q256.schedule-switch-training-telemetry/v1,q256_fresh_crossed_switch_n12_matpool_numeric_recovery_v2,AB,A,B,10,q256_target_weight_v1,B,1.1000000000000001,1.1000000000000001,4010,3999,513280,513.280000,0,17.302570223808289,0,2212.9905040661497,2212.9905040661497,0,2212.9905040661497,0,0.15304302354987648,0,3962.410026727202,0,3962.2189370980277,0,128,af18c435aee7adc1931b3fce5bb3354fd6ac06054449a6523cc6fa853badb30e,f17157a80a90c108c2d4a54664e790fa80c10115352e5b72aad9c0fde26cc9a6,b55a7e29cc52d554e619345f164cd73299f5b34b5eb9c3438b571d457d8950ef,50877b68a2b509a1b5b0abd7d1abe7cda17e93c123f1a691451dd5b68597b139,50877b68a2b509a1b5b0abd7d1abe7cda17e93c123f1a691451dd5b68597b139,08ddc1112a109a0ff91b52e0a18104e308fc1c40ccba2466594f4e2d6aeb9325,08ddc1112a109a0ff91b52e0a18104e308fc1c40ccba2466594f4e2d6aeb9325,0,0,0,0,0,0,0,2.4418812245130539e-05,0.14263153076171875,0.011187384021468461,2.4418812245130539e-05,0.14263153076171875,0.011187384021468461,0,0,0.0001,64,64,0,5382.917464,1.495254851,20.557698535212598,395.34565571964191,92347.297183284783
ect.q256.schedule-switch-training-telemetry/v1,q256_fresh_crossed_switch_n12_matpool_numeric_recovery_v2,AB,A,B,11,q256_target_weight_v1,B,1.1000000000000001,1.1000000000000001,4011,4000,513408,513.408000,0,16.340386390686035,0,3825.0630346919893,3825.0630346919893,0,3825.0630346919893,0,0.16584905282439066,0,3962.4100433133776,0,3962.2190334492634,0,128,3a08bc4b8ccbecb2f391aba2db68995b7dc7c5515ea05278c0ea5545bd473a69,ab185a5c93f07712bac07611c53cd31cf0df73e63b6ea6f2f13ebb5c2a24d5cf,45bd94f45cd06fd225b1408deb34df1c549e319390f29dc8c0ad9cf76c2e7183,e7ec0507d84a5fe9d9667b07cf82f1a10eb3cea76f6a0b5821432815414cc01d,e7ec0507d84a5fe9d9667b07cf82f1a10eb3cea76f6a0b5821432815414cc01d,09df542bd7acadf342870eed2c3cf3cf49f8f3b924d1f3791699c246dba77b97,09df542bd7acadf342870eed2c3cf3cf49f8f3b924d1f3791699c246dba77b97,0,0,0,0,0,0,0,8.7450724095106125e-05,0.50460052490234375,0.015916750824544579,8.7450724095106125e-05,0.50460052490234375,0.015916750824544579,0,0,0.0001,64,64,0,5384.852280,1.495792300,20.55564922870089,430.25824468661403,92603.158834173257
ect.q256.schedule-switch-training-telemetry/v1,q256_fresh_crossed_switch_n12_matpool_numeric_recovery_v2,AB,A,B,12,q256_target_weight_v1,B,1.1000000000000001,1.1000000000000001,4012,4001,513536,513.536000,0,17.73672091960907,0,2511.1193238559472,2511.1193238559472,0,2511.1193238559472,0,0.1621465002077502,0,3962.4099497446377,0,3962.2191296930891,0,128,7bc8866d53a4ccf6a10afd047ec9c0c52560b40f3ab3842aff808b1f9749d3fb,518e4f6c5dd1bb3d00f4e4ea56c387c53b38ab34b35cb2ddeb1010dd3ed8ea18,9d5676b1d762c91b9cbbb02c979c9e0c28cfd229b638e6b096aee6df09cddc91,a79fca78e5c175c54e7d4b016018a800f56c904cf90939df1c19631013de7582,a79fca78e5c175c54e7d4b016018a800f56c904cf90939df1c19631013de7582,6087630d84cb654b717c96b8eb178d3ae402783b597ff7e2bd320f0201d0441f,6087630d84cb654b717c96b8eb178d3ae402783b597ff7e2bd320f0201d0441f,0,0,0,0,0,0,0,3.7062563933432102e-06,1.189727783203125,0.020892227767035365,3.7062563933432102e-06,1.189727783203125,0.020892227767035365,0,0,0.0001,64,64,0,5386.791842,1.496331067,20.553710681150221,509.90929587271967,92674.666604542334
ect.q256.schedule-switch-training-telemetry/v1,q256_fresh_crossed_switch_n12_matpool_numeric_recovery_v2,AB,A,B,13,q256_target_weight_v1,B,1.1000000000000001,1.1000000000000001,4013,4002,513664,513.664000,0,17.045083045959473,0,2017.1795188920141,2017.1795188920141,0,2017.1795188920141,0,0.16272266424705159,0,3962.4097609415403,0,3962.2192257649995,0,128,de082a16e9881e9031a46d724b3a701fe163c081d7722d371ed9ef9de1508092,c13511c9f9ed4e5f578dc0f83ec0f0459e72848dfef2f025b9ac0364a71c3e39,ebe7e1845c67be4542dccb5ed5fe413d4b72e14d5062b2dadeab103feb48f121,0ed5a791cb60e579c9b0beeb2673ce9bb0344e5d39fc440a7a14d8b121a34b5c,0ed5a791cb60e579c9b0beeb2673ce9bb0344e5d39fc440a7a14d8b121a34b5c,9084dea76ebace8cd05a59a1290cef5abe1216017ca86cc357f4329d886fa64b,9084dea76ebace8cd05a59a1290cef5abe1216017ca86cc357f4329d886fa64b,0,0,0,0,0,0,0,5.4422300308942795e-05,0.511627197265625,0.012158817757153884,5.4422300308942795e-05,0.511627197265625,0.012158817757153884,0,0,0.0001,64,64,0,5388.727976,1.496868882,20.551628983683969,577.42254825964301,92685.161186083482
ect.q256.schedule-switch-training-telemetry/v1,q256_fresh_crossed_switch_n12_matpool_numeric_recovery_v2,AB,A,B,14,q256_target_weight_v1,B,1.1000000000000001,1.1000000000000001,4014,4003,513792,513.792000,0,17.439676284790039,0,2025.4372668248288,2025.4372668248288,0,2025.4372668248288,0,0.15841295758357499,0,3962.4095203714865,0,3962.2193216518276,0,128,0ca30ceed4d34063568ce7003a99801d3e4b60eaa712bcb8cae14d6bb8ebdd95,718c72c43854ff4c15559f03a0eb87451b0a13304051bdcc2791d042b2ffca75,a5739cb2766fc00365fdf87ee5cffef2d7d16c8e35bfa7749967d48e88cf6071,dabad677a21c16cf68b3a62ac688e2be3566839a3c6d57eccdb5b6fc8a3679ca,dabad677a21c16cf68b3a62ac688e2be3566839a3c6d57eccdb5b6fc8a3679ca,c694e9cad277e8b416f4561d28dd2f560bdb2a8afb0254e41fcd6db2d7108228,c694e9cad277e8b416f4561d28dd2f560bdb2a8afb0254e41fcd6db2d7108228,0,0,0,0,0,0,0,0.00019641686230897903,0.07135009765625,0.0091337282210588455,0.00019641686230897903,0.07135009765625,0.0091337282210588455,0,0,0.0001,64,64,0,5390.672567,1.497409046,20.5494452174126,655.35541934609262,92704.791443355905
ect.q256.schedule-switch-training-telemetry/v1,q256_fresh_crossed_switch_n12_matpool_numeric_recovery_v2,AB,A,B,15,q256_target_weight_v1,B,1.1000000000000001,1.1000000000000001,4015,4004,513920,513.920000,0,16.051222562789917,0,3295.5831215423095,3295.5831215423095,0,3295.5831215423095,0,0.174026227547396,0,3962.4093483378028,0,3962.2194173679272,0,128,51fe0c0d34c4c624630750d1d836f4f66c85cdd912ee9568fa26266c975cd8be,fb1258a24f7215ef5669081448a3292c44d56e4382bd420d9bf6224fec174654,c14018fe04edeb92e7546afaa337134e609347d3c02b5b8ad2541c887e61cd03,b9220a4a0a1a0c383159174082ffdb86ec6fd4e1f45f1ee007d97c7b4562a261,b9220a4a0a1a0c383159174082ffdb86ec6fd4e1f45f1ee007d97c7b4562a261,a8eadb78c21d343f2e6a3c7e30fd9896a967ba8cccf62b37551774e95f761733,a8eadb78c21d343f2e6a3c7e30fd9896a967ba8cccf62b37551774e95f761733,0,0,0,0,0,0,0,6.5346481278538704e-05,0.5953216552734375,0.01792461215518415,6.5346481278538704e-05,0.5953216552734375,0.01792461215518415,0,0,0.0001,64,64,0,5392.634498,1.497954027,20.547646209859877,793.63484177743976,92802.240343148296
ect.q256.schedule-switch-training-telemetry/v1,q256_fresh_crossed_switch_n12_matpool_numeric_recovery_v2,AB,A,B,16,q256_target_weight_v1,B,1.1000000000000001,1.1000000000000001,4016,4005,514048,514.048000,0,16.136993646621704,0,1517.8536078366419,1517.8536078366419,0,1517.8536078366419,0,0.16983258502825299,0,3962.4092323980967,0,3962.2195128971971,0,128,f6d9ce551b43ba96f962b22c4e83d6703743e55bb5b5e40376c2ea97ca0d29e5,ab8c5ea1efb166f146b5f7f2e2b42d55078a2e1ad2751749bd262b08da232f9b,494e9d62ec22e04da3fab7b5e805e948ec799998b565fc61943648c3b25c546a,14d9a68710bda9740b202d5727678065a642414b00eb0776af35a3785165efb4,14d9a68710bda9740b202d5727678065a642414b00eb0776af35a3785165efb4,015dca17b18a8297e3f3dbe752d826220c4b4a0e1cebb524cf625fd557bc9fa0,015dca17b18a8297e3f3dbe752d826220c4b4a0e1cebb524cf625fd557bc9fa0,0,0,0,0,0,0,0,0.00010121706873178482,0.6297454833984375,0.014688428200315684,0.00010121706873178482,0.6297454833984375,0.014688428200315684,0,0,0.0001,64,64,0,5394.573616,1.498492671,20.545807856852388,688.36453417295047,92747.4341054221
ect.q256.schedule-switch-training-telemetry/v1,q256_fresh_crossed_switch_n12_matpool_numeric_recovery_v2,AB,A,B,17,q256_target_weight_v1,B,1.1000000000000001,1.1000000000000001,4017,4006,514176,514.176000,0,16.084491729736328,0,2263.0461904685726,2263.0461904685726,0,2263.0461904685726,0,0.17091566794011612,0,3962.40919975103,0,3962.2196083630802,0,128,dac7023d484548a4c21869aa194a1ecc4b31079be713c58f1ac6711e3e0d1498,a2b0edf27d22e59a811ccebb68c336e6ba3d3b9f154c104f88316eebb9f362ab,5cbcd4c115c3541f2f28ef25ee9b191facbf0a6b266a6f13b22a4b61a4570e0b,ca4a54200c33b3869b0eecd8ab6806f98bd979b9fb6eda8cfb90d4f255bbc368,ca4a54200c33b3869b0eecd8ab6806f98bd979b9fb6eda8cfb90d4f255bbc368,3024c3b4d8b53595d38307275b4344c04f2c7ad7fc9cea4f2c6fc3ba780cb206,3024c3b4d8b53595d38307275b4344c04f2c7ad7fc9cea4f2c6fc3ba780cb206,0,0,0,0,0,0,0,2.521101851016283e-05,1.40374755859375,0.020482243038713932,2.521101851016283e-05,1.40374755859375,0.020482243038713932,0,0,0.0001,64,64,0,5396.506986,1.499029718,20.544501352555049,568.11332815005608,92767.759522661159
ect.q256.schedule-switch-training-telemetry/v1,q256_fresh_crossed_switch_n12_matpool_numeric_recovery_v2,AB,A,B,18,q256_target_weight_v1,B,1.1000000000000001,1.1000000000000001,4018,4007,514304,514.304000,0,15.623104810714722,0,2350.4074421960845,2350.4074421960845,0,2350.4074421960845,0,0.16464158539961796,0,3962.4092981843819,0,3962.219703884798,0,128,60d879d85cae4b5bc169e5706b47bc277de776a1386d6466f65518e5287afa8f,5544a12bdfc8b229827406ab0a913d0f8176dc7275fc153e17bf1b89490bf64f,8b82ac8e94d7d378341e1b4eb5c9d19fa92c85d452d2e8f0d2698007772a4689,c1be89dba8985ea7b15bb56fd2d39cb0372977509df06baf081c05e1cbf5c014,c1be89dba8985ea7b15bb56fd2d39cb0372977509df06baf081c05e1cbf5c014,d826c81cd17644045b63136b82f48699156c63c00f36063fbdbe14f5ef984915,d826c81cd17644045b63136b82f48699156c63c00f36063fbdbe14f5ef984915,0,0,0,0,0,0,0,5.4596457630395889e-05,2.5655517578125,0.032430286984890699,5.4596457630395889e-05,2.5655517578125,0.032430286984890699,0,0,0.0001,64,64,0,5398.253546,1.499514874,20.543583553491722,443.16849342107821,92814.716804472118
ect.q256.schedule-switch-training-telemetry/v1,q256_fresh_crossed_switch_n12_matpool_numeric_recovery_v2,AB,A,B,19,q256_target_weight_v1,B,1.1000000000000001,1.1000000000000001,4019,4008,514432,514.432000,0,15.074780702590942,0,3213.935190504475,3213.935190504475,0,3213.935190504475,0,0.16271673297441963,0,3962.4095243135494,0,3962.2197994637527,0,128,441a702f5eed868d2661d9745af0cef4af3854e235a1763a666b6df54f116d27,38b4427e34fb6f66da20eaa9ffddad7337bd480922c92b933370b116ddeabb7f,58f1ce75add6ddfda16110299c8db61130b80021a226b31868408b33032a7ab7,b8f30590066379bd50328ab003259892cfc1671152a98fec5bf3f5cc6b98e28c,b8f30590066379bd50328ab003259892cfc1671152a98fec5bf3f5cc6b98e28c,206eb8be2b8a725e25600f0ea3b65c92fd3d190851d1963b0b34af16f21ee542,206eb8be2b8a725e25600f0ea3b65c92fd3d190851d1963b0b34af16f21ee542,0,0,0,0,0,0,0,7.6015421655029058e-06,0.20658111572265625,0.015275811485480517,7.6015421655029058e-06,0.20658111572265625,0.015275811485480517,0,0,0.0001,64,64,0,5399.781562,1.499939323,20.543614855669396,446.4177666584884,93054.393318746996
ect.q256.schedule-switch-training-telemetry/v1,q256_fresh_crossed_switch_n12_matpool_numeric_recovery_v2,AB,A,B,20,q256_target_weight_v1,B,1.1000000000000001,1.1000000000000001,4020,4009,514560,514.560000,0,15.269927263259888,0,2210.0630652935588,2210.0630652935588,0,2210.0630652935588,0,0.16114794490813206,0,3962.4098741179082,0,3962.2198952016424,0,128,51a10535a126512a2aec887bcfb6c82a21fb770d46a0eaaba043d50dcc2903dd,f0fd18bac51143cc5c1bc5a07273f481d5e8614782bce6674d482628f40ea238,eca210a41ea9146b512669f3b365e05208dc0799e34178f4f64117c35766f4d6,f0a255f7393fdf5e995ce4ee6d50ba61cc06c9a2d4caeb36fc90ffec868f28bb,f0a255f7393fdf5e995ce4ee6d50ba61cc06c9a2d4caeb36fc90ffec868f28bb,01396d1b71eddab175935185b1d7b4810342658cf616a9b2756f48b63c8c48e2,01396d1b71eddab175935185b1d7b4810342658cf616a9b2756f48b63c8c48e2,0,0,0,0,0,0,0,2.4761538952589035e-05,0.15855789184570312,0.012605914380401373,2.4761538952589035e-05,0.15855789184570312,0.012605914380401373,0,0,0.0001,64,64,0,5401.312233,1.500364509,20.543879061513675,518.10376850273917,93049.425334162661
ect.q256.schedule-switch-training-telemetry/v1,q256_fresh_crossed_switch_n12_matpool_numeric_recovery_v2,AB,A,B,21,q256_target_weight_v1,B,1.1000000000000001,1.1000000000000001,4021,4010,514688,514.688000,0,16.298746347427368,0,1710.5168042691614,1710.5168042691614,0,1710.5168042691614,0,0.16176599628478433,0,3962.4102600535175,0,3962.2199911244479,0,128,6ef4a62e164199526880d8327f3ad24d75bd7a83f79ff9efec3dff96caf942c9,74552b8debb3c3729e6dae5a2255b7286dc894462788d9003cc1e941d5507d1e,82edcbfe846650568ce7959127014a48911f52009477aeb21a54af39d9ddab8b,338603d8700698561f89195d3508540dd7b6ddd2b0346fe9ba074387d13c2adb,338603d8700698561f89195d3508540dd7b6ddd2b0346fe9ba074387d13c2adb,da6ec8c9625a7089aad8997b801e708da7ecc888276bcaaf7b7ab032b4fa60eb,da6ec8c9625a7089aad8997b801e708da7ecc888276bcaaf7b7ab032b4fa60eb,0,0,0,0,0,0,0,0.00011923070996999741,0.13817596435546875,0.011228553077671677,0.00011923070996999741,0.13817596435546875,0.011228553077671677,0,0,0.0001,64,64,0,5402.851547,1.500792096,20.543854320016266,556.98671683927785,93010.878554060051
ect.q256.schedule-switch-training-telemetry/v1,q256_fresh_crossed_switch_n12_matpool_numeric_recovery_v2,AB,A,B,22,q256_target_weight_v1,B,1.1000000000000001,1.1000000000000001,4022,4011,514816,514.816000,0,15.041897416114807,0,2543.0374300563972,2543.0374300563972,0,2543.0374300563972,0,0.16387143123899534,0,3962.4106865394842,0,3962.2200872949747,0,128,0d00f9122166fe4c9adae7bea304d190f101a77c27800cc9fbf33430a93198e2,89c55999ed646995004b130ecf830e26db801504a619d7b1855bd7a6bf035d0a,73c3d0de94bd2576f85dce10acc4e1fafa40096dd465f7947b516e3253e773a8,8c202691d858001738fc9c15e020a605e0b379b9673863c32ee52b6359e9f71f,8c202691d858001738fc9c15e020a605e0b379b9673863c32ee52b6359e9f71f,479a122e8fbe2ee1de3794ff3959f09fcc78ea9df916d11bcec15e6655e497d6,479a122e8fbe2ee1de3794ff3959f09fcc78ea9df916d11bcec15e6655e497d6,0,0,0,0,0,0,0,5.3616706281900406e-05,0.25014114379882812,0.013636390562169254,5.3616706281900406e-05,0.25014114379882812,0.013636390562169254,0,0,0.0001,64,64,0,5404.385859,1.501218294,20.544241427926345,666.83300732316604,93090.636556748999
ect.q256.schedule-switch-training-telemetry/v1,q256_fresh_crossed_switch_n12_matpool_numeric_recovery_v2,AB,A,B,23,q256_target_weight_v1,B,1.1000000000000001,1.1000000000000001,4023,4012,514944,514.944000,0,14.613497138023376,0,1546.6374078456172,1546.6374078456172,0,1546.6374078456172,0,0.16227886117046472,0,3962.411009712087,0,3962.2201836557824,0,128,b255e07b331a87ff9761aa1585f3cf38b11debc4507f4c1b45111b19b9912b70,bad208c6a0528f1e489ba17e152912322f181558682461b0e1f4880d5080453c,2563f9b2a5120f4ddb6b561449b34834bf34bab9f6c682755d211c7431ffca34,2fd18c3c68f17f815bbcbe366b6130b80f46d06e5bb38277fc7f927b10a82e52,2fd18c3c68f17f815bbcbe366b6130b80f46d06e5bb38277fc7f927b10a82e52,d270badcf1b97b047cb645d7999e209e763eb8e5f0d1c5b87cfbd4ccf1032ca8,d270badcf1b97b047cb645d7999e209e763eb8e5f0d1c5b87cfbd4ccf1032ca8,0,0,0,0,0,0,0,5.1812385208904743e-06,0.15534591674804688,0.01186954730655998,5.1812385208904743e-06,0.15534591674804688,0.01186954730655998,0,0,0.0001,64,64,0,5405.912934,1.501642482,20.544705535118446,648.77060348263149,93021.540861660673
ect.q256.schedule-switch-training-telemetry/v1,q256_fresh_crossed_switch_n12_matpool_numeric_recovery_v2,AB,A,B,24,q256_target_weight_v1,B,1.1000000000000001,1.1000000000000001,4024,4013,515072,515.072000,0,16.524953007698059,0,1966.7853744941006,1966.7853744941006,0,1966.7853744941006,0,0.16233299808162613,0,3962.4112611861569,0,3962.2202800746704,0,128,ee676bce95cfd65646686fddcb5436b7d958e11b55245ae0e528eeb99aace7dc,eb650c607c905b52fb98f36211716a928e3ffe3c3f7635cbeb45be5c0736e2df,1a1f52d5a40a21cdac4c5e68abf5eefb2b8b602847f451fbc534fdee957976f9,6fde435e617bc10e96db7ff5996f0b6a0fbde505f62a72b108e7441efd1adf13,6fde435e617bc10e96db7ff5996f0b6a0fbde505f62a72b108e7441efd1adf13,1f24bebe308cc83a20ebdcac685aa8854ff002cbc72142e85a6bd802012ce422,1f24bebe308cc83a20ebdcac685aa8854ff002cbc72142e85a6bd802012ce422,0,0,0,0,0,0,0,2.5592627935111523e-05,0.30754852294921875,0.012825212208554149,2.5592627935111523e-05,0.30754852294921875,0.012825212208554149,0,0,0.0001,64,64,0,5407.442514,1.502067365,20.545160444449511,611.77456705035615,92970.866553465676
ect.q256.schedule-switch-training-telemetry/v1,q256_fresh_crossed_switch_n12_matpool_numeric_recovery_v2,AB,A,B,25,q256_target_weight_v1,B,1.1000000000000001,1.1000000000000001,4025,4014,515200,515.200000,0,15.819949865341187,0,2188.5872263671185,2188.5872263671185,0,2188.5872263671185,0,0.1662515598726394,0,3962.4113680901687,0,3962.2203764917035,0,128,fa9e2f93aa593fb12c7f24547092fd3c1fba6087b49eed40201f9207120d8678,f789865313571b723ffd2cab20c8e84a266f8e1a7797beb8157a38142ff09438,0aaf71b5580e22b9bda24bbc7c4e46e928fa35db015cd541888f5e8bba146b42,2907ed82dc3fe4dc3ef416e87127b4df35e08a11c8b2b0389e7a5e68e943f785,2907ed82dc3fe4dc3ef416e87127b4df35e08a11c8b2b0389e7a5e68e943f785,daf9ec53816849b6b0e59c5d8f26d922f4d45c1475de6b77839cc7282c8f84e7,daf9ec53816849b6b0e59c5d8f26d922f4d45c1475de6b77839cc7282c8f84e7,0,0,0,0,0,0,0,7.1334419772028923e-05,0.06114959716796875,0.0096605768194422126,7.1334419772028923e-05,0.06114959716796875,0.0096605768194422126,0,0,0.0001,64,64,0,5408.974705,1.502492973,20.545617805173077,549.01323838419376,92942.815113123434
ect.q256.schedule-switch-training-telemetry/v1,q256_fresh_crossed_switch_n12_matpool_numeric_recovery_v2,AB,A,B,26,q256_target_weight_v1,B,1.1000000000000001,1.1000000000000001,4026,4015,515328,515.328000,0,15.69581925868988,0,1488.4314330267989,1488.4314330267989,0,1488.4314330267989,0,0.15952928126168039,0,3962.4113449045349,0,3962.2204728620613,0,128,657ea1d51524c76a06292bc8d81de648f7d008b227176c36fc0e5bcf5ef4ed18,b9192fb9d5db5ea428f3107a1f4c14e9efefead60b5be77e7b290370737e96b4,2611e93734ce6fddd7c553cbaaa1e277f1f94cbca902c28723e4b6222c5aacfa,ff9d2ab97beed5d15972cf89f7d489391eb260a7f929ee69383cb4eca7c8883e,ff9d2ab97beed5d15972cf89f7d489391eb260a7f929ee69383cb4eca7c8883e,82e929ef9a9ae814e5812a873b21e0995358b0eafae5fcdc4a290d5e232bef6a,82e929ef9a9ae814e5812a873b21e0995358b0eafae5fcdc4a290d5e232bef6a,0,0,0,0,0,0,0,4.6983826905488968e-05,0.51569366455078125,0.020903317723423243,4.6983826905488968e-05,0.51569366455078125,0.020903317723423243,0,0,0.0001,64,64,0,5410.555304,1.502932029,20.545600335007968,490.82261391757334,92894.919721446902
ect.q256.schedule-switch-training-telemetry/v1,q256_fresh_crossed_switch_n12_matpool_numeric_recovery_v2,AB,A,B,27,q256_target_weight_v1,B,1.1000000000000001,1.1000000000000001,4027,4016,515456,515.456000,0,17.005975365638733,0,1981.8540084256006,1981.8540084256006,0,1981.8540084256006,0,0.15768587100699452,0,3962.4111578338311,0,3962.2205690401447,0,128,9cdd6b0eb952d2c682ab6b7a0181fbda538696987b12ec2d7b1680c236a209f4,f95768a79a88d7c2a2f9818440e4c62d267f4a5ef490747827eed03b2b12a8f5,95e0316d57bfe743b72a6f0bc0dcd40e202836e7a358d2edeba52f0ad31561fd,7277e7b82e829c549d87cd37011227fab4db392b2e19a193cc299f3b4a44e58e,7277e7b82e829c549d87cd37011227fab4db392b2e19a193cc299f3b4a44e58e,978256a0ce3bcf86373c90f108e2de79faf7a5f2d4f2e2e54b596848bc80aa46,978256a0ce3bcf86373c90f108e2de79faf7a5f2d4f2e2e54b596848bc80aa46,0,0,0,0,0,0,0,2.78054503723979e-05,0.28649139404296875,0.014411256881430745,2.78054503723979e-05,0.28649139404296875,0.014411256881430745,0,0,0.0001,64,64,0,5412.085923,1.503357201,20.545197888793275,462.32438908406226,92872.756352669196
ect.q256.schedule-switch-training-telemetry/v1,q256_fresh_crossed_switch_n12_matpool_numeric_recovery_v2,AB,A,B,28,q256_target_weight_v1,B,1.1000000000000001,1.1000000000000001,4028,4017,515584,515.584000,0,13.305814385414124,0,2616.7503492504275,2616.7503492504275,0,2616.7503492504275,0,0.16143627118761411,0,3962.4107440812381,0,3962.2206648458664,0,128,43f73493e50d1d3a06110d5ba03f8a7d8310ddcd18ffe133f915f102a7655dc1,f0b94a33193ca1396c2ee37982579f7446a88d72d8e9aca43285908a784dbc4e,6677013d3b273806a709dbf9c817a96e16ae62a0e5ade7f8f7e002d9156b0bd5,f7fe9ab9ee3f43ac24350bb067c8223498f01f83e06c9ee2789d926f72af26e3,f7fe9ab9ee3f43ac24350bb067c8223498f01f83e06c9ee2789d926f72af26e3,b0a792e2a2108137a46285f67820c5a689aae709219020f1c7ba16ab6784cfb6,b0a792e2a2108137a46285f67820c5a689aae709219020f1c7ba16ab6784cfb6,0,0,0,0,0,0,0,8.4343831986188889e-05,0.339599609375,0.019028046634048223,8.4343831986188889e-05,0.339599609375,0.019028046634048223,0,0,0.0001,64,64,0,5413.619196,1.503783110,20.544645302891677,486.25110085135259,92929.463855577531
ect.q256.schedule-switch-training-telemetry/v1,q256_fresh_crossed_switch_n12_matpool_numeric_recovery_v2,AB,A,B,29,q256_target_weight_v1,B,1.1000000000000001,1.1000000000000001,4029,4018,515712,515.712000,0,17.111144661903381,0,2874.1753143045376,2874.1753143045376,0,2874.1753143045376,0,0.16686409357897261,0,3962.4101603243098,0,3962.2207601669779,0,128,4acfbcb14d12312e09e87df6b0e9409c189a83ede0b88387219ede502031e1bf,f998666c3cc86219725b95c3cb5897cc24ce3494568254ebbff611ffa13799de,a3d546420fa2f502ce74f2a55f7c0da87da03bb9a965898de63c043ac5a98a99,aac4c285374de09be05b46e1d2354dad561fcb31485d457a469898a517211a1f,aac4c285374de09be05b46e1d2354dad561fcb31485d457a469898a517211a1f,12e7831283ee40189554a098f5b6a1a099e4a170af7a4eaa704500b69e753ee2,12e7831283ee40189554a098f5b6a1a099e4a170af7a4eaa704500b69e753ee2,0,0,0,0,0,0,0,3.355939406901598e-05,0.17064285278320312,0.01251695305109024,3.355939406901598e-05,0.17064285278320312,0.01251695305109024,0,0,0.0001,64,64,0,5415.148908,1.504208030,20.543799970895776,504.45663666777295,93062.018933745479
ect.q256.schedule-switch-training-telemetry/v1,q256_fresh_crossed_switch_n12_matpool_numeric_recovery_v2,AB,A,B,30,q256_target_weight_v1,B,1.1000000000000001,1.1000000000000001,4030,4019,515840,515.840000,0,16.955486536026001,0,3141.4627853863908,3141.4627853863908,0,3141.4627853863908,0,0.17002833674590445,0,3962.4094449896484,0,3962.2208548918347,0,128,acadd5b15b7681eceadab742201c49d5263f62d32573cf666f5a4eae55019ed9,7344be09e679f70a88fdc5253f262b7ac8e506d89b73710afc6262a15c4cfd8a,94836a48a9fb40aab97e981caf75ddab0c38ab1ad328278410300a3b725455b8,a3808c4326d785f5c06b42896e67b98ea240ce4aa7abfaa072b82e02eb97c789,a3808c4326d785f5c06b42896e67b98ea240ce4aa7abfaa072b82e02eb97c789,0bf71ffa00291a10da7b57ce8ccb1f85a097e7ee1afde9413bbbfb8931899f6d,0bf71ffa00291a10da7b57ce8ccb1f85a097e7ee1afde9413bbbfb8931899f6d,0,0,0,0,0,0,0,6.9189118221402168e-06,0.5924530029296875,0.013767710537649691,6.9189118221402168e-06,0.5924530029296875,0.013767710537649691,0,0,0.0001,64,64,0,5416.675755,1.504632154,20.542972137212871,618.27314316307388,93246.966532367587
ect.q256.schedule-switch-training-telemetry/v1,q256_fresh_crossed_switch_n12_matpool_numeric_recovery_v2,AB,A,B,31,q256_target_weight_v1,B,1.1000000000000001,1.1000000000000001,4031,4020,515968,515.968000,0,15.614514231681824,0,1701.597915596127,1701.597915596127,0,1701.597915596127,0,0.16962528714044164,0,3962.4086427339303,0,3962.2209490312057,0,128,eab3ff22affee0c37b5e8489c12e072d4de15b262afcfd2e53c69ca1d2509bd1,b6026b4e441ebf87af6ff8d831cc53876bac7eac7b015be796f9c9d3c9939383,9dc25c992ad34fce38d147a7ada60559b71d09eee56a711bb8c4eb584dbfaedc,7f6b1b2270bdff0d7cfe9c8e46144eaf5c96fff2aabf86480f39e447a4112974,7f6b1b2270bdff0d7cfe9c8e46144eaf5c96fff2aabf86480f39e447a4112974,587dafc7ef75c851d7f7512627594d359f16aa75cfc7606a56dab6deb21d5660,587dafc7ef75c851d7f7512627594d359f16aa75cfc7606a56dab6deb21d5660,0,0,0,0,0,0,0,9.9437311291694641e-05,0.35189056396484375,0.014125927817076445,9.9437311291694641e-05,0.35189056396484375,0.014125927817076445,0,0,0.0001,64,64,0,5418.205644,1.505057123,20.542080722926823,615.01131408154367,93193.8676401173
ect.q256.schedule-switch-training-telemetry/v1,q256_fresh_crossed_switch_n12_matpool_numeric_recovery_v2,AB,A,B,32,q256_target_weight_v1,B,1.1000000000000001,1.1000000000000001,4032,4021,516096,516.096000,0,16.689043402671814,0,2290.9585884388707,2290.9585884388707,0,2290.9585884388707,0,0.16513157377987886,0,3962.407788374237,0,3962.2210425195826,0,128,18f8897a644e5f07ae3caee25e81b9736bae9a5ff91fe8dff96a76bc4e629f41,b581ce13622211337ce00b5da3e1bb808069f6f9e7b01d8fd922f366b8fc9520,6919b3ce33c6e3d6b58e84066d8e0dbbf72e93c49825ec6d1f26e2841b147124,3378af321c147cee152fb2252888b415c8d38cee44e65ee66042aed9f58a7fd6,3378af321c147cee152fb2252888b415c8d38cee44e65ee66042aed9f58a7fd6,4f48d124ac63ff71f3bf61e30f82d7d0f1caef0be0d0a27acde51ee515fde541,4f48d124ac63ff71f3bf61e30f82d7d0f1caef0be0d0a27acde51ee515fde541,0,0,0,0,0,0,0,6.9904141128063202e-05,0.1540679931640625,0.0096529349684715271,6.9904141128063202e-05,0.1540679931640625,0.0096529349684715271,0,0,0.0001,64,64,0,5419.730802,1.505480778,20.540511727926528,703.3818079101618,93262.396186877115
ect.q256.schedule-switch-training-telemetry/v1,q256_fresh_crossed_switch_n12_matpool_numeric_recovery_v2,AB,A,B,33,q256_target_weight_v1,B,1.1000000000000001,1.1000000000000001,4033,4022,516224,516.224000,0,15.128344297409058,0,1753.46899636647,1753.46899636647,0,1753.46899636647,0,0.16122705327858794,0,3962.4069880501338,0,3962.2211353732027,0,128,4f59053b553b12813ca54ecfa0a5f9a5451175f7bb4132a0b76d70f2c9640059,907035eb0b5e4f6b27f30158973c66226f6dce426f7e18f4222f7096e60a0db0,74d0d7793c213e90353b449e8d72fe4e0bb9c84cecb32a69f40010a21749cf31,9ffeb0be6ede9845bb73e7c698e285601c7eaf6179ada7eae6566175cae91871,9ffeb0be6ede9845bb73e7c698e285601c7eaf6179ada7eae6566175cae91871,0c5d9f17d6db23aab4bd508a0a9d6ef7383b56341514c31eb3ce26d240d35541,0c5d9f17d6db23aab4bd508a0a9d6ef7383b56341514c31eb3ce26d240d35541,0,0,0,0,0,0,0,0.00015161791816353798,0.19989013671875,0.013533514749724418,0.00015161791816353798,0.19989013671875,0.013533514749724418,0,0,0.0001,64,64,0,5421.259816,1.505905504,20.538898670530976,743.94748838165606,93248.26540074333
ect.q256.schedule-switch-training-telemetry/v1,q256_fresh_crossed_switch_n12_matpool_numeric_recovery_v2,AB,A,B,34,q256_target_weight_v1,B,1.1000000000000001,1.1000000000000001,4034,4023,516352,516.352000,0,14.77169942855835,0,1392.5994088221403,1392.5994088221403,0,1392.5994088221403,0,0.15494153442502406,0,3962.4062628824486,0,3962.221227698099,0,128,fdeeb9bdb4129ccc77db98faca163ccd1784cfd0bce5d0ee6e6521e22f1d3b09,9d70cc1e6a80408e821d9d19b533d9d2439a8db42218476f7c0533e6d0e05aa5,0f663336e304473c582c097e43806025f27dd8f2ba25f22cf5711115460568a5,c8e514e205c0f36ae9e2b7778d2fc38a871a787d72892a6de09696db2f624cdf,c8e514e205c0f36ae9e2b7778d2fc38a871a787d72892a6de09696db2f624cdf,ea06e077f78546b3433a2758fe1c7369cb5628dcc2a075dfeab92d9b6ff1713d,ea06e077f78546b3433a2758fe1c7369cb5628dcc2a075dfeab92d9b6ff1713d,0,0,0,0,0,0,0,5.9883343055844307e-05,0.26430511474609375,0.016770474379882216,5.9883343055844307e-05,0.26430511474609375,0.016770474379882216,0,0,0.0001,64,64,0,5422.787807,1.506329946,20.537836250019435,637.33972319143174,93194.694510388596
ect.q256.schedule-switch-training-telemetry/v1,q256_fresh_crossed_switch_n12_matpool_numeric_recovery_v2,AB,A,B,35,q256_target_weight_v1,B,1.1000000000000001,1.1000000000000001,4035,4024,516480,516.480000,0,15.990734219551086,0,1779.3996789438088,1779.3996789438088,0,1779.3996789438088,0,0.1490701973470698,0,3962.4056899578231,0,3962.2213195204381,0,128,105f87f2519ba6221b243bf7bfde8ed33501def96faee82f1edaee43f811ec88,8ec3a8526bff2538d4be6ff9f8d2cfbf2f29a4b49305576c79abd507dc21be90,8c9b16eb70fe81735e2c139a3667586c0ab1b653fde8a33222426f724dbe770c,ad47a10ad5546422d88fad7cf11c70c4bd3bccabc499328eb6a477348ea903bf,ad47a10ad5546422d88fad7cf11c70c4bd3bccabc499328eb6a477348ea903bf,d300644040aa0210c9ff4dd563389cb63a1ae6402cbbb2a02a47d3410e7237e5,d300644040aa0210c9ff4dd563389cb63a1ae6402cbbb2a02a47d3410e7237e5,0,0,0,0,0,0,0,4.3324427679181099e-05,0.20581436157226562,0.013105650898069143,4.3324427679181099e-05,0.20581436157226562,0.013105650898069143,0,0,0.0001,64,64,0,5424.314891,1.506754136,20.536789621811078,501.3730515799254,93161.285529099448
ect.q256.schedule-switch-training-telemetry/v1,q256_fresh_crossed_switch_n12_matpool_numeric_recovery_v2,AB,A,B,36,q256_target_weight_v1,B,1.1000000000000001,1.1000000000000001,4036,4025,516608,516.608000,0,16.209517359733582,0,1911.987795917737,1911.987795917737,0,1911.987795917737,0,0.15156825756909711,0,3962.4052130557238,0,3962.2214109757297,0,128,dd2ff1a069703d77daece88c9ab161cde195bc830851eadfec7ac396cb4f4f7d,1836b8e3afda86a6d577d9474e37cdf5681d79e7f15165074440fd854a08ad05,78834c98267b5a0798e74d49b55ee48ac214e591690dc730355d39b97c27a415,bceadbcd27317ab8926225f141cd7879cadb1621089c91c311b3ad6c9e3cb24b,bceadbcd27317ab8926225f141cd7879cadb1621089c91c311b3ad6c9e3cb24b,15da5a6119ab0c665c6e730ccba208662596dbefdb73df151ed04f08a1a31dda,15da5a6119ab0c665c6e730ccba208662596dbefdb73df151ed04f08a1a31dda,0,0,0,0,0,0,0,4.3474137783050537e-05,0.20953369140625,0.016119831125251949,4.3474137783050537e-05,0.20953369140625,0.016119831125251949,0,0,0.0001,64,64,0,5425.844927,1.507179146,20.535520993356926,465.55084737244573,93107.761584584427
ect.q256.schedule-switch-training-telemetry/v1,q256_fresh_crossed_switch_n12_matpool_numeric_recovery_v2,AB,A,B,37,q256_target_weight_v1,B,1.1000000000000001,1.1000000000000001,4037,4026,516736,516.736000,0,16.484346866607666,0,2173.5168008318697,2173.5168008318697,0,2173.5168008318697,0,0.14683847541431488,0,3962.404980240352,0,3962.2215021889469,0,128,e4b555cd7bbd877d29c429418ef9511d6554870448a5881d50d2d813bf6b1c92,45f408afb5f184824d7823e5e02811288b9eb6204b4dfc134dfd8f639958d438,9f07226ecc5ad865dda1158442f14152bb1a12581fe1aec27f07c7b8ef86a367,11107eb9a671b1804559614d9a9c0ccd0de85c310b1ff5d720075c68f43dce72,11107eb9a671b1804559614d9a9c0ccd0de85c310b1ff5d720075c68f43dce72,76d573718d944f933dd2d08089882cf4e21355b16822ee692599b470f134562a,76d573718d944f933dd2d08089882cf4e21355b16822ee692599b470f134562a,0,0,0,0,0,0,0,6.8047374952584505e-06,0.23563766479492188,0.015098735282663256,6.8047374952584505e-06,0.23563766479492188,0.015098735282663256,0,0,0.0001,64,64,0,5427.371767,1.507603269,20.534449863168195,395.27517118123609,93140.084741961982
ect.q256.schedule-switch-training-telemetry/v1,q256_fresh_crossed_switch_n12_matpool_numeric_recovery_v2,AB,A,B,38,q256_target_weight_v1,B,1.1000000000000001,1.1000000000000001,4038,4027,516864,516.864000,0,15.744123697280884,0,2184.1791924113377,2184.1791924113377,0,2184.1791924113377,0,0.14397107470156098,0,3962.404995063458,0,3962.2215933655161,0,128,df58e4190dd53d9bf5a2d899cab199b4b87ff6d4c15ffc7faaa92822739e53b3,6f1a50c52745b4e2eeadef74cde1021f8c6d71f3df49a5351080bd327b9095dd,618b73e83157c6597581f2458110bfa21ae4f63c25a78071da91441f67dcf044,037d3f57d54b6f47a61a1717af2f1adc8ef825bd4a3b82c4334f1ca9aa3b9770,037d3f57d54b6f47a61a1717af2f1adc8ef825bd4a3b82c4334f1ca9aa3b9770,1c7229e2d17bae1b7c12ea6a81417ba9f9f90aaf95120aa89c6d85f89bb71365,1c7229e2d17bae1b7c12ea6a81417ba9f9f90aaf95120aa89c6d85f89bb71365,0,0,0,0,0,0,0,3.0566472560167313e-05,0.09635162353515625,0.0097433663904666901,3.0566472560167313e-05,0.09635162353515625,0.0097433663904666901,0,0,0.0001,64,64,0,5428.903247,1.508028680,20.533423840985535,357.24188982817998,93150.378645888137
ect.q256.schedule-switch-training-telemetry/v1,q256_fresh_crossed_switch_n12_matpool_numeric_recovery_v2,AB,A,B,39,q256_target_weight_v1,B,1.1000000000000001,1.1000000000000001,4039,4028,516992,516.992000,0,16.606442332267761,0,1530.5786124690401,1530.5786124690401,0,1530.5786124690401,0,0.14485644845646037,0,3962.4052137176564,0,3962.2216846674378,0,128,5e977f4565b5cf9763a3e4648097d8894b3b3234d4b6c68e38175d5a05cfc1cc,554502ca8c20a3aeee856332dd5f0d4bedf63d0096f883b4faae9aae7ea02773,b52b8d6b6e3241b1dc6bab83bb2875b04d8d2418bedd69f8ddc2098a4d70290e,abe4adab451a84c6b2cd5e8f6fc545914ed5331b64a2e8d274f919b72802ff81,abe4adab451a84c6b2cd5e8f6fc545914ed5331b64a2e8d274f919b72802ff81,e765c123ffda78023e61c86de5a795c8642d34430667b88a2846de20c87e475e,e765c123ffda78023e61c86de5a795c8642d34430667b88a2846de20c87e475e,0,0,0,0,0,0,0,4.2656669393181801e-05,0.13320732116699219,0.0090264292084611952,4.2656669393181801e-05,0.13320732116699219,0.0090264292084611952,0,0,0.0001,64,64,0,5430.435320,1.508454256,20.532267006079785,375.24720203264656,93101.719049152845
ect.q256.schedule-switch-training-telemetry/v1,q256_fresh_crossed_switch_n12_matpool_numeric_recovery_v2,AB,A,B,40,q256_target_weight_v1,B,1.1000000000000001,1.1000000000000001,4040,4029,517120,517.120000,0,16.449602842330933,0,2036.9219579560158,2036.9219579560158,0,2036.9219579560158,0,0.15435656379313495,0,3962.4055305706229,0,3962.2217761457455,0,128,ba43614872de690797c46a87ccbc47bc9b1cfa65b8a6e3c72b6737a3c9b0d77b,28c5c21c5ae08c6a6f2c1fe22a4355824d44cbd1d30c06fff6eab0d3de7c0e75,38c486b38cdb2ff2a3e12d9ff036b473a3f0b09bc3f0e2e377a9047e129c07fa,8338515ebafddbe2d3812899a234f263ea8df9706830aca418571a5dc1f5ce55,8338515ebafddbe2d3812899a234f263ea8df9706830aca418571a5dc1f5ce55,3eeb7c457b579938b38dd3b5eda65f585202a4224ceb4d6b9b92499362adbf8b,3eeb7c457b579938b38dd3b5eda65f585202a4224ceb4d6b9b92499362adbf8b,0,0,0,0,0,0,0,7.8490469604730606e-05,0.31644439697265625,0.015318465593736619,7.8490469604730606e-05,0.31644439697265625,0.015318465593736619,0,0,0.0001,64,64,0,5431.971849,1.508881069,20.531700376546603,425.98697570241688,93062.87645365308
ect.q256.schedule-switch-training-telemetry/v1,q256_fresh_crossed_switch_n12_matpool_numeric_recovery_v2,AB,A,B,41,q256_target_weight_v1,B,1.1000000000000001,1.1000000000000001,4041,4030,517248,517.248000,0,15.376299142837524,0,2232.844374242839,2232.844374242839,0,2232.844374242839,0,0.15337079814518104,0,3962.4059682129018,0,3962.2218678334148,0,128,6b767714db4aae738187fb91c2daa1a60e1b90e9e366453e093015b5129e923b,580c8c29e460a38aaa6c9563c77dc6c99ff07a9a6d9ea062ab7f99b67c076d35,ee46b7becb9efd7b1f05e8ed0eb7b9bcaf782e62d259e65c5d882995d4ff1ac7,fce5eeb793a3e917347c774c28d1f44966a9d2edf5413a8974014fa7c611d4a9,fce5eeb793a3e917347c774c28d1f44966a9d2edf5413a8974014fa7c611d4a9,1880215752e1c303ee7a876992bae920a7dd0cc5e59191cfa3bb0abfdea3a7bc,1880215752e1c303ee7a876992bae920a7dd0cc5e59191cfa3bb0abfdea3a7bc,0,0,0,0,0,0,0,4.9681402742862701e-05,0.24323654174804688,0.013316218333784491,4.9681402742862701e-05,0.24323654174804688,0.013316218333784491,0,0,0.0001,64,64,0,5433.503414,1.509306504,20.531634510116543,503.37276655758046,93097.769299265085
ect.q256.schedule-switch-training-telemetry/v1,q256_fresh_crossed_switch_n12_matpool_numeric_recovery_v2,AB,A,B,42,q256_target_weight_v1,B,1.1000000000000001,1.1000000000000001,4042,4031,517376,517.376000,0,15.869217157363892,0,1455.3209039834662,1455.3209039834662,0,1455.3209039834662,0,0.15135348714345337,0,3962.4064859507239,0,3962.2219598430011,0,128,7bff1a5bce250dfa7debcf1886efed09360479b3c64bd606b9f85b1ca49f16f3,2b5d48f3738571ddf46097027919f5217d1b74c619b26cd95322d3e295bc1ea5,aad9f62673ba48a5a5b3fbcaa3e7c6e007f5fbfa1a1954956207d04e26c49f84,854f3c2b41b8c212bec6d5c5e20a298625100aaa56b0440bf89935b783f63e4c,854f3c2b41b8c212bec6d5c5e20a298625100aaa56b0440bf89935b783f63e4c,2999805adae476d578920716bfd11c5726d6fbef4596f3ec18af48a7f35538b6,2999805adae476d578920716bfd11c5726d6fbef4596f3ec18af48a7f35538b6,0,0,0,0,0,0,0,3.8949889130890369e-05,0.34249114990234375,0.013127529469784349,3.8949889130890369e-05,0.34249114990234375,0.013127529469784349,0,0,0.0001,64,64,0,5435.036446,1.509732346,20.531468299735508,468.45148496738517,93040.819075563064
ect.q256.schedule-switch-training-telemetry/v1,q256_fresh_crossed_switch_n12_matpool_numeric_recovery_v2,AB,A,B,43,q256_target_weight_v1,B,1.1000000000000001,1.1000000000000001,4043,4032,517504,517.504000,0,16.157000303268433,0,1845.7209703538306,1845.7209703538306,0,1845.7209703538306,0,0.15335236948303149,0,3962.4070443754135,0,3962.2220522241173,0,128,02101bf23ca86f601187ddc9febe3fed95383433f88deb7e7d423003d6480f8c,c579ef8fb08d66e578060aef075b4ead7088b6ef9c1eb6294fad5401114336d2,6590f946181ea7fcdcafd8abb2b82762039d0629d19226b594fa411325154a9b,2de2dfa78d532b3f41fbe46aab1ea6e462cf9138a52edd3462b5746df0eceef7,2de2dfa78d532b3f41fbe46aab1ea6e462cf9138a52edd3462b5746df0eceef7,810ab1e1e6e69b3c73a0abfdb67f52d62ad0fde0a6f9560654b27042d6ea74c7,810ab1e1e6e69b3c73a0abfdb67f52d62ad0fde0a6f9560654b27042d6ea74c7,0,0,0,0,0,0,0,1.5184748917818069e-05,0.3925323486328125,0.014575829147361219,1.5184748917818069e-05,0.3925323486328125,0.014575829147361219,0,0,0.0001,64,64,0,5436.566825,1.510157451,20.531749193679346,481.57988195655952,93004.673476791373
ect.q256.schedule-switch-training-telemetry/v1,q256_fresh_crossed_switch_n12_matpool_numeric_recovery_v2,AB,A,B,44,q256_target_weight_v1,B,1.1000000000000001,1.1000000000000001,4044,4033,517632,517.632000,0,16.316169619560242,0,1571.0033884363256,1571.0033884363256,0,1571.0033884363256,0,0.14904705966421145,0,3962.4075943755784,0,3962.2221448825394,0,128,e27d7e1fb0c69bc3bd0655c52ab90bac6ea9a1fe56b8b8b7930a7bfc2598cab0,beaf3f73f10c5e1674e2694f9d632562c6fd877395840fe588c0996f0a00c4e1,9a4c41e5c2b4898f8a0d69ec16af309bda4b543863f3ed6accd0c96e36879f9b,a0ea4d09185ba8d510644b688c3832e8599f11ce8dadae89131dc4fbd0b054a2,a0ea4d09185ba8d510644b688c3832e8599f11ce8dadae89131dc4fbd0b054a2,5edea1f9548115e2c1c86addedaa4f4b0ddcc88d782deea978894430cacbd704,5edea1f9548115e2c1c86addedaa4f4b0ddcc88d782deea978894430cacbd704,0,0,0,0,0,0,0,0.00013082986697554588,0.68206787109375,0.015648214495740831,0.00013082986697554588,0.68206787109375,0.015648214495740831,0,0,0.0001,64,64,0,5438.100306,1.510583418,20.531587702142147,459.37509564759387,92941.355637979475
ect.q256.schedule-switch-training-telemetry/v1,q256_fresh_crossed_switch_n12_matpool_numeric_recovery_v2,AB,A,B,45,q256_target_weight_v1,B,1.1000000000000001,1.1000000000000001,4045,4034,517760,517.760000,0,18.032314777374268,0,2460.6177601716045,2460.6177601716045,0,2460.6177601716045,0,0.15254428312934457,0,3962.4081344819465,0,3962.2222378445472,0,128,66405923918f301349e776c597f2a9c85c0e77f1a20cabff0d53918dee5107a3,00bb823e07a2177eafe8e728bf9759d3d687f704fa2e73f25feb3d9811ccd6e9,7634f956ebf27eaf00da525035da994515d04fb1327088b0569a02b1fccbcd2c,adf88aa835a554657297c6f7784d7374d1ef7a6f502a3f743580ea8f9b064ac9,adf88aa835a554657297c6f7784d7374d1ef7a6f502a3f743580ea8f9b064ac9,33fd2e5a2c616d10e2ce8f62d9e7361afbfce81a0c744bfc203edc8fbe1cdfa8,33fd2e5a2c616d10e2ce8f62d9e7361afbfce81a0c744bfc203edc8fbe1cdfa8,0,0,0,0,0,0,0,9.5648574642837048e-06,0.091253280639648438,0.0090165836736559868,9.5648574642837048e-06,0.091253280639648438,0.0090165836736559868,0,0,0.0001,64,64,0,5439.629704,1.511008251,20.53067513006625,477.8615132498702,92992.75253508045
ect.q256.schedule-switch-training-telemetry/v1,q256_fresh_crossed_switch_n12_matpool_numeric_recovery_v2,AB,A,B,46,q256_target_weight_v1,B,1.1000000000000001,1.1000000000000001,4046,4035,517888,517.888000,0,15.625069379806519,0,1792.6414993153755,1792.6414993153755,0,1792.6414993153755,0,0.15398170171436795,0,3962.4086444531144,0,3962.2223310807967,0,128,c654b18b6855d5bdf3fd77e21489c9791444fe171d86c5460dd157216252c066,936700dab6e47e4e070424a19a092fd3e4ad8b5031011393893023cf2f99fd90,d7c168645d48c72128ea08bed122443047a6ca3fcb8517be7f4e723b509bb00c,d40e12a43368136f9821ae81f0294a8621e868f7f7f608fe3412acbdb953ac2c,d40e12a43368136f9821ae81f0294a8621e868f7f7f608fe3412acbdb953ac2c,cf9e90d369f66485741b352cfd275739c049e4f589475d18503c34089617875c,cf9e90d369f66485741b352cfd275739c049e4f589475d18503c34089617875c,0,0,0,0,0,0,0,7.3055503889918327e-05,0.064488410949707031,0.0087548533920198679,7.3055503889918327e-05,0.064488410949707031,0.0087548533920198679,0,0,0.0001,64,64,0,5441.158894,1.511433026,20.529536684708901,453.89272633761482,92952.909191658255
ect.q256.schedule-switch-training-telemetry/v1,q256_fresh_crossed_switch_n12_matpool_numeric_recovery_v2,AB,A,B,47,q256_target_weight_v1,B,1.1000000000000001,1.1000000000000001,4047,4036,518016,518.016000,0,18.515446305274963,0,1630.100139770477,1630.100139770477,0,1630.100139770477,0,0.15518184235553212,0,3962.409141703733,0,3962.2224246131632,0,128,1d62223486f891ca9ab12d6cdb973e861aa2711b8e65f410a6e9c8054811b14a,8afc0d66d1307307cb1a93c73486ae272fce8241452532ddd04ff0b5b83876e0,34c89da4bcb13e599b6e465ca71cd23c9c4054e356883248564c4a6fb3ca4e25,763db56b7e7132faf1a03d186464cd48d7a40082f364f60a93a347bc64ab119f,763db56b7e7132faf1a03d186464cd48d7a40082f364f60a93a347bc64ab119f,7ec22661d984e7a9bee5babf3aab278e7af393ed23cc8bea4a8178d490725f10,7ec22661d984e7a9bee5babf3aab278e7af393ed23cc8bea4a8178d490725f10,0,0,0,0,0,0,0,9.1963447630405426e-05,0.12822723388671875,0.0094002513797022402,9.1963447630405426e-05,0.12822723388671875,0.0094002513797022402,0,0,0.0001,64,64,0,5442.690681,1.511858522,20.527763907986984,445.92746226087962,92880.834887985227
ect.q256.schedule-switch-training-telemetry/v1,q256_fresh_crossed_switch_n12_matpool_numeric_recovery_v2,AB,A,B,48,q256_target_weight_v1,B,1.1000000000000001,1.1000000000000001,4048,4037,518144,518.144000,0,16.811839699745178,0,1223.8840460289941,1223.8840460289941,0,1223.8840460289941,0,0.14910483162811072,0,3962.4095732552478,0,3962.2225183720948,0,128,5b7f17edf715f0595ab80a54e687a944935bb3be90687424eabc785a661c90ab,2a171101397492e64293271a008eb2430011ddd835acf233cc178390b0e59c4f,a8db3c4b1a0fa42942cfca2b05777e7fe1bf4f58fb1ecf1a2809b5f9665df8e9,5e7cd0897600db4140dcb95669eaddd3d0b3b68fd79dffc3cb3dcc02fa60e569,5e7cd0897600db4140dcb95669eaddd3d0b3b68fd79dffc3cb3dcc02fa60e569,acac9bb3a36d7e235bad2b2a2751751ba2139718dd4acff33f78d693c4fbcb99,acac9bb3a36d7e235bad2b2a2751751ba2139718dd4acff33f78d693c4fbcb99,0,0,0,0,0,0,0,7.5610820204019547e-05,0.16834259033203125,0.011461343092378229,7.5610820204019547e-05,0.16834259033203125,0.011461343092378229,0,0,0.0001,64,64,0,5444.220318,1.512283422,20.525797895132509,402.20445174409514,92809.617837808852
ect.q256.schedule-switch-training-telemetry/v1,q256_fresh_crossed_switch_n12_matpool_numeric_recovery_v2,AB,A,B,49,q256_target_weight_v1,B,1.1000000000000001,1.1000000000000001,4049,4038,518272,518.272000,0,16.709142446517944,0,1391.4829088204706,1391.4829088204706,0,1391.4829088204706,0,0.14568453709191309,0,3962.4099843219633,0,3962.2226122903626,0,128,81280382182e869a7000830c245a26ec2113dfd2eebb8119090d80968c9fa6c6,96fbf482640581e98e0c008c0ee002282a46a4f4e9ba16c8b4096ee70293935a,944783cd33e889614d0207c1c4c1eb6562497959c7a550c49e1e03c0bde77869,e6877838de640428d09b20031aec51c09fa54d06a3dbd6d0bfc6fb0c0797429e,e6877838de640428d09b20031aec51c09fa54d06a3dbd6d0bfc6fb0c0797429e,54840cadbeab93fb0cf7549e3d37d37dd7392f7e25c513e8e426cff98ca10e38,54840cadbeab93fb0cf7549e3d37d37dd7392f7e25c513e8e426cff98ca10e38,0,0,0,0,0,0,0,4.6442728489637375e-05,0.061565399169921875,0.0085740204667672515,4.6442728489637375e-05,0.061565399169921875,0.0085740204667672515,0,0,0.0001,64,64,0,5445.746152,1.512707264,20.523111647147015,376.51035362943952,92746.370150225121
ect.q256.schedule-switch-training-telemetry/v1,q256_fresh_crossed_switch_n12_matpool_numeric_recovery_v2,AB,A,B,50,q256_target_weight_v1,B,1.1000000000000001,1.1000000000000001,4050,4039,518400,518.400000,0,16.923911809921265,0,1630.2646501138156,1630.2646501138156,0,1630.2646501138156,0,0.14726111477931855,0,3962.4103821365588,0,3962.2227064797175,0,128,343cdfa00813260cf9bf4630e3a55c938603edd555c7028f3c299e40e4454f4f,999316411ee73a3701acfa8ae3e03cc940eb5fced31ef5a5e43a920533f89b82,4cb1dbf99bc424c9632a90fa85146242fd98866d778311d3644f90eb6eea22fc,90e01637d530b4f039ae39d55adb3a0ebf7e762ec56f07d6a337ddf64068e159,90e01637d530b4f039ae39d55adb3a0ebf7e762ec56f07d6a337ddf64068e159,834bc2a02883e5cc265e3fab36413ae6ee1c8539781a9ac1c189df6f6e2bbe33,834bc2a02883e5cc265e3fab36413ae6ee1c8539781a9ac1c189df6f6e2bbe33,0,0,0,0,0,0,0,3.4762080758810043e-05,0.16778945922851562,0.010749319801107049,3.4762080758810043e-05,0.16778945922851562,0.010749319801107049,0,0,0.0001,64,64,0,5447.274850,1.513131903,20.520208697919973,391.11108721738822,92677.352657179406
ect.q256.schedule-switch-training-telemetry/v1,q256_fresh_crossed_switch_n12_matpool_numeric_recovery_v2,AB,A,B,51,q256_target_weight_v1,B,1.1000000000000001,1.1000000000000001,4051,4040,518528,518.528000,0,16.264825224876404,0,2096.0445780542914,2096.0445780542914,0,2096.0445780542914,0,0.15003891061942498,0,3962.4106822511571,0,3962.2228009051823,0,128,b52b57afbafa43c8e4765106f75111721700d5182582c7a81dabf99f4c815054,f018e2a833c1d584e1c996f0c379aa73d6402ae6cdf61ed1acad1ce7350ca1ff,39142d156411f9aab2e38d7c5215793270e9fcc0e7673fc3d13b68f5ad4e27fa,16672b5ff15b13cbf898efbda6426086861feeaca9687627c6191a9ff27702d1,16672b5ff15b13cbf898efbda6426086861feeaca9687627c6191a9ff27702d1,513d75334c2b076cc3b7f91bfe150a1456af69f495bfd07f8982670dc6639b5b,513d75334c2b076cc3b7f91bfe150a1456af69f495bfd07f8982670dc6639b5b,0,0,0,0,0,0,0,6.9930218160152435e-05,0.78814697265625,0.020106581854633987,6.9930218160152435e-05,0.78814697265625,0.020106581854633987,0,0,0.0001,64,64,0,5448.803267,1.513556463,20.517276742785572,406.76948615237495,92657.407726214602
ect.q256.schedule-switch-training-telemetry/v1,q256_fresh_crossed_switch_n12_matpool_numeric_recovery_v2,AB,A,B,52,q256_target_weight_v1,B,1.1000000000000001,1.1000000000000001,4052,4041,518656,518.656000,0,15.451163768768311,0,1456.725493469397,1456.725493469397,0,1456.725493469397,0,0.14659562103791129,0,3962.4109526186303,0,3962.2228954419984,0,128,2b07329eddac3409b637dc6d0e822ad32ed837b0484c6704ff43b587863d9476,d15352d34599f33373052a63af44e42f823cf380ad638ebaa0b63b6b8bac0ad0,533429197ffa972a7d88c359d16fd41edd53f24fff7c0d555c0979556e42af7c,f41aba1e31c37048e896b21ec0f5ce4016cce6de5845b48086dd839d4d6ff9cc,f41aba1e31c37048e896b21ec0f5ce4016cce6de5845b48086dd839d4d6ff9cc,acc699b8f60d06898f0d3b72080cd62da8bfc0899c732ae9bfe9210ab6bc04a7,acc699b8f60d06898f0d3b72080cd62da8bfc0899c732ae9bfe9210ab6bc04a7,0,0,0,0,0,0,0,0.00018168706446886063,0.20135116577148438,0.011942481098230928,0.00018168706446886063,0.20135116577148438,0.011942481098230928,0,0,0.0001,64,64,0,5450.330914,1.513980809,20.51431253531517,377.6149771715431,92593.422208808246
ect.q256.schedule-switch-training-telemetry/v1,q256_fresh_crossed_switch_n12_matpool_numeric_recovery_v2,AB,A,B,53,q256_target_weight_v1,B,1.1000000000000001,1.1000000000000001,4053,4042,518784,518.784000,0,16.464083313941956,0,1235.7049321931963,1235.7049321931963,0,1235.7049321931963,0,0.14253260076636956,0,3962.4111495416887,0,3962.2229900013272,0,128,8a8593ba1d689d8896b30e5ba47d65489471a8da1eb107e334e603a54d3c5de4,9f84e020189881bb74cc79e5b8899a41434616d780884579102e3b1e59331206,cf4c0cca9ecb6308f30a75718b2161ffb467997709d0b86ca0632a87d4946cef,0c12728ede52ff617b679c4a16d823815b63bcb9a9cf34d31920b650fcf7ef46,0c12728ede52ff617b679c4a16d823815b63bcb9a9cf34d31920b650fcf7ef46,5a6de8cdcb209a017f77d53107721509d3b81365eb8f6a351c4e86027384b323,5a6de8cdcb209a017f77d53107721509d3b81365eb8f6a351c4e86027384b323,0,0,0,0,0,0,0,5.2176881581544876e-05,0.8256683349609375,0.017584966728463769,5.2176881581544876e-05,0.8256683349609375,0.017584966728463769,0,0,0.0001,64,64,0,5451.860469,1.514405686,20.51080672280284,355.30205184705761,92522.612993074203
ect.q256.schedule-switch-training-telemetry/v1,q256_fresh_crossed_switch_n12_matpool_numeric_recovery_v2,AB,A,B,54,q256_target_weight_v1,B,1.1000000000000001,1.1000000000000001,4054,4043,518912,518.912000,0,16.000112533569336,0,1751.5951141822486,1751.5951141822486,0,1751.5951141822486,0,0.14110133875690287,0,3962.4113036143449,0,3962.2230845867834,0,128,e33ae67f3d5e9b75dd54412f594b73977b5c0e09a487a6534be42462740488e2,e420504560c09091f0d25307b5b2f530b71b9d878a6b6bce792b21d05aadf6f2,e59152050626bb2f93163349022a56eea861c719965033b79ac7e6994fc77143,9f81556042ea28692520f8d1bc465bb536c1880737140b046b8c751d218d534e,9f81556042ea28692520f8d1bc465bb536c1880737140b046b8c751d218d534e,a83b5dddeeb0f5fbfed4ab1cc9d687767247217bc715b7d08ea889cb0e6f74d8,a83b5dddeeb0f5fbfed4ab1cc9d687767247217bc715b7d08ea889cb0e6f74d8,0,0,0,0,0,0,0,4.5036664232611656e-05,0.16297531127929688,0.012920404551550746,4.5036664232611656e-05,0.16297531127929688,0.012920404551550746,0,0,0.0001,64,64,0,5453.409980,1.514836106,20.506623193584606,342.12845037972693,92483.248905448854
ect.q256.schedule-switch-training-telemetry/v1,q256_fresh_crossed_switch_n12_matpool_numeric_recovery_v2,AB,A,B,55,q256_target_weight_v1,B,1.1000000000000001,1.1000000000000001,4055,4044,519040,519.040000,0,17.236715197563171,0,1863.4677908893475,1863.4677908893475,0,1863.4677908893475,0,0.14244151178420911,0,3962.4113353372891,0,3962.2231791808308,0,128,5f06657dc918cb645a86bb8e1fc5913df7984f14a4916251c8aa431c72374e86,35e32f50787276ad15f66f2824c6797324a13b18cb11b1577e4024f6570fcc39,dca0db2816b030b205f356e4b22f1ef0925f07cbe814159da7990ffdb7b49125,9bc6cb0a5130dff6650c20ff22c62cac498e85f42da5b7d961bc2cfe8cff1f7b,9bc6cb0a5130dff6650c20ff22c62cac498e85f42da5b7d961bc2cfe8cff1f7b,4ac5d1272f9aab669e2aa80dc2a66bb7bc6f5e44283f6a05598031416d252d6e,4ac5d1272f9aab669e2aa80dc2a66bb7bc6f5e44283f6a05598031416d252d6e,0,0,0,0,0,0,0,5.4526841267943382e-05,0.185882568359375,0.010128600872121751,5.4526841267943382e-05,0.185882568359375,0.010128600872121751,0,0,0.0001,64,64,0,5454.954652,1.515265181,20.502222624097438,359.77841065784463,92468.691734376611
ect.q256.schedule-switch-training-telemetry/v1,q256_fresh_crossed_switch_n12_matpool_numeric_recovery_v2,AB,A,B,56,q256_target_weight_v1,B,1.1000000000000001,1.1000000000000001,4056,4045,519168,519.168000,0,15.655931711196899,0,1645.6230052361796,1645.6230052361796,0,1645.6230052361796,0,0.14229524485237505,0,3962.41127994013,0,3962.2232736780893,0,128,ff514b0d82f207f35919c3879d015c49e33e80ee3c36acc1803e37cf99b80889,de40c4166d8f854ff7f80f1ed26e0f2c52a2f47d3af245fc64f4e4d22b44fc49,8bad8b5703c5a36b93f7f660a3395f14a47a1aaf0e12c99863e27ba9886c32e3,07d6b72855f1fe864a122938f3fde3e382b20233a158282eab66a00086b3b97d,07d6b72855f1fe864a122938f3fde3e382b20233a158282eab66a00086b3b97d,6ae089a2aeb104d5b41d261aa4bd8003da3755cf6c5dc76672d29282d78096cf,6ae089a2aeb104d5b41d261aa4bd8003da3755cf6c5dc76672d29282d78096cf,0,0,0,0,0,0,0,9.8515884019434452e-06,0.0787811279296875,0.0094932151259854436,9.8515884019434452e-06,0.0787811279296875,0.0094932151259854436,0,0,0.0001,64,64,0,5456.479714,1.515688809,20.498020520059349,356.76906087363915,92415.314739382884
ect.q256.schedule-switch-training-telemetry/v1,q256_fresh_crossed_switch_n12_matpool_numeric_recovery_v2,AB,A,B,57,q256_target_weight_v1,B,1.1000000000000001,1.1000000000000001,4057,4046,519296,519.296000,0,17.117666125297546,0,1471.9720440391177,1471.9720440391177,0,1471.9720440391177,0,0.13951318755388939,0,3962.4112282148867,0,3962.2233680790628,0,128,46523c2f9521dbf77aa2a041d0d8352cc7cb9684e95bcc638c6ac6775a82cc98,d30d9acfdd93bee6b43f41b4fb5580d598790206649bdebe38b7d447bb8a8a3c,2a494261a2033d8971c11df120952766287c91fff9f6bd3c6ca0df77686dea90,e7f3e5901e06f6189d1c8b1142f3e8caf052146d2415f4b5e9d56389b010dd85,e7f3e5901e06f6189d1c8b1142f3e8caf052146d2415f4b5e9d56389b010dd85,15b088943e2b986743546c759e3eb5d4fed9fc6455ffb2caaa1054382e5e31e0,15b088943e2b986743546c759e3eb5d4fed9fc6455ffb2caaa1054382e5e31e0,0,0,0,0,0,0,0,1.896655885502696e-05,0.38207244873046875,0.013155267515685409,1.896655885502696e-05,0.38207244873046875,0.013155267515685409,0,0,0.0001,64,64,0,5458.020967,1.516116935,20.493320549933383,344.38330131591067,92364.865273470859
ect.q256.schedule-switch-training-telemetry/v1,q256_fresh_crossed_switch_n12_matpool_numeric_recovery_v2,AB,A,B,58,q256_target_weight_v1,B,1.1000000000000001,1.1000000000000001,4058,4047,519424,519.424000,0,16.956589937210083,0,2435.3173200999913,2435.3173200999913,0,2435.3173200999913,0,0.15075036552683785,0,3962.4111277908,0,3962.2234623640384,0,128,3de2d6d33f43263be78636d4c022c80062ac678a3363571dade5f5fcf543ea5f,cf3badf60de68e970fb88114690c663f26d0f9a30ca39133f189aecd22e4e9c4,bc80a7b898809e8e000d1e2bef16707985bbb5c4e3b014684ca9f4e02f466580,8d21fe60e3bbcb517004b4f3ddcad86093b08c44e5d87c350e884c09f8ae9d31,8d21fe60e3bbcb517004b4f3ddcad86093b08c44e5d87c350e884c09f8ae9d31,15072f2aaddd504e14bb7e820b060d8b2b45d994e89137c467c6b9f88770fb3e,15072f2aaddd504e14bb7e820b060d8b2b45d994e89137c467c6b9f88770fb3e,0,0,0,0,0,0,0,2.5245477445423603e-05,0.063763618469238281,0.010066497256048024,2.5245477445423603e-05,0.063763618469238281,0.010066497256048024,0,0,0.0001,64,64,0,5459.555636,1.516543232,20.488670950324334,401.28472223517764,92358.29210020951
ect.q256.schedule-switch-training-telemetry/v1,q256_fresh_crossed_switch_n12_matpool_numeric_recovery_v2,AB,A,B,59,q256_target_weight_v1,B,1.1000000000000001,1.1000000000000001,4059,4048,519552,519.552000,0,14.33651602268219,0,1849.5179405834754,1849.5179405834754,0,1849.5179405834754,0,0.14902481393933001,0,3962.4110269473149,0,3962.2235565305482,0,128,bb139e1fc1ab3c059dd4dc5680323a8d03770dcf1f1b209637b06d442c69e928,c60ba007d7c2ea56f647fc9f56664acfb3659c501eade50655352369f0d1d22a,50fbb52f9ea6835fad886477b6f8cb93b35643effb5466c986c5c7fd8c2f008d,0884be6b0273e3ce9f1a9a4623735c018108a0227aefc6eee4eb79029c253dfe,0884be6b0273e3ce9f1a9a4623735c018108a0227aefc6eee4eb79029c253dfe,281ef6741acbbaae08af8c9d6987b2f03ae0b7c33fcaa5b7ff9a252b7f38dfc4,281ef6741acbbaae08af8c9d6987b2f03ae0b7c33fcaa5b7ff9a252b7f38dfc4,0,0,0,0,0,0,0,4.5395689085125923e-05,0.4535369873046875,0.016352693841326982,4.5395689085125923e-05,0.4535369873046875,0.016352693841326982,0,0,0.0001,64,64,0,5461.081314,1.516967032,20.484067649574001,404.18125411290981,92333.563680043182
ect.q256.schedule-switch-training-telemetry/v1,q256_fresh_crossed_switch_n12_matpool_numeric_recovery_v2,AB,A,B,60,q256_target_weight_v1,B,1.1000000000000001,1.1000000000000001,4060,4049,519680,519.680000,0,15.088347434997559,0,1838.6766824278604,1838.6766824278604,0,1838.6766824278604,0,0.1503918017217544,0,3962.4108925566411,0,3962.2236505479168,0,128,19fcefdc87a99e4cb0af5e99ae057ebb117b3787a2d806709251baf28458b829,8e719a1e25a3f4218ed01ee0da3a8bc4eb73e52ed3efd19c726e19b6102e45eb,4cbb8704b7a285f66ae283d311774ffd016280876a96a07eb09301a6a0a9befb,df8159851cc12527de3219a19b5a1e30e95e56744babe4e4261db0f7549f699b,df8159851cc12527de3219a19b5a1e30e95e56744babe4e4261db0f7549f699b,bb2ab0a0b0797d9290719355736413593c4b416c4f29891e1af99bfe2a2cb516,bb2ab0a0b0797d9290719355736413593c4b416c4f29891e1af99bfe2a2cb516,0,0,0,0,0,0,0,2.5762361474335194e-05,1.886993408203125,0.03073266870342195,2.5762361474335194e-05,1.886993408203125,0.03073266870342195,0,0,0.0001,64,64,0,5462.614053,1.517392792,20.479871568255671,419.55350441786811,92292.605009853694
ect.q256.schedule-switch-training-telemetry/v1,q256_fresh_crossed_switch_n12_matpool_numeric_recovery_v2,AB,A,B,61,q256_target_weight_v1,B,1.1000000000000001,1.1000000000000001,4061,4050,519808,519.808000,0,15.484007120132446,0,1714.7827628728608,1714.7827628728608,0,1714.7827628728608,0,0.1484541606260168,0,3962.4106784010114,0,3962.2237443635108,0,128,cd2fbb29d2e31567dde87bb74b1b038264b2b2a50bd5f90767aea45d2409f9a9,b0f7e89b28a7829fa2ed0c1994621dc228a70f6a51da3cabc42f11eedd6218d5,c7d01b830855865baf2ee1ba01421144ddab6e5def721e8d17c0728e23547e9d,5adc05db1d96e13cc6f37586b4ffe72765aa80cff646c382f5e25fe5a877470b,5adc05db1d96e13cc6f37586b4ffe72765aa80cff646c382f5e25fe5a877470b,72fda5c5e2fcd49ef186466328c10c89bfc2deb43a589c936ccb01a15f5bfb62,72fda5c5e2fcd49ef186466328c10c89bfc2deb43a589c936ccb01a15f5bfb62,0,0,0,0,0,0,0,5.7997647672891617e-05,0.323577880859375,0.01569712907075882,5.7997647672891617e-05,0.323577880859375,0.01569712907075882,0,0,0.0001,64,64,0,5464.146326,1.517818424,20.475437963016645,399.58764680382075,92242.272966463497
ect.q256.schedule-switch-training-telemetry/v1,q256_fresh_crossed_switch_n12_matpool_numeric_recovery_v2,AB,A,B,62,q256_target_weight_v1,B,1.1000000000000001,1.1000000000000001,4062,4051,519936,519.936000,0,17.251199245452881,0,1784.3633548826622,1784.3633548826622,0,1784.3633548826622,0,0.14719288006883585,0,3962.4104995959033,0,3962.2238380268072,0,128,4730e8b111bba0ce35734119cc40e0e6371c4b59c7eaecae50a63ce3990b6f06,5d0a32f81c2febc4bb53d3071aa6b12a37e9ec16567cb34a3d295bb2a77ea7f1,b3cd3ab405a91084b6e65a4a24f816d0deba9551bc26a0628bc51c2547e09206,ddb898156b1eb030f15488d609235263226579dddc920dc71be7eb9e37e9b5d2,ddb898156b1eb030f15488d609235263226579dddc920dc71be7eb9e37e9b5d2,c02adc589442f7d52e4c41e7891a362d48f61333fb4b90dcc3d67624577a88a5,c02adc589442f7d52e4c41e7891a362d48f61333fb4b90dcc3d67624577a88a5,0,0,0,0,0,0,0,7.9392921179533005e-05,0.10366058349609375,0.010089325369335711,7.9392921179533005e-05,0.10366058349609375,0.010089325369335711,0,0,0.0001,64,64,0,5465.672654,1.518242404,20.471099838054954,384.21863041637096,92221.470937755395
ect.q256.schedule-switch-training-telemetry/v1,q256_fresh_crossed_switch_n12_matpool_numeric_recovery_v2,AB,A,B,63,q256_target_weight_v1,B,1.1000000000000001,1.1000000000000001,4063,4052,520064,520.064000,0,16.035825848579407,0,1261.9151170342816,1261.9151170342816,0,1261.9151170342816,0,0.14303194448443782,0,3962.4103730950019,0,3962.2239315510674,0,128,1f06b01e3b63d90f0149f96a08da4d1f098db06d28548981eef24b297791adfb,8cac67cb3c107e9526eea07acb1c7bf789807ae59aa161d96a6009ed33de8fbe,c2f5566c5e61b8bcd2a06179970bb5963b16966248c9ffc41df664443c148a80,1e92dbda678719de5a68c13ce0e80c591305875232f5b6dae3aa095abb908fdb,1e92dbda678719de5a68c13ce0e80c591305875232f5b6dae3aa095abb908fdb,ec1d1b1a00f5453098858e10dff675a975dca4a1ead2abce2dba5aeb6a93959d,ec1d1b1a00f5453098858e10dff675a975dca4a1ead2abce2dba5aeb6a93959d,0,0,0,0,0,0,0,3.7625781260430813e-05,0.3224639892578125,0.015383331512566656,3.7625781260430813e-05,0.3224639892578125,0.015383331512566656,0,0,0.0001,64,64,0,5467.200615,1.518666837,20.466659180590252,349.97337596013153,92152.762141985091
ect.q256.schedule-switch-training-telemetry/v1,q256_fresh_crossed_switch_n12_matpool_numeric_recovery_v2,AB,A,B,64,q256_target_weight_v1,B,1.1000000000000001,1.1000000000000001,4064,4053,520192,520.192000,0,14.613785743713379,0,2481.540606810986,2481.540606810986,0,2481.540606810986,0,0.14849301134136605,0,3962.410306060774,0,3962.2240249972829,0,128,3b8eda39d7b6e200361751b1b96755f2c71f054bd66352df0bb6fee7389e728d,e2c28dbab26588c5bb6b70a7351588b460d5499ab0c4a1a75132e14f62c3e7fd,0266fb811d2044b749f740ce712b5c1ebcd996ed32fdbe421ef79b198a59cbb9,43a538eb4c0204e589e70d973ec9ae9cb3cade6c8d65985f068502be48620c69,43a538eb4c0204e589e70d973ec9ae9cb3cade6c8d65985f068502be48620c69,588d23c589d483264450678b878e45edfaf5ebb98b605c2040b12b4f5ea984bf,588d23c589d483264450678b878e45edfaf5ebb98b605c2040b12b4f5ea984bf,0,0,0,0,0,0,0,0.00019612722098827362,0.14012527465820312,0.011671944288536906,0.00019612722098827362,0.14012527465820312,0.011671944288536906,0,0,0.0001,64,64,0,5468.734587,1.519092941,20.462029584429192,370.79627944085502,92195.426843095731
ect.q256.schedule-switch-training-telemetry/v1,q256_fresh_crossed_switch_n12_matpool_numeric_recovery_v2,AB,A,B,65,q256_target_weight_v1,B,1.1000000000000001,1.1000000000000001,4065,4054,520320,520.320000,0,14.557404160499573,0,2113.2083266529548,2113.2083266529548,0,2113.2083266529548,0,0.14844558817111303,0,3962.4102330836045,0,3962.2241183522647,0,128,118ca250ee27fc3ab14a005bba6a20f9616b45addb49310d7985eff4a8473f30,be82d8717e2f6af1cc5b37f9a6fb04352a9b22695068af39b305f3329d092871,06e081218b8699908eec6a2e1965be016025b9c24c720b941384f23c22c9de50,6eef64c9b057076e0badac977a4236ea218229f6a48bbbec19f2783a78c1f517,6eef64c9b057076e0badac977a4236ea218229f6a48bbbec19f2783a78c1f517,fcb05d4b61e77804d226c04544eae467b91ec4280be313fa39b0f13765293d82,fcb05d4b61e77804d226c04544eae467b91ec4280be313fa39b0f13765293d82,0,0,0,0,0,0,0,4.9371505156159401e-05,0.27022933959960938,0.014211953850463033,4.9371505156159401e-05,0.27022933959960938,0.014211953850463033,0,0,0.0001,64,64,0,5470.326388,1.519535108,20.457402264459152,371.42457560694669,92195.455593935956
ect.q256.schedule-switch-training-telemetry/v1,q256_fresh_crossed_switch_n12_matpool_numeric_recovery_v2,AB,A,B,66,q256_target_weight_v1,B,1.1000000000000001,1.1000000000000001,4066,4055,520448,520.448000,0,17.906470537185669,0,2138.7204061665993,2138.7204061665993,0,2138.7204061665993,0,0.14837705053551442,0,3962.4101933273096,0,3962.2242115907943,0,128,a7df1661c99a2227e0a7fb503fcc8163b454814efca4e85d83ce2a0417e4b4ae,a733ffc3e4011bfa513137bdee76a94d21a57d3fbc7f2b553911e3ce89a4e104,53f70d5dcb44307aca6682a8a9d509182fe8708eb7261e171b486ce4bfa28bf8,93e9331f5d0c831c67bdb809c4165d1ee1856733d8b60f86516d0a36bc6dbd40,93e9331f5d0c831c67bdb809c4165d1ee1856733d8b60f86516d0a36bc6dbd40,982625906706493a3250d347f8ef846eb4909399645534f87f8e5e8d2fb464e0,982625906706493a3250d347f8ef846eb4909399645534f87f8e5e8d2fb464e0,0,0,0,0,0,0,0,4.4581975089386106e-06,0.4474639892578125,0.012143628380727023,4.4581975089386106e-06,0.4474639892578125,0.012143628380727023,0,0,0.0001,64,64,0,5471.860290,1.519961192,20.452444928346715,351.49439570991166,92184.685051085369
ect.q256.schedule-switch-training-telemetry/v1,q256_fresh_crossed_switch_n12_matpool_numeric_recovery_v2,AB,A,B,67,q256_target_weight_v1,B,1.1000000000000001,1.1000000000000001,4067,4056,520576,520.576000,0,14.928930640220642,0,1620.658220621948,1620.658220621948,0,1620.658220621948,0,0.14813616127371468,0,3962.4101782856355,0,3962.2243047337629,0,128,a9c1d96de56da6e8172b78188bfcccc0c79e17bc02276aa08334fa13bd260b22,6ebbbdd157f259352278e303f1a13456f702983d6a91d44fa8e65d881e7af72d,4d4ce23900fe114bdc8707227675ebe82cd281389cd115012ed8fb5da79d47f4,7f9e682758f7b4a06f1e8bd1c8a3f5b6785db9322199fdbda85d5d37cee22951,7f9e682758f7b4a06f1e8bd1c8a3f5b6785db9322199fdbda85d5d37cee22951,6bf1fa4e9c676c8ad1f54750b55aeaa9d9860847ab6d7c2da28559dc8bb406da,6bf1fa4e9c676c8ad1f54750b55aeaa9d9860847ab6d7c2da28559dc8bb406da,0,0,0,0,0,0,0,1.7861253581941128e-05,0.12089157104492188,0.012980088009499013,1.7861253581941128e-05,0.12089157104492188,0.012980088009499013,0,0,0.0001,64,64,0,5473.388129,1.520385591,20.447755594399574,373.86650539080449,92154.188006269585
ect.q256.schedule-switch-training-telemetry/v1,q256_fresh_crossed_switch_n12_matpool_numeric_recovery_v2,AB,A,B,68,q256_target_weight_v1,B,1.1000000000000001,1.1000000000000001,4068,4057,520704,520.704000,0,15.392311811447144,0,1475.2478309289475,1475.2478309289475,0,1475.2478309289475,0,0.14714618167093957,0,3962.4101678762868,0,3962.2243977752173,0,128,cc47ee289ec2bb763012dafa32f555e4d32b405fd40d5700d178e21b225ea489,19416762d9d7df92fe0cd208ba5adf67a4b23b91ce43fc29f08e15c6a7adf5e1,f492678b23c7294b9e93479824f88079db8d2d2799e318dadf4565eb1a308c75,db6ae55feda31c9f07b91a9d7f9a85c57a00d0557854e0c373be3b4750d6da6f,db6ae55feda31c9f07b91a9d7f9a85c57a00d0557854e0c373be3b4750d6da6f,3000e7e77b6becc2fd7bd786efd607b3f5a048fe3cfbde514b53d97baf6798f2,3000e7e77b6becc2fd7bd786efd607b3f5a048fe3cfbde514b53d97baf6798f2,0,0,0,0,0,0,0,6.0212565585970879e-05,3.4407958984375,0.044566012802533805,6.0212565585970879e-05,3.4407958984375,0.044566012802533805,0,0,0.0001,64,64,0,5474.915301,1.520809806,20.443022018468827,342.98310340383517,92099.52946269566
ect.q256.schedule-switch-training-telemetry/v1,q256_fresh_crossed_switch_n12_matpool_numeric_recovery_v2,AB,A,B,69,q256_target_weight_v1,B,1.1000000000000001,1.1000000000000001,4069,4058,520832,520.832000,0,18.584216594696045,0,2172.2408229212929,2172.2408229212929,0,2172.2408229212929,0,0.14751545381996012,0,3962.4101314892255,0,3962.2244907781865,0,128,e6fce75ee391b9e6342953fa7733c24aa1e9765671fd2f8b3e8cbfa20fbb4a52,e7f8ab1dea3b4a4f2b1048b647fa9a744894f16df0313e966b70f9dbf32c879d,e4433a3e18b161e23e46c00cb97df00e5855ee5b09f69e829b32f8a517c2987d,e08fe3ffdfec3ad76ecacddcd7c4ce0b53f002736d25b09e62de9449533fa28c,e08fe3ffdfec3ad76ecacddcd7c4ce0b53f002736d25b09e62de9449533fa28c,c18c5ecd5eac82b6537c7b606ba067ed375706992ff7271997df26e9d2ad8e95,c18c5ecd5eac82b6537c7b606ba067ed375706992ff7271997df26e9d2ad8e95,0,0,0,0,0,0,0,1.4479563105851412e-05,0.51287078857421875,0.012553108157590032,1.4479563105851412e-05,0.51287078857421875,0.012553108157590032,0,0,0.0001,64,64,0,5476.442412,1.521234003,20.4385994031495,379.98435801731495,92131.746805753282
ect.q256.schedule-switch-training-telemetry/v1,q256_fresh_crossed_switch_n12_matpool_numeric_recovery_v2,AB,A,B,70,q256_target_weight_v1,B,1.1000000000000001,1.1000000000000001,4070,4059,520960,520.960000,0,17.22248899936676,0,1480.3700446819657,1480.3700446819657,0,1480.3700446819657,0,0.1427311842911414,0,3962.4101260871789,0,3962.2245837191749,0,128,38a147bf56889036502b13aabfd694daf5ec975e4eb806d1d983bd01d9f08211,bb2eae29d508d2607d232bf89495cbfff279ddb36a242aa1dec9b65798bb4fa3,8088340545cb34836b4920fcacbf4feda9901f812acd3c233e39652a00878973,d83dbc68c2514b1677dbada0037a6c00ad2aa43382658c6475ed729e6af3abdc,d83dbc68c2514b1677dbada0037a6c00ad2aa43382658c6475ed729e6af3abdc,de3e6b99b7c3ecdcf0521793970aace5aef278c72a214e544b29c6008c3b4d2b,de3e6b99b7c3ecdcf0521793970aace5aef278c72a214e544b29c6008c3b4d2b,0,0,0,0,0,0,0,1.5151745174080133e-05,0.17264556884765625,0.010889775701798499,1.5151745174080133e-05,0.17264556884765625,0.010889775701798499,0,0,0.0001,64,64,0,5477.967821,1.521657728,20.434152249796295,348.1776412975268,92083.609547545406
ect.q256.schedule-switch-training-telemetry/v1,q256_fresh_crossed_switch_n12_matpool_numeric_recovery_v2,AB,A,B,71,q256_target_weight_v1,B,1.1000000000000001,1.1000000000000001,4071,4060,521088,521.088000,0,16.690815448760986,0,1203.6319794770789,1203.6319794770789,0,1203.6319794770789,0,0.13868601609293307,0,3962.4102207736564,0,3962.2246767127226,0,128,e8bc921f373086fa1b57a1385504986e5077b1552b7454b6a68d2f145b472139,70bb58f23eb25cd90851ea8ce801ab0b4c73af8748e466b3735ae094117c4751,4640b20f388bd75ce0ae74a442e8f558edfd64df03de3eca905f9044da7e7ed2,9b271e0fb7d263db581759e93c2ca7ced86e066c710794028d768a456177bc41,9b271e0fb7d263db581759e93c2ca7ced86e066c710794028d768a456177bc41,bb740584215e88f80f9faf1777a748aa18a9e92bb83df929f987da74569069e7,bb740584215e88f80f9faf1777a748aa18a9e92bb83df929f987da74569069e7,0,0,0,0,0,0,0,2.927146852016449e-05,0.2681121826171875,0.013011119444854558,2.927146852016449e-05,0.2681121826171875,0.013011119444854558,0,0,0.0001,64,64,0,5479.495596,1.522082110,20.429848744016077,340.94297717901003,92015.900010343918
ect.q256.schedule-switch-training-telemetry/v1,q256_fresh_crossed_switch_n12_matpool_numeric_recovery_v2,AB,A,B,72,q256_target_weight_v1,B,1.1000000000000001,1.1000000000000001,4072,4061,521216,521.216000,0,16.060299873352051,0,1634.5886936349748,1634.5886936349748,0,1634.5886936349748,0,0.14034000109844955,0,3962.4103172488335,0,3962.2247697106823,0,128,2fbec702a738a6b1e7bc2e434d6838cf63d46e83586096b15c45bb9ca6abd0ab,e577e39ed0e25e09bb3e9bcea0f9a05d49a5e4d1d63eafdccfda7e0e0e15e6ae,f0d1c994c5eebe3cc01dfd0a38cfd449e3b29754c2b8cc2ea166fcc8e1543930,239d8a21ff0df72198ca3333a1e1fd01f0ea222e78f5568bb24f16621cba3a80,239d8a21ff0df72198ca3333a1e1fd01f0ea222e78f5568bb24f16621cba3a80,cdcfff51a8ca4d49995159c8f2ab518157775763cd32606fc93adb794014d95d,cdcfff51a8ca4d49995159c8f2ab518157775763cd32606fc93adb794014d95d,0,0,0,0,0,0,0,4.2871339246630669e-05,0.35382843017578125,0.015083941514603794,4.2871339246630669e-05,0.35382843017578125,0.015083941514603794,0,0,0.0001,64,64,0,5481.020919,1.522505811,20.425278083139872,339.94849897319062,91970.533060826958
ect.q256.schedule-switch-training-telemetry/v1,q256_fresh_crossed_switch_n12_matpool_numeric_recovery_v2,AB,A,B,73,q256_target_weight_v1,B,1.1000000000000001,1.1000000000000001,4073,4062,521344,521.344000,0,15.067950844764709,0,3261.568745467298,3261.568745467298,0,3261.568745467298,0,0.14606775811348735,0,3962.410506152818,0,3962.2248628001903,0,128,1b8e6c7621b51980c5e43672b1850e2dc951018b3be691d69f4d4ad5c939e894,94b67be492194be8a2a60df9223eefb89b6bcfd9fb6cf7b340bff73803cb525a,eafde5e718773faad49c073a5006fd77b4882dbf36cd1feb3599d326361c1804,06f24fceee052d62efd2b00eba0b1dd85dabc7517081b598c5eb352268601e79,06f24fceee052d62efd2b00eba0b1dd85dabc7517081b598c5eb352268601e79,d68e1f7ba326a8299cc58d4b75e5ff655199074bbef544c6cf50acc103869c83,d68e1f7ba326a8299cc58d4b75e5ff655199074bbef544c6cf50acc103869c83,0,0,0,0,0,0,0,0.00010016001760959625,0.17108535766601562,0.013218229287303984,0.00010016001760959625,0.17108535766601562,0.013218229287303984,0,0,0.0001,64,64,0,5482.553557,1.522931544,20.421339195278325,438.10137343876778,92201.9204708365
ect.q256.schedule-switch-training-telemetry/v1,q256_fresh_crossed_switch_n12_matpool_numeric_recovery_v2,AB,A,B,74,q256_target_weight_v1,B,1.1000000000000001,1.1000000000000001,4074,4063,521472,521.472000,0,18.307481288909912,0,1427.5560631964074,1427.5560631964074,0,1427.5560631964074,0,0.14488837923034345,0,3962.4106727797307,0,3962.2249559272082,0,128,9591eb48e5f9fbd23b2e59dd5ed6129e1a20499bdef6a6415908008c95369930,3ef11b986e211c850d320563d5755fdd743fcf79ffdf4d64b5876d126de9b58d,55dcf138e4444b278cad571ca53caff729651aa90df5206faf383b93ee606dee,903c64b9e0ba03fbe87d2ab5dfc05f8da0f132ffae322b467b0d97e6673406a2,903c64b9e0ba03fbe87d2ab5dfc05f8da0f132ffae322b467b0d97e6673406a2,5db1141992e65358d3676a4c668bd52e44ea1603fe2dc4c5d44186481e04f3e5,5db1141992e65358d3676a4c668bd52e44ea1603fe2dc4c5d44186481e04f3e5,0,0,0,0,0,0,0,4.5884633436799049e-05,0.08274078369140625,0.0086484713247045875,4.5884633436799049e-05,0.08274078369140625,0.0086484713247045875,0,0,0.0001,64,64,0,5484.082647,1.523356291,20.417217358453602,383.54829480452224,92155.263885502354
ect.q256.schedule-switch-training-telemetry/v1,q256_fresh_crossed_switch_n12_matpool_numeric_recovery_v2,AB,A,B,75,q256_target_weight_v1,B,1.1000000000000001,1.1000000000000001,4075,4064,521600,521.600000,0,17.715273141860962,0,2828.8394596214175,2828.8394596214175,0,2828.8394596214175,0,0.1539487107384041,0,3962.4108319674601,0,3962.2250491115537,0,128,6ba1b7c1e12ffb8a8dd753a8b09991b62a1c414a01a82098428c9ff42df2576d,1f4b9ee95044094482052fa4e62aeb07f0a8f8013b7ecc088dd145e22bf5d8a5,e7b0d95c8dff7d4c187349d033c5544e283ede3e6daff839697572771fa0dc64,7723438f9f142273c8fd96b0e13ecc9e93962ec563dd2146aa3a7d61e349eed2,7723438f9f142273c8fd96b0e13ecc9e93962ec563dd2146aa3a7d61e349eed2,005c1fa64e57265f77ea8932df96cd79076add35abcd69d36dc0a60f2b4edc90,005c1fa64e57265f77ea8932df96cd79076add35abcd69d36dc0a60f2b4edc90,0,0,0,0,0,0,0,3.1168572604656219e-05,0.667236328125,0.015060827718116343,3.1168572604656219e-05,0.667236328125,0.015060827718116343,0,0,0.0001,64,64,0,5485.609977,1.523780549,20.413727742092068,507.84321111578811,92212.612744325001
ect.q256.schedule-switch-training-telemetry/v1,q256_fresh_crossed_switch_n12_matpool_numeric_recovery_v2,AB,A,B,76,q256_target_weight_v1,B,1.1000000000000001,1.1000000000000001,4076,4065,521728,521.728000,0,16.243045210838318,0,1632.3632294594843,1632.3632294594843,0,1632.3632294594843,0,0.15066529043077251,0,3962.410999106914,0,3962.2251424180317,0,128,e3289b5478c85f7334833f183c2909be0481600987d41d6fc4ee7bedeeeaabab,7de4092287a1d410e9a422b945989638a0d98e48c3d31680675894d27b34730a,f0541f424b3368307af763aeb50bb5be494587203c6d032afaa38b6ac83de696,a57ff19cab70bfebefd576eef591edf1a1e605aa663421c6b0e6b01af5943a4b,a57ff19cab70bfebefd576eef591edf1a1e605aa663421c6b0e6b01af5943a4b,dc563f35c1ca20410ce7c7b3ed28f949b9fce68d9115e91095c6cda73d37417b,dc563f35c1ca20410ce7c7b3ed28f949b9fce68d9115e91095c6cda73d37417b,0,0,0,0,0,0,0,7.4802897870540619e-05,0.21866226196289062,0.013771758647635579,7.4802897870540619e-05,0.21866226196289062,0.013771758647635579,0,0,0.0001,64,64,0,5487.136550,1.524204597,20.410298701225493,447.53258352951417,92169.089793091334
ect.q256.schedule-switch-training-telemetry/v1,q256_fresh_crossed_switch_n12_matpool_numeric_recovery_v2,AB,A,B,77,q256_target_weight_v1,B,1.1000000000000001,1.1000000000000001,4077,4066,521856,521.856000,0,15.147493362426758,0,1404.7518692433005,1404.7518692433005,0,1404.7518692433005,0,0.14989968034425688,0,3962.4111207933825,0,3962.2252357192338,0,128,a55c2231f5d8f0020541f431d20eb3b2bd19e97f41cf35eff6c6f80d6a76f696,52dd1f210698a0594e1f13896a7c7ac294065d343e6c42c4185f34f4b9ddb2a8,c2750d32aaa8305700977b8bc21c25832602e8aa39bb3e208b6005a1a4a73020,0f1af6b598f2c2fe57ac8584d9f1a11f80de2f556ff3035c3efa7c972d89eae7,0f1af6b598f2c2fe57ac8584d9f1a11f80de2f556ff3035c3efa7c972d89eae7,360124e61ffbe611b66c56fa9700c58402615392fbd751125d94ebadfbb891e7,360124e61ffbe611b66c56fa9700c58402615392fbd751125d94ebadfbb891e7,0,0,0,0,0,0,0,1.2756616342812777e-05,0.6346435546875,0.018359033507294953,1.2756616342812777e-05,0.6346435546875,0.018359033507294953,0,0,0.0001,64,64,0,5488.664652,1.524629070,20.407175987647243,427.61835348771478,92096.834540271768
ect.q256.schedule-switch-training-telemetry/v1,q256_fresh_crossed_switch_n12_matpool_numeric_recovery_v2,AB,A,B,78,q256_target_weight_v1,B,1.1000000000000001,1.1000000000000001,4078,4067,521984,521.984000,0,15.066370368003845,0,3115.5940451209349,3115.5940451209349,0,3115.5940451209349,0,0.15457285178557753,0,3962.4112341363202,0,3962.2253290491103,0,128,ec3080abb80fa1cd4f066682aec6ad49f9e346e6271a972094e66d6bf0ff2f43,3ced713f5479fa75f03d9b8707845142351173f55f2918e59abc277805859a9d,e378143116e33493a4d16ecfb2e541191d800aed322ebbd43236efc41e21fbb8,e362eed3276d5daa50a9b550ad0a965dd8c5474138f66256d9fad9ca17a0785e,e362eed3276d5daa50a9b550ad0a965dd8c5474138f66256d9fad9ca17a0785e,86e9340bbcbb5e9edbc6f54bdaa75e8f528cd528197db96ecf72b947b385c73e,86e9340bbcbb5e9edbc6f54bdaa75e8f528cd528197db96ecf72b947b385c73e,0,0,0,0,0,0,0,4.1222083382308483e-05,0.34181976318359375,0.018604409764520824,4.1222083382308483e-05,0.34181976318359375,0.018604409764520824,0,0,0.0001,64,64,0,5490.192278,1.525053410,20.403737944978584,402.37160956269361,92253.939773776438
ect.q256.schedule-switch-training-telemetry/v1,q256_fresh_crossed_switch_n12_matpool_numeric_recovery_v2,AB,A,B,79,q256_target_weight_v1,B,1.1000000000000001,1.1000000000000001,4079,4068,522112,522.112000,0,14.995070099830627,0,2406.5658996494867,2406.5658996494867,0,2406.5658996494867,0,0.1551294426184332,0,3962.4112827669537,0,3962.2254223970945,0,128,2a814f012cacc46a02b2f5024c9b75d147b8110402f7c15629e46779c4206dd9,c911b99bdd2aee262f79752aab6d2534fdee53587b90913bbb229f4263c0f737,5369dda807e20f6c5b843c337f1a166d4918df1bdbe3f12366afcfdec72a2528,fa6db96840eb75eaa42cb204d69eab899f4c676821177d5cfade6fd2c2fe3b50,fa6db96840eb75eaa42cb204d69eab899f4c676821177d5cfade6fd2c2fe3b50,eb701c6118d67d294363e12607c9ecdf7feaa0ca1418d3de733d9bfe6e7b0e7c,eb701c6118d67d294363e12607c9ecdf7feaa0ca1418d3de733d9bfe6e7b0e7c,0,0,0,0,0,0,0,0.00014524394646286964,0.12471199035644531,0.010990846669301391,0.00014524394646286964,0.12471199035644531,0.010990846669301391,0,0,0.0001,64,64,0,5491.719635,1.525477676,20.400259374857924,472.15068139855617,92296.222701978913
ect.q256.schedule-switch-training-telemetry/v1,q256_fresh_crossed_switch_n12_matpool_numeric_recovery_v2,AB,A,B,80,q256_target_weight_v1,B,1.1000000000000001,1.1000000000000001,4080,4069,522240,522.240000,0,14.984901666641235,0,2231.8597724559254,2231.8597724559254,0,2231.8597724559254,0,0.15904776874794282,0,3962.4113622491127,0,3962.2255157564223,0,128,02ad0e15bd277abd5cef818026ffac581e14714cb295c2eb73e93a8357ce0afc,7114dea64c0ca9f78da0539f7f77d3b2897c7d9a69ce58e7e436e754f7d37981,f6e1a52fc9d892b86ce457fa43e039d90b9c26a5e40d88fe6a33acfeed442876,d116cef3f6e85c485f3cb584ff4327adb46fbd747b9b3b59f603063c9ab86067,d116cef3f6e85c485f3cb584ff4327adb46fbd747b9b3b59f603063c9ab86067,09b3071898e682c47365a7bdd19bb8640035b59b154b607260b8c264539ff6e5,09b3071898e682c47365a7bdd19bb8640035b59b154b607260b8c264539ff6e5,0,0,0,0,0,0,0,7.6708849519491196e-05,0.14731979370117188,0.012980793020687997,7.6708849519491196e-05,0.14731979370117188,0.012980793020687997,0,0,0.0001,64,64,0,5493.246251,1.525901736,20.397082804519187,519.33862299017846,92278.801722435848
ect.q256.schedule-switch-training-telemetry/v1,q256_fresh_crossed_switch_n12_matpool_numeric_recovery_v2,AB,A,B,81,q256_target_weight_v1,B,1.1000000000000001,1.1000000000000001,4081,4070,522368,522.368000,0,15.426617860794067,0,1485.9400483630084,1485.9400483630084,0,1485.9400483630084,0,0.15131960710008471,0,3962.4115402588855,0,3962.2256091857444,0,128,969fe35148e5da03ff593a64790f4edbc908af5d4d0f8ca0570f277a5ffc98ea,e067fbac3e7b332de37b44528370eea91b3687e10c073a282d0c1fdb80b40214,f6e751c8e9240ceb70e498dc8a09d65f0c33a9fc4763c3486ae1fd29b593906c,9c3e24252eae80f05311ed273eb9e0716bd1247fd169e1a613eae0be3619ef93,9c3e24252eae80f05311ed273eb9e0716bd1247fd169e1a613eae0be3619ef93,607d9a029881476b0d7ea7a707273ef2f59b41e96494f6ee2114830489922ba4,607d9a029881476b0d7ea7a707273ef2f59b41e96494f6ee2114830489922ba4,0,0,0,0,0,0,0,8.6392275989055634e-05,0.216156005859375,0.014001730014570057,8.6392275989055634e-05,0.216156005859375,0.014001730014570057,0,0,0.0001,64,64,0,5494.778088,1.526327247,20.394342413402349,538.09153877529934,92236.143330418738
ect.q256.schedule-switch-training-telemetry/v1,q256_fresh_crossed_switch_n12_matpool_numeric_recovery_v2,AB,A,B,82,q256_target_weight_v1,B,1.1000000000000001,1.1000000000000001,4082,4071,522496,522.496000,0,16.522501945495605,0,1341.7384382804153,1341.7384382804153,0,1341.7384382804153,0,0.14860487862211075,0,3962.4117567091721,0,3962.2257027133533,0,128,4c7295d314cb64b407dea03a0f228602883fa78248a8ec2b8df2aa427b7926a8,555ebda5e560569b5f8a4ebe21b95047bf8ddaf50c36f1cd990192a1d80f380d,527a45efb302c00fd0adee184bc16a0b9ab8c325f6dfbe5cc783e25bde182275,64abaa1b22d428442980884224e51517cf9ad87d5de3affa0a0f2d4a7ce64c47,64abaa1b22d428442980884224e51517cf9ad87d5de3affa0a0f2d4a7ce64c47,f6200a5b5aca5f8d7cfa05424e3ee070362f1a220931807920f483bac008d185,f6200a5b5aca5f8d7cfa05424e3ee070362f1a220931807920f483bac008d185,0,0,0,0,0,0,0,1.5436322428286076e-05,0.079706192016601562,0.0090490348520688713,1.5436322428286076e-05,0.079706192016601562,0.0090490348520688713,0,0,0.0001,64,64,0,5496.305135,1.526751427,20.391673871383212,474.00057046487416,92181.470942854139
ect.q256.schedule-switch-training-telemetry/v1,q256_fresh_crossed_switch_n12_matpool_numeric_recovery_v2,AB,A,B,83,q256_target_weight_v1,B,1.1000000000000001,1.1000000000000001,4083,4072,522624,522.624000,0,16.71291983127594,0,1578.4713627663357,1578.4713627663357,0,1578.4713627663357,0,0.1471911027698013,0,3962.4120557549995,0,3962.2257963727234,0,128,c4806be6f548b2d8ee2a6a618dd19b9faf7d282fd2c709b7b4f3ff21a811b0fd,c8894b299e305d96b723dc15b3fc5cfb7b34cf4efa590cb1c2e9696fcb2574d1,5ac6cc3750041590ebaeef920012a7dd6374f8d35599e7fed28c60697979c95f,7bfe7b56691facb0d64250539d4b03826044a87947e1a2fbfbe22ce99a24b8a9,7bfe7b56691facb0d64250539d4b03826044a87947e1a2fbfbe22ce99a24b8a9,c81fcabd0fd1c076715a83708d80c7c106ff6366c17159636053732472b79044,c81fcabd0fd1c076715a83708d80c7c106ff6366c17159636053732472b79044,0,0,0,0,0,0,0,5.404115654528141e-05,0.361175537109375,0.013982611708343029,5.404115654528141e-05,0.361175537109375,0.013982611708343029,0,0,0.0001,64,64,0,5497.831969,1.527175547,20.389109818205139,423.80367645107827,92122.911629345253
ect.q256.schedule-switch-training-telemetry/v1,q256_fresh_crossed_switch_n12_matpool_numeric_recovery_v2,AB,A,B,84,q256_target_weight_v1,B,1.1000000000000001,1.1000000000000001,4084,4073,522752,522.752000,0,15.308760762214661,0,1889.1235688827157,1889.1235688827157,0,1889.1235688827157,0,0.14806563028738876,0,3962.4125010471812,0,3962.2258902221392,0,128,ecb4c1a031685b270aaf4f5ce410078ed524e7a1e6ffa30cc2c1c74ac193e980,15c1a9807494a815b9239b48b635225ddd438a05b34bd66f8a7f8a76123b1cb7,b6c00aafd3a4fa1af74f428ad4a23262558bcd465b4a9ea23d9bfa0fd59413a4,67d97b9610d131a668c0d63e4f619a7c61ac6ed151f5c403bfd0fe73ddf34654,67d97b9610d131a668c0d63e4f619a7c61ac6ed151f5c403bfd0fe73ddf34654,efb814af78bf47dc028e734413762bbc876712127869b7df5d9153c316b9a788,efb814af78bf47dc028e734413762bbc876712127869b7df5d9153c316b9a788,0,0,0,0,0,0,0,5.2121467888355255e-05,0.390167236328125,0.018643049232196063,5.2121467888355255e-05,0.390167236328125,0.018643049232196063,0,0,0.0001,64,64,0,5499.366626,1.527601840,20.386549942594467,386.67003520498258,92097.188567201898
ect.q256.schedule-switch-training-telemetry/v1,q256_fresh_crossed_switch_n12_matpool_numeric_recovery_v2,AB,A,B,85,q256_target_weight_v1,B,1.1000000000000001,1.1000000000000001,4085,4074,522880,522.880000,0,16.334874749183655,0,1442.1839565603054,1442.1839565603054,0,1442.1839565603054,0,0.14339469855949377,0,3962.4130268365484,0,3962.2259844101832,0,128,1d70c03f239538ca6292bec223cd4b2e0d8170192f2918cf329308787c5b2cd3,9fea2d8f66412c8b837a0c920aae8e19fc342d70b7162ce31d1b17de7b30cda4,8ec398289dda35e9fe4fda1e302ea4f766ac2383da1fbd71b28d387b1ab9d51d,ac762290c8351b9ef63658a9c8d7be27dafc602cd625ae9b2f91c3a200c6b033,ac762290c8351b9ef63658a9c8d7be27dafc602cd625ae9b2f91c3a200c6b033,cbae0b368385b4dc7d6957dc92fa0d690d22ae68ef4ed05dcf83a15b687e525a,cbae0b368385b4dc7d6957dc92fa0d690d22ae68ef4ed05dcf83a15b687e525a,0,0,0,0,0,0,0,6.8126246333122253e-05,0.25340652465820312,0.014072493591811508,6.8126246333122253e-05,0.25340652465820312,0.014072493591811508,0,0,0.0001,64,64,0,5500.891577,1.528025438,20.384241516020346,370.16886155427954,92036.39102424962
ect.q256.schedule-switch-training-telemetry/v1,q256_fresh_crossed_switch_n12_matpool_numeric_recovery_v2,AB,A,B,86,q256_target_weight_v1,B,1.1000000000000001,1.1000000000000001,4086,4075,523008,523.008000,0,16.583008289337158,0,1764.6092015030999,1764.6092015030999,0,1764.6092015030999,0,0.14368760332944461,0,3962.4136177934056,0,3962.2260789641264,0,128,709fa8d4356cc1f4d7f22ffa9d611858acdfaf9c759bd7fb14f7e31b89184a61,c7b4ffcf9d064542952b9acf237b2de798b4c7a193365650e6ed38e9af20a935,7b42a6e7bbeaf9829f366112aec6d0100b6e76e4e4ae38d922801b962b22ccca,cd108bd3e7d68374c898bed04de435af4f62fe53141808e1bf4725559473460d,cd108bd3e7d68374c898bed04de435af4f62fe53141808e1bf4725559473460d,aef734d51756187c1bbea90bf71d026e62327b311ddc82ed0a442e4cc814616d,aef734d51756187c1bbea90bf71d026e62327b311ddc82ed0a442e4cc814616d,0,0,0,0,0,0,0,2.2326712496578693e-05,0.40985107421875,0.014147603942546993,2.2326712496578693e-05,0.40985107421875,0.014147603942546993,0,0,0.0001,64,64,0,5502.417496,1.528449305,20.382209379343383,372.99158405224011,92001.691178621448
ect.q256.schedule-switch-training-telemetry/v1,q256_fresh_crossed_switch_n12_matpool_numeric_recovery_v2,AB,A,B,87,q256_target_weight_v1,B,1.1000000000000001,1.1000000000000001,4087,4076,523136,523.136000,0,15.515295267105103,0,3054.7350009607535,3054.7350009607535,0,3054.7350009607535,0,0.15212434802570227,0,3962.4142582058203,0,3962.2261739159981,0,128,64a8b69ad55c2eb5866a9abe3c8c3e2f34862bd7ab7ab599d527b765e11c95d6,adc0208b4affa5c57679f2b9579afd080ca092dcb48b817d794b03f6ff45fcad,d726fafb52616eceb77b25286079660f0c4b870a5b6f4a26466c7aaa4adddf0b,15613de1c311d6c337f97c7e6feddb8b46783941af82ef40735e620910aa65d7,15613de1c311d6c337f97c7e6feddb8b46783941af82ef40735e620910aa65d7,5e2e59d8e29afb8ed56a947effb34cd74d8f383d13deb5a6d10c8dee8c7c2102,5e2e59d8e29afb8ed56a947effb34cd74d8f383d13deb5a6d10c8dee8c7c2102,0,0,0,0,0,0,0,4.5664142817258835e-05,0.12839508056640625,0.01195513125276193,4.5664142817258835e-05,0.12839508056640625,0.01195513125276193,0,0,0.0001,64,64,0,5503.942792,1.528872998,20.380947765771865,499.99730037390691,92129.295600997313
ect.q256.schedule-switch-training-telemetry/v1,q256_fresh_crossed_switch_n12_matpool_numeric_recovery_v2,AB,A,B,88,q256_target_weight_v1,B,1.1000000000000001,1.1000000000000001,4088,4077,523264,523.264000,0,18.494093298912048,0,1305.8736210567852,1305.8736210567852,0,1305.8736210567852,0,0.15185470218912095,0,3962.41485432848,0,3962.2262692478444,0,128,bbaeb950d0cfafbe2c001cb914c6667135feb78d81070cc6fef0fb8b526b5db9,ddb36858b3c16b694dd27b5660b572d7288f6baccb0ad628e685f326b829bb4e,8f737f7360e72f5c17acaff11f804f09921116a96f5f0b5567ff970075e94d44,984d2ba15b5e194cb484fc307a811c65e9d21c44032b8f908680f1f57750b216,984d2ba15b5e194cb484fc307a811c65e9d21c44032b8f908680f1f57750b216,3e219d8ae775554042bca659d0b4f20cbcf1976733e4b644d186281d4549feb2,3e219d8ae775554042bca659d0b4f20cbcf1976733e4b644d186281d4549feb2,0,0,0,0,0,0,0,3.3691292628645897e-05,0.22430038452148438,0.01099602720933035,3.3691292628645897e-05,0.22430038452148438,0.01099602720933035,0,0,0.0001,64,64,0,5505.470982,1.529297495,20.380060133330041,474.96543834172547,92061.768844476843
ect.q256.schedule-switch-training-telemetry/v1,q256_fresh_crossed_switch_n12_matpool_numeric_recovery_v2,AB,A,B,89,q256_target_weight_v1,B,1.1000000000000001,1.1000000000000001,4089,4078,523392,523.392000,0,16.570560812950134,0,1485.1716447097197,1485.1716447097197,0,1485.1716447097197,0,0.14890707496849959,0,3962.4154183170422,0,3962.2263649817833,0,128,5032972aa4aed50eeb2da977fa2bec4e70033acd2a2287e732d652d031f26973,95e29b81776ecdb422dc842c8ee279c74d231cef12b5424493a5f9cd21d1134d,15430b727e217c5c1445b7a4107c83f7af02fd73f3a11cce0b7c9a99e9c0e988,af3106a9e1a35293371155c616e74158dd22298613d994956ad3b27df3310aba,af3106a9e1a35293371155c616e74158dd22298613d994956ad3b27df3310aba,0d98291a5a7cdbe1135db33c5dcf53b5f911375aa70598ec2817c49ec29925f1,0d98291a5a7cdbe1135db33c5dcf53b5f911375aa70598ec2817c49ec29925f1,0,0,0,0,0,0,0,3.789944457821548e-06,0.23471832275390625,0.011816874204669148,3.789944457821548e-06,0.23471832275390625,0.011816874204669148,0,0,0.0001,64,64,0,5506.997097,1.529721416,20.379537202920567,496.39463693820403,92003.725773008147
ect.q256.schedule-switch-training-telemetry/v1,q256_fresh_crossed_switch_n12_matpool_numeric_recovery_v2,AB,A,B,90,q256_target_weight_v1,B,1.1000000000000001,1.1000000000000001,4090,4079,523520,523.520000,0,18.426241993904114,0,1442.3995189993905,1442.3995189993905,0,1442.3995189993905,0,0.14974749888081931,0,3962.4159146938227,0,3962.2264610176644,0,128,d5566f00c825e217476a9689091cbce3755f142e1cd9f50ce80aa7e16adbe2cf,d13bbe7ef99ee1893de239b239ff1cf52405c33e25370757f860753afb455e77,065ae768c2e60f97ec8a2c1806d323af6dc23cc7dfeb8209de7c495d4fc2970a,e0ea64f1f84f940ccbbe73197cbf5bddf2f5b6ece6bbff4e823d2c06901c06ff,e0ea64f1f84f940ccbbe73197cbf5bddf2f5b6ece6bbff4e823d2c06901c06ff,bfd8d36c4dca338ceacd72a4040a12dceb17847a134218d02c4185823672d802,bfd8d36c4dca338ceacd72a4040a12dceb17847a134218d02c4185823672d802,0,0,0,0,0,0,0,1.7695885617285967e-05,0.3097686767578125,0.012866806937381625,1.7695885617285967e-05,0.3097686767578125,0.012866806937381625,0,0,0.0001,64,64,0,5508.522981,1.530145273,20.378904043352254,469.49024583570656,91934.867030445341
ect.q256.schedule-switch-training-telemetry/v1,q256_fresh_crossed_switch_n12_matpool_numeric_recovery_v2,AB,A,B,91,q256_target_weight_v1,B,1.1000000000000001,1.1000000000000001,4091,4080,523648,523.648000,0,15.30907940864563,0,2303.1942801955129,2303.1942801955129,0,2303.1942801955129,0,0.15451462485647774,0,3962.4163042371461,0,3962.2265572318138,0,128,0624db55f20478c792775febde8cce33305eca9e31843dbc879a65a9a28cf6d4,b18b828d33cf9e1f36524a68a08b4266d1b8d6c0cd494f71df39ab676c030cb5,daf9c77e6475dc5b1158be7376eefc8779c17d42d91fb6a31fb4fc1398cbec2e,192007782b5677bd10e900ec7960911efdf58528aa20423292e31316a5a91668,192007782b5677bd10e900ec7960911efdf58528aa20423292e31316a5a91668,72d67a92acf7f87be44ea3e480a8b9e0eb0bde58f55b53458d606359d8eeedcd,72d67a92acf7f87be44ea3e480a8b9e0eb0bde58f55b53458d606359d8eeedcd,0,0,0,0,0,0,0,0.00012838095426559448,0.17193984985351562,0.010650976211763918,0.00012838095426559448,0.17193984985351562,0.010650976211763918,0,0,0.0001,64,64,0,5510.051567,1.530569880,20.37846306019205,494.69789852250886,91915.647964347925
ect.q256.schedule-switch-training-telemetry/v1,q256_fresh_crossed_switch_n12_matpool_numeric_recovery_v2,AB,A,B,92,q256_target_weight_v1,B,1.1000000000000001,1.1000000000000001,4092,4081,523776,523.776000,0,15.340600728988647,0,1662.2010459898372,1662.2010459898372,0,1662.2010459898372,0,0.15279513375075118,0,3962.416562988536,0,3962.2266535672147,0,128,276b738ea75b01abe89ddcfa8656370327520600f7966c65b2199909c81d3eb1,ce649b27f8baf7c8d6a387dde70d09f4a6328fcaac69af0176c30a5281549ca3,7d01c9ac721dc400f2284f6b0c34fafd7daa45c611d64ff8cdde42c51385d9b5,9be1ffb88025f7ba6adf3dd7cb326f4d28a340a547f0e99f70e82cd7afefa2e4,9be1ffb88025f7ba6adf3dd7cb326f4d28a340a547f0e99f70e82cd7afefa2e4,60c4cd7eb90509ef936a99c9a93a13b15ab466ed9c5a658a9042dae7c0d07730,60c4cd7eb90509ef936a99c9a93a13b15ab466ed9c5a658a9042dae7c0d07730,0,0,0,0,0,0,0,5.3266063332557678e-05,0.38604736328125,0.017483249481301755,5.3266063332557678e-05,0.38604736328125,0.017483249481301755,0,0,0.0001,64,64,0,5511.579424,1.530994284,20.377532398488402,452.97597167009746,91886.310002050464
ect.q256.schedule-switch-training-telemetry/v1,q256_fresh_crossed_switch_n12_matpool_numeric_recovery_v2,AB,A,B,93,q256_target_weight_v1,B,1.1000000000000001,1.1000000000000001,4093,4082,523904,523.904000,0,14.661128401756287,0,1829.4421010982855,1829.4421010982855,0,1829.4421010982855,0,0.14882184039580071,0,3962.4167297907966,0,3962.2267499938234,0,128,fb4d77f1d6edc436b3df02102fe26939d382e35ff48ee4cfdef672e5045db2e0,544a40e1a7788858d13a0f948781b300a04d743cf9733c5ba3d0b995cbeffe42,89e30478391838849242d5ce4a13de03e872246621e8431fe5f5ef307baa47ba,1941f5bd6dc83ac2739f9eb66c062f07823dc3beff65ee0dafcbbf5cca932d5d,1941f5bd6dc83ac2739f9eb66c062f07823dc3beff65ee0dafcbbf5cca932d5d,bcd9565baedc66e926f4655acfd5048e10d7c758b8b14139a58604d86f5062e3,bcd9565baedc66e926f4655acfd5048e10d7c758b8b14139a58604d86f5062e3,0,0,0,0,0,0,0,8.847331628203392e-05,0.13529205322265625,0.011852802184876055,8.847331628203392e-05,0.13529205322265625,0.011852802184876055,0,0,0.0001,64,64,0,5513.109009,1.531419169,20.37668872936128,396.80215289200845,91882.96593573573
ect.q256.schedule-switch-training-telemetry/v1,q256_fresh_crossed_switch_n12_matpool_numeric_recovery_v2,AB,A,B,94,q256_target_weight_v1,B,1.1000000000000001,1.1000000000000001,4094,4083,524032,524.032000,0,17.258527159690857,0,2036.3328927454902,2036.3328927454902,0,2036.3328927454902,0,0.15485081863965952,0,3962.4167485597459,0,3962.2268463375485,0,128,fe0b5756a2925f3ec279478387a2609f9475af477a7919434ffbf81262108889,4668cdcbf6a97ae2218978350793897176994e707b9be59a9370c5335df77878,4dae2de11eb8ed8f78a0df450f4b478c7f57977e025be4761b8dac985756eb9a,7b51acac18bca8254c720744df1ae3e301f900beae9e8d81527d1122b780973b,7b51acac18bca8254c720744df1ae3e301f900beae9e8d81527d1122b780973b,206b350600f4e5a920013bebb2e0cbea0227c688dabf991340849b0683a154ba,206b350600f4e5a920013bebb2e0cbea0227c688dabf991340849b0683a154ba,0,0,0,0,0,0,0,1.7863058019429445e-05,0.17235946655273438,0.013026097498368472,1.7863058019429445e-05,0.17235946655273438,0.013026097498368472,0,0,0.0001,64,64,0,5514.651551,1.531847653,20.375415376373041,382.33093182995384,91860.873788746423
ect.q256.schedule-switch-training-telemetry/v1,q256_fresh_crossed_switch_n12_matpool_numeric_recovery_v2,AB,A,B,95,q256_target_weight_v1,B,1.1000000000000001,1.1000000000000001,4095,4084,524160,524.160000,0,16.175454378128052,0,1935.7074903043651,1935.7074903043651,0,1935.7074903043651,0,0.15967941778000086,0,3962.4166619832672,0,3962.2269425719192,0,128,17a89d55a0fc5097687cd62319593bb68140805727497988bd89e77d164df7ac,51321f99c8984bbda20dc98e62ba6d20c3cf9ec849095ae6e17ad1d1751c1506,bad567de58b888f6c9a3090ce4d08c9b1eaf5a4c12b8f6347e55772484a044ff,b5ceb94f44df08ab47a2ebfa725a896a20e0b68e419a052f5aba09980b1cf784,b5ceb94f44df08ab47a2ebfa725a896a20e0b68e419a052f5aba09980b1cf784,c99656028e8b6a6f9577097b99dbaecbaf7dd31cc6141c6b8a51e34e81a2dfce,c99656028e8b6a6f9577097b99dbaecbaf7dd31cc6141c6b8a51e34e81a2dfce,0,0,0,0,0,0,0,8.8954810053110123e-05,0.053532600402832031,0.0094980510184541345,8.8954810053110123e-05,0.053532600402832031,0.0094980510184541345,0,0,0.0001,64,64,0,5516.178659,1.532271850,20.373867336661895,414.90568052600196,91827.791566711443
ect.q256.schedule-switch-training-telemetry/v1,q256_fresh_crossed_switch_n12_matpool_numeric_recovery_v2,AB,A,B,96,q256_target_weight_v1,B,1.1000000000000001,1.1000000000000001,4096,4085,524288,524.288000,0,16.84358549118042,0,1525.0129916186609,1525.0129916186609,0,1525.0129916186609,0,0.15420763982014912,0,3962.416461815862,0,3962.2270386585196,0,128,cc9ad0c3320fa60901695bc55d61b09fcf913eefd102f6b8b18817e57f4fda14,ff04245ed8d8859f5e5e5ca7926961ea3d69d57165d21c092092325a3ccdb96e,59e169b031d26102fd3e45641fd5890369ee1c515180f0e722a27ab3957d3e75,ea911fdbc2b16e1f615d79566bd9371bbec8be75c3ffc55cf64fcf4d0ae4034f,ea911fdbc2b16e1f615d79566bd9371bbec8be75c3ffc55cf64fcf4d0ae4034f,dda50c7d6a2d78bc60e98ccfb96b7258ce3b9de5644c7eeeff79ea48df35b63c,dda50c7d6a2d78bc60e98ccfb96b7258ce3b9de5644c7eeeff79ea48df35b63c,0,0,0,0,0,0,0,5.3492840379476547e-06,0.14941024780273438,0.01017037540441379,5.3492840379476547e-06,0.14941024780273438,0.01017037540441379,0,0,0.0001,64,64,0,5517.704826,1.532695785,20.372368857742849,417.15732618171518,91774.72220985296
ect.q256.schedule-switch-training-telemetry/v1,q256_fresh_crossed_switch_n12_matpool_numeric_recovery_v2,AB,A,B,97,q256_target_weight_v1,B,1.1000000000000001,1.1000000000000001,4097,4086,524416,524.416000,0,15.79165256023407,0,2051.2593269999684,2051.2593269999684,0,2051.2593269999684,0,0.15315105433886414,0,3962.4161531102613,0,3962.2271344543497,0,128,c49ab453d034b08fb8930fa145d6a873b525cb52b9575caf8bf6e7806c45ce3e,058e90f5b83b2aba5e45bf90a4bd8062a51989c6e10a30d273ab19a8377d847e,7f8381aaad5f8eb7d0e63c9ba31af371f4b16892c188cc91e4b869da715af717,c2b1210a599ecc8a156aec612f5af7e38b96b814b77bf9fc60f94540a686b218,c2b1210a599ecc8a156aec612f5af7e38b96b814b77bf9fc60f94540a686b218,42362d0d725c4e84c1b3229ac99edb422915a2e7e39f31bac2afb487afb0200b,42362d0d725c4e84c1b3229ac99edb422915a2e7e39f31bac2afb487afb0200b,0,0,0,0,0,0,0,2.8051901608705521e-05,0.48459625244140625,0.017428221472073346,2.8051901608705521e-05,0.48459625244140625,0.017428221472073346,0,0,0.0001,64,64,0,5519.256632,1.533126842,20.370741024032544,433.17134817396487,91771.253381022529
ect.q256.schedule-switch-training-telemetry/v1,q256_fresh_crossed_switch_n12_matpool_numeric_recovery_v2,AB,A,B,98,q256_target_weight_v1,B,1.1000000000000001,1.1000000000000001,4098,4087,524544,524.544000,0,15.949084281921387,0,2099.1549835972355,2099.1549835972355,0,2099.1549835972355,0,0.15591299021110977,0,3962.4158578093998,0,3962.2272299578312,0,128,008dc1f1e25f9101c11ea08d75b5af6eda07cc3829847f3669d943ee0afb16d1,35e96b8ffe51b694e771b4f73e767b52cf8b30fadba31c44d9b9c62cfa029711,73a6f3fd2d9d18d7039fedcb38df9356752a6d24deee98d54f70f381281f73b7,4693df7c61484967e45d140f520892d0512ef30f6ec02e59747440d57f27908c,4693df7c61484967e45d140f520892d0512ef30f6ec02e59747440d57f27908c,2690b3b50323a8f9de58c743a14f9c4373c31d3e5e5b1f403a33184d0816c3f7,2690b3b50323a8f9de58c743a14f9c4373c31d3e5e5b1f403a33184d0816c3f7,0,0,0,0,0,0,0,1.2288917787373066e-05,0.21662521362304688,0.011340442928485572,1.2288917787373066e-05,0.21662521362304688,0.011340442928485572,0,0,0.0001,64,64,0,5520.784925,1.533551368,20.369123572741117,460.49350488236308,91762.729874378318
ect.q256.schedule-switch-training-telemetry/v1,q256_fresh_crossed_switch_n12_matpool_numeric_recovery_v2,AB,A,B,99,q256_target_weight_v1,B,1.1000000000000001,1.1000000000000001,4099,4088,524672,524.672000,0,14.316689014434814,0,1902.8222458785147,1902.8222458785147,0,1902.8222458785147,0,0.16124892188831388,0,3962.4156307557887,0,3962.2273252083728,0,128,980f6a5846962b1f3f02c53a573d8836cd7985de0d84dc062c04fa6dcb92cce2,dbbae28a82639e78b5f87ccf9e6d4a959673019d9fc1d8be2f722ca3447b8bff,3f5e355d11f62e34632a5cdc7a2b7d02ee954e4c42982d93095d4a9a5aea018a,c5c29095e6bf91df01178913e3492230f5597a4e64ddbdd65478656dd2db3b19,c5c29095e6bf91df01178913e3492230f5597a4e64ddbdd65478656dd2db3b19,de22c38782bb54b06b9043767c914a222a92aa1ea75ccb96e0bc30aba197f1da,de22c38782bb54b06b9043767c914a222a92aa1ea75ccb96e0bc30aba197f1da,0,0,0,0,0,0,0,9.89534892141819e-05,0.080150604248046875,0.011589613510295749,9.89534892141819e-05,0.080150604248046875,0.011589613510295749,0,0,0.0001,64,64,0,5522.316245,1.533976735,20.367730701817557,489.13868426925922,91716.973926261984
ect.q256.schedule-switch-training-telemetry/v1,q256_fresh_crossed_switch_n12_matpool_numeric_recovery_v2,AB,A,B,100,q256_target_weight_v1,B,1.1000000000000001,1.1000000000000001,4100,4089,524800,524.800000,0,16.225791931152344,0,1489.2014316237551,1489.2014316237551,0,1489.2014316237551,0,0.15896599405318021,0,3962.4153794364479,0,3962.2274202175954,0,128,06072bb2d33f1ec9842eda1752b60988c7e15d574b6b3c0c2eba4d868b0d4552,a01323182991ddc0867e17b1f8aa309ead2c3f5eeb5e466daa8120b4b667cb7c,ece0da42b4f8931cbc3f4159f9234bea0ebccbfe2c1828f018d6f284c8ff9636,27d1ac0cbacbfc35b3137d228bf3dd38d866d43c76699f0b71a333a411e5e368,27d1ac0cbacbfc35b3137d228bf3dd38d866d43c76699f0b71a333a411e5e368,32ddb39ec7ecd5bf48f367385769883760273d1df96f3a2ce42686d4672a7217,32ddb39ec7ecd5bf48f367385769883760273d1df96f3a2ce42686d4672a7217,0,0,0,0,0,0,0,2.5404267944395542e-05,0.07601165771484375,0.01090462866704911,2.5404267944395542e-05,0.07601165771484375,0.01090462866704911,0,0,0.0001,64,64,0,5523.856274,1.534404521,20.366461424030245,489.6072289244276,91663.136855220131
ect.q256.schedule-switch-training-telemetry/v1,q256_fresh_crossed_switch_n12_matpool_numeric_recovery_v2,AB,A,B,101,q256_target_weight_v1,B,1.1000000000000001,1.1000000000000001,4101,4090,524928,524.928000,0,15.273481726646423,0,1812.7362688652561,1812.7362688652561,0,1812.7362688652561,0,0.15774412747019401,0,3962.4151050675582,0,3962.2275149424004,0,128,a3ff81d89e0eb46eed6e31308b1de1b1f0595e67459bf7513ab20c5312fd71e6,c4fc812ee019f142795578a7f04b0f1cf055a6fd0c5dd51af4062b73e6fd7bcc,3ca799d6d80ccbe7b3e3770d253631cf79a35466318a1a689792e89c73af65ea,a88c4d899bc393c7f5da315bb151177ed615b0bb509571dab59fde3841aee7c9,a88c4d899bc393c7f5da315bb151177ed615b0bb509571dab59fde3841aee7c9,add603f95da750d666e71f59effffeedb032ba79da30efb7372593a05254dafd,add603f95da750d666e71f59effffeedb032ba79da30efb7372593a05254dafd,0,0,0,0,0,0,0,3.7674442864954472e-05,0.28920745849609375,0.01376367243938148,3.7674442864954472e-05,0.28920745849609375,0.01376367243938148,0,0,0.0001,64,64,0,5525.384919,1.534829144,20.365012004960136,459.0501476145435,91621.713686218121
ect.q256.schedule-switch-training-telemetry/v1,q256_fresh_crossed_switch_n12_matpool_numeric_recovery_v2,AB,A,B,102,q256_target_weight_v1,B,1.1000000000000001,1.1000000000000001,4102,4091,525056,525.056000,0,17.032755851745605,0,2205.6888017022357,2205.6888017022357,0,2205.6888017022357,0,0.15333498350239097,0,3962.4148401139637,0,3962.2276093896367,0,128,73f301b33fdaf4006e960adf9ec8fa5c7de589623e931b29032433606c76c97d,a14fb6b401df0c15b4bd6b80eda2b9ab36e9843f68c9664bed4fc7177e62e218,fec209aa507d1d49ced274a4f0a4d003757d621072ee2df8a8981cae0d3fdb27,7a472b5e94531954c5ba5fc0b9ff3dd0971b33f62c7c6a8a296de96dfe801e6a,7a472b5e94531954c5ba5fc0b9ff3dd0971b33f62c7c6a8a296de96dfe801e6a,8eb9d18fc3cce40b164a9902fbc0fdc372275d6530c6ac7f972649e7dc52a1a5,8eb9d18fc3cce40b164a9902fbc0fdc372275d6530c6ac7f972649e7dc52a1a5,0,0,0,0,0,0,0,5.8319186791777611e-05,0.21152877807617188,0.011225261376239359,5.8319186791777611e-05,0.21152877807617188,0.011225261376239359,0,0,0.0001,64,64,0,5526.911835,1.535253288,20.363372628945868,472.41209317320795,91684.500403760394
ect.q256.schedule-switch-training-telemetry/v1,q256_fresh_crossed_switch_n12_matpool_numeric_recovery_v2,AB,A,B,103,q256_target_weight_v1,B,1.1000000000000001,1.1000000000000001,4103,4092,525184,525.184000,0,15.24661922454834,0,2069.9009735174345,2069.9009735174345,0,2069.9009735174345,0,0.15374579644610642,0,3962.4146422823374,0,3962.2277036223109,0,128,b470376a1085980924c650ae991a0956c6eca74624bd6a9047e6d1bc018b59c4,b89e0411df139812e90704f6da854c4e43402b2f566bf52fbbba75425e61ab94,2bdae22c932e57c10ec4d9d87cd8c855fd32ec7a1465c4056efd409920f1e128,fd7a15810410b44cf97bd2101d6d899d5e76e7e87d1c45aaf20346cd05369d33,fd7a15810410b44cf97bd2101d6d899d5e76e7e87d1c45aaf20346cd05369d33,d9d635502d934ded902f8fc99b7780b4634c38fb6893aafc0bf7b013647531fb,d9d635502d934ded902f8fc99b7780b4634c38fb6893aafc0bf7b013647531fb,0,0,0,0,0,0,0,0.00016672210767865181,0.49781036376953125,0.017872630967758596,0.00016672210767865181,0.49781036376953125,0.017872630967758596,0,0,0.0001,64,64,0,5528.441507,1.535678196,20.361620059291166,515.32153451041802,91680.327604006743
ect.q256.schedule-switch-training-telemetry/v1,q256_fresh_crossed_switch_n12_matpool_numeric_recovery_v2,AB,A,B,104,q256_target_weight_v1,B,1.1000000000000001,1.1000000000000001,4104,4093,525312,525.312000,0,14.711426019668579,0,1547.6659486591889,1547.6659486591889,0,1547.6659486591889,0,0.15417912410486984,0,3962.4145298072103,0,3962.2277977506437,0,128,07db98b3e81c9b5596520ea9b5c1eef301ced31ca1078231b6b3172e31462c2d,e387f28fc0a564099cf02c44bebbe757bf3e26a0371dd143cafe6b2ea318ae16,b74d117f43dba6e4f8b65bc391f9c2420506b6e04ec1b6efbea86620ce677b30,c6f3d1f0e9ad0681aaef9d883717ec7686778bca7c0cdd4f707a4e6f32994210,c6f3d1f0e9ad0681aaef9d883717ec7686778bca7c0cdd4f707a4e6f32994210,6b5326e9058f8302ceec182c32cc045343425dd87a810ff299c59503735e022f,6b5326e9058f8302ceec182c32cc045343425dd87a810ff299c59503735e022f,0,0,0,0,0,0,0,2.0413950551301241e-05,3.10198974609375,0.039029360224958509,2.0413950551301241e-05,3.10198974609375,0.039029360224958509,0,0,0.0001,64,64,0,5530.041065,1.536122518,20.359826490339817,513.23143574107394,91627.68913462598
ect.q256.schedule-switch-training-telemetry/v1,q256_fresh_crossed_switch_n12_matpool_numeric_recovery_v2,AB,A,B,105,q256_target_weight_v1,B,1.1000000000000001,1.1000000000000001,4105,4094,525440,525.440000,0,16.980593085289001,0,1792.8907797747775,1792.8907797747775,0,1792.8907797747775,0,0.15400925598823406,0,3962.4144937887791,0,3962.2278918091724,0,128,16fbc04f750e784307c01e8e5a90425ce7c95158b679e0367283589f7106d10d,ec3672bb2242a4d127a181160ad1a2c90bb6dc85d6878db5183383719a41777f,bd8e9e9cac0c9ccc7a83d4104b8b0abcd1f8bfecfedb35aa8ca675794b537ff6,26f43aa346901fa8d19831ada6bf7bb741d7ab16f8a699ad02b88b8158c00321,26f43aa346901fa8d19831ada6bf7bb741d7ab16f8a699ad02b88b8158c00321,8e438607b0a1d87562f5a1370b0fd378807eefce444922206112e8752b61f31e,8e438607b0a1d87562f5a1370b0fd378807eefce444922206112e8752b61f31e,0,0,0,0,0,0,0,5.5482843890786171e-05,0.30335235595703125,0.012993668206036091,5.5482843890786171e-05,0.30335235595703125,0.012993668206036091,0,0,0.0001,64,64,0,5531.571786,1.536547718,20.358329017986165,476.36318202114137,91577.02889282562
ect.q256.schedule-switch-training-telemetry/v1,q256_fresh_crossed_switch_n12_matpool_numeric_recovery_v2,AB,A,B,106,q256_target_weight_v1,B,1.1000000000000001,1.1000000000000001,4106,4095,525568,525.568000,0,16.489570498466492,0,2089.4888193977749,2089.4888193977749,0,2089.4888193977749,0,0.15205209996429611,0,3962.4146257880575,0,3962.2279858769512,0,128,6106af85562ac2aeea45e466c65c0b61b3ad00a01375cc6ffd6ddc9a8a307341,fd2d6091acbfdb56d550d4197256162014523092d73aae8f54dba264a58fd5fc,350a44d081861dc2abe499d20143169939f0d87589569c98d2c69f4956e86ce2,8c6db1c1716d85011058b76375cfc28cfbaf929005bd8014904bcecfc4b3224d,8c6db1c1716d85011058b76375cfc28cfbaf929005bd8014904bcecfc4b3224d,e6f4f5c91de611f99ae0ab136fd3793a74ddffeb33a88ce2da780500a4a2af57,e6f4f5c91de611f99ae0ab136fd3793a74ddffeb33a88ce2da780500a4a2af57,0,0,0,0,0,0,0,6.433599628508091e-05,0.2637176513671875,0.013691766769625247,6.433599628508091e-05,0.2637176513671875,0.013691766769625247,0,0,0.0001,64,64,0,5533.099143,1.536971984,20.356453221206515,465.91225788305809,91557.306610198109
ect.q256.schedule-switch-training-telemetry/v1,q256_fresh_crossed_switch_n12_matpool_numeric_recovery_v2,AB,A,B,107,q256_target_weight_v1,B,1.1000000000000001,1.1000000000000001,4107,4096,525696,525.696000,0,17.291057229042053,0,2040.9265844452534,2040.9265844452534,0,2040.9265844452534,0,0.15714135900416731,0,3962.4148617903561,0,3962.2280800350659,0,128,76e8a5cb59367d59568547776fa9e731ac6a77337e6712d1d4577cbf7bd65691,b24d5d23d41ada1318b0208d4d723cdeca488a0e72a4658468e7981931a44ac5,7429a5e5ac1c26e99982e330646c4019336b4d025286caa678236e013eaa58c9,db9d0e903157ca1f58ecd6ab14040d1ab0c756de61a1f91f295bd214dfa5fadd,db9d0e903157ca1f58ecd6ab14040d1ab0c756de61a1f91f295bd214dfa5fadd,f2e6dcce274407b8494540aa91b40f3c45e0fb03b156d69512000df1bfc2eec7,f2e6dcce274407b8494540aa91b40f3c45e0fb03b156d69512000df1bfc2eec7,0,0,0,0,0,0,0,7.6984521001577377e-05,0.23141098022460938,0.012898956949356943,7.6984521001577377e-05,0.23141098022460938,0.012898956949356943,0,0,0.0001,64,64,0,5534.631665,1.537397685,20.35482867756928,460.72225695204736,91537.863729151941
ect.q256.schedule-switch-training-telemetry/v1,q256_fresh_crossed_switch_n12_matpool_numeric_recovery_v2,AB,A,B,108,q256_target_weight_v1,B,1.1000000000000001,1.1000000000000001,4108,4097,525824,525.824000,0,17.774499893188477,0,2419.6156954916401,2419.6156954916401,0,2419.6156954916401,0,0.16094693783086664,0,3962.4152243733392,0,3962.228174415885,0,128,67e8d4305701820268d4e9498ac5defd1cf77bf3cfcf9325bb2fd13238986d3b,1c25c878c3ef0001a3f41bbf1f03761e4aa31997dd235d96054c53314608f099,8ddccc004fe10a0a328bba7b0edee799e3ccba6067094488d894c667578239a0,8e6f00797741812c60b841fef385b329e71cfefb66a8d5199e8249b17f98212f,8e6f00797741812c60b841fef385b329e71cfefb66a8d5199e8249b17f98212f,eb45f4b60b5e75f161f7385a6a5856440c085cc654655bb9ca103d59f30130bf,eb45f4b60b5e75f161f7385a6a5856440c085cc654655bb9ca103d59f30130bf,0,0,0,0,0,0,0,2.9564253054559231e-05,0.100311279296875,0.0095540767069905996,2.9564253054559231e-05,0.100311279296875,0.0095540767069905996,0,0,0.0001,64,64,0,5536.159382,1.537822051,20.353097100899916,453.02946259940194,91570.308256119708
ect.q256.schedule-switch-training-telemetry/v1,q256_fresh_crossed_switch_n12_matpool_numeric_recovery_v2,AB,A,B,109,q256_target_weight_v1,B,1.1000000000000001,1.1000000000000001,4109,4098,525952,525.952000,0,16.119573473930359,0,1864.2310939424617,1864.2310939424617,0,1864.2310939424617,0,0.15507494801378399,0,3962.4155952075721,0,3962.2282689858748,0,128,dded0cb5b9b24d7b3210eeda02b18ce506bd80783ed07e1b60e8f56eb3a1cb0d,b61a45ed40ab565fee5b54e7b4ae825fc4eaab674358a2d427bd73773336ab6d,7cf68536882a3e764a05f74bbf6b8c05cd2f89b4c6df5d1b7f7e38c954024154,c5d15cb9c7ea63c8f1d237a94445b9254ba52e9bee4916c5aabd5948237654c3,c5d15cb9c7ea63c8f1d237a94445b9254ba52e9bee4916c5aabd5948237654c3,698269b2dfb99bfb0921fd53c4210d2a5faec99a3bb58b16b08852d0bc75e644,698269b2dfb99bfb0921fd53c4210d2a5faec99a3bb58b16b08852d0bc75e644,0,0,0,0,0,0,0,3.8075144402682781e-05,0.9425201416015625,0.019447823753580451,3.8075144402682781e-05,0.9425201416015625,0.019447823753580451,0,0,0.0001,64,64,0,5537.687225,1.538246451,20.351682595390773,432.4927322135826,91570.115445712247
ect.q256.schedule-switch-training-telemetry/v1,q256_fresh_crossed_switch_n12_matpool_numeric_recovery_v2,AB,A,B,110,q256_target_weight_v1,B,1.1000000000000001,1.1000000000000001,4110,4099,526080,526.080000,0,16.99551248550415,0,2119.351902751072,2119.351902751072,0,2119.351902751072,0,0.15461129111476032,0,3962.4160580121516,0,3962.2283638182362,0,128,a9804263d90645413fba4800877cbb4d1aeb923d63ab6dc110e4ae10bbe3671e,b2b9527734bae9235859a0753eeb59e54b5833ec62d2273e425b76f8bc6a1786,961c17f24ec2fe3e504fb40d8118a1d89ae31232ae1bdf23d8a5e6b0d1b37885,58ec3d1c5e120f1d3e4beeae84feb74e5b994ca6e54413b6cdafa6202dba0749,58ec3d1c5e120f1d3e4beeae84feb74e5b994ca6e54413b6cdafa6202dba0749,e9ba1721d4f6307459e3797a9b4d012fa7763c68980053d8439ed14ee4488c95,e9ba1721d4f6307459e3797a9b4d012fa7763c68980053d8439ed14ee4488c95,0,0,0,0,0,0,0,6.268918514251709e-05,0.04950714111328125,0.0087345808860845864,6.268918514251709e-05,0.04950714111328125,0.0087345808860845864,0,0,0.0001,64,64,0,5539.767281,1.538824245,20.350642416452814,485.61509372143649,91565.358481775518
ect.q256.schedule-switch-training-telemetry/v1,q256_fresh_crossed_switch_n12_matpool_numeric_recovery_v2,AB,A,B,111,q256_target_weight_v1,B,1.1000000000000001,1.1000000000000001,4111,4100,526208,526.208000,0,16.179539442062378,0,2512.3125744031527,2512.3125744031527,0,2512.3125744031527,0,0.15454046042771799,0,3962.4166131590728,0,3962.2284589730975,0,128,37a89011403ce746d0399b8a1a12bd561492a1a0e4a5bfffa8c71c7f45e7b776,afe4eb00be7633b91f337555e27ee8fd9f792efb46e6204a2079ccc01297f1fe,9a1eb5d98cb30893b57f8d18e3f3127c96fda0193ee4a3e927a6a4c089c3ae1b,7fc0433559e52098996d4f2bc9f85873748b00e2fe0ba7eebe413e195a250ee0,7fc0433559e52098996d4f2bc9f85873748b00e2fe0ba7eebe413e195a250ee0,a4c10da6c3f62c218938e994460baa57248993ac336324a962e6bd48d2ba890f,a4c10da6c3f62c218938e994460baa57248993ac336324a962e6bd48d2ba890f,0,0,0,0,0,0,0,7.772957906126976e-05,0.33289337158203125,0.013652153487782925,7.772957906126976e-05,0.33289337158203125,0.013652153487782925,0,0,0.0001,64,64,0,5541.293229,1.539248119,20.350096640577718,497.73859835866199,91658.457010795508
ect.q256.schedule-switch-training-telemetry/v1,q256_fresh_crossed_switch_n12_matpool_numeric_recovery_v2,AB,A,B,112,q256_target_weight_v1,B,1.1000000000000001,1.1000000000000001,4112,4101,526336,526.336000,0,17.153455853462219,0,2005.8351801666713,2005.8351801666713,0,2005.8351801666713,0,0.15323236434898119,0,3962.4172459520814,0,3962.2285544934507,0,128,28ae6802c9203b7f455363aad4894f94089f62ae432ed40ac6cb8d45b510e02d,3b12bad7926bc17409b131be06cfa4f00411c68b3edb8184fe46885e0f4e2b3f,0c927d3061dc7eb48a7b7826148c16816fc406ed5af5175a11b195135f4051aa,5b57a6120a6d1e4f1f05b002d7d621de5c9705a5ba0c256922ff0c2e3035b1e4,5b57a6120a6d1e4f1f05b002d7d621de5c9705a5ba0c256922ff0c2e3035b1e4,a4ffa988923cd42aad0df584af0dc6c9d47f0782ad118f30269815711438d1f9,a4ffa988923cd42aad0df584af0dc6c9d47f0782ad118f30269815711438d1f9,0,0,0,0,0,0,0,1.3038574252277613e-05,0.11310958862304688,0.0094454314094036818,1.3038574252277613e-05,0.11310958862304688,0.0094454314094036818,0,0,0.0001,64,64,0,5542.820843,1.539672456,20.349870602878042,568.76501537961497,91676.81849881477
ect.q256.schedule-switch-training-telemetry/v1,q256_fresh_crossed_switch_n12_matpool_numeric_recovery_v2,AB,A,B,113,q256_target_weight_v1,B,1.1000000000000001,1.1000000000000001,4113,4102,526464,526.464000,0,15.145095109939575,0,1710.824493636529,1710.824493636529,0,1710.824493636529,0,0.15211677350947767,0,3962.417950703355,0,3962.2286504814033,0,128,5ec69d600e2528d772348196475922f62fd6e4035721675eb9f80862a71c8654,6768ba94e73c491b84aaffca79adb3d7557f6d6890a88341bc18285e1d4d854b,9b1df148cd01b10754683be85421958d60dd84b050524464b6ca19c845909973,c3473969bca386bd6165f4e53390e8b41c8a829f2fbafc5028b5f05a748b3798,c3473969bca386bd6165f4e53390e8b41c8a829f2fbafc5028b5f05a748b3798,b3b9e4561a40976313465058fcb99b24e8d0022d4814cd84ca5d4a5b2fef9f78,b3b9e4561a40976313465058fcb99b24e8d0022d4814cd84ca5d4a5b2fef9f78,0,0,0,0,0,0,0,0.00011193379759788513,0.11602783203125,0.010279849753715098,0.00011193379759788513,0.11602783203125,0.010279849753715098,0,0,0.0001,64,64,0,5544.350483,1.540097356,20.349624412315773,604.84847037022769,91647.81754724255
ect.q256.schedule-switch-training-telemetry/v1,q256_fresh_crossed_switch_n12_matpool_numeric_recovery_v2,AB,A,B,114,q256_target_weight_v1,B,1.1000000000000001,1.1000000000000001,4114,4103,526592,526.592000,0,16.834258675575256,0,1384.1798901016709,1384.1798901016709,0,1384.1798901016709,0,0.14911172431230968,0,3962.4185610312679,0,3962.2287467999217,0,128,86ae520109fbdc71890c43c0ed1073345d1026019cccb7cf063be8551d9c3481,a3d1da7f26816f0bc00fb86c8b8d0481debecc3bd78e5c00ae3cf7bf828be864,30faab356aca80d5ac5b55639c9b49e8e249cf0ce3a5f27d42f0130e6b750d6a,3095cde3299add6699994e3aba8114980f21a2ac3109695b74f0deb90a77c71d,3095cde3299add6699994e3aba8114980f21a2ac3109695b74f0deb90a77c71d,bd42bf0fa5f8f5bdb297ea52d775bacaa00f900c626a16dde0a36de737732e1c,bd42bf0fa5f8f5bdb297ea52d775bacaa00f900c626a16dde0a36de737732e1c,0,0,0,0,0,0,0,9.8891556262969971e-05,0.42230224609375,0.012630424054805189,9.8891556262969971e-05,0.42230224609375,0.012630424054805189,0,0,0.0001,64,64,0,5545.881502,1.540522640,20.349147967128935,559.73195125887025,91588.002664028754
ect.q256.schedule-switch-training-telemetry/v1,q256_fresh_crossed_switch_n12_matpool_numeric_recovery_v2,AB,A,B,115,q256_target_weight_v1,B,1.1000000000000001,1.1000000000000001,4115,4104,526720,526.720000,0,15.596820473670959,0,1660.1421662279017,1660.1421662279017,0,1660.1421662279017,0,0.15151269912329557,0,3962.4191200693258,0,3962.2288434660795,0,128,fb02c7b7d16bec8ac11ec42ad93f7e3af415dfd9ba63de55344c88080f961992,aaef3d61639ea6ca5298f9d73b6216499933d90ec8e300045aa7f0724e945467,284b30ea1bb253dafb2e50d690324deb92e371217e6362cd11726ff89f64b1db,894243c4b1767e19f4f1a96772ee78e15292a93670f6e6240c952edad8d30a91,894243c4b1767e19f4f1a96772ee78e15292a93670f6e6240c952edad8d30a91,469f0c4c8f5bdfe666f19b93ad8998694cbc9989ee87858994dda7928948c106,469f0c4c8f5bdfe666f19b93ad8998694cbc9989ee87858994dda7928948c106,0,0,0,0,0,0,0,5.5440235882997513e-05,0.22587966918945312,0.015630398993380368,5.5440235882997513e-05,0.22587966918945312,0.015630398993380368,0,0,0.0001,64,64,0,5547.413202,1.540948112,20.348458595310728,512.07265422623368,91556.504766892278
ect.q256.schedule-switch-training-telemetry/v1,q256_fresh_crossed_switch_n12_matpool_numeric_recovery_v2,AB,A,B,116,q256_target_weight_v1,B,1.1000000000000001,1.1000000000000001,4116,4105,526848,526.848000,0,15.569097280502319,0,1647.4671214547814,1647.4671214547814,0,1647.4671214547814,0,0.15017807277290213,0,3962.4195704200438,0,3962.2289403161599,0,128,3fcd5dc77184bfe429501002e6757e06de6a49325dcfa88818dfe664d11e8975,7590dceca95a4b2cbcd104fda728dae67bc5030a36fec6a95fe2e12ce25dacf8,07a3acf10878ce7687674781abe7a394ba1879104f0e08a969f59e03b594bc8f,ea9ad359e014f71f96362833d1500091437f33d00d7e4acb40052de2171073f9,ea9ad359e014f71f96362833d1500091437f33d00d7e4acb40052de2171073f9,bf616988dc50e8467b326ede01606b6cce675497f9694bb1319198497bc9f006,bf616988dc50e8467b326ede01606b6cce675497f9694bb1319198497bc9f006,0,0,0,0,0,0,0,5.2287941798567772e-05,0.20952987670898438,0.014344389725010842,5.2287941798567772e-05,0.20952987670898438,0.014344389725010842,0,0,0.0001,64,64,0,5548.941653,1.541372681,20.347402915415358,517.81806269285016,91518.261010529619
ect.q256.schedule-switch-training-telemetry/v1,q256_fresh_crossed_switch_n12_matpool_numeric_recovery_v2,AB,A,B,117,q256_target_weight_v1,B,1.1000000000000001,1.1000000000000001,4117,4106,526976,526.976000,0,17.158204793930054,0,1589.7602940112579,1589.7602940112579,0,1589.7602940112579,0,0.14650701426287296,0,3962.4198746730453,0,3962.229037353371,0,128,2b05123bce73b4b6e98c6b2461c05abd0cc5967eb33e1d190de75e9e52fce8f0,54e542a6d64ba6730dbfaa9c73a973bb7c3c8a18d7830f259025b7285d51b469,5742852b781ca2980e45ce2dfcc54b12e84ec32b66f6e8ad6fb103d0875aa32f,d5f7d88025ea4d3dcc042c94cad19b5f8917ed69cfd2fad1393556158239ae23,d5f7d88025ea4d3dcc042c94cad19b5f8917ed69cfd2fad1393556158239ae23,56c529878b6bdd913037a6e5e695730fa51c46c927650a1e040094aef19ffdf2,56c529878b6bdd913037a6e5e695730fa51c46c927650a1e040094aef19ffdf2,0,0,0,0,0,0,0,3.2235635444521904e-05,0.4096221923828125,0.016345841693691909,3.2235635444521904e-05,0.4096221923828125,0.016345841693691909,0,0,0.0001,64,64,0,5550.471067,1.541797519,20.34645143495856,501.7394632279067,91470.283276276416
ect.q256.schedule-switch-training-telemetry/v1,q256_fresh_crossed_switch_n12_matpool_numeric_recovery_v2,AB,A,B,118,q256_target_weight_v1,B,1.1000000000000001,1.1000000000000001,4118,4107,527104,527.104000,0,16.035724997520447,0,1517.7859877788569,1517.7859877788569,0,1517.7859877788569,0,0.14201875284282978,0,3962.4200236829797,0,3962.2291344576211,0,128,c5cf3bc8aa78d7d2a3a1386e29967a28a6b0510fa8bf69057bb142b59ba1ac6f,f67dc52da4ff5026ce1fa1f9877111a68a4c60256779866855bc0c4c64de3259,2399d6a39a4f377476a2e2d1e1206b7c4e2c025c0cc8c39c9937a80331018b46,2ea2633abde1256595c9aff1c3891714bb06f1ffb0a74019a4644dc00d1540b0,2ea2633abde1256595c9aff1c3891714bb06f1ffb0a74019a4644dc00d1540b0,207d5580480a2b7f0f3b4f47fe8607406f49000df75c5c9699f6ff9154c1d86a,207d5580480a2b7f0f3b4f47fe8607406f49000df75c5c9699f6ff9154c1d86a,0,0,0,0,0,0,0,0.00032585952430963516,0.485748291015625,0.016352768172509968,0.00032585952430963516,0.485748291015625,0.016352768172509968,0,0,0.0001,64,64,0,5552.002423,1.542222895,20.345337915296813,417.05180838106145,91429.309825667908
ect.q256.schedule-switch-training-telemetry/v1,q256_fresh_crossed_switch_n12_matpool_numeric_recovery_v2,AB,A,B,119,q256_target_weight_v1,B,1.1000000000000001,1.1000000000000001,4119,4108,527232,527.232000,0,14.960975289344788,0,2011.1378135376647,2011.1378135376647,0,2011.1378135376647,0,0.14699805498020652,0,3962.4200825281041,0,3962.2292314897231,0,128,6af45ee2ef0e506fe4af2e5d3156cf5e06ff840819f4db8066588dc586375517,efea5d4f6e2f36ff3241988fa10a6a941060735a7b0905a7b837f04cf53f0463,1ec97fc7438e4aeb3eaef6b54ff0cf635da324ac7978807a77ddf5ad3d5b907e,9d463adb539ae9d980d83badd24d42551727661f77ce6bd6ee5dd05909a0031e,9d463adb539ae9d980d83badd24d42551727661f77ce6bd6ee5dd05909a0031e,ac63e893628e293ca641463ea0e087e58e696c993ea32fa212d8fa30b08c0286,ac63e893628e293ca641463ea0e087e58e696c993ea32fa212d8fa30b08c0286,0,0,0,0,0,0,0,7.2727212682366371e-05,0.9308013916015625,0.019681129488162696,7.2727212682366371e-05,0.9308013916015625,0.019681129488162696,0,0,0.0001,64,64,0,5553.531343,1.542647595,20.343829503673508,369.49057534345224,91429.514811893343
ect.q256.schedule-switch-training-telemetry/v1,q256_fresh_crossed_switch_n12_matpool_numeric_recovery_v2,AB,A,B,120,q256_target_weight_v1,B,1.1000000000000001,1.1000000000000001,4120,4109,527360,527.360000,0,16.444993138313293,0,1895.6521217965528,1895.6521217965528,0,1895.6521217965528,0,0.14955760373303145,0,3962.4199936412815,0,3962.2293284728421,0,128,c83be1e414544e634193838f2c365a1ddd267cef6ad4334f576850195560adb9,53483f243f25467219e1b5e20e1e61bcc8a17dd9c24242640aac46daa1b4639b,7c874af53e91671a8313f2f29505b93f72cd25e821ed046766c7ef5972810458,3fd74d6e984e3dd0959797520b767425b85f58387ac76f025c97553dc8ee9364,3fd74d6e984e3dd0959797520b767425b85f58387ac76f025c97553dc8ee9364,0429343503441120c73753e6d19846587d438ca6270beb81fb8585cae75a43c2,0429343503441120c73753e6d19846587d438ca6270beb81fb8585cae75a43c2,0,0,0,0,0,0,0,0.00015492644160985947,0.091890335083007812,0.011829072260297835,0.00015492644160985947,0.091890335083007812,0.011829072260297835,0,0,0.0001,64,64,0,5555.061035,1.543072510,20.342205599087798,360.42839779122045,91387.844021884855
ect.q256.schedule-switch-training-telemetry/v1,q256_fresh_crossed_switch_n12_matpool_numeric_recovery_v2,AB,A,B,121,q256_target_weight_v1,B,1.1000000000000001,1.1000000000000001,4121,4110,527488,527.488000,0,16.772575616836548,0,2056.1133348579247,2056.1133348579247,0,2056.1133348579247,0,0.14768037298126324,0,3962.4197835297377,0,3962.2294252646006,0,128,2bd0a8917121a49b891b97398a5904f4b405c8da69eefbcc2eb6248b63ca11de,b97d8afdc9c29f18169663124e69a6b92c27842f2fbc1f5583edcffee55cd1a7,706eb8ec4cc4a4a7983ac76e53c3bdbe595136619c866ff9b3a4e280d9afe4d3,f4ab1118b764ad567a6e943d5b01fbcef1077464d3e05c3e9478519cf7fd87bd,f4ab1118b764ad567a6e943d5b01fbcef1077464d3e05c3e9478519cf7fd87bd,86c5bb9a09b5fea199a0fb8269ec2e04c23f515d407d93cdaa22322dc40f33db,86c5bb9a09b5fea199a0fb8269ec2e04c23f515d407d93cdaa22322dc40f33db,0,0,0,0,0,0,0,3.2808631658554077e-05,0.3992462158203125,0.013858333812095225,3.2808631658554077e-05,0.3992462158203125,0.013858333812095225,0,0,0.0001,64,64,0,5556.595884,1.543498857,20.339865146281927,365.53911546027598,91393.169582119706
ect.q256.schedule-switch-training-telemetry/v1,q256_fresh_crossed_switch_n12_matpool_numeric_recovery_v2,AB,A,B,122,q256_target_weight_v1,B,1.1000000000000001,1.1000000000000001,4122,4111,527616,527.616000,0,16.426709294319153,0,1729.8782182302773,1729.8782182302773,0,1729.8782182302773,0,0.1488220886174747,0,3962.4194567628479,0,3962.2295217080932,0,128,98294bd38fda75f53fcfce6290044532148afb1d9ece5dbb3f631c7523e5c963,2df84595e8113f33a4ed068442300d7fda2dc6e83999e3998cb97fa477408072,dc9044123450b564c06ecedd581eb6c6b419b0c65c39a52af590768f44842b7f,20571062a448c527c1ecbf0d7debf86d523069ba7432ad1a8a75710e3785e121,20571062a448c527c1ecbf0d7debf86d523069ba7432ad1a8a75710e3785e121,0ebadc5ee899afc5150935083f5b8d151878366f74a2262bfb6dd1930509de69,0ebadc5ee899afc5150935083f5b8d151878366f74a2262bfb6dd1930509de69,0,0,0,0,0,0,0,3.1689181923866272e-05,0.224090576171875,0.013095040689222515,3.1689181923866272e-05,0.224090576171875,0.013095040689222515,0,0,0.0001,64,64,0,5558.127149,1.543924208,20.33768437618038,397.83032057069187,91354.600944358142
ect.q256.schedule-switch-training-telemetry/v1,q256_fresh_crossed_switch_n12_matpool_numeric_recovery_v2,AB,A,B,123,q256_target_weight_v1,B,1.1000000000000001,1.1000000000000001,4123,4112,527744,527.744000,0,15.071067690849304,0,2803.1967740056984,2803.1967740056984,0,2803.1967740056984,0,0.15519180635679117,0,3962.4190808745284,0,3962.2296178139591,0,128,7bc2f79d0bdbae5bc2022325135553248c074a4031877a47dedc7d5d23c46b7d,1e965f1c35fc49cbe58c3e069c3a809850bf79e72dcd21b2d5fc0525c7fc84d7,b401ac8f0561a29b8957df6607d85abc9128fff1f90d45b8c5a914d63eed1b75,6f73ddea3301b57b3b08670d279cdce4050226e85a6a458375869ec900da3735,6f73ddea3301b57b3b08670d279cdce4050226e85a6a458375869ec900da3735,771ea6c030b7cdd51de90a93fb38e03056f77ef9c9f9988fd3c7ee0d19a5ac98,771ea6c030b7cdd51de90a93fb38e03056f77ef9c9f9988fd3c7ee0d19a5ac98,0,0,0,0,0,0,0,1.36928865686059e-05,0.23390579223632812,0.015012044808827341,1.36928865686059e-05,0.23390579223632812,0.015012044808827341,0,0,0.0001,64,64,0,5559.662018,1.544350560,20.334622541761629,518.12833148934271,91498.418542055879
ect.q256.schedule-switch-training-telemetry/v1,q256_fresh_crossed_switch_n12_matpool_numeric_recovery_v2,AB,A,B,124,q256_target_weight_v1,B,1.1000000000000001,1.1000000000000001,4124,4113,527872,527.872000,0,16.568025588989258,0,1876.9182404602668,1876.9182404602668,0,1876.9182404602668,0,0.15350780237962497,0,3962.4186134173424,0,3962.2297135938234,0,128,40fe049683bc0005b92000c5fbec083e414adb41a301712996f566f0368a5a48,6a0da20eee5dd04a890e376f1e4aaac46ee3afd99ce0f86a392b72a69e924c47,1d8ee666d398512abfeb8572da29b13770c8e1ae4945cda2d898c614094fb516,20d0a1a63d659206d338c11c52af9ecafda60f6c3894bd9809099ff46c3df40a,20d0a1a63d659206d338c11c52af9ecafda60f6c3894bd9809099ff46c3df40a,a5c12e61fe0106c34ca1eab4981dcd2563406d1fe3bed49477da5d9c797b4d3b,a5c12e61fe0106c34ca1eab4981dcd2563406d1fe3bed49477da5d9c797b4d3b,0,0,0,0,0,0,0,5.2689807489514351e-05,0.22264480590820312,0.014042168098967522,5.2689807489514351e-05,0.22264480590820312,0.014042168098967522,0,0,0.0001,64,64,0,5561.191912,1.544775531,20.331841517447764,561.53564651896136,91471.939055225375
ect.q256.schedule-switch-training-telemetry/v1,q256_fresh_crossed_switch_n12_matpool_numeric_recovery_v2,AB,A,B,125,q256_target_weight_v1,B,1.1000000000000001,1.1000000000000001,4125,4114,528000,528.000000,0,16.39610767364502,0,1585.9997597493882,1585.9997597493882,0,1585.9997597493882,0,0.15364572529883327,0,3962.4181753968073,0,3962.2298089758615,0,128,7abbebdaf4c917c77392d4793063dba657a068fcbbdd6f93caf4a8722aeeaaed,0498d5693ce871c70b200e4953b61447a479df897fa7b3dea0cb0dae8e7c4521,892449f9b40c4c5f782b405f60e63c2d1ab38c0bbe5b3820be7bdea639334bcd,635fa1ed4b8f205b147acb95470f542e24e43f0605f7a24bcac16378e82c3d04,635fa1ed4b8f205b147acb95470f542e24e43f0605f7a24bcac16378e82c3d04,bb51908f7a41a69f27a6e6f543cf2e48857bc6f0b7f774290ac5e1632c7882dd,bb51908f7a41a69f27a6e6f543cf2e48857bc6f0b7f774290ac5e1632c7882dd,0,0,0,0,0,0,0,6.9045228883624077e-05,0.16318130493164062,0.0098705514101311564,6.9045228883624077e-05,0.16318130493164062,0.0098705514101311564,0,0,0.0001,64,64,0,5562.728626,1.545202396,20.328952216635056,536.54817589399613,91414.687580435319
ect.q256.schedule-switch-training-telemetry/v1,q256_fresh_crossed_switch_n12_matpool_numeric_recovery_v2,AB,A,B,126,q256_target_weight_v1,B,1.1000000000000001,1.1000000000000001,4126,4115,528128,528.128000,0,16.546595811843872,0,1079.5699551858988,1079.5699551858988,0,1079.5699551858988,0,0.14589856948354762,0,3962.4178033122421,0,3962.2299040294483,0,128,5269e8f830d68e45c9e2067dc4af14c6c4ede64db4198ec675eb936a53f71994,57fc76e330f6d9c37441b9a1857c5819f22efc6e2ef7b071dc8293d047c12a29,2b9287a838a55c176a8e41c2e0c7ed76a0239c6491d672617ac145f39561684b,6ef9409ad7b34a9d638b215123f05ce1d14947d72e9654d253c926f1536a3c37,6ef9409ad7b34a9d638b215123f05ce1d14947d72e9654d253c926f1536a3c37,8d09117d891312257764356d9bdd5c0647c0adac100328f93650b695f677868e,8d09117d891312257764356d9bdd5c0647c0adac100328f93650b695f677868e,0,0,0,0,0,0,0,7.934030145406723e-05,0.17458343505859375,0.013598415767773986,7.934030145406723e-05,0.17458343505859375,0.013598415767773986,0,0,0.0001,64,64,0,5564.260599,1.545627944,20.326213057511922,506.05251837232316,91342.04150652056
ect.q256.schedule-switch-training-telemetry/v1,q256_fresh_crossed_switch_n12_matpool_numeric_recovery_v2,AB,A,B,127,q256_target_weight_v1,B,1.1000000000000001,1.1000000000000001,4127,4116,528256,528.256000,0,16.894678473472595,0,1879.4364905272978,1879.4364905272978,0,1879.4364905272978,0,0.1441784669964136,0,3962.4174806292476,0,3962.2299987771144,0,128,3a592a26fc75741771a64408a452690103ce64689906e7557523ca2de3cbb043,09ad089e2b2d4b279806fc61c918819ae54efbf9a85a9b2707e23af34b2735b8,5fc2781590f8398c6a53121297bb102fc680413aa71f8979dced448c669f92e7,a3cbeff82a5190a7eeaf9590c3e045775437f4f2b980c1fad410807fd60b7102,a3cbeff82a5190a7eeaf9590c3e045775437f4f2b980c1fad410807fd60b7102,9f965eba6e0ebc02885bab2e7b2f26d47420c7a8a5e4f3f49dbd7afcea457e87,9f965eba6e0ebc02885bab2e7b2f26d47420c7a8a5e4f3f49dbd7afcea457e87,0,0,0,0,0,0,0,9.9110882729291916e-05,0.04929351806640625,0.0087656118557788432,9.9110882729291916e-05,0.04929351806640625,0.0087656118557788432,0,0,0.0001,64,64,0,5565.790155,1.546052821,20.323211450808898,426.23208203716422,91340.325257761069
ect.q256.schedule-switch-training-telemetry/v1,q256_fresh_crossed_switch_n12_matpool_numeric_recovery_v2,AB,A,B,128,q256_target_weight_v1,B,1.1000000000000001,1.1000000000000001,4128,4117,528384,528.384000,0,16.289215683937073,0,1205.031149422535,1205.031149422535,0,1205.031149422535,0,0.14143509943247376,0,3962.4172303930504,0,3962.2300932871217,0,128,f71a58087a138d9dc3862c5912a50ff52cf36707517c16c6b8115249e808b6c3,83cb95a13966c38bd36574e285dc038a3b2dba347f01af58a8bce09b40468ef2,de49ac8d8aa0ea3f3d9518e8f0687a6c41e3d7c5d9b374c3f369ec5391abbb01,347ecda16d3b14398a509b495e5c1b8a241b4f330474f323852021f639311940,347ecda16d3b14398a509b495e5c1b8a241b4f330474f323852021f639311940,8e7b1390365c35354e1d1115dc54ca30b88146d59bcd35f91594777bf95371bf,8e7b1390365c35354e1d1115dc54ca30b88146d59bcd35f91594777bf95371bf,0,0,0,0,0,0,0,7.9288147389888763e-05,0.21204757690429688,0.01330277044326067,7.9288147389888763e-05,0.21204757690429688,0.01330277044326067,0,0,0.0001,64,64,0,5567.321122,1.546478089,20.320246107328398,415.77411869052287,91264.099910429068
ect.q256.schedule-switch-training-telemetry/v1,q256_fresh_crossed_switch_n12_matpool_numeric_recovery_v2,AB,A,B,129,q256_target_weight_v1,B,1.1000000000000001,1.1000000000000001,4129,4118,528512,528.512000,0,16.573353290557861,0,1765.1699148186847,1765.1699148186847,0,1765.1699148186847,0,0.13930083286963782,0,3962.4171092483252,0,3962.2301876508795,0,128,889fe9081e4799c9da2e079f155e4ecbac861ade6418bd8a84b8fe83b7b8eb87,5d84d23e8db7ebffe678645b36a29b71d52475ff3c594bd573057bc3dbfddf7f,9ae8879e2c679d0b362f9781964c769371245055555ed6bc4142d4a0047513f1,82c379cc7dad64e781c67d865bd9da792c77a635cb0bedf09d0c0809c377771d,82c379cc7dad64e781c67d865bd9da792c77a635cb0bedf09d0c0809c377771d,e4d29eec37499f45c3f46292d9c6387c758c93c89fd609165a6376971bbc6b1b,e4d29eec37499f45c3f46292d9c6387c758c93c89fd609165a6376971bbc6b1b,0,0,0,0,0,0,0,0.00011253776028752327,0.41826629638671875,0.015793292783200741,0.00011253776028752327,0.41826629638671875,0.015793292783200741,0,0,0.0001,64,64,0,5568.847503,1.546902084,20.317139795252498,370.24880863461806,91219.801594676115
ect.q256.schedule-switch-training-telemetry/v1,q256_fresh_crossed_switch_n12_matpool_numeric_recovery_v2,AB,A,B,130,q256_target_weight_v1,B,1.1000000000000001,1.1000000000000001,4130,4119,528640,528.640000,0,15.323462724685669,0,1662.1239657322951,1662.1239657322951,0,1662.1239657322951,0,0.13971848207240467,0,3962.4171301521856,0,3962.23028198048,0,128,bbdfac57a69b7ab7947e7abef4d684feae38e2b2ef338ff33b5ff4f21e2fbb48,5012c6546f284b087bdb1f2033c28b84d4fd8460c56e1f010f078e47e9ff7f58,7f1fecd20ac49bb5af4bd90b9053e46b51388953e32d23648b98ddbcbb96682e,141c4701ae10c92412623b3a5d854b6806c8d18e49220d53b0c3e9888c9c1934,141c4701ae10c92412623b3a5d854b6806c8d18e49220d53b0c3e9888c9c1934,8ffdedb5585d6e7a37647f136bbcdd1a3577f55c58d29a61bce300f00c119fef,8ffdedb5585d6e7a37647f136bbcdd1a3577f55c58d29a61bce300f00c119fef,0,0,0,0,0,0,0,1.4668272342532873e-05,0.472503662109375,0.024239048012532294,1.4668272342532873e-05,0.472503662109375,0.024239048012532294,0,0,0.0001,64,64,0,5570.374572,1.547326270,20.314322204322366,375.8057133946669,91178.703122973704
ect.q256.schedule-switch-training-telemetry/v1,q256_fresh_crossed_switch_n12_matpool_numeric_recovery_v2,AB,A,B,131,q256_target_weight_v1,B,1.1000000000000001,1.1000000000000001,4131,4120,528768,528.768000,0,15.741841554641724,0,2107.5412873984269,2107.5412873984269,0,2107.5412873984269,0,0.14212447400081427,0,3962.417218147993,0,3962.2303763195623,0,128,7754fe4befa35f7630a8b0042a68183a2b1dfd8a921443e9c7d927db56f1679b,c6259438cd78c7f00d84d9f19773fdd8e96a2c261920a968d63d8a1a5f2f028c,ea894eb332b6fa39398fa05da0a26763d9f23cc97ebaf664e1d6c1e25ecb66be,d58ee7ccaa6f114cb9b894558cf141533a1ec4f4c830a5e56f1602232e6266bb,d58ee7ccaa6f114cb9b894558cf141533a1ec4f4c830a5e56f1602232e6266bb,4c5be22d75eb722717880e9d843098f454ccb153de401e05600e5d6d6dfeb8ed,4c5be22d75eb722717880e9d843098f454ccb153de401e05600e5d6d6dfeb8ed,0,0,0,0,0,0,0,5.6431861594319344e-05,0.31325531005859375,0.015934411436319351,5.6431861594319344e-05,0.31325531005859375,0.015934411436319351,0,0,0.0001,64,64,0,5571.903460,1.547750961,20.311797759814763,359.44177971065011,91194.297361817691
ect.q256.schedule-switch-training-telemetry/v1,q256_fresh_crossed_switch_n12_matpool_numeric_recovery_v2,AB,A,B,132,q256_target_weight_v1,B,1.1000000000000001,1.1000000000000001,4132,4121,528896,528.896000,0,17.374161601066589,0,2243.9526767851107,2243.9526767851107,0,2243.9526767851107,0,0.13865228800279739,0,3962.4173885011728,0,3962.2304707719304,0,128,e8d0a8faadea8af1c9b284ea48862b6121eade649112db7fd8d82d3f0c58e8d3,748e213e10ab9adb577cd5c37f0bc5f06c513265b5af2d21d0e5dab92a9fca95,ab1629b8934e26402e7d7275aa056b5166244ae519bafb3c5c7cbc0a0305cd37,092c41e57654131c9f9b0f11f8f51121d4ab390ee9dbdf25d54fac689c390381,092c41e57654131c9f9b0f11f8f51121d4ab390ee9dbdf25d54fac689c390381,d6f83a60e53691c71902a105ebaa77ea87c8b1f0d28208fe1e67a8821028ee90,d6f83a60e53691c71902a105ebaa77ea87c8b1f0d28208fe1e67a8821028ee90,0,0,0,0,0,0,0,1.7166661564260721e-05,0.23082351684570312,0.011060852091759443,1.7166661564260721e-05,0.23082351684570312,0.011060852091759443,0,0,0.0001,64,64,0,5573.433422,1.548175951,20.309248113684827,416.930749322552,91246.835466266872
ect.q256.schedule-switch-training-telemetry/v1,q256_fresh_crossed_switch_n12_matpool_numeric_recovery_v2,AB,A,B,133,q256_target_weight_v1,B,1.1000000000000001,1.1000000000000001,4133,4122,529024,529.024000,0,16.231920957565308,0,1901.797106757964,1901.797106757964,0,1901.797106757964,0,0.1406728330482537,0,3962.4176751513619,0,3962.2305653959611,0,128,3e816b9ba715dc5ca7d61f492587030888f23969bd0c9757c9ab2b723ec72b90,ecebb241b5c2f3135e906e7e0c64cb4c37dafbc1307cd840f8f9158abb8f37c8,cfb5e2b2851164b67698c0a2d8e42c24be9d6dbf27d72c048a36e85757d0c453,21488e9b976fb5064f8304c77437e7970a66d06f2476529a1371ece78c44276b,21488e9b976fb5064f8304c77437e7970a66d06f2476529a1371ece78c44276b,3cee684b308bf7f345c180e490bcfad44cc5a6dfcef5ddb151a667df1ca50f2b,3cee684b308bf7f345c180e490bcfad44cc5a6dfcef5ddb151a667df1ca50f2b,0,0,0,0,0,0,0,2.9743881896138191e-05,0.29498291015625,0.014027904137037694,2.9743881896138191e-05,0.29498291015625,0.014027904137037694,0,0,0.0001,64,64,0,5574.984522,1.548606812,20.306911103823904,467.25218342728624,91224.377524993193
ect.q256.schedule-switch-training-telemetry/v1,q256_fresh_crossed_switch_n12_matpool_numeric_recovery_v2,AB,A,B,134,q256_target_weight_v1,B,1.1000000000000001,1.1000000000000001,4134,4123,529152,529.152000,0,15.45380961894989,0,1731.3004685963319,1731.3004685963319,0,1731.3004685963319,0,0.14047137865072651,0,3962.4179817905961,0,3962.2306601435575,0,128,f77d061e081a2167229e54042ed82cbd9717a6ebd85c741d64d89f450a8a9546,8891ff52d9a95f26bbc699bc7bf59ede81d557b37288d2d54591ced03e63b750,4f4496a8028fb730cb1bc3c3fc04025275d52b4ed3ce5b38d1091310d52e4d75,5fc16203b4a118acc8fa382c1fac7ff8fa99ae5f72faedb4df008766783be00d,5fc16203b4a118acc8fa382c1fac7ff8fa99ae5f72faedb4df008766783be00d,e97070931b80b172f4ac008394e03b2289f1841e892b44e5a2f3b9d21c2e0d59,e97070931b80b172f4ac008394e03b2289f1841e892b44e5a2f3b9d21c2e0d59,0,0,0,0,0,0,0,0.00014063296839594841,0.18953704833984375,0.017304410343058407,0.00014063296839594841,0.18953704833984375,0.017304410343058407,0,0,0.0001,64,64,0,5576.518050,1.549032792,20.30434693821557,485.5850076669791,91197.747580812545
ect.q256.schedule-switch-training-telemetry/v1,q256_fresh_crossed_switch_n12_matpool_numeric_recovery_v2,AB,A,B,135,q256_target_weight_v1,B,1.1000000000000001,1.1000000000000001,4135,4124,529280,529.280000,0,16.844036221504211,0,1957.0175834612903,1957.0175834612903,0,1957.0175834612903,0,0.13955900863131296,0,3962.4182823185179,0,3962.2307550433497,0,128,03833b5bbcd259acad7865d6e44b56311ef9a71e68de33e746399fee279d6e0c,5af1de9b9ffebd90de14499064cd7e04734902b214d436aeb6cec61520eb3c86,f2b5d2116126e9d3e49fc2ef0fe023f9b1e0278b3a63cfbc3fe7659bdbfc1730,c07395b73cd99c3914c4d10594202de1bc16714bb1e810f6f7996814c48671a6,c07395b73cd99c3914c4d10594202de1bc16714bb1e810f6f7996814c48671a6,c4481efc3693835d9f5f832c64e9fb013aa0da86b083a151df3cdb920da8c176,c4481efc3693835d9f5f832c64e9fb013aa0da86b083a151df3cdb920da8c176,0,0,0,0,0,0,0,1.2191827408969402e-05,0.18169403076171875,0.011296594922896475,1.2191827408969402e-05,0.18169403076171875,0.011296594922896475,0,0,0.0001,64,64,0,5578.066431,1.549462898,20.301390034843056,392.88542632642447,91207.018346483164
ect.q256.schedule-switch-training-telemetry/v1,q256_fresh_crossed_switch_n12_matpool_numeric_recovery_v2,AB,A,B,136,q256_target_weight_v1,B,1.1000000000000001,1.1000000000000001,4136,4125,529408,529.408000,0,15.936442732810974,0,2905.4997178160993,2905.4997178160993,0,2905.4997178160993,0,0.13960873449256792,0,3962.4185332452948,0,3962.2308500117147,0,128,3d25c03af27d74da4e7ac6c4a652b0feb55ebfedf576c96c67fbe8578a432a02,853a8bca0cf12c2928cc99678d7c35a7f5ac1b7a2cf7470b21c5a1612edec177,26bc343a079a9ee06b32e7311605f80b5f7c18cc0ac7b7dde0a1c4d418978111,dda76bffb9ebbb77c89299ef37f09941cdb75e13ad05827ae98eef1bf0176d50,dda76bffb9ebbb77c89299ef37f09941cdb75e13ad05827ae98eef1bf0176d50,c38298d5a00f635947dd58c206288c98693312d294b1ee0d59fd489917cbd9c9,c38298d5a00f635947dd58c206288c98693312d294b1ee0d59fd489917cbd9c9,0,0,0,0,0,0,0,3.9807870052754879e-05,0.15887451171875,0.013726808479987085,3.9807870052754879e-05,0.15887451171875,0.013726808479987085,0,0,0.0001,64,64,0,5579.596776,1.549887993,20.298533330496852,497.90149254419492,91352.980924004121
ect.q256.schedule-switch-training-telemetry/v1,q256_fresh_crossed_switch_n12_matpool_numeric_recovery_v2,AB,A,B,137,q256_target_weight_v1,B,1.1000000000000001,1.1000000000000001,4137,4126,529536,529.536000,0,16.55096173286438,0,1409.091336592877,1409.091336592877,0,1409.091336592877,0,0.13917786081483796,0,3962.4187219278374,0,3962.2309450818475,0,128,3b4dd1fa807a3a6faf73f90d804264e117eac32e361baa0c4daa2bb3e24dacd8,d7c1f9b900ad030d15bfa2b2d7a84c6bca823cac8d2c6379d2896a418b7f44ce,57f335afa100a2e77d750058682a443bd707db0039775278111e26ccd592d39a,13c2e7035bc85eab48a66cda52badb5d5929b1d5864def307865cc9dba243531,13c2e7035bc85eab48a66cda52badb5d5929b1d5864def307865cc9dba243531,a637d2f34342a3801c5cd9cf4b911b54e0aaa02497998634b8090f7478cfca80,a637d2f34342a3801c5cd9cf4b911b54e0aaa02497998634b8090f7478cfca80,0,0,0,0,0,0,0,2.5079119950532913e-05,0.17420578002929688,0.013658784795552492,2.5079119950532913e-05,0.17420578002929688,0.013658784795552492,0,0,0.0001,64,64,0,5581.122708,1.550311863,20.295654819526341,460.9279496519614,91291.943777905413
ect.q256.schedule-switch-training-telemetry/v1,q256_fresh_crossed_switch_n12_matpool_numeric_recovery_v2,AB,A,B,138,q256_target_weight_v1,B,1.1000000000000001,1.1000000000000001,4138,4127,529664,529.664000,0,15.412374138832092,0,1723.319023892702,1723.319023892702,0,1723.319023892702,0,0.1453170288962197,0,3962.4187875599946,0,3962.2310401808513,0,128,661073e5b58693bb91e8a370d6385d3cf3ea161347d580b18c5c733f411aae88,2d6cecc1467319e42fdd377c5439960e17c3d15c120072c1e6baca0888dc23b7,35aca3926c953464323d95a7e56bd1157f4fc75a43754d289565d813fb36167b,fe7353a26c139dbd82e05c236ae2ac066713d94e793f01a47916c2e7e29199c8,fe7353a26c139dbd82e05c236ae2ac066713d94e793f01a47916c2e7e29199c8,39b14e6d5199d16fe2b68e5c700d175d7fe75358d586d4facb636ef06510a13a,39b14e6d5199d16fe2b68e5c700d175d7fe75358d586d4facb636ef06510a13a,0,0,0,0,0,0,0,1.8636405002325773e-05,0.30532073974609375,0.015474778017960489,1.8636405002325773e-05,0.30532073974609375,0.015474778017960489,0,0,0.0001,64,64,0,5582.647095,1.550735304,20.293317490585071,438.30491968942147,91232.322082562969
ect.q256.schedule-switch-training-telemetry/v1,q256_fresh_crossed_switch_n12_matpool_numeric_recovery_v2,AB,A,B,139,q256_target_weight_v1,B,1.1000000000000001,1.1000000000000001,4139,4128,529792,529.792000,0,15.594210267066956,0,1796.8369980896136,1796.8369980896136,0,1796.8369980896136,0,0.14721489004045843,0,3962.4187958768598,0,3962.2311351998965,0,128,2769410f08e5607dce33767b482fc8a5b981d660a98f649e5770cc01571f66c5,eabe1ca90c88e213d239e133c59d7db89f76ca81e4348a9825c391f095c19bd9,c7932fbb249f2950f833d0c3b3586a2df145de52e058cfb206fb2fe1031024e4,59ef615f9333d7d0c5463bf8762f90dc012bb76332114b1ad3addc7885291014,59ef615f9333d7d0c5463bf8762f90dc012bb76332114b1ad3addc7885291014,d2f73db5a75be2b243be60558028910e58153f966184f89368c210b41e997036,d2f73db5a75be2b243be60558028910e58153f966184f89368c210b41e997036,0,0,0,0,0,0,0,0.00010507367551326752,0.16583251953125,0.010759680124465376,0.00010507367551326752,0.16583251953125,0.010759680124465376,0,0,0.0001,64,64,0,5584.180433,1.551161231,20.290996538902537,371.19126934739074,91194.114258416419
ect.q256.schedule-switch-training-telemetry/v1,q256_fresh_crossed_switch_n12_matpool_numeric_recovery_v2,AB,A,B,140,q256_target_weight_v1,B,1.1000000000000001,1.1000000000000001,4140,4129,529920,529.920000,0,17.638712286949158,0,2233.0001158990335,2233.0001158990335,0,2233.0001158990335,0,0.14346373294619458,0,3962.41863834891,0,3962.2312301071415,0,128,37c22d0dc4bf637293f5a89e27e5d3f10c33591ce6bc40ef2cd719bb483be33e,f4da1c098d6a58abddcd679216895deb00f7b9bbcb0760348aadaa829d6040fe,b3a7438308fc0910d1bd7354974e6c8870fc58b66f85e6acb00af0ff9c4d28e1,b4e0ffb012e76a65bb4a4c2da9adcde90548e711ba883a51d84bee83834a9d23,b4e0ffb012e76a65bb4a4c2da9adcde90548e711ba883a51d84bee83834a9d23,071c4835b7779b5e3ed4da5cb2eb06a5ed7e3b9fb2773b7e9b085eca7d6285bf,071c4835b7779b5e3ed4da5cb2eb06a5ed7e3b9fb2773b7e9b085eca7d6285bf,0,0,0,0,0,0,0,3.2626790925860405e-05,0.275909423828125,0.012397364131174982,3.2626790925860405e-05,0.275909423828125,0.012397364131174982,0,0,0.0001,64,64,0,5585.706372,1.551585103,20.288172279780579,315.2763113572214,91245.074972367118
ect.q256.schedule-switch-training-telemetry/v1,q256_fresh_crossed_switch_n12_matpool_numeric_recovery_v2,AB,A,B,141,q256_target_weight_v1,B,1.1000000000000001,1.1000000000000001,4141,4130,530048,530.048000,0,16.423516392707825,0,2864.013205708362,2864.013205708362,0,2864.013205708362,0,0.14465809752238951,0,3962.4183325898748,0,3962.2313247492184,0,128,af94b9649b0326ad988dc3eb704cb46a0e6c5b71481035560c15d58169f19c0c,f8512cf5050809246078a28573486af6376048c1e43a0a256261015cd7cd2644,92f3a92d4af8ca6d7a02375c3980842be6c8dae89618b78f69e7add8e1b5fc3d,586b179a0f382750834edeffe74b4336ebd5b6f0afacdf918aa8ea9402750be9,586b179a0f382750834edeffe74b4336ebd5b6f0afacdf918aa8ea9402750be9,6bd69a2bac3fb3f5da1561fe906248d98e862cf77872ade47199f4d763fd46b9,6bd69a2bac3fb3f5da1561fe906248d98e862cf77872ade47199f4d763fd46b9,0,0,0,0,0,0,0,3.9017293602228165e-05,0.22174453735351562,0.013397709815762937,3.9017293602228165e-05,0.22174453735351562,0.013397709815762937,0,0,0.0001,64,64,0,5587.230438,1.552008455,20.284994270444241,410.57435682072241,91388.784490381338
ect.q256.schedule-switch-training-telemetry/v1,q256_fresh_crossed_switch_n12_matpool_numeric_recovery_v2,AB,A,B,142,q256_target_weight_v1,B,1.1000000000000001,1.1000000000000001,4142,4131,530176,530.176000,0,15.264778256416321,0,3104.1479011420556,3104.1479011420556,0,3104.1479011420556,0,0.15960982949850355,0,3962.4180092087031,0,3962.2314190772177,0,128,47b45b2fb182cd6efd8d7738bf1aa605155b546b0e39ec10bd4930c2375055b2,1d80062f7a81a233757452af988dd6aa11290e69fb94352ee9182083aa76a93d,49a5206fb433248cc382ddf649230f604fd0ee9fed60387681e31063a35e6cdd,0d5157880c94003e633a5a21393f321d918c86bbe2247ae1ff0030e854b9b91a,0d5157880c94003e633a5a21393f321d918c86bbe2247ae1ff0030e854b9b91a,8e69854b7cd8ba386058d3160fcfce74068f2b75ce049ce98779b6a3fa53657b,8e69854b7cd8ba386058d3160fcfce74068f2b75ce049ce98779b6a3fa53657b,0,0,0,0,0,0,0,3.0601746402680874e-05,0.067297935485839844,0.010851648985408247,3.0601746402680874e-05,0.067297935485839844,0.010851648985408247,0,0,0.0001,64,64,0,5588.758247,1.552432846,20.281027006242066,509.51618163751601,91440.604285647831
ect.q256.schedule-switch-training-telemetry/v1,q256_fresh_crossed_switch_n12_matpool_numeric_recovery_v2,AB,A,B,143,q256_target_weight_v1,B,1.1000000000000001,1.1000000000000001,4143,4132,530304,530.304000,0,14.615002751350403,0,2061.0882762646797,2061.0882762646797,0,2061.0882762646797,0,0.16314502508397913,0,3962.4176529729261,0,3962.2315130974225,0,128,55ce95ace2ed27d8e0ffb0b80fcc410437d144cbc94d628ea80ba4009d16f307,02e66ccf2bbee07017f3c7e52bdbfaf531e0bc9685ac0302aee52e8c0767a1c7,0e9f1e450edfcf70022d8ad7d5e939d7e83406da3d19ec687998ede3209f370a,8d07cafb6eef15ca82b72fc6dc7d0cc87f6f404af99eefce60c31ed329c50e41,8d07cafb6eef15ca82b72fc6dc7d0cc87f6f404af99eefce60c31ed329c50e41,2c92a3b83b430637740df6a983b7f4c8208812ec5fb53fa5a707350f6cefeaa8,2c92a3b83b430637740df6a983b7f4c8208812ec5fb53fa5a707350f6cefeaa8,0,0,0,0,0,0,0,4.664156585931778e-05,0.18989944458007812,0.011304998653940856,4.664156585931778e-05,0.18989944458007812,0.011304998653940856,0,0,0.0001,64,64,0,5590.354733,1.552876315,20.277313994958345,481.67606498859237,91427.935412495237
ect.q256.schedule-switch-training-telemetry/v1,q256_fresh_crossed_switch_n12_matpool_numeric_recovery_v2,AB,A,B,144,q256_target_weight_v1,B,1.1000000000000001,1.1000000000000001,4144,4133,530432,530.432000,0,18.35328209400177,0,1524.0784019889841,1524.0784019889841,0,1524.0784019889841,0,0.15931678132518548,0,3962.4172559137105,0,3962.2316067396291,0,128,2f578ce78b8d0b1d68d13c69491bc3e04831e55a9f44b0a38946a2d91b64ff88,e6fb1150ee869e603970e8ef82311a89af07188ea770d991682d1f5ac4d68bcd,a33434cc6c65fdb2ee8852ac886e31a943f30d830bc24c213b7b451c7ba6a673,1c0931778d238380d942e5a17b2e48b5daa9e38b40c4f9d28e3696c08b051194,1c0931778d238380d942e5a17b2e48b5daa9e38b40c4f9d28e3696c08b051194,61ef8245b8d7f75c15b6f20c020c81ab52a3ef99139cf3b41f1ee81b0f662b33,61ef8245b8d7f75c15b6f20c020c81ab52a3ef99139cf3b41f1ee81b0f662b33,0,0,0,0,0,0,0,1.1341413483023643e-05,0.063793182373046875,0.0085573599208146334,1.1341413483023643e-05,0.063793182373046875,0.0085573599208146334,0,0,0.0001,64,64,0,5591.883234,1.553300898,20.273917112177777,446.93441051212307,91369.15259602631
ect.q256.schedule-switch-training-telemetry/v1,q256_fresh_crossed_switch_n12_matpool_numeric_recovery_v2,AB,A,B,145,q256_target_weight_v1,B,1.1000000000000001,1.1000000000000001,4145,4134,530560,530.560000,0,16.696645855903625,0,1514.2529256796074,1514.2529256796074,0,1514.2529256796074,0,0.15554186871717277,0,3962.4169007161845,0,3962.2317000939433,0,128,1da8c40da92a96a4d37f4c68820b0e7254d7c803af5d5db83309997bbdc80464,543b08483b1f71c754a0c740c61b15fff471a76ad518de226bf400e244933e93,d0fed20b1c7ce006a9110659e4d7394aabffc173154e862efcf32885865fad2b,129bdf085a53b1b3f402a8c02f0551c1ca2b2df69d288a0ca5659cc0847577e1,129bdf085a53b1b3f402a8c02f0551c1ca2b2df69d288a0ca5659cc0847577e1,9c3af7b80dfbcfa36f4bb5a9d5809fd8f5bbf1892134c5c7bb61803184a46063,9c3af7b80dfbcfa36f4bb5a9d5809fd8f5bbf1892134c5c7bb61803184a46063,0,0,0,0,0,0,0,9.4699673354625702e-05,0.20151901245117188,0.012885280651971698,9.4699673354625702e-05,0.20151901245117188,0.012885280651971698,0,0,0.0001,64,64,0,5593.408770,1.553724658,20.270455381004226,445.42433626243923,91318.975005400469
ect.q256.schedule-switch-training-telemetry/v1,q256_fresh_crossed_switch_n12_matpool_numeric_recovery_v2,AB,A,B,146,q256_target_weight_v1,B,1.1000000000000001,1.1000000000000001,4146,4135,530688,530.688000,0,16.120851516723633,0,1264.1270750804199,1264.1270750804199,0,1264.1270750804199,0,0.15084204477548538,0,3962.4166064142064,0,3962.2317932134029,0,128,96544dc66ff5a2b84124305d9cc775073547654964e6d42b057daec1421222fa,7d8044735ec69e1bba327b2d804afbd0948f16a4d5fdbcf9c5c93051d3dfc67b,0d27c0d92a5a380642788b72c7ac96f149ba287ef2407f0c05e36858538b574f,de241a6a8f4dbd00c4a0983b25d848e0264f20adc5309c1179327c7e36973e67,de241a6a8f4dbd00c4a0983b25d848e0264f20adc5309c1179327c7e36973e67,026129f1d54720657f3224f723e735b9254744d6b7e9489ee70b5928e77eb54f,026129f1d54720657f3224f723e735b9254744d6b7e9489ee70b5928e77eb54f,0,0,0,0,0,0,0,4.3447216739878058e-06,0.36968994140625,0.014797596493735909,4.3447216739878058e-06,0.36968994140625,0.014797596493735909,0,0,0.0001,64,64,0,5594.931776,1.554147716,20.267248426166216,406.25344879912757,91251.30081479864
ect.q256.schedule-switch-training-telemetry/v1,q256_fresh_crossed_switch_n12_matpool_numeric_recovery_v2,AB,A,B,147,q256_target_weight_v1,B,1.1000000000000001,1.1000000000000001,4147,4136,530816,530.816000,0,15.10735809803009,0,1862.0905247151131,1862.0905247151131,0,1862.0905247151131,0,0.14935433053479685,0,3962.4163898394727,0,3962.231886132342,0,128,b42750966a00a1022a89028cd95ea9bcd2bb76db45b92daba9306130493e7ab4,23be0b071d778f948be30ca192c2a4a714b348c2736335f2d4fb776e8858288a,ccacd525b59bb9793941bd3470290ea709055140d64bca7e48dfecce4abed0f5,65095264494667a3dcaa0724f5ddd0b44d5c8e8f85f8dab8508cfaab9e342177,65095264494667a3dcaa0724f5ddd0b44d5c8e8f85f8dab8508cfaab9e342177,edc2206aae70e05a339e1bbbabca1c251ca768de4b90721761320126afccb427,edc2206aae70e05a339e1bbbabca1c251ca768de4b90721761320126afccb427,0,0,0,0,0,0,0,9.3580689281225204e-05,1.939971923828125,0.027780249947682023,9.3580689281225204e-05,1.939971923828125,0.027780249947682023,0,0,0.0001,64,64,0,5596.455321,1.554570923,20.264288023488128,425.14846915476556,91226.25166933547
ect.q256.schedule-switch-training-telemetry/v1,q256_fresh_crossed_switch_n12_matpool_numeric_recovery_v2,AB,A,B,148,q256_target_weight_v1,B,1.1000000000000001,1.1000000000000001,4148,4137,530944,530.944000,0,17.134802460670471,0,1464.4061122345129,1464.4061122345129,0,1464.4061122345129,0,0.14571489761054565,0,3962.4162818869477,0,3962.2319788952395,0,128,39490e4f04c0cbf26cfe43ac3c7c839862ea6b0d22374b75b72f9b6abd5e4d81,d5ff1a9b84658dc7545ab4dd97af1e100501c9cd41752371d5b5cb76ebae4b72,4418d0f06510d626a5189879a669359183393b03edc7027482482cb76cf22df2,dfef44eddc085dd6f2885c1589518ba6ce82fffa4c91c17c84d099fb91c14f5c,dfef44eddc085dd6f2885c1589518ba6ce82fffa4c91c17c84d099fb91c14f5c,93ca91b733facde6df6fe57bd22fe46de9ace42c1f0dfc789e0f024214c802e6,93ca91b733facde6df6fe57bd22fe46de9ace42c1f0dfc789e0f024214c802e6,0,0,0,0,0,0,0,6.4592808485031128e-05,0.0581512451171875,0.0093928670976310968,6.4592808485031128e-05,0.0581512451171875,0.0093928670976310968,0,0,0.0001,64,64,0,5597.977628,1.554993786,20.261473367087973,382.43251176947359,91172.757284364925
ect.q256.schedule-switch-training-telemetry/v1,q256_fresh_crossed_switch_n12_matpool_numeric_recovery_v2,AB,A,B,149,q256_target_weight_v1,B,1.1000000000000001,1.1000000000000001,4149,4138,531072,531.072000,0,17.238197684288025,0,1173.1476091528525,1173.1476091528525,0,1173.1476091528525,0,0.14375601961035006,0,3962.4162408782404,0,3962.2320715463698,0,128,06c8279f060a6bead92049e87f5a0b173e56bde2c23dbdac6219028165c8d028,141279c2d4bffda790a58f471f99541e66822c8c6c3812dafcd0504bd8b1f4e1,2485b0a0456a1a932dd293d75dc7934291f0597b11bfee0ef34efd40a94f35db,6defec848ecddfe5546662fdf6e46b8f96111ab529df60538be7ade020dbcd46,6defec848ecddfe5546662fdf6e46b8f96111ab529df60538be7ade020dbcd46,5594314ce589abdf6921b5d25dce4e42cb773e2af060d5feb52ac12b5c505e78,5594314ce589abdf6921b5d25dce4e42cb773e2af060d5feb52ac12b5c505e78,0,0,0,0,0,0,0,5.0012022256851196e-05,0.13990020751953125,0.011638237861916423,5.0012022256851196e-05,0.13990020751953125,0.011638237861916423,0,0,0.0001,64,64,0,5599.501599,1.555417111,20.258880291539981,351.29267653610827,91098.304227907109
ect.q256.schedule-switch-training-telemetry/v1,q256_fresh_crossed_switch_n12_matpool_numeric_recovery_v2,AB,A,B,150,q256_target_weight_v1,B,1.1000000000000001,1.1000000000000001,4150,4139,531200,531.200000,0,18.147935390472412,0,1849.7642306708349,1849.7642306708349,0,1849.7642306708349,0,0.14543711183303096,0,3962.4162668842741,0,3962.2321642147458,0,128,9e1d6e35b8f4dd8c8deb434c7f260356233ca32b8878c2812f4243ba4529124f,9efaaa4f6948f11cd2cf6a05769f333fe7750eeb4864e58369f545f7cc3a3a4c,cd4bd37cc7f500452d9ca67970aebe24110d33422e7507210e7e7c392348f816,5bd5fb04b17b30e32c9e0971e2271a55d25f16a85986148020033240b4c66e28,5bd5fb04b17b30e32c9e0971e2271a55d25f16a85986148020033240b4c66e28,05ddd6ea3ace57f17a6b2dee190be697da4caea8811ca4478124e0a30f2677b1,05ddd6ea3ace57f17a6b2dee190be697da4caea8811ca4478124e0a30f2677b1,0,0,0,0,0,0,0,2.5464920327067375e-05,0.11547470092773438,0.010715120530221611,2.5464920327067375e-05,0.11547470092773438,0.010715120530221611,0,0,0.0001,64,64,0,5601.024369,1.555840103,20.256661102983884,371.89388138277576,91060.008088299539
ect.q256.schedule-switch-training-telemetry/v1,q256_fresh_crossed_switch_n12_matpool_numeric_recovery_v2,AB,A,B,151,q256_target_weight_v1,B,1.1000000000000001,1.1000000000000001,4151,4140,531328,531.328000,0,17.008267402648926,0,1674.070304373038,1674.070304373038,0,1674.070304373038,0,0.14247291175705101,0,3962.4164344564133,0,3962.2322569534249,0,128,92d7fbbfd01f131c0ae4752ed8d9da4955d49e068920fe31c7fb7656c4f9d264,bcae8daaecb913dd4ec42bf633ae044d7f3164787dc0ca0063ef4d11b30ed491,f16693ae44ef128b75783cfe2f6c4ee23d6be69e97883ac86e7285ad556ff0ca,a22a830b84dc83d62c631b03a5a1e6f6a4e2dc0b1998fcde3bcff00816f6aedf,a22a830b84dc83d62c631b03a5a1e6f6a4e2dc0b1998fcde3bcff00816f6aedf,5f8ca6eb3dd3543e0d863d28aac9df186fe08bd3d90f03e1bc9705c3dfd3a63a,5f8ca6eb3dd3543e0d863d28aac9df186fe08bd3d90f03e1bc9705c3dfd3a63a,0,0,0,0,0,0,0,7.9358695074915886e-05,0.3331298828125,0.013208115531597286,7.9358695074915886e-05,0.3331298828125,0.013208115531597286,0,0,0.0001,64,64,0,5602.548942,1.556263595,20.254007954163114,336.01062801099778,91021.290458462987
ect.q256.schedule-switch-training-telemetry/v1,q256_fresh_crossed_switch_n12_matpool_numeric_recovery_v2,AB,A,B,152,q256_target_weight_v1,B,1.1000000000000001,1.1000000000000001,4152,4141,531456,531.456000,0,15.219236850738525,0,1558.2978805746734,1558.2978805746734,0,1558.2978805746734,0,0.14293352683859184,0,3962.4166841620518,0,3962.2323498125743,0,128,cccf4a304a9282edf00356386cab61714ff24ff4098fab4e096d762dec9fb99b,f135a5817c85134af27abb867a11c6a31f6285d9f60af02d298305d5a6febdf0,0dc02542ae23163fd7113b986f56f5b34d9fcd337d6f1593c692acdd44895134,76ae9ebf0128b6621e6f878f371092b133a28df6fe37c5222454cf776e715de2,76ae9ebf0128b6621e6f878f371092b133a28df6fe37c5222454cf776e715de2,0fcfe16e19990c058ed66b4d241cfd29bf04ab89c5321ab3c4fa0ebe7672fbe6,0fcfe16e19990c058ed66b4d241cfd29bf04ab89c5321ab3c4fa0ebe7672fbe6,0,0,0,0,0,0,0,0.00014595361426472664,0.10061073303222656,0.010381317115388811,0.00014595361426472664,0.10061073303222656,0.010381317115388811,0,0,0.0001,64,64,0,5604.076215,1.556687837,20.251385781037268,345.89391347003283,90972.815785645289
ect.q256.schedule-switch-training-telemetry/v1,q256_fresh_crossed_switch_n12_matpool_numeric_recovery_v2,AB,A,B,153,q256_target_weight_v1,B,1.1000000000000001,1.1000000000000001,4153,4142,531584,531.584000,0,16.979529023170471,0,2092.4684947027458,2092.4684947027458,0,2092.4684947027458,0,0.13927055525511173,0,3962.4169389087124,0,3962.232442847474,0,128,5220d1568852f8a2f52bc99134234a69f3c7b19768a753d3a4a505826dce8ad6,0e1b6478ca89229cf3668a21f981613e0a20660920153c03d00421a80dbaa74a,3cc02173c4286765a8bf4e409eeb69b24f5779306f00bdead4d597cb7c8bcb85,f2697dfa6cb50807059000ef83cfb6d3066809f2d0522079c895d909faa383d5,f2697dfa6cb50807059000ef83cfb6d3066809f2d0522079c895d909faa383d5,fe67907449385a370c007f5146e3e3ec6c61b7301d6c937fea526898dc687aad,fe67907449385a370c007f5146e3e3ec6c61b7301d6c937fea526898dc687aad,0,0,0,0,0,0,0,1.9438972231000662e-05,0.11801528930664062,0.010586667922325432,1.9438972231000662e-05,0.11801528930664062,0.010586667922325432,0,0,0.0001,64,64,0,5605.600290,1.557111192,20.24889286902738,387.25858389807672,91011.809752901449
ect.q256.schedule-switch-training-telemetry/v1,q256_fresh_crossed_switch_n12_matpool_numeric_recovery_v2,AB,A,B,154,q256_target_weight_v1,B,1.1000000000000001,1.1000000000000001,4154,4143,531712,531.712000,0,15.033675670623779,0,1643.1015184734824,1643.1015184734824,0,1643.1015184734824,0,0.14075341749256604,0,3962.4171910263071,0,3962.232536029433,0,128,44488acaad93a9bb616645d52f5c75e215735ed97b0d39e980a7e879e184fc3f,60b9d80990549a45959f4c9d7f8f1ab2eb34d31bb23e5bf9e2519358c260164a,2ff107a95736a9d0bf50b8fcf44a80fc9887301cbdb55a66c3f97c8ee9d9a7cf,05c78a5df4956de883733b277458e08905c4054ccbfaaa34be141edfbf864a30,05c78a5df4956de883733b277458e08905c4054ccbfaaa34be141edfbf864a30,aed0a442abff7b1dcdc20d46baab88d560c57cf3225e1ba0df0d6fe452b87683,aed0a442abff7b1dcdc20d46baab88d560c57cf3225e1ba0df0d6fe452b87683,0,0,0,0,0,0,0,5.9868209064006805e-05,0.25044631958007812,0.014822748024016619,5.9868209064006805e-05,0.25044631958007812,0.014822748024016619,0,0,0.0001,64,64,0,5607.126613,1.557535170,20.246891503475666,422.01818519562465,90972.168678184855
ect.q256.schedule-switch-training-telemetry/v1,q256_fresh_crossed_switch_n12_matpool_numeric_recovery_v2,AB,A,B,155,q256_target_weight_v1,B,1.1000000000000001,1.1000000000000001,4155,4144,531840,531.840000,0,17.216917753219604,0,1486.3770662725756,1486.3770662725756,0,1486.3770662725756,0,0.14143794722758296,0,3962.4175115669045,0,3962.232629362125,0,128,3a6d647c287d3943a6abe49ff728f9ed569789a1e3f3615b888e4c13b54fbee1,98b6afb172f320d04da9f3c3b32a7c0a0ac6c2fabda536484c93bdf2d63703fc,35d6f16c65181e37d17ee5cdcb6be16ff391541ce83f99421706cb66eca39fb4,5fff13acfc47182f55adab302d3f5966e3ef98fffb744af33f72d03ca5386f35,5fff13acfc47182f55adab302d3f5966e3ef98fffb744af33f72d03ca5386f35,b19d07d85ffc3dddcb3fb0e416b57a66ab0da81c2b63cbb574673e16cdc5229b,b19d07d85ffc3dddcb3fb0e416b57a66ab0da81c2b63cbb574673e16cdc5229b,0,0,0,0,0,0,0,2.5347340852022171e-05,0.22998809814453125,0.0118555718800053,2.5347340852022171e-05,0.22998809814453125,0.0118555718800053,0,0,0.0001,64,64,0,5608.647975,1.557957771,20.244554291575565,433.71935523489003,90908.526542957756
ect.q256.schedule-switch-training-telemetry/v1,q256_fresh_crossed_switch_n12_matpool_numeric_recovery_v2,AB,A,B,156,q256_target_weight_v1,B,1.1000000000000001,1.1000000000000001,4156,4145,531968,531.968000,0,14.81353485584259,0,1666.2269900154624,1666.2269900154624,0,1666.2269900154624,0,0.14444367202291264,0,3962.4177899834363,0,3962.2327228358627,0,128,add38743537bc43aa36e56184023258a8cfc5a176c5a7b09c8ddd4cf4a55a1ca,39d0864a1b8f09c2f43812e31c2d9b31296bc5b92b13c134b8dc429cc5cac30c,5146c2a9516b22d1b5e6d0d9a1e06db4cbabaa59cbdcefce3816ff8302d2b700,006b4ae528caada1c5cdbee77643f99b8dec97bf8a200e9c4921fd577056b39d,006b4ae528caada1c5cdbee77643f99b8dec97bf8a200e9c4921fd577056b39d,d5f130fab1573275607ec29a715d4974a4f6c46bfaaae34b6dc1326f1683f116,d5f130fab1573275607ec29a715d4974a4f6c46bfaaae34b6dc1326f1683f116,0,0,0,0,0,0,0,3.789365291595459e-05,0.11797904968261719,0.01167337317019701,3.789365291595459e-05,0.11797904968261719,0.01167337317019701,0,0,0.0001,64,64,0,5610.170186,1.558380607,20.242475879306138,463.44940614810923,90846.051453605367
ect.q256.schedule-switch-training-telemetry/v1,q256_fresh_crossed_switch_n12_matpool_numeric_recovery_v2,AB,A,B,157,q256_target_weight_v1,B,1.1000000000000001,1.1000000000000001,4157,4146,532096,532.096000,0,16.138990044593811,0,3369.9908031981945,3369.9908031981945,0,3369.9908031981945,0,0.14933263116828577,0,3962.4180645263882,0,3962.2328163963371,0,128,1e1139f95fdc1b9d21d2e02357c2df2f50c416c7e044a51c4ec587f300a5dcac,654922f915f11879ec195587fd31a4e4a949c07205b2eb07aa109944847af6bc,91ec825da564fd2ac02fc8480342a8227fadb1414c95d7b5fa64ee65257ffdfc,32badc6d5278661ee82daeaaa88c69e1b80d1ac565c55a7d97c1c9ee78511c4b,32badc6d5278661ee82daeaaa88c69e1b80d1ac565c55a7d97c1c9ee78511c4b,92e34ff4325be32c0799fa8daa8dfd233e5fcc9bb1a6f323277623b4da0e9732,92e34ff4325be32c0799fa8daa8dfd233e5fcc9bb1a6f323277623b4da0e9732,0,0,0,0,0,0,0,8.6734071373939514e-05,0.3979644775390625,0.016621245769783854,8.6734071373939514e-05,0.3979644775390625,0.016621245769783854,0,0,0.0001,64,64,0,5611.696875,1.558804688,20.241067831253737,674.95444018656951,91083.95073519602
ect.q256.schedule-switch-training-telemetry/v1,q256_fresh_crossed_switch_n12_matpool_numeric_recovery_v2,AB,A,B,158,q256_target_weight_v1,B,1.1000000000000001,1.1000000000000001,4158,4147,532224,532.224000,0,14.845752000808716,0,2142.0866204076956,2142.0866204076956,0,2142.0866204076956,0,0.15359152605344628,0,3962.418293150663,0,3962.2329100634897,0,128,2a100e462ee2a2cc1ff4b34183d8a2b39ed567610686e8f76b1c2f2e292d0b5f,7ae0ec76fefc852872801393d60d0e3decad60c8ce0753c927b12062669fe93d,144d24331d9210dc07ca8f583af7affdc6b771249bf6959fec1f0408000a6dc4,71d4b5d9d822d1a794b9af45bc7849483b9c36d6860a498fb8c2a6bfb146c7ba,71d4b5d9d822d1a794b9af45bc7849483b9c36d6860a498fb8c2a6bfb146c7ba,6718e65ea0251ee27ad88bcd24727644a9d15e921e4ec653d5e7782cd4283ce9,6718e65ea0251ee27ad88bcd24727644a9d15e921e4ec653d5e7782cd4283ce9,0,0,0,0,0,0,0,0.00020746234804391861,0.15038681030273438,0.013164622592739761,0.00020746234804391861,0.15038681030273438,0.013164622592739761,0,0,0.0001,64,64,0,5613.222002,1.559228334,20.239145283307263,595.73818821466148,91059.371103017198
ect.q256.schedule-switch-training-telemetry/v1,q256_fresh_crossed_switch_n12_matpool_numeric_recovery_v2,AB,A,B,159,q256_target_weight_v1,B,1.1000000000000001,1.1000000000000001,4159,4148,532352,532.352000,0,16.583514809608459,0,2042.9607283187552,2042.9607283187552,0,2042.9607283187552,0,0.15237823809637471,0,3962.4184113479469,0,3962.2330037953684,0,128,36fac2a43957254c85c9187d6198fa78912311f6ed92d2a3dba444d2e9563b1c,97d599b964091186d2218df1b67baba586261bb5816383ff3ddbd5396dc1c8ab,fdeb8b0aeca9f979f88d6514b9846966ac781ed6e9b394290ff3576621e46439,78ed5e7393c987da43fa369c2ab177f1391730639ce34a800c9655306b0185ef,78ed5e7393c987da43fa369c2ab177f1391730639ce34a800c9655306b0185ef,2e65cbe9c2c725ecaa8276650c62d3b8db9da736a1799cb979ad441d92232cea,2e65cbe9c2c725ecaa8276650c62d3b8db9da736a1799cb979ad441d92232cea,0,0,0,0,0,0,0,5.8739213272929192e-05,0.21887588500976562,0.012241648451890796,5.8739213272929192e-05,0.21887588500976562,0.012241648451890796,0,0,0.0001,64,64,0,5614.751344,1.559653151,20.237453791655536,474.67634089237373,91080.315860257266
ect.q256.schedule-switch-training-telemetry/v1,q256_fresh_crossed_switch_n12_matpool_numeric_recovery_v2,AB,A,B,160,q256_target_weight_v1,B,1.1000000000000001,1.1000000000000001,4160,4149,532480,532.480000,0,16.305659651756287,0,2621.6496874405238,2621.6496874405238,0,2621.6496874405238,0,0.15681775632646111,0,3962.4184215298524,0,3962.2330974905003,0,128,25736d5b3ceef6d3e8453c192b0fe9688aa4addf5241e864163147203897bc18,3980808f09e618a7a8998cea347dd773d8d72ddad84aa7526a72d22bec2286f3,0c28f8da1bc9c29a538ef7f5df3de5c04bb69b18d1c4a8cef02799e10c19f0b5,b686831004e09082d313ade12a603850e065a14a5516dc12b0c59838e8fe123d,b686831004e09082d313ade12a603850e065a14a5516dc12b0c59838e8fe123d,c49509458467c253432f4f935b7cf4841f69ec3fe993f75a8df75eff2d9b371b,c49509458467c253432f4f935b7cf4841f69ec3fe993f75a8df75eff2d9b371b,0,0,0,0,0,0,0,1.8537451978772879e-05,0.13338088989257812,0.013138060574419796,1.8537451978772879e-05,0.13338088989257812,0.013138060574419796,0,0,0.0001,64,64,0,5616.278831,1.560077453,20.235428652136864,419.93992052459095,91174.632703003197
ect.q256.schedule-switch-training-telemetry/v1,q256_fresh_crossed_switch_n12_matpool_numeric_recovery_v2,AB,A,B,161,q256_target_weight_v1,B,1.1000000000000001,1.1000000000000001,4161,4150,532608,532.608000,0,17.766975998878479,0,2820.3973877368003,2820.3973877368003,0,2820.3973877368003,0,0.15766220725283558,0,3962.4183772094807,0,3962.233191079411,0,128,1dcb1aab7cb2f21e3e419ec4dd7c64440b833919fc21715d6979bb3c27005523,faf50a2cc67d2f5960adb96c45d7dd82bb396535b8b70f28dba61ede38414da5,afd32a001fe0b6deae0b00513e6e44a04da3cca91c81b9753bd203f391ba7731,4fbdc062bf906d68f2051a73add647a103cbaef1e195978c26b4ff9e266f2995,4fbdc062bf906d68f2051a73add647a103cbaef1e195978c26b4ff9e266f2995,727078a22da7ccbcede0c8fc4d343d6ea1749047b89dfb65be229b37afc907af,727078a22da7ccbcede0c8fc4d343d6ea1749047b89dfb65be229b37afc907af,0,0,0,0,0,0,0,3.7864665500819683e-05,0.6667327880859375,0.01553740631788969,3.7864665500819683e-05,0.6667327880859375,0.01553740631788969,0,0,0.0001,64,64,0,5617.801333,1.560500370,20.233278418607828,452.80175487351136,91300.077353526955
ect.q256.schedule-switch-training-telemetry/v1,q256_fresh_crossed_switch_n12_matpool_numeric_recovery_v2,AB,A,B,162,q256_target_weight_v1,B,1.1000000000000001,1.1000000000000001,4162,4151,532736,532.736000,0,15.402885675430298,0,1911.2600493614086,1911.2600493614086,0,1911.2600493614086,0,0.16046143261584814,0,3962.4182972414505,0,3962.2332845254145,0,128,edb6149ad0b40118923aaaf0f77f9a877a73b3df99e43a8905f63c4836b8ec11,d0467c9f67aace8e6d0829a0107ab01647ff4f009225690fe40875ad0fb9edb2,24ae4e562ba0a051ffc1eb12ad146bb4900ab19bda4c92ba51af58710a824c50,3c73a77e5648fcdb34b868301fc882a3cd429455c10fdedcb2fb95764e747e4d,3c73a77e5648fcdb34b868301fc882a3cd429455c10fdedcb2fb95764e747e4d,a879cf834a0f6c651273f75179945d537654243af7df43487201653f33ef1e82,a879cf834a0f6c651273f75179945d537654243af7df43487201653f33ef1e82,0,0,0,0,0,0,0,5.25664072483778e-05,0.2875823974609375,0.016178219928406179,5.25664072483778e-05,0.2875823974609375,0.016178219928406179,0,0,0.0001,64,64,0,5619.328732,1.560924648,20.231101779509888,505.61115635825996,91273.650125236265
ect.q256.schedule-switch-training-telemetry/v1,q256_fresh_crossed_switch_n12_matpool_numeric_recovery_v2,AB,A,B,163,q256_target_weight_v1,B,1.1000000000000001,1.1000000000000001,4163,4152,532864,532.864000,0,17.038107752799988,0,1555.0754858356065,1555.0754858356065,0,1555.0754858356065,0,0.15847473282362909,0,3962.4182078177823,0,3962.2333778024545,0,128,48caa853ec9d2e555d4cf41b988fea0ca83ccfb90899709b5f0cc08b1a0d214e,ff957b3e9f2c81e68c00aa68cd628ffbf9313c734777c9d3c103daced528ff41,d0000e20a560962d175587b3d908ae68f332cfee80fc72703e415c5e4557fe6b,5ad040a9e4397618c83158ff1895c5c6ca808aad5ff5026d261ea4ad878159ad,5ad040a9e4397618c83158ff1895c5c6ca808aad5ff5026d261ea4ad878159ad,f0e39269f7d398f30da01034526c299c317a3ec819c3322fc86a0f6797ff3100,f0e39269f7d398f30da01034526c299c317a3ec819c3322fc86a0f6797ff3100,0,0,0,0,0,0,0,3.8559199310839176e-05,0.19902801513671875,0.013345289742574096,3.8559199310839176e-05,0.19902801513671875,0.013345289742574096,0,0,0.0001,64,64,0,5620.853234,1.561348121,20.229021053642541,530.04044845834665,91229.701458876923
ect.q256.schedule-switch-training-telemetry/v1,q256_fresh_crossed_switch_n12_matpool_numeric_recovery_v2,AB,A,B,164,q256_target_weight_v1,B,1.1000000000000001,1.1000000000000001,4164,4153,532992,532.992000,0,15.365698218345642,0,1821.2550572243872,1821.2550572243872,0,1821.2550572243872,0,0.15680443563315596,0,3962.4181321664046,0,3962.2334709571933,0,128,bc995d02047f2ed7abdc94b3104759aae125956e566a0771d3d20fd06d562335,73162c4104ccd15e0686c74c356ace8d67456a1c6b79cf343fc395317592c7ad,81e1b268c4270b642fccc35e02853117e01e8b63f6cfb4a1848d24c24f1a46ff,2fb338d27f823f9ea9158cd5b89f1d046f8580c24eac1a4ed7c872dfe8a29df8,2fb338d27f823f9ea9158cd5b89f1d046f8580c24eac1a4ed7c872dfe8a29df8,94966fbc835fd6e85d8199d9bfb69ecccb560ea0b27b03fd87c7e0ac858d4cd5,94966fbc835fd6e85d8199d9bfb69ecccb560ea0b27b03fd87c7e0ac858d4cd5,0,0,0,0,0,0,0,9.7945798188447952e-05,0.3610992431640625,0.015007349546067417,9.7945798188447952e-05,0.3610992431640625,0.015007349546067417,0,0,0.0001,64,64,0,5622.375956,1.561771099,20.227110359572912,573.00029508625664,91217.117044634506
ect.q256.schedule-switch-training-telemetry/v1,q256_fresh_crossed_switch_n12_matpool_numeric_recovery_v2,AB,A,B,165,q256_target_weight_v1,B,1.1000000000000001,1.1000000000000001,4165,4154,533120,533.120000,0,17.099554061889648,0,2420.4179158180996,2420.4179158180996,0,2420.4179158180996,0,0.17003758405341279,0,3962.4181275747596,0,3962.2335640043661,0,128,6832a1c2bceec857c2b345e8336fa72664a411d5f7e60b6d934738bb527c82b1,9725cba405ad963e66075479b370a24a9e5433759f40560ac5fe835fee57db18,268937d36fcb80fbdff8cc3291543e13c085c94f892cf7783ca1e7d0adc19e92,d258934294498d4edb01865f88a2865db1b9bd488d08f851f9197bc4fe75b0ad,d258934294498d4edb01865f88a2865db1b9bd488d08f851f9197bc4fe75b0ad,8d59dc327bd222833de43a8e394237b4fae95b35a3ab68de8a90cc2629c00e95,8d59dc327bd222833de43a8e394237b4fae95b35a3ab68de8a90cc2629c00e95,0,0,0,0,0,0,0,2.9933755286037922e-05,0.19600677490234375,0.013780629262328148,2.9933755286037922e-05,0.19600677490234375,0.013780629262328148,0,0,0.0001,64,64,0,5623.898268,1.562193963,20.225650991751809,518.49739886794987,91253.815133728029
ect.q256.schedule-switch-training-telemetry/v1,q256_fresh_crossed_switch_n12_matpool_numeric_recovery_v2,AB,A,B,166,q256_target_weight_v1,B,1.1000000000000001,1.1000000000000001,4166,4155,533248,533.248000,0,17.240653276443481,0,1568.9907979300856,1568.9907979300856,0,1568.9907979300856,0,0.16596641360056288,0,3962.4182069157978,0,3962.2336570361344,0,128,35f57baa7b1b9909c25a5bee77bcdd6c47fd5ff447c1253673ef57bd55571ce1,50a250ee054bfbdb7d371ddeed0e2910fdbaa282c1489888df87dee2ca611ffd,1eb5faa1622672038c9a874c913840313cc0f5a234e41df6b48a4f7fdfdeec50,4ddc5a172500378e0c826a664b3d3fe1e6e651d7759fb300fde7ce1ebc198df5,4ddc5a172500378e0c826a664b3d3fe1e6e651d7759fb300fde7ce1ebc198df5,b2e652e0e2195c6fd68849c13bf69c783b3744033ca3274ce12a78d6a3535538,b2e652e0e2195c6fd68849c13bf69c783b3744033ca3274ce12a78d6a3535538,0,0,0,0,0,0,0,4.9388036131858826e-05,0.17351913452148438,0.01095738826552406,4.9388036131858826e-05,0.17351913452148438,0.01095738826552406,0,0,0.0001,64,64,0,5625.420695,1.562616860,20.224051524214683,496.91392592503649,91195.635521052376
ect.q256.schedule-switch-training-telemetry/v1,q256_fresh_crossed_switch_n12_matpool_numeric_recovery_v2,AB,A,B,167,q256_target_weight_v1,B,1.1000000000000001,1.1000000000000001,4167,4156,533376,533.376000,0,15.869297981262207,0,2568.5402706977907,2568.5402706977907,0,2568.5402706977907,0,0.16799815414086974,0,3962.4184594249423,0,3962.2337502411997,0,128,01c0e3f0f74207baf8f8284694c907dc01d0f45cbcba2637f431678a894184cc,7ea65881895dbeb5b793252c217b5e620e5ef1a1721ccb24bcb48acbca44ebb1,7dd6d82cc6823fa52fd24d049162e81fae672ebd2560288f3a54cfe882089a65,3b22e82bf9d8c519aff575065dd36952d5be4c3b5c352bc85b28c862e4e41e3b,3b22e82bf9d8c519aff575065dd36952d5be4c3b5c352bc85b28c862e4e41e3b,099d2bdabeb0f55a8c2218b7384d758bb0a4c80accc17f2212cc88d597e126ff,099d2bdabeb0f55a8c2218b7384d758bb0a4c80accc17f2212cc88d597e126ff,0,0,0,0,0,0,0,1.157133374363184e-05,0.5918121337890625,0.017388748412486166,1.157133374363184e-05,0.5918121337890625,0.017388748412486166,0,0,0.0001,64,64,0,5626.944186,1.563040052,20.223160481055693,407.09827914826479,91288.90776882619
ect.q256.schedule-switch-training-telemetry/v1,q256_fresh_crossed_switch_n12_matpool_numeric_recovery_v2,AB,A,B,168,q256_target_weight_v1,B,1.1000000000000001,1.1000000000000001,4168,4157,533504,533.504000,0,15.393528342247009,0,1799.8512919122486,1799.8512919122486,0,1799.8512919122486,0,0.16373616016835987,0,3962.4188451344362,0,3962.233843678318,0,128,41a68b05f57b5a1841bf408afb8520022336da8e2efdb9eca9a776b176d05a44,c0bd3da7d5fe4d1b3f7608d912ab6538a26bbd7b2bdc64e26bd19e0de2276af9,ac9a250d410992aca77433b3c7ea95566f1a13b05c9e72e2f233cd2f141e3aa7,755856756012f1938fadd521f8e63e8f0356d63f29981274a62ecc75a19be63a,755856756012f1938fadd521f8e63e8f0356d63f29981274a62ecc75a19be63a,0a6f5b10f526163fccfb34c47daa524466d865e2f50ef3ba00d53ac4c4895153,0a6f5b10f526163fccfb34c47daa524466d865e2f50ef3ba00d53ac4c4895153,0,0,0,0,0,0,0,0.00012534670531749725,0.14186477661132812,0.01192424405599013,0.00012534670531749725,0.14186477661132812,0.01192424405599013,0,0,0.0001,64,64,0,5628.468832,1.563463564,20.222943218940742,398.23117666262806,91258.329124815791
ect.q256.schedule-switch-training-telemetry/v1,q256_fresh_crossed_switch_n12_matpool_numeric_recovery_v2,AB,A,B,169,q256_target_weight_v1,B,1.1000000000000001,1.1000000000000001,4169,4158,533632,533.632000,0,17.103252410888672,0,2066.8593668566391,2066.8593668566391,0,2066.8593668566391,0,0.16575301983827631,0,3962.4193525139854,0,3962.23393736856,0,128,2aada6bb0d781e74a8c32f798ba7183f24a67834fb02a0e7e8fe61c759269f8f,6f3588bfad3271c31633ea74f0481c51c8d0a490f525e85fa3be1da7defad8ee,0a4b84893b5b34a97f61fa5e2a940d646386533c1f9011d94e3ca2732a766e94,dc4215698d1bc20e060e21841c9bcb4fd8a51a5f4cc17f65be6f6ac639c66cc4,dc4215698d1bc20e060e21841c9bcb4fd8a51a5f4cc17f65be6f6ac639c66cc4,5de2a92bea55c58665f76e8c9cf9bb236ffb77cd7cac5e35e048ea042b94be22,5de2a92bea55c58665f76e8c9cf9bb236ffb77cd7cac5e35e048ea042b94be22,0,0,0,0,0,0,0,3.3536576665937901e-05,2.6917724609375,0.034502798167522997,3.3536576665937901e-05,2.6917724609375,0.034502798167522997,0,0,0.0001,64,64,0,5629.991758,1.563886599,20.222433455021715,426.17000426469139,91227.593044041787
ect.q256.schedule-switch-training-telemetry/v1,q256_fresh_crossed_switch_n12_matpool_numeric_recovery_v2,AB,A,B,170,q256_target_weight_v1,B,1.1000000000000001,1.1000000000000001,4170,4159,533760,533.760000,0,15.874920725822449,0,1811.5893313838756,1811.5893313838756,0,1811.5893313838756,0,0.16164138545255435,0,3962.4199476681938,0,3962.2340314607177,0,128,17d0527834136686b8e92e3b6f91dd00ef8f79873eb020fcdd86befd583d2856,49d3c664cc2afe14fd876f1e3dcad76c695b00be8e6c26af9ee490eeb60a0a5d,fb96f78195973e2a27c313134ff3beb03fa5e19702ae8d709a7d40d7a3f9813d,d2d82d7b302a4d0f500fdf2ddf3434f50bccb2968a691e2ffde696167d71b3db,d2d82d7b302a4d0f500fdf2ddf3434f50bccb2968a691e2ffde696167d71b3db,dc3b5eee4eb07ef6a73966a30d378872017101c5ef8e6ed6597dae80a887bf6e,dc3b5eee4eb07ef6a73966a30d378872017101c5ef8e6ed6597dae80a887bf6e,0,0,0,0,0,0,0,4.7240173444151878e-05,0.38639068603515625,0.016038016940001398,4.7240173444151878e-05,0.38639068603515625,0.016038016940001398,0,0,0.0001,64,64,0,5631.513600,1.564309333,20.222303087417103,447.31265669707608,91198.014158562932
ect.q256.schedule-switch-training-telemetry/v1,q256_fresh_crossed_switch_n12_matpool_numeric_recovery_v2,AB,A,B,171,q256_target_weight_v1,B,1.1000000000000001,1.1000000000000001,4171,4160,533888,533.888000,0,15.385486006736755,0,2530.8245002675899,2530.8245002675899,0,2530.8245002675899,0,0.1563991937219027,0,3962.4206486589765,0,3962.2341259432919,0,128,f8295fc328acb2ea1cc1381b1f05f4c25eee5c6ae66ceedb6c7d43a3acb9c02a,169367130b5b6c0512d77c1f04436664ad20f07945f9dff155a6003a97c4ee93,607cd1903a3e557d7d67c7f267726bc87d1d58047be6cadebde92f640a6a4fd2,65493cc2a889681652ba574b2ebc575f7ebb9d9f6800fe281c5285fa6b42c1bd,65493cc2a889681652ba574b2ebc575f7ebb9d9f6800fe281c5285fa6b42c1bd,eadcf980862afc70f8ed0e373d2077902dc8f01a5da3c27603ea911916179005,eadcf980862afc70f8ed0e373d2077902dc8f01a5da3c27603ea911916179005,0,0,0,0,0,0,0,0.00011317525058984756,0.14577865600585938,0.012833549408242106,0.00011317525058984756,0.14577865600585938,0.012833549408242106,0,0,0.0001,64,64,0,5633.037533,1.564732648,20.222903506475884,457.50203621147267,91314.039027261591
ect.q256.schedule-switch-training-telemetry/v1,q256_fresh_crossed_switch_n12_matpool_numeric_recovery_v2,AB,A,B,172,q256_target_weight_v1,B,1.1000000000000001,1.1000000000000001,4172,4161,534016,534.016000,0,14.413267612457275,0,1872.367883808148,1872.367883808148,0,1872.367883808148,0,0.16094268469861958,0,3962.4213749395321,0,3962.2342208816131,0,128,b77621a4e2bd205d4e313fdd5c180e2dbbc41a0cded2c9d3868a64e2f690d640,dd26856a43054d7edf0681be9b78b6a61a03cd0cfc47b2eb41fe9ad69a6f8b2d,e9053f5e6ba141ca6deb4a862b97ceb281c503b155f2318408628452baf8942f,7fd959222dc7503c87504dce95c175eebf926a1b850f329670a5fb7c60849d49,7fd959222dc7503c87504dce95c175eebf926a1b850f329670a5fb7c60849d49,d670b120d1a35a53715633f48010c28b9dd31d3ae334e875f54b331f7dd76922,d670b120d1a35a53715633f48010c28b9dd31d3ae334e875f54b331f7dd76922,0,0,0,0,0,0,0,0.00023321807384490967,0.35366058349609375,0.014488894667010754,0.00023321807384490967,0.35366058349609375,0.014488894667010754,0,0,0.0001,64,64,0,5634.560503,1.565155695,20.223266936589869,468.65463528864814,91274.891837108953
ect.q256.schedule-switch-training-telemetry/v1,q256_fresh_crossed_switch_n12_matpool_numeric_recovery_v2,AB,A,B,173,q256_target_weight_v1,B,1.1000000000000001,1.1000000000000001,4173,4162,534144,534.144000,0,16.607038974761963,0,1551.9001520865145,1551.9001520865145,0,1551.9001520865145,0,0.15968080626279763,0,3962.4220951066391,0,3962.2343162286847,0,128,85405f62b22886bf8ded6c9757bd0579f3873590ac7f12cfc78580877d6754de,4426d2d5b0e2c565c79865a182d24b33d9567b96dd1cac7bd9e3a0ab53490ece,3a6d5a3747ba4dbde39cf79f07d172e0d3b8e39f190b4e106b88faba20b820e8,63e5b5881789b7521e2dfd8095d87b112ca2f4a75ff851cbc0b6904d1da79529,63e5b5881789b7521e2dfd8095d87b112ca2f4a75ff851cbc0b6904d1da79529,840949ced812af0dab444a3bb4475bf56c34e7c3f6d13e58469bdd73ac09caec,840949ced812af0dab444a3bb4475bf56c34e7c3f6d13e58469bdd73ac09caec,0,0,0,0,0,0,0,5.1228562369942665e-05,0.942291259765625,0.024484435794875026,5.1228562369942665e-05,0.942291259765625,0.024484435794875026,0,0,0.0001,64,64,0,5636.095592,1.565582109,20.223522208412039,451.12222721439917,91218.564265983267
ect.q256.schedule-switch-training-telemetry/v1,q256_fresh_crossed_switch_n12_matpool_numeric_recovery_v2,AB,A,B,174,q256_target_weight_v1,B,1.1000000000000001,1.1000000000000001,4174,4163,534272,534.272000,0,16.142993807792664,0,1961.3502844661489,1961.3502844661489,0,1961.3502844661489,0,0.15589001784016163,0,3962.422805895791,0,3962.2344120166563,0,128,bba89b010b79b0832d68d2e346213928afd119f3b14661f9c054c41817a52b59,18afd32d612944511aea445053120239494128e92080f24992116a5fa2e810f0,1931dae7d3649e3dd00811572badad4dab18dffe4e3f8daa60a782edb185064c,95d7056e77aa35564959eb429228368adbb165b2e4b134e13b1864409dba4ea3,95d7056e77aa35564959eb429228368adbb165b2e4b134e13b1864409dba4ea3,ff8665804dcb991c1493d8fe789d63124c364a13d386c7d2d3c01accf631d0b1,ff8665804dcb991c1493d8fe789d63124c364a13d386c7d2d3c01accf631d0b1,0,0,0,0,0,0,0,7.9341232776641846e-05,0.13697624206542969,0.0097072165226563811,7.9341232776641846e-05,0.13697624206542969,0.0097072165226563811,0,0,0.0001,64,64,0,5637.633729,1.566009369,20.223825298721163,492.53520453344555,91229.97971191816
ect.q256.schedule-switch-training-telemetry/v1,q256_fresh_crossed_switch_n12_matpool_numeric_recovery_v2,AB,A,B,175,q256_target_weight_v1,B,1.1000000000000001,1.1000000000000001,4175,4164,534400,534.400000,0,16.415109157562256,0,1367.9844849366964,1367.9844849366964,0,1367.9844849366964,0,0.14899890911133454,0,3962.423455035992,0,3962.2345082155712,0,128,61786fae30c9fb88d406727263a942dc6df24d77be440345695fd312dfa99b29,dd4165b0702f08412269ac83cc13d14e2124264a2fb7ad559f6910259360fdc3,6dfdac4ebb33d29f56700188fecfaca2255a6bb6c8dcf6d1804cb7f6cab3733d,aeed9fdd68efd83c3eb3f1699958c807ae74028c9cc1f046f3a6b23b9a956e3a,aeed9fdd68efd83c3eb3f1699958c807ae74028c9cc1f046f3a6b23b9a956e3a,d1d2a9f9750ee206ac45bd07027077e819d882452764ad9d528c1db228671de7,d1d2a9f9750ee206ac45bd07027077e819d882452764ad9d528c1db228671de7,0,0,0,0,0,0,0,0.00012891180813312531,0.5557403564453125,0.016911353915929794,0.00012891180813312531,0.5557403564453125,0.016911353915929794,0,0,0.0001,64,64,0,5639.210515,1.566447365,20.223787743653865,489.19133530863451,91175.800350880148
ect.q256.schedule-switch-training-telemetry/v1,q256_fresh_crossed_switch_n12_matpool_numeric_recovery_v2,AB,A,B,176,q256_target_weight_v1,B,1.1000000000000001,1.1000000000000001,4176,4165,534528,534.528000,0,18.112433075904846,0,1489.9725334237919,1489.9725334237919,0,1489.9725334237919,0,0.14686974776762615,0,3962.4239921725566,0,3962.2346047323385,0,128,cad278b2064d3ab72492ab961c40fbeea34cf0c71a317680412853cd3556c311,8f6122a892ab6286060d69a49d8b75cf67fad977d0f8aa32a35f2612a22a3323,b115dfb07ab6f766da69f8931872667c720b5d172fe3321cccab791a4f059663,f77da9b846f09694fa7c9415060c2e533ced9c2ca56a47442dd50c892d6a7e08,f77da9b846f09694fa7c9415060c2e533ced9c2ca56a47442dd50c892d6a7e08,68c1e8136f1eab22d6bd3cfcf4224425eb95340e444712d5db80d7123484e82d,68c1e8136f1eab22d6bd3cfcf4224425eb95340e444712d5db80d7123484e82d,0,0,0,0,0,0,0,2.3478874936699867e-05,0.088504791259765625,0.0085112332017160952,2.3478874936699867e-05,0.088504791259765625,0.0085112332017160952,0,0,0.0001,64,64,0,5640.736527,1.566871258,20.223683365250153,435.47046543608661,91117.096278646219
ect.q256.schedule-switch-training-telemetry/v1,q256_fresh_crossed_switch_n12_matpool_numeric_recovery_v2,AB,A,B,177,q256_target_weight_v1,B,1.1000000000000001,1.1000000000000001,4177,4166,534656,534.656000,0,15.353293418884277,0,1488.288601287444,1488.288601287444,0,1488.288601287444,0,0.14490866913070638,0,3962.4243927666153,0,3962.2347014774577,0,128,c06e69b4523207264711e284d3ceca7e26a18f02875e5e8d7fc7f9cc962cc956,6f7923e9e8081f56104483a9e50d92e56bf752ca82c688951805f28748c0074c,b24ea2d84cb5263d904cdfc6c21df6d67e70d39c7a6ff70f6bbce90466dc13b7,cb1c73129414352ddc9af725d4f23b6d3bea9d7d02d31364d6f497f2b71a99a0,cb1c73129414352ddc9af725d4f23b6d3bea9d7d02d31364d6f497f2b71a99a0,ad019dd134cb10945e0438e49d5621d0b53e98c1a62e35320079ead41a0b9a0c,ad019dd134cb10945e0438e49d5621d0b53e98c1a62e35320079ead41a0b9a0c,0,0,0,0,0,0,0,4.6548666432499886e-05,0.33538818359375,0.014692482654936612,4.6548666432499886e-05,0.33538818359375,0.014692482654936612,0,0,0.0001,64,64,0,5642.264979,1.567295828,20.223662037200278,405.45896744819458,91053.781231103465
ect.q256.schedule-switch-training-telemetry/v1,q256_fresh_crossed_switch_n12_matpool_numeric_recovery_v2,AB,A,B,178,q256_target_weight_v1,B,1.1000000000000001,1.1000000000000001,4178,4167,534784,534.784000,0,17.361636161804199,0,1604.0825277683412,1604.0825277683412,0,1604.0825277683412,0,0.14174916718721786,0,3962.4246338205198,0,3962.2347982979509,0,128,fc3bea9d7cd11e730dfd8ef59e29226f33df081eabdccbe1c4e7a48d0c9dd82c,3f956c62ade42ee39407cde109bb7f973380fba5ac4862d2bbbbe6129f14f304,2d54f328b12d50aaefff2cd7242764e128e3ddb7648f51b78e95ac507c2385e0,9c5b8705deb16655686541534dd04c164b44db206b3582593e35d923356c8e98,9c5b8705deb16655686541534dd04c164b44db206b3582593e35d923356c8e98,12898d7f5b79f890c7add31f33152cb8bea00a191fda91f9f32c92ffda320e74,12898d7f5b79f890c7add31f33152cb8bea00a191fda91f9f32c92ffda320e74,0,0,0,0,0,0,0,0.00010557007044553757,0.29004669189453125,0.010894905077293515,0.00010557007044553757,0.29004669189453125,0.010894905077293515,0,0,0.0001,64,64,0,5643.807199,1.567724222,20.223185626716198,326.58917362647708,91019.181763130895
ect.q256.schedule-switch-training-telemetry/v1,q256_fresh_crossed_switch_n12_matpool_numeric_recovery_v2,AB,A,B,179,q256_target_weight_v1,B,1.1000000000000001,1.1000000000000001,4179,4168,534912,534.912000,0,16.787888050079346,0,1853.7299361150872,1853.7299361150872,0,1853.7299361150872,0,0.15104940191212632,0,3962.4247934759014,0,3962.2348951876616,0,128,b2f4fb6b5c14b04ea76b12f3f5291a9d99f9b4564efb821751a0308bb7d7ab24,b9a3af16f01353b59facc9a2c5f4c0a60dabd229e3d0e12b3e4c0936783fa9e2,4d7c0625d563ec4c0d9f04c156e206cf0d29235778ea4728da5e39d883580d2c,7a727962c6dfae72840ee39d7f6343759f5a7f3fba80c374ea5363a334c7ec62,7a727962c6dfae72840ee39d7f6343759f5a7f3fba80c374ea5363a334c7ec62,4375e1d950e3cc30288978bf7a8f67c2bf5c3b3d250d6c05afce4756c1d04aad,4375e1d950e3cc30288978bf7a8f67c2bf5c3b3d250d6c05afce4756c1d04aad,0,0,0,0,0,0,0,8.1855803728103638e-05,2.1556396484375,0.029375061276368797,8.1855803728103638e-05,2.1556396484375,0.029375061276368797,0,0,0.0001,64,64,0,5645.336641,1.568149067,20.222322543021541,351.89318067610031,90969.806514337266
ect.q256.schedule-switch-training-telemetry/v1,q256_fresh_crossed_switch_n12_matpool_numeric_recovery_v2,AB,A,B,180,q256_target_weight_v1,B,1.1000000000000001,1.1000000000000001,4180,4169,535040,535.040000,0,16.643428325653076,0,1953.552123468661,1953.552123468661,0,1953.552123468661,0,0.15021539824546176,0,3962.4248736787899,0,3962.2349920434758,0,128,7f63ea9e5652cb75e99d0b0cb277914b3ed5e1a1042ffd3fc4c96a1182816025,58f0fbbc52fb3dd285678d64eb71fc816b9b8b785ba986f84c8d17b068e02209,01c32042e1c2ea4ef9d7bf870f1e8a158d987edeed3fbc3b3c31b699dca0f284,2feceed2d274f6bdbd47750a3067bf1afb8eb0b87f99773a4ce294b6b11e691f,2feceed2d274f6bdbd47750a3067bf1afb8eb0b87f99773a4ce294b6b11e691f,e8eb448a916c01b11ea3b1d6c394717dfc195737d6e11bd1dc5188ca5ee4e92d,e8eb448a916c01b11ea3b1d6c394717dfc195737d6e11bd1dc5188ca5ee4e92d,0,0,0,0,0,0,0,9.0731773525476456e-06,0.39160919189453125,0.019377006567083299,9.0731773525476456e-06,0.39160919189453125,0.019377006567083299,0,0,0.0001,64,64,0,5646.861870,1.568572742,20.220895482184794,324.76403090077025,90965.142467671554
ect.q256.schedule-switch-training-telemetry/v1,q256_fresh_crossed_switch_n12_matpool_numeric_recovery_v2,AB,A,B,181,q256_target_weight_v1,B,1.1000000000000001,1.1000000000000001,4181,4170,535168,535.168000,0,17.336976885795593,0,2048.9411084952726,2048.9411084952726,0,2048.9411084952726,0,0.15250005298770278,0,3962.4248320259071,0,3962.2350887910011,0,128,76c3d70fee7b4c04057b8011e8592889738bc5297b6dd7410f2b0cf3935774db,d6dc42f8727db8ba3bdcef9bad7b169daf622c3e64c7a0ff17d260a9d19c1e5b,6bc55bdfbbc3e52cde398c029d6f1811fb9fed13940d5578bf40e5a421aaa5cd,722347b87d17d34dd94d680769f46c148064852e7b2c014a28856cfaf4b1cedb,722347b87d17d34dd94d680769f46c148064852e7b2c014a28856cfaf4b1cedb,19940fceb070afcf2ef438246c08c867710f2ff21a0b86d2e6a4190e63f32c44,19940fceb070afcf2ef438246c08c867710f2ff21a0b86d2e6a4190e63f32c44,0,0,0,0,0,0,0,3.0733994208276272e-05,1.031494140625,0.01790504454402253,3.0733994208276272e-05,1.031494140625,0.01790504454402253,0,0,0.0001,64,64,0,5648.387148,1.568996430,20.219365059750508,383.79423581114372,90967.370543301324
ect.q256.schedule-switch-training-telemetry/v1,q256_fresh_crossed_switch_n12_matpool_numeric_recovery_v2,AB,A,B,182,q256_target_weight_v1,B,1.1000000000000001,1.1000000000000001,4182,4171,535296,535.296000,0,15.668535351753235,0,1476.5474089660438,1476.5474089660438,0,1476.5474089660438,0,0.1500773189603154,0,3962.4247102766972,0,3962.2351854449548,0,128,4b7d05466887e25a42e0a5abdc537639faf9e56f1e937a1fe5ff582cd2f9d8af,c2765a8ed00046de138dda4ebc9f2910be8498b3ca5b0646befa7cf0557e0be6,8a1a3cf05b6ddd6dbefa5ab94e35fe6347338af27e60553d76bd20cf848265b5,8574fe4bd64ea1bbae4856c75a63e630a40bbb9a276009264c3e7248f2dc72a9,8574fe4bd64ea1bbae4856c75a63e630a40bbb9a276009264c3e7248f2dc72a9,1fbbab7f11bcd1d48718bce773d2edbe578eff2bbe64ebfa9db37ae592ccaeb7,1fbbab7f11bcd1d48718bce773d2edbe578eff2bbe64ebfa9db37ae592ccaeb7,0,0,0,0,0,0,0,3.1201052479445934e-05,0.33820343017578125,0.015534002217464149,3.1201052479445934e-05,0.33820343017578125,0.015534002217464149,0,0,0.0001,64,64,0,5649.986337,1.569440649,20.21768845562783,414.56365676690558,90923.502422739271
ect.q256.schedule-switch-training-telemetry/v1,q256_fresh_crossed_switch_n12_matpool_numeric_recovery_v2,AB,A,B,183,q256_target_weight_v1,B,1.1000000000000001,1.1000000000000001,4183,4172,535424,535.424000,0,14.084612369537354,0,1739.139407768731,1739.139407768731,0,1739.139407768731,0,0.14662842631592729,0,3962.4245264227634,0,3962.2352818675204,0,128,3ecf26db97458ef331d418bb15f93ab5bcfe3d394cd2a70a0ecc113ea8d6fe2b,d347e13bf329b0c66ec65fd8ec0240069c7389321fbef12d624dc2817ba757c4,157a54e005d20dcf6200cc6f07767abeddcc208ce494785853ae029c8d24541b,f3cbbb7a888802f79c3231eda1548650af5d9ef517f0d4ea9b7a020d198aaa3d,f3cbbb7a888802f79c3231eda1548650af5d9ef517f0d4ea9b7a020d198aaa3d,d9d68f305eb90d8a3d95a9921f5cf8060ee5ba338ed6468a2f6d2cc1f4aaabee,d9d68f305eb90d8a3d95a9921f5cf8060ee5ba338ed6468a2f6d2cc1f4aaabee,0,0,0,0,0,0,0,0.00018357206135988235,0.134521484375,0.011208714684471488,0.00018357206135988235,0.134521484375,0.011208714684471488,0,0,0.0001,64,64,0,5651.516368,1.569865658,20.215317776477935,463.76353236317561,90908.953976201854
ect.q256.schedule-switch-training-telemetry/v1,q256_fresh_crossed_switch_n12_matpool_numeric_recovery_v2,AB,A,B,184,q256_target_weight_v1,B,1.1000000000000001,1.1000000000000001,4184,4173,535552,535.552000,0,15.021912813186646,0,2128.707623800683,2128.707623800683,0,2128.707623800683,0,0.1483378234956739,0,3962.4242930638675,0,3962.2353781238426,0,128,2729b5bc122c02f830aa41f9a1dd0f112b8c8527902c7e4eb0a5981d47f09515,2d4f19fa68983087cba72b8a46e8d5d28a40f2fff51ca9b0683385236ecc253f,681a734d248b1ebb1cd09f54c7e716002901e33de1d9b1a2c82d2cab771c06da,9b3b687bbf599fefda328863df3eb4d477e21f6e4ebb1d4a728edc1d7aeb3632,9b3b687bbf599fefda328863df3eb4d477e21f6e4ebb1d4a728edc1d7aeb3632,03ee1f9349ed70c69cff6c439f5ac89f45082a69027512a733d235b3f1958501,03ee1f9349ed70c69cff6c439f5ac89f45082a69027512a733d235b3f1958501,0,0,0,0,0,0,0,4.212802741676569e-05,0.47412872314453125,0.015337737801019102,4.212802741676569e-05,0.47412872314453125,0.015337737801019102,0,0,0.0001,64,64,0,5653.040312,1.570288975,20.212290504657354,546.52015873208063,90930.662062951684
ect.q256.schedule-switch-training-telemetry/v1,q256_fresh_crossed_switch_n12_matpool_numeric_recovery_v2,AB,A,B,185,q256_target_weight_v1,B,1.1000000000000001,1.1000000000000001,4185,4174,535680,535.680000,0,17.421701908111572,0,1734.7310431319124,1734.7310431319124,0,1734.7310431319124,0,0.15102376567692311,0,3962.4240339828189,0,3962.2354740872297,0,128,0e38edae295569b98fff058990214ef5d3f89f1e4b2822279d2bfc9beb0d2e74,803aa79996e1c9793ac6753cfdd912851a8ffdc36cff86cc35f1bde7db030321,c83b64ad8b457f6180091e224b3defe60129a5096b915a7c724423a6d936f782,ef399575e47b35b3f112b61437894948716c79e9a0d3c1cf2c6b1993d0949684,ef399575e47b35b3f112b61437894948716c79e9a0d3c1cf2c6b1993d0949684,c9f35e12401ae8c2a61fab660e2b86ae11e1cd08be6158cad9206d7f8f053d04,c9f35e12401ae8c2a61fab660e2b86ae11e1cd08be6158cad9206d7f8f053d04,0,0,0,0,0,0,0,3.6075129173696041e-05,0.25828933715820312,0.011579904239624739,3.6075129173696041e-05,0.25828933715820312,0.011579904239624739,0,0,0.0001,64,64,0,5654.574090,1.570715025,20.209308030350062,546.0767833227959,90874.666528921793
ect.q256.schedule-switch-training-telemetry/v1,q256_fresh_crossed_switch_n12_matpool_numeric_recovery_v2,AB,A,B,186,q256_target_weight_v1,B,1.1000000000000001,1.1000000000000001,4186,4175,535808,535.808000,0,15.611191749572754,0,1473.5552425280482,1473.5552425280482,0,1473.5552425280482,0,0.14616789172547104,0,3962.4238267646742,0,3962.2355698220149,0,128,d0cdafc284c21763b581a2c26a59269baa10d63d2bb5e8eae401b621461ce085,a4753aca88d600eac8d7333aaceaca7ebabb441dc0bed7293033f2b7f40c0a14,2e83423b0f0b732bd5a8a9b3dda76c159b93235b47b52fcb630d4ebe7c007233,528450626c0850bb8bafbb0771e597f208756a0ce133fc6ae0eb2ed3f11dcfca,528450626c0850bb8bafbb0771e597f208756a0ce133fc6ae0eb2ed3f11dcfca,c21f764cacc26d83086dc9f865b5de4ac1c6e3664f4452757f17f4956b807263,c21f764cacc26d83086dc9f865b5de4ac1c6e3664f4452757f17f4956b807263,0,0,0,0,0,0,0,3.8362457416951656e-05,0.23732757568359375,0.014692100696265697,3.8362457416951656e-05,0.23732757568359375,0.014692100696265697,0,0,0.0001,64,64,0,5656.097304,1.571138140,20.206595245586566,457.99291553281182,90830.448471044248
ect.q256.schedule-switch-training-telemetry/v1,q256_fresh_crossed_switch_n12_matpool_numeric_recovery_v2,AB,A,B,187,q256_target_weight_v1,B,1.1000000000000001,1.1000000000000001,4187,4176,535936,535.936000,0,16.137377738952637,0,3951.8778243731126,3951.8778243731126,0,3951.8778243731126,0,0.15465125297253363,0,3962.4236247739791,0,3962.2356654009714,0,128,99008fbb1438165a961a9931bcde931cd6ac863c18c184a7144c545383ad5aa2,ca3f9bb707cced303b2bfcd51607ba32173416b0528109709213466a91b408f6,16126efd6bca67423a317df652c9c517d25805a526de83008692a6a564477db1,223ec869285d4a1140c6c6b9d5b1611d04f8cab53b5cc53eee175701e7ac8546,223ec869285d4a1140c6c6b9d5b1611d04f8cab53b5cc53eee175701e7ac8546,3b9e09962eff14e0dce23b85f1b71dd80641d1a427832875b2b947cee109b169,3b9e09962eff14e0dce23b85f1b71dd80641d1a427832875b2b947cee109b169,0,0,0,0,0,0,0,5.0826463848352432e-05,0.43546295166015625,0.018367267271969467,5.0826463848352432e-05,0.43546295166015625,0.018367267271969467,0,0,0.0001,64,64,0,5657.621244,1.571561457,20.203588446456404,483.99013079521046,91106.9088590842
ect.q256.schedule-switch-training-telemetry/v1,q256_fresh_crossed_switch_n12_matpool_numeric_recovery_v2,AB,A,B,188,q256_target_weight_v1,B,1.1000000000000001,1.1000000000000001,4188,4177,536064,536.064000,0,16.364053606987,0,3957.1266885350642,3957.1266885350642,0,3957.1266885350642,0,0.1588588256386419,0,3962.4234948941362,0,3962.2357608114457,0,128,a8c9a8d61e977afb8b09d58aa754aafadccba9ad542ff58938e1cdbf3980f481,3dded46559894eafa2258c6af34a28bac4c427f2b3344198e47fe3440e7b5d35,02751da1e34f2bb0893c68b8765c5e9244f2dbd9f1a9f1e9def2b8089d558866,f01c14e97469cdc2d536f32a4e2061c17864668b44b50cedee4a88873a79ad5d,f01c14e97469cdc2d536f32a4e2061c17864668b44b50cedee4a88873a79ad5d,356de839553a31f7afebab57b7a537ea9e010aee7e41b5a7a4ac2bf54f35eec3,356de839553a31f7afebab57b7a537ea9e010aee7e41b5a7a4ac2bf54f35eec3,0,0,0,0,0,0,0,2.3957807570695877e-05,0.17618942260742188,0.011421822011470795,2.3957807570695877e-05,0.17618942260742188,0.011421822011470795,0,0,0.0001,64,64,0,5659.144857,1.571984682,20.201732870493487,637.26604491072237,91461.553436299102
ect.q256.schedule-switch-training-telemetry/v1,q256_fresh_crossed_switch_n12_matpool_numeric_recovery_v2,AB,A,B,189,q256_target_weight_v1,B,1.1000000000000001,1.1000000000000001,4189,4178,536192,536.192000,0,15.775550365447998,0,1875.7360906764093,1875.7360906764093,0,1875.7360906764093,0,0.15804355551436827,0,3962.4234340515818,0,3962.2358561541814,0,128,6cf1ac2157a5780f0afa35889af0ea07c91d3df875bfbe42742105b75e762c2a,2fe93040fbff4baa26ed407ac2f719ea626384e3b262d1f595c4ad991c101af9,138e781c004a70626f1c654de466817e2ccdf7ec5fa1f6aa7e789cd50446a94e,ab844dd12c243f5cec6743866777b76a3510b3a1e7bcdd2cfaceb9f7524b50db,ab844dd12c243f5cec6743866777b76a3510b3a1e7bcdd2cfaceb9f7524b50db,c9192b462c63366baaf35ec7d568c865ba9677a384bcea68045548f4d9dc1500,c9192b462c63366baaf35ec7d568c865ba9677a384bcea68045548f4d9dc1500,0,0,0,0,0,0,0,0.00011240923777222633,0.0677490234375,0.0094504327862523496,0.00011240923777222633,0.0677490234375,0.0094504327862523496,0,0,0.0001,64,64,0,5660.672698,1.572409083,20.199976943013912,539.90481540997882,91428.343598427033
ect.q256.schedule-switch-training-telemetry/v1,q256_fresh_crossed_switch_n12_matpool_numeric_recovery_v2,AB,A,B,190,q256_target_weight_v1,B,1.1000000000000001,1.1000000000000001,4190,4179,536320,536.320000,0,17.099173069000244,0,1680.2257179543706,1680.2257179543706,0,1680.2257179543706,0,0.15561400543004197,0,3962.4234485573329,0,3962.2359513919841,0,128,d43065882d9f789ec28c611d67ebb34dc272246944ec37da6900eeb3fb55d8b5,444068c5d423a7be82a2b4f0d7a013a72b58704c26311fdc7dcaf28300b9ce35,d7da4c8290f29b84d13101e170210c67498a0bdab224aa1c7eedd03b37b1ec39,0acbcf57494b2e341142478b3286cfc129c7c260c8833245048cc20407091d9f,0acbcf57494b2e341142478b3286cfc129c7c260c8833245048cc20407091d9f,4cee18b7f58fe2facfa5e49510bbd3d333a4c65202a6e3a71425b3be6a8e7537,4cee18b7f58fe2facfa5e49510bbd3d333a4c65202a6e3a71425b3be6a8e7537,0,0,0,0,0,0,0,3.5313714761286974e-06,0.30951690673828125,0.011557182355318218,3.5313714761286974e-06,0.30951690673828125,0.011557182355318218,0,0,0.0001,64,64,0,5662.196152,1.572832264,20.198785803827498,462.01431344745185,91392.650644372421
ect.q256.schedule-switch-training-telemetry/v1,q256_fresh_crossed_switch_n12_matpool_numeric_recovery_v2,AB,A,B,191,q256_target_weight_v1,B,1.1000000000000001,1.1000000000000001,4191,4180,536448,536.448000,0,17.876784801483154,0,2344.1703343211379,2344.1703343211379,0,2344.1703343211379,0,0.15816942295408706,0,3962.4235545790148,0,3962.2360466459486,0,128,56d8a9d263388d79a24eb6a3c6329f027793700d178a29dcf203b9a38eb1fc4f,4e75592aa2450bee0c675fc43c981c8b66c94039f9db96ed97b0146bd34fcd4b,2f40d113036081ea9a8474b4199cb104e8b2dfbf54fd723a6b4d47aeaa6ee4db,4f2426c6b826abb1b73d1c56fb9135d65beeba05a032225a1b2582acac5b9ff0,4f2426c6b826abb1b73d1c56fb9135d65beeba05a032225a1b2582acac5b9ff0,1e59aaabb5e43d0128ce6db0a88d277fa87c9f70b2a7cb62799c29a04d6f2396,1e59aaabb5e43d0128ce6db0a88d277fa87c9f70b2a7cb62799c29a04d6f2396,0,0,0,0,0,0,0,3.0358787626028061e-05,0.11981391906738281,0.010328306583687663,3.0358787626028061e-05,0.11981391906738281,0.010328306583687663,0,0,0.0001,64,64,0,5663.719645,1.573255457,20.197169984527328,376.97100053451555,91403.942214189839
ect.q256.schedule-switch-training-telemetry/v1,q256_fresh_crossed_switch_n12_matpool_numeric_recovery_v2,AB,A,B,192,q256_target_weight_v1,B,1.1000000000000001,1.1000000000000001,4192,4181,536576,536.576000,0,17.366098880767822,0,1911.1527198290416,1911.1527198290416,0,1911.1527198290416,0,0.16214250831856206,0,3962.4237042099239,0,3962.236142012398,0,128,0b17cef3a71533d10e5079a510299b30d968051c168d3d15c5e5f53f00b24bf4,4bd51eb52017f79a256f11777808761288713e2ecf075e2f6f45fedcf6829d75,8cf8f74c71e47ad7d12a6428a479de1093aa2927a81ce71dbd3cdd59a7d7ac3a,2c9ea866bbd892e07b25a4844ee96820c01d6933fd705e8f32ca88c15acaabc0,2c9ea866bbd892e07b25a4844ee96820c01d6933fd705e8f32ca88c15acaabc0,6fbc1f22b8ef3295deebb6637ba9aadd0e1ae509274eddb09237ebfefcef40e2,6fbc1f22b8ef3295deebb6637ba9aadd0e1ae509274eddb09237ebfefcef40e2,0,0,0,0,0,0,0,9.0847606770694256e-06,0.12822532653808594,0.0091689887922257185,9.0847606770694256e-06,0.12822532653808594,0.0091689887922257185,0,0,0.0001,64,64,0,5665.246018,1.573679449,20.196231283180907,384.25505643471246,91360.005452232072
ect.q256.schedule-switch-training-telemetry/v1,q256_fresh_crossed_switch_n12_matpool_numeric_recovery_v2,AB,A,B,193,q256_target_weight_v1,B,1.1000000000000001,1.1000000000000001,4193,4182,536704,536.704000,0,13.422833681106567,0,1871.7527227153867,1871.7527227153867,0,1871.7527227153867,0,0.16124292692256476,0,3962.4238789011629,0,3962.2362374212266,0,128,a1e36db66751c229fd932cf46a54a8fc0f15bb82c4cd98dec1acf3ee1813e085,613b05826e3d905278d1d9f3fce79f77d428821de77ff7a64602bdc4c68672ac,de60bfd1b86b3db29b1e7681f34a473002332ad70cc3387dd98a7ef1f422cd38,82998201bf04c73843f577a1c9aea65f151c27005776638cb9513508995f9a69,82998201bf04c73843f577a1c9aea65f151c27005776638cb9513508995f9a69,8f007644dae7d4a892af5c6309a77541c37a6a58909717cab35dfcfe51156304,8f007644dae7d4a892af5c6309a77541c37a6a58909717cab35dfcfe51156304,0,0,0,0,0,0,0,7.3645496740937233e-05,0.632965087890625,0.01765711948974058,7.3645496740937233e-05,0.632965087890625,0.01765711948974058,0,0,0.0001,64,64,0,5666.768400,1.574102333,20.195663696386752,380.97577730871745,91359.542327251314
ect.q256.schedule-switch-training-telemetry/v1,q256_fresh_crossed_switch_n12_matpool_numeric_recovery_v2,AB,A,B,194,q256_target_weight_v1,B,1.1000000000000001,1.1000000000000001,4194,4183,536832,536.832000,0,17.044877648353577,0,1310.1486086642615,1310.1486086642615,0,1310.1486086642615,0,0.15569265400951757,0,3962.4240085321194,0,3962.2363328785787,0,128,35ff7245432911738f752243bf9b496ece4815ceba60d5669e9cf34f6e37c855,bb19007cabd7985094f3a549937a7f98c8af7d89b6c480e7139c513fbf887a9e,a76fb8297bbbc6d9837de8dd16191d1d1ffce6e9cb647dd41d8bf6014b0bb5d1,7ae66b06e00d718b6a0dbe85338834a70bc8b6049d765bbd6c38876467ac1e4b,7ae66b06e00d718b6a0dbe85338834a70bc8b6049d765bbd6c38876467ac1e4b,2b4f2c007ad70bcfad7b3d13c24f10733af97da9e1a539150ed9382f060c18df,2b4f2c007ad70bcfad7b3d13c24f10733af97da9e1a539150ed9382f060c18df,0,0,0,0,0,0,0,6.0553895309567451e-05,0.53936767578125,0.017541720473673195,6.0553895309567451e-05,0.53936767578125,0.017541720473673195,0,0,0.0001,64,64,0,5668.291138,1.574525316,20.195090410664132,376.18887376752173,91296.944495110118
ect.q256.schedule-switch-training-telemetry/v1,q256_fresh_crossed_switch_n12_matpool_numeric_recovery_v2,AB,A,B,195,q256_target_weight_v1,B,1.1000000000000001,1.1000000000000001,4195,4184,536960,536.960000,0,17.773489952087402,0,1650.6365716630723,1650.6365716630723,0,1650.6365716630723,0,0.15325902760073462,0,3962.4241435113718,0,3962.2364283015545,0,128,088f216b9dfdeeb6b1483ca4b9ff4fce0aab48ef11f6913506ec4aafb9a7220f,6643cc1bc91b8c6aabd2266cda15b50fbfc7ba0bc4632b00f2edf2daaf97f3b1,2f55ef2a54a8d5e59f642b5eca8dfbf3d759d27fe76c9ec0fd3bbeb2c133b090,96cd663e444bf8a5727c21c736497e31d023f8ee7f039b50310dc774a1ff0e0c,96cd663e444bf8a5727c21c736497e31d023f8ee7f039b50310dc774a1ff0e0c,c143e7c054dd6aab81441cdcc0b1700b18ff36ade10af0589ab01dd4725606df,c143e7c054dd6aab81441cdcc0b1700b18ff36ade10af0589ab01dd4725606df,0,0,0,0,0,0,0,3.3176620490849018e-05,0.23554611206054688,0.012917022919282317,3.3176620490849018e-05,0.23554611206054688,0.012917022919282317,0,0,0.0001,64,64,0,5669.817502,1.574949306,20.193948249810163,350.53780860752454,91246.859918181246
ect.q256.schedule-switch-training-telemetry/v1,q256_fresh_crossed_switch_n12_matpool_numeric_recovery_v2,AB,A,B,196,q256_target_weight_v1,B,1.1000000000000001,1.1000000000000001,4196,4185,537088,537.088000,0,15.553795456886292,0,1023.9615671739456,1023.9615671739456,0,1023.9615671739456,0,0.14960138694010444,0,3962.4242602658442,0,3962.2365237916024,0,128,4575b4e7ea40a51d7077b7b3a25bfbacab82a345eed3693f2e59f2ff5afed237,7eb3bb70f87b1da6d769b7fee76c46c00040d408a811583f2b9db473117d57f6,07658d24f6ac38798357f70d13e87c88b95cdeb12f0bf615bcb305b26a43ab82,df4ed0820bef6792710cfb2c82897dc306f2149129dd5f26e9fed51af7acce38,df4ed0820bef6792710cfb2c82897dc306f2149129dd5f26e9fed51af7acce38,acaeb4ae944cf8bd906a50f16ed43ba855b2df3c59c72a629204b8af1fb45eb1,acaeb4ae944cf8bd906a50f16ed43ba855b2df3c59c72a629204b8af1fb45eb1,0,0,0,0,0,0,0,2.449739258736372e-05,0.342864990234375,0.015001276857219636,2.449739258736372e-05,0.342864990234375,0.015001276857219636,0,0,0.0001,64,64,0,5671.342712,1.575372976,20.19296170287349,341.62786312426016,91164.587862051849
ect.q256.schedule-switch-training-telemetry/v1,q256_fresh_crossed_switch_n12_matpool_numeric_recovery_v2,AB,A,B,197,q256_target_weight_v1,B,1.1000000000000001,1.1000000000000001,4197,4186,537216,537.216000,0,14.685541868209839,0,1333.294466862734,1333.294466862734,0,1333.294466862734,0,0.144827694571453,0,3962.4243761618091,0,3962.236619326909,0,128,5e9281430655104ef5b0916318d74194a2d184c38e46fa4051cbf96af7a9e30a,bdc75e4b93057cd8b76068dfc4120a42952aac4c285355af8f7dbb107f37b31f,08d8ead11ceb4eb3e2689badf2c18922b1610da0f1aa23069b2639ea3d81c48f,506d2a3840928b328103059acb4cd2f023e831ee022695fcbe9e6a14ed9effe9,506d2a3840928b328103059acb4cd2f023e831ee022695fcbe9e6a14ed9effe9,fb96e916c5eff5ab238f7b49ba296c2b3edabc011469bfbfd536ede8966e4fea,fb96e916c5eff5ab238f7b49ba296c2b3edabc011469bfbfd536ede8966e4fea,0,0,0,0,0,0,0,4.7495355829596519e-05,0.5348358154296875,0.017324011074379086,4.7495355829596519e-05,0.5348358154296875,0.017324011074379086,0,0,0.0001,64,64,0,5672.867105,1.575796418,20.192341068749606,305.72559616608555,91096.732363414048
ect.q256.schedule-switch-training-telemetry/v1,q256_fresh_crossed_switch_n12_matpool_numeric_recovery_v2,AB,A,B,198,q256_target_weight_v1,B,1.1000000000000001,1.1000000000000001,4198,4187,537344,537.344000,0,15.609982848167419,0,1438.7363618781096,1438.7363618781096,0,1438.7363618781096,0,0.14134892290408799,0,3962.4245340440607,0,3962.2367149101347,0,128,33a723f4ac6060008be90380f3ae2f3fa644e314933ac694c287c1b277ae5a2a,1e1fa7a05ec377ce51a9b1da98d86ed3fea6610b9723f5d3c5a06fed733139e6,a86c80f3fc32ae59b5a340c1e617617ba51885bb60bcf963126c1f7a3a1acb06,4c9c097f91cb1cb288e2ecfdf9b52e5b0035154fed79e243028c43fb12e36ed4,4c9c097f91cb1cb288e2ecfdf9b52e5b0035154fed79e243028c43fb12e36ed4,bb2337e688873084eb160ff35732eb82c344a7e6713398bbd0bd416b8acaf31d,bb2337e688873084eb160ff35732eb82c344a7e6713398bbd0bd416b8acaf31d,0,0,0,0,0,0,0,6.9702742621302605e-05,0.12376785278320312,0.011229139636270702,6.9702742621302605e-05,0.12376785278320312,0.011229139636270702,0,0,0.0001,64,64,0,5674.388551,1.576219042,20.191794902072584,303.3800756485328,91048.933564227686
ect.q256.schedule-switch-training-telemetry/v1,q256_fresh_crossed_switch_n12_matpool_numeric_recovery_v2,AB,A,B,199,q256_target_weight_v1,B,1.1000000000000001,1.1000000000000001,4199,4188,537472,537.472000,0,17.068297386169434,0,2149.4043026870331,2149.4043026870331,0,2149.4043026870331,0,0.14279622438725617,0,3962.4247599168475,0,3962.2368105522246,0,128,d75daf09f2d4145abb071ccbba8a1877a2abc623b98652afd4e32ffa0cb132f2,b32db9c067a2cdbf34550ec439f9a38efd715db625b23c1eb708c504298bdfa7,f83a15d1fe0ef073662f6728a299fdc5f454be86c28595c3e408d496f6e75a99,21e1f3d6d4c1e915dc6f4b67efe4caa01c41c09ee7b8e3b6cacb613db1f01c03,21e1f3d6d4c1e915dc6f4b67efe4caa01c41c09ee7b8e3b6cacb613db1f01c03,6c749bd798715f40e10482266481a65c35cbb9d833b4a8c733647059d2609b83,6c749bd798715f40e10482266481a65c35cbb9d833b4a8c733647059d2609b83,0,0,0,0,0,0,0,4.3299514800310135e-05,0.13773918151855469,0.011319224955514073,4.3299514800310135e-05,0.13773918151855469,0.011319224955514073,0,0,0.0001,64,64,0,5675.938241,1.576649511,20.191400096353647,354.52515656257106,91077.991411361552
ect.q256.schedule-switch-training-telemetry/v1,q256_fresh_crossed_switch_n12_matpool_numeric_recovery_v2,AB,A,B,200,q256_target_weight_v1,B,1.1000000000000001,1.1000000000000001,4200,4189,537600,537.600000,0,16.921390056610107,0,1360.2010669644196,1360.2010669644196,0,1360.2010669644196,0,0.14171120736744966,0,3962.4250286723045,0,3962.2369063109127,0,128,ad92c4fe81ea4fc54f225356b04dbfb994b88d22d5cf4926c5795dd748b6339d,7c5d47107f98f6715cf9684fadf296795deb1af247fb7399bb57e3c42d5b8bc4,dcec776509f7306ec7cef2acdf868e858d6719c4da65193995ddc561bd1499f3,7ccdcef3c788feadab9c3acc4baa22ca5fff3281a745fc3f05a42e97653b0ccd,7ccdcef3c788feadab9c3acc4baa22ca5fff3281a745fc3f05a42e97653b0ccd,e7a428d185dfe6b34cc34ea5e805fb48402cee20ae6ec425f386b2acd97c1629,e7a428d185dfe6b34cc34ea5e805fb48402cee20ae6ec425f386b2acd97c1629,0,0,0,0,0,0,0,4.6391040086746216e-05,0.917449951171875,0.023020733147859573,4.6391040086746216e-05,0.917449951171875,0.023020733147859573,0,0,0.0001,64,64,0,5677.463617,1.577073227,20.190690374201051,352.33933563681381,91021.499549431726
ect.q256.schedule-switch-training-telemetry/v1,q256_fresh_crossed_switch_n12_matpool_numeric_recovery_v2,AB,A,B,201,q256_target_weight_v1,B,1.1000000000000001,1.1000000000000001,4201,4190,537728,537.728000,0,15.75609028339386,0,2530.6774725690002,2530.6774725690002,0,2530.6774725690002,0,0.14735935249093832,0,3962.4253387811759,0,3962.2370022455207,0,128,6ea148d8e9a096346e00a563e80e346f693e2cf613fa9eeb80bb5606ef570d6e,2e63dbb095aa4afcf5bcdc607182316a78b5c5b03adea2298df265a7248cbdaa,739791c02e532d3cc15ca7e0d1ffa765074982962394926c3888f3be36d20a31,83bfb6a1f4215001bc166a1dc9557d01c9c02e2ba129e31b5dfb964a9c028832,83bfb6a1f4215001bc166a1dc9557d01c9c02e2ba129e31b5dfb964a9c028832,20d9acd41d0daad67be2eca13c178c6bd7ccd0146d889c627f9729a42b62748d,20d9acd41d0daad67be2eca13c178c6bd7ccd0146d889c627f9729a42b62748d,0,0,0,0,0,0,0,0.00012277252972126007,0.10446548461914062,0.011262638261541724,0.00012277252972126007,0.10446548461914062,0.011262638261541724,0,0,0.0001,64,64,0,5678.988360,1.577496767,20.190012318795393,469.21819392804389,91079.323332942629
ect.q256.schedule-switch-training-telemetry/v1,q256_fresh_crossed_switch_n12_matpool_numeric_recovery_v2,AB,A,B,202,q256_target_weight_v1,B,1.1000000000000001,1.1000000000000001,4202,4191,537856,537.856000,0,16.044605851173401,0,2522.6528974517073,2522.6528974517073,0,2522.6528974517073,0,0.15886283953114172,0,3962.4255597781507,0,3962.2370982474154,0,128,7931dee8c008e11b507057fad4c1921eadbb9e6008d85e5e8c59f6e34f8d8fe9,14eb771be78c3f0a87102b7e0fb0fde0e6cc7ce13fd21c2cf92435c9f2dd7380,72cf8cc1659ee847156619e041eb262fca69553ec272c3c917e4ad2fd033163c,27c135a99ed1f4c5740868a5d26e92c76bdd481c017570f8042974959c42af38,27c135a99ed1f4c5740868a5d26e92c76bdd481c017570f8042974959c42af38,8a5ea18d2f55bd11041bb88560f58df6e4ec1a6322d118064b5d5f490a7d1ba2,8a5ea18d2f55bd11041bb88560f58df6e4ec1a6322d118064b5d5f490a7d1ba2,0,0,0,0,0,0,0,4.2989151552319527e-05,0.24769210815429688,0.01335852756164968,4.2989151552319527e-05,0.24769210815429688,0.01335852756164968,0,0,0.0001,64,64,0,5680.519198,1.577921999,20.18962409291975,569.32109915310434,91115.271190067899
ect.q256.schedule-switch-training-telemetry/v1,q256_fresh_crossed_switch_n12_matpool_numeric_recovery_v2,AB,A,B,203,q256_target_weight_v1,B,1.1000000000000001,1.1000000000000001,4203,4192,537984,537.984000,0,15.443212628364563,0,1357.0104863714566,1357.0104863714566,0,1357.0104863714566,0,0.15413387688005792,0,3962.4257110294288,0,3962.2371942991717,0,128,4179805776c6f7acfdb717b176740613fb547f05d542bc7edd8c3adfe6013bb0,f0426ac3be381be00da5815537b4cb8e46e8d25620262e2294424e22db2dfec5,9e66a681bfb70bc5907e0796c9a4fcc8a911f8d8d5cf68ef36dde07f642c273b,6a36d74af53c233c36edc96a4c440baf7cd2727fcbac514871b50df10ea2eaa6,6a36d74af53c233c36edc96a4c440baf7cd2727fcbac514871b50df10ea2eaa6,3f7fe6eb1b165d90091910ac3bddaf6de26d0e982de0ff3e34df274b54d414b8,3f7fe6eb1b165d90091910ac3bddaf6de26d0e982de0ff3e34df274b54d414b8,0,0,0,0,0,0,0,3.0292081646621227e-05,0.6573028564453125,0.020747118222061545,3.0292081646621227e-05,0.6573028564453125,0.020747118222061545,0,0,0.0001,64,64,0,5682.041650,1.578344903,20.189299723878296,513.96658971661861,91051.670095501948
ect.q256.schedule-switch-training-telemetry/v1,q256_fresh_crossed_switch_n12_matpool_numeric_recovery_v2,AB,A,B,204,q256_target_weight_v1,B,1.1000000000000001,1.1000000000000001,4204,4193,538112,538.112000,0,15.744182705879211,0,2810.2516194281397,2810.2516194281397,0,2810.2516194281397,0,0.15579580698491682,0,3962.4257469960276,0,3962.2372903187547,0,128,c0b76cada6b89a578f16d593abf811f0490352b8522b38c9fd6e19f16f01f577,0f5f39941e2898c3c283d79d33ca78c95adab3542e629c7b239930151acf1e36,ab6a794a447dd822855dabbb3dec0ec7b198d15a3424c34ecb3b12f4bd05f68d,d480dabeacd3ff2456f341f8b4e97ea134e7afa2b3898706523fcd930c10dfb2,d480dabeacd3ff2456f341f8b4e97ea134e7afa2b3898706523fcd930c10dfb2,f5c66243021fa964b90b115bf376d568b9c71efd822958278198dc79c30d10c0,f5c66243021fa964b90b115bf376d568b9c71efd822958278198dc79c30d10c0,0,0,0,0,0,0,0,0.00012903381139039993,0.353424072265625,0.015421216608956456,0.00012903381139039993,0.353424072265625,0.015421216608956456,0,0,0.0001,64,64,0,5683.576594,1.578771276,20.18881000564965,391.10345225612531,91169.283765433502
ect.q256.schedule-switch-training-telemetry/v1,q256_fresh_crossed_switch_n12_matpool_numeric_recovery_v2,AB,A,B,205,q256_target_weight_v1,B,1.1000000000000001,1.1000000000000001,4205,4194,538240,538.240000,0,15.879660487174988,0,3305.0497752766009,3305.0497752766009,0,3305.0497752766009,0,0.165551899135369,0,3962.4256923564931,0,3962.2373862099712,0,128,db1f5c9c92bcc5a12d40656df21140042e6ef007980273655535040d2c874142,9496f6216f9de4d9029eb143dbfdadf697e8ff3d866fbee8cd5bc315a05fdeea,8d2621aec8ca7301c166469d90a5cca9a1f75e1683a59b43f2124211605da86d,0956982158660f94794b049a78aee1229693542b5f25f63ff727fb986429dc84,0956982158660f94794b049a78aee1229693542b5f25f63ff727fb986429dc84,d44f9e52fa849d0bc2b874c253f9581762d8ca374863b1108319c2c27bf46c7e,d44f9e52fa849d0bc2b874c253f9581762d8ca374863b1108319c2c27bf46c7e,0,0,0,0,0,0,0,3.1256582587957382e-05,0.469818115234375,0.016925177129451185,3.1256582587957382e-05,0.469818115234375,0.016925177129451185,0,0,0.0001,64,64,0,5685.101285,1.579194801,20.187626011198578,438.37167718457454,91349.270993371261
ect.q256.schedule-switch-training-telemetry/v1,q256_fresh_crossed_switch_n12_matpool_numeric_recovery_v2,AB,A,B,206,q256_target_weight_v1,B,1.1000000000000001,1.1000000000000001,4206,4195,538368,538.368000,0,15.933732390403748,0,1419.9418037066234,1419.9418037066234,0,1419.9418037066234,0,0.16131923851870322,0,3962.4255532350785,0,3962.2374819360352,0,128,42c8d70bffdf35558c4384545ef9a95174ebef86308e1646dda55cf0ef4ea313,b260b04c11b6a091688fdd166eb385cadd5872550f8f8fe19322b802addb7dc2,7c9b475dd16f054d4614432f6603920f5076dc9c9c259abe54921e0fef92e235,7ecadbeb988872140f724e6615783dc1b79314d13f0edffb025f6eba32c4e1ac,7ecadbeb988872140f724e6615783dc1b79314d13f0edffb025f6eba32c4e1ac,5c55d9bfb3fa320d17dfec914a02f2f4c3a6d59cbefe5a64e1ee2fd450ed2758,5c55d9bfb3fa320d17dfec914a02f2f4c3a6d59cbefe5a64e1ee2fd450ed2758,0,0,0,0,0,0,0,4.9845111789181828e-06,0.44651031494140625,0.019290850323159248,4.9845111789181828e-06,0.44651031494140625,0.019290850323159248,0,0,0.0001,64,64,0,5686.624588,1.579617941,20.186694576375107,466.04821950510393,91295.328940579784
ect.q256.schedule-switch-training-telemetry/v1,q256_fresh_crossed_switch_n12_matpool_numeric_recovery_v2,AB,A,B,207,q256_target_weight_v1,B,1.1000000000000001,1.1000000000000001,4207,4196,538496,538.496000,0,15.627730965614319,0,2726.3293931326684,2726.3293931326684,0,2726.3293931326684,0,0.1573118985127015,0,3962.4253837535907,0,3962.2375774841603,0,128,84a01600ed1b3e66a7c2a910aa513552227e4122a8c9409061e17764951b128d,f1abaa60352981f133c9a03a92862aa2dffbf5d5af7e2aeebf3d5f0eb85d2d16,63aaa2322d97865f78ea340833023cbf3f122e9ac6b4448915865610f6224d52,20a0eae73fccf7df7c1cc9b34b5878e392966abc5cd2e4b7493378bfaf07c735,20a0eae73fccf7df7c1cc9b34b5878e392966abc5cd2e4b7493378bfaf07c735,4c709dfcb2e02cfc1fcac77cd5613e5db30f0ace0b88e49685b774212385c675,4c709dfcb2e02cfc1fcac77cd5613e5db30f0ace0b88e49685b774212385c675,0,0,0,0,0,0,0,3.5697128623723984e-05,0.51107025146484375,0.020600901974830776,3.5697128623723984e-05,0.51107025146484375,0.020600901974830776,0,0,0.0001,64,64,0,5688.148843,1.580041345,20.185831937343096,576.21917101229587,91443.527290150829
ect.q256.schedule-switch-training-telemetry/v1,q256_fresh_crossed_switch_n12_matpool_numeric_recovery_v2,AB,A,B,208,q256_target_weight_v1,B,1.1000000000000001,1.1000000000000001,4208,4197,538624,538.624000,0,15.567513227462769,0,1994.80841700429,1994.80841700429,0,1994.80841700429,0,0.15280341028964922,0,3962.4252127498194,0,3962.2376728608047,0,128,fd6c5ac3e7df63abdb138462e3e25c6f39453c79b3cce69fe18942a775e7bab4,e3807ec8b2987862d9e5ba25093fa34173ff85cbd375dc690d274dd13c27b8ca,3415bacda999bb56813b4352b212b7ac58629efd69745b12b99df24f7c66954f,53df8505240290aa6fff3b607e3468f823cb79b49d1f6acaed6e4d7854c3689f,53df8505240290aa6fff3b607e3468f823cb79b49d1f6acaed6e4d7854c3689f,edb0c31abe6345ae86a17a9f5a1fa6919b1723367eb43c2adc295a6037204029,edb0c31abe6345ae86a17a9f5a1fa6919b1723367eb43c2adc295a6037204029,0,0,0,0,0,0,0,5.8542937040328979e-05,0.20486068725585938,0.015209004282951355,5.8542937040328979e-05,0.20486068725585938,0.015209004282951355,0,0,0.0001,64,64,0,5689.671059,1.580464183,20.184751580544525,640.52952905959467,91454.664869089946
ect.q256.schedule-switch-training-telemetry/v1,q256_fresh_crossed_switch_n12_matpool_numeric_recovery_v2,AB,A,B,209,q256_target_weight_v1,B,1.1000000000000001,1.1000000000000001,4209,4198,538752,538.752000,0,15.65814733505249,0,1232.3598623015878,1232.3598623015878,0,1232.3598623015878,0,0.1475282152135278,0,3962.4251077852491,0,3962.2377681002554,0,128,6c5ca162fd5bb1f4704f2afa8c903a19c9acfa58215f9a1bfb44a8a22d00814c,4fbec229cb2c758a1c5b02d2375005401c0ed60a7ae1293cc4f97a140c3d3442,0a5bd0a0b25337b3ed4adabe1aa57c45e9d54f21ecd8f6e89767cba5310bc4d6,d4aa11292e39925fc0b157438a2a31b5396530400286e51b451282d8ce3ea9f0,d4aa11292e39925fc0b157438a2a31b5396530400286e51b451282d8ce3ea9f0,bbc94d6a6a419e4b13b114eee2bac0bb57aa119a8d39003f2d7f1242dfb009ec,bbc94d6a6a419e4b13b114eee2bac0bb57aa119a8d39003f2d7f1242dfb009ec,0,0,0,0,0,0,0,6.1365542933344841e-05,0.34613037109375,0.019473477615974844,6.1365542933344841e-05,0.34613037109375,0.019473477615974844,0,0,0.0001,64,64,0,5691.195112,1.580887531,20.183423517329306,546.24718094710568,91386.019007187497
ect.q256.schedule-switch-training-telemetry/v1,q256_fresh_crossed_switch_n12_matpool_numeric_recovery_v2,AB,A,B,210,q256_target_weight_v1,B,1.1000000000000001,1.1000000000000001,4210,4199,538880,538.880000,0,15.45898425579071,0,1798.6375711032329,1798.6375711032329,0,1798.6375711032329,0,0.14727039706241832,0,3962.4250704464066,0,3962.2378632728064,0,128,4971086d810bbae15b8c45836f78662b5d48bd1c5dec30877e7c91cf0c536b1b,d7a47d8d85cfa4589db1eff34a09d8201cb87a99a51421a905d80dcd6e812efa,d63bf8fc4d79896695da42daac68de8fc9a9665576f9855526479632d06c050c,ab90a698a6246eb149ccf74ed13d8121dc5a60332e8e298dd2f91bfd21d3d9f5,ab90a698a6246eb149ccf74ed13d8121dc5a60332e8e298dd2f91bfd21d3d9f5,01f874c3ac34cc7b83b73dca904044324870384e7e5f806ae992425dac9bb53d,01f874c3ac34cc7b83b73dca904044324870384e7e5f806ae992425dac9bb53d,0,0,0,0,0,0,0,3.765476867556572e-05,0.41606903076171875,0.015094504342414439,3.765476867556572e-05,0.41606903076171875,0.015094504342414439,0,0,0.0001,64,64,0,5692.719246,1.581310902,20.182361558351317,580.93169360330251,91351.354224886163
ect.q256.schedule-switch-training-telemetry/v1,q256_fresh_crossed_switch_n12_matpool_numeric_recovery_v2,AB,A,B,211,q256_target_weight_v1,B,1.1000000000000001,1.1000000000000001,4211,4200,539008,539.008000,0,12.812874794006348,0,1927.7327816003146,1927.7327816003146,0,1927.7327816003146,0,0.14576826851467756,0,3962.4250825322356,0,3962.2379583670177,0,128,3c9db2ef3d5311ad8bf496d01f69adfedac8cbc13345db18a26eb896df3a1eb8,cfae07074376311f6bf7920d37d744ef7d9982932034ecd432f893fe2e9280d1,deba20b42f556fbdd671b645f9eb23958e7bb351da4ac3e3abcec7b1ba688cb0,75b852d76515534bd2eafe4542b44c91c6f0443ca7d014e7b8f9223df9a832c6,75b852d76515534bd2eafe4542b44c91c6f0443ca7d014e7b8f9223df9a832c6,8953300b1f88746a297fca6177aa17b9611a3408a17ad15990728f6b0151025b,8953300b1f88746a297fca6177aa17b9611a3408a17ad15990728f6b0151025b,0,0,0,0,0,0,0,7.4888579547405243e-05,0.37578582763671875,0.016225493978708982,7.4888579547405243e-05,0.37578582763671875,0.016225493978708982,0,0,0.0001,64,64,0,5694.249635,1.581736010,20.181409914584279,448.93757951836744,91344.770351687286
ect.q256.schedule-switch-training-telemetry/v1,q256_fresh_crossed_switch_n12_matpool_numeric_recovery_v2,AB,A,B,212,q256_target_weight_v1,B,1.1000000000000001,1.1000000000000001,4212,4201,539136,539.136000,0,14.18801736831665,0,1832.1423688541154,1832.1423688541154,0,1832.1423688541154,0,0.14722868214597565,0,3962.4252358442227,0,3962.2380534853564,0,128,41ae27acd31faefbeb134e6d17a7e58b1176077e72707d3c43819d7d85a0295f,ae9ef9fc8f2ddc4bf0af55b45fb6449a19af3ea394eb167d35eb84d0c015a3f5,7b494a9c801fb08fe4995f494497b7666225a99060d6a22cf8568f7ee09a7088,03ffb31805223938e1e9ad7539aa3b7b6dc2c215ccdc0a59fba48a73252bc662,03ffb31805223938e1e9ad7539aa3b7b6dc2c215ccdc0a59fba48a73252bc662,46bc80b49161655086e795ccb342be03cf1bccfadfffd95c66a74121a8f95f95,46bc80b49161655086e795ccb342be03cf1bccfadfffd95c66a74121a8f95f95,0,0,0,0,0,0,0,1.8299848306924105e-05,0.24068450927734375,0.018835901166312397,1.8299848306924105e-05,0.24068450927734375,0.018835901166312397,0,0,0.0001,64,64,0,5695.770885,1.582158579,20.180397752249139,403.4398349754079,91317.170497700659
ect.q256.schedule-switch-training-telemetry/v1,q256_fresh_crossed_switch_n12_matpool_numeric_recovery_v2,AB,A,B,213,q256_target_weight_v1,B,1.1000000000000001,1.1000000000000001,4213,4202,539264,539.264000,0,16.237018823623657,0,3832.6996993988832,3832.6996993988832,0,3832.6996993988832,0,0.15255586652693087,0,3962.4255871136393,0,3962.2381487862231,0,128,f13b5f6ced594c40d3eacf71176abd6dad0b2e9aa88158ad953f39e18943a13e,80c28ccafc519b41ca876df4b3f978653cf432ae0da1d6c640889c93b875ea6c,c713d485a7d995501162d93742d9ff04239effc241adf8d93da1585461747570,8d1fad024c99230fc15d404cc5df7bb2fc2e051a077627dee3927d450fbfa696,8d1fad024c99230fc15d404cc5df7bb2fc2e051a077627dee3927d450fbfa696,b63259a55898bf2409952544aa8e2cc2c6743adf8f785870cb8f2ab3eb0db4a0,b63259a55898bf2409952544aa8e2cc2c6743adf8f785870cb8f2ab3eb0db4a0,0,0,0,0,0,0,0,4.1122781112790108e-05,0.17903518676757812,0.011591990943998098,4.1122781112790108e-05,0.17903518676757812,0.011591990943998098,0,0,0.0001,64,64,0,5697.311568,1.582586547,20.179405022793468,405.69354052652477,91679.345183361875
ect.q256.schedule-switch-training-telemetry/v1,q256_fresh_crossed_switch_n12_matpool_numeric_recovery_v2,AB,A,B,214,q256_target_weight_v1,B,1.1000000000000001,1.1000000000000001,4214,4203,539392,539.392000,0,16.076361179351807,0,2486.3007118939695,2486.3007118939695,0,2486.3007118939695,0,0.15212818640541842,0,3962.4260708148649,0,3962.2382443405395,0,128,9909050ac3cacaa86816c272f4f272f5f21d8d94e2c7b8182a50b38005baeb76,7a5ee5d154ca0d2bbd0fc37dc11b93d1d2685d724f81235cc4c00301ef66eb84,613ebb62460abc799e017c66c8e558f9a46445361c315c043a41e3d5ccf11e77,59d22ec5ac68051862bb497d34ea8c9464f4bce90bdd8b087df0eb3ff914611c,59d22ec5ac68051862bb497d34ea8c9464f4bce90bdd8b087df0eb3ff914611c,5046a03d6b7d17a9dfdc779df9b2fb5471ea90183f8663d52c98d7ac2c2b4d3f,5046a03d6b7d17a9dfdc779df9b2fb5471ea90183f8663d52c98d7ac2c2b4d3f,0,0,0,0,0,0,0,1.2775824870914221e-05,0.083972930908203125,0.011004755448084325,1.2775824870914221e-05,0.083972930908203125,0.011004755448084325,0,0,0.0001,64,64,0,5698.875255,1.583020904,20.178278322601685,518.43984148499851,91758.691641336089
ect.q256.schedule-switch-training-telemetry/v1,q256_fresh_crossed_switch_n12_matpool_numeric_recovery_v2,AB,A,B,215,q256_target_weight_v1,B,1.1000000000000001,1.1000000000000001,4215,4204,539520,539.520000,0,16.874934792518616,0,1546.558278408985,1546.558278408985,0,1546.558278408985,0,0.14832712625415348,0,3962.4266317187007,0,3962.2383402462333,0,128,dc34966444cef006d7e895592847a2ea7d422c8ab203bf99e8e4580dbabf7f9a,d88057d8522f842d8c4ede6a62b8b87d8f4d697eb059e57870972ea7b8a5d7b5,04cabfcb28c086a63cac958786f79715df5e1ed7804048723ba03909e891aa5a,65933ccece20f618a548dfa3d511420d832f7447d9e0333fa5b7f5bc00c0d10b,65933ccece20f618a548dfa3d511420d832f7447d9e0333fa5b7f5bc00c0d10b,6be40479ee331d66fee093026136b8dabeafda577c977b576e04ce6e2d4adad9,6be40479ee331d66fee093026136b8dabeafda577c977b576e04ce6e2d4adad9,0,0,0,0,0,0,0,4.0793325752019882e-05,0.41155242919921875,0.018136497470550239,4.0793325752019882e-05,0.41155242919921875,0.018136497470550239,0,0,0.0001,64,64,0,5700.400719,1.583444644,20.177085535366732,549.80359403528826,91719.70522505758
ect.q256.schedule-switch-training-telemetry/v1,q256_fresh_crossed_switch_n12_matpool_numeric_recovery_v2,AB,A,B,216,q256_target_weight_v1,B,1.1000000000000001,1.1000000000000001,4216,4205,539648,539.648000,0,14.860348105430603,0,1517.4636727224765,1517.4636727224765,0,1517.4636727224765,0,0.14581298540809165,0,3962.4272079094126,0,3962.2384364446443,0,128,e616429041ac83a2b7efc815167dde3273c9a2335707ccd260f15fdd439a75fe,81e50c6009974ad6ba11f26da57cdf4654033cf94f2500a17fe069fd8a5bc3c4,71695189681a915353457d0838a9610b3fb7238e37747cd23017255c4e64b0e5,f189b9b1c2bd343570fa65b33662c6b5ca392537d268e5a47bdd3b230e7af933,f189b9b1c2bd343570fa65b33662c6b5ca392537d268e5a47bdd3b230e7af933,90e83fe9cc34ca00098e3c38b07037c445c8e8a71ae90008ffab6041387c9941,90e83fe9cc34ca00098e3c38b07037c445c8e8a71ae90008ffab6041387c9941,0,0,0,0,0,0,0,4.8074405640363693e-05,0.64459228515625,0.015962986741214991,4.8074405640363693e-05,0.64459228515625,0.015962986741214991,0,0,0.0001,64,64,0,5701.927725,1.583868813,20.175983592879959,513.24792980562813,91658.762185095678
ect.q256.schedule-switch-training-telemetry/v1,q256_fresh_crossed_switch_n12_matpool_numeric_recovery_v2,AB,A,B,217,q256_target_weight_v1,B,1.1000000000000001,1.1000000000000001,4217,4206,539776,539.776000,0,15.595198035240173,0,2394.2075493768848,2394.2075493768848,0,2394.2075493768848,0,0.14616378303152366,0,3962.4277261081506,0,3962.2385329599592,0,128,eb05cf70cddddea686436d3dfc941403ae4c6cc4b4b0a93438e10d7232ea50c2,6ff45da9582b661bf1a55c56e725996d46978b6f3c0ebfba8ed6302205c020fe,1c982dccd4db81ba8433ec103b25a77847e8917a8e46628796d886f929c2ea3a,d512446fbf36e7eae38ac752a6e15325afc8f28ddf55876f972d8fdbfdd73a0f,d512446fbf36e7eae38ac752a6e15325afc8f28ddf55876f972d8fdbfdd73a0f,0a795f021ea6df02ddc3a5867c064f672070b2347aa7c31d2cd807ba2c7469a7,0a795f021ea6df02ddc3a5867c064f672070b2347aa7c31d2cd807ba2c7469a7,0,0,0,0,0,0,0,4.3424777686595917e-05,0.077413558959960938,0.009559507598169148,4.3424777686595917e-05,0.077413558959960938,0.009559507598169148,0,0,0.0001,64,64,0,5703.450993,1.584291943,20.17507353875358,607.49525805613723,91725.315486385647
ect.q256.schedule-switch-training-telemetry/v1,q256_fresh_crossed_switch_n12_matpool_numeric_recovery_v2,AB,A,B,218,q256_target_weight_v1,B,1.1000000000000001,1.1000000000000001,4218,4207,539904,539.904000,0,17.456723213195801,0,1492.6882304493772,1492.6882304493772,0,1492.6882304493772,0,0.14223945555897002,0,3962.4281563206937,0,3962.2386297394951,0,128,2ee753fd52651ea28c89e585d736ea706d716683845ff9583e1dbf42156444f6,eca617cd28690d4ba389faaefb614410b1cb92b83308b7fb9d42a686c0142760,487172a425a32b2db31e2c57fdbbdc2427021a1e1f4853ce84f6c40f6821c71f,2694f9d25d82fe3c558cbaf4ede661204c76913c13bba7bd6ae48e385058349e,2694f9d25d82fe3c558cbaf4ede661204c76913c13bba7bd6ae48e385058349e,9cd689beb7c5fb37c6f4b01da9dfce101d7e848388924080046d0cca9b88a97b,9cd689beb7c5fb37c6f4b01da9dfce101d7e848388924080046d0cca9b88a97b,0,0,0,0,0,0,0,3.1489413231611252e-05,1.077301025390625,0.020848084706813097,3.1489413231611252e-05,1.077301025390625,0.020848084706813097,0,0,0.0001,64,64,0,5704.984686,1.584717968,20.173921932619379,502.31877682348284,91672.040088638169
ect.q256.schedule-switch-training-telemetry/v1,q256_fresh_crossed_switch_n12_matpool_numeric_recovery_v2,AB,A,B,219,q256_target_weight_v1,B,1.1000000000000001,1.1000000000000001,4219,4208,540032,540.032000,0,16.031883001327515,0,1528.6631880391108,1528.6631880391108,0,1528.6631880391108,0,0.13950345295878427,0,3962.4284432764048,0,3962.2387266344726,0,128,b3e5cedbaabb92bd086b93a610390f7f522275466dc627e7e3dfa8e2587de821,3ad975b2dc0365d107eb43975fc3aa024494c94725b257d02df1e062946bd95d,9b45794ea94de083c113056936ae87add70d0f9ad216f458fd78e662e950eb72,577a0d5c5ebc884ff43978d05d066ed81f38cdfcdf6f0d3abff72276147c8af4,577a0d5c5ebc884ff43978d05d066ed81f38cdfcdf6f0d3abff72276147c8af4,8f9fade8d160088f73b60ef65e838cdb7d87cc6fe8a40955280583da7c8fb3aa,8f9fade8d160088f73b60ef65e838cdb7d87cc6fe8a40955280583da7c8fb3aa,0,0,0,0,0,0,0,0.00012242654338479042,0.1085205078125,0.009822443884331733,0.00012242654338479042,0.1085205078125,0.009822443884331733,0,0,0.0001,64,64,0,5706.512423,1.585142340,20.17249696288393,452.45591073798244,91627.046880789232
ect.q256.schedule-switch-training-telemetry/v1,q256_fresh_crossed_switch_n12_matpool_numeric_recovery_v2,AB,A,B,220,q256_target_weight_v1,B,1.1000000000000001,1.1000000000000001,4220,4209,540160,540.160000,0,15.311699867248535,0,2654.5664458306487,2654.5664458306487,0,2654.5664458306487,0,0.13706522556462725,0,3962.4286339136675,0,3962.2388236023808,0,128,2deabdf0952777ee9d9020a214aaa02319f74c90f7670ece0fe7aab466a06155,c3fb2e8c27cdb41b817b1612e3a85172ca62d71d399689dc80f4fb95a2cf0153,d24acf3e70fb64891fba5dec073dc4557a6ed64dfe05fccd8ee93e0f06cd4fe4,307accc35620a1406ae0e568426d04a34d0cf721e7f7b6c27d6c6fcfc845e0af,307accc35620a1406ae0e568426d04a34d0cf721e7f7b6c27d6c6fcfc845e0af,81cd924913f0f0a0f507e1597599639771a4f8588b218bdfe3989b9ba6165f20,81cd924913f0f0a0f507e1597599639771a4f8588b218bdfe3989b9ba6165f20,0,0,0,0,0,0,0,0.00016851350665092468,0.3672332763671875,0.011816578102298081,0.00016851350665092468,0.3672332763671875,0.011816578102298081,0,0,0.0001,64,64,0,5708.037767,1.585566046,20.170634977018011,354.6451242929877,91760.560858631405
ect.q256.schedule-switch-training-telemetry/v1,q256_fresh_crossed_switch_n12_matpool_numeric_recovery_v2,AB,A,B,221,q256_target_weight_v1,B,1.1000000000000001,1.1000000000000001,4221,4210,540288,540.288000,0,16.143582224845886,0,2982.5417711664509,2982.5417711664509,0,2982.5417711664509,0,0.13584245622665614,0,3962.4287080991189,0,3962.2389205454592,0,128,8a61d291ec701f6dd468d824f2df21aa6de35c639e1bc5b416e55a2c9d9a464b,089e628226973c9105e4ae288907805d3bb1a7565fea5ed2df50fb63281f248d,657729be1113f871221deb238c7d50d76c8c1bf4aaa38abad3b1971716a4930f,6d2eb6630cfd3b66c4c3e732f38a2613bf56224bc5f8c96ac744d401cb194065,6d2eb6630cfd3b66c4c3e732f38a2613bf56224bc5f8c96ac744d401cb194065,cb79a262c5e43208313fe5f0981ec0b3ef57c657a0adf138e799340913b43c24,cb79a262c5e43208313fe5f0981ec0b3ef57c657a0adf138e799340913b43c24,0,0,0,0,0,0,0,3.2465206459164619e-05,0.17055130004882812,0.011652866203803569,3.2465206459164619e-05,0.17055130004882812,0.011652866203803569,0,0,0.0001,64,64,0,5709.618344,1.586005095,20.167947550740095,417.90894670354993,91965.449982136925
ect.q256.schedule-switch-training-telemetry/v1,q256_fresh_crossed_switch_n12_matpool_numeric_recovery_v2,AB,A,B,222,q256_target_weight_v1,B,1.1000000000000001,1.1000000000000001,4222,4211,540416,540.416000,0,16.765151739120483,0,1994.792767887976,1994.792767887976,0,1994.792767887976,0,0.13812479029372096,0,3962.4286625306886,0,3962.2390174285692,0,128,722e3561a1573a3096ed9e07ed7ed4af96d849c69279969c9f6666eb13705c49,73cc68c2b003b999a3b06aa7f5d42da8453028fd7d4c84d0150c3c7f36b431ff,416ff46e31aa7fa575e9f11e0734e2fb650fa324e8eabbf3cb097233109722ce,1dcf50eafb21ef2a26b9ef39a485935db66005f5ae18528ba467f7fe381c0d05,1dcf50eafb21ef2a26b9ef39a485935db66005f5ae18528ba467f7fe381c0d05,7b548950593c16c684967c2e36512547f747537283c42c5b5e8fc81560adc69d,7b548950593c16c684967c2e36512547f747537283c42c5b5e8fc81560adc69d,0,0,0,0,0,0,0,1.2394448276609182e-05,0.8510894775390625,0.015941560850478709,1.2394448276609182e-05,0.8510894775390625,0.015941560850478709,0,0,0.0001,64,64,0,5711.174463,1.586437351,20.165069347064801,503.22884414121847,91968.133771673383
ect.q256.schedule-switch-training-telemetry/v1,q256_fresh_crossed_switch_n12_matpool_numeric_recovery_v2,AB,A,B,223,q256_target_weight_v1,B,1.1000000000000001,1.1000000000000001,4223,4212,540544,540.544000,0,17.749855995178223,0,1374.3544496235652,1374.3544496235652,0,1374.3544496235652,0,0.13757949530850294,0,3962.4285555640549,0,3962.2391142246879,0,128,120c0dc5384e00983a1c47e4940edbdedd13b6c36bfd58fc6355accf91b534ef,5d59fbb9055cb6a0f351f3907c272c33ccd0f57d4cbcf32177c1dfe8b92c2cd2,bf60ff9b2c311e098890ecfa332938cf1c52ab83095ed8acff06098100be59ab,73f6e92718f81de011a1ce9ac483de121beb698a0239bd8c4d655e2fd23f0827,73f6e92718f81de011a1ce9ac483de121beb698a0239bd8c4d655e2fd23f0827,421045b2350ba8d685b2435bde96d166c655b2b9312a7cfd6f6630c70ac0e431,421045b2350ba8d685b2435bde96d166c655b2b9312a7cfd6f6630c70ac0e431,0,0,0,0,0,0,0,3.4189666621387005e-05,0.0834197998046875,0.0078947808360680938,3.4189666621387005e-05,0.0834197998046875,0.0078947808360680938,0,0,0.0001,64,64,0,5712.701265,1.586861463,20.161872799877788,505.65744481631049,91912.926239878288
ect.q256.schedule-switch-training-telemetry/v1,q256_fresh_crossed_switch_n12_matpool_numeric_recovery_v2,AB,A,B,224,q256_target_weight_v1,B,1.1000000000000001,1.1000000000000001,4224,4213,540672,540.672000,0,13.987659454345703,0,2135.333691950736,2135.333691950736,0,2135.333691950736,0,0.1433978860884346,0,3962.4284545824521,0,3962.239210862484,0,128,61b008281f1701a3598efac4a931ca0d3f73ab001115d45fc7eefa4919760f9a,f60e54923e98e2c8a871b342b0a3489b7c326c3f7906a6341b78e1d49f670aa1,46e63ae306d51d3921bdce9ac10ef09c04d1de70292e676fa1e738c7b1d8bdb9,4840cda0a5259dde02af33dc3db68b234c7e48316bfc8205af89340e4e93da79,4840cda0a5259dde02af33dc3db68b234c7e48316bfc8205af89340e4e93da79,39aa33752febba0c7ce65ff8c34a016af783b5710c280b63ceab8494685d3f15,39aa33752febba0c7ce65ff8c34a016af783b5710c280b63ceab8494685d3f15,0,0,0,0,0,0,0,0.00024563446640968323,0.2184600830078125,0.016442177118733525,0.00024563446640968323,0.2184600830078125,0.016442177118733525,0,0,0.0001,64,64,0,5714.226022,1.587285006,20.158744133049069,400.35755357041609,91921.79089087405
ect.q256.schedule-switch-training-telemetry/v1,q256_fresh_crossed_switch_n12_matpool_numeric_recovery_v2,AB,A,B,225,q256_target_weight_v1,B,1.1000000000000001,1.1000000000000001,4225,4214,540800,540.800000,0,15.914796471595764,0,1506.3893357922575,1506.3893357922575,0,1506.3893357922575,0,0.14259452349860127,0,3962.428385470781,0,3962.2393073756125,0,128,9bce165f32c65b312719b9cc10010a94e89060f39ca1d59fccb5266939624c65,0714cd0a5a3677302dabc293e63128f2e98cad48444bcd67e29b975acda64111,eddcacb98e9e68f2ee013f13264fae86eb32579db789cdf14aa4d882f86ddbbf,94f4933f8b3ba5ba262089c1782d80fcf31030be6e111f12fce909aa0eb47f32,94f4933f8b3ba5ba262089c1782d80fcf31030be6e111f12fce909aa0eb47f32,df87c71bf28f384a0e9aab608833bfa351ed264cc5e056f22b41062554ebbbdf,df87c71bf28f384a0e9aab608833bfa351ed264cc5e056f22b41062554ebbbdf,0,0,0,0,0,0,0,1.6035337466746569e-05,0.067858695983886719,0.011211189965251833,1.6035337466746569e-05,0.067858695983886719,0.011211189965251833,0,0,0.0001,64,64,0,5715.751945,1.587708873,20.155528081794532,366.56914394203045,91861.461282799006
ect.q256.schedule-switch-training-telemetry/v1,q256_fresh_crossed_switch_n12_matpool_numeric_recovery_v2,AB,A,B,226,q256_target_weight_v1,B,1.1000000000000001,1.1000000000000001,4226,4215,540928,540.928000,0,16.803015232086182,0,1859.7008450158055,1859.7008450158055,0,1859.7008450158055,0,0.14742779516228049,0,3962.4283555562251,0,3962.2394038079733,0,128,5f72a2ce423e5160d07984fcae180d928c5c84612e640b4afb721c7e611e129d,e6dd50c8275e2e5a6d53211eebb40d2acba00b86bd8dee621afd7e2e9a286075,b807a5811c03d670452452a06612d381c828fb944d10eee7e86193c620bd326e,007c050920e7c6c77bbc8bb9e2446f08602a4456c8a96cdd18e8ca4f646b54b5,007c050920e7c6c77bbc8bb9e2446f08602a4456c8a96cdd18e8ca4f646b54b5,2d1689f246a532ff17c3652c9427dd244ca4ba90721d7b0d0fabe8c8a08458a1,2d1689f246a532ff17c3652c9427dd244ca4ba90721d7b0d0fabe8c8a08458a1,0,0,0,0,0,0,0,0.0001665833406150341,0.48598480224609375,0.015055907948408276,0.0001665833406150341,0.48598480224609375,0.015055907948408276,0,0,0.0001,64,64,0,5717.277577,1.588132660,20.151915143599378,426.73283744007495,91830.675653826533
ect.q256.schedule-switch-training-telemetry/v1,q256_fresh_crossed_switch_n12_matpool_numeric_recovery_v2,AB,A,B,227,q256_target_weight_v1,B,1.1000000000000001,1.1000000000000001,4227,4216,541056,541.056000,0,15.548073887825012,0,3309.9239755526924,3309.9239755526924,0,3309.9239755526924,0,0.16303284235281656,0,3962.4283282263759,0,3962.2395001900918,0,128,7a8e24f2b632d0529457188c7838060a0e183590aa246c4285adc18ce53b4439,5c7d8440d1886393fe93b2ea374a9a0e5f77f0fcf0fe0f08b0fd229a47af0a74,65e2a2746b64c82c078cefaf813fe62c0b6b92e8d4c1ea240528a39297852239,eec939db01bc032146e6515e2c86e5ee2f47cf4feaa0ea327c03dc35bd10213d,eec939db01bc032146e6515e2c86e5ee2f47cf4feaa0ea327c03dc35bd10213d,85c12e372cd009c24914ae970447d1a3de8e6eb419e3b156d6ac8fa061d5ff8e,85c12e372cd009c24914ae970447d1a3de8e6eb419e3b156d6ac8fa061d5ff8e,0,0,0,0,0,0,0,3.2094540074467659e-05,0.42005157470703125,0.020166691218037158,3.2094540074467659e-05,0.42005157470703125,0.020166691218037158,0,0,0.0001,64,64,0,5718.803195,1.588556443,20.148136027024783,477.69390710201287,91972.392000890308
ect.q256.schedule-switch-training-telemetry/v1,q256_fresh_crossed_switch_n12_matpool_numeric_recovery_v2,AB,A,B,228,q256_target_weight_v1,B,1.1000000000000001,1.1000000000000001,4228,4217,541184,541.184000,0,16.176291704177856,0,1589.4131480776414,1589.4131480776414,0,1589.4131480776414,0,0.16491932912308049,0,3962.4283670757409,0,3962.2395965437149,0,128,4c529b2a58d954cb1ae4f9383fd6b6445142886fb8d8d4881f32c12d94da6fc4,192e041922dc967b161ff5c36169cea6412afb52d03502cd643bdeb34a5949ef,fb2810268e30027a62a37f72eea8f20b44611b0f8e07b15067865eb4a4d3988a,c5c89a0beaad9de5327fe5f6817d0c0cf669d6b0f5f26ff03f4a4c8328d05256,c5c89a0beaad9de5327fe5f6817d0c0cf669d6b0f5f26ff03f4a4c8328d05256,1cdc3fc5c84fda04bc642acbba2427050f14a74bec8cc593d8a0c31a343fa469,1cdc3fc5c84fda04bc642acbba2427050f14a74bec8cc593d8a0c31a343fa469,0,0,0,0,0,0,0,4.9944035708904266e-05,0.329345703125,0.018998312763869762,4.9944035708904266e-05,0.329345703125,0.018998312763869762,0,0,0.0001,64,64,0,5720.614903,1.589059695,20.144606777432593,464.55848106235271,91909.923351207326
ect.q256.schedule-switch-training-telemetry/v1,q256_fresh_crossed_switch_n12_matpool_numeric_recovery_v2,AB,A,B,229,q256_target_weight_v1,B,1.1000000000000001,1.1000000000000001,4229,4218,541312,541.312000,0,20.021276354789734,0,3820.3170596004638,3820.3170596004638,0,3820.3170596004638,0,0.17855560716802177,0,3962.428400870423,0,3962.2396928795638,0,128,80225e103e97b352a218ce72fed67b7b5a7e7d780b9ecaf98f8671b52fbce97e,f44d83ec191f044ce1bf2d94ef105fc1bb2c58ce7ac2df24605547dbbffff91d,5b29328d6734271ee003a65c0058b234869231659048510a553363da09374d82,19659bee40a4c06160db57be8344da67f939f2c772b74cb00b1c24c22f2bf942,19659bee40a4c06160db57be8344da67f939f2c772b74cb00b1c24c22f2bf942,b0fbd98307e678665e149de2ac7c3fb495a705ae44c373b070f81b6033a258ff,b0fbd98307e678665e149de2ac7c3fb495a705ae44c373b070f81b6033a258ff,0,0,0,0,0,0,0,1.0279123671352863e-05,0.20297622680664062,0.012555243680253625,1.0279123671352863e-05,0.20297622680664062,0.012555243680253625,0,0,0.0001,64,64,0,5722.566378,1.589601772,20.141119831622031,602.62482748812681,92129.010425879547
ect.q256.schedule-switch-training-telemetry/v1,q256_fresh_crossed_switch_n12_matpool_numeric_recovery_v2,AB,A,B,230,q256_target_weight_v1,B,1.1000000000000001,1.1000000000000001,4230,4219,541440,541.440000,0,15.835701823234558,0,1158.7832561844646,1158.7832561844646,0,1158.7832561844646,0,0.17027125122125719,0,3962.4284460093168,0,3962.2397891980117,0,128,bdc08b4305f68f69ba7988a26508133b9f9da2ccae4ed34acb7822c0560e6fcd,cc533906556a38c57726d7b4bc393c54a717069b8d1ed7ea6fcd2879e653d711,7a8e33020f0b856fbc2f08684b9d7b282b7b790a42cba77d7caab3d4b57843d2,28f94b7865b5d45ce6670272f684dca6166f1a9f978c48ff37f89d509926b476,28f94b7865b5d45ce6670272f684dca6166f1a9f978c48ff37f89d509926b476,cef87c50917093e78c67243aec01a58e50672645a47fe423857aa1eb130c96d2,cef87c50917093e78c67243aec01a58e50672645a47fe423857aa1eb130c96d2,0,0,0,0,0,0,0,3.6042532883584499e-05,0.25545120239257812,0.012338256870862097,3.6042532883584499e-05,0.25545120239257812,0.012338256870862097,0,0,0.0001,64,64,0,5724.507959,1.590141100,20.138167643807503,570.34829505507776,92055.339217340996
ect.q256.schedule-switch-training-telemetry/v1,q256_fresh_crossed_switch_n12_matpool_numeric_recovery_v2,AB,A,B,231,q256_target_weight_v1,B,1.1000000000000001,1.1000000000000001,4231,4220,541568,541.568000,0,14.722014188766479,0,1786.0581830612518,1786.0581830612518,0,1786.0581830612518,0,0.17156644656583703,0,3962.4284668062101,0,3962.2398854833541,0,128,1806bda704b09970f44c81f6465248f7a541e17907236548dc4b29259ad2d5e7,00b910995d63214f20b3451efde741ef8523f81faa80947953e35fa5d2415d81,d909551688b5c03632ea60e7fb67d3d6ef550fa75bcc685bc481ce98bb6eca61,254fc4c9be10630bafe179d14d077f1c79921fcfe581ff272485c30e57ba9b40,254fc4c9be10630bafe179d14d077f1c79921fcfe581ff272485c30e57ba9b40,ca6cc3ff2514095bf88a78a5e253d1b5ec4a78a19b3aacf974b67343e89fbcc4,ca6cc3ff2514095bf88a78a5e253d1b5ec4a78a19b3aacf974b67343e89fbcc4,0,0,0,0,0,0,0,2.7136411517858505e-05,0.15009689331054688,0.01097237050998956,2.7136411517858505e-05,0.15009689331054688,0.01097237050998956,0,0,0.0001,64,64,0,5726.441824,1.590678284,20.135765647322454,563.08887647342533,92004.106821547262
ect.q256.schedule-switch-training-telemetry/v1,q256_fresh_crossed_switch_n12_matpool_numeric_recovery_v2,AB,A,B,232,q256_target_weight_v1,B,1.1000000000000001,1.1000000000000001,4232,4221,541696,541.696000,0,16.376313328742981,0,1890.1602951846899,1890.1602951846899,0,1890.1602951846899,0,0.16385862379094152,0,3962.4284107964636,0,3962.239981701116,0,128,ecbda8575a5e89d2a374b56c302b7f17f80d0951db4c08c4e7cdde641ec97e74,4f5ffd8b452d0de11a33cf236152d1cd2196597279b1a913a7bcb6088ccfdb86,24f75c0755f446316c7d089c34097aacc7af29801c2185c2f74e44cd212776da,a924e07b6d7a4ac76b0c64d732229d03c9b10cae7c241afc3a567a39d2c0b0a4,a924e07b6d7a4ac76b0c64d732229d03c9b10cae7c241afc3a567a39d2c0b0a4,a84c7405a636f66f847365b433a683f488cf5dce0b1d2b0cbec9f70a2f3eb768,a84c7405a636f66f847365b433a683f488cf5dce0b1d2b0cbec9f70a2f3eb768,0,0,0,0,0,0,0,6.0776714235544205e-05,0.060550689697265625,0.010503946454264224,6.0776714235544205e-05,0.060550689697265625,0.010503946454264224,0,0,0.0001,64,64,0,5728.376291,1.591215636,20.133549398520877,466.01330008669373,91990.566028121233
ect.q256.schedule-switch-training-telemetry/v1,q256_fresh_crossed_switch_n12_matpool_numeric_recovery_v2,AB,A,B,233,q256_target_weight_v1,B,1.1000000000000001,1.1000000000000001,4233,4222,541824,541.824000,0,15.657035946846008,0,1737.4512229212166,1737.4512229212166,0,1737.4512229212166,0,0.16435325632515693,0,3962.4282858813481,0,3962.2400777531288,0,128,d7c502ec92577a932622354cc68310a20a22aa0546028854b0a568cf4c52d404,99e710c6be323b1c98f6e2ab65f3c79758d16f49a043acb5c32352aa1bdae92c,b7549240b8984659774b001fd1794b14dedfd91af6f2cd1f391e33d15a23d2f1,f696c8ceb93253f35ae05cb1c974a24bd32f7bf224cd4e0d720c981975d2a283,f696c8ceb93253f35ae05cb1c974a24bd32f7bf224cd4e0d720c981975d2a283,f808c5f37e97d2d0e6fcc7673883f4e9c26459d236277cf48ca9e98fd7224ff4,f808c5f37e97d2d0e6fcc7673883f4e9c26459d236277cf48ca9e98fd7224ff4,0,0,0,0,0,0,0,3.4807366319000721e-05,0.28058624267578125,0.013403982040472329,3.4807366319000721e-05,0.28058624267578125,0.013403982040472329,0,0,0.0001,64,64,0,5730.310397,1.591752888,20.13149747250095,455.83545355039956,91938.46690103256
ect.q256.schedule-switch-training-telemetry/v1,q256_fresh_crossed_switch_n12_matpool_numeric_recovery_v2,AB,A,B,234,q256_target_weight_v1,B,1.1000000000000001,1.1000000000000001,4234,4223,541952,541.952000,0,15.577224254608154,0,1585.799230535727,1585.799230535727,0,1585.799230535727,0,0.16404923567076554,0,3962.4280877599908,0,3962.2401736169045,0,128,f03afd1ca164bdf2608c6e7444d8f8d2b92bacf9c6e3206d9099ad5eb4c54242,514b73a7a93454a8e4bed89de9693afe1ca218b7f9988c8604df291eda1a3282,f76119d48cb1dc790e36905195a931768f81e18816025c8c29b289ce8e7482a0,1959d74d60b1a64409465a3d1d364fd8b63cfbbb5b88ba4bb7fd8d13c4f9ca92,1959d74d60b1a64409465a3d1d364fd8b63cfbbb5b88ba4bb7fd8d13c4f9ca92,6cc1f9df0940c9a73c11f6b7cce8569ee8fc55c4c397598d0488ba22e9078971,6cc1f9df0940c9a73c11f6b7cce8569ee8fc55c4c397598d0488ba22e9078971,0,0,0,0,0,0,0,7.9309684224426746e-06,0.24985885620117188,0.013197438151109964,7.9309684224426746e-06,0.24985885620117188,0.013197438151109964,0,0,0.0001,64,64,0,5732.249324,1.592291479,20.129672402313226,442.00104890147105,91873.15274989832
ect.q256.schedule-switch-training-telemetry/v1,q256_fresh_crossed_switch_n12_matpool_numeric_recovery_v2,AB,A,B,235,q256_target_weight_v1,B,1.1000000000000001,1.1000000000000001,4235,4224,542080,542.080000,0,15.442601442337036,0,1590.8630085787229,1590.8630085787229,0,1590.8630085787229,0,0.16144641259838555,0,3962.427871217973,0,3962.2402692240744,0,128,0661ff850f18c12e5b0bbd478feff1960008f0b69a6289535807bd217b2fce26,0696ed68d5312b89c74454236a695a9495f3c0fc61c5e6be0ad80c133ed5ca1a,4056ee074cdf0f1958a7c2031271b9eed6d2cc15bf39c6c393570b0e4714388d,d1f6abafa2dc32c1e92e1fe5def6f01e9547ebf0f235675665d14374ec066726,d1f6abafa2dc32c1e92e1fe5def6f01e9547ebf0f235675665d14374ec066726,fc2a7d70af99bd3d25d1f14fa94d18d4f9bdc17bad59803ca3f88edc24610ed3,fc2a7d70af99bd3d25d1f14fa94d18d4f9bdc17bad59803ca3f88edc24610ed3,0,0,0,0,0,0,0,3.3063814043998718e-05,0.058884620666503906,0.0092204922693781555,3.3063814043998718e-05,0.058884620666503906,0.0092204922693781555,0,0,0.0001,64,64,0,5733.982361,1.592772878,20.128128821941456,406.33450965820214,91825.870825218924
ect.q256.schedule-switch-training-telemetry/v1,q256_fresh_crossed_switch_n12_matpool_numeric_recovery_v2,AB,A,B,236,q256_target_weight_v1,B,1.1000000000000001,1.1000000000000001,4236,4225,542208,542.208000,0,17.686918377876282,0,1672.6144618599317,1672.6144618599317,0,1672.6144618599317,0,0.15879827000445307,0,3962.427693230446,0,3962.2403646149028,0,128,ea513451a1a9ae57e2f8aa2c77c21669710a6515f1c52e3338854452f7560ad7,e957d8c9aa6470181d2036e47f7321b46f24ab49e700571ea5dd3951d9dc55e9,3ae727a5531fdf8ce5709c7921f085ae23b75fae0a390c9bcaba00f97cf09b90,8381bd80f574f13e3bb6bdb10227b1045c2f97032f0340b2c9198dafa3604d20,8381bd80f574f13e3bb6bdb10227b1045c2f97032f0340b2c9198dafa3604d20,935ebe10ac92f6cdbb8ac6269cc9592508326ac26b40a993cf7231b5379709c3,935ebe10ac92f6cdbb8ac6269cc9592508326ac26b40a993cf7231b5379709c3,0,0,0,0,0,0,0,7.2002178058028221e-05,0.7031402587890625,0.016323859104886651,7.2002178058028221e-05,0.7031402587890625,0.016323859104886651,0,0,0.0001,64,64,0,5735.508042,1.593196678,20.126663659319018,372.75504360079901,91770.149651145126
ect.q256.schedule-switch-training-telemetry/v1,q256_fresh_crossed_switch_n12_matpool_numeric_recovery_v2,AB,A,B,237,q256_target_weight_v1,B,1.1000000000000001,1.1000000000000001,4237,4226,542336,542.336000,0,14.902398586273193,0,2498.9190239955051,2498.9190239955051,0,2498.9190239955051,0,0.1588244816689196,0,3962.4275215701541,0,3962.2404599121824,0,128,274f045390fd4f5fdbff039fb61a86d5a4fa971cefe2d89d9ef9ccc722c4dcd1,66acec7075e6511e1a137852179a63a757aa8bef021474b72706dc8e8a98f79c,5a1b66d48f194dbf0d1e3cc2159591e617a77e53ae0efaddd31b7d86637cb91e,c87dffb7b8d50e60aa6ee52824c9a1f8f0758122fd8503bcbd01c61e20504c8d,c87dffb7b8d50e60aa6ee52824c9a1f8f0758122fd8503bcbd01c61e20504c8d,79a102ea31ed2a1774b1e21b4c3929a47928a2f4805cf4b2dc8cbbeed5a1d70f,79a102ea31ed2a1774b1e21b4c3929a47928a2f4805cf4b2dc8cbbeed5a1d70f,0,0,0,0,0,0,0,4.6545173972845078e-05,0.25489425659179688,0.015490837278775871,4.6545173972845078e-05,0.25489425659179688,0.015490837278775871,0,0,0.0001,64,64,0,5737.031803,1.593619945,20.125231353132449,428.06549909555031,91834.420700104485
ect.q256.schedule-switch-training-telemetry/v1,q256_fresh_crossed_switch_n12_matpool_numeric_recovery_v2,AB,A,B,238,q256_target_weight_v1,B,1.1000000000000001,1.1000000000000001,4238,4227,542464,542.464000,0,18.347903370857239,0,2932.7603878103114,2932.7603878103114,0,2932.7603878103114,0,0.16602354406915076,0,3962.4273169430739,0,3962.2405549440305,0,128,9cd7321d62e22098b1692aefcf168b181884d59abf02406b322ee0643466d0b1,8254c36df82253fe9c6b1d892c055ccb8be6df03fdbb52b56e1405d2a44105fa,de9e3dcf2ec50e935eca7b736d46082688374842b2a51b5bdf83eb223d0297f9,a77919e2c3d9ad1c10a422809b2be0be866dad5e61abbc5678287c0474a5aa0e,a77919e2c3d9ad1c10a422809b2be0be866dad5e61abbc5678287c0474a5aa0e,cbc8100a24ed64ced8d4d691e34e55d33472b532bba0c1f364c0d862a694a970,cbc8100a24ed64ced8d4d691e34e55d33472b532bba0c1f364c0d862a694a970,0,0,0,0,0,0,0,3.3622724004089832e-05,0.20070648193359375,0.011389122868422419,3.3622724004089832e-05,0.20070648193359375,0.011389122868422419,0,0,0.0001,64,64,0,5738.556401,1.594043445,20.123339994779421,537.0568014722121,91932.660717881561
ect.q256.schedule-switch-training-telemetry/v1,q256_fresh_crossed_switch_n12_matpool_numeric_recovery_v2,AB,A,B,239,q256_target_weight_v1,B,1.1000000000000001,1.1000000000000001,4239,4228,542592,542.592000,0,14.950464010238647,0,1237.1682719435998,1237.1682719435998,0,1237.1682719435998,0,0.16121311435349558,0,3962.4271219395114,0,3962.2406497988973,0,128,0714265d89d90e9bc32d9236aadcb67dd747d18327e654cb235cfabbfb903a62,3c9476bd97d424a1d543bea04f52040b73305e6bbbffbf448ba38d71c77616d3,6d5ccdb9cc7b829aa35a881ad9b663a65d1be2b0644f505590c22ac07f84fdb1,6a303a959555f25b16aef8902787089c5d746f5c265336242ec01fa980307c7e,6a303a959555f25b16aef8902787089c5d746f5c265336242ec01fa980307c7e,ced3bebc2c742fc2ff5023c66769d67017c5b4f5621cf88af0bb479d3f944de3,ced3bebc2c742fc2ff5023c66769d67017c5b4f5621cf88af0bb479d3f944de3,0,0,0,0,0,0,0,7.9595251008868217e-05,0.077367782592773438,0.010975993354804814,7.9595251008868217e-05,0.077367782592773438,0.010975993354804814,0,0,0.0001,64,64,0,5740.082088,1.594467247,20.12125423498194,501.07125700015229,91858.376579817661
ect.q256.schedule-switch-training-telemetry/v1,q256_fresh_crossed_switch_n12_matpool_numeric_recovery_v2,AB,A,B,240,q256_target_weight_v1,B,1.1000000000000001,1.1000000000000001,4240,4229,542720,542.720000,0,15.762290835380554,0,1617.92464703767,1617.92464703767,0,1617.92464703767,0,0.15472041247914986,0,3962.4269636208305,0,3962.2407445080521,0,128,87767a9719109247dd77e2be4f0c9ca24f30992e60d91d52049103369242ee0a,4df8d7d41072f3ed5a9764ceda2f825f9ebf6c79cc2c429f6f149194ede107db,c7ec5b4c748ca0338216b45f5acfb6bfbc46afd99cc8201151774c65f9524738,99b9c0eda2250ab1013aaaa33b641e803c3a045fcfcd4428c139c47b9c0139f0,99b9c0eda2250ab1013aaaa33b641e803c3a045fcfcd4428c139c47b9c0139f0,81d34329095a0bce9ad98f5bb35fa43e864d3d998a198b9f245fcffa84b33e45,81d34329095a0bce9ad98f5bb35fa43e864d3d998a198b9f245fcffa84b33e45,0,0,0,0,0,0,0,4.5146007323637605e-06,0.4563140869140625,0.015386667568236589,4.5146007323637605e-06,0.4563140869140625,0.015386667568236589,0,0,0.0001,64,64,0,5741.613489,1.594892636,20.119356177179828,446.08071851064943,91813.019846155352
ect.q256.schedule-switch-training-telemetry/v1,q256_fresh_crossed_switch_n12_matpool_numeric_recovery_v2,AB,A,B,241,q256_target_weight_v1,B,1.1000000000000001,1.1000000000000001,4241,4230,542848,542.848000,0,16.635097146034241,0,1968.6034524073882,1968.6034524073882,0,1968.6034524073882,0,0.15535034030232733,0,3962.4268552984295,0,3962.2408390248884,0,128,9b4bca48289ce89e044aea395643e70f97916165341369ac2ded3aeb780b3734,278531278aae326c2d3723c5f9d7c20cb66ea81a38f8eb51f736887f2c9ec2a1,a8bb5fec2636a246b70bbcc03bcf60afb278dfafde308ca0da506bfe50706a68,3ab16d78bf1a9ca50054954e4bab241e4705d051c16a9c951d9abaa37e63811c,3ab16d78bf1a9ca50054954e4bab241e4705d051c16a9c951d9abaa37e63811c,8c2d7f56ef7be7e0c01a3795b2ca1683308d3f84783349f3863b7ef4fe2214e9,8c2d7f56ef7be7e0c01a3795b2ca1683308d3f84783349f3863b7ef4fe2214e9,0,0,0,0,0,0,0,3.7099700421094894e-05,0.22483444213867188,0.012792943802196532,3.7099700421094894e-05,0.22483444213867188,0.012792943802196532,0,0,0.0001,64,64,0,5743.137609,1.595316002,20.11714364794928,479.70084845168947,91794.616504213394
ect.q256.schedule-switch-training-telemetry/v1,q256_fresh_crossed_switch_n12_matpool_numeric_recovery_v2,AB,A,B,242,q256_target_weight_v1,B,1.1000000000000001,1.1000000000000001,4242,4231,542976,542.976000,0,17.600308299064636,0,2301.3282806036577,2301.3282806036577,0,2301.3282806036577,0,0.15563588640455264,0,3962.4268467508527,0,3962.2409334659883,0,128,6b7b97da16d972a23fef56648fbb794c21deae929a4b70f954671772a71392e5,9e6a148df3eb0a4c9b3d7e7b3342523449edd473f307c9fbaf47ffd97e498ef3,24b6f6f2d6ad565cb755d3801c7fb9f35822cb4fe6c04efe3195e3920edb1a42,d9837bc6b4690dd609d1a26bfc8cdc61e6665570c2293315020a403fd3067eaf,d9837bc6b4690dd609d1a26bfc8cdc61e6665570c2293315020a403fd3067eaf,5145a804fc0c1cbd95cf7a6ec75fed0594543823c2c402a9e2e087bef7ce7ac8,5145a804fc0c1cbd95cf7a6ec75fed0594543823c2c402a9e2e087bef7ce7ac8,0,0,0,0,0,0,0,6.2989769503474236e-05,0.099317550659179688,0.0097602343885228038,6.2989769503474236e-05,0.099317550659179688,0.0097602343885228038,0,0,0.0001,64,64,0,5744.660165,1.595738935,20.115439305088419,408.52319770061263,91770.557753679735
ect.q256.schedule-switch-training-telemetry/v1,q256_fresh_crossed_switch_n12_matpool_numeric_recovery_v2,AB,A,B,243,q256_target_weight_v1,B,1.1000000000000001,1.1000000000000001,4243,4232,543104,543.104000,0,16.941317200660706,0,1804.4526065782225,1804.4526065782225,0,1804.4526065782225,0,0.15530310736372241,0,3962.4269274680682,0,3962.2410279109586,0,128,18f30a7f7db1879e93402bed39b05fd5385c95854deb4c040347aa08895239db,ea3e9dbc7d7c88f02a9f7f2b0f4991ae97cbc1fc38434c1bb3986ba2348898d9,df752ca076734ab61d97f6f9c20bfffc915d3a823c0115eea7d6a181dcd8bd86,c9c77422ee6c697cb731a96e50ca2711e7f84b6adaeb8a19ac6ea84a42443946,c9c77422ee6c697cb731a96e50ca2711e7f84b6adaeb8a19ac6ea84a42443946,01440faa56fb5e2c62b598f7e5f46b9fb5fa58640185eb64a33b2cea433f608b,01440faa56fb5e2c62b598f7e5f46b9fb5fa58640185eb64a33b2cea433f608b,0,0,0,0,0,0,0,2.8579379431903362e-05,1.884490966796875,0.034746087563689798,2.8579379431903362e-05,1.884490966796875,0.034746087563689798,0,0,0.0001,64,64,0,5746.184035,1.596162232,20.113954399492091,382.25235029072513,91719.663779548035
ect.q256.schedule-switch-training-telemetry/v1,q256_fresh_crossed_switch_n12_matpool_numeric_recovery_v2,AB,A,B,244,q256_target_weight_v1,B,1.1000000000000001,1.1000000000000001,4244,4233,543232,543.232000,0,15.828940629959106,0,2264.3050826032031,2264.3050826032031,0,2264.3050826032031,0,0.16551215679907028,0,3962.4271424732019,0,3962.2411223916606,0,128,5db7d880baf2ad58b9e522dfeaed2783300abf546fd70adba648d448eb417361,b1865728b1e245452c884125771b01bc0dd3cbc4778c00bce16c5accd2d6dfc9,3f2a0d5c89ce7de9cf06e3c941e9fd80e4b9063c637e5838dcf0d1df75e9474c,f0459f8d6dbbf7298556d9744545ea700b0b0a4cd95635600ce7bda2d8cd57ce,f0459f8d6dbbf7298556d9744545ea700b0b0a4cd95635600ce7bda2d8cd57ce,04e1dc62648d0525cce7eeb9b935256536bb1ca8ba795d5b60f8ed31887df998,04e1dc62648d0525cce7eeb9b935256536bb1ca8ba795d5b60f8ed31887df998,0,0,0,0,0,0,0,4.0659680962562561e-05,0.099229812622070312,0.011055066483095288,4.0659680962562561e-05,0.099229812622070312,0.011055066483095288,0,0,0.0001,64,64,0,5747.708587,1.596585719,20.112806167855439,414.98923935325314,91734.719464477981
ect.q256.schedule-switch-training-telemetry/v1,q256_fresh_crossed_switch_n12_matpool_numeric_recovery_v2,AB,A,B,245,q256_target_weight_v1,B,1.1000000000000001,1.1000000000000001,4245,4234,543360,543.360000,0,15.923796534538269,0,1513.6281539133759,1513.6281539133759,0,1513.6281539133759,0,0.15870350206648021,0,3962.427451881616,0,3962.2412169906775,0,128,6a8c55c5e4daa8b3694fdefc64794a60091503c57c1417151cc0279488d9dc2b,f545e8e7120476d537d08f698dfc2a31295d49180203943beeb07f28dfe1d539,768f4389435a8a6cca6a907ad39960d8ee195f6c0ab1c9791f7159c8a8b9672e,f2fb0ec35ec34b670a050a621f0d3ec485af1b220f129c7c1da3e5a1960fade1,f2fb0ec35ec34b670a050a621f0d3ec485af1b220f129c7c1da3e5a1960fade1,c749625d5ead9bcd31f2e053125249759d8f6d58a1ab14ec3953d5fdcb7008d8,c749625d5ead9bcd31f2e053125249759d8f6d58a1ab14ec3953d5fdcb7008d8,0,0,0,0,0,0,0,5.6788092479109764e-05,0.5820159912109375,0.01370061154011637,5.6788092479109764e-05,0.5820159912109375,0.01370061154011637,0,0,0.0001,64,64,0,5749.232216,1.597008949,20.112090307026428,403.01598753281041,91695.284024839289
ect.q256.schedule-switch-training-telemetry/v1,q256_fresh_crossed_switch_n12_matpool_numeric_recovery_v2,AB,A,B,246,q256_target_weight_v1,B,1.1000000000000001,1.1000000000000001,4246,4235,543488,543.488000,0,15.944318294525146,0,2403.6680296864365,2403.6680296864365,0,2403.6680296864365,0,0.16539845204621251,0,3962.4278234508515,0,3962.2413117909882,0,128,9acf193d47fcbc91f09204c07268d338ecc393ae3e36e5bb5d1e0f10abb7cdfc,ebf83b6bb8ba07694e5791038c611cdf0e67f7bc4374ff451b546da6d94a88c6,d534f595f6f3e87f308cd7270d852e8d13839d3ea149669a364c529f705048d7,ef34959feee52786e422e2f2827f94d5b2c878277411d69afacdc750b34316ba,ef34959feee52786e422e2f2827f94d5b2c878277411d69afacdc750b34316ba,e652018e778424a13c49951bac8fa213d023d8f9dc8e4784680a94ea49a75429,e652018e778424a13c49951bac8fa213d023d8f9dc8e4784680a94ea49a75429,0,0,0,0,0,0,0,1.4738528989255428e-05,0.16325759887695312,0.014146606205031276,1.4738528989255428e-05,0.16325759887695312,0.014146606205031276,0,0,0.0001,64,64,0,5750.755574,1.597432104,20.111725541343418,450.1781329563234,91702.064242427892
ect.q256.schedule-switch-training-telemetry/v1,q256_fresh_crossed_switch_n12_matpool_numeric_recovery_v2,AB,A,B,247,q256_target_weight_v1,B,1.1000000000000001,1.1000000000000001,4247,4236,543616,543.616000,0,17.44333291053772,0,1261.0096432344606,1261.0096432344606,0,1261.0096432344606,0,0.16001902891167347,0,3962.4282360616753,0,3962.2414068326716,0,128,7cf55a97a73ff39e6e943e0ce962ee0880ae59ad59899d8e8bab4a60cfbff312,a224d78a41a370f4e316aebddcbbabb2a26a97f450f657c69a023767dff9e4a6,f5a766e88b446a1669b2419b7991b01a972d74959f4fbc7fef18028359de4b68,473363b99dd5e8e908126fd6df7437fec6516b538d1e3845900694bc64e62821,473363b99dd5e8e908126fd6df7437fec6516b538d1e3845900694bc64e62821,228e337ecccee8247c09a925cc6e63edb6f0a647def68c7719825c75756beee9,228e337ecccee8247c09a925cc6e63edb6f0a647def68c7719825c75756beee9,0,0,0,0,0,0,0,4.2513362132012844e-05,0.14270401000976562,0.012317776679992676,4.2513362132012844e-05,0.14270401000976562,0.012317776679992676,0,0,0.0001,64,64,0,5752.280945,1.597855818,20.111181225616928,415.25220971887541,91639.699023096226
ect.q256.schedule-switch-training-telemetry/v1,q256_fresh_crossed_switch_n12_matpool_numeric_recovery_v2,AB,A,B,248,q256_target_weight_v1,B,1.1000000000000001,1.1000000000000001,4248,4237,543744,543.744000,0,15.110623955726624,0,2177.6054161660131,2177.6054161660131,0,2177.6054161660131,0,0.16096041607204523,0,3962.4286085196695,0,3962.241502129998,0,128,17b7ad1e3f4e9bf095f0b3b48414bb754221a86442dcbac92719ae66378e1479,3aa363779e08d7a047dd128a29e1f9984727fe6d8913c4d5b07e6f4fc49e3e7b,4bad488e48cd99bcffbd9789c281eb70e38f9d5187ac183d0117f505376b98bc,7ec4ae15be8820398b10d054f0a1d7f81ac5d59e6508c11aecd30e0adcd3eff9,7ec4ae15be8820398b10d054f0a1d7f81ac5d59e6508c11aecd30e0adcd3eff9,daaf54c845b31e7c410f091f8d6187f47ff2397c66f24e03ff34cf7f6f4e96fa,daaf54c845b31e7c410f091f8d6187f47ff2397c66f24e03ff34cf7f6f4e96fa,0,0,0,0,0,0,0,6.2853563576936722e-05,0.17574691772460938,0.011759175104089081,6.2853563576936722e-05,0.17574691772460938,0.011759175104089081,0,0,0.0001,64,64,0,5753.807783,1.598279940,20.110784856829287,469.18853709472654,91641.429574552632
ect.q256.schedule-switch-training-telemetry/v1,q256_fresh_crossed_switch_n12_matpool_numeric_recovery_v2,AB,A,B,249,q256_target_weight_v1,B,1.1000000000000001,1.1000000000000001,4249,4238,543872,543.872000,0,15.032924890518188,0,1852.6450354132621,1852.6450354132621,0,1852.6450354132621,0,0.16218383971522429,0,3962.4289413844472,0,3962.2415975726108,0,128,ab4486be92d7cc0a312a247cb0c9c55f223974beded3735a92a7ce27161624ed,f1d6827c2c7e663b6b6c87a974f56bbbfad33de0a531ef83663eea6b9a4d88de,c6c993362d02639d8b558f9442cb494f6d930e4575bc37f09613246d0581c86d,d52d9352a4a0cd6e9b0ba8c42290a1bae79bd8553921dcb25cbc168412252e3a,d52d9352a4a0cd6e9b0ba8c42290a1bae79bd8553921dcb25cbc168412252e3a,a5bf40c134ca3c3ebb562f4866c571161c40d7cf32fc75d8bf6e149ec112afd8,a5bf40c134ca3c3ebb562f4866c571161c40d7cf32fc75d8bf6e149ec112afd8,0,0,0,0,0,0,0,4.1131512261927128e-05,0.40765380859375,0.01515870715957135,4.1131512261927128e-05,0.40765380859375,0.01515870715957135,0,0,0.0001,64,64,0,5755.330089,1.598702802,20.110623664805217,433.18170513590968,91598.572257001913
ect.q256.schedule-switch-training-telemetry/v1,q256_fresh_crossed_switch_n12_matpool_numeric_recovery_v2,AB,A,B,250,q256_target_weight_v1,B,1.1000000000000001,1.1000000000000001,4250,4239,544000,544.000000,0,15.12364387512207,0,1198.809915852933,1198.809915852933,0,1198.809915852933,0,0.15634208925329501,0,3962.4291985901737,0,3962.2416931241842,0,128,667a5abadfe96142bb5734830a8e679af6e4252428b8be1fa4d36eceac503142,327b233e79cbe8216d8eadf4a137a3de17519903b06db43b0257a395fdb9b0fc,68392d671d7c01a9e9deb55cec0132b0c15164474c384b6cc4afe879b292eb4f,c343545ef8369e68b0771be7bd0e9d0e8e770f79a08b471fca8755b6d77cb33a,c343545ef8369e68b0771be7bd0e9d0e8e770f79a08b471fca8755b6d77cb33a,9372bf918d6b05eaff356adc50d9661b6542bcb9b6a5ad1b9f8443cbe4f9c3a7,9372bf918d6b05eaff356adc50d9661b6542bcb9b6a5ad1b9f8443cbe4f9c3a7,0,0,0,0,0,0,0,4.3782871216535568e-05,0.14059829711914062,0.013776513282209635,4.3782871216535568e-05,0.14059829711914062,0.013776513282209635,0,0,0.0001,64,64,0,5756.852221,1.599125617,20.11058525808647,413.75315541196284,91527.881493430454
ect.q256.schedule-switch-training-telemetry/v1,q256_fresh_crossed_switch_n12_matpool_numeric_recovery_v2,AB,A,B,251,q256_target_weight_v1,B,1.1000000000000001,1.1000000000000001,4251,4240,544128,544.128000,0,14.293725728988647,0,1505.472721881358,1505.472721881358,0,1505.472721881358,0,0.15155973373643755,0,3962.429376668711,0,3962.241788711875,0,128,19a501a9dbfbf949fb900aa98a0cee940b6419d882fe62d3ddf1dab6e8f15bed,34ca0ed83ee76b1b5700ebcca1988e13b4eee96f1fc9322f33d0086cd066f355,65233afa62fb7387e2c1d3751be69f8c3aefb3ebdc2e69048460b9c6a2dbad91,a3745bcc82fa3b2f97498f0429c5b0207eedc22043ec02b1edbd35ba6a7826f1,a3745bcc82fa3b2f97498f0429c5b0207eedc22043ec02b1edbd35ba6a7826f1,76dc54d5c84fdb08f0b13658e96db69e349eaa2346dbb5722b4d4a41e81e7af9,76dc54d5c84fdb08f0b13658e96db69e349eaa2346dbb5722b4d4a41e81e7af9,0,0,0,0,0,0,0,0.00010245107114315033,0.438140869140625,0.014895274420268834,0.00010245107114315033,0.438140869140625,0.014895274420268834,0,0,0.0001,64,64,0,5758.411563,1.599558767,20.110401024968084,355.86008291538826,91480.656556861009
ect.q256.schedule-switch-training-telemetry/v1,q256_fresh_crossed_switch_n12_matpool_numeric_recovery_v2,AB,A,B,252,q256_target_weight_v1,B,1.1000000000000001,1.1000000000000001,4252,4241,544256,544.256000,0,16.232685446739197,0,1761.2596032534468,1761.2596032534468,0,1761.2596032534468,0,0.15079303441178785,0,3962.4295469840449,0,3962.2418843594273,0,128,42e3e63e19cac827ba4480fd0d90c0962500066f5fbae7573436d22e58203da0,9208c5a7bfb497d8ea04b5abebe27f18ab88d5b1ce08215d6494c28047374f1d,184eb23b34bbdb0b142ab029fa3510938d652319a5d532fae291997254eb9098,cc6ae5c9972475c580c81156fa88546d96de145df1d8c27bbf47445e1344540c,cc6ae5c9972475c580c81156fa88546d96de145df1d8c27bbf47445e1344540c,6812d325faf17494600b9029d59864ded486d981f4c04dd654d354b0ad39a0b2,6812d325faf17494600b9029d59864ded486d981f4c04dd654d354b0ad39a0b2,0,0,0,0,0,0,0,2.5997054763138294e-05,0.094573974609375,0.011281549348495901,2.5997054763138294e-05,0.094573974609375,0.011281549348495901,0,0,0.0001,64,64,0,5759.954746,1.599987429,20.110160048347083,342.13800564232508,91433.758504035563
ect.q256.schedule-switch-training-telemetry/v1,q256_fresh_crossed_switch_n12_matpool_numeric_recovery_v2,AB,A,B,253,q256_target_weight_v1,B,1.1000000000000001,1.1000000000000001,4253,4242,544384,544.384000,0,16.1879723072052,0,1832.4923990098721,1832.4923990098721,0,1832.4923990098721,0,0.15038551959719751,0,3962.4296512225624,0,3962.2419799784057,0,128,68db332d0624cf1935c7d6a872ed99e6bd62776457ab80c685e2c8ebe63fefc8,22458a549447d5984a95488575685884ac5f48b4698634e7fc7ed62c693e56e8,a80dd30f225ffd4dd4d0e146e33e7e421c30512d326317c1b2c993f0ab4bfcf2,507a9d599e251c96b3f719cbeb6578b59dfa25de29b8771caa9fcc1ecb4e6674,507a9d599e251c96b3f719cbeb6578b59dfa25de29b8771caa9fcc1ecb4e6674,799653d511e32fecc8735333eacbe178d55836146274318eb4550ab68f2ecc96,799653d511e32fecc8735333eacbe178d55836146274318eb4550ab68f2ecc96,0,0,0,0,0,0,0,5.4326141253113747e-05,0.18268966674804688,0.015664709033444524,5.4326141253113747e-05,0.18268966674804688,0.015664709033444524,0,0,0.0001,64,64,0,5761.478734,1.600410760,20.109567880544319,348.59745907911093,91413.767558131847
ect.q256.schedule-switch-training-telemetry/v1,q256_fresh_crossed_switch_n12_matpool_numeric_recovery_v2,AB,A,B,254,q256_target_weight_v1,B,1.1000000000000001,1.1000000000000001,4254,4243,544512,544.512000,0,15.924692392349243,0,1704.9475767419228,1704.9475767419228,0,1704.9475767419228,0,0.14703679401937358,0,3962.4296829977297,0,3962.2420755972871,0,128,4fc9b24d8f3a2e31a09f04dda8f378914e21bd77b9f2b250272fe94816050930,f34f8d4708b6d0963848b76263755fcf41db2708d49fef92ee287f61de5501a2,92a23c4e614fd8b2b48d96f5f9a6a9e84cdec878fb1e872cc3cfca76d558eaed,8657d0aa05e4428632faa1f8f1a82afb79de5560fbcc1b8330e52e32068be34e,8657d0aa05e4428632faa1f8f1a82afb79de5560fbcc1b8330e52e32068be34e,2e65881334060e0f5d74cabf6417a7559c7b852e18a29220a260f8b7caab583f,2e65881334060e0f5d74cabf6417a7559c7b852e18a29220a260f8b7caab583f,0,0,0,0,0,0,0,5.9453770518302917e-05,1.279541015625,0.027350815187674016,5.9453770518302917e-05,1.279541015625,0.027350815187674016,0,0,0.0001,64,64,0,5763.011658,1.600836572,20.108418588046401,385.01903673074452,91390.108773773434
ect.q256.schedule-switch-training-telemetry/v1,q256_fresh_crossed_switch_n12_matpool_numeric_recovery_v2,AB,A,B,255,q256_target_weight_v1,B,1.1000000000000001,1.1000000000000001,4255,4244,544640,544.640000,0,16.118386149406433,0,1342.8019821436885,1342.8019821436885,0,1342.8019821436885,0,0.14625257816298978,0,3962.4297399629422,0,3962.2421712000678,0,128,ec03b0ee8aebbcd056bc4def34bdbbd24c0de78b0f12dbb47c87881731e25928,c7e2fcd93740982487e678adc0a6ba96bbf5f09d751100487ef58b1becd432ee,77938823b71e00de38939476008e322ad9a9d8c288d87d26eac4775b357b1b75,5a68e854779586b3d4a04b543f1163455fb037a68ec3d6f9ed3f48bbbd9de24c,5a68e854779586b3d4a04b543f1163455fb037a68ec3d6f9ed3f48bbbd9de24c,f98a7dbe3cda3f8dd7e025072786eaa31248f2f33ef5fc8e5176b524f771e9f9,f98a7dbe3cda3f8dd7e025072786eaa31248f2f33ef5fc8e5176b524f771e9f9,0,0,0,0,0,0,0,7.9258810728788376e-05,0.38129425048828125,0.012738128658384085,7.9258810728788376e-05,0.38129425048828125,0.012738128658384085,0,0,0.0001,64,64,0,5764.538795,1.601260776,20.107448134792953,375.05010510056235,91320.368462129278
ect.q256.schedule-switch-training-telemetry/v1,q256_fresh_crossed_switch_n12_matpool_numeric_recovery_v2,AB,A,B,256,q256_target_weight_v1,B,1.1000000000000001,1.1000000000000001,4256,4245,544768,544.768000,0,16.910190224647522,0,1280.8264927575185,1280.8264927575185,0,1280.8264927575185,0,0.1442449155419652,0,3962.4298020255751,0,3962.2422668111276,0,128,06c0c20787a905be853f99e21a2b79f8cab35b4921a6c38ae60fbce20b4bd80e,9d59de1066b7b981633b35faf6ef3e8567e0d7fe110e2accad3d50e9c53edeb3,58efd302c144caab9ec51ca722156052422a8620cd6bdc8f9c0ecd2fdad668ac,26ffa87f80d674ba5347d6a8c0025c16f867eb9aadf78e51432e9b94aa463170,26ffa87f80d674ba5347d6a8c0025c16f867eb9aadf78e51432e9b94aa463170,712dceafd5c547a8fec1f5627e07656e5bc4a2d400dfd42dcb6324248e07b0bf,712dceafd5c547a8fec1f5627e07656e5bc4a2d400dfd42dcb6324248e07b0bf,0,0,0,0,0,0,0,3.4698867239058018e-05,0.074815750122070312,0.009412318526301533,3.4698867239058018e-05,0.074815750122070312,0.009412318526301533,0,0,0.0001,64,64,0,5766.070998,1.601686388,20.106720068441771,367.99458020926835,91248.277468529937
ect.q256.schedule-switch-training-telemetry/v1,q256_fresh_crossed_switch_n12_matpool_numeric_recovery_v2,AB,A,B,257,q256_target_weight_v1,B,1.1000000000000001,1.1000000000000001,4257,4246,544896,544.896000,0,15.158984422683716,0,1621.6201931600517,1621.6201931600517,0,1621.6201931600517,0,0.15053260852937236,0,3962.4298841447549,0,3962.2423624071694,0,128,50ffc48843efad1eae1306eb4a0712bcb69fb9efc48c8984143475083e619bfa,f1e20b184fed415ae00612a626654485c4ad9efb47644644e33e6a02a2524454,953f6b67d15d8f8fcf71ae644362346d805476707e40f0624a2a2887f617b7ff,0b6f24cda18d8b9b0724dca948aa52d3190b5d69f118de968c87e8786ad69792,0b6f24cda18d8b9b0724dca948aa52d3190b5d69f118de968c87e8786ad69792,6e635f3cefafaed48cc08b42b80709f686b8405f815bc078bb8ddf2b4cd799f1,6e635f3cefafaed48cc08b42b80709f686b8405f815bc078bb8ddf2b4cd799f1,0,0,0,0,0,0,0,4.3040374293923378e-05,0.11038017272949219,0.010144309024326503,4.3040374293923378e-05,0.11038017272949219,0.010144309024326503,0,0,0.0001,64,64,0,5767.594978,1.602109716,20.105329780976703,390.62217911607763,91181.446059460097
ect.q256.schedule-switch-training-telemetry/v1,q256_fresh_crossed_switch_n12_matpool_numeric_recovery_v2,AB,A,B,258,q256_target_weight_v1,B,1.1000000000000001,1.1000000000000001,4258,4247,545024,545.024000,0,17.186056852340698,0,1644.8927909558493,1644.8927909558493,0,1644.8927909558493,0,0.15157123642823267,0,3962.4299761701968,0,3962.2424579989602,0,128,a276b5e828466c5cb16238ec48a97bf8defd79d6f6ebb71269d09d226813c636,2e5c264398e663ef1cae21e32d46bf91437cdc04a12c055ef029fcace36cdf09,8a368598303ab0e868cf350ea9b82f1a9476d0c9357c7450cbcd22b731f24ba7,2095bef650eacf8aa063a59e4fc19e85637ec02862e220a5b9c9093725158753,2095bef650eacf8aa063a59e4fc19e85637ec02862e220a5b9c9093725158753,1a90900955b98402353e468d82a1ef3e090938d3e80853a99f985187a3414f7d,1a90900955b98402353e468d82a1ef3e090938d3e80853a99f985187a3414f7d,0,0,0,0,0,0,0,4.0634069591760635e-05,1.5615234375,0.029039339628070593,4.0634069591760635e-05,1.5615234375,0.029039339628070593,0,0,0.0001,64,64,0,5769.147299,1.602540916,20.104340753577286,390.05864320441066,91130.614947377515
ect.q256.schedule-switch-training-telemetry/v1,q256_fresh_crossed_switch_n12_matpool_numeric_recovery_v2,AB,A,B,259,q256_target_weight_v1,B,1.1000000000000001,1.1000000000000001,4259,4248,545152,545.152000,0,14.450555443763733,0,1387.0104443129926,1387.0104443129926,0,1387.0104443129926,0,0.14843498492294213,0,3962.4299999232326,0,3962.2425534888953,0,128,0c7c8049ee9be9154dee26f51d4ec290affe541ebd9c7eeab238abf2e5605722,c10678f6154bb64cbe9e9c7a54df81f8ea45cdb4546f47071099a88f4b53e106,fa8cd5585ccd4f393eda02d012932f05ddb48d6a92c19b1c254957c064699dd0,c81b938c531572cd7689bf3570bd0bdc62d70fb226b0139ce1778e883805305c,c81b938c531572cd7689bf3570bd0bdc62d70fb226b0139ce1778e883805305c,f0976cd29e0671bb7d9a7ae416bc27aeb0425c7af08669bf554656928f4a1490,f0976cd29e0671bb7d9a7ae416bc27aeb0425c7af08669bf554656928f4a1490,0,0,0,0,0,0,0,4.9298861995339394e-05,0.729766845703125,0.017973274807445705,4.9298861995339394e-05,0.729766845703125,0.017973274807445705,0,0,0.0001,64,64,0,5770.719037,1.602977510,20.103512336612116,346.45181071476611,91071.488996584623
ect.q256.schedule-switch-training-telemetry/v1,q256_fresh_crossed_switch_n12_matpool_numeric_recovery_v2,AB,A,B,260,q256_target_weight_v1,B,1.1000000000000001,1.1000000000000001,4260,4249,545280,545.280000,0,15.356096029281616,0,1495.6909266508931,1495.6909266508931,0,1495.6909266508931,0,0.1441710201725323,0,3962.4300586035019,0,3962.2426489857498,0,128,d0a46f43e3e81c0ebcd41bbb15b51699ed4fa120f3652c28ba13f8563ede0352,db2f0d3d2929592da960cacc714368f4c10a636eaf27a0f823f22e5609b957a2,c37c2a13f0e08e10b7159138c0e5651878b18be41c1fa24c258f4a49d0f7a18b,83820854762167f4897ea23654933ae750f3b770f4bb292850deb57aa3aa36d7,83820854762167f4897ea23654933ae750f3b770f4bb292850deb57aa3aa36d7,895acba6a737424b01fe5f0c515246378a762e85ad4be33d28c196c7c82cd300,895acba6a737424b01fe5f0c515246378a762e85ad4be33d28c196c7c82cd300,0,0,0,0,0,0,0,0.00010335305705666542,0.36415863037109375,0.014019491616636515,0.00010335305705666542,0.36415863037109375,0.014019491616636515,0,0,0.0001,64,64,0,5772.245015,1.603401393,20.102968797110957,313.25684262708745,91028.821488905276
ect.q256.schedule-switch-training-telemetry/v1,q256_fresh_crossed_switch_n12_matpool_numeric_recovery_v2,AB,A,B,261,q256_target_weight_v1,B,1.1000000000000001,1.1000000000000001,4261,4250,545408,545.408000,0,15.062984466552734,0,1262.344761479146,1262.344761479146,0,1262.344761479146,0,0.14220128910093768,0,3962.4301095783549,0,3962.2427444909163,0,128,bd5d589d8be08aec1772fa2545fc90f26b248a00058b7282fe3d52e77f86c121,c050d3ad04ee0e598dcb5d65eb14b2d8179e4988959189c1f6f4c368ef461974,440180ebf08c2dd673ce95c375c035414882c4e7746fadebf3e10fb39dc0e188,1d81125b0503a3f2a7eb050279d9647b609af0a0ed216d4614d1ab5b6646583c,1d81125b0503a3f2a7eb050279d9647b609af0a0ed216d4614d1ab5b6646583c,476d5729778ad12ee45c71454d7703520226d24e692c4bac12ff05497318e3b4,476d5729778ad12ee45c71454d7703520226d24e692c4bac12ff05497318e3b4,0,0,0,0,0,0,0,3.6156037822365761e-05,0.8917694091796875,0.017273659352213144,3.6156037822365761e-05,0.8917694091796875,0.017273659352213144,0,0,0.0001,64,64,0,5773.771533,1.603825426,20.102146277030535,294.03951794395249,90963.994808124306
ect.q256.schedule-switch-training-telemetry/v1,q256_fresh_crossed_switch_n12_matpool_numeric_recovery_v2,AB,A,B,262,q256_target_weight_v1,B,1.1000000000000001,1.1000000000000001,4262,4251,545536,545.536000,0,16.180740594863892,0,3656.1283194839866,3656.1283194839866,0,3656.1283194839866,0,0.156143913708822,0,3962.4301163646637,0,3962.2428399422643,0,128,4f9b8ee119b49dd755cf136401f660f7c5a012c238e3d8e775d5e8460ac571eb,d2cab8e75e4d237511da0f5f812c4aff65eff76378ad46e854b190504211b902,61091f8d0fe6575ae59cf2304970ce7377d9f86739addc1f04023ab6f697c6d1,c76c21a418d84b71f3afd29d6e5fd27755bc6ff691b5ef56caae11b288ad7b7e,c76c21a418d84b71f3afd29d6e5fd27755bc6ff691b5ef56caae11b288ad7b7e,59a89557c3068c0d9b9af355538420e69b2b67d99d49965ff793601e6db75a3c,59a89557c3068c0d9b9af355538420e69b2b67d99d49965ff793601e6db75a3c,0,0,0,0,0,0,0,0.00011664722114801407,0.19324874877929688,0.010651117889210582,0.00011664722114801407,0.19324874877929688,0.010651117889210582,0,0,0.0001,64,64,0,5775.296437,1.604249010,20.101557675525132,458.72164151355867,91221.433870601453
ect.q256.schedule-switch-training-telemetry/v1,q256_fresh_crossed_switch_n12_matpool_numeric_recovery_v2,AB,A,B,263,q256_target_weight_v1,B,1.1000000000000001,1.1000000000000001,4263,4252,545664,545.664000,0,15.852498531341553,0,1221.0080882107347,1221.0080882107347,0,1221.0080882107347,0,0.15020729216190554,0,3962.4300794079545,0,3962.2429353260445,0,128,57b87b15595bdb3bd72e0d08629bdca288af9c2e7fcf35ee7d79fce119aa55f9,055cfa9c5f01b57ae0f1fec1d8fc9c64a00c758571f9ae3373abd670f19f1470,ae03563fe28eb1401d01d1bb6c2daf804ee09c6233b4fba7a432aad9eadb82e9,35fea19a4d73ed13490fe04755b8def2e60c78e7ad15878fe59e4e106bd4bbae,35fea19a4d73ed13490fe04755b8def2e60c78e7ad15878fe59e4e106bd4bbae,36ddc15b381e9e276163922bf53b15501b5f12f7de532770e401a56807150796,36ddc15b381e9e276163922bf53b15501b5f12f7de532770e401a56807150796,0,0,0,0,0,0,0,1.8260499928146601e-05,0.1897125244140625,0.011975857836659998,1.8260499928146601e-05,0.1897125244140625,0.011975857836659998,0,0,0.0001,64,64,0,5776.819417,1.604672060,20.100626017512727,423.60821619536398,91143.596796597194
ect.q256.schedule-switch-training-telemetry/v1,q256_fresh_crossed_switch_n12_matpool_numeric_recovery_v2,AB,A,B,264,q256_target_weight_v1,B,1.1000000000000001,1.1000000000000001,4264,4253,545792,545.792000,0,15.548702478408813,0,1487.4004798593676,1487.4004798593676,0,1487.4004798593676,0,0.14919621554502818,0,3962.429995105012,0,3962.2430305604998,0,128,10e59f8d942353e6edaa193c94548ccff5f30c2cbb12e096147052cd20a5b397,b5d4c26f561732cb692567352a297e56fa9208af1e0fbf1002b4a08200dda89e,877caaafee79db8dc3612ca6f1a869ce40f723326c09209cda5db44de6d6048a,f53e3a2bac6c7f128df9a06461eb2434363e93517983a9a706f4a8353e030e7e,f53e3a2bac6c7f128df9a06461eb2434363e93517983a9a706f4a8353e030e7e,071617086dc7e7bf4643de58cd8dfed69be1c080cf5f390a398569a18ae80044,071617086dc7e7bf4643de58cd8dfed69be1c080cf5f390a398569a18ae80044,0,0,0,0,0,0,0,5.5593671277165413e-05,0.9949493408203125,0.021159153198823333,5.5593671277165413e-05,0.9949493408203125,0.021159153198823333,0,0,0.0001,64,64,0,5778.340629,1.605094619,20.099671060119242,368.83718508479063,91086.129146217936
ect.q256.schedule-switch-training-telemetry/v1,q256_fresh_crossed_switch_n12_matpool_numeric_recovery_v2,AB,A,B,265,q256_target_weight_v1,B,1.1000000000000001,1.1000000000000001,4265,4254,545920,545.920000,0,16.307369470596313,0,2503.1283160713319,2503.1283160713319,0,2503.1283160713319,0,0.15097946659311151,0,3962.4299230370157,0,3962.2431257258841,0,128,1f4fb976a3b9ddfdf64a8e57d1c236a3cf9f7007b9fd8ef226a916231112f62c,256ec1daa960c137c64928f5b8a0beb062a1f272288af5b0908656084ac13e19,cf163aaca0f2ac1db7887391c0670e2f0debccc9c3c6d799fdda15bd8347c472,0c505ab98dcdbf41544748169d9154d3b736a2091fc86920c20fa4344e60fd77,0c505ab98dcdbf41544748169d9154d3b736a2091fc86920c20fa4344e60fd77,1a0a7283045c0b84258bea869e26b04f0ee3b6316e8e761d9f1e77d4aa4f0388,1a0a7283045c0b84258bea869e26b04f0ee3b6316e8e761d9f1e77d4aa4f0388,0,0,0,0,0,0,0,3.585906233638525e-05,0.38733673095703125,0.01680713047971949,3.585906233638525e-05,0.38733673095703125,0.01680713047971949,0,0,0.0001,64,64,0,5779.862538,1.605517372,20.098301791856827,335.39648670963567,91147.120207150321
ect.q256.schedule-switch-training-telemetry/v1,q256_fresh_crossed_switch_n12_matpool_numeric_recovery_v2,AB,A,B,266,q256_target_weight_v1,B,1.1000000000000001,1.1000000000000001,4266,4255,546048,546.048000,0,15.456421136856079,0,1749.3404356567198,1749.3404356567198,0,1749.3404356567198,0,0.15255203065776271,0,3962.4298747339926,0,3962.2432207714087,0,128,902c50fb2edb823e810b64cf328e53232a06c77e96909d2375c5133577f3654e,5fbf3a36827aa1c8a05cc7c8333b0b47ea39e5778d81ce483ea48769be29ee6e,7b365309eccb5cc6ea59cc19ef852d6a95e116dbd2014afbe902129922b4483d,907ae1080f59f7942e897b3f08b3c7ac611024103abda27b156d07b78187ad10,907ae1080f59f7942e897b3f08b3c7ac611024103abda27b156d07b78187ad10,be190cb5575a7b6a33ff88a3221a434dc1ff21f668398ccf0d5ce2ad9a456e20,be190cb5575a7b6a33ff88a3221a434dc1ff21f668398ccf0d5ce2ad9a456e20,0,0,0,0,0,0,0,5.8605801314115524e-05,0.50665283203125,0.019265997689217329,5.8605801314115524e-05,0.50665283203125,0.019265997689217329,0,0,0.0001,64,64,0,5781.386879,1.605940800,20.096529453114851,356.88097734188159,91117.667441244834
ect.q256.schedule-switch-training-telemetry/v1,q256_fresh_crossed_switch_n12_matpool_numeric_recovery_v2,AB,A,B,267,q256_target_weight_v1,B,1.1000000000000001,1.1000000000000001,4267,4256,546176,546.176000,0,16.66667914390564,0,1912.1216884915266,1912.1216884915266,0,1912.1216884915266,0,0.15270253290894351,0,3962.4298352797609,0,3962.2433156750917,0,128,be08d69cbf59ef8a8f1c48bbc7189b09d396e4b59d4520f15039c09cefa1dcab,8faa5ccadeba11d13e9addf6e98e6ee20aa1803798fe8306a89e97cf3de7fa76,d6243ab1c0f70b5bcf5342517e3815c5af7e4f877520568731b04360e998ea7c,6496d00771bebd1aec1a7ee7ad498303b7f21bb033a3026829e25abd9b921a3d,6496d00771bebd1aec1a7ee7ad498303b7f21bb033a3026829e25abd9b921a3d,9cd1a2d3e255104d32f84a9a14609d15fda1f11a48fb3ea81c796daef2ac4767,9cd1a2d3e255104d32f84a9a14609d15fda1f11a48fb3ea81c796daef2ac4767,0,0,0,0,0,0,0,2.1798652596771717e-05,0.44464874267578125,0.014858941780403256,2.1798652596771717e-05,0.44464874267578125,0.014858941780403256,0,0,0.0001,64,64,0,5782.910064,1.606363907,20.094783694466354,415.79158579672225,91110.831284324289
ect.q256.schedule-switch-training-telemetry/v1,q256_fresh_crossed_switch_n12_matpool_numeric_recovery_v2,AB,A,B,268,q256_target_weight_v1,B,1.1000000000000001,1.1000000000000001,4268,4257,546304,546.304000,0,15.563770771026611,0,1585.081750949892,1585.081750949892,0,1585.081750949892,0,0.15231062295978473,0,3962.4298622084916,0,3962.2434105309612,0,128,4d4221f5d6c52ec185d3f1d3177a6bdbcf7cea6248d18d340adfc54cf0ca0f82,3e145c20f3cb2b4b2772c847eacd3024fa728e1ef4a57afaad313c42d8c1a8bf,2d2238c8dc735f7eec1ea3cb39585fafbca46934888b6778a3790c07ed73e7c1,6f33526014cdd8a01325106bd3a156df83fcdd28288523b909eb0583ac43634f,6f33526014cdd8a01325106bd3a156df83fcdd28288523b909eb0583ac43634f,dc880034d9db443db5bd6bef9c39784ec254d4c5d7b8d9046076757e830f5e83,dc880034d9db443db5bd6bef9c39784ec254d4c5d7b8d9046076757e830f5e83,0,0,0,0,0,0,0,3.0486378818750381e-05,0.842926025390625,0.017262438894249499,3.0486378818750381e-05,0.842926025390625,0.017262438894249499,0,0,0.0001,64,64,0,5784.435175,1.606787549,20.093004581687236,425.49900311231471,91051.4247529602
ect.q256.schedule-switch-training-telemetry/v1,q256_fresh_crossed_switch_n12_matpool_numeric_recovery_v2,AB,A,B,269,q256_target_weight_v1,B,1.1000000000000001,1.1000000000000001,4269,4258,546432,546.432000,0,16.718348026275635,0,1664.8621062022992,1664.8621062022992,0,1664.8621062022992,0,0.152294771424306,0,3962.4299305424815,0,3962.2435053760919,0,128,f2ea7feb0c231b725c7faa1fb7c9ed6bf2cac4d8b1fd06f3d4a7ca3968270a1f,128d12f4652ab0c43697129a11f932c52ea5344e43c057cb1f282bdfaa977ea4,9d4e3cf1342b59d7cb7a429412e4f0f08cb80aaef8d1290811d088cf49ef749b,523729e4d345da6d16069f42f0c60282cbc03234b61f3a3a56a78f1dbc9f00a5,523729e4d345da6d16069f42f0c60282cbc03234b61f3a3a56a78f1dbc9f00a5,a0d7e380f666984faa837ac2ddd49bb53e0d47a3312f00f87d578439e5e6a8df,a0d7e380f666984faa837ac2ddd49bb53e0d47a3312f00f87d578439e5e6a8df,0,0,0,0,0,0,0,9.1276597231626511e-05,0.12634849548339844,0.0096359573653899133,9.1276597231626511e-05,0.12634849548339844,0.0096359573653899133,0,0,0.0001,64,64,0,5785.956413,1.607210115,20.091180624761137,427.94215079414863,91005.008827623707
ect.q256.schedule-switch-training-telemetry/v1,q256_fresh_crossed_switch_n12_matpool_numeric_recovery_v2,AB,A,B,270,q256_target_weight_v1,B,1.1000000000000001,1.1000000000000001,4270,4259,546560,546.560000,0,17.13695764541626,0,1330.8600370435308,1330.8600370435308,0,1330.8600370435308,0,0.14423588582430963,0,3962.4301032708158,0,3962.2436002880959,0,128,cef5f92edd7b8385eaa5689de13d1a803a24b8aad28551df80146983f0092d4e,701eaa419e1068afb212a60e877589215821f7fb681f6716566f5ebf59a1b423,0962c5a0aa582b069b559fd0b757f2a1c280795586ed5f88e2e878962fba5027,edc1e86e510254e717a0dd25321663980edfd169a0508e1a4409776b72f1a972,edc1e86e510254e717a0dd25321663980edfd169a0508e1a4409776b72f1a972,da36de46bc4a4d20c5a49d01c12910e23bad28a519986886f284e1fe73c4a001,da36de46bc4a4d20c5a49d01c12910e23bad28a519986886f284e1fe73c4a001,0,0,0,0,0,0,0,5.2840681746602058e-05,0.264556884765625,0.012633644626475871,5.2840681746602058e-05,0.264556884765625,0.012633644626475871,0,0,0.0001,64,64,0,5787.479038,1.607633066,20.089650628523579,393.83551451191852,90940.898831261191
ect.q256.schedule-switch-training-telemetry/v1,q256_fresh_crossed_switch_n12_matpool_numeric_recovery_v2,AB,A,B,271,q256_target_weight_v1,B,1.1000000000000001,1.1000000000000001,4271,4260,546688,546.688000,0,15.814358592033386,0,1699.8691815907919,1699.8691815907919,0,1699.8691815907919,0,0.14541914395918151,0,3962.4303669751525,0,3962.2436953662004,0,128,82a63799d05f7e80834932bfc2b40e53f95f188aba42ff744994c83ca0901289,fd07cb0dc6ff0cf42cd3de44571b3ba1b060375dc4c59e625c4e8296e321d437,d42360c87e516c246ed3f553728e9c731610d2f20d9c5d64eb152713f6e5b951,1e7bd27c4fd3ec8d4c27ee44735dc553f5ab8e113cdeb6914a6dd4382b8c0dc5,1e7bd27c4fd3ec8d4c27ee44735dc553f5ab8e113cdeb6914a6dd4382b8c0dc5,1451fdfde1ee9eebc6180239b7ccefd10968c030c762d5bd689d550530f1baa8,1451fdfde1ee9eebc6180239b7ccefd10968c030c762d5bd689d550530f1baa8,0,0,0,0,0,0,0,0.00011117616668343544,0.2226104736328125,0.012246541038621217,0.00011117616668343544,0.2226104736328125,0.012246541038621217,0,0,0.0001,64,64,0,5789.001731,1.608056036,20.088142368036753,398.13280211258166,90884.824906649723
ect.q256.schedule-switch-training-telemetry/v1,q256_fresh_crossed_switch_n12_matpool_numeric_recovery_v2,AB,A,B,272,q256_target_weight_v1,B,1.1000000000000001,1.1000000000000001,4272,4261,546816,546.816000,0,16.15841019153595,0,2257.5082216051005,2257.5082216051005,0,2257.5082216051005,0,0.15189718608796138,0,3962.4306942977587,0,3962.243790627716,0,128,97eba23a587b0217c20a6836539b87d4f383ab81613c299e6ddedd409f24c0ba,9df9e5e674c52eb592bc8204f1f3eba5d4eb6776be7d76afc72321c5629b036e,ffb5da73872ac2196d32e629e736230fa5e196900417779f09bc0283f5d2707d,563abdc4eda8ac457e22f8f9633173c5f7b71d669cc2907105540bcec32ece17,563abdc4eda8ac457e22f8f9633173c5f7b71d669cc2907105540bcec32ece17,bbc4cc6a8bf47d2f59d51417a68339696dcc4a95d62ab2ee57b9b9b8b5984346,bbc4cc6a8bf47d2f59d51417a68339696dcc4a95d62ab2ee57b9b9b8b5984346,0,0,0,0,0,0,0,6.3430517911911011e-05,0.25604629516601562,0.011244844121392816,6.3430517911911011e-05,0.25604629516601562,0.011244844121392816,0,0,0.0001,64,64,0,5790.523438,1.608478733,20.086742354757877,352.47989004159126,90896.901158678855
ect.q256.schedule-switch-training-telemetry/v1,q256_fresh_crossed_switch_n12_matpool_numeric_recovery_v2,AB,A,B,273,q256_target_weight_v1,B,1.1000000000000001,1.1000000000000001,4273,4262,546944,546.944000,0,15.210562944412231,0,2502.2548743730367,2502.2548743730367,0,2502.2548743730367,0,0.15102348401815058,0,3962.4310534627257,0,3962.2438860530106,0,128,8c0e30776b28de7c34fcf1efdae4b4b755497af4bddef0d2cf2426dae5affb5f,e29ac88cff070c8bed01717b9db04abbf487245280fd46e3e63b04b0c42d0f7a,79cdbdcc9332b2f9a6a713cd7cc5870102a677b9f81c87419799cb045c7209b4,9e6d79c2ee777a40e604d6def219c9ce4779032be77562330aa5f5093b775d60,9e6d79c2ee777a40e604d6def219c9ce4779032be77562330aa5f5093b775d60,ace761304451066611ddf5ec5d57aaaf83358649044eaa4c5b8b0fc361fef407,ace761304451066611ddf5ec5d57aaaf83358649044eaa4c5b8b0fc361fef407,0,0,0,0,0,0,0,1.3894750736653805e-05,0.22343826293945312,0.013450574304442853,1.3894750736653805e-05,0.22343826293945312,0.013450574304442853,0,0,0.0001,64,64,0,5792.051124,1.608903090,20.085635975798706,378.38734386367281,90970.3644479707
ect.q256.schedule-switch-training-telemetry/v1,q256_fresh_crossed_switch_n12_matpool_numeric_recovery_v2,AB,A,B,274,q256_target_weight_v1,B,1.1000000000000001,1.1000000000000001,4274,4263,547072,547.072000,0,16.48162305355072,0,1300.1985929280199,1300.1985929280199,0,1300.1985929280199,0,0.14701699571422994,0,3962.4313770095873,0,3962.2439816649112,0,128,65f291c2a989ef5d5623d543fb57cd122545fd1feb2474d88de489c296d34903,4c56660cc417e932692a9ba732d43ce5009aa5fd0d1b97dcd16770f85f98257a,002da6f965a71bea56c04adb2359188854f7c9f13661fdbddbb15e86991af5e3,358a32ee935943e5e4ab81f879c5114d286d767dae4a182388c29ece3602e1e5,358a32ee935943e5e4ab81f879c5114d286d767dae4a182388c29ece3602e1e5,e0640caadc2eeee2927a39b4cb776aa42bc1d61caeb08d854383b35f7b1ac43d,e0640caadc2eeee2927a39b4cb776aa42bc1d61caeb08d854383b35f7b1ac43d,0,0,0,0,0,0,0,4.8103975132107735e-05,0.12988853454589844,0.010192040645051748,4.8103975132107735e-05,0.12988853454589844,0.010192040645051748,0,0,0.0001,64,64,0,5793.573461,1.609325961,20.084479185137731,365.79750078276021,90905.532444972298
ect.q256.schedule-switch-training-telemetry/v1,q256_fresh_crossed_switch_n12_matpool_numeric_recovery_v2,AB,A,B,275,q256_target_weight_v1,B,1.1000000000000001,1.1000000000000001,4275,4264,547200,547.200000,0,16.536706328392029,0,1447.9135878689131,1447.9135878689131,0,1447.9135878689131,0,0.14375515080728452,0,3962.4316835035388,0,3962.2440774167803,0,128,ef8c00de0441686b2ee2c593fafc364392a6f62a467b62a26bee7f283a1de6de,e65374680df9b5eb1acdd8e45e96accb242aab14a81e2436d05a462dd02a0a41,309a8394949fe4f8aee8d5414cee562ed1a80662acb35e7328f3c959628557e1,bdd4081ee510c9997818dcaa2d554965911c42b0a2cb3ef476cd261db12bab2e,bdd4081ee510c9997818dcaa2d554965911c42b0a2cb3ef476cd261db12bab2e,dee9ebdfbd7563c522c9ddd7ea0fdd9ce23971981464fe1bef860829c9f2903e,dee9ebdfbd7563c522c9ddd7ea0fdd9ce23971981464fe1bef860829c9f2903e,0,0,0,0,0,0,0,7.696961984038353e-05,0.720062255859375,0.02124885719968006,7.696961984038353e-05,0.720062255859375,0.02124885719968006,0,0,0.0001,64,64,0,5795.097259,1.609749239,20.083366632479496,355.25756607663385,90849.870715329773
ect.q256.schedule-switch-training-telemetry/v1,q256_fresh_crossed_switch_n12_matpool_numeric_recovery_v2,AB,A,B,276,q256_target_weight_v1,B,1.1000000000000001,1.1000000000000001,4276,4265,547328,547.328000,0,13.693329334259033,0,1591.1359417595152,1591.1359417595152,0,1591.1359417595152,0,0.14522537171885844,0,3962.4319046847654,0,3962.2441732356392,0,128,063e921e1949edbdd2ba56b2838f3029b11b8edc7811d3650490f30f298c87b5,c9c7f4775e1e4e81f7811096220f6e11cd0b5ae7cdb93c9399f42d6f3950439e,4d6f3adacfb4f1a8da0bbf1ae471ae8eacbde4e6542f1414d2ca668a05ea8364,eaf2323cd04d3dd1dd8ce7af42dcf9b1293e07b829868709330d4cb8719807a4,eaf2323cd04d3dd1dd8ce7af42dcf9b1293e07b829868709330d4cb8719807a4,4a010403062f94d62029b30205736cf216d6b3bf968e1512c5ed10ac9e421305,4a010403062f94d62029b30205736cf216d6b3bf968e1512c5ed10ac9e421305,0,0,0,0,0,0,0,4.8932852223515511e-05,0.15710067749023438,0.013458984321914613,4.8932852223515511e-05,0.15710067749023438,0.013458984321914613,0,0,0.0001,64,64,0,5796.629387,1.610174830,20.081782556505775,366.19564044133153,90792.985904662812
ect.q256.schedule-switch-training-telemetry/v1,q256_fresh_crossed_switch_n12_matpool_numeric_recovery_v2,AB,A,B,277,q256_target_weight_v1,B,1.1000000000000001,1.1000000000000001,4277,4266,547456,547.456000,0,16.030881643295288,0,2240.5850950789181,2240.5850950789181,0,2240.5850950789181,0,0.14791557362923441,0,3962.4320942221052,0,3962.244269135977,0,128,ce03c32891f3af3efcaac160c4fa50403817a6e8771349fe10b0ec229c662a41,cda164cad14b304874215f5ff4d09ac71297a7d42468e169d666037f2d8e33e1,46b14add01292794deed977e7fda459f3adb1d9c849b7f836fa9ca5345296cbf,7ab0d196df96758e105b69bf14db4c0beb6e2a9f3396a93179287e3854be2ed4,7ab0d196df96758e105b69bf14db4c0beb6e2a9f3396a93179287e3854be2ed4,e103b0d0938b67e79fdcafd9707fe72161cf10599be69f937e42aad050f00a99,e103b0d0938b67e79fdcafd9707fe72161cf10599be69f937e42aad050f00a99,0,0,0,0,0,0,0,0.00010731024667620659,0.3636322021484375,0.013873079034965485,0.00010731024667620659,0.3636322021484375,0.013873079034965485,0,0,0.0001,64,64,0,5798.153608,1.610598224,20.080628111036393,439.31424559697939,90806.045992982981
ect.q256.schedule-switch-training-telemetry/v1,q256_fresh_crossed_switch_n12_matpool_numeric_recovery_v2,AB,A,B,278,q256_target_weight_v1,B,1.1000000000000001,1.1000000000000001,4278,4267,547584,547.584000,0,15.020955324172974,0,1682.3546563373468,1682.3546563373468,0,1682.3546563373468,0,0.14568074783984333,0,3962.4322388032833,0,3962.2443650663404,0,128,d1fc34335d1153747bf02d41184ba4704f7f13d5d933b74d7f3fabf1bed44ab3,1f2fe9ba33f27ee5b32ad620a458110b2eb4a5b9dd7fd725577e9444fa139f27,46267a77b935214a3e4b9e9bf2e41e53ee214fe8839f8258895b29874f18a967,a29fb35033f638c02441dcb31b5fa84d49c95cbc470a49c1a9edcf5206aaeac1,a29fb35033f638c02441dcb31b5fa84d49c95cbc470a49c1a9edcf5206aaeac1,f1dc02664c3da3beab364ff070dd4db18076fd7809ec5d7c40a128d3014f5c1d,f1dc02664c3da3beab364ff070dd4db18076fd7809ec5d7c40a128d3014f5c1d,0,0,0,0,0,0,0,0.00014067813754081726,0.26068115234375,0.011989886581432074,0.00014067813754081726,0.26068115234375,0.011989886581432074,0,0,0.0001,64,64,0,5799.684109,1.611023364,20.078875857588081,369.94083148404354,90770.506534033048
ect.q256.schedule-switch-training-telemetry/v1,q256_fresh_crossed_switch_n12_matpool_numeric_recovery_v2,AB,A,B,279,q256_target_weight_v1,B,1.1000000000000001,1.1000000000000001,4279,4268,547712,547.712000,0,16.696687579154968,0,1782.9844396435274,1782.9844396435274,0,1782.9844396435274,0,0.14759675445873705,0,3962.4322583936346,0,3962.2444609556233,0,128,718a4a0805f7e559e04f1f144a22cd1ad04f2f049d5ebe88ee2de83175f9aea9,09f1e83fe49a3b5dfbd9b25bc9380518b456fc6e08ef1a9a4b7b33f59c46b3d5,0741dd555d81fb7ef621769c201e32d312bb34d53143e916be2fe0a498d93741,d17d1fd937949590a3ddf381fdf83d6acecdf6a08ea040d087a38d52ae9ee3ae,d17d1fd937949590a3ddf381fdf83d6acecdf6a08ea040d087a38d52ae9ee3ae,002f2c7e221e19e8bffbb6d56bfa20902b8a773e4a289241feb144e319579ea2,002f2c7e221e19e8bffbb6d56bfa20902b8a773e4a289241feb144e319579ea2,0,0,0,0,0,0,0,1.6039004549384117e-05,0.078426361083984375,0.0117472437559627,1.6039004549384117e-05,0.078426361083984375,0.0117472437559627,0,0,0.0001,64,64,0,5801.217704,1.611449362,20.07728648721957,346.27684021445202,90731.796038685759
ect.q256.schedule-switch-training-telemetry/v1,q256_fresh_crossed_switch_n12_matpool_numeric_recovery_v2,AB,A,B,280,q256_target_weight_v1,B,1.1000000000000001,1.1000000000000001,4280,4269,547840,547.840000,0,15.196662902832031,0,1451.9223565480584,1451.9223565480584,0,1451.9223565480584,0,0.15027785287794543,0,3962.4321942004931,0,3962.2445567413806,0,128,cdf1687504b6f5af1a726f2a282dab49dfdb94c365d954df49618817be0c519c,23476adb95f964ec1884055226b41a656b76f89e0445cde9f0f9842112fba6c3,2218eb03f66f201cbdb306024c91c7e7a0800b7889046bee3f76b72baf2700d2,0c00eb399779863b67a70f251567997372238b9d7fe2bf409b3223c156a4b329,0c00eb399779863b67a70f251567997372238b9d7fe2bf409b3223c156a4b329,e8c4431baaa88261524ae38f9485a32046ba71279adf07b3e648e5f5844c2e95,e8c4431baaa88261524ae38f9485a32046ba71279adf07b3e648e5f5844c2e95,0,0,0,0,0,0,0,0.00013194838538765907,0.1816864013671875,0.011820903629995883,0.00013194838538765907,0.1816864013671875,0.011820903629995883,0,0,0.0001,64,64,0,5802.762670,1.611878519,20.075801381924141,346.19926271520967,90674.741706587767
ect.q256.schedule-switch-training-telemetry/v1,q256_fresh_crossed_switch_n12_matpool_numeric_recovery_v2,AB,A,B,281,q256_target_weight_v1,B,1.1000000000000001,1.1000000000000001,4281,4270,547968,547.968000,0,15.185045957565308,0,1429.3074672570276,1429.3074672570276,0,1429.3074672570276,0,0.14639283147542159,0,3962.4320859615086,0,3962.2446523677663,0,128,ea09c8375667858d2b98505b2a628d04acbd88e4c1ed1b64b7e6e8d6522ba1ea,63ababfb151411e2b2922a16bdbd788e82366a247228db052856d47c304e578e,a905aa3d38001354719b82231221d86ed6eb2dc1d2d549a6309c0f06dc5359db,d38d945f85bb7d1632f4ccc4245a1e067ef3e020304e2001f14e2e268d9c1441,d38d945f85bb7d1632f4ccc4245a1e067ef3e020304e2001f14e2e268d9c1441,2b91fc9c29ec8ae235eb3904e26fd001616e062d551748cb5531d784ea5f85f4,2b91fc9c29ec8ae235eb3904e26fd001616e062d551748cb5531d784ea5f85f4,0,0,0,0,0,0,0,5.3870724514126778e-05,1.2674560546875,0.027459385804831982,5.3870724514126778e-05,1.2674560546875,0.027459385804831982,0,0,0.0001,64,64,0,5804.293091,1.612303636,20.074313369638357,325.54583519996896,90631.359400356465
ect.q256.schedule-switch-training-telemetry/v1,q256_fresh_crossed_switch_n12_matpool_numeric_recovery_v2,AB,A,B,282,q256_target_weight_v1,B,1.1000000000000001,1.1000000000000001,4282,4271,548096,548.096000,0,16.157871723175049,0,1383.3661158059083,1383.3661158059083,0,1383.3661158059083,0,0.14492203251705105,0,3962.431954248787,0,3962.2447478411946,0,128,0604800af3c6319d4ebbd56e91f3a0ff49a13461010f34122e460729916ccac0,bc69f719498111b55d156d617f87a4daaabe8bcc4373812967b45a9c9c75f670,ca8b933cd5405b136661e8ab5e2127c41017695cd2c8e7ec332bc10cf6b10302,b54f11c48977f0f2d3be6b64ecd2da8f1de56c4deba59ebae88ddfb55dab07fb,b54f11c48977f0f2d3be6b64ecd2da8f1de56c4deba59ebae88ddfb55dab07fb,8e5536a21e972f1ccd5f53c7125e8650fd85ba55ae220397646997e69cd4adfc,8e5536a21e972f1ccd5f53c7125e8650fd85ba55ae220397646997e69cd4adfc,0,0,0,0,0,0,0,0.00018644146621227264,0.18677520751953125,0.01044849184108898,0.00018644146621227264,0.18677520751953125,0.01044849184108898,0,0,0.0001,64,64,0,5805.819597,1.612727666,20.072803570957312,344.99872463900118,90566.733264405906
ect.q256.schedule-switch-training-telemetry/v1,q256_fresh_crossed_switch_n12_matpool_numeric_recovery_v2,AB,A,B,283,q256_target_weight_v1,B,1.1000000000000001,1.1000000000000001,4283,4272,548224,548.224000,0,17.85023295879364,0,1479.5892628353317,1479.5892628353317,0,1479.5892628353317,0,0.1411744545476932,0,3962.4318470758039,0,3962.2448431351086,0,128,5f554bcf6d095160381d9ac7ff45f972cf01738214f2fed1b9a2995ba8d61e06,ffc58cf7ab9118d5e6d9fd9f2ec6fcf0c2b149c5e9207729f78685271f693d3d,d3bf99674f89617961bf9ccd4bf0c7162e26dfd1aec42bb9396a861b0c073bba,58f7c659e414017251068a7abf10db60c21088387c33403c47154db40d3ba686,58f7c659e414017251068a7abf10db60c21088387c33403c47154db40d3ba686,9e740ee28a1bfd69cb82acc94c7579bb5a4facd697a0441cab8f53934cc6875d,9e740ee28a1bfd69cb82acc94c7579bb5a4facd697a0441cab8f53934cc6875d,0,0,0,0,0,0,0,5.7810917496681213e-05,0.32012176513671875,0.012054207676555961,5.7810917496681213e-05,0.32012176513671875,0.012054207676555961,0,0,0.0001,64,64,0,5807.345702,1.613151584,20.070984794308661,365.22620688727454,90528.707534265908
ect.q256.schedule-switch-training-telemetry/v1,q256_fresh_crossed_switch_n12_matpool_numeric_recovery_v2,AB,A,B,284,q256_target_weight_v1,B,1.1000000000000001,1.1000000000000001,4284,4273,548352,548.352000,0,16.952401876449585,0,2289.9564647233087,2289.9564647233087,0,2289.9564647233087,0,0.14494192708046902,0,3962.4317388146214,0,3962.2449383452786,0,128,19f9ff949acc16f294f969f364da301ba1e9a672402ed9ad93be53879ea8eaef,8110a8e632ab52dbdc91d3551fb274d55e30641afbb14b1275328240722cb26a,3448f2f7b560f2814edd7fbd12db3ab6653e3e844f2967f232e3e8f6ee50043e,9841d76b30055c8f8210719406bcad2d9e8970c8e67e077119d14019d2a029a2,9841d76b30055c8f8210719406bcad2d9e8970c8e67e077119d14019d2a029a2,bcfb15b50fefb574397962741af027818f61af2b39f541855c020eaae0fa1b70,bcfb15b50fefb574397962741af027818f61af2b39f541855c020eaae0fa1b70,0,0,0,0,0,0,0,4.2044324800372124e-05,0.41242218017578125,0.016922635200899094,4.2044324800372124e-05,0.41242218017578125,0.016922635200899094,0,0,0.0001,64,64,0,5808.870196,1.613575055,20.068789794351968,443.00850463545675,90558.064924502716
ect.q256.schedule-switch-training-telemetry/v1,q256_fresh_crossed_switch_n12_matpool_numeric_recovery_v2,AB,A,B,285,q256_target_weight_v1,B,1.1000000000000001,1.1000000000000001,4285,4274,548480,548.480000,0,16.849196195602417,0,1714.9571381470528,1714.9571381470528,0,1714.9571381470528,0,0.14671823759656269,0,3962.4316384646013,0,3962.2450334532577,0,128,dee377a6e15632fafd5d286c33497541c7bc946c072ef52462ce2e65ce714628,e4104b2e04ac20c70309d664dc03a4f891c38cfe799d94f757d1745d11575b03,d6d8b122a68d6e7511b7dc2403164c7fda4ee9efef3d9ec36ce60f18772c5195,29e2f882ebaad63f86faf50cad016cd4ea15e5561bfa739b58e16dd36e21627d,29e2f882ebaad63f86faf50cad016cd4ea15e5561bfa739b58e16dd36e21627d,f5a392f1195c04ba804153df43cc3b323616eede9793a3ce6f6bd8e4251b5ab4,f5a392f1195c04ba804153df43cc3b323616eede9793a3ce6f6bd8e4251b5ab4,0,0,0,0,0,0,0,7.0863869041204453e-05,0.722930908203125,0.015990432177204639,7.0863869041204453e-05,0.722930908203125,0.015990432177204639,0,0,0.0001,64,64,0,5810.394648,1.613998513,20.066236667338021,380.62123972332648,90508.168073025343
ect.q256.schedule-switch-training-telemetry/v1,q256_fresh_crossed_switch_n12_matpool_numeric_recovery_v2,AB,A,B,286,q256_target_weight_v1,B,1.1000000000000001,1.1000000000000001,4286,4275,548608,548.608000,0,13.953794598579407,0,1361.819419527061,1361.819419527061,0,1361.819419527061,0,0.14453628900565899,0,3962.4316072809338,0,3962.2451284730741,0,128,033691dfae8a14ef0b208a6b91692f87d6a552da72c231055d59696cdbe74068,986dbd0846d00d93ff03ce80807f0d47a9cf32246f33c6922e4aa870f05e3475,1cf0c0a92366d7a17af387f818061391a2a8041c23c9f1f0bc116cecdececdef,d1e19caf4e2ef2020616005463ef3d52cbb1240ce7396256f79832f0b581f2ff,d1e19caf4e2ef2020616005463ef3d52cbb1240ce7396256f79832f0b581f2ff,f1ddca7218efa398242b73ac5c4cc589533d9780a580d036eccff822df13f38e,f1ddca7218efa398242b73ac5c4cc589533d9780a580d036eccff822df13f38e,0,0,0,0,0,0,0,2.5386572815477848e-05,0.26824569702148438,0.013291123206727207,2.5386572815477848e-05,0.26824569702148438,0.013291123206727207,0,0,0.0001,64,64,0,5811.919982,1.614422217,20.063904488024498,396.93834494193965,90444.351246055274
ect.q256.schedule-switch-training-telemetry/v1,q256_fresh_crossed_switch_n12_matpool_numeric_recovery_v2,AB,A,B,287,q256_target_weight_v1,B,1.1000000000000001,1.1000000000000001,4287,4276,548736,548.736000,0,17.432590246200562,0,2641.8979595790679,2641.8979595790679,0,2641.8979595790679,0,0.15013822466254054,0,3962.4316249572598,0,3962.2452234796397,0,128,8e94dcf08ddd56287296b71f318099c13b99670409d85b9a50c0541bf7798ea0,1be6de938049f2c78bbb4d0f257477da756173d867dd5a0a46102a6be56aa91d,02f063411bf3e646db8f7e09fc61c4ce672dca1c7316d60edc01d37abf7a0f50,088baedb94fe6eb305b8c0753de60e466f0c77e474b4c6312141af6407eeefae,088baedb94fe6eb305b8c0753de60e466f0c77e474b4c6312141af6407eeefae,c2d5d0581f528ac359b63c8bfbfd959ef7bfbff5750ee97e7995d9d37b9d25c5,c2d5d0581f528ac359b63c8bfbfd959ef7bfbff5750ee97e7995d9d37b9d25c5,0,0,0,0,0,0,0,2.2939755581319332e-05,0.7065277099609375,0.015132231637835503,2.2939755581319332e-05,0.7065277099609375,0.015132231637835503,0,0,0.0001,64,64,0,5813.450109,1.614847253,20.061884204141865,368.77451332188087,90524.330921722343
ect.q256.schedule-switch-training-telemetry/v1,q256_fresh_crossed_switch_n12_matpool_numeric_recovery_v2,AB,A,B,288,q256_target_weight_v1,B,1.1000000000000001,1.1000000000000001,4288,4277,548864,548.864000,0,17.745786786079407,0,1939.1711536603907,1939.1711536603907,0,1939.1711536603907,0,0.15130833405274713,0,3962.431721407364,0,3962.2453184378069,0,128,826b0393a8add65dcac1bb33a5bf92ba67eb1de3e745150153bd766f9c3c9edc,240dd2841932a9560780b6cb44ffafce32d98ecc2e164b6299bc56bc22b72145,b16181492cbb905571e054b50ed2d0b90ed772e8a39087d9e6eedd1dee1cace7,4caf673464566bf8445463882dd4580271291445d6f1d4c3f55a74721ebe67c0,4caf673464566bf8445463882dd4580271291445d6f1d4c3f55a74721ebe67c0,2eb869a94992de14a78b0583e573b961deb7392bc58c83988460ecd39a9c4dd6,2eb869a94992de14a78b0583e573b961deb7392bc58c83988460ecd39a9c4dd6,0,0,0,0,0,0,0,2.6238732971251011e-05,0.7711639404296875,0.014010154118295759,2.6238732971251011e-05,0.7711639404296875,0.014010154118295759,0,0,0.0001,64,64,0,5814.980892,1.615272470,20.059530912986563,391.86294291275641,90511.81416199659
ect.q256.schedule-switch-training-telemetry/v1,q256_fresh_crossed_switch_n12_matpool_numeric_recovery_v2,AB,A,B,289,q256_target_weight_v1,B,1.1000000000000001,1.1000000000000001,4289,4278,548992,548.992000,0,16.66654896736145,0,2622.074201653707,2622.074201653707,0,2622.074201653707,0,0.16655156406490348,0,3962.4318672742043,0,3962.2454134598602,0,128,3090fbf934a1e723e2b53c21f42c98eafc94ad68ef0962fe020318e5a25491a9,cc9e5c4bbeca84786d68ef26f723ce8c6a86ea97dc8921c5a6d4d9c007336a20,5c12745cfc660e992de14813802b6f00ca5e808f4ad6541a1fe64d801c3fe349,e2e248c915743b990d388150de363dd097dad162a7442d56cb1131a6512c634e,e2e248c915743b990d388150de363dd097dad162a7442d56cb1131a6512c634e,b6ea5872e01ec7f9f4d2224a291b10be9ae98eed43e292aeed61d33855e1011f,b6ea5872e01ec7f9f4d2224a291b10be9ae98eed43e292aeed61d33855e1011f,0,0,0,0,0,0,0,0.00013055326417088509,0.14697265625,0.010904444439802319,0.00013055326417088509,0.14697265625,0.010904444439802319,0,0,0.0001,64,64,0,5816.505665,1.615696018,20.057146816670553,395.81499839527925,90510.472964104192
ect.q256.schedule-switch-training-telemetry/v1,q256_fresh_crossed_switch_n12_matpool_numeric_recovery_v2,AB,A,B,290,q256_target_weight_v1,B,1.1000000000000001,1.1000000000000001,4290,4279,549120,549.120000,0,15.839262366294861,0,1383.1058974936607,1383.1058974936607,0,1383.1058974936607,0,0.15974157492043753,0,3962.4321211200199,0,3962.2455086491846,0,128,18fc419431c00d91eee47ae297ab562084219c9f41d194652330728a5b3d7bc8,20a37f0b4a4b2a5095cfc1dc1c989d5a33e9a95a6c117203cc78eafa26bcd151,c21bdbd9a2ceea9a86d4e3c8188a7502ea95603372025002583390b2b397c3c0,372f8ae4d751cb988bcbeac58e003acd4f2936c379b28939f26d63f1186f96e0,372f8ae4d751cb988bcbeac58e003acd4f2936c379b28939f26d63f1186f96e0,9f3e983a12a712663e000a79f3cafe13a47d60592887854a3274a95e69b0a472,9f3e983a12a712663e000a79f3cafe13a47d60592887854a3274a95e69b0a472,0,0,0,0,0,0,0,6.136670708656311e-05,0.358551025390625,0.015301347011700273,6.136670708656311e-05,0.358551025390625,0.015301347011700273,0,0,0.0001,64,64,0,5818.050975,1.616125271,20.054904343897526,388.7253978763664,90460.942607890029
ect.q256.schedule-switch-training-telemetry/v1,q256_fresh_crossed_switch_n12_matpool_numeric_recovery_v2,AB,A,B,291,q256_target_weight_v1,B,1.1000000000000001,1.1000000000000001,4291,4280,549248,549.248000,0,14.640716791152954,0,1579.3642835949115,1579.3642835949115,0,1579.3642835949115,0,0.15830974902331738,0,3962.4324008997901,0,3962.2456039293002,0,128,04cb236ca5b41a590542b00bd8662f546c889f384ffd05ed2f46475b1bce79fe,1d583fb94ab3d27c7af9d38c1c1fa2ed332717399daeb41e972ee46aaae91cb5,4130d7e3c234b72b2a183ce2a2a5ef06da1aad2a47142a843cea0664fe8881a4,8af8c4d8792c5afd5acaa87b1b1e9e0a87156833b48bdd13671ae936f9e14604,8af8c4d8792c5afd5acaa87b1b1e9e0a87156833b48bdd13671ae936f9e14604,98aa06822e21c246148e2c4744ceb90795f631573c92870eee9029b870ae4388,98aa06822e21c246148e2c4744ceb90795f631573c92870eee9029b870ae4388,0,0,0,0,0,0,0,4.3387291952967644e-05,0.342926025390625,0.015021017286926508,4.3387291952967644e-05,0.342926025390625,0.015021017286926508,0,0,0.0001,64,64,0,5819.601069,1.616555852,20.052990334859214,370.84357049494923,90410.307424604485
ect.q256.schedule-switch-training-telemetry/v1,q256_fresh_crossed_switch_n12_matpool_numeric_recovery_v2,AB,A,B,292,q256_target_weight_v1,B,1.1000000000000001,1.1000000000000001,4292,4281,549376,549.376000,0,14.334264278411865,0,1786.030590527761,1786.030590527761,0,1786.030590527761,0,0.15551303297205796,0,3962.4327056447173,0,3962.2456993804312,0,128,32d0e9211cac8a5fdcc936bfdc7470d808cb90038e1b95b49553d8648c1ea057,82adfa9586aad310cbcd4a3553f839c5bfbed4337c4c44f66b9a9b94e76f66d8,f807b238ff5ee2aa07b509545f4d23d51c94a1cf2a4405619fb29e09aa6cbbf6,b338ab5f7b179cc10f08693123e9f9db84f1c3966da03dc24b0ba422a0d7b1fc,b338ab5f7b179cc10f08693123e9f9db84f1c3966da03dc24b0ba422a0d7b1fc,e9d8bf52a178a2b99331245421c5aa8a342b3d2dd6805824bd64e48a4b8e4f7b,e9d8bf52a178a2b99331245421c5aa8a342b3d2dd6805824bd64e48a4b8e4f7b,0,0,0,0,0,0,0,6.0760648921132088e-05,0.27615737915039062,0.014063279144465923,6.0760648921132088e-05,0.27615737915039062,0.014063279144465923,0,0,0.0001,64,64,0,5821.138434,1.616982898,20.051442485487488,411.15682337260375,90380.881435294636
ect.q256.schedule-switch-training-telemetry/v1,q256_fresh_crossed_switch_n12_matpool_numeric_recovery_v2,AB,A,B,293,q256_target_weight_v1,B,1.1000000000000001,1.1000000000000001,4293,4282,549504,549.504000,0,16.785751581192017,0,1010.6022120068565,1010.6022120068565,0,1010.6022120068565,0,0.1498854004771451,0,3962.4330233464229,0,3962.2457949633686,0,128,682270434a49c0b6aec328f8ebd6bb2c45f8bdbb98b60d14397227a69bc5628b,99fad2a0be0e178798f3fc50f7d1549597394bd78705c2d64a134f27a4a3b644,21da6dcaedb2c1c900fc54d59575ee80e6edca124735f972c39ba6017e3a6dcf,1a50cc9318e3c931e29b6e96a9b56490492e6fb73235e7492285178ec8995f5a,1a50cc9318e3c931e29b6e96a9b56490492e6fb73235e7492285178ec8995f5a,fed998a793bb093f0e1edfba69a90550a0a6494441da7d08516419ad3cf59107,fed998a793bb093f0e1edfba69a90550a0a6494441da7d08516419ad3cf59107,0,0,0,0,0,0,0,2.8488808311522007e-05,0.26576995849609375,0.014118300867266953,2.8488808311522007e-05,0.26576995849609375,0.014118300867266953,0,0,0.0001,64,64,0,5822.663188,1.617406441,20.049958425735046,375.7379744526782,90303.742929180473
ect.q256.schedule-switch-training-telemetry/v1,q256_fresh_crossed_switch_n12_matpool_numeric_recovery_v2,AB,A,B,294,q256_target_weight_v1,B,1.1000000000000001,1.1000000000000001,4294,4283,549632,549.632000,0,15.987775683403015,0,1216.3754018765617,1216.3754018765617,0,1216.3754018765617,0,0.1457584426406329,0,3962.4333431275213,0,3962.2458907065002,0,128,602c1987edd37c08e697741c5d387691254801c49e71aebc56176596aa08cbcd,de0aca98b7cdc18ee89678a794540d50cd037c9825be8e8525cdfacffed75640,b8837e1f859754f7f442dc9663789f5a40ccd77396fec4069735815270bf7607,afdb821199569abe9ca5b0d55a34585c57e1a9bbe50546998a2087b8fe4d2a52,afdb821199569abe9ca5b0d55a34585c57e1a9bbe50546998a2087b8fe4d2a52,9d71a18ae1f0b22f8d7e38ca190a8ca007c85e7cba8207bfe00b394507c7d5c9,9d71a18ae1f0b22f8d7e38ca190a8ca007c85e7cba8207bfe00b394507c7d5c9,0,0,0,0,0,0,0,2.0289444364607334e-05,0.23956298828125,0.011749987141229212,2.0289444364607334e-05,0.23956298828125,0.011749987141229212,0,0,0.0001,64,64,0,5824.188397,1.617830110,20.048441884124365,342.98360392703592,90241.652886741256
ect.q256.schedule-switch-training-telemetry/v1,q256_fresh_crossed_switch_n12_matpool_numeric_recovery_v2,AB,A,B,295,q256_target_weight_v1,B,1.1000000000000001,1.1000000000000001,4295,4284,549760,549.760000,0,16.230179369449615,0,2076.2168081792843,2076.2168081792843,0,2076.2168081792843,0,0.15376914015979526,0,3962.4337261304959,0,3962.2459866733857,0,128,191943ca014db8b0ab841adb1481e4b85ff3f615bc06de307b6dce009d0458c1,8bd9e7b7ba0a4983dae4dd590406bf7660e5dc46193446cd5124d599f428d8b2,4e62ecab597d2792807c5babd94da058e439105efeadf655621281a853c6a767,d82e2ba6333bd2dec26399533d8bbda79326735293b538ec0d0255a07dac5a42,d82e2ba6333bd2dec26399533d8bbda79326735293b538ec0d0255a07dac5a42,06b2807b6d5d5c8558b72647a7f3df96de7b61c91e351ba7d97ad7d95a2de749,06b2807b6d5d5c8558b72647a7f3df96de7b61c91e351ba7d97ad7d95a2de749,0,0,0,0,0,0,0,3.7092831917107105e-06,0.54978179931640625,0.018343629315495491,3.7092831917107105e-06,0.54978179931640625,0.018343629315495491,0,0,0.0001,64,64,0,5825.721034,1.618255843,20.047065097916974,394.55513829307847,90249.954737555337
ect.q256.schedule-switch-training-telemetry/v1,q256_fresh_crossed_switch_n12_matpool_numeric_recovery_v2,AB,A,B,296,q256_target_weight_v1,B,1.1000000000000001,1.1000000000000001,4296,4285,549888,549.888000,0,17.727511882781982,0,1379.7950422604963,1379.7950422604963,0,1379.7950422604963,0,0.15055694019933569,0,3962.4340552080407,0,3962.2460828050039,0,128,5887ffe6a8f1c4bda2b288a42a246036c259048da63e77f85cda6fbe48926bda,1388098558ac10eaf703c5053d325a4aac629ddee9e395cf67b2b712a57fab9c,7d57a03945303e2258726603ce886febc4bc8b6eee12e97af1b567a894ec598a,0ca44878e372a25e1bfa795640bb1e45806422e04ee3e72fdd2465d1cdb99f83,0ca44878e372a25e1bfa795640bb1e45806422e04ee3e72fdd2465d1cdb99f83,d0d0176310e3aed763996583ddad6ed067f163e72d0b009e57004a50569586d7,d0d0176310e3aed763996583ddad6ed067f163e72d0b009e57004a50569586d7,0,0,0,0,0,0,0,5.8128964155912399e-05,0.6434326171875,0.018459494051057845,5.8128964155912399e-05,0.6434326171875,0.018459494051057845,0,0,0.0001,64,64,0,5827.453490,1.618737081,20.045811468104894,393.13750011118987,90188.63380917086
ect.q256.schedule-switch-training-telemetry/v1,q256_fresh_crossed_switch_n12_matpool_numeric_recovery_v2,AB,A,B,297,q256_target_weight_v1,B,1.1000000000000001,1.1000000000000001,4297,4286,550016,550.016000,0,16.176157712936401,0,1338.1701211885966,1338.1701211885966,0,1338.1701211885966,0,0.14701634233343208,0,3962.4342985948319,0,3962.246179036702,0,128,4312c2412018c744ef127deffb5e18b9da34d98c424e4be426663ea3c60d2d33,b4335bf3d9597fee659281e7f0f56d3e85105fd64a8a352b525897f9e5e7a5c6,7a42b8dbb125052b17d0a207f9fbd199b823d398f6418b96c411663b649f4cb6,9ced165d6e8eb328c03d2ad1ec76f5d31ab93c686d0dc9e1ccfa1c158354dca9,9ced165d6e8eb328c03d2ad1ec76f5d31ab93c686d0dc9e1ccfa1c158354dca9,3e4294287c74b90d31806fea4fc7ebf29abba29f1d401997214f8417dd47eb77,3e4294287c74b90d31806fea4fc7ebf29abba29f1d401997214f8417dd47eb77,0,0,0,0,0,0,0,4.6487199142575264e-05,0.4146575927734375,0.013208041433244944,4.6487199142575264e-05,0.4146575927734375,0.013208041433244944,0,0,0.0001,64,64,0,5829.453764,1.619292712,20.044454841764797,374.88205845751139,90121.428125963139
ect.q256.schedule-switch-training-telemetry/v1,q256_fresh_crossed_switch_n12_matpool_numeric_recovery_v2,AB,A,B,298,q256_target_weight_v1,B,1.1000000000000001,1.1000000000000001,4298,4287,550144,550.144000,0,14.972771406173706,0,1462.4893676910349,1462.4893676910349,0,1462.4893676910349,0,0.14761007933838449,0,3962.4344891346836,0,3962.2462752827296,0,128,f74e975c4c7111cde9181cced67e1b80e4c10f12e9d2bfe1801cbe85f10582aa,d7d146fb172d552704633932071d240c8f4248e88f97bb7c0662b9f4c54f73eb,83584647435a845517b01b334864067df3c7987265051c48a0d551d4ac2f537b,0d066f54b0066bcf6530e21ca40085a878053b7aa87905821b589c242e9166d8,0d066f54b0066bcf6530e21ca40085a878053b7aa87905821b589c242e9166d8,1a86c87f073afdb6c48362b2eb532b00c4f67dd2a91b3b5a71beb07baf149e1c,1a86c87f073afdb6c48362b2eb532b00c4f67dd2a91b3b5a71beb07baf149e1c,0,0,0,0,0,0,0,7.6216878369450569e-05,0.547332763671875,0.019499662681482732,7.6216878369450569e-05,0.547332763671875,0.019499662681482732,0,0,0.0001,64,64,0,5831.418889,1.619838580,20.043167321631167,362.98221474548427,90057.600847636291
ect.q256.schedule-switch-training-telemetry/v1,q256_fresh_crossed_switch_n12_matpool_numeric_recovery_v2,AB,A,B,299,q256_target_weight_v1,B,1.1000000000000001,1.1000000000000001,4299,4288,550272,550.272000,0,15.28589940071106,0,1530.8237029331999,1530.8237029331999,0,1530.8237029331999,0,0.14897695934116498,0,3962.4345814270268,0,3962.2463715735107,0,128,df5d2c46ca3db43d07e43394bc9c56f6ba38771457d2dc316574689796d7c98d,80ae3bfcbcd0470ee41ac9b8455e1ab743b9929c7139d87dc17020fcc4db5fb0,ab11745a403b5a37d7b6ae8a1a99fc241c4f51c58ea1184403d60241faf50fbd,626dd40b0861b4eaa8fbfbcaa0eb448f642ac8820e5fb935b6eddcfc03cb7fc0,626dd40b0861b4eaa8fbfbcaa0eb448f642ac8820e5fb935b6eddcfc03cb7fc0,ca06622f479a7a024d8048f07f684a368d56e569d8f7b5788832df18a6f68319,ca06622f479a7a024d8048f07f684a368d56e569d8f7b5788832df18a6f68319,0,0,0,0,0,0,0,1.1279364116489887e-05,1.11395263671875,0.023624894907698035,1.1279364116489887e-05,1.11395263671875,0.023624894907698035,0,0,0.0001,64,64,0,5833.352759,1.620375766,20.041794963583168,351.99272825436162,90007.53380213464
ect.q256.schedule-switch-training-telemetry/v1,q256_fresh_crossed_switch_n12_matpool_numeric_recovery_v2,AB,A,B,300,q256_target_weight_v1,B,1.1000000000000001,1.1000000000000001,4300,4289,550400,550.400000,0,15.803369402885437,0,2010.0444678663084,2010.0444678663084,0,2010.0444678663084,0,0.15405319728239003,0,3962.4346277320956,0,3962.2464679240802,0,128,aa7ade2907d57a97ac690a25b2e2f927372e8eade16a51cf3ebc139d90b2453c,c208a0c1bc18db50953d5571684c177dd87975eb25a9c77b1204bce1f5a84ab3,0fdcb673f01be2d018244bf8f7178fdd50a686761ea658272206bf617576c688,887e68464dd086bf023300755e51e6f43ecd99d1865d1df2534f725ef57e96e7,887e68464dd086bf023300755e51e6f43ecd99d1865d1df2534f725ef57e96e7,8e6d254d3f51694ed4ac204a243a482485b5ac88eda88bddf6f529cb77e20ae6,8e6d254d3f51694ed4ac204a243a482485b5ac88eda88bddf6f529cb77e20ae6,0,0,0,0,0,0,0,5.3535448387265205e-05,0.1629486083984375,0.012406371824909002,5.3535448387265205e-05,0.1629486083984375,0.012406371824909002,0,0,0.0001,64,64,0,5835.286501,1.620912917,20.040605953804697,374.16445921003992,89998.084900382106
ect.q256.schedule-switch-training-telemetry/v1,q256_fresh_crossed_switch_n12_matpool_numeric_recovery_v2,AB,A,B,301,q256_target_weight_v1,B,1.1000000000000001,1.1000000000000001,4301,4290,550528,550.528000,0,15.912958979606628,0,1692.681784735157,1692.681784735157,0,1692.681784735157,0,0.15094952809281556,0,3962.4345563690244,0,3962.246564175281,0,128,2f0551eb4c0473a423885df27b7e41cea5bec01a993436b169855ac44d842a38,27527aa082ca0eb76db12180a907b8d2b00c2c1ab5e2b9bc366476109aee7678,3b52bd0b645c0007ad93c805d089ee6fcfae6d08665e3a2b99be10407fa23ee0,a0c2206f295e4b94c822520fca76d90fc2112d31921c7ab7a512ec69bf956c50,a0c2206f295e4b94c822520fca76d90fc2112d31921c7ab7a512ec69bf956c50,ae0b01b9dbcac2001ef52d4c406be7d851ed877e2c5a105932621cf993325b90,ae0b01b9dbcac2001ef52d4c406be7d851ed877e2c5a105932621cf993325b90,0,0,0,0,0,0,0,6.068195216357708e-05,0.25324249267578125,0.015364303253591061,6.068195216357708e-05,0.25324249267578125,0.015364303253591061,0,0,0.0001,64,64,0,5837.220012,1.621450003,20.03933501901323,382.95838203930782,89967.676591824827
ect.q256.schedule-switch-training-telemetry/v1,q256_fresh_crossed_switch_n12_matpool_numeric_recovery_v2,AB,A,B,302,q256_target_weight_v1,B,1.1000000000000001,1.1000000000000001,4302,4291,550656,550.656000,0,14.968706846237183,0,1806.458945128262,1806.458945128262,0,1806.458945128262,0,0.15303015984867704,0,3962.4344646135482,0,3962.2466602763657,0,128,122b64944fe9254b4de722f024a3b3c6b3b5fa5d3e37ac1363fcf0a0848e96e5,da067e16e8e847fc66c521bae6dc74665d1f56a1e7461fe208ff6b44f4e5ada5,3287d6065d60b0946b1b1a0b9e3cd7a1ca2a1e1d34a605013db825789ee89a4c,a1ec2b3d359dc87d3e892c58bcf0202cf367624cba903f2b4b93c4814f808751,a1ec2b3d359dc87d3e892c58bcf0202cf367624cba903f2b4b93c4814f808751,a91ec0fe123157d5fb2d577d031423af2ad298f9602894e0f4c300068d4df3ad,a91ec0fe123157d5fb2d577d031423af2ad298f9602894e0f4c300068d4df3ad,0,0,0,0,0,0,0,2.8663431294262409e-05,0.2825927734375,0.016323291580192745,2.8663431294262409e-05,0.2825927734375,0.016323291580192745,0,0,0.0001,64,64,0,5839.153494,1.621987082,20.038286434621149,399.45863860458621,89928.22898249948
ect.q256.schedule-switch-training-telemetry/v1,q256_fresh_crossed_switch_n12_matpool_numeric_recovery_v2,AB,A,B,303,q256_target_weight_v1,B,1.1000000000000001,1.1000000000000001,4303,4292,550784,550.784000,0,14.697679758071899,0,1637.9843141230142,1637.9843141230142,0,1637.9843141230142,0,0.15253805766092463,0,3962.4343444831188,0,3962.2467561831327,0,128,e34d64babe33da5cb4990df3b8788447aff9d7a798b1c8913965666f5d25f14b,ee3de6f359ca113a209f7d116a466bb0e6324e4323a608c23c4665a8577df771,a2f34beffb11daadde2d17bd1fcba0339716f162d152e148fe27729fff49f469,edc6631772c8ac24baad3898b661db9f494033979b123ca16768c45aa78684d0,edc6631772c8ac24baad3898b661db9f494033979b123ca16768c45aa78684d0,caf9a3f83d36b9ca48790aec6457b49293297b80572748c2c3f7a5c87cca3cd9,caf9a3f83d36b9ca48790aec6457b49293297b80572748c2c3f7a5c87cca3cd9,0,0,0,0,0,0,0,0.00018963031470775604,0.13447189331054688,0.011063138372264802,0.00018963031470775604,0.13447189331054688,0.011063138372264802,0,0,0.0001,64,64,0,5841.091489,1.622525413,20.037517562903929,383.98422970181144,89868.95580406714
ect.q256.schedule-switch-training-telemetry/v1,q256_fresh_crossed_switch_n12_matpool_numeric_recovery_v2,AB,A,B,304,q256_target_weight_v1,B,1.1000000000000001,1.1000000000000001,4304,4293,550912,550.912000,0,16.40739917755127,0,1479.9645712328636,1479.9645712328636,0,1479.9645712328636,0,0.15217046371332418,0,3962.4342379631121,0,3962.2468519926406,0,128,7efa8f5e4d752097c388d46a4e9c745a7b8efc23141281f473141609f63c5a70,b96dbcc331e39a31a2cb8caa90fcf62471127fc144037827dae1950d0db26659,41e789f91cf179698748d073bf3faf85be600fb1d948daea49ede3693d653afe,7ec4889b6beaec69bf2f4113aaa5a0a26aa4f0ad66c232d36554610591f7b813,7ec4889b6beaec69bf2f4113aaa5a0a26aa4f0ad66c232d36554610591f7b813,75b5f2652037964c863d7544908829844d60da500bff284f6bfe63dffd3c6806,75b5f2652037964c863d7544908829844d60da500bff284f6bfe63dffd3c6806,0,0,0,0,0,0,0,3.7873629480600357e-05,0.18284225463867188,0.012226653634570539,3.7873629480600357e-05,0.18284225463867188,0.012226653634570539,0,0,0.0001,64,64,0,5843.034829,1.623065230,20.036615913897212,397.75828284400302,89805.092532860435
ect.q256.schedule-switch-training-telemetry/v1,q256_fresh_crossed_switch_n12_matpool_numeric_recovery_v2,AB,A,B,305,q256_target_weight_v1,B,1.1000000000000001,1.1000000000000001,4305,4294,551040,551.040000,0,17.905499935150146,0,2692.7471412237842,2692.7471412237842,0,2692.7471412237842,0,0.15997620126506548,0,3962.4340867607157,0,3962.2469476498518,0,128,0bce9fd169ed89d3ef3cd299774d42484e7935bdd37b2aa9d23e4680f14c4efe,d2fd28a0a3b31f107bb7578e9a43408b6b1c53b58bd507e02d1b72b9f9334f3f,0e5860d07a00a944d1113e0f6e30e53f52d0adcce94f129ce56da07a16248031,5d06b60061962a9f9a7cbb27ca1b7fcfc92bef6eb3753e6d8e192d6afd62fa00,5d06b60061962a9f9a7cbb27ca1b7fcfc92bef6eb3753e6d8e192d6afd62fa00,4979b219d76c8fc4c220b84495fd0969f0a0bf800df8c8f5e3ee0f43b668e4ed,4979b219d76c8fc4c220b84495fd0969f0a0bf800df8c8f5e3ee0f43b668e4ed,0,0,0,0,0,0,0,3.3337739296257496e-05,0.087724685668945312,0.0099605417344719172,3.3337739296257496e-05,0.087724685668945312,0.0099605417344719172,0,0,0.0001,64,64,0,5844.970098,1.623602805,20.035959579833289,497.80018055206727,89841.774909999207
ect.q256.schedule-switch-training-telemetry/v1,q256_fresh_crossed_switch_n12_matpool_numeric_recovery_v2,AB,A,B,306,q256_target_weight_v1,B,1.1000000000000001,1.1000000000000001,4306,4295,551168,551.168000,0,16.222570180892944,0,2241.2124319007003,2241.2124319007003,0,2241.2124319007003,0,0.16359612463895748,0,3962.4339064357,0,3962.2470431347788,0,128,345a6ce766b2daf87cdce7cb8c2ac277125e05418eba51c75e015409dbeaa54f,712f1590540933c8cc98cdd1a7216df0b6b9f6ef1c476d975b51674edee73b16,c65dcb1c8366d143968e0df1af49822ad31a02342122ca773e52b5b0a3d62c0e,6e1790eeb9f4c81f1b736b6e2b643eb51d1a54b228b9f00b62327aa65bb00ff1,6e1790eeb9f4c81f1b736b6e2b643eb51d1a54b228b9f00b62327aa65bb00ff1,8ae0b8b330a591ed987cf156470ee83c3b55523501fb1607a8ca711dbd304cd4,8ae0b8b330a591ed987cf156470ee83c3b55523501fb1607a8ca711dbd304cd4,0,0,0,0,0,0,0,6.499188020825386e-05,0.048227310180664062,0.0095923970220610499,6.499188020825386e-05,0.048227310180664062,0.0095923970220610499,0,0,0.0001,64,64,0,5846.902056,1.624139460,20.035037481239407,487.41665594320222,89808.227789161494
ect.q256.schedule-switch-training-telemetry/v1,q256_fresh_crossed_switch_n12_matpool_numeric_recovery_v2,AB,A,B,307,q256_target_weight_v1,B,1.1000000000000001,1.1000000000000001,4307,4296,551296,551.296000,0,16.1444091796875,0,1401.1314443343356,1401.1314443343356,0,1401.1314443343356,0,0.16042146452096079,0,3962.4338455265483,0,3962.2471384676815,0,128,092b0e3f402e54f429f9d5f725c4b683d1c703d6baa91b19e4f7585aacbd442b,d381c8fdcb6c18e13a8f29824f9d7e779cf83a271c3f4ff71d89053e7c283bdc,a4628ade04870ed86144c6aaf966fbf9dd0ab70c1ec118668ef49a2b99bef03d,6d14bdde02430e2a2706a971329c9e94b3eafdfc770e6cf7e37ab44650192487,6d14bdde02430e2a2706a971329c9e94b3eafdfc770e6cf7e37ab44650192487,d353a8e5c04340b1d0fab4418ca42d1d2efa8ec6e54e92c4106ff018cf1254a9,d353a8e5c04340b1d0fab4418ca42d1d2efa8ec6e54e92c4106ff018cf1254a9,0,0,0,0,0,0,0,7.0818234235048294e-05,0.0977630615234375,0.0097259386675432324,7.0818234235048294e-05,0.0977630615234375,0.0097259386675432324,0,0,0.0001,64,64,0,5848.833329,1.624675925,20.03472664429945,436.69594280741035,89747.541393258274
ect.q256.schedule-switch-training-telemetry/v1,q256_fresh_crossed_switch_n12_matpool_numeric_recovery_v2,AB,A,B,308,q256_target_weight_v1,B,1.1000000000000001,1.1000000000000001,4308,4297,551424,551.424000,0,16.309363603591919,0,1471.7922942966256,1471.7922942966256,0,1471.7922942966256,0,0.15272360472788357,0,3962.433880373153,0,3962.2472337597264,0,128,d53d4f2ccc9f910e9014dcfbc1d02b791f71bf5378e15499a4c9a5fc88aeb952,1e6b7ca6f508e407bc5c6e0f885eac0437e7a3d08002798f9edd71133aae6033,247f3bad4f050f4fea7f6277e49b67cc1192e0caa6510bcffd65d2132dd8770f,dc2f87f023fe40ff5b860c77bc23508d4c6676efb8ef15bd7253b7248c3f568b,dc2f87f023fe40ff5b860c77bc23508d4c6676efb8ef15bd7253b7248c3f568b,9a3c88907acb7f3a096d9a9ea2d81a4d4d8bb93dc4ab875304476af86f25e1d4,9a3c88907acb7f3a096d9a9ea2d81a4d4d8bb93dc4ab875304476af86f25e1d4,0,0,0,0,0,0,0,8.375965990126133e-05,0.18589019775390625,0.011008853791281581,8.375965990126133e-05,0.18589019775390625,0.011008853791281581,0,0,0.0001,64,64,0,5850.765344,1.625212595,20.034375257575185,388.82350100940226,89707.06058477996
ect.q256.schedule-switch-training-telemetry/v1,q256_fresh_crossed_switch_n12_matpool_numeric_recovery_v2,AB,A,B,309,q256_target_weight_v1,B,1.1000000000000001,1.1000000000000001,4309,4298,551552,551.552000,0,15.768191933631897,0,2217.6312834503069,2217.6312834503069,0,2217.6312834503069,0,0.15454512991164962,0,3962.4340302100004,0,3962.2473290820476,0,128,16399a4e44969addd3be2d1ee666b40eb780b2280e5cc4bde5e0825e5af2ee84,64f955848ca728d21768dd37f0844ddf2804f43e94b20558f31778b5c33583de,21022076d763f93abf3c6b6d523a4bfab283c3c3170af92b4ce85685b00d3366,0c26559ba16ab1e874bfa54274df477af354d40d4da31c48b2f60658813a9ea6,0c26559ba16ab1e874bfa54274df477af354d40d4da31c48b2f60658813a9ea6,e42660f99f4f456191a7b7709e73c1d04bebb1287ff29ccd7d4d7e4e3cbf3a1a,e42660f99f4f456191a7b7709e73c1d04bebb1287ff29ccd7d4d7e4e3cbf3a1a,0,0,0,0,0,0,0,0.00010646134614944458,0.11725044250488281,0.010041699162684381,0.00010646134614944458,0.11725044250488281,0.010041699162684381,0,0,0.0001,64,64,0,5852.699157,1.625749766,20.033327809266197,366.31397417253623,89690.887569646642
ect.q256.schedule-switch-training-telemetry/v1,q256_fresh_crossed_switch_n12_matpool_numeric_recovery_v2,AB,A,B,310,q256_target_weight_v1,B,1.1000000000000001,1.1000000000000001,4310,4299,551680,551.680000,0,17.491936564445496,0,2515.3823039032427,2515.3823039032427,0,2515.3823039032427,0,0.16576899945402257,0,3962.4342630859114,0,3962.2474244992941,0,128,384eb5ffa3cdc30403ec30412f5daeb5f2b1ea6cde1f337138bba7dd4b0a1edf,1ab9a5adea25be2ea9c939e7da200d6c0db933e22b214f8bd02c4ef2d77e9187,3be274c89506b60287532d151c4f54bb51030efdbe8b67cf95458e2e3af993fe,16865c4a2374ccac97e7017b364661e76ff360a041afb23b81fc4c5587fe1d43,16865c4a2374ccac97e7017b364661e76ff360a041afb23b81fc4c5587fe1d43,be52785db3bfb8dc740d324711feb0c0733b1c07690e0abfdfd291dc75ca093a,be52785db3bfb8dc740d324711feb0c0733b1c07690e0abfdfd291dc75ca093a,0,0,0,0,0,0,0,4.4645043089985847e-05,0.3623809814453125,0.014578057685866952,4.4645043089985847e-05,0.3623809814453125,0.014578057685866952,0,0,0.0001,64,64,0,5854.637535,1.626288204,20.032310477364451,404.05192648936202,89680.40569337018
ect.q256.schedule-switch-training-telemetry/v1,q256_fresh_crossed_switch_n12_matpool_numeric_recovery_v2,AB,A,B,311,q256_target_weight_v1,B,1.1000000000000001,1.1000000000000001,4311,4300,551808,551.808000,0,16.387691855430603,0,1650.8598239718824,1650.8598239718824,0,1650.8598239718824,0,0.16589251300019872,0,3962.4345566681982,0,3962.2475200440022,0,128,5e8112eb0845e0ea75f01ab9db03499228ced02867afe09910e492785a94543c,7ea1b83f3c6f89ef7ade934367b9691322168f59f1f53d7dcdcd6efbe9274988,22398164de34df1b1419e045816fcf170177630527c184acf9c7993756e0aa67,afcf50adc6ebd30e1035ea1274cfa89767ba70844a6522d6efce98c48805e5a3,afcf50adc6ebd30e1035ea1274cfa89767ba70844a6522d6efce98c48805e5a3,a985b4f7c21131c60523272feeec040b648bb8b532e3cfa789562841a1fe8daf,a985b4f7c21131c60523272feeec040b648bb8b532e3cfa789562841a1fe8daf,0,0,0,0,0,0,0,5.9317098930478096e-05,0.3394775390625,0.015502224792726338,5.9317098930478096e-05,0.3394775390625,0.015502224792726338,0,0,0.0001,64,64,0,5856.571256,1.626825349,20.030982793917367,402.97692798768105,89631.085792388723
ect.q256.schedule-switch-training-telemetry/v1,q256_fresh_crossed_switch_n12_matpool_numeric_recovery_v2,AB,A,B,312,q256_target_weight_v1,B,1.1000000000000001,1.1000000000000001,4312,4301,551936,551.936000,0,16.146375417709351,0,1873.3719812379311,1873.3719812379311,0,1873.3719812379311,0,0.16535934898820362,0,3962.434922499353,0,3962.2476158244399,0,128,f4a77b1fee45753dd08e70e6310e8e290ff03338bc9dd3de368e272285ad8357,86018051e81c0ba5d31709e550d33214a5d9c11ef88887584213948e35818e26,bd7f2a4f9b3cd65e87648f5cf94f69fb6ad0b752c99b17d7e9c06b2dc2c0b714,4f05a117e64af4b953cff3dbc5bbfde54d59bd446cde5c39af211fd9118bdadf,4f05a117e64af4b953cff3dbc5bbfde54d59bd446cde5c39af211fd9118bdadf,356cd2db820514e13ad4d6f15c9c0f74c6098a595f81e964a8d8a8ca7f82cecf,356cd2db820514e13ad4d6f15c9c0f74c6098a595f81e964a8d8a8ca7f82cecf,0,0,0,0,0,0,0,5.3583411499857903e-05,0.12040519714355469,0.011680179974064231,5.3583411499857903e-05,0.12040519714355469,0.011680179974064231,0,0,0.0001,64,64,0,5858.657736,1.627404927,20.029804437614427,407.46890064019294,89614.81875925335
ect.q256.schedule-switch-training-telemetry/v1,q256_fresh_crossed_switch_n12_matpool_numeric_recovery_v2,AB,A,B,313,q256_target_weight_v1,B,1.1000000000000001,1.1000000000000001,4313,4302,552064,552.064000,0,18.609731912612915,0,2339.2123235630811,2339.2123235630811,0,2339.2123235630811,0,0.16148256828124252,0,3962.4353723525142,0,3962.2477118538463,0,128,27307c1aae799af4a79119286c6a6d0445f54cd82392980962aff6909aba2641,7cf8661adb74d583bdd68bd2e52d1ba39426ad6b46a88f921535c90d0b1778f8,2270ecb830f14e74eab41e8800a72caf90fc51a676df44723e155d8f7c524c6a,e1dbde454650f9e67948b22466c20adefda1405747f05b10018a7b2750c897f5,e1dbde454650f9e67948b22466c20adefda1405747f05b10018a7b2750c897f5,fb01de3d39a455482003ae90dd5a5e6d31f176bd3dd7e58859b97507f2299196,fb01de3d39a455482003ae90dd5a5e6d31f176bd3dd7e58859b97507f2299196,0,0,0,0,0,0,0,1.2544216588139534e-05,0.047504425048828125,0.0068360524019226432,1.2544216588139534e-05,0.047504425048828125,0.0068360524019226432,0,0,0.0001,64,64,0,5860.595079,1.627943077,20.02962731682598,471.22970076978754,89680.241821169839
ect.q256.schedule-switch-training-telemetry/v1,q256_fresh_crossed_switch_n12_matpool_numeric_recovery_v2,AB,A,B,314,q256_target_weight_v1,B,1.1000000000000001,1.1000000000000001,4314,4303,552192,552.192000,0,16.29251492023468,0,2282.4972215160919,2282.4972215160919,0,2282.4972215160919,0,0.15685216155173515,0,3962.4358017865461,0,3962.2478081122076,0,128,892615d2397d529cb7f33103aea7f7a3c104acef2629dfdc72bc2f3e43a65cd6,13e03a67fda76237aa4b62234ed01368f8082c8448f7737b3604c6e42ffaa9c3,3b88887ef9c28c75e792885c6558a73df0ae2a8c94e5e4d41fb06e9e1d817e1c,7f6d2412f246ef61f80cd548d0a1c3d09c19ea4856e2251fa739fc91eb172fef,7f6d2412f246ef61f80cd548d0a1c3d09c19ea4856e2251fa739fc91eb172fef,91c60ae7a45476f278dc1b8d62555756017cce7645a1679372bc1ead430fc1fb,91c60ae7a45476f278dc1b8d62555756017cce7645a1679372bc1ead430fc1fb,0,0,0,0,0,0,0,7.8871147707104683e-05,0.32608795166015625,0.016314314561896026,7.8871147707104683e-05,0.32608795166015625,0.016314314561896026,0,0,0.0001,64,64,0,5862.530636,1.628480732,20.029711399366114,564.27630206914432,89750.719814948738
ect.q256.schedule-switch-training-telemetry/v1,q256_fresh_crossed_switch_n12_matpool_numeric_recovery_v2,AB,A,B,315,q256_target_weight_v1,B,1.1000000000000001,1.1000000000000001,4315,4304,552320,552.320000,0,17.456867694854736,0,1451.6781977190176,1451.6781977190176,0,1451.6781977190176,0,0.15474854863574389,0,3962.4362227779711,0,3962.2479045991208,0,128,5a2b47c587782e4abf0c21f86bc106de792f619230d6af6aab0618784160a186,0c9a280b227d24bdd4b9e0f9757c05ca69d3b7a1ce7458d250dd3ec0287c0945,c53ee99dbf81d4113331ac42fc4e0e7aea1b8b33af14edf183ebb2e5ac823f2b,e59d804b03f32dc7a9080de8ef03fb90488cabc5ff5fb44d021994f703445842,e59d804b03f32dc7a9080de8ef03fb90488cabc5ff5fb44d021994f703445842,779141d2e6e7b12b3560d9efb0cf8c4544c919dfd7a5af7fd5ac449aeabe8407,779141d2e6e7b12b3560d9efb0cf8c4544c919dfd7a5af7fd5ac449aeabe8407,0,0,0,0,0,0,0,1.3139739166945219e-05,0.085453033447265625,0.0099522511009126902,1.3139739166945219e-05,0.085453033447265625,0.0099522511009126902,0,0,0.0001,64,64,0,5864.465715,1.629018254,20.030040843255104,511.88047397891489,89684.832013302934
ect.q256.schedule-switch-training-telemetry/v1,q256_fresh_crossed_switch_n12_matpool_numeric_recovery_v2,AB,A,B,316,q256_target_weight_v1,B,1.1000000000000001,1.1000000000000001,4316,4305,552448,552.448000,0,15.55338978767395,0,1991.7247242098908,1991.7247242098908,0,1991.7247242098908,0,0.15860235333090858,0,3962.4366099524495,0,3962.2480012948436,0,128,0ea6bf6be67340e9835a07c164947d14faf50199937ed286dec47b1b95fd11e6,940d4b0066439c3050d47b6e3ecdc48e36be56d046009bdc082d7d071b591b77,a18b956684628a30ff151a0abe7cbaeeded6737438eff1a256bb7a662baad610,ad73416d206997ab503ac5f8d1f76e8724a4e26925aac1de5c7f7c2ebb02730f,ad73416d206997ab503ac5f8d1f76e8724a4e26925aac1de5c7f7c2ebb02730f,d1a94944c9667aed6b5838c7ac8cbdffa8f9712118ea476af7736b19254ef125,d1a94944c9667aed6b5838c7ac8cbdffa8f9712118ea476af7736b19254ef125,0,0,0,0,0,0,0,7.9139601439237595e-05,0.15200042724609375,0.011656187474727631,7.9139601439237595e-05,0.15200042724609375,0.011656187474727631,0,0,0.0001,64,64,0,5866.396778,1.629554661,20.030306869337554,450.59867238994468,89661.947879723579
ect.q256.schedule-switch-training-telemetry/v1,q256_fresh_crossed_switch_n12_matpool_numeric_recovery_v2,AB,A,B,317,q256_target_weight_v1,B,1.1000000000000001,1.1000000000000001,4317,4306,552576,552.576000,0,17.148891448974609,0,1496.8367596144435,1496.8367596144435,0,1496.8367596144435,0,0.15902190186266107,0,3962.4369322727443,0,3962.2480981068707,0,128,7aa897873f4d4b0572ce63f8a1b1e0eceb6f85389e67f09db178de635ddee327,e7e9e2ef1b7bf780efc52eccdcf081a57d04d2967758fd49be38706636c0e798,b727aca97e8e0a7dd340eeec05b0d39a5c9c006e40caae5b121f2c80e3a2e102,e76b5d46b883928ebbb2426509aa2da5d4d808ec5ce67e490781304352ef611b,e76b5d46b883928ebbb2426509aa2da5d4d808ec5ce67e490781304352ef611b,e92a0c2d9d1ffe7fc1fdc38436765bb0d03f2ad731625d8ed36defef9e58d5a2,e92a0c2d9d1ffe7fc1fdc38436765bb0d03f2ad731625d8ed36defef9e58d5a2,0,0,0,0,0,0,0,3.0902563594281673e-05,0.2537841796875,0.009974443179089576,3.0902563594281673e-05,0.2537841796875,0.009974443179089576,0,0,0.0001,64,64,0,5868.327472,1.630090965,20.030259044330485,408.20819164322694,89605.175852559682
ect.q256.schedule-switch-training-telemetry/v1,q256_fresh_crossed_switch_n12_matpool_numeric_recovery_v2,AB,A,B,318,q256_target_weight_v1,B,1.1000000000000001,1.1000000000000001,4318,4307,552704,552.704000,0,15.224581003189087,0,1594.5468802569512,1594.5468802569512,0,1594.5468802569512,0,0.15926932580844244,0,3962.437127190206,0,3962.2481949866692,0,128,47c20e70c4fd778953b187479bce06c7705426b9c6479aff4b5d68bdbe4a1a31,efcc4a927e95ba85572d3672dc88d3dfef06715006ce383df62a58f8a9ed85cd,3193394b21a6023e9291f17dcd46046e943602df9c8d808862519e78000f678f,9f35fa2b5cb482b29e3cc0da8701ac9c7200a391f193868448c644f0259e3fab,9f35fa2b5cb482b29e3cc0da8701ac9c7200a391f193868448c644f0259e3fab,968881105ec3e00a8b5f873cf678f7a53a39926611151e1c7ea5ab05baaa4785,968881105ec3e00a8b5f873cf678f7a53a39926611151e1c7ea5ab05baaa4785,0,0,0,0,0,0,0,0.00011021411046385765,0.2310791015625,0.013511352706700563,0.00011021411046385765,0.2310791015625,0.013511352706700563,0,0,0.0001,64,64,0,5870.259620,1.630627672,20.029723412330114,377.60205223914562,89548.59689100628
ect.q256.schedule-switch-training-telemetry/v1,q256_fresh_crossed_switch_n12_matpool_numeric_recovery_v2,AB,A,B,319,q256_target_weight_v1,B,1.1000000000000001,1.1000000000000001,4319,4308,552832,552.832000,0,16.196018099784851,0,1997.4929829913945,1997.4929829913945,0,1997.4929829913945,0,0.16416240168913476,0,3962.4372367993333,0,3962.2482919084364,0,128,7d2885b68ec1251b6881b8a147bcb55a201e2fc21bb43ddfb78ad73efea74124,258c418aa19f6ac1645b017d7e4e371ff3e0cfc47d0cf2a58c4dc54a42d27d9b,4e83d9f49e2d5260286b78c77c6f6ea8252709b20a5a239b7fe5df6f8c802a73,ef9d9abc56a987d42ce4929d5b74e27dd879f83d729cf28f693d444053af74e0,ef9d9abc56a987d42ce4929d5b74e27dd879f83d729cf28f693d444053af74e0,3f2bb6f7b767a214a633a9d4f73da995a81efa98e454374766c5cdee0bc5623e,3f2bb6f7b767a214a633a9d4f73da995a81efa98e454374766c5cdee0bc5623e,0,0,0,0,0,0,0,3.6684796214103699e-05,0.671844482421875,0.015042803948745131,3.6684796214103699e-05,0.671844482421875,0.015042803948745131,0,0,0.0001,64,64,0,5872.197883,1.631166079,20.02884823428138,356.74872868803112,89531.604447889331
ect.q256.schedule-switch-training-telemetry/v1,q256_fresh_crossed_switch_n12_matpool_numeric_recovery_v2,AB,A,B,320,q256_target_weight_v1,B,1.1000000000000001,1.1000000000000001,4320,4309,552960,552.960000,0,15.905417919158936,0,1554.5024718440764,1554.5024718440764,0,1554.5024718440764,0,0.16106639566448164,0,3962.4372447672113,0,3962.2483888203847,0,128,f11fde779533dd7870a88f8c1cba49183a77bd03daa324cf925058c01f299e5b,f7c75a3d211065350c8647d31f7e4424b5b7fcf6287173b81ca526176f1d1dee,284358e8b8df3283c813716255f8102c2be49b4a5d444493282b9a11ec6886f4,034d95f9207d133b6b862ebf2cf6131969d60ab26ddc46c4da75b07b1fff15db,034d95f9207d133b6b862ebf2cf6131969d60ab26ddc46c4da75b07b1fff15db,652e156342aed193e5a4f48dd83110134a87a8f63d45657fa077ecd896e6e6ad,652e156342aed193e5a4f48dd83110134a87a8f63d45657fa077ecd896e6e6ad,0,0,0,0,0,0,0,1.1731812264770269e-05,0.076299667358398438,0.0089277680963277817,1.1731812264770269e-05,0.076299667358398438,0.0089277680963277817,0,0,0.0001,64,64,0,5874.134316,1.631703977,20.027887763745419,365.42268734586298,89482.976589061145
ect.q256.schedule-switch-training-telemetry/v1,q256_fresh_crossed_switch_n12_matpool_numeric_recovery_v2,AB,A,B,321,q256_target_weight_v1,B,1.1000000000000001,1.1000000000000001,4321,4310,553088,553.088000,0,17.654884099960327,0,1907.7887449173945,1907.7887449173945,0,1907.7887449173945,0,0.16130701307673045,0,3962.4371565189927,0,3962.2484855668513,0,128,09824e852935ac04a1af28303990d58356369c8b9e63f4cecd9cc59f22342d6a,4c72b9d1a7d99b374e1ffcf9150ee3281f058a594edc874b5be0b09deed1688d,c2c9f3dc3dea2153d5819fcbcd6b446a59d015eea98d3c9d442397a24e4cc5c6,a60204e7328b8c741137b91a5b5ab5bf2022baec41d9f7d6dea30d1871774827,a60204e7328b8c741137b91a5b5ab5bf2022baec41d9f7d6dea30d1871774827,e5680ec9255a85547dd5521b22501e26187feb37e03e18b5ed9af6cda072984c,e5680ec9255a85547dd5521b22501e26187feb37e03e18b5ed9af6cda072984c,0,0,0,0,0,0,0,8.7158405221998692e-06,1.999267578125,0.023516764224041253,8.7158405221998692e-06,1.999267578125,0.023516764224041253,0,0,0.0001,64,64,0,5876.065139,1.632240316,20.026705602399968,410.18049664900201,89468.401731023245
ect.q256.schedule-switch-training-telemetry/v1,q256_fresh_crossed_switch_n12_matpool_numeric_recovery_v2,AB,A,B,322,q256_target_weight_v1,B,1.1000000000000001,1.1000000000000001,4322,4311,553216,553.216000,0,15.562421679496765,0,1588.447113581746,1588.447113581746,0,1588.447113581746,0,0.15802395966677013,0,3962.4370806107081,0,3962.2485822429594,0,128,69861a51c5e374b5abf3ba28d89459974cf55ec7d5a6f73093c79b7c0784e378,6a473c0ecda35371014f43cd99276f9314d11bd83780b5efa39f962abfbb4790,a8e9cf7c125acf272306acbfbc40ed93f30c7039f795871d0a0187cb5c5e5caf,0a54290659e658dd2eefe97afe9a2675737b45a17b7be53c81a7813824179721,0a54290659e658dd2eefe97afe9a2675737b45a17b7be53c81a7813824179721,44b66b9869965655323b657cef46cb698d9b5da023d97d32c911e219e50bcaf3,44b66b9869965655323b657cef46cb698d9b5da023d97d32c911e219e50bcaf3,0,0,0,0,0,0,0,3.8924627006053925e-05,0.51214599609375,0.016982260218355805,3.8924627006053925e-05,0.51214599609375,0.016982260218355805,0,0,0.0001,64,64,0,5878.009601,1.632780445,20.025167400637429,426.32659488551553,89421.837716110676
ect.q256.schedule-switch-training-telemetry/v1,q256_fresh_crossed_switch_n12_matpool_numeric_recovery_v2,AB,A,B,323,q256_target_weight_v1,B,1.1000000000000001,1.1000000000000001,4323,4312,553344,553.344000,0,16.835957884788513,0,2279.9626423723403,2279.9626423723403,0,2279.9626423723403,0,0.16055951313529823,0,3962.4368883415486,0,3962.2486786482527,0,128,b55e4a6c8e9dd0f08f05ecb305af7793e04be74fa7a5e230dd5f1ae7d28a01fa,ff69dba19143f6038c6e7583b1759d2b78b595db04e4d9068c329c760f343a60,82c2b79fbbbdcabf834cc92369a6a90201bff5676fa4b1350c7ab8a070fe8eae,730755496e1b186a58865eeffcae954f3681a15fc40186754e80a30600421e60,730755496e1b186a58865eeffcae954f3681a15fc40186754e80a30600421e60,8d6b91275fd4e2b0a7ea1d1b861d0f8a2a31dbf948f085513eb45c63726c3c02,8d6b91275fd4e2b0a7ea1d1b861d0f8a2a31dbf948f085513eb45c63726c3c02,0,0,0,0,0,0,0,4.9865804612636566e-05,0.2310943603515625,0.011975327215623111,4.9865804612636566e-05,0.2310943603515625,0.011975327215623111,0,0,0.0001,64,64,0,5879.954397,1.633320666,20.024102565749384,400.56466041596428,89403.823741508546
ect.q256.schedule-switch-training-telemetry/v1,q256_fresh_crossed_switch_n12_matpool_numeric_recovery_v2,AB,A,B,324,q256_target_weight_v1,B,1.1000000000000001,1.1000000000000001,4324,4313,553472,553.472000,0,15.732423305511475,0,1722.7110730929926,1722.7110730929926,0,1722.7110730929926,0,0.16154635877202442,0,3962.4366791137682,0,3962.2487749000288,0,128,44b37e4afafea3ace7bc2010d24fa3a5903a4b07ff6f7916a4d3cccee36d2edd,1cb8568fb37082063fbfd019cd9160cb1cd2837486fabff429364971dfeb6e15,1afe90b12328312ead9c8ae76a4ada6ecbc2eee438cd432a7d9365e4d494556e,b403e06086dfeafbfed7c531e0287f7d1df70b9064e5fb26c3e34df124190fc1,b403e06086dfeafbfed7c531e0287f7d1df70b9064e5fb26c3e34df124190fc1,3e804e0bef8801bbbfb734255624227690d96fc101677d66f475a7aa5462d597,3e804e0bef8801bbbfb734255624227690d96fc101677d66f475a7aa5462d597,0,0,0,0,0,0,0,2.6832567527890205e-05,0.29523468017578125,0.014037666842341423,2.6832567527890205e-05,0.29523468017578125,0.014037666842341423,0,0,0.0001,64,64,0,5881.915496,1.633865416,20.023255115622707,402.03638856827462,89351.159287569884
ect.q256.schedule-switch-training-telemetry/v1,q256_fresh_crossed_switch_n12_matpool_numeric_recovery_v2,AB,A,B,325,q256_target_weight_v1,B,1.1000000000000001,1.1000000000000001,4325,4314,553600,553.600000,0,15.329315543174744,0,3353.1317875977347,3353.1317875977347,0,3353.1317875977347,0,0.1693767932974681,0,3962.4364541351429,0,3962.2488709342429,0,128,96cc669caada6925d29424d9871fa990d83ba1abb70cc2a354f54f9cceb2ba20,5bf0c0a80f966dfb19dc86dfdecea3d60403c91b704dbf304468fd4ab5f6c773,11e42765258f4d606be7dab2a7c6ba5b19d1ac08db2a7e33fe171c410d4bff4b,f2c9f6cf17e87f290b94a78514fa167b0754b2bcffdbc175b9022da75e12a74d,f2c9f6cf17e87f290b94a78514fa167b0754b2bcffdbc175b9022da75e12a74d,5fa1d1032b5addf180ba4c2917be45dcd337a5382757d2cefe3e433c02f6cf90,5fa1d1032b5addf180ba4c2917be45dcd337a5382757d2cefe3e433c02f6cf90,0,0,0,0,0,0,0,2.7641188353300095e-05,0.11004066467285156,0.012396496371366084,2.7641188353300095e-05,0.11004066467285156,0.012396496371366084,0,0,0.0001,64,64,0,5883.871197,1.634408666,20.022247240116208,521.76430182108072,89519.871371862027
ect.q256.schedule-switch-training-telemetry/v1,q256_fresh_crossed_switch_n12_matpool_numeric_recovery_v2,AB,A,B,326,q256_target_weight_v1,B,1.1000000000000001,1.1000000000000001,4326,4315,553728,553.728000,0,15.702297687530518,0,3114.4095922338483,3114.4095922338483,0,3114.4095922338483,0,0.16956422533888249,0,3962.4362771618962,0,3962.2489667607588,0,128,4a9830f752c6d8c0d4f32c1fa27ccd6a65d972d5dea8a94a9800eefc28fc47b5,081c6337e568a538c13eb99919c9da63fa9bbf1c355e966bc0fdf965d2bf752d,37ad8f1d73ad4f3b692f0a1f73d1584da11ce9d83c740ffd011d86d0a7eeb08d,6860abc30f250e1c8a25fb5e9878013eb6ec2aaec0443a90b185bb6537f1bf75,6860abc30f250e1c8a25fb5e9878013eb6ec2aaec0443a90b185bb6537f1bf75,5aeab23db5dc6726dfd4591ae42497742bf7deda2c0c999d6c324b96c29170fa,5aeab23db5dc6726dfd4591ae42497742bf7deda2c0c999d6c324b96c29170fa,0,0,0,0,0,0,0,9.8491553217172623e-05,0.064293861389160156,0.0085761796799488366,9.8491553217172623e-05,0.064293861389160156,0.0085761796799488366,0,0,0.0001,64,64,0,5885.809187,1.634946997,20.020840121666186,683.3716883601362,89694.811949714611
ect.q256.schedule-switch-training-telemetry/v1,q256_fresh_crossed_switch_n12_matpool_numeric_recovery_v2,AB,A,B,327,q256_target_weight_v1,B,1.1000000000000001,1.1000000000000001,4327,4316,553856,553.856000,0,17.629230856895447,0,1622.0157484518406,1622.0157484518406,0,1622.0157484518406,0,0.16444808681126052,0,3962.4361320611292,0,3962.2490623985896,0,128,43041dbe0e97a98e7be7252b3af6501b9020652dc3a4c03bd0b1a98cab079110,471a0ee2f37e0e569a31b1be59ca42cdf3d6b36b19332afd3faf9d4c4be9d2a9,0e8e689974d1b934d1e9ad5a8b9428c3f36af337ed77064338828e6b1a7e1380,4e5ad2ccc7ccf728683a71ba9d454171ce7bfbf7e6f2792e9fa836c99ce2b31e,4e5ad2ccc7ccf728683a71ba9d454171ce7bfbf7e6f2792e9fa836c99ce2b31e,3425d98d1a0fb92595823f35f24e563290d1083c0bf764f375ea2fa69220a2be,3425d98d1a0fb92595823f35f24e563290d1083c0bf764f375ea2fa69220a2be,0,0,0,0,0,0,0,2.4598208256065845e-05,0.13652801513671875,0.0092273058253340423,2.4598208256065845e-05,0.13652801513671875,0.0092273058253340423,0,0,0.0001,64,64,0,5887.747093,1.635485304,20.019707759698012,573.82785552655673,89654.354970089815
ect.q256.schedule-switch-training-telemetry/v1,q256_fresh_crossed_switch_n12_matpool_numeric_recovery_v2,AB,A,B,328,q256_target_weight_v1,B,1.1000000000000001,1.1000000000000001,4328,4317,553984,553.984000,0,18.138348698616028,0,1293.0979075629195,1293.0979075629195,0,1293.0979075629195,0,0.15655416549616155,0,3962.436111995482,0,3962.249157966161,0,128,db40409ef78eaa529a41fdeb0a7bcd5b8202b4d431c233bd22836c2588d300ea,b180ece189572d51b3aedcbb62eb09e024bb4f0b0335c6d2f0f49d43a81c5d06,08b1db87db46a56dc6d933c4472be71645f3bc263ba2eb708d41592731c9aa80,6aff72e229e1ac43aac79387c5591dc1832b9345bf72bd34ea8a2defa3d3b4a9,6aff72e229e1ac43aac79387c5591dc1832b9345bf72bd34ea8a2defa3d3b4a9,13edc06a3515c151ca3cb25859585cd0a4cffd584ada0b4976f90b3757b9def9,13edc06a3515c151ca3cb25859585cd0a4cffd584ada0b4976f90b3757b9def9,0,0,0,0,0,0,0,3.8988189771771431e-05,0.11634063720703125,0.0096183015848509967,3.8988189771771431e-05,0.11634063720703125,0.0096183015848509967,0,0,0.0001,64,64,0,5889.745024,1.636040284,20.019150718609989,480.72816274331882,89600.377606420821
ect.q256.schedule-switch-training-telemetry/v1,q256_fresh_crossed_switch_n12_matpool_numeric_recovery_v2,AB,A,B,329,q256_target_weight_v1,B,1.1000000000000001,1.1000000000000001,4329,4318,554112,554.112000,0,16.41942298412323,0,2085.0467813410401,2085.0467813410401,0,2085.0467813410401,0,0.15421511509068395,0,3962.4362722515148,0,3962.2492535661468,0,128,d4f862e0037f16af42da9c8d077def368c396e6e199e48a83dbd57b448486839,bccacdad46dd6e82125a02eb7767c189575cbbc495ebd79836ffdf7df446f0be,72c3f6965c761701d7d1011e20428066407459818bbf318f0c5ff0a53787d365,3a79fef9dd745a3efb5bd5e04f31a22f89499bffdc0d02399f0f0a7350e25da4,3a79fef9dd745a3efb5bd5e04f31a22f89499bffdc0d02399f0f0a7350e25da4,f48b6ccded670e5b334e59497dc162a2dcc474a6fc6e8b75f1f311daa8969b52,f48b6ccded670e5b334e59497dc162a2dcc474a6fc6e8b75f1f311daa8969b52,0,0,0,0,0,0,0,6.4990483224391937e-05,0.1525421142578125,0.011857476143632084,6.4990483224391937e-05,0.1525421142578125,0.011857476143632084,0,0,0.0001,64,64,0,5891.408510,1.636502364,20.018622255825299,423.79149467993875,89623.255395159242
ect.q256.schedule-switch-training-telemetry/v1,q256_fresh_crossed_switch_n12_matpool_numeric_recovery_v2,AB,A,B,330,q256_target_weight_v1,B,1.1000000000000001,1.1000000000000001,4330,4319,554240,554.240000,0,15.694345116615295,0,3119.1526274945459,3119.1526274945459,0,3119.1526274945459,0,0.15844910581134103,0,3962.4365215179828,0,3962.2493492761696,0,128,d98e05359e6928e67b25c1c83bc59aca7da0a10b8613986f78633b3051b011a7,84a71aa177ff70c35caf50a2c71eecd9b4f5c07bd7e039c6d285139ecea8fdd9,fe79cff2465a338e5fda73554383c14ecaad38a8df6f035a58a0f9c814b763b9,edfe35cd96ab00926bc7bb027c6b7b5dd031b63995e9c5d3c855c3488aee72f0,edfe35cd96ab00926bc7bb027c6b7b5dd031b63995e9c5d3c855c3488aee72f0,494842285127cd92270e01f6f34d0025b481d2685739f44d287286982f13279b,494842285127cd92270e01f6f34d0025b481d2685739f44d287286982f13279b,0,0,0,0,0,0,0,1.9879662431776524e-05,1.0306854248046875,0.020919562666676939,1.9879662431776524e-05,1.0306854248046875,0.020919562666676939,0,0,0.0001,64,64,0,5892.939127,1.636927535,20.018117604401542,411.10774604260445,89801.732016431735
ect.q256.schedule-switch-training-telemetry/v1,q256_fresh_crossed_switch_n12_matpool_numeric_recovery_v2,AB,A,B,331,q256_target_weight_v1,B,1.1000000000000001,1.1000000000000001,4331,4320,554368,554.368000,0,16.814127087593079,0,2396.9924428275981,2396.9924428275981,0,2396.9924428275981,0,0.16550233336232029,0,3962.4368696670672,0,3962.2494451981147,0,128,8053f5be1f611ab3b7aa8322c628b412051e1b7e13dc46999459fdce39829b3a,bec3a8f51246d1ac0c5b9b5d3c92d34302cd28d4262df780f25f2e04cfcbf85f,9111e6204f3fc80a43ad33070976d82a8e65f619ee1f204833e79e81ae3b5f44,bbc85b905bfdad4814cb540da106f5e6114830b01dda0631b5f27b28bcff02fb,bbc85b905bfdad4814cb540da106f5e6114830b01dda0631b5f27b28bcff02fb,5f96b2d1f3e71137494712f68041d86536087c0af46d08f29ad1339158c303bc,5f96b2d1f3e71137494712f68041d86536087c0af46d08f29ad1339158c303bc,0,0,0,0,0,0,0,4.2149476939812303e-06,0.12200546264648438,0.010652315861079842,4.2149476939812303e-06,0.12200546264648438,0.010652315861079842,0,0,0.0001,64,64,0,5894.469825,1.637352729,20.018117801705298,493.21314146711234,89817.195593123804
ect.q256.schedule-switch-training-telemetry/v1,q256_fresh_crossed_switch_n12_matpool_numeric_recovery_v2,AB,A,B,332,q256_target_weight_v1,B,1.1000000000000001,1.1000000000000001,4332,4321,554496,554.496000,0,16.636976957321167,0,1726.6001669308093,1726.6001669308093,0,1726.6001669308093,0,0.1641805099137772,0,3962.4373131574007,0,3962.2495413772372,0,128,2fa424ece924b8690a0c4cf63cfc4e11e2f65c4a2b52acd41b8f5229e0aba5b6,ce91cf70e83bd3838d60dede7a59e393bdd6454a6b7c4e0cddc9f166eaad140e,129568f3cc52bd13b4ef88026c0d8074bc1d7cfe6d0e5584eb1be313d070228c,24c694478b28962e5b09a1fb425b6d6ba6a182ee93d654476ea13b5e8a0867dc,24c694478b28962e5b09a1fb425b6d6ba6a182ee93d654476ea13b5e8a0867dc,7b22fdd759a75f0dafaf6abbfcd4d4790b63dce24e7e9bb831ac9b139822312f,7b22fdd759a75f0dafaf6abbfcd4d4790b63dce24e7e9bb831ac9b139822312f,0,0,0,0,0,0,0,3.2267998903989792e-05,0.11637306213378906,0.010108239075634629,3.2267998903989792e-05,0.11637306213378906,0.010108239075634629,0,0,0.0001,64,64,0,5895.994991,1.637776386,20.018265035594435,498.23027833729378,89775.74379308545
ect.q256.schedule-switch-training-telemetry/v1,q256_fresh_crossed_switch_n12_matpool_numeric_recovery_v2,AB,A,B,333,q256_target_weight_v1,B,1.1000000000000001,1.1000000000000001,4333,4322,554624,554.624000,0,16.83646559715271,0,2486.5333781488807,2486.5333781488807,0,2486.5333781488807,0,0.16527043690159643,0,3962.4377734764457,0,3962.249637800679,0,128,538ae680ffe17d6b66334407c5121aed6282f8b2cd10f2530d324e6e9ae99494,ddf00e16174a55b56b60cc0ead1c5ebe6c46ac30abdf1a425cec89ea3b43d17c,84a20b9665936bd0729982fa226cf6ab75ffe97648d9e76b2c7aaeb180b1701e,8ff0a7bf3a5502ef281e9fd7d1a35e154ae004b5925072a518f05ed7878cce88,8ff0a7bf3a5502ef281e9fd7d1a35e154ae004b5925072a518f05ed7878cce88,99d1c6288cfb10dcc6bd3e24929854c09417821abefaf6c0be1516742f9b0e56,99d1c6288cfb10dcc6bd3e24929854c09417821abefaf6c0be1516742f9b0e56,0,0,0,0,0,0,0,4.2414292693138123e-05,0.12249565124511719,0.0096271854708902538,4.2414292693138123e-05,0.12249565124511719,0.0096271854708902538,0,0,0.0001,64,64,0,5897.519363,1.638199823,20.018719861944181,583.80366916488447,89855.408708155315
ect.q256.schedule-switch-training-telemetry/v1,q256_fresh_crossed_switch_n12_matpool_numeric_recovery_v2,AB,A,B,334,q256_target_weight_v1,B,1.1000000000000001,1.1000000000000001,4334,4323,554752,554.752000,0,16.07388710975647,0,1876.0483472405949,1876.0483472405949,0,1876.0483472405949,0,0.1677491200300987,0,3962.438163600616,0,3962.2497344038438,0,128,83ff986f24fcd2b80f1ab4e78ef5b0331722b990b3cc85043a9453b4af363fcd,d539e0cf3f54dc368f9acd67929c86842fa17702cf2dc9975e47387097ef0a9e,61f4da40a1c9c7e6c0e1d066901f9f50ba7b637bd72eb3522bf980efa0b05ae4,32de5ffa87fe9b4f4b10990bcb1a66c1605a8ea3c934d24741aa18b8169f1bbe,32de5ffa87fe9b4f4b10990bcb1a66c1605a8ea3c934d24741aa18b8169f1bbe,ac56626b62738bd4c4fff24262112b07f52e3bf6aab9133dd72bb31ae0954756,ac56626b62738bd4c4fff24262112b07f52e3bf6aab9133dd72bb31ae0954756,0,0,0,0,0,0,0,3.2150419428944588e-05,0.40784454345703125,0.015993333305232227,3.2150419428944588e-05,0.40784454345703125,0.015993333305232227,0,0,0.0001,64,64,0,5899.043084,1.638623079,20.019414306579208,543.25481559321929,89813.85363504666
ect.q256.schedule-switch-training-telemetry/v1,q256_fresh_crossed_switch_n12_matpool_numeric_recovery_v2,AB,A,B,335,q256_target_weight_v1,B,1.1000000000000001,1.1000000000000001,4335,4324,554880,554.880000,0,16.104425549507141,0,1557.7097392922517,1557.7097392922517,0,1557.7097392922517,0,0.16455927085169855,0,3962.4384577298251,0,3962.2498311426748,0,128,b238f32e4f3bac59074dfc8acb5ddeba03c9b2b2d645c1c6e53dd8cdfbec826f,e49ab120a2504716c82007522408704723c4adf686c56bae5bdad15e1f4dcc58,6268cf44e80b9fde844f6dbb2d619a0f8f65284478b600137a860810f298f8f8,906d71c97644c53f0e2b9c56c1657916efd544f1571f43e7510abdf3e2d1d95d,906d71c97644c53f0e2b9c56c1657916efd544f1571f43e7510abdf3e2d1d95d,17b6fd68350e068c6578fb2262fa4d57d9788f4e6e9e977b34cd5c7b454e03ee,17b6fd68350e068c6578fb2262fa4d57d9788f4e6e9e977b34cd5c7b454e03ee,0,0,0,0,0,0,0,2.4341978132724762e-05,0.634063720703125,0.014549574523698539,2.4341978132724762e-05,0.634063720703125,0.014549574523698539,0,0,0.0001,64,64,0,5900.569683,1.639047134,20.02065521566789,552.18518644038352,89772.909514765299
ect.q256.schedule-switch-training-telemetry/v1,q256_fresh_crossed_switch_n12_matpool_numeric_recovery_v2,AB,A,B,336,q256_target_weight_v1,B,1.1000000000000001,1.1000000000000001,4336,4325,555008,555.008000,0,16.7388995885849,0,2109.4405161270233,2109.4405161270233,0,2109.4405161270233,0,0.16392967430787403,0,3962.4386641595938,0,3962.2499279421581,0,128,acbe5901c0cdb1371761cb784654dea46bd2cfee69d071131bb875b3cdb3caa2,dd3a12ebe32df7490f7a61d9b667e721eed3cf4a3987a2598d25842a65117e17,d770269834059f79b632eb45859e79f4d95278ccad1ea76f3a59a408956e06c8,466ed63ca82b5f2ef6820b6b8dc6c3f50dff39fea0aeca9fb6c6531aee86d51b,466ed63ca82b5f2ef6820b6b8dc6c3f50dff39fea0aeca9fb6c6531aee86d51b,b246040349ec5e6fc03a288d6e5d03ca4139f871f9d3da65a7c3909d441b818b,b246040349ec5e6fc03a288d6e5d03ca4139f871f9d3da65a7c3909d441b818b,0,0,0,0,0,0,0,7.4185896664857864e-05,0.54241943359375,0.016433709708508104,7.4185896664857864e-05,0.54241943359375,0.016433709708508104,0,0,0.0001,64,64,0,5902.097878,1.639471633,20.021604626631465,540.5894879618927,89751.697749435814
ect.q256.schedule-switch-training-telemetry/v1,q256_fresh_crossed_switch_n12_matpool_numeric_recovery_v2,AB,A,B,337,q256_target_weight_v1,B,1.1000000000000001,1.1000000000000001,4337,4326,555136,555.136000,0,18.141040682792664,0,1584.579410363044,1584.579410363044,0,1584.579410363044,0,0.15976156284018242,0,3962.43874046978,0,3962.2500247364637,0,128,1ca96da0b022558dd9ff467e35b91289f3d2ac997f84d5be202c728df3b98676,07f774e4082a4168225a6464e1583a6176670b8a3d10e40672ca5395b9842a79,63684b334335fd5b182715a61ffcbd1b0375a53211db6b68ef44fc285b6da767,6592986df77d40b416f71622557b0cbcfff044ec1ac3cc3105c84e9ae9c0ae52,6592986df77d40b416f71622557b0cbcfff044ec1ac3cc3105c84e9ae9c0ae52,ca65ca67c1cda4b784bc9d1576d879226659f3481e105f5c94285192ff129292,ca65ca67c1cda4b784bc9d1576d879226659f3481e105f5c94285192ff129292,0,0,0,0,0,0,0,1.5524798072874546e-05,0.415771484375,0.013106929778587073,1.5524798072874546e-05,0.415771484375,0.013106929778587073,0,0,0.0001,64,64,0,5903.623907,1.639895530,20.022438006425215,528.3366986043452,89710.721501120759
ect.q256.schedule-switch-training-telemetry/v1,q256_fresh_crossed_switch_n12_matpool_numeric_recovery_v2,AB,A,B,338,q256_target_weight_v1,B,1.1000000000000001,1.1000000000000001,4338,4327,555264,555.264000,0,14.770906329154968,0,2021.5591492510887,2021.5591492510887,0,2021.5591492510887,0,0.16403299378811967,0,3962.4386429139449,0,3962.2501214006193,0,128,243e7d4c24afb5f8312226410aaebcefc1d2e77b626f5df80baed9b2e830e8ab,dfca3e53da175ba9778a221c05a89f38a97373aac9ea3a2904bc9055e8f79e64,1812d72751b8b6692b4a979b74e718caa5e57ad3a3283146e1c83db5130fb657,29062d71c2f19e0402389bb7924b6039f8e1e4a046157d2ee837f9cc25bedc42,29062d71c2f19e0402389bb7924b6039f8e1e4a046157d2ee837f9cc25bedc42,d9dfc0f5130e98141e98d95ce138db021b9125ed06156865808fa704cc1d3f84,d9dfc0f5130e98141e98d95ce138db021b9125ed06156865808fa704cc1d3f84,0,0,0,0,0,0,0,5.7170633226633072e-05,0.1679534912109375,0.013670199026819319,5.7170633226633072e-05,0.1679534912109375,0.013670199026819319,0,0,0.0001,64,64,0,5905.148775,1.640319104,20.022542066178154,448.61506640016864,89707.967082206524
ect.q256.schedule-switch-training-telemetry/v1,q256_fresh_crossed_switch_n12_matpool_numeric_recovery_v2,AB,A,B,339,q256_target_weight_v1,B,1.1000000000000001,1.1000000000000001,4339,4328,555392,555.392000,0,16.689165592193604,0,1877.7727880493126,1877.7727880493126,0,1877.7727880493126,0,0.16074031118560869,0,3962.4382845756691,0,3962.2502177407441,0,128,79f5b5e7ed9e9110db63402f1c7c294987b33a5d16ddf27b4abe3695ebf89470,a7a8005eb8dcad52c054db5405d467aaecd15404bfcaf91145dc7bdc1c9a84fc,96e906e8cf325da7f9aad569723e64d246a181b1d3512fcd2be8bf172a59b057,b115483e6c19f341403e615e31ba33fed5c266348a04469d2371a143fe404036,b115483e6c19f341403e615e31ba33fed5c266348a04469d2371a143fe404036,1740d4c832b07cb5939dc0da68657e55efad98105e0ecd301a8750a59f5571bb,1740d4c832b07cb5939dc0da68657e55efad98105e0ecd301a8750a59f5571bb,0,0,0,0,0,0,0,6.639678031206131e-05,0.896575927734375,0.017344217631034553,6.639678031206131e-05,0.896575927734375,0.017344217631034553,0,0,0.0001,64,64,0,5906.673680,1.640742689,20.022857528536747,396.18320088405687,89698.792331917532
ect.q256.schedule-switch-training-telemetry/v1,q256_fresh_crossed_switch_n12_matpool_numeric_recovery_v2,AB,A,B,340,q256_target_weight_v1,B,1.1000000000000001,1.1000000000000001,4340,4329,555520,555.520000,0,16.809552311897278,0,2990.5403341185356,2990.5403341185356,0,2990.5403341185356,0,0.15909886442400273,0,3962.4377872614518,0,3962.2503136395285,0,128,b8f2dbe64783add367a0f461f4d22b48ab284062cdf082e298002a60749d1a4f,63e7b55822132e6308638c76bcc3d5c97255d2625e65d4d0533f86b25b4f5f6e,c742fafbd18032db407113f1d79676266e1361a0c0e7cc5437d3bed7d43dae9f,bb62945f3754e27eef0daef57a4040f5db77f74de02d4b2de9141717d828e888,bb62945f3754e27eef0daef57a4040f5db77f74de02d4b2de9141717d828e888,878c7dbbc658773d5b151af22645b9e8c5d6c87eb83bb246cdc42b91e72a9df4,878c7dbbc658773d5b151af22645b9e8c5d6c87eb83bb246cdc42b91e72a9df4,0,0,0,0,0,0,0,2.0875362679362297e-05,0.635284423828125,0.018128113413695246,2.0875362679362297e-05,0.635284423828125,0.018128113413695246,0,0,0.0001,64,64,0,5908.197856,1.641166071,20.022801619475342,412.55941628931816,89896.155153352796
ect.q256.schedule-switch-training-telemetry/v1,q256_fresh_crossed_switch_n12_matpool_numeric_recovery_v2,AB,A,B,341,q256_target_weight_v1,B,1.1000000000000001,1.1000000000000001,4341,4330,555648,555.648000,0,15.343052506446838,0,3125.3294415680061,3125.3294415680061,0,3125.3294415680061,0,0.16449021651687754,0,3962.4371851926194,0,3962.2504090521011,0,128,29d21f5800647df5a48979f996f828e373551d77f3f8a42a698bc9f9fd19b0df,538e14e4ffe1f2d6dec2dc7480a13c1807acdf882e031a60d5308828bfe14d48,48b3e384fe42ac4089714018084644780e22071bf49113aaaf9dd8735d0bec29,344546463e25c3e627470bea1f16c99ad687ee0daa0be2108cf636221fef95c7,344546463e25c3e627470bea1f16c99ad687ee0daa0be2108cf636221fef95c7,d6aed3eadc81b95a24da7699dde8685f9c868da659fe971ff34828f730346a37,d6aed3eadc81b95a24da7699dde8685f9c868da659fe971ff34828f730346a37,0,0,0,0,0,0,0,6.9394242018461227e-05,0.11676406860351562,0.012991625815629959,6.9394242018461227e-05,0.11676406860351562,0.012991625815629959,0,0,0.0001,64,64,0,5909.722103,1.641589473,20.022161266253345,565.15474295390266,90103.882464104463
ect.q256.schedule-switch-training-telemetry/v1,q256_fresh_crossed_switch_n12_matpool_numeric_recovery_v2,AB,A,B,342,q256_target_weight_v1,B,1.1000000000000001,1.1000000000000001,4342,4331,555776,555.776000,0,16.527160167694092,0,1783.8074380471257,1783.8074380471257,0,1783.8074380471257,0,0.16492266145182938,0,3962.4364872241558,0,3962.2505038833788,0,128,20886733f12370c7b0bdbcf9c983fc980c6593e7ee264a0993b1b363f8dac6db,0af91088e050781656c78e1889c7090afee0451433b817fb8f8b33cca1cc3447,c2911c494d7eb8f756c9fbd3647d38a56721066444e71cba2e905f4aa6984fd0,9e88610fc9c6b998708776f586cf5a524029394043fd2ff607c3034d830aab88,9e88610fc9c6b998708776f586cf5a524029394043fd2ff607c3034d830aab88,524f1686762d0cc75f72096ef030d4e856d4fcd5158e17e4a2cf682f64ea5350,524f1686762d0cc75f72096ef030d4e856d4fcd5158e17e4a2cf682f64ea5350,0,0,0,0,0,0,0,2.3778411559760571e-05,0.19343185424804688,0.009688144491519779,2.3778411559760571e-05,0.19343185424804688,0.009688144491519779,0,0,0.0001,64,64,0,5911.249006,1.642013613,20.021574446597874,628.20394595611708,90081.330968925278
ect.q256.schedule-switch-training-telemetry/v1,q256_fresh_crossed_switch_n12_matpool_numeric_recovery_v2,AB,A,B,343,q256_target_weight_v1,B,1.1000000000000001,1.1000000000000001,4343,4332,555904,555.904000,0,16.780787944793701,0,2176.4381360905963,2176.4381360905963,0,2176.4381360905963,0,0.16762907531874779,0,3962.4358080204011,0,3962.2505981871127,0,128,0e277f11df91549b144f20eb20c857805da5cfdcac3ebdd668700a4a9f64d220,74a21c6e7ee6e1f3f17cf34ea285f5deb402c2a8b72456652a6125a6661615a1,6b133770a8b7db544714176ab466f19e220cf213884fe403d3647fe59ce2f7dd,0347c386f92525cfb77c7c5b7830d4503de43fda1fa8c720211957811c1d001f,0347c386f92525cfb77c7c5b7830d4503de43fda1fa8c720211957811c1d001f,03f03fe1ebdc234baa717e7397d79e91df3902159d3eb460dcd6267fa4a2c97f,03f03fe1ebdc234baa717e7397d79e91df3902159d3eb460dcd6267fa4a2c97f,0,0,0,0,0,0,0,9.2552974820137024e-05,1.39984130859375,0.020683674316387624,9.2552974820137024e-05,1.39984130859375,0.020683674316387624,0,0,0.0001,64,64,0,5912.778172,1.642438381,20.020555232669587,679.00805437527788,90079.951158491327
ect.q256.schedule-switch-training-telemetry/v1,q256_fresh_crossed_switch_n12_matpool_numeric_recovery_v2,AB,A,B,344,q256_target_weight_v1,B,1.1000000000000001,1.1000000000000001,4344,4333,556032,556.032000,0,16.314946293830872,0,1561.6051686787218,1561.6051686787218,0,1561.6051686787218,0,0.16423073210816036,0,3962.4352291377177,0,3962.2506919915163,0,128,18a26b0d92b6926467dbd5c5b5f104b0ffddab48a3f7e342e8ab6b9897a12099,13b2cc1ed4db9104275d79f71a56e3bd51e227d2e77b0f8a7b305b3d373501fd,bd6cc0e9cb83749cf3c531e9ee19f7522843b7cd780bb475a6fc5c4a91c15d46,c584994e4c6058dcfec4b1da400c93d34c232b5c5a98233f9331f0aaa433e495,c584994e4c6058dcfec4b1da400c93d34c232b5c5a98233f9331f0aaa433e495,d2381d42b81dda49643d73262f111d05de1ebf7a907d7101d93426839a35572c,d2381d42b81dda49643d73262f111d05de1ebf7a907d7101d93426839a35572c,0,0,0,0,0,0,0,6.7621003836393356e-05,0.10219955444335938,0.01149034034460783,6.7621003836393356e-05,0.10219955444335938,0.01149034034460783,0,0,0.0001,64,64,0,5914.301131,1.642861425,20.019898370475634,583.07665595348624,90040.218688084264
ect.q256.schedule-switch-training-telemetry/v1,q256_fresh_crossed_switch_n12_matpool_numeric_recovery_v2,AB,A,B,345,q256_target_weight_v1,B,1.1000000000000001,1.1000000000000001,4345,4334,556160,556.160000,0,15.246553897857666,0,1781.5872156976423,1781.5872156976423,0,1781.5872156976423,0,0.1608824856930092,0,3962.4347395348723,0,3962.2507854040991,0,128,88cfad977a3d2dce192701a2377d1c81e8a4de7426425ca06d51bc466c46d2f1,f2a016ddc46243a7c8d8224de7f21d0dff3ce47b27e1488e0e993721521bd49e,e7575fb980cf9cde7047158f3f4373c71a0a340988e8baea826a3f02cd8d55c6,942b4f1895a575978bba8459f815887f410a49611384e320fc7f8af80b3f20eb,942b4f1895a575978bba8459f815887f410a49611384e320fc7f8af80b3f20eb,4c22153e523e92f9ece1fd54d263d87ca4daba1f88a055345040547123686db2,4c22153e523e92f9ece1fd54d263d87ca4daba1f88a055345040547123686db2,0,0,0,0,0,0,0,7.9977093264460564e-05,0.561920166015625,0.017044946376699954,7.9977093264460564e-05,0.561920166015625,0.017044946376699954,0,0,0.0001,64,64,0,5915.823836,1.643284399,20.019314030439141,631.66585347718876,90023.130606625331
ect.q256.schedule-switch-training-telemetry/v1,q256_fresh_crossed_switch_n12_matpool_numeric_recovery_v2,AB,A,B,346,q256_target_weight_v1,B,1.1000000000000001,1.1000000000000001,4346,4335,556288,556.288000,0,17.070776343345642,0,1412.083388858787,1412.083388858787,0,1412.083388858787,0,0.15353540999457871,0,3962.4343986761223,0,3962.2508784814595,0,128,d413e65052bec23a1e9d44c07772b7a9c7ab29eb6633a921aaae70e2c96e948e,b480b0edb997e80262b238f1aec9e76afb11cd92c2e9215033d1747a72ed394b,194afbbf63246389552a5a42aee36334ed5c87208cc048c82b195568033a1cd6,61b3d746ae65fe9b7376ccbf7e614070ba015167f51d4c1cfdc380c65a4bf6ee,61b3d746ae65fe9b7376ccbf7e614070ba015167f51d4c1cfdc380c65a4bf6ee,8b39b214cfaa0f06f2b505adc15385980197af87fa92843f2ad172c73490df2b,8b39b214cfaa0f06f2b505adc15385980197af87fa92843f2ad172c73490df2b,0,0,0,0,0,0,0,4.0554441511631012e-05,0.12558555603027344,0.011197043815627694,4.0554441511631012e-05,0.12558555603027344,0.011197043815627694,0,0,0.0001,64,64,0,5917.348400,1.643707889,20.018766342845201,532.06520063282699,89967.684182441735
ect.q256.schedule-switch-training-telemetry/v1,q256_fresh_crossed_switch_n12_matpool_numeric_recovery_v2,AB,A,B,347,q256_target_weight_v1,B,1.1000000000000001,1.1000000000000001,4347,4336,556416,556.416000,0,17.553568959236145,0,1665.8961647864855,1665.8961647864855,0,1665.8961647864855,0,0.1518067383373031,0,3962.4342004380892,0,3962.2509713883928,0,128,96714104342b6bfe7a4d795d9b637c864602b5c64735e994cf231448f7ec08dc,aa2bc1741a8193d984998b8df948d7fe25325c92cefebb586c3fe38be6c8be25,fb1621704b5b94b3994f01a6804979c2b30ef27a5587b16766d95d95820aeac1,f5b86d4d1ad6774fc6249b64d7e4f059d40c2f78aa1824bda9a3596984cf0bb6,f5b86d4d1ad6774fc6249b64d7e4f059d40c2f78aa1824bda9a3596984cf0bb6,067b870f6152dc5da9613a09c9eaf4a8fa8dea0b8e94a9a9448b4adfe29d0204,067b870f6152dc5da9613a09c9eaf4a8fa8dea0b8e94a9a9448b4adfe29d0204,0,0,0,0,0,0,0,4.2785541154444218e-06,0.7029876708984375,0.016797710675746202,4.2785541154444218e-06,0.7029876708984375,0.016797710675746202,0,0,0.0001,64,64,0,5918.878078,1.644132800,20.018574528556886,458.70940911339238,89920.356739038791
ect.q256.schedule-switch-training-telemetry/v1,q256_fresh_crossed_switch_n12_matpool_numeric_recovery_v2,AB,A,B,348,q256_target_weight_v1,B,1.1000000000000001,1.1000000000000001,4348,4337,556544,556.544000,0,15.440679669380188,0,1806.6536704370726,1806.6536704370726,0,1806.6536704370726,0,0.14872590161285479,0,3962.4342688785919,0,3962.2510642756197,0,128,0febbc3ecbd95ebdb99707efd8a804ffbf0b7c70a076462816b7639eadeeb9e2,4f5626018381fcaff7848ba2a0d961f120b30fa832c327e53bb1af21dd29a104,2e3bb050968efc919872f05edf23f1d33fffb06092a625749784a4e200570da9,84dedea50b01b0e714c05cebdd909d87817717417f769cd0d8d49603ba6fdd3b,84dedea50b01b0e714c05cebdd909d87817717417f769cd0d8d49603ba6fdd3b,fe3ab71e3f9e809f1c189752abed1ffe97a3210f58ff50d2bd25d354c25a63d2,fe3ab71e3f9e809f1c189752abed1ffe97a3210f58ff50d2bd25d354c25a63d2,0,0,0,0,0,0,0,0.00017243623733520508,0.27083206176757812,0.016421586566139013,0.00017243623733520508,0.27083206176757812,0.016421586566139013,0,0,0.0001,64,64,0,5920.406070,1.644557242,20.018407941337799,415.7927975125736,89896.116372901946
ect.q256.schedule-switch-training-telemetry/v1,q256_fresh_crossed_switch_n12_matpool_numeric_recovery_v2,AB,A,B,349,q256_target_weight_v1,B,1.1000000000000001,1.1000000000000001,4349,4338,556672,556.672000,0,16.425605654716492,0,1776.7725125379109,1776.7725125379109,0,1776.7725125379109,0,0.15106423952721779,0,3962.4345186699479,0,3962.2511572507728,0,128,6ad5000f32aab9587dfe5a545cd5a58f928ef36179ddd6ad3ad00bbd5961b6ff,ea73e57bf2a2bb9b27c32dd6bfdbeaf514fb2884ca502866347b55d45ab6c451,f666a0d6b9e7a6ec1ffa71081c65aea6974c329ecf14d182aadc8d7a5d4bb318,68af82f71d22591acc62b76ba7526654acb4209a8371a3fc88694d91bf16d05f,68af82f71d22591acc62b76ba7526654acb4209a8371a3fc88694d91bf16d05f,be5ca8fbd7abbab8e180269b95536bbd8e670a2bf5dd60a56dba4e14db4d624f,be5ca8fbd7abbab8e180269b95536bbd8e670a2bf5dd60a56dba4e14db4d624f,0,0,0,0,0,0,0,7.4746785685420036e-05,0.095899581909179688,0.010244210658129305,7.4746785685420036e-05,0.095899581909179688,0.010244210658129305,0,0,0.0001,64,64,0,5921.933157,1.644981433,20.018044645416236,372.70591517880774,89858.283911669569
ect.q256.schedule-switch-training-telemetry/v1,q256_fresh_crossed_switch_n12_matpool_numeric_recovery_v2,AB,A,B,350,q256_target_weight_v1,B,1.1000000000000001,1.1000000000000001,4350,4339,556800,556.800000,0,14.284409999847412,0,2276.4398850218608,2276.4398850218608,0,2276.4398850218608,0,0.14853980993853375,0,3962.4348775983372,0,3962.2512503742823,0,128,c04ed578b7f5aa8b1a37ab518e3ebb27826b562ca5b68fb42cca66f66000e56e,b656a5d6154412b4dc81a339610ec59e81c904b48ac5beca04484457e4e73e7b,12e72bbb7960dfc0e721e8889643bc69435cfacb13e05f2b0482272788ab2b78,462f3e675b83a038c1eca9b9321702f2040c0da989a8768a006b18a37c078a48,462f3e675b83a038c1eca9b9321702f2040c0da989a8768a006b18a37c078a48,2714c7e162c05b98348d886a23b04d7af294a14f08329586980377d53f2b0563,2714c7e162c05b98348d886a23b04d7af294a14f08329586980377d53f2b0563,0,0,0,0,0,0,0,2.2766180336475372e-05,0.17719268798828125,0.015049537760205567,2.2766180336475372e-05,0.17719268798828125,0.015049537760205567,0,0,0.0001,64,64,0,5923.481078,1.645411411,20.017587588745204,401.29542668484657,89919.853104314941
ect.q256.schedule-switch-training-telemetry/v1,q256_fresh_crossed_switch_n12_matpool_numeric_recovery_v2,AB,A,B,351,q256_target_weight_v1,B,1.1000000000000001,1.1000000000000001,4351,4340,556928,556.928000,0,15.52434515953064,0,1479.5083887034482,1479.5083887034482,0,1479.5083887034482,0,0.14701514968977,0,3962.4353866467504,0,3962.2513438125211,0,128,6c1844e80ba82aaf6b603c1e44de5f6c06b5745a711346dfda0c3bfabb032c93,3ab863c216d717fe3d556a39c5cee64daa93448ccacc03e2e55e42839e7ff05f,2a7b0e3e538adc6dbe1def6a413828699b70ba6e6c95b3649f52e131e805ccdf,041a84eb237ea37ab23c19b4d913cd2c999ae218240b27160f0896bfb90bb3c3,041a84eb237ea37ab23c19b4d913cd2c999ae218240b27160f0896bfb90bb3c3,f81531a7f1eb36b7b8e97e8a0fd47ff13c21b8c54d2bf04c81fd9c039dbbe300,f81531a7f1eb36b7b8e97e8a0fd47ff13c21b8c54d2bf04c81fd9c039dbbe300,0,0,0,0,0,0,0,1.8472201190888882e-05,0.23681640625,0.012760437675751746,1.8472201190888882e-05,0.23681640625,0.012760437675751746,0,0,0.0001,64,64,0,5925.004630,1.645834620,20.016909184061308,425.16536541525994,89857.604322779414
ect.q256.schedule-switch-training-telemetry/v1,q256_fresh_crossed_switch_n12_matpool_numeric_recovery_v2,AB,A,B,352,q256_target_weight_v1,B,1.1000000000000001,1.1000000000000001,4352,4341,557056,557.056000,0,16.436743021011353,0,2990.3125093589188,2990.3125093589188,0,2990.3125093589188,0,0.15018614818586279,0,3962.4360534890639,0,3962.2514376875083,0,128,ca1e3ca038a6ac7c34a676246dddc04e795e432ef66d84de8050dec62a6948ab,4215e79f048ef94c23dff27f1faef71e9318a33f3e728380971979e94935ddd9,f584398196722f022576463187ede8e91483633aba1abd2c693618ad33ff7579,79ce40a382b2e850cebdb4be752e1a0814d93f1d04a30e7d81fdc2c2b1debf96,79ce40a382b2e850cebdb4be752e1a0814d93f1d04a30e7d81fdc2c2b1debf96,8714c10328d839edc559c8119a1cd12f2e27147dc88c78f518c597936d99f7f7,8714c10328d839edc559c8119a1cd12f2e27147dc88c78f518c597936d99f7f7,0,0,0,0,0,0,0,2.2665597498416901e-05,0.4846649169921875,0.0149605481128674,2.2665597498416901e-05,0.4846649169921875,0.0149605481128674,0,0,0.0001,64,64,0,5926.530748,1.646258541,20.016244402592303,552.40444980190421,90025.239424658139
ect.q256.schedule-switch-training-telemetry/v1,q256_fresh_crossed_switch_n12_matpool_numeric_recovery_v2,AB,A,B,353,q256_target_weight_v1,B,1.1000000000000001,1.1000000000000001,4353,4342,557184,557.184000,0,14.492880344390869,0,2372.4189770360686,2372.4189770360686,0,2372.4189770360686,0,0.15470874124377021,0,3962.4366892133203,0,3962.2515320036232,0,128,067168f62c6cfaae7a09080745aa045bdb5f5359b08412ebb2229b87c21686c5,bb1ce8001b1edc65fc79573bca45b70f0ad798e9d171318c05b1be5226147bf3,6dd19c33e0e7cc810aea668ea04c0457e9b9f444b60cff31e2a0a659ee6ecec0,48ea8caa1ecfdc0c796b2d29aab8d8987d1671d5c4bbf202226337ad3e506015,48ea8caa1ecfdc0c796b2d29aab8d8987d1671d5c4bbf202226337ad3e506015,5e21abe72b23ecec0da6eed25cf7fdc1b93d265d7cd169c740062a959d17b74e,5e21abe72b23ecec0da6eed25cf7fdc1b93d265d7cd169c740062a959d17b74e,0,0,0,0,0,0,0,6.4927618950605392e-05,0.3664703369140625,0.018996407394297421,6.4927618950605392e-05,0.3664703369140625,0.018996407394297421,0,0,0.0001,64,64,0,5928.057145,1.646682540,20.015853227261953,641.75792946327704,90061.732518237739
ect.q256.schedule-switch-training-telemetry/v1,q256_fresh_crossed_switch_n12_matpool_numeric_recovery_v2,AB,A,B,354,q256_target_weight_v1,B,1.1000000000000001,1.1000000000000001,4354,4343,557312,557.312000,0,15.243567585945129,0,1345.3367060090575,1345.3367060090575,0,1345.3367060090575,0,0.15051901196516021,0,3962.4373439566498,0,3962.251626689253,0,128,a8bd176b6bead992dc224cf7b6003f7912500473639074b5cfabdaa0e82411e6,d57b00273007a5d14f16b1c4d91c7ebfb78f37fff5339d6cfb0e6fd0a003dcda,40473a711a68a51b92622828008e835b691a50ba2f8df6281ead26e67f4258df,ecd744426803b05cfdb99f4dc981d424a4ae75df714721ca6a0d1b287766efb8,ecd744426803b05cfdb99f4dc981d424a4ae75df714721ca6a0d1b287766efb8,dd615624e8769fcfa466a464411a48ceb7beeb380b6929117d9c4405ed015ca0,dd615624e8769fcfa466a464411a48ceb7beeb380b6929117d9c4405ed015ca0,0,0,0,0,0,0,0,0.0001276358962059021,0.254791259765625,0.014333053433801979,0.0001276358962059021,0.254791259765625,0.014333053433801979,0,0,0.0001,64,64,0,5929.581726,1.647106035,20.015375715469762,640.08369149495775,90001.460187873265
ect.q256.schedule-switch-training-telemetry/v1,q256_fresh_crossed_switch_n12_matpool_numeric_recovery_v2,AB,A,B,355,q256_target_weight_v1,B,1.1000000000000001,1.1000000000000001,4355,4344,557440,557.440000,0,16.391971945762634,0,1378.6368590705611,1378.6368590705611,0,1378.6368590705611,0,0.14339061868187164,0,3962.4379263901396,0,3962.251721769996,0,128,e4e5977fc7600f8836d0a915f11862802087a10a6f61f088732066bf83d4375f,f41f204039e60ae92d31df07339c0d5619a81748c10b8f7bb11d6994527de9d2,fa29053929b1582799924082f262382f2ef1a2873f1c0ba3fa8092df18420ee6,96bd799001bfc111af997aceb56f53dcb24b1d4d89d85280080c94f89faede60,96bd799001bfc111af997aceb56f53dcb24b1d4d89d85280080c94f89faede60,4327b2cbb4bc637da492342b07ba7713527e3f8f114fd3fc8183bbcc6c8e22f3,4327b2cbb4bc637da492342b07ba7713527e3f8f114fd3fc8183bbcc6c8e22f3,0,0,0,0,0,0,0,1.6244477592408657e-05,0.19893646240234375,0.0118969731265679,1.6244477592408657e-05,0.19893646240234375,0.0118969731265679,0,0,0.0001,64,64,0,5931.106819,1.647529672,20.014542853430719,525.1948861157382,89961.199596902792
ect.q256.schedule-switch-training-telemetry/v1,q256_fresh_crossed_switch_n12_matpool_numeric_recovery_v2,AB,A,B,356,q256_target_weight_v1,B,1.1000000000000001,1.1000000000000001,4356,4345,557568,557.568000,0,17.344889044761658,0,2570.2677046301496,2570.2677046301496,0,2570.2677046301496,0,0.14352702723067268,0,3962.4384178517134,0,3962.2518171249399,0,128,cc984908264e535b62b437efe8f65ea937ac6ed07136421101421ce0530aefcb,d9e87ab3543c95ac39ccd9a42ac7c6531e74a91d17bc07509be169aef34988ad,ccc873ee7183e29f2cbe8097fa4957cf88a49c915759d989d97605fb7de7ea13,c095e8e639e3638b1b2ca17c765f02a5c3019d7774336b9a3965cc56e16a5884,c095e8e639e3638b1b2ca17c765f02a5c3019d7774336b9a3965cc56e16a5884,5bb366c3f3b7dffab4bebc2a94263d74548112351e81125c48d5a11f24fcedab,5bb366c3f3b7dffab4bebc2a94263d74548112351e81125c48d5a11f24fcedab,0,0,0,0,0,0,0,5.6074466556310654e-05,0.37409210205078125,0.01957126590423286,5.6074466556310654e-05,0.37409210205078125,0.01957126590423286,0,0,0.0001,64,64,0,5932.630531,1.647952925,20.0129575529207,404.63266775333454,90051.474597555367
ect.q256.schedule-switch-training-telemetry/v1,q256_fresh_crossed_switch_n12_matpool_numeric_recovery_v2,AB,A,B,357,q256_target_weight_v1,B,1.1000000000000001,1.1000000000000001,4357,4346,557696,557.696000,0,16.307747364044189,0,1797.8337693491474,1797.8337693491474,0,1797.8337693491474,0,0.13973922943658215,0,3962.4387492318679,0,3962.2519126062634,0,128,c5bafdfc7a2caf4b12f8dcbf6ce216c1cc64a442e2ea2cc2de1b0789b0428afa,6929ccdbae0507d7fe66c322d17d25185a841b5a17e41a9779f0e486b474be68,86a9ba09b5d26c54b0c6b5cc4a42a1df10916e894d7645236bec4b0d75ffa9fc,848368e8838b6c3c32612cc23d2de96fa8e4d27ba67eb81d73531583e2c5a028,848368e8838b6c3c32612cc23d2de96fa8e4d27ba67eb81d73531583e2c5a028,497577af3e66c669e988065677888a1c70385d814221f3e0027e4a3beeb5e764,497577af3e66c669e988065677888a1c70385d814221f3e0027e4a3beeb5e764,0,0,0,0,0,0,0,5.4334814194589853e-06,0.30867767333984375,0.019978457596153021,5.4334814194589853e-06,0.30867767333984375,0.019978457596153021,0,0,0.0001,64,64,0,5934.163883,1.648378856,20.010981464256773,365.43515458477037,90051.623167574056
ect.q256.schedule-switch-training-telemetry/v1,q256_fresh_crossed_switch_n12_matpool_numeric_recovery_v2,AB,A,B,358,q256_target_weight_v1,B,1.1000000000000001,1.1000000000000001,4358,4347,557824,557.824000,0,13.623234152793884,0,1886.1097862235674,1886.1097862235674,0,1886.1097862235674,0,0.13823176580446941,0,3962.4389523943519,0,3962.2520081703101,0,128,a1f18780d404f96e0532ff7d38f5b0f39f29c81d36418739000a30cee89d1e0b,1d1a26b9198f3061b455a1ae2e2c3536365f754d2ae2d79e89479dea7a9918c0,b7031216d7283d00055c2b7edf576672722e508097d4b2130fb172a0194fbfa8,fa0e26654b53e4b52cf8a6b13ad290b22428d502a60587ab9f45aff2adccbb29,fa0e26654b53e4b52cf8a6b13ad290b22428d502a60587ab9f45aff2adccbb29,926e7720de7ff0394207a2f1e58e3c61bd771ef0e31b6fca2f2fdb6ed30ed0e7,926e7720de7ff0394207a2f1e58e3c61bd771ef0e31b6fca2f2fdb6ed30ed0e7,0,0,0,0,0,0,0,0.00013114884495735168,0.43035125732421875,0.019608153961598873,0.00013114884495735168,0.43035125732421875,0.019608153961598873,0,0,0.0001,64,64,0,5935.694783,1.648804106,20.008546166522134,401.61281229525207,90057.177144236048
ect.q256.schedule-switch-training-telemetry/v1,q256_fresh_crossed_switch_n12_matpool_numeric_recovery_v2,AB,A,B,359,q256_target_weight_v1,B,1.1000000000000001,1.1000000000000001,4359,4348,557952,557.952000,0,17.290292978286743,0,1728.7132344429626,1728.7132344429626,0,1728.7132344429626,0,0.141686333469459,0,3962.4390339641186,0,3962.2521037483962,0,128,adcb3e76f0688bc76306b4a3adf77d020cf4b4d07a06a48b7faa2f4e7e6f3406,bb8d90824d09787de4c235a79212f109dc25510ae62c609869a26dbd8b438a93,d3db2421d275a8b1fbdf86f00c2614c61e9ff8a6490235ad52b28b47bd71f77b,4544d17b743c29ab9962620faa2c57a6180d101b1085c6ab971b760ebacc083a,4544d17b743c29ab9962620faa2c57a6180d101b1085c6ab971b760ebacc083a,15ba13805ba5678cdfbb82e071f42c612e8c340c6e7d74e64bdfdcf4e540c386,15ba13805ba5678cdfbb82e071f42c612e8c340c6e7d74e64bdfdcf4e540c386,0,0,0,0,0,0,0,9.2755537480115891e-05,0.11741828918457031,0.0098662613308988512,9.2755537480115891e-05,0.11741828918457031,0.0098662613308988512,0,0,0.0001,64,64,0,5937.223153,1.649228654,20.005769504963826,417.74421181075911,90009.01579649288
ect.q256.schedule-switch-training-telemetry/v1,q256_fresh_crossed_switch_n12_matpool_numeric_recovery_v2,AB,A,B,360,q256_target_weight_v1,B,1.1000000000000001,1.1000000000000001,4360,4349,558080,558.080000,0,14.687743306159973,0,1534.4243511850573,1534.4243511850573,0,1534.4243511850573,0,0.14422393334675998,0,3962.4390714395522,0,3962.2521993510459,0,128,9196c7eeb0caa022740703a60a6dbc087b4008dc5f19648e4c7cb55a830e83f4,ae99da4a43e3bcbf090ee200bcce5f1f11a77b66f8d2b53313faa78d641d0585,6c7a83814d812c358e6b3c37d72b7ce848de2bc283788c2100658f0340f1d00b,6ededbe0d4be244490ab69888273745bf9f7014c85238a226286f66b54440d5f,6ededbe0d4be244490ab69888273745bf9f7014c85238a226286f66b54440d5f,eeda690b8aee8a700e97271b367491e92fb30142e78e39a8f2221cac2af3d8f5,eeda690b8aee8a700e97271b367491e92fb30142e78e39a8f2221cac2af3d8f5,0,0,0,0,0,0,0,6.8511348217725754e-05,1.13525390625,0.020063919248059392,6.8511348217725754e-05,1.13525390625,0.020063919248059392,0,0,0.0001,64,64,0,5938.770345,1.649658429,20.003326078632313,389.68588065770928,89946.37235317922
ect.q256.schedule-switch-training-telemetry/v1,q256_fresh_crossed_switch_n12_matpool_numeric_recovery_v2,AB,A,B,361,q256_target_weight_v1,B,1.1000000000000001,1.1000000000000001,4361,4350,558208,558.208000,0,16.389924764633179,0,1652.3948157528007,1652.3948157528007,0,1652.3948157528007,0,0.14537261135349952,0,3962.4390136393567,0,3962.2522948530218,0,128,a5e822ccf67759ac53e65c442b02b23a99f691aa919da1d48b6674d3c01aab15,204819395499b5b4d2530d5fc3222e4386501d220110274011fdbace3ed53545,c8b26ea1f39e0f75c441541a86f3bfd972da6ceac542d7c35ddac1a062e61fa3,43e5a7148df2656b1f044e2bb243e6808cf1c98ae3a66750f87327ecdd8fd0d9,43e5a7148df2656b1f044e2bb243e6808cf1c98ae3a66750f87327ecdd8fd0d9,ef68b0a9eae2265fcaba8c590f16c4550cbbab13b1409500a9cc8a00957e4a40,ef68b0a9eae2265fcaba8c590f16c4550cbbab13b1409500a9cc8a00957e4a40,0,0,0,0,0,0,0,8.5860956460237503e-05,0.20098114013671875,0.010737232805695385,8.5860956460237503e-05,0.20098114013671875,0.010737232805695385,0,0,0.0001,64,64,0,5940.295293,1.650082026,20.000926981415795,374.3169955871399,89888.526204960144
ect.q256.schedule-switch-training-telemetry/v1,q256_fresh_crossed_switch_n12_matpool_numeric_recovery_v2,AB,A,B,362,q256_target_weight_v1,B,1.1000000000000001,1.1000000000000001,4362,4351,558336,558.336000,0,16.058145761489868,0,943.42282495001359,943.42282495001359,0,943.42282495001359,0,0.141077322683343,0,3962.438928960381,0,3962.252390208143,0,128,26e3afcad3c6b0c71c3dae8fb79f2733f8b12669e424d0c6976d50b9b5e5f79e,d3e3e05e0170fdff5e867cc2e00cf317ed0cea214c82510d7b6746f05d48d083,2722d6f20467b0c66656feccf33ecae8e7034ca08e1737ce4c4c8c5a02203bc2,87f261a0401035a0dc44fd47a7627a0eb6fa6f0138aff857cfb1760a6f920ec9,87f261a0401035a0dc44fd47a7627a0eb6fa6f0138aff857cfb1760a6f920ec9,314a9fe682e7a13db8e2e3fe19601a93f3f8815f471eee655b99d464d7e54f43,314a9fe682e7a13db8e2e3fe19601a93f3f8815f471eee655b99d464d7e54f43,0,0,0,0,0,0,0,1.8414750229567289e-05,0.10980796813964844,0.011664543941151351,1.8414750229567289e-05,0.10980796813964844,0.011664543941151351,0,0,0.0001,64,64,0,5941.831084,1.650508634,19.998335271094604,362.54361911412701,89807.731853793055
ect.q256.schedule-switch-training-telemetry/v1,q256_fresh_crossed_switch_n12_matpool_numeric_recovery_v2,AB,A,B,363,q256_target_weight_v1,B,1.1000000000000001,1.1000000000000001,4363,4352,558464,558.464000,0,15.870913863182068,0,1298.9439802077663,1298.9439802077663,0,1298.9439802077663,0,0.13983909742335912,0,3962.4389070397851,0,3962.2524854793414,0,128,8527ae42472dc1c23f05c76339aace62b7d2c944a2fba98d0079c4bd433b1643,9c5612fa62643e8558868de36b18ce43b80bf5a4ac5ba02d6aac4d0156387d83,e56275caea3d5172bee249686e0e696619dc90a061574847317d50a126407841,3587214ba56220b7a2e8e290836a2b3bce63c2cac30b63a14030d2c1ca44a538,3587214ba56220b7a2e8e290836a2b3bce63c2cac30b63a14030d2c1ca44a538,0feea4ccac73746c031c04deced331051f4180a9060562216eeb82422ff030bb,0feea4ccac73746c031c04deced331051f4180a9060562216eeb82422ff030bb,0,0,0,0,0,0,0,4.4695101678371429e-05,0.14176177978515625,0.012421807274222374,4.4695101678371429e-05,0.14176177978515625,0.012421807274222374,0,0,0.0001,64,64,0,5943.377625,1.650938229,19.995566700561422,378.67799838724721,89743.267768541045
ect.q256.schedule-switch-training-telemetry/v1,q256_fresh_crossed_switch_n12_matpool_numeric_recovery_v2,AB,A,B,364,q256_target_weight_v1,B,1.1000000000000001,1.1000000000000001,4364,4353,558592,558.592000,0,17.748820781707764,0,1908.545370376575,1908.545370376575,0,1908.545370376575,0,0.1438065423081952,0,3962.4389234055479,0,3962.252580690043,0,128,e8cfd1e4613e221f684750d7599b8cfc005a5f3e869bc7a3a0f1371fd775aaef,4dba6593a324b95116a05f0302e04d0bacbf112cf175c543b647ebc4eac0dc70,5d69ab765773e0fa3d6ddc1a44e8f5d88822c152d56b0019a3754726291349c8,9346f2ef9096bf298b859eb27f7882e048dd68f0b3dd37f91342322de507aabc,9346f2ef9096bf298b859eb27f7882e048dd68f0b3dd37f91342322de507aabc,80277470dd44f9c35d3cf7f501e724c2ebcc32df8728edd2891630f5d5f5eee2,80277470dd44f9c35d3cf7f501e724c2ebcc32df8728edd2891630f5d5f5eee2,0,0,0,0,0,0,0,1.5105644706636667e-05,0.23680496215820312,0.012722204497549683,1.5105644706636667e-05,0.23680496215820312,0.012722204497549683,0,0,0.0001,64,64,0,5944.902780,1.651361883,19.992477612346757,359.50994722080577,89725.452690605482
ect.q256.schedule-switch-training-telemetry/v1,q256_fresh_crossed_switch_n12_matpool_numeric_recovery_v2,AB,A,B,365,q256_target_weight_v1,B,1.1000000000000001,1.1000000000000001,4365,4354,558720,558.720000,0,16.399154901504517,0,1928.0916280513354,1928.0916280513354,0,1928.0916280513354,0,0.15053488645065094,0,3962.4389799868659,0,3962.2526758846552,0,128,2dfc98c0ab4dac265bbfd7bf04e21a09254731e1252ac50d37098b6c33a75279,b46914540943ae763a8651eeeb72d99db5c671ada66e009fa18833afa823c016,ceda03ed052a606e4f5ed3553a919e1493462841139a4b65607e441a71ee2a19,b448391e3243eee37cd59eb9216499edeaede6f8248d749f79c7eac69fc40ab7,b448391e3243eee37cd59eb9216499edeaede6f8248d749f79c7eac69fc40ab7,3fe8eca2e5e585160963b7a572520174bd492cdc7bcb96ac594dcd28e212812c,3fe8eca2e5e585160963b7a572520174bd492cdc7bcb96ac594dcd28e212812c,0,0,0,0,0,0,0,9.9344644695520401e-05,0.29969024658203125,0.015763912349939346,9.9344644695520401e-05,0.29969024658203125,0.015763912349939346,0,0,0.0001,64,64,0,5946.433639,1.651787122,19.989246503881233,366.8520747522391,89696.323138852531
ect.q256.schedule-switch-training-telemetry/v1,q256_fresh_crossed_switch_n12_matpool_numeric_recovery_v2,AB,A,B,366,q256_target_weight_v1,B,1.1000000000000001,1.1000000000000001,4366,4355,558848,558.848000,0,16.873413920402527,0,1686.6148174583668,1686.6148174583668,0,1686.6148174583668,0,0.15263585348759182,0,3962.4390715706668,0,3962.2527710754189,0,128,acc7e818ace6b61254ad960a875b0fa7d7c62aba3d9c50340862d660e2376d64,d8274ca7262dc5b8867b7c6958a3f189f551eb8cf838ff27ff0792c275f3d244,bbd5b00d60ccaedf17fc466662d8c5b66b27e6f64558b36e2a798129461d47cb,82c4034bd6f66588552b0d4f099befa2121ab38f1d8b92604d728e5c0fa29eba,82c4034bd6f66588552b0d4f099befa2121ab38f1d8b92604d728e5c0fa29eba,8a973b2526fd409440ad3b2079aea5c385b87667c49f23f8db2aff0f36a3f1bc,8a973b2526fd409440ad3b2079aea5c385b87667c49f23f8db2aff0f36a3f1bc,0,0,0,0,0,0,0,8.4731727838516235e-05,0.13515281677246094,0.010733953327871859,8.4731727838516235e-05,0.13515281677246094,0.010733953327871859,0,0,0.0001,64,64,0,5947.957626,1.652210452,19.985978903012029,366.93223266245582,89646.098982667594
ect.q256.schedule-switch-training-telemetry/v1,q256_fresh_crossed_switch_n12_matpool_numeric_recovery_v2,AB,A,B,367,q256_target_weight_v1,B,1.1000000000000001,1.1000000000000001,4367,4356,558976,558.976000,0,16.688600301742554,0,2470.184524876508,2470.184524876508,0,2470.184524876508,0,0.14925249591912865,0,3962.4391768296223,0,3962.2528663086341,0,128,4081a18228df5dea43320c27b4e4dbe9a5f144a701bea37c6f8bc2233bb9eac9,e9497e2450a73ae36a2c101cf28262c7d21e92a08710b8428fffca5d4f2c865c,ebaee6ffbef71377614331466bad859e19ffd535017ca4545657ff9b03f0335e,f53c11e8d415df65a0c41a55b2e90c9d880779ab98c374b3b92e26eaeec973dd,f53c11e8d415df65a0c41a55b2e90c9d880779ab98c374b3b92e26eaeec973dd,b0db311d02e88a884ce890c89a8273e427d5c2c3366b25c0eb90b8a0375ed91f,b0db311d02e88a884ce890c89a8273e427d5c2c3366b25c0eb90b8a0375ed91f,0,0,0,0,0,0,0,4.559406079351902e-05,0.6292877197265625,0.01898454170441255,4.559406079351902e-05,0.6292877197265625,0.01898454170441255,0,0,0.0001,64,64,0,5949.520636,1.652644621,19.98283106637626,374.17088642207023,89743.71217230671
ect.q256.schedule-switch-training-telemetry/v1,q256_fresh_crossed_switch_n12_matpool_numeric_recovery_v2,AB,A,B,368,q256_target_weight_v1,B,1.1000000000000001,1.1000000000000001,4368,4357,559104,559.104000,0,14.880871653556824,0,1625.8199332506942,1625.8199332506942,0,1625.8199332506942,0,0.14784439941840188,0,3962.4392473226562,0,3962.2529614914833,0,128,a1798c10a8a12dab8cf4e1471b4a48d1dd3759a748f27d8d67663ab4490427b0,dd52e6868553f47b2420e4ceb47418603eee021ed3e10b179c86996564913d53,3c90321ea4afc3d80d79e7233acfab2db45bae10eeb523b78ab60015d3ae2fb6,eb3ca0fd8269a977dce6d5bb26d02766f41c41051c8eac819dcad3c3d4ee073b,eb3ca0fd8269a977dce6d5bb26d02766f41c41051c8eac819dcad3c3d4ee073b,754f9338fe7b5989d3068db186a21ddec69a8d0bc06754a2e17941a7a9a8edab,754f9338fe7b5989d3068db186a21ddec69a8d0bc06754a2e17941a7a9a8edab,0,0,0,0,0,0,0,0.0001076902262866497,0.066569328308105469,0.010726463748142123,0.0001076902262866497,0.066569328308105469,0.010726463748142123,0,0,0.0001,64,64,0,5951.066542,1.653074039,19.97976597725609,398.7930900271719,89706.738915814451
ect.q256.schedule-switch-training-telemetry/v1,q256_fresh_crossed_switch_n12_matpool_numeric_recovery_v2,AB,A,B,369,q256_target_weight_v1,B,1.1000000000000001,1.1000000000000001,4369,4358,559232,559.232000,0,15.154728293418884,0,1500.6269585017089,1500.6269585017089,0,1500.6269585017089,0,0.14894414746981985,0,3962.4392625094811,0,3962.2530566901355,0,128,7530de1f3849433a290ca99cba275bc0f97d4f4fc3dcbb083289e713afe594cf,b96fb108f542bc4d312ffbb54715559d42b816357cf01d863dff859b58325c51,de14f48e85f0d96747dff79cac8b06233914dcecca9f6326616b9b8a5abf4b40,855f0ffcb1cc9eacfd2ce70c4a7b2eff6194fbb6d1bfb127792583243e65dbfb,855f0ffcb1cc9eacfd2ce70c4a7b2eff6194fbb6d1bfb127792583243e65dbfb,4b85ef53f4e09e5b521b172efdfa4aee26f5fa41112098ef78ed1cce9c2ab144,4b85ef53f4e09e5b521b172efdfa4aee26f5fa41112098ef78ed1cce9c2ab144,0,0,0,0,0,0,0,1.2134085409343243e-05,0.21957778930664062,0.013904335675761104,1.2134085409343243e-05,0.21957778930664062,0.013904335675761104,0,0,0.0001,64,64,0,5952.597688,1.653499358,19.976626949610882,383.31833595871552,89640.58224598279
ect.q256.schedule-switch-training-telemetry/v1,q256_fresh_crossed_switch_n12_matpool_numeric_recovery_v2,AB,A,B,370,q256_target_weight_v1,B,1.1000000000000001,1.1000000000000001,4370,4359,559360,559.360000,0,15.230545401573181,0,1559.383864157295,1559.383864157295,0,1559.383864157295,0,0.14763486104846291,0,3962.4392787751644,0,3962.2531518339702,0,128,c10d71f6dec48aac208a3cdcc30c5c829a0c692aa6a0ac23fff5d0161f516e79,2deaf5680715c6487cf702f5a4fac8d4267dc4a4cd2d12c67cae7851871081aa,728f836a175e119591637abd56313e9ba2ec3b62a66c28c8511621edc4edd3b4,f67ed061c769f0646ba671e6576f34c1a0859955c255a763a708515ea8dcff02,f67ed061c769f0646ba671e6576f34c1a0859955c255a763a708515ea8dcff02,77349876d25801ca0c0f4b42f1888a967c6d57d066066d2b2ccbae1c1cba6862,77349876d25801ca0c0f4b42f1888a967c6d57d066066d2b2ccbae1c1cba6862,0,0,0,0,0,0,0,7.2633381932973862e-05,0.12104225158691406,0.011923096200916916,7.2633381932973862e-05,0.12104225158691406,0.011923096200916916,0,0,0.0001,64,64,0,5954.125190,1.653923664,19.973701600969065,399.4560299808914,89598.652082305431
ect.q256.schedule-switch-training-telemetry/v1,q256_fresh_crossed_switch_n12_matpool_numeric_recovery_v2,AB,A,B,371,q256_target_weight_v1,B,1.1000000000000001,1.1000000000000001,4371,4360,559488,559.488000,0,16.072369456291199,0,1259.8253424209959,1259.8253424209959,0,1259.8253424209959,0,0.14465252519315358,0,3962.4392588378,0,3962.2532468852837,0,128,d61a9e77f2ed904a587eca04503461fee0dcf8cea54f8d81eba550dfcbd21590,2570c3cf9b64cdc0ff1085a1efe495dd4852af193191ba5bce687bb3ad4f5c2a,6a7f9c9bcb8f6d174c1cd03c0a334b676667fea6d2b842894b291dce914f52fa,75cd5481172ce40e92aeb9c9e5f1c1190756706e8be18a660855110763766e4b,75cd5481172ce40e92aeb9c9e5f1c1190756706e8be18a660855110763766e4b,443c3fdf411c0197e3fd1a591ed061107341149b0e98cc9572cd4c0fa5f46008,443c3fdf411c0197e3fd1a591ed061107341149b0e98cc9572cd4c0fa5f46008,0,0,0,0,0,0,0,7.3262257501482964e-05,0.21467971801757812,0.012441477738320827,7.3262257501482964e-05,0.21467971801757812,0.012441477738320827,0,0,0.0001,64,64,0,5955.650789,1.654347442,19.970921225325949,383.53089312365177,89536.594409726706
ect.q256.schedule-switch-training-telemetry/v1,q256_fresh_crossed_switch_n12_matpool_numeric_recovery_v2,AB,A,B,372,q256_target_weight_v1,B,1.1000000000000001,1.1000000000000001,4372,4361,559616,559.616000,0,13.991371393203735,0,1707.5965479957331,1707.5965479957331,0,1707.5965479957331,0,0.14527906606090327,0,3962.4391843083608,0,3962.2533418467897,0,128,eeb83746e5f1b2dc4b03f5139f1fe53c44ec3f220760b27cbe0d44919ade1a73,c6cde28a76851e5938fbd12294b7e0c741cc97dd56a8cafbd5e095575daa07ae,f103f2c1451b827f003d77616721b011ce161f6672f12f4405ef39639c0f91c3,7d74c05df0e68ccd776e2c2d6c3634a757face3a22fb2c50b8c2ccb1567d17fa,7d74c05df0e68ccd776e2c2d6c3634a757face3a22fb2c50b8c2ccb1567d17fa,5cbe93403dbedecb2007615931e841b8bf13988e29ee2e0c191516c5508395c0,5cbe93403dbedecb2007615931e841b8bf13988e29ee2e0c191516c5508395c0,0,0,0,0,0,0,0,0.00026414915919303894,0.16728973388671875,0.013402083655819297,0.00026414915919303894,0.16728973388671875,0.013402083655819297,0,0,0.0001,64,64,0,5957.179877,1.654772188,19.968060118840153,342.69411221482142,89506.438693741453
ect.q256.schedule-switch-training-telemetry/v1,q256_fresh_crossed_switch_n12_matpool_numeric_recovery_v2,AB,A,B,373,q256_target_weight_v1,B,1.1000000000000001,1.1000000000000001,4373,4362,559744,559.744000,0,18.810168027877808,0,1365.6302016735024,1365.6302016735024,0,1365.6302016735024,0,0.14548769236804041,0,3962.4390660461841,0,3962.2534366542191,0,128,2558885072c22dbe93a77f71c36c38a5052406a119bb9a5651b66c7a8568dff5,75442673c7b22f478662d0d8d91da2b2b39d7116f6ab8d16f67e1f5c54dadd78,6e0404e8e2ad5c39a986ebf8461191dc0d0381bb003c98d777e945739470d922,8a03d91f53677a03af51e8c9e574e81e7423c584eb045c2743ce84e9a8a7f0f1,8a03d91f53677a03af51e8c9e574e81e7423c584eb045c2743ce84e9a8a7f0f1,1c10278b58ed56841e5c5ae22df4fb85e9dba3b1196fddc2b2ac9d95381f2dbc,1c10278b58ed56841e5c5ae22df4fb85e9dba3b1196fddc2b2ac9d95381f2dbc,0,0,0,0,0,0,0,9.2416070401668549e-05,0.12951087951660156,0.0075772711425088346,9.2416070401668549e-05,0.12951087951660156,0.0075772711425088346,0,0,0.0001,64,64,0,5958.707150,1.655196431,19.965124333502906,351.64674214056225,89448.998061479317
ect.q256.schedule-switch-training-telemetry/v1,q256_fresh_crossed_switch_n12_matpool_numeric_recovery_v2,AB,A,B,374,q256_target_weight_v1,B,1.1000000000000001,1.1000000000000001,4374,4363,559872,559.872000,0,15.801538586616516,0,1790.3059397365946,1790.3059397365946,0,1790.3059397365946,0,0.14853824162779772,0,3962.4388791589008,0,3962.2535313170329,0,128,782c33f08d9b63dfeba72a40d6998c742728265d5e3ac5a8ad73e101b6c77ed1,7f58287385ebba699e250b78e37d0c899e499f92d46c4d29eb5228b085a27656,6c9ea46aaf2b83b17bdf25ecf67d36795426a702bfb8f1a2cb40a726cf4c2aef,29f57ed2a468efaf0507399a30ee792c8bd15904fa56fd4cc140be417db990f1,29f57ed2a468efaf0507399a30ee792c8bd15904fa56fd4cc140be417db990f1,e1a9aa26ffcf89456c399b3339195c856dcf93c084421f74426b33c73a92bddc,e1a9aa26ffcf89456c399b3339195c856dcf93c084421f74426b33c73a92bddc,0,0,0,0,0,0,0,6.6599342972040176e-05,0.843841552734375,0.020414961501955986,6.6599342972040176e-05,0.843841552734375,0.020414961501955986,0,0,0.0001,64,64,0,5960.233226,1.655620341,19.962875676138445,368.17866407938715,89396.349882267677
ect.q256.schedule-switch-training-telemetry/v1,q256_fresh_crossed_switch_n12_matpool_numeric_recovery_v2,AB,A,B,375,q256_target_weight_v1,B,1.1000000000000001,1.1000000000000001,4375,4364,560000,560.000000,0,15.380866885185242,0,1933.4294079024498,1933.4294079024498,0,1933.4294079024498,0,0.15182101553146074,0,3962.4386563610851,0,3962.2536257407578,0,128,03a11e18b6a3ab7cbb8be25a1ba5a2de42aad33fd73961363f70a33d533d78ab,f503cb39b957d4e217d2dddafb542d26175089ba4226a8375598490ae1b6009c,3e346d3ffe1616823a3d3b80b033aabeecf234b2c931c2396bc4ed53cce27686,6b445f8ba5010da3e6c854415ce2416ae0c3f10ac9df930017cea6d323e9493d,6b445f8ba5010da3e6c854415ce2416ae0c3f10ac9df930017cea6d323e9493d,2151197878f55af7a9308434ec1941b5ce9d6e53b75f54ba4879a32c994c8ce4,2151197878f55af7a9308434ec1941b5ce9d6e53b75f54ba4879a32c994c8ce4,0,0,0,0,0,0,0,0.00013182871043682098,0.32318115234375,0.015447163488715887,0.00013182871043682098,0.32318115234375,0.015447163488715887,0,0,0.0001,64,64,0,5961.759678,1.656044355,19.960435182724517,411.50546696454035,89389.11435978263
ect.q256.schedule-switch-training-telemetry/v1,q256_fresh_crossed_switch_n12_matpool_numeric_recovery_v2,AB,A,B,376,q256_target_weight_v1,B,1.1000000000000001,1.1000000000000001,4376,4365,560128,560.128000,0,16.863471508026123,0,2075.3223288876288,2075.3223288876288,0,2075.3223288876288,0,0.1542348388993896,0,3962.4383802385523,0,3962.2537199159819,0,128,773c9d213ec983368fec0200bf6d3f909dcde16507c9aba7e2731cf1045e8cea,fa37490fbdfa0e7e84e6636356dbca9090c99a5b16f6800c49468bae99c195a8,2edda858cac817fc30c7e42775ca3c660546067555338937ff6976bb4ff4b0f2,5a562915fc3f55cb337427e9ab63bdf7ecaa696e57f8310e5017a9787762eb93,5a562915fc3f55cb337427e9ab63bdf7ecaa696e57f8310e5017a9787762eb93,b2b072a3683e17ce05070ad9758d3479c176062eb5cd65e27aabd64ca6695c19,b2b072a3683e17ce05070ad9758d3479c176062eb5cd65e27aabd64ca6695c19,0,0,0,0,0,0,0,1.1647236533463001e-05,0.15467071533203125,0.011024784937035292,1.1647236533463001e-05,0.15467071533203125,0.011024784937035292,0,0,0.0001,64,64,0,5963.293715,1.656470476,19.958600210918988,474.06876714264251,89395.837753251515
ect.q256.schedule-switch-training-telemetry/v1,q256_fresh_crossed_switch_n12_matpool_numeric_recovery_v2,AB,A,B,377,q256_target_weight_v1,B,1.1000000000000001,1.1000000000000001,4377,4366,560256,560.256000,0,14.89718759059906,0,2393.2125465665536,2393.2125465665536,0,2393.2125465665536,0,0.15393481740525786,0,3962.4380371674738,0,3962.2538138072678,0,128,00f4f14fe5411a392797ffb0ad45a2d1d36a811817490b50def8f8a308e5e21d,711f084b7301394b7e3e5fc3457c68c10c9065bd2e0ac437959b2f028cefdb0c,a431f1c4f588c7183faf67accf42eeaa4602ba88c4f42e285c5272db78d049f5,a33928a2f68a26e5cbb46ea8e770621de193c7878ffacfaabe40723b4bac9e80,a33928a2f68a26e5cbb46ea8e770621de193c7878ffacfaabe40723b4bac9e80,7cb1d00a328d9081bf199f3d0b475fef7a3bf7171c26a882ca5fc00afe7527bd,7cb1d00a328d9081bf199f3d0b475fef7a3bf7171c26a882ca5fc00afe7527bd,0,0,0,0,0,0,0,6.7236367613077164e-05,0.4667510986328125,0.015185480588115752,6.7236367613077164e-05,0.4667510986328125,0.015185480588115752,0,0,0.0001,64,64,0,5964.820075,1.656894465,19.957029414204406,423.92694399930514,89463.700635671266
ect.q256.schedule-switch-training-telemetry/v1,q256_fresh_crossed_switch_n12_matpool_numeric_recovery_v2,AB,A,B,378,q256_target_weight_v1,B,1.1000000000000001,1.1000000000000001,4378,4367,560384,560.384000,0,16.718723773956299,0,2102.1821634102571,2102.1821634102571,0,2102.1821634102571,0,0.1522301607446005,0,3962.437680634293,0,3962.2539073612802,0,128,7f40e367ef65b62ed0e6c12ef76f5c42e47ec9bd633f461f216cbb3a9fa12989,820597f3e82f814772de3c3dd5973886e4125536b99e6d42becbe7b2e6d3a021,677fe538a80c4c361eee746dd3348e8cc706b6491605f0f620c2a19ed08da881,7ba045bddac88a37837721aec16787cdeb458f1f72ed1ff87b9aa81620953eab,7ba045bddac88a37837721aec16787cdeb458f1f72ed1ff87b9aa81620953eab,6317b55cf5bb22a07caf610c585a13f662a893371d3c5fffd44b366c42103592,6317b55cf5bb22a07caf610c585a13f662a893371d3c5fffd44b366c42103592,0,0,0,0,0,0,0,6.0179969295859337e-05,0.06627655029296875,0.0083355369279161096,6.0179969295859337e-05,0.06627655029296875,0.0083355369279161096,0,0,0.0001,64,64,0,5966.347321,1.657318700,19.955369633010019,455.5556232207116,89491.763948367021
ect.q256.schedule-switch-training-telemetry/v1,q256_fresh_crossed_switch_n12_matpool_numeric_recovery_v2,AB,A,B,379,q256_target_weight_v1,B,1.1000000000000001,1.1000000000000001,4379,4368,560512,560.512000,0,17.064376592636108,0,1395.9196638810834,1395.9196638810834,0,1395.9196638810834,0,0.15300060058675305,0,3962.4373489282048,0,3962.2540006219738,0,128,71a0347d118ab565dea177a62b7fd1d90b95e7aa196fbf7c4c78d0f58f383a3c,a443bdba33303fa792cc303a57ed2539cc19d6107b8fc131c2bbdbc59d2fc6e3,6cbd1f3b0c45d6178e5eba6442945846ab7f5dca79eef46e4d529c9cfd36400d,9c516902da63c069169254c533402981122aa895b00b69d55fe183c865d2fcb6,9c516902da63c069169254c533402981122aa895b00b69d55fe183c865d2fcb6,d2f690bed34cd0046032e20cf390158a2e052afa2d88b2aef8c09a52c197adbd,d2f690bed34cd0046032e20cf390158a2e052afa2d88b2aef8c09a52c197adbd,0,0,0,0,0,0,0,4.0286220610141754e-05,0.30153656005859375,0.016802753496449441,4.0286220610141754e-05,0.30153656005859375,0.016802753496449441,0,0,0.0001,64,64,0,5967.877760,1.657743822,19.953571004120288,453.81896771070114,89422.021694570896
ect.q256.schedule-switch-training-telemetry/v1,q256_fresh_crossed_switch_n12_matpool_numeric_recovery_v2,AB,A,B,380,q256_target_weight_v1,B,1.1000000000000001,1.1000000000000001,4380,4369,560640,560.640000,0,15.664492130279541,0,2569.1905861090559,2569.1905861090559,0,2569.1905861090559,0,0.1575202428340215,0,3962.4369833592605,0,3962.2540935342154,0,128,0a39a7e43183b7556f8e577377804a5d603d9dc1e4c135daac93e0d4e39088dc,e108eb3d8faae2ec6cebc0d5e155a1480c3a5ee38048807242242f1ace121a1e,9c8edc1ed20cdb1f09f81a6033b8aaa0713e8f63781505e60bf8a9aa9bc11061,bebd4f2ee21bf93768758943aff07c5c1279002d976c1b75189f0c4e911b898c,bebd4f2ee21bf93768758943aff07c5c1279002d976c1b75189f0c4e911b898c,d5ddd4a2c37e3f0622c5b12e18de1d697d112b6447be022f4e12c381e582f262,d5ddd4a2c37e3f0622c5b12e18de1d697d112b6447be022f4e12c381e582f262,0,0,0,0,0,0,0,6.0115999076515436e-06,0.091989517211914062,0.012856543646194041,6.0115999076515436e-06,0.091989517211914062,0.012856543646194041,0,0,0.0001,64,64,0,5969.406311,1.658168420,19.951746453639643,535.85391722320196,89496.41459497693
ect.q256.schedule-switch-training-telemetry/v1,q256_fresh_crossed_switch_n12_matpool_numeric_recovery_v2,AB,A,B,381,q256_target_weight_v1,B,1.1000000000000001,1.1000000000000001,4381,4370,560768,560.768000,0,15.949718356132507,0,1488.6137285622835,1488.6137285622835,0,1488.6137285622835,0,0.15597200872962297,0,3962.4367526620263,0,3962.2541862396761,0,128,a6ca48b67e7e9466a9fab130b0929ac049f55df6fe0af16ed5a02bc0f2cd3db6,1af566cf49d60fb1e88ebb2a4bea35233ecb7a8ab24af11bbd9e25deb249f6c8,23ab62f549e60e25986168360013ef63b728e6827d8aed7b90f612948632ec3a,cc00628aad00b334dbd5bb7309272d54bf43b5e76e46d5fe02f85a0405e6dc0d,cc00628aad00b334dbd5bb7309272d54bf43b5e76e46d5fe02f85a0405e6dc0d,2fb9acd52669e8dbff34f5d47c0635794b6c6020f1b968e8bd4414f05d28bc36,2fb9acd52669e8dbff34f5d47c0635794b6c6020f1b968e8bd4414f05d28bc36,0,0,0,0,0,0,0,0.00016374839469790459,0.11581802368164062,0.010259620496071875,0.00016374839469790459,0.11581802368164062,0.010259620496071875,0,0,0.0001,64,64,0,5970.935690,1.658593247,19.949847895344355,479.13765426261796,89437.361626057318
ect.q256.schedule-switch-training-telemetry/v1,q256_fresh_crossed_switch_n12_matpool_numeric_recovery_v2,AB,A,B,382,q256_target_weight_v1,B,1.1000000000000001,1.1000000000000001,4382,4371,560896,560.896000,0,16.778581500053406,0,1789.3356160971953,1789.3356160971953,0,1789.3356160971953,0,0.15785119092276662,0,3962.4365870136639,0,3962.2542787869006,0,128,22b25e8909f32e78404ef4da318f464068cd5f6d9d6207d406b72567460da450,f9303e601fe39590e56b07434781f2451fdc206813f5f76875d4105bd7511e89,438af4c081995b979ac6e1b5752eff692b1d5b616910cd240eb6dd21fd720bcb,30f8c81060931791343e1996a9a69e25745daffce46a639eeb9813856062a855,30f8c81060931791343e1996a9a69e25745daffce46a639eeb9813856062a855,187868d1c6e81e7dc99b8a1d945d2e7b65d19e2ee7d1a74807f5e0d9be3a39d5,187868d1c6e81e7dc99b8a1d945d2e7b65d19e2ee7d1a74807f5e0d9be3a39d5,0,0,0,0,0,0,0,7.2082970291376114e-05,0.21744918823242188,0.012253363442141563,7.2082970291376114e-05,0.21744918823242188,0.012253363442141563,0,0,0.0001,64,64,0,5972.466695,1.659018526,19.947987748578644,442.97505285973483,89398.163141452882
ect.q256.schedule-switch-training-telemetry/v1,q256_fresh_crossed_switch_n12_matpool_numeric_recovery_v2,AB,A,B,383,q256_target_weight_v1,B,1.1000000000000001,1.1000000000000001,4383,4372,561024,561.024000,0,15.400587797164917,0,3109.0601443748524,3109.0601443748524,0,3109.0601443748524,0,0.1617683237116137,0,3962.4365676381985,0,3962.2543712284437,0,128,e4a340b163b149af8bb553b40298eb6f8420d677b64b9aecca2a7c22a6e82e20,8b786a85f68f5261fa00173278bb9d0e90e6958cd355508a16c8ed4b502087bc,367be25a6970010fdfd6dad3c2d14904e87fb1946b634e55a9b82131f5bd5937,c4d12f0de71fe61548d9e462e8398bf829ad81971bffaf135bfe6243f963352c,c4d12f0de71fe61548d9e462e8398bf829ad81971bffaf135bfe6243f963352c,0c7e49f1736e3b724e367106d32ef6650a5582df4de3576b8e9102180b5278c9,0c7e49f1736e3b724e367106d32ef6650a5582df4de3576b8e9102180b5278c9,0,0,0,0,0,0,0,0.00010324735194444656,0.10967254638671875,0.010740963160060346,0.00010324735194444656,0.10967254638671875,0.010740963160060346,0,0,0.0001,64,64,0,5973.999561,1.659444323,19.945824042655271,453.89349023819295,89579.207727597459
ect.q256.schedule-switch-training-telemetry/v1,q256_fresh_crossed_switch_n12_matpool_numeric_recovery_v2,AB,A,B,384,q256_target_weight_v1,B,1.1000000000000001,1.1000000000000001,4384,4373,561152,561.152000,0,16.559779167175293,0,1979.7684333858408,1979.7684333858408,0,1979.7684333858408,0,0.16035478488621285,0,3962.4366098248788,0,3962.2544636827524,0,128,25b913bd9899addc30b291d4123b44da11369196972d8e1a51d753bc55c37574,603411bf98397c764374b918422cf9825df52fe716757c783ca24e99f8ae832e,611bcff804a77fff8a9f96f0d184bd42183c8ece5809334d276fc0e906e51100,54cf7e9e61f7508c2756bc90b0ff6c2f9df3703fddb0229dfae7f4a672cd05eb,54cf7e9e61f7508c2756bc90b0ff6c2f9df3703fddb0229dfae7f4a672cd05eb,d1a0b780793b4615585098ce9d90c3b924a18013e8136444829aeca675957001,d1a0b780793b4615585098ce9d90c3b924a18013e8136444829aeca675957001,0,0,0,0,0,0,0,1.2832577340304852e-05,0.36469268798828125,0.014085911854635924,1.2832577340304852e-05,0.36469268798828125,0.014085911854635924,0,0,0.0001,64,64,0,5975.528395,1.659868999,19.944551951100738,480.79358560692532,89563.980815001705
ect.q256.schedule-switch-training-telemetry/v1,q256_fresh_crossed_switch_n12_matpool_numeric_recovery_v2,AB,A,B,385,q256_target_weight_v1,B,1.1000000000000001,1.1000000000000001,4385,4374,561280,561.280000,0,16.27874755859375,0,1777.2950037090557,1777.2950037090557,0,1777.2950037090557,0,0.15905846410577887,0,3962.4366942737224,0,3962.2545561154097,0,128,a8f73af079ce9b730f429f52c14f99edac1e487e8e319f86046016189d19120b,27b42cd90067e5bffc41b81c92f527edb2f804685a575f8b78c568a02c0e0e23,66cc7d9b8da1351cd81e01527032a13fd9e8d93f7fe3ae5ab68901dfcbb1d605,cb1c32b3f5726f9f919772ba2f09598894935d23850f7605d188abea5a232976,cb1c32b3f5726f9f919772ba2f09598894935d23850f7605d188abea5a232976,b2625d4267dbf955686202f1b91a61c3a7ff7f7093a4ed2f7a44433412f666ba,b2625d4267dbf955686202f1b91a61c3a7ff7f7093a4ed2f7a44433412f666ba,0,0,0,0,0,0,0,0.00015460141003131866,0.691986083984375,0.018996439990587533,0.00015460141003131866,0.691986083984375,0.018996439990587533,0,0,0.0001,64,64,0,5977.055430,1.660293175,19.943931303678969,519.94588116099567,89538.226313310195
ect.q256.schedule-switch-training-telemetry/v1,q256_fresh_crossed_switch_n12_matpool_numeric_recovery_v2,AB,A,B,386,q256_target_weight_v1,B,1.1000000000000001,1.1000000000000001,4386,4375,561408,561.408000,0,14.837291836738586,0,1860.0454150408525,1860.0454150408525,0,1860.0454150408525,0,0.16129183086528584,0,3962.4369147694574,0,3962.2546486930642,0,128,791a4bd3b2d96335ac513a9008d78409548ed1e313fedb405eadc32760b4395a,676be5bb36d9ac4920ecefdc3b872c11ecc98d1bbd4b682a9ee481fb675e935f,60bfcf41401d9e341a9af4ffc5105ffdd8e644b3e4cfc03c0666ff2a3e57dfe1,8ed8e51a7cd222004abf5d4afeb0f5e4e3b0cb6408cc7b568408b96b2f3455da,8ed8e51a7cd222004abf5d4afeb0f5e4e3b0cb6408cc7b568408b96b2f3455da,8aff93a60cf0b9748e5286db6b48073bdcdc479c4b3bb9ca08d0f8cde77983f2,8aff93a60cf0b9748e5286db6b48073bdcdc479c4b3bb9ca08d0f8cde77983f2,0,0,0,0,0,0,0,9.1464724391698837e-05,0.08206939697265625,0.010389285569544882,9.1464724391698837e-05,0.08206939697265625,0.010389285569544882,0,0,0.0001,64,64,0,5978.582289,1.660717302,19.943585748957105,476.96945949612399,89501.153746001844
ect.q256.schedule-switch-training-telemetry/v1,q256_fresh_crossed_switch_n12_matpool_numeric_recovery_v2,AB,A,B,387,q256_target_weight_v1,B,1.1000000000000001,1.1000000000000001,4387,4376,561536,561.536000,0,15.41914689540863,0,2871.9162420990474,2871.9162420990474,0,2871.9162420990474,0,0.16561445424171195,0,3962.4371360719392,0,3962.2547413542497,0,128,c337c3a51809a19a972177ff0ee4defcb39ef0db4d4d62c871eb6d7a61e06baa,535cdc649828f16c50d3d64cad7ba8ec794992f875ba9c10a29895667a43c2f7,3705084d96e084edfcd5db6bc9470c5f9d2cecd0f355ee3b8c2538b33e7bc481,399f60f7c31fbd4833909f533be156ed0be91dee86b80b2237a01c0be263fb25,399f60f7c31fbd4833909f533be156ed0be91dee86b80b2237a01c0be263fb25,26cb4ae9e31f89cb143fe622777d3523399e6d8ca9351b0fa429037fa5dcdcee,26cb4ae9e31f89cb143fe622777d3523399e6d8ca9351b0fa429037fa5dcdcee,0,0,0,0,0,0,0,3.2415264286100864e-05,0.2093963623046875,0.011842889944091439,3.2415264286100864e-05,0.2093963623046875,0.011842889944091439,0,0,0.0001,64,64,0,5980.112474,1.661142354,19.942965411327418,414.73240012616975,89634.136384689671
ect.q256.schedule-switch-training-telemetry/v1,q256_fresh_crossed_switch_n12_matpool_numeric_recovery_v2,AB,A,B,388,q256_target_weight_v1,B,1.1000000000000001,1.1000000000000001,4388,4377,561664,561.664000,0,17.711755514144897,0,2724.9014159803669,2724.9014159803669,0,2724.9014159803669,0,0.18716926880040571,0,3962.4373862111133,0,3962.2548341147999,0,128,deceb7274331b7fd26a79d58d3261f3e634dbf42c1cef52791f7fa727a22cd5f,318a28888f1d6e592dae968c3152a570c830ac6c52a4e02c039fd77c3f5f70ea,f722379b440e78a7e97696f6699d2b69ae5b10870850de2628ec05345cf82442,dd56438fb94494f6041821ef1f588c4d5d8c6e5d951d255653e3d73b71958b4a,dd56438fb94494f6041821ef1f588c4d5d8c6e5d951d255653e3d73b71958b4a,f9dc0e692015bf24434fbf6374639f872351638d09f3727c822488784c2a6ad8,f9dc0e692015bf24434fbf6374639f872351638d09f3727c822488784c2a6ad8,0,0,0,0,0,0,0,4.4627813622355461e-05,0.33321380615234375,0.012355183658655733,4.4627813622355461e-05,0.33321380615234375,0.012355183658655733,0,0,0.0001,64,64,0,5981.639424,1.661566507,19.942357411691813,472.95576016625819,89611.817777453296
ect.q256.schedule-switch-training-telemetry/v1,q256_fresh_crossed_switch_n12_matpool_numeric_recovery_v2,AB,A,B,389,q256_target_weight_v1,B,1.1000000000000001,1.1000000000000001,4389,4378,561792,561.792000,0,16.350655078887939,0,1907.7080159072964,1907.7080159072964,0,1907.7080159072964,0,0.18501786195805212,0,3962.4376371505778,0,3962.2549269972114,0,128,4430f03cc154c4b3f870e73ae23594a218c8972ad8e8ca0e5b309397807f9dda,f57cc8a15869637a25631222d42279f33f8da77cd35e1c227d3b5ae157466ddc,3b52e94dd1bac49fe41bbd73b26eb7fe6c830a9ca0bbae4ed754ff7fd245cb4f,3dafaf7a2f939de6c725ebbcff3090ff515921677e9f0abff9b1faea53dd666e,3dafaf7a2f939de6c725ebbcff3090ff515921677e9f0abff9b1faea53dd666e,09ca79b53a7a00193f07cfd63cdd7f33f38494ba1224b6894b008728090753bf,09ca79b53a7a00193f07cfd63cdd7f33f38494ba1224b6894b008728090753bf,0,0,0,0,0,0,0,4.4880900532007217e-05,0.7733917236328125,0.022683780291117728,4.4880900532007217e-05,0.7733917236328125,0.022683780291117728,0,0,0.0001,64,64,0,5983.174215,1.661992837,19.942145293475811,473.55133955493403,89603.690532156776
ect.q256.schedule-switch-training-telemetry/v1,q256_fresh_crossed_switch_n12_matpool_numeric_recovery_v2,AB,A,B,390,q256_target_weight_v1,B,1.1000000000000001,1.1000000000000001,4390,4379,561920,561.920000,0,17.266243100166321,0,2071.7449933407202,2071.7449933407202,0,2071.7449933407202,0,0.18243088821395784,0,3962.4379254108671,0,3962.2550200637747,0,128,af2ff88ce4da186e3127634e1e854e8b04afbe30bc305b52524465f300b8ac94,e9699fd2f885d8a4df817fe70f4f7ea04cd97c297ccc7afe295bd62e72a7523a,376b54c2abb77edae0761373e1ec52525cd32548c08e3f4d60701ad29b146cd7,2ddb549aad6c2eb1f2bac8031294ecbf449a3eddd97cb8d87c0dd5f375152368,2ddb549aad6c2eb1f2bac8031294ecbf449a3eddd97cb8d87c0dd5f375152368,c913b4f04e4ba8ef777f75b80e24dc9a42559cb30aaf8ea3109396c1ed152575,c913b4f04e4ba8ef777f75b80e24dc9a42559cb30aaf8ea3109396c1ed152575,0,0,0,0,0,0,0,2.0342878997325897e-05,0.17642593383789062,0.0093466676189564168,2.0342878997325897e-05,0.17642593383789062,0.0093466676189564168,0,0,0.0001,64,64,0,5984.699873,1.662416632,19.942448524304648,458.16000619190606,89602.976295977249
ect.q256.schedule-switch-training-telemetry/v1,q256_fresh_crossed_switch_n12_matpool_numeric_recovery_v2,AB,A,B,391,q256_target_weight_v1,B,1.1000000000000001,1.1000000000000001,4391,4380,562048,562.048000,0,17.648515939712524,0,1623.0245730357396,1623.0245730357396,0,1623.0245730357396,0,0.17897896792378029,0,3962.4382641418861,0,3962.2551132383987,0,128,ab4c807f3d8d2507d47ee0bc44b199b5a44ece0a5b7356e2cef3c926918a78f0,024c9fe7ad28ac3ed76b7172554979e3b6a0b6c9f6db494364a66137d1bf78b1,6d866af333f7cba41de549f92521976c6c66d0b3add5b57522f3c6fc75c5c961,d3e7c203fffb84afed81e4ff4ee7e5e34439acbfc0ac0491fee9c9ad537a7859,d3e7c203fffb84afed81e4ff4ee7e5e34439acbfc0ac0491fee9c9ad537a7859,872d990040a732afe460ac10cadb92e0796bd20ccbc2fa346f7adbddb5ded5d5,872d990040a732afe460ac10cadb92e0796bd20ccbc2fa346f7adbddb5ded5d5,0,0,0,0,0,0,0,3.780703991651535e-05,0.6923675537109375,0.01375664584338665,3.780703991651535e-05,0.6923675537109375,0.01375664584338665,0,0,0.0001,64,64,0,5986.225139,1.662840316,19.942854131062369,465.64993037685309,89564.055523897143
ect.q256.schedule-switch-training-telemetry/v1,q256_fresh_crossed_switch_n12_matpool_numeric_recovery_v2,AB,A,B,392,q256_target_weight_v1,B,1.1000000000000001,1.1000000000000001,4392,4381,562176,562.176000,0,16.255566239356995,0,1717.9388850903929,1717.9388850903929,0,1717.9388850903929,0,0.1751079889496257,0,3962.438565617872,0,3962.2552065399809,0,128,6d40b04abf8b8f2af12e2ca9bc6778c6cc44bff6cf055b9785c37aca12f4c3b5,8cb9a6bf6612c2c29edd3d1e0ad39f384c7e444f138a38fc4ab551245b6ab5d4,68e85e02fba8b3440b018e579d6c4c36505cb7724348a5b33faa470ca1989c30,3125dac1e72d34d86a19e1d4861f0ea6c84aaee312d4eb723d36920173fad433,3125dac1e72d34d86a19e1d4861f0ea6c84aaee312d4eb723d36920173fad433,f973380e1e163652833aa45b95a9b3f5124ca99896a01606ff6aeba3b32b2463,f973380e1e163652833aa45b95a9b3f5124ca99896a01606ff6aeba3b32b2463,0,0,0,0,0,0,0,5.5428827181458473e-05,0.11462211608886719,0.01200382417300716,5.5428827181458473e-05,0.11462211608886719,0.01200382417300716,0,0,0.0001,64,64,0,5987.750636,1.663264066,19.94377087267258,459.72029379566305,89519.209010857609
ect.q256.schedule-switch-training-telemetry/v1,q256_fresh_crossed_switch_n12_matpool_numeric_recovery_v2,AB,A,B,393,q256_target_weight_v1,B,1.1000000000000001,1.1000000000000001,4393,4382,562304,562.304000,0,16.498445749282837,0,2090.2091870023964,2090.2091870023964,0,2090.2091870023964,0,0.18171208588121573,0,3962.4389135070001,0,3962.2553000651242,0,128,765c6abf48c93eb60038e528f55e643651899f8d668541ab16c18aeca89c1b2c,9d96e02ecf384975d2b2692d3f0e320eeca59cfe4d358a3cd79892c25f58843c,ba7b55e739e88b5dc5db21246aaaf89912179a9d4b59053d7a37e5bc500c8c11,6da86d5aa76bccf08b5af8c2a733354a79c3ab9801079bb434a95258f5cf7025,6da86d5aa76bccf08b5af8c2a733354a79c3ab9801079bb434a95258f5cf7025,e2a28c4ad164d0f0c2395453d2f26d46a65088ae16dd9b86919e492148e6fdaa,e2a28c4ad164d0f0c2395453d2f26d46a65088ae16dd9b86919e492148e6fdaa,0,0,0,0,0,0,0,5.7779718190431595e-05,1.540496826171875,0.021498058922588825,5.7779718190431595e-05,1.540496826171875,0.021498058922588825,0,0,0.0001,64,64,0,5989.275908,1.663687752,19.94480997965157,472.25674677537756,89503.337715077854
ect.q256.schedule-switch-training-telemetry/v1,q256_fresh_crossed_switch_n12_matpool_numeric_recovery_v2,AB,A,B,394,q256_target_weight_v1,B,1.1000000000000001,1.1000000000000001,4394,4383,562432,562.432000,0,16.087029457092285,0,1537.1578385827715,1537.1578385827715,0,1537.1578385827715,0,0.17900384514221918,0,3962.4393063758944,0,3962.2553938486471,0,128,66cdc292c36c2a718507b96beeff96bce5d6ee378eba66160ab92238615c9715,296fe8079a64631a67c5c726938387f7fc4a3a7a8257c9ac514c4145fbb8f902,63f559b7cc6b818b491d77cd1f68187edfb683f7e631cc5460064f519d62e63a,c5264974a8a4004f8a1bc0fbf7c876830cc3266f1be6074b28358313ec84a1cb,c5264974a8a4004f8a1bc0fbf7c876830cc3266f1be6074b28358313ec84a1cb,794db208cb9a9f2e1eb4974e6c4aa5e31a21305fd6b6aafd1bcc1989c134146a,794db208cb9a9f2e1eb4974e6c4aa5e31a21305fd6b6aafd1bcc1989c134146a,0,0,0,0,0,0,0,3.2794545404613018e-05,0.32231903076171875,0.013096446695271879,3.2794545404613018e-05,0.32231903076171875,0.013096446695271879,0,0,0.0001,64,64,0,5990.801770,1.664111603,19.946090353988808,464.23667576887823,89445.740664616562
ect.q256.schedule-switch-training-telemetry/v1,q256_fresh_crossed_switch_n12_matpool_numeric_recovery_v2,AB,A,B,395,q256_target_weight_v1,B,1.1000000000000001,1.1000000000000001,4395,4384,562560,562.560000,0,15.121174812316895,0,1447.5743089839914,1447.5743089839914,0,1447.5743089839914,0,0.17104294964337635,0,3962.4397429519649,0,3962.2554878335932,0,128,51deb609f2f728797c89f383d88836392a26adebd9eecb85e2588d88fb857e51,efdf5f55465af7d501b487aaf54c8f422d8b9d9ef4b9f5ec3feb040b88d3f884,dcd0f031d200fa0f3c3d028b59c4388e864b2c14b2a3632435d77f3bbbfd78b6,aedb25649c75276fae7aa850e7c8f955d7938137dec8486aefa7f19577009d46,aedb25649c75276fae7aa850e7c8f955d7938137dec8486aefa7f19577009d46,6caf311dc70520d277d49383f9175b169d9125c5e7f54d36118c3da3458f04ca,6caf311dc70520d277d49383f9175b169d9125c5e7f54d36118c3da3458f04ca,0,0,0,0,0,0,0,9.9851749837398529e-05,0.16561508178710938,0.01203297363827005,9.9851749837398529e-05,0.16561508178710938,0.01203297363827005,0,0,0.0001,64,64,0,5992.325649,1.664534902,19.946950016287904,480.6991506829084,89391.004143042068
ect.q256.schedule-switch-training-telemetry/v1,q256_fresh_crossed_switch_n12_matpool_numeric_recovery_v2,AB,A,B,396,q256_target_weight_v1,B,1.1000000000000001,1.1000000000000001,4396,4385,562688,562.688000,0,17.178386092185974,0,2116.0898547032698,2116.0898547032698,0,2116.0898547032698,0,0.16468305170746969,0,3962.4402518465399,0,3962.2555821062756,0,128,b3a97e51dde1200e0825760f6d00f53d4db994540ebd457f6718861fe17fe2b0,a8204fadcdd395a12adbe64438a0ecf3df0310a4288e318ac966b57c2f081c98,a7c5a97fe359c8619ed1281519b30fa0dab7b82b2b52800ce32a7182063eda94,6f8750f035558511c50823c95d653c312abf43ad9426e81e84253a457c313692,6f8750f035558511c50823c95d653c312abf43ad9426e81e84253a457c313692,e2157e7fcffb0af410fa1a629239b3452a3397218f1d194bb7edc8d4e45b925f,e2157e7fcffb0af410fa1a629239b3452a3397218f1d194bb7edc8d4e45b925f,0,0,0,0,0,0,0,4.5292079448699951e-05,0.3095855712890625,0.012843373318901286,4.5292079448699951e-05,0.3095855712890625,0.012843373318901286,0,0,0.0001,64,64,0,5993.853123,1.664959201,19.947929554643363,441.33371967405054,89395.976422573702
ect.q256.schedule-switch-training-telemetry/v1,q256_fresh_crossed_switch_n12_matpool_numeric_recovery_v2,AB,A,B,397,q256_target_weight_v1,B,1.1000000000000001,1.1000000000000001,4397,4386,562816,562.816000,0,16.675830125808716,0,1954.14301847664,1954.14301847664,0,1954.14301847664,0,0.16526848308547326,0,3962.440852011287,0,3962.255676766652,0,128,7a1d2f6fbb792af87fc8f8b92959f9f6df9deabbbd32e8c6d597ef91b728a4df,dccf0eba2eab89a7b1f3fcc769cca0fa9a4a152540703d16ed3b23b6b944afe0,a87b299c6d2c007af7e27f10ec623f1d73c81ecdaa6a1b55aa98b1c5b8457bc5,19455445c568c6ba9b24bf4310da679849916074aa7a8195c5e03d004e064046,19455445c568c6ba9b24bf4310da679849916074aa7a8195c5e03d004e064046,95534c53f59e6fc850967836153d3904d152ea1399be820f4037b68390e9642e,95534c53f59e6fc850967836153d3904d152ea1399be820f4037b68390e9642e,0,0,0,0,0,0,0,5.8773672208189964e-05,0.10481452941894531,0.0096755927079357207,5.8773672208189964e-05,0.10481452941894531,0.0096755927079357207,0,0,0.0001,64,64,0,5995.382509,1.665384030,19.94925873822714,457.00502778866502,89377.333740273665
ect.q256.schedule-switch-training-telemetry/v1,q256_fresh_crossed_switch_n12_matpool_numeric_recovery_v2,AB,A,B,398,q256_target_weight_v1,B,1.1000000000000001,1.1000000000000001,4398,4387,562944,562.944000,0,15.654403209686279,0,1188.9885244107295,1188.9885244107295,0,1188.9885244107295,0,0.15916773134327494,0,3962.4415131063174,0,3962.2557717750974,0,128,96aca98d016e43ca10679b951261e3c2bb2764127e98b2d1298ff72da332c701,8fa7084dc0dc00ff685c46f7f47e19fc2f2d454815442deecb5c584d705d0897,e9f132a540903917d0c89758ad383b08b42ae19c3a656331420eafc82f8f627f,d40891323043f78df266021ecae074e8454caa6992ed08834d2607d40024add9,d40891323043f78df266021ecae074e8454caa6992ed08834d2607d40024add9,b98f01d18f2b4446b1669b976cc5005b21089fcf3593cf681557de1798730d96,b98f01d18f2b4446b1669b976cc5005b21089fcf3593cf681557de1798730d96,0,0,0,0,0,0,0,4.2590661905705929e-05,0.22813796997070312,0.018641004280652851,4.2590661905705929e-05,0.22813796997070312,0.018641004280652851,0,0,0.0001,64,64,0,5996.908994,1.665808054,19.95079954758021,436.69741995644165,89314.252364539323
ect.q256.schedule-switch-training-telemetry/v1,q256_fresh_crossed_switch_n12_matpool_numeric_recovery_v2,AB,A,B,399,q256_target_weight_v1,B,1.1000000000000001,1.1000000000000001,4399,4388,563072,563.072000,0,16.919176459312439,0,1531.9161976703799,1531.9161976703799,0,1531.9161976703799,0,0.15806869038834323,0,3962.4422259889889,0,3962.2558671715751,0,128,3c560baf73f00b85b09e2d61ecb56e3a14322aca70cc532108cae8f460b838bd,232ec833f86b247c276714a233361a09ff77ec849b816e49bc404e8167958d56,76bda74e3cc59f73c738deefe9beb29510965f972a2abfddc9e18b90b552a510,23288e7c7bfad0dd4718ba9c2a4ae0add20ba85df8d227dc27d4c2c0b01a42b6,23288e7c7bfad0dd4718ba9c2a4ae0add20ba85df8d227dc27d4c2c0b01a42b6,3af120e1ccee209429010fd5d439471eeb315dddf146756820710a1ca53729a9,3af120e1ccee209429010fd5d439471eeb315dddf146756820710a1ca53729a9,0,0,0,0,0,0,0,3.193574957549572e-05,0.1127471923828125,0.010293108527548611,3.193574957549572e-05,0.1127471923828125,0.010293108527548611,0,0,0.0001,64,64,0,5998.459804,1.666238835,19.95223350496374,442.73851067078624,89266.488945650228
ect.q256.schedule-switch-training-telemetry/v1,q256_fresh_crossed_switch_n12_matpool_numeric_recovery_v2,AB,A,B,400,q256_target_weight_v1,B,1.1000000000000001,1.1000000000000001,4400,4389,563200,563.200000,0,16.141436100006104,0,1667.487771164449,1667.487771164449,0,1667.487771164449,0,0.15547560003919786,0,3962.4429236721894,0,3962.2559630083379,0,128,aaf1460970db366d52061ad7173e13abc0607f74c9bcb272f9d00effd1b05dc5,48de5f0eb7a56838ad4bdb7fe1f09971f6a34c15fce468b608d023e117481148,35f47612eb46aaf99d6775afcefa0120838015ef7052f3c151dada6d52b6fbee,1ed3f3f2f8ab17b8afc5d071f31a7f62ac8273ab5f8339c837d1d0182bcb1202,1ed3f3f2f8ab17b8afc5d071f31a7f62ac8273ab5f8339c837d1d0182bcb1202,ad8b5a5971156cd6ff066c37f5ca03b3bd40004b05519f5a27bb56123e4096db,ad8b5a5971156cd6ff066c37f5ca03b3bd40004b05519f5a27bb56123e4096db,0,0,0,0,0,0,0,0.0001415167935192585,0.14874267578125,0.010081324959173799,0.0001415167935192585,0.14874267578125,0.010081324959173799,0,0,0.0001,64,64,0,5999.989130,1.666663647,19.953353744156267,466.90501477107034,89227.532723086493
ect.q256.schedule-switch-training-telemetry/v1,q256_fresh_crossed_switch_n12_matpool_numeric_recovery_v2,AB,A,B,401,q256_target_weight_v1,B,1.1000000000000001,1.1000000000000001,4401,4390,563328,563.328000,0,14.910784363746643,0,1662.2704182204609,1662.2704182204609,0,1662.2704182204609,0,0.15547971750928433,0,3962.443635671721,0,3962.2560592346781,0,128,3a8b8dbc02d5107aeaceb4df930dced8f4376be910ce4851a1e672205445ebd6,2093daff8a31af63ca9db56169b58b4c723edc6030829afe4494e1364e7df241,6bcf666d606bad0b182306cdba29e62bd0689abbc96b945b04dd3a328d357416,3326b743991e47fea7e05a2b7fffa2c6e8629b68083cd52d95f804c7fc28f9c3,3326b743991e47fea7e05a2b7fffa2c6e8629b68083cd52d95f804c7fc28f9c3,4052abd145620652e079ff1ef738783b7ec4b6f594bd2f1c70852baddccf8641,4052abd145620652e079ff1ef738783b7ec4b6f594bd2f1c70852baddccf8641,0,0,0,0,0,0,0,9.9905766546726227e-05,0.17612838745117188,0.013312619645148516,9.9905766546726227e-05,0.17612838745117188,0.013312619645148516,0,0,0.0001,64,64,0,6001.516528,1.667087925,19.954177544432731,459.68716581897053,89172.314295563308
ect.q256.schedule-switch-training-telemetry/v1,q256_fresh_crossed_switch_n12_matpool_numeric_recovery_v2,AB,A,B,402,q256_target_weight_v1,B,1.1000000000000001,1.1000000000000001,4402,4391,563456,563.456000,0,16.192495703697205,0,1228.4170052637069,1228.4170052637069,0,1228.4170052637069,0,0.14961835874384255,0,3962.4442525369136,0,3962.2561558336051,0,128,09eb64750c4c450104ff12a66a780d5817a0352ea1276ed15116ce4ff2b34c75,653468fbce502abaa4cd7889b084af63263d86f9285f7c45208a107d66ac6ee4,c19cb0cb2f6db7eb6cabab3cc34696dac71b6649f5ea4dbd259d506b64d52ebe,43db800ce1e531af848880704d20772ee953c5b2aac50cfc8432ba2624aabdb7,43db800ce1e531af848880704d20772ee953c5b2aac50cfc8432ba2624aabdb7,11cb7da9a2d1b69f62dfb40236cd95f3989940cdaa7e180ad54eef8e69884887,11cb7da9a2d1b69f62dfb40236cd95f3989940cdaa7e180ad54eef8e69884887,0,0,0,0,0,0,0,7.6599186286330223e-05,0.31519317626953125,0.016527091967873275,7.6599186286330223e-05,0.31519317626953125,0.016527091967873275,0,0,0.0001,64,64,0,6003.064334,1.667517871,19.954509290574617,437.34567747625516,89099.849861223789
ect.q256.schedule-switch-training-telemetry/v1,q256_fresh_crossed_switch_n12_matpool_numeric_recovery_v2,AB,A,B,403,q256_target_weight_v1,B,1.1000000000000001,1.1000000000000001,4403,4392,563584,563.584000,0,13.427389621734619,0,1753.5324694893925,1753.5324694893925,0,1753.5324694893925,0,0.14496977654050713,0,3962.4447836617746,0,3962.2562527239629,0,128,fb1534d61f8c1ce95e907e5f8d5d3417bdc198e2632cecee597bb1b1b97f1f69,8ee33ef194dd542fa32bfd35741be13a6a117bda79b903aa2a3fc260740bc8ae,e0ff7961e26c794a72dc9afff16022ff2ebb3a82491757f4492903cd3c9d4bad,22f33e28f88cf9b2a2cd116971a83d73fa9aa811e3e7ee5242c6b32c90becfb2,22f33e28f88cf9b2a2cd116971a83d73fa9aa811e3e7ee5242c6b32c90becfb2,f74276b1536a853d52d557ddbb95ca6fd1182ab2fc2ccd7357212c04d6d13c3b,f74276b1536a853d52d557ddbb95ca6fd1182ab2fc2ccd7357212c04d6d13c3b,0,0,0,0,0,0,0,6.3561135903000832e-05,0.098522186279296875,0.012440461025107652,6.3561135903000832e-05,0.098522186279296875,0.012440461025107652,0,0,0.0001,64,64,0,6004.605329,1.667945925,19.953886304299662,384.7316750554578,89087.726679558284
ect.q256.schedule-switch-training-telemetry/v1,q256_fresh_crossed_switch_n12_matpool_numeric_recovery_v2,AB,A,B,404,q256_target_weight_v1,B,1.1000000000000001,1.1000000000000001,4404,4393,563712,563.712000,0,17.175146102905273,0,1730.2638210313785,1730.2638210313785,0,1730.2638210313785,0,0.14797029475736911,0,3962.445174009139,0,3962.2563498106224,0,128,f5ce21c4caa089aeb5e2f2b90e623bdbb66b9441203ec568e2f510f70194fd57,baef7ad1b075b7ce333207caa3d791955ba7d2be163b68f46addf8d4177ecd73,7efa958174166b1065ebe91d727c13340194c2f5d572bbe97721a7707ea21982,56e78ff1c8fad4a0c969e21299ce63e2ebd11b03162a93cd87967ae7db8857bc,56e78ff1c8fad4a0c969e21299ce63e2ebd11b03162a93cd87967ae7db8857bc,d5dadfb5a9a22587fbd4eb40cd17679bfbcc0275df03528df8fadc0aa4f449e2,d5dadfb5a9a22587fbd4eb40cd17679bfbcc0275df03528df8fadc0aa4f449e2,0,0,0,0,0,0,0,4.1200430132448673e-05,0.1470489501953125,0.011781476612668484,4.1200430132448673e-05,0.1470489501953125,0.011781476612668484,0,0,0.0001,64,64,0,6006.132000,1.668370000,19.952542028682068,375.44622157481649,89042.36032422226
ect.q256.schedule-switch-training-telemetry/v1,q256_fresh_crossed_switch_n12_matpool_numeric_recovery_v2,AB,A,B,405,q256_target_weight_v1,B,1.1000000000000001,1.1000000000000001,4405,4394,563840,563.840000,0,14.302217125892639,0,1896.6397701293197,1896.6397701293197,0,1896.6397701293197,0,0.15618731194842694,0,3962.4454485334372,0,3962.2564470394532,0,128,e303418c202c2ed348d92785b91f853618eb7ba53e58cae59ceb1b3e5cd65b24,a6fdf037901da74321068e0cb0e0a3f5219206a994ed88435fee65a2ad1fac1a,9412e5084feac749be5b652882dece0b83c36f03cc6af4ac600560a10c9537eb,6d7bd29a4bdf1a6eabe53da5319f58ce4c49c6aeccbceb804996c2dbf06280eb,6d7bd29a4bdf1a6eabe53da5319f58ce4c49c6aeccbceb804996c2dbf06280eb,d1b95162fb57c51da422c856f737a6307b8703df7b2f21606bfdc7fc75645912,d1b95162fb57c51da422c856f737a6307b8703df7b2f21606bfdc7fc75645912,0,0,0,0,0,0,0,0.00011711427941918373,0.7451019287109375,0.019602903805207461,0.00011711427941918373,0.7451019287109375,0.019602903805207461,0,0,0.0001,64,64,0,6007.664037,1.668795566,19.951059529139901,411.04723085185577,88990.660669651959
ect.q256.schedule-switch-training-telemetry/v1,q256_fresh_crossed_switch_n12_matpool_numeric_recovery_v2,AB,A,B,406,q256_target_weight_v1,B,1.1000000000000001,1.1000000000000001,4406,4395,563968,563.968000,0,17.434098601341248,0,1313.7223288622247,1313.7223288622247,0,1313.7223288622247,0,0.14884202363812485,0,3962.4456202087649,0,3962.2565443489921,0,128,d63c3633f31549e838c9ee59418d70b9e3150f8d12dcab461736127601fcbb1d,e0dde410b0786bb517a46da14047ee5e9b5dba6834988827ec803c582aff54f8,883188755b2eda28bd749c7de3c89f81f64e1a5e8dedc477ec46e29b751c8991,b72a81a15bddb9cafe88ab789ce24fcb1e4febc8cde48e617cfedd0a390a13ee,b72a81a15bddb9cafe88ab789ce24fcb1e4febc8cde48e617cfedd0a390a13ee,536d0910865f7ec152274364424811557d0c78318197298b4590e11277846641,536d0910865f7ec152274364424811557d0c78318197298b4590e11277846641,0,0,0,0,0,0,0,5.0080008804798126e-05,0.086141586303710938,0.0078962174011394382,5.0080008804798126e-05,0.086141586303710938,0.0078962174011394382,0,0,0.0001,64,64,0,6009.222359,1.669228433,19.949283632956899,386.10571223659417,88938.713419255582
ect.q256.schedule-switch-training-telemetry/v1,q256_fresh_crossed_switch_n12_matpool_numeric_recovery_v2,AB,A,B,407,q256_target_weight_v1,B,1.1000000000000001,1.1000000000000001,4407,4396,564096,564.096000,0,17.278676867485046,0,1407.4767183192678,1407.4767183192678,0,1407.4767183192678,0,0.14779167067706486,0,3962.4456844177239,0,3962.2566417227013,0,128,df35640a2e5fe346606b82c78da4d7fce6a952d3f0ffd5fa8bd6254c621513d6,9964ac8f43e719520aca1924c50a1378b7facd91c1051968e51d6d3a3cfd4015,8f735d77202b9fc9548a88be133a8f94c27f1a3d26bd18c090b9a8181dc16861,3f1d1cfd867022572a052499807bda9b101d2505b5e91cc72b5bc5b8e666fd81,3f1d1cfd867022572a052499807bda9b101d2505b5e91cc72b5bc5b8e666fd81,cf2b735eee76508a1cc401b18c723faf194a65ddf7280dfe9560550563de82ab,cf2b735eee76508a1cc401b18c723faf194a65ddf7280dfe9560550563de82ab,0,0,0,0,0,0,0,4.4126296415925026e-05,0.10053062438964844,0.010174454713705927,4.4126296415925026e-05,0.10053062438964844,0.010174454713705927,0,0,0.0001,64,64,0,6011.039171,1.669733103,19.947333122963759,363.10708678304707,88870.820775716275
ect.q256.schedule-switch-training-telemetry/v1,q256_fresh_crossed_switch_n12_matpool_numeric_recovery_v2,AB,A,B,408,q256_target_weight_v1,B,1.1000000000000001,1.1000000000000001,4408,4397,564224,564.224000,0,15.256821393966675,0,1213.1874058664077,1213.1874058664077,0,1213.1874058664077,0,0.14358121138353433,0,3962.4456333742664,0,3962.2567389423302,0,128,d0b7a2e6d5940d505af4eac5f246268d2b3db1474802dfe1057c253659017b4f,b8dafa84b6a94b211f9254628308e10f6b759d22a5ad0fdae5393c8484dcaa03,db37dd479ab4330e36d9168c1e73e10dd476c5d4a04e3e33d124aed244320951,1d2b5dd8d3cb994490c1855c39239b542ff136e20219d324c9b7967ba9838430,1d2b5dd8d3cb994490c1855c39239b542ff136e20219d324c9b7967ba9838430,5bac2114167dd1137e830c982c6a918f645cc985b2a82e0f251e58c03039bda5,5bac2114167dd1137e830c982c6a918f645cc985b2a82e0f251e58c03039bda5,0,0,0,0,0,0,0,6.949366070330143e-05,0.21673202514648438,0.012932512268889695,6.949366070330143e-05,0.21673202514648438,0.012932512268889695,0,0,0.0001,64,64,0,6012.973869,1.670270519,19.945107210953822,357.97251166503617,88804.122140485066
ect.q256.schedule-switch-training-telemetry/v1,q256_fresh_crossed_switch_n12_matpool_numeric_recovery_v2,AB,A,B,409,q256_target_weight_v1,B,1.1000000000000001,1.1000000000000001,4409,4398,564352,564.352000,0,16.68392813205719,0,1480.9980549786608,1480.9980549786608,0,1480.9980549786608,0,0.14329532444253823,0,3962.4454841101187,0,3962.2568359336815,0,128,d636b174b8d806a06af2b6382cc1822c0aaa26b0904345cb013676a728376417,e1de9c26357355b7bd88cd81836def6581db6a7f662c4fc75d22f51063b1d0be,afb38aba2f213799d293b41f04662d2e7c5df74a92e0cc6af5bed249bf282e45,72606dc412ad9b0912635975532504961bf2de0f37111417930183366ebe1452,72606dc412ad9b0912635975532504961bf2de0f37111417930183366ebe1452,484cbcc58f4737c22ee5980928584dbdd77a1b3b967c98c39c11c9a156912ece,484cbcc58f4737c22ee5980928584dbdd77a1b3b967c98c39c11c9a156912ece,0,0,0,0,0,0,0,0.00010107085108757019,0.11602020263671875,0.010809880739543587,0.00010107085108757019,0.11602020263671875,0.010809880739543587,0,0,0.0001,64,64,0,6014.920127,1.670811146,19.942852859748552,363.25305201231726,88760.648824586111
ect.q256.schedule-switch-training-telemetry/v1,q256_fresh_crossed_switch_n12_matpool_numeric_recovery_v2,AB,A,B,410,q256_target_weight_v1,B,1.1000000000000001,1.1000000000000001,4410,4399,564480,564.480000,0,14.6955406665802,0,2557.3299180857766,2557.3299180857766,0,2557.3299180857766,0,0.14377072980535299,0,3962.4452957805775,0,3962.2569327131573,0,128,8c09b74288e270af386edcb5e5c04bed761ee49736f33fda6205f2de9883e0cf,d4182ecf2e3836c2752c4bfa65b079ed9da08da3f414267e096ad807d99ef73f,5d76c086ae15ed2221ccf0e4665aeed2589b16d1c61e811d5d21862db81579e7,bf986b3697a7e0b87484baf06a2c0e82716b36df48782fd3e3e0700d7e40c5ad,bf986b3697a7e0b87484baf06a2c0e82716b36df48782fd3e3e0700d7e40c5ad,7be31cbeb63ee770f1f1b2fb3fccdea4a28a0b98385859cf1be635021e81284c,7be31cbeb63ee770f1f1b2fb3fccdea4a28a0b98385859cf1be635021e81284c,0,0,0,0,0,0,0,2.3349188268184662e-05,0.17770004272460938,0.013262586784549057,2.3349188268184662e-05,0.17770004272460938,0.013262586784549057,0,0,0.0001,64,64,0,6016.852267,1.671347852,19.94076053587834,375.45766645232993,88846.498659796343
ect.q256.schedule-switch-training-telemetry/v1,q256_fresh_crossed_switch_n12_matpool_numeric_recovery_v2,AB,A,B,411,q256_target_weight_v1,B,1.1000000000000001,1.1000000000000001,4411,4400,564608,564.608000,0,14.163924336433411,0,1649.7479323148029,1649.7479323148029,0,1649.7479323148029,0,0.15197497390706982,0,3962.4450508144641,0,3962.2570292414766,0,128,c806e7b6bc9281e2c3747af86a516d152a3f2ec3646c490294f0997f32750bc0,034b3b4876ee4bab6be55fd322a371ddae9a8931dbae6e08706787772207a0a7,0c30a3da08dd0b27f8b1a02f89daf44491c114051ddda8608c101f77c6e7d289,628ccdb26cc6f90e69cb382011b193796e1f20bf8ac98b35ccab25d8652205b0,628ccdb26cc6f90e69cb382011b193796e1f20bf8ac98b35ccab25d8652205b0,5f903d984937259d0fa5692e59c7b53c5c9a2b0130bb8997f9fcf361268f48eb,5f903d984937259d0fa5692e59c7b53c5c9a2b0130bb8997f9fcf361268f48eb,0,0,0,0,0,0,0,6.868317723274231e-05,0.24534988403320312,0.015864912420511246,6.868317723274231e-05,0.24534988403320312,0.015864912420511246,0,0,0.0001,64,64,0,6018.784365,1.671884546,19.938911927644309,392.44234034107865,88789.515653607232
ect.q256.schedule-switch-training-telemetry/v1,q256_fresh_crossed_switch_n12_matpool_numeric_recovery_v2,AB,A,B,412,q256_target_weight_v1,B,1.1000000000000001,1.1000000000000001,4412,4401,564736,564.736000,0,18.714850187301636,0,2056.1652789638515,2056.1652789638515,0,2056.1652789638515,0,0.15598565921053656,0,3962.4447995620239,0,3962.2571256206315,0,128,b1180fad150a72061b84f42c42424f924e3f0eb6d0f39fff6e37e6fa6d9a87b0,e61d5ea61258e2da2f1ddb5e322c8e255f47074899f2128d787aef18ed158295,fef482cc50dc570f5b9091c7198b672afb349e00512faaaaaab1479dc0621dc5,6bb7a51bcb7d377553850113789d18297202e405312037cd4825a89a1f178150,6bb7a51bcb7d377553850113789d18297202e405312037cd4825a89a1f178150,c901764bf990e3193c656638a006310d0023cd94fb9747ee8c70b85a44396ab1,c901764bf990e3193c656638a006310d0023cd94fb9747ee8c70b85a44396ab1,0,0,0,0,0,0,0,1.758866710588336e-05,0.088024139404296875,0.009316781593952328,1.758866710588336e-05,0.088024139404296875,0.009316781593952328,0,0,0.0001,64,64,0,6020.715637,1.672421010,19.936882624061234,401.72238477615122,88803.122798098731
ect.q256.schedule-switch-training-telemetry/v1,q256_fresh_crossed_switch_n12_matpool_numeric_recovery_v2,AB,A,B,413,q256_target_weight_v1,B,1.1000000000000001,1.1000000000000001,4413,4402,564864,564.864000,0,16.322863221168518,0,2682.4160713116485,2682.4160713116485,0,2682.4160713116485,0,0.15517528631077623,0,3962.4445782717162,0,3962.2572217256329,0,128,154789788786a45a13ede2f553c4a0cbde5f9058ea688d79e3e42bdc3fa711a4,7a0f70b2ed5c3a6d5744c0a8d1976d64e615b145ebfa8d2b5dbf5a8d5894b903,b5b7cf98969c9aa5112499da76e6e9d8ff403f98b33d18c9fdfa49b2562611ed,71e73dd45d5f6db4ef224e3d7788e5ba56a2ac7084dfdc799ee783c9d2c77b7e,71e73dd45d5f6db4ef224e3d7788e5ba56a2ac7084dfdc799ee783c9d2c77b7e,296b4571c3dbdb913a88a0a9ee8026484da0859ba5949d33ca47540dd9eb824e,296b4571c3dbdb913a88a0a9ee8026484da0859ba5949d33ca47540dd9eb824e,0,0,0,0,0,0,0,1.9926868844777346e-05,0.11414146423339844,0.010990629845764488,1.9926868844777346e-05,0.11414146423339844,0.010990629845764488,0,0,0.0001,64,64,0,6022.649771,1.672958270,19.934623811304565,415.18056112597264,88924.570041789921
ect.q256.schedule-switch-training-telemetry/v1,q256_fresh_crossed_switch_n12_matpool_numeric_recovery_v2,AB,A,B,414,q256_target_weight_v1,B,1.1000000000000001,1.1000000000000001,4414,4403,564992,564.992000,0,15.574082851409912,0,1608.67437770171,1608.67437770171,0,1608.67437770171,0,0.15789462017508879,0,3962.4442797571073,0,3962.257317558905,0,128,2ee43a3c5f6fd3099c4ac454ad4585051ca9f8248cff7d361a316cf26cf2ada9,1f04559e8ffbebd0738402cfc70b64d654ff9ae622acf7529ce1ae18c32f7b10,b71b73704b6a05ce1b1beee70fe4361874e42de4aba866a6e39960029610648f,ac0ea95891f9df5459c8cd7c6de5b0b69496354d3107dce690d70dbf76d10dc2,ac0ea95891f9df5459c8cd7c6de5b0b69496354d3107dce690d70dbf76d10dc2,6eb80e82a8352b0a9e29ad0b9295bb42ee16d2156839dc6188ef2d5a1a84308a,6eb80e82a8352b0a9e29ad0b9295bb42ee16d2156839dc6188ef2d5a1a84308a,0,0,0,0,0,0,0,2.3445230908691883e-05,0.53563690185546875,0.018969659111462533,2.3445230908691883e-05,0.53563690185546875,0.018969659111462533,0,0,0.0001,64,64,0,6024.583014,1.673495282,19.932395522801222,409.13621842181971,88873.625910817005
ect.q256.schedule-switch-training-telemetry/v1,q256_fresh_crossed_switch_n12_matpool_numeric_recovery_v2,AB,A,B,415,q256_target_weight_v1,B,1.1000000000000001,1.1000000000000001,4415,4404,565120,565.120000,0,15.619754433631897,0,1729.0713427048745,1729.0713427048745,0,1729.0713427048745,0,0.15874125579252815,0,3962.4439628689815,0,3962.2574131168735,0,128,2f6fb9d71eae0231cf3b15fa5cb6db3b92ff72d090dfc3f7a8200f89c8b0f1d1,d9f656907e42ceb82530580f1e690a97813cfe2ce3e018be92173c3dfa62b385,6ac67b3b8caa8b4231c19b133a1cab96d481f2bdfd113bf390dcee7a81500d46,9e703d2e6dc5772368aae0bd3636dd1b8f9a89fcdbdc1253797b2429df8a6457,9e703d2e6dc5772368aae0bd3636dd1b8f9a89fcdbdc1253797b2429df8a6457,5985f37f512c83a86b1e9e6d3540f34011c17b40901d670f1731b6398bb13e50,5985f37f512c83a86b1e9e6d3540f34011c17b40901d670f1731b6398bb13e50,0,0,0,0,0,0,0,2.7646427042782307e-05,0.15077590942382812,0.013990335166454315,2.7646427042782307e-05,0.15077590942382812,0.013990335166454315,0,0,0.0001,64,64,0,6026.516330,1.674032314,19.929770712941714,416.3700413941217,88827.783190885573
ect.q256.schedule-switch-training-telemetry/v1,q256_fresh_crossed_switch_n12_matpool_numeric_recovery_v2,AB,A,B,416,q256_target_weight_v1,B,1.1000000000000001,1.1000000000000001,4416,4405,565248,565.248000,0,16.710148096084595,0,1864.8541902131806,1864.8541902131806,0,1864.8541902131806,0,0.16772852794387166,0,3962.4436967845104,0,3962.2575084012983,0,128,75f774fdf81b4fccc1535fdb976f4132590e3d14f2fdcaa8a0a807b8c2aa06d2,031e7c6acd7052bd9e2198afe55d8cc48ba991f51944160de15debd0262b5f0e,e65cf2f9bc4c210e28a77d0b3823842e930c3aaa2980058f81c77f4ac0e784cf,b17f6c360beac4e1be1db7e614086401d34959e25df2709aa0cda9c418fe0fb2,b17f6c360beac4e1be1db7e614086401d34959e25df2709aa0cda9c418fe0fb2,eed3b5299313de502618dc12adad3d6d333269159d86d52f8c8cb75a7ad67acb,eed3b5299313de502618dc12adad3d6d333269159d86d52f8c8cb75a7ad67acb,0,0,0,0,0,0,0,0.00013252208009362221,0.17555618286132812,0.013115334557369351,0.00013252208009362221,0.17555618286132812,0.013115334557369351,0,0,0.0001,64,64,0,6028.450793,1.674569665,19.927082961659263,425.37489588203857,88779.63882775919
ect.q256.schedule-switch-training-telemetry/v1,q256_fresh_crossed_switch_n12_matpool_numeric_recovery_v2,AB,A,B,417,q256_target_weight_v1,B,1.1000000000000001,1.1000000000000001,4417,4406,565376,565.376000,0,14.979284882545471,0,1095.9265090838107,1095.9265090838107,0,1095.9265090838107,0,0.16209274413626779,0,3962.4434670877072,0,3962.2576034809072,0,128,a3f7f1f66fd554b2e334cc88b26cb1cacbf3fccb994ecac241bafb4d0ad6c6bb,1b84b511ea493bb479e8098eead421a5e4e086cc1774d465f58ec9e3d6cf839a,65cbb6578b319e390f563c4b28f8eb6fc0be1929484fb71db6c7976f5ffc7ff6,0502f10667d2898eb5f57375d10e5d75e0899a1070da472d27334f3f9d2096a6,0502f10667d2898eb5f57375d10e5d75e0899a1070da472d27334f3f9d2096a6,7e4fa235cb23c41b7afe381c6d9c23dab2955881985ea4c426346bf9b2dcfe43,7e4fa235cb23c41b7afe381c6d9c23dab2955881985ea4c426346bf9b2dcfe43,0,0,0,0,0,0,0,0.00029099546372890472,0.42827606201171875,0.014359549270011485,0.00029099546372890472,0.42827606201171875,0.014359549270011485,0,0,0.0001,64,64,0,6030.382799,1.675106333,19.924496280607368,394.89356199714666,88701.455720092446
ect.q256.schedule-switch-training-telemetry/v1,q256_fresh_crossed_switch_n12_matpool_numeric_recovery_v2,AB,A,B,418,q256_target_weight_v1,B,1.1000000000000001,1.1000000000000001,4418,4407,565504,565.504000,0,17.158082604408264,0,1564.8759128514503,1564.8759128514503,0,1564.8759128514503,0,0.15665846931249869,0,3962.4432612678156,0,3962.2576983541335,0,128,24c76404d5affa770ddd7c95bb47f71ce0c3a5450cce7b957a11fbe64190edbf,7d567c13145e96c151f5fe7d4fc83fe371a8e69b620779df076ff8d8ee9450f5,3d58f6ddbe5c1f0e295ef84a76da9473b688e830c9822b01390bafbd9e7a3784,9b9236a0c08b847bf7b37ca4f1b6e4ed7c585400bec2bd20635385582573a6d1,9b9236a0c08b847bf7b37ca4f1b6e4ed7c585400bec2bd20635385582573a6d1,221613af17f2fe20c4597ccb6ca4bb5b98f11d8346799847c0f4572d78a75e2d,221613af17f2fe20c4597ccb6ca4bb5b98f11d8346799847c0f4572d78a75e2d,0,0,0,0,0,0,0,2.2684573195874691e-05,0.20355987548828125,0.012140431790612638,2.2684573195874691e-05,0.20355987548828125,0.012140431790612638,0,0,0.0001,64,64,0,6032.317630,1.675643786,19.922188476986829,363.57773378898798,88665.679066066528
ect.q256.schedule-switch-training-telemetry/v1,q256_fresh_crossed_switch_n12_matpool_numeric_recovery_v2,AB,A,B,419,q256_target_weight_v1,B,1.1000000000000001,1.1000000000000001,4419,4408,565632,565.632000,0,15.135005354881287,0,2145.5294442965269,2145.5294442965269,0,2145.5294442965269,0,0.16162576585580241,0,3962.4431044977509,0,3962.2577930322777,0,128,4f7f949c8dbb1a7a25f465fdc050d37e2d5cfeb5b8df32fae037c8e896950fa5,ce648516380528d30e2ffde0a427e28dbf448c3bd13881717e42e7b19817dfd0,0c31f91dc28374751cd2f3eb98a935b7adc419442835aad27747330458b1237e,47bea152e2f0f6a56e0d6ade515cd2b40673af457690e45f5e30162317166ae6,47bea152e2f0f6a56e0d6ade515cd2b40673af457690e45f5e30162317166ae6,e51431d8ef325c23055bd6a6439bbe518d2691ae68e30efb365b65d27ad2fffd,e51431d8ef325c23055bd6a6439bbe518d2691ae68e30efb365b65d27ad2fffd,0,0,0,0,0,0,0,1.4756107702851295e-05,0.48267364501953125,0.020471018622629344,1.4756107702851295e-05,0.48267364501953125,0.020471018622629344,0,0,0.0001,64,64,0,6034.250039,1.676180566,19.919998475956895,389.09502859511622,88649.274128201156
ect.q256.schedule-switch-training-telemetry/v1,q256_fresh_crossed_switch_n12_matpool_numeric_recovery_v2,AB,A,B,420,q256_target_weight_v1,B,1.1000000000000001,1.1000000000000001,4420,4409,565760,565.760000,0,17.046576261520386,0,2984.7708721218532,2984.7708721218532,0,2984.7708721218532,0,0.16215577784534449,0,3962.4429185338236,0,3962.2578875292215,0,128,317278d8e582f1c7ee7af2c1194ccd107f218a7ddf5a62f0065254f3f8025cfb,c3128666fb980184d432b42e2bafdc3becaf9498699050b682868d7705b7ff2f,c015ba13de20d5ade5b530e7546a6f99d9752cb1e2af3b666bea3b40d559fdb7,63ec3720cdf189119c729bcde85f2c21e09daab16f6aef39953a7761a19b50a5,63ec3720cdf189119c729bcde85f2c21e09daab16f6aef39953a7761a19b50a5,010cd48c37440676be6c142d56f839ef38106e67ef83aa00ec2fe677c0f5ddda,010cd48c37440676be6c142d56f839ef38106e67ef83aa00ec2fe677c0f5ddda,0,0,0,0,0,0,0,5.0363829359412193e-05,0.24616622924804688,0.011917871190235019,5.0363829359412193e-05,0.24616622924804688,0.011917871190235019,0,0,0.0001,64,64,0,6036.180889,1.676716914,19.918173074186452,440.74727292657286,88809.71450117341
ect.q256.schedule-switch-training-telemetry/v1,q256_fresh_crossed_switch_n12_matpool_numeric_recovery_v2,AB,A,B,421,q256_target_weight_v1,B,1.1000000000000001,1.1000000000000001,4421,4410,565888,565.888000,0,17.671254515647888,0,2154.8360236911954,2154.8360236911954,0,2154.8360236911954,0,0.16650594748065786,0,3962.4427539334565,0,3962.2579818470576,0,128,2c258ac74c25d0913e1129a44dcbb41e67574ca888a89d0bb46517f2d04767a6,040187507790c911e2513bb740251b54606113a4a4ffda3f855dc9a2de101b40,ab18f77523e447b8ed6eb2c000c89d33517f8753ac15341e8ab38a856e8ca903,c2fbf702def6beeb3322f4a36754d1f2c72bfc1f6d938d66f7e761ce3b8cb65d,c2fbf702def6beeb3322f4a36754d1f2c72bfc1f6d938d66f7e761ce3b8cb65d,12f40462dc91d14cc9c7912b21196a330d82115e288dadb4830b2a979dc35406,12f40462dc91d14cc9c7912b21196a330d82115e288dadb4830b2a979dc35406,0,0,0,0,0,0,0,8.0807134509086609e-05,0.11999320983886719,0.0097307839896529913,8.0807134509086609e-05,0.11999320983886719,0.0097307839896529913,0,0,0.0001,64,64,0,6038.114757,1.677254099,19.916976709409035,491.59989881078099,88786.076338818209
ect.q256.schedule-switch-training-telemetry/v1,q256_fresh_crossed_switch_n12_matpool_numeric_recovery_v2,AB,A,B,422,q256_target_weight_v1,B,1.1000000000000001,1.1000000000000001,4422,4411,566016,566.016000,0,17.267240047454834,0,1421.3059131831214,1421.3059131831214,0,1421.3059131831214,0,0.16146133141993255,0,3962.4425812665199,0,3962.2580760205979,0,128,b93e2ee3b166032c3eba0bacd9e5babd172da220ad380df5124854bdee09e03b,00135356732d0042441976c9cceac11328a8e4072890783d277a45a98af823b0,b22d61ddd42d93e5461860bba76f81674844bb2b147d785da26f98cd8cf4812e,81b3b786d17ffb2a69a4c011606351fa78bffe71d541778c3794da19689b19bc,81b3b786d17ffb2a69a4c011606351fa78bffe71d541778c3794da19689b19bc,bdff2db01c5caebc90b8b9c2fbfb20496505750a539bb8bd5e21ef6fe95a3eda,bdff2db01c5caebc90b8b9c2fbfb20496505750a539bb8bd5e21ef6fe95a3eda,0,0,0,0,0,0,0,2.5116722099483013e-05,0.459136962890625,0.015773543738760054,2.5116722099483013e-05,0.459136962890625,0.015773543738760054,0,0,0.0001,64,64,0,6040.051259,1.677792016,19.915877838598146,435.87321546287097,88727.811568370729
ect.q256.schedule-switch-training-telemetry/v1,q256_fresh_crossed_switch_n12_matpool_numeric_recovery_v2,AB,A,B,423,q256_target_weight_v1,B,1.1000000000000001,1.1000000000000001,4423,4412,566144,566.144000,0,15.321880698204041,0,1565.9438469077506,1565.9438469077506,0,1565.9438469077506,0,0.1592827426924012,0,3962.4424479242366,0,3962.2581700404849,0,128,3d3e208f5bd29a5214cd4a9dd30941aaa31c65ebd6085aafddedc38022e3476e,d4c54b0ec7df48ebd53bedfa8a8bbd7e220cb7942a2a58284830bf4bfad13a73,fb1629ae9a37b7d6cdd2b40b8588ae493a6f1b6a62abc64800272b93d0cc8bad,2eeb43cf9d11e6bc19643ad6b8b10fec8ea0e9b4f353b2c53b26310643f1ef42,2eeb43cf9d11e6bc19643ad6b8b10fec8ea0e9b4f353b2c53b26310643f1ef42,3e52a6306024fa710611e50d0a689265f576119b4601c28f6fa591b12b4d7122,3e52a6306024fa710611e50d0a689265f576119b4601c28f6fa591b12b4d7122,0,0,0,0,0,0,0,2.8503942303359509e-05,0.285614013671875,0.014183238905388862,2.8503942303359509e-05,0.285614013671875,0.014183238905388862,0,0,0.0001,64,64,0,6041.984823,1.678329117,19.914777261581484,422.42865456355281,88666.900072036457
ect.q256.schedule-switch-training-telemetry/v1,q256_fresh_crossed_switch_n12_matpool_numeric_recovery_v2,AB,A,B,424,q256_target_weight_v1,B,1.1000000000000001,1.1000000000000001,4424,4413,566272,566.272000,0,14.739489912986755,0,1398.5137367330572,1398.5137367330572,0,1398.5137367330572,0,0.1557870843913817,0,3962.4423177457361,0,3962.2582638410145,0,128,ec389e09be0d8720daef9eeda51a81032d3038db861de72ed487c41b2d4b3daf,985a5c2818b64fc61b476a78f70575475a3e5bd0a3850a1470b89113019e86f8,ead8bee4fc346a85ce1a4205b28ebbd7a6f20a8e5d17df25a69f7d848f7683e1,7053e107255a42743cb7a5988ce204e55fe855cc65050274a88e4c49655dcfe1,7053e107255a42743cb7a5988ce204e55fe855cc65050274a88e4c49655dcfe1,1b39bb35013886e1b52e4e217d0fbcfe63a2739b19909da90433df57899b0b4c,1b39bb35013886e1b52e4e217d0fbcfe63a2739b19909da90433df57899b0b4c,0,0,0,0,0,0,0,9.4480637926608324e-06,1.183929443359375,0.026008660497609526,9.4480637926608324e-06,1.183929443359375,0.026008660497609526,0,0,0.0001,64,64,0,6043.931014,1.678869726,19.913523562572223,402.28565269402696,88608.256540596427
ect.q256.schedule-switch-training-telemetry/v1,q256_fresh_crossed_switch_n12_matpool_numeric_recovery_v2,AB,A,B,425,q256_target_weight_v1,B,1.1000000000000001,1.1000000000000001,4425,4414,566400,566.400000,0,15.997512102127075,0,3612.1208450590357,3612.1208450590357,0,3612.1208450590357,0,0.16184169883926097,0,3962.442180041076,0,3962.2583574816176,0,128,e731401dfdd153d843aaee76e8e48c27f5b8ff83ed537c41fa9d9babc5d51c09,4182b9638982bd2fa05a84f3a630d4d104b7df77ba011d57d32c30e7ef33227a,ef5c9b22361180511d1513bb8e588d1208fad2a4640b3fb7c07936ac344894be,2824ccffa1e54af3010d1f06ec8de5f159872346f1b070149f772ec08470c799,2824ccffa1e54af3010d1f06ec8de5f159872346f1b070149f772ec08470c799,08c088af5eede3a2b31ee3de9235a3cae6df77e7e21e0b6949f872c3e3b49e2f,08c088af5eede3a2b31ee3de9235a3cae6df77e7e21e0b6949f872c3e3b49e2f,0,0,0,0,0,0,0,2.9213959351181984e-05,0.106048583984375,0.012464244558941573,2.9213959351181984e-05,0.106048583984375,0.012464244558941573,0,0,0.0001,64,64,0,6045.862514,1.679406254,19.913034642904989,580.33302693701467,88865.957688401875
ect.q256.schedule-switch-training-telemetry/v1,q256_fresh_crossed_switch_n12_matpool_numeric_recovery_v2,AB,A,B,426,q256_target_weight_v1,B,1.1000000000000001,1.1000000000000001,4426,4415,566528,566.528000,0,15.534525990486145,0,1944.3746513981303,1944.3746513981303,0,1944.3746513981303,0,0.15998807501333506,0,3962.4420575677937,0,3962.2584510230195,0,128,0ceea3886d34ef2c231758b4b02c9ec473cca09045dc26be883bea31953b0d98,48a2cfdfe1cbd1d948c8c95e7102192c83dfeb3901b41c5616e73f1d26b3a64b,3d430169b6e6990a70a9e2f3c86359408feeb07c5b0d6bc9b7235f6c43c7c2a6,1adc5a08a4abff8a596c18abd5b480bcd176e53de341d1df8160c04488c86ead,1adc5a08a4abff8a596c18abd5b480bcd176e53de341d1df8160c04488c86ead,512471754fa55604b7714e697d74de46abfe0b7007eea7f1795c9a9f003adba2,512471754fa55604b7714e697d74de46abfe0b7007eea7f1795c9a9f003adba2,0,0,0,0,0,0,0,6.9843605160713196e-05,1.76513671875,0.028025672101648524,6.9843605160713196e-05,1.76513671875,0.028025672101648524,0,0,0.0001,64,64,0,6047.798513,1.679944032,19.912918011734405,465.65830512760709,88863.680838455082
ect.q256.schedule-switch-training-telemetry/v1,q256_fresh_crossed_switch_n12_matpool_numeric_recovery_v2,AB,A,B,427,q256_target_weight_v1,B,1.1000000000000001,1.1000000000000001,4427,4416,566656,566.656000,0,17.211009502410889,0,3238.5404475222604,3238.5404475222604,0,3238.5404475222604,0,0.16284528041352406,0,3962.4419131070395,0,3962.2585444169326,0,128,4aa49681c929e810d1be3eb7ceade9312a59acf8f94d2ca3bd2a16ed953dcd85,4d41a78b123192afd2a60952386513b5a137f06361a36495f885470ef1990160,53a6898b4d34d44a9c6e911a8f202c9dd69a5d90358523c10cb7dac1c3584313,5b9243d2853b64e08f48eb0d4d775c9daa6505c993e3da22f26e2986deea9e1a,5b9243d2853b64e08f48eb0d4d775c9daa6505c993e3da22f26e2986deea9e1a,4084ebfcbb0c1feaff5478625a545f5b92e9c9521b3c2c5ac09adf44470163bd,4084ebfcbb0c1feaff5478625a545f5b92e9c9521b3c2c5ac09adf44470163bd,0,0,0,0,0,0,0,5.8775534853339195e-05,0.17543792724609375,0.011165279545821249,5.8775534853339195e-05,0.17543792724609375,0.011165279545821249,0,0,0.0001,64,64,0,6049.728681,1.680480189,19.912178072509914,392.08354866902459,89096.81630761284
ect.q256.schedule-switch-training-telemetry/v1,q256_fresh_crossed_switch_n12_matpool_numeric_recovery_v2,AB,A,B,428,q256_target_weight_v1,B,1.1000000000000001,1.1000000000000001,4428,4417,566784,566.784000,0,13.940667748451233,0,2129.3533575691599,2129.3533575691599,0,2129.3533575691599,0,0.16710529837490526,0,3962.4418546099982,0,3962.2586377073567,0,128,0643e772e44b7a2ee1624457992cc29eea7bb5f6af317011702b0d0101b34f4b,10f931902b25cbdaf28c91052f059be48297374a6af55cc6687f2c1b8449c5a7,bbd9178a3a76fc8b3c788c98f7c9831cc6d259748768d92070afe64390370cb9,4122a78822be94374a5034facea35ae335a116863d956f4f1b63adee2ccfe4d6,4122a78822be94374a5034facea35ae335a116863d956f4f1b63adee2ccfe4d6,86229d0f8e1901f62f677c100074b4968ae7362a217189a7cf1aad2206198f01,86229d0f8e1901f62f677c100074b4968ae7362a217189a7cf1aad2206198f01,0,0,0,0,0,0,0,0.00014201458543539047,0.824188232421875,0.032312661758624017,0.00014201458543539047,0.824188232421875,0.032312661758624017,0,0,0.0001,64,64,0,6051.658512,1.681016253,19.911280979399653,425.46527896686297,89102.097542274889
ect.q256.schedule-switch-training-telemetry/v1,q256_fresh_crossed_switch_n12_matpool_numeric_recovery_v2,AB,A,B,429,q256_target_weight_v1,B,1.1000000000000001,1.1000000000000001,4429,4418,566912,566.912000,0,17.18988037109375,0,1216.7100855742874,1216.7100855742874,0,1216.7100855742874,0,0.16159241200724311,0,3962.4417617556319,0,3962.258730838545,0,128,715b3cd88598815c513c16e349c48606699c949cadd5864cbf2fe44ca6664486,91fb5e6ea10fe88a3551dcd31f774cf9190fb47f4b16e6920333c9a6f5c7fa4f,2316858a09fe0fc4d77631555371521287d0b8fc2f200ab0d7ace9538225bae1,a27ad670a8eb99784d70d5f65393e240dfd1b08570782a19de95ab9ac1cb6d58,a27ad670a8eb99784d70d5f65393e240dfd1b08570782a19de95ab9ac1cb6d58,2a3e57c5cf30f0c82d756c7ef4faa4d6df92975ec042a3428800c6fc14fa114f,2a3e57c5cf30f0c82d756c7ef4faa4d6df92975ec042a3428800c6fc14fa114f,0,0,0,0,0,0,0,2.2944179363548756e-05,1.1630859375,0.020926748111378402,2.2944179363548756e-05,1.1630859375,0.020926748111378402,0,0,0.0001,64,64,0,6053.601693,1.681556026,19.910699054494692,412.60703923176629,89030.136225446113
ect.q256.schedule-switch-training-telemetry/v1,q256_fresh_crossed_switch_n12_matpool_numeric_recovery_v2,AB,A,B,430,q256_target_weight_v1,B,1.1000000000000001,1.1000000000000001,4430,4419,567040,567.040000,0,14.23786461353302,0,1651.1542819338995,1651.1542819338995,0,1651.1542819338995,0,0.16130146379543095,0,3962.4416981761365,0,3962.2588238755279,0,128,f684848af45fcb3a201759980d3317afd83676e8e202d883e365e537f08e6872,48c81b0991785e68717c641216c6a399917373455dbbc5f14db4c9bb17b08911,5177c15aa4c9fa8992319753033aa382345a2573ba457a7ceb8ebdfd4d0bdf9a,f3ac3d4e18acecb2a0d54c9cd7c7cf23fa375ab5f52c9db3412a0f1452fa29a1,f3ac3d4e18acecb2a0d54c9cd7c7cf23fa375ab5f52c9db3412a0f1452fa29a1,0e5ff501954efb2522ff45ddb1e43694c77d262202eb15e62d68400945adffec,0e5ff501954efb2522ff45ddb1e43694c77d262202eb15e62d68400945adffec,0,0,0,0,0,0,0,0.00013605318963527679,0.24039077758789062,0.017300846520811319,0.00013605318963527679,0.24039077758789062,0.017300846520811319,0,0,0.0001,64,64,0,6055.539478,1.682094299,19.910376431606494,438.72561587999928,88988.393102351009
ect.q256.schedule-switch-training-telemetry/v1,q256_fresh_crossed_switch_n12_matpool_numeric_recovery_v2,AB,A,B,431,q256_target_weight_v1,B,1.1000000000000001,1.1000000000000001,4431,4420,567168,567.168000,0,16.926857590675354,0,1470.4118311189879,1470.4118311189879,0,1470.4118311189879,0,0.15881208528305721,0,3962.4416518242092,0,3962.2589167419042,0,128,edc44256e8808aaf36a70505439fad5752dee486b6af03761123e54f1252d639,8e19d907553b1033f8635fd0ccc6909159f8ff9cf6d46c70a2dd2372e81ec390,7fd80187d1fe1bb42be5b4388ce27879f6e9c7369026286a6d9127d77e995255,d49f148d959e86a61e095aa33ae38b968a049e430c058ee0531fa6d97396cf05,d49f148d959e86a61e095aa33ae38b968a049e430c058ee0531fa6d97396cf05,7eb239174bfcd5c50feaaf698dd8ad1742ffc1ff7754cfddc9c9dd1c6888a44f,7eb239174bfcd5c50feaaf698dd8ad1742ffc1ff7754cfddc9c9dd1c6888a44f,0,0,0,0,0,0,0,3.6318553611636162e-05,0.20148468017578125,0.012984961969777942,3.6318553611636162e-05,0.20148468017578125,0.012984961969777942,0,0,0.0001,64,64,0,6057.474682,1.682631856,19.910125946841514,415.12517119391674,88934.440654556558
ect.q256.schedule-switch-training-telemetry/v1,q256_fresh_crossed_switch_n12_matpool_numeric_recovery_v2,AB,A,B,432,q256_target_weight_v1,B,1.1000000000000001,1.1000000000000001,4432,4421,567296,567.296000,0,16.146416425704956,0,1579.2278011434805,1579.2278011434805,0,1579.2278011434805,0,0.15777879230472602,0,3962.4417899353944,0,3962.2590096410122,0,128,7245193ab6869957629e9e53cdff88de71d2562fbd5b77fd8c5bbe671feaceb6,5a5e2ba173fbe94b66c6893d702da04ca438c6b17ea197de1d8e4e18ae1119d2,072a6886ceca548cd3e108a13bfafc86ecb066e54b58328b568c7d75a2c53f87,7481968ee20bd145c11cf8217cb430e5e25348ab0ebea7ed94b7522822fe8ff2,7481968ee20bd145c11cf8217cb430e5e25348ab0ebea7ed94b7522822fe8ff2,630cdfb3e7cb75ca7c0b7ba406dd248b6ea7f40d25146cfcae7a902d97b2757a,630cdfb3e7cb75ca7c0b7ba406dd248b6ea7f40d25146cfcae7a902d97b2757a,0,0,0,0,0,0,0,9.0346205979585648e-05,0.19768142700195312,0.0095436698175035417,9.0346205979585648e-05,0.19768142700195312,0.0095436698175035417,0,0,0.0001,64,64,0,6059.437045,1.683176957,19.909560653782332,409.83051113108678,88880.567081357905
ect.q256.schedule-switch-training-telemetry/v1,q256_fresh_crossed_switch_n12_matpool_numeric_recovery_v2,AB,A,B,433,q256_target_weight_v1,B,1.1000000000000001,1.1000000000000001,4433,4422,567424,567.424000,0,17.046993613243103,0,1349.5611032875995,1349.5611032875995,0,1349.5611032875995,0,0.15661220301130441,0,3962.4420694912174,0,3962.2591026947889,0,128,52ed51f7fd8847d1af34242036315a3a3d940be997286445762a2e5cf185a648,4c6b39abe119c693c711da3e64449415c9bf432193f171414ad6ed58ed82310d,961064ef628664f355b84c7ce36c78d020530b3789c892696d029a8f6524ab81,f066c054cdbaf5aebd574ad6cb647e88cf51fbbb3e6c907143e1fe96eab5b06a,f066c054cdbaf5aebd574ad6cb647e88cf51fbbb3e6c907143e1fe96eab5b06a,15d24e4c0188d0df1604b7f57c8a495d19f63efd1ddf7edc481e1cca0888efc6,15d24e4c0188d0df1604b7f57c8a495d19f63efd1ddf7edc481e1cca0888efc6,0,0,0,0,0,0,0,8.336920291185379e-05,0.15471649169921875,0.011654023313894868,8.336920291185379e-05,0.15471649169921875,0.011654023313894868,0,0,0.0001,64,64,0,6061.369472,1.683713742,19.909148886416773,397.9231470395124,88810.83337941191
ect.q256.schedule-switch-training-telemetry/v1,q256_fresh_crossed_switch_n12_matpool_numeric_recovery_v2,AB,A,B,434,q256_target_weight_v1,B,1.1000000000000001,1.1000000000000001,4434,4423,567552,567.552000,0,16.794969081878662,0,1758.6116076407777,1758.6116076407777,0,1758.6116076407777,0,0.15509712930115471,0,3962.4424702326887,0,3962.2591960352033,0,128,8133227d8f89488ed5f4d59e6e144c5ec00bc30bac997a470e4ef1b26b5d15d7,5d4b65f05a5f59d7f2ea41b851a13ed369d8e8a979b7a77371fd817ba0235080,cc0bdd5c2af19f30011c2811141037725d30b2af49d6697aa946516aa50fd0de,680e84c94c56d1710ba0c0c53d93647d75c955b48d2e164dbedd96fe5059ffce,680e84c94c56d1710ba0c0c53d93647d75c955b48d2e164dbedd96fe5059ffce,11019088eda6e930bd04a1bfa3579435bfbf5832b5377c006e2a200f657579a6,11019088eda6e930bd04a1bfa3579435bfbf5832b5377c006e2a200f657579a6,0,0,0,0,0,0,0,6.0344580560922623e-05,6.2371826171875,0.057656552700791508,6.0344580560922623e-05,6.2371826171875,0.057656552700791508,0,0,0.0001,64,64,0,6063.302310,1.684250642,19.908785526524067,379.12424842629838,88789.233389217567
ect.q256.schedule-switch-training-telemetry/v1,q256_fresh_crossed_switch_n12_matpool_numeric_recovery_v2,AB,A,B,435,q256_target_weight_v1,B,1.1000000000000001,1.1000000000000001,4435,4424,567680,567.680000,0,16.672448873519897,0,1554.2166464291859,1554.2166464291859,0,1554.2166464291859,0,0.15241239691165914,0,3962.4428752723875,0,3962.2592896595875,0,128,e64d915aa7dd5d28efbdff85ba8bfbd7425bf2e0110bf4370fb350b33b0b2576,c0902cd49b4387c6b738d34beb91a31c2ec602c1a19b9294a9121b75989e9e35,e962e0c5d185a82eea9ba81104fff9c91f9eb3cc9d8130444391a6a22170a00d,ffa8819f28b9d5cf3029ea389b9f83459a2be47a93b484bd73e5c14b620ff668,ffa8819f28b9d5cf3029ea389b9f83459a2be47a93b484bd73e5c14b620ff668,80a35cf1d6e00fdb00aa1f9b8ff5c4a25b4534ff60179a6f853b5b5e6f8b869d,80a35cf1d6e00fdb00aa1f9b8ff5c4a25b4534ff60179a6f853b5b5e6f8b869d,0,0,0,0,0,0,0,7.1576505433768034e-06,0.26071929931640625,0.011696089757606387,7.1576505433768034e-06,0.26071929931640625,0.011696089757606387,0,0,0.0001,64,64,0,6065.256295,1.684793415,19.908412062420705,364.26243995538169,88737.641975983031
ect.q256.schedule-switch-training-telemetry/v1,q256_fresh_crossed_switch_n12_matpool_numeric_recovery_v2,AB,A,B,436,q256_target_weight_v1,B,1.1000000000000001,1.1000000000000001,4436,4425,567808,567.808000,0,15.134590983390808,0,1826.1631446807894,1826.1631446807894,0,1826.1631446807894,0,0.15522424251027681,0,3962.4433501420426,0,3962.2593835117214,0,128,1e2954ce81c11b17c18d4ec405e4bde8b12e1ce7f7934d46d5dcc3c8eb7be870,c8f78c3f96bb677c05932d15979c17b71a41d2a661ffd65f431e1f90868a2bde,3ac328edd50e6c3df609f349713207c9414041ed115a532f67208682e1d7247f,1d862b5d5d2bcf5930872691dd2c0ac101694c86977485f61eddcb79c8ccdd54,1d862b5d5d2bcf5930872691dd2c0ac101694c86977485f61eddcb79c8ccdd54,5152cae9ad0d203197c6a8b14cd1a1497ab6b4b87ab9f86e295795ce4af0a73e,5152cae9ad0d203197c6a8b14cd1a1497ab6b4b87ab9f86e295795ce4af0a73e,0,0,0,0,0,0,0,9.2886039055883884e-06,0.12530517578125,0.010362673492636532,9.2886039055883884e-06,0.12530517578125,0.010362673492636532,0,0,0.0001,64,64,0,6067.199571,1.685333214,19.907715352484413,398.35197962111295,88720.101934510778
ect.q256.schedule-switch-training-telemetry/v1,q256_fresh_crossed_switch_n12_matpool_numeric_recovery_v2,AB,A,B,437,q256_target_weight_v1,B,1.1000000000000001,1.1000000000000001,4437,4426,567936,567.936000,0,16.846855044364929,0,1872.7426693388572,1872.7426693388572,0,1872.7426693388572,0,0.15583101095429069,0,3962.4439067838975,0,3962.2594776915121,0,128,d4c4b6847ca95d9e4d36f261dc86ae3abfc20f834b8acf641bf1f956b33fc0e7,4531b52a6ef800ea4d93839950a099856bc819b77aad656f208e40eec15e310b,43a74d0db6ac069cf677a6892810ea7a77a53a348f10ab44f510411a3a48235f,0862ac620186edb495727cf54e36094ddf4d761d3691e4b63ded1a311bb36fc3,0862ac620186edb495727cf54e36094ddf4d761d3691e4b63ded1a311bb36fc3,81675c3ef0380ba9460661fde08959bb4f27ddbd9f5e5bf5a7416ad151674bc0,81675c3ef0380ba9460661fde08959bb4f27ddbd9f5e5bf5a7416ad151674bc0,0,0,0,0,0,0,0,7.5332645792514086e-06,0.26292037963867188,0.01404627226293087,7.5332645792514086e-06,0.26292037963867188,0.01404627226293087,0,0,0.0001,64,64,0,6069.167602,1.685879889,19.907547434541684,416.75215268227589,88683.749947414937
ect.q256.schedule-switch-training-telemetry/v1,q256_fresh_crossed_switch_n12_matpool_numeric_recovery_v2,AB,A,B,438,q256_target_weight_v1,B,1.1000000000000001,1.1000000000000001,4438,4427,568064,568.064000,0,15.923214673995972,0,1580.936112770971,1580.936112770971,0,1580.936112770971,0,0.15643098801175992,0,3962.4445006010524,0,3962.2595722434057,0,128,5592398fd87701ef473193b1cc75c8c1594737cba2ad2edd4a359e6ebc725b9e,4e4393fdcbf54f8cc63616d47138d6b9b77dc16f44ba24ecb353a3bb2d69b130,c8e8368cfa5451fbe98531d9ce1dd4c5b51ff492665fba082223c5d166d18fa3,f000f48d3d31bef8047f42a30dc0c71c111072902632cba3a02d9125e2ceeddf,f000f48d3d31bef8047f42a30dc0c71c111072902632cba3a02d9125e2ceeddf,e67334103f2273953d0389cb705c92e65a1a9e622a04560596d28d97a764813e,e67334103f2273953d0389cb705c92e65a1a9e622a04560596d28d97a764813e,0,0,0,0,0,0,0,4.7345645725727081e-05,0.12050628662109375,0.010175125673413277,4.7345645725727081e-05,0.12050628662109375,0.010175125673413277,0,0,0.0001,64,64,0,6071.140312,1.686427864,19.907330928712749,431.03653802150205,88629.693655643016
ect.q256.schedule-switch-training-telemetry/v1,q256_fresh_crossed_switch_n12_matpool_numeric_recovery_v2,AB,A,B,439,q256_target_weight_v1,B,1.1000000000000001,1.1000000000000001,4439,4428,568192,568.192000,0,17.691874146461487,0,2088.1200692961306,2088.1200692961306,0,2088.1200692961306,0,0.15016282237882389,0,3962.4451255682998,0,3962.2596671293554,0,128,0bef6e6593da53c2aee2b04211ddeaad4706d10ff1512dbd7c2a96b1d410c0fb,4ba59a79ac58b768b428bb8f4ecdea6360c2b4a34eb31b467c500d15d84ef18c,77eb8a39d52481db8f263a56c8e4b082e7f3e1736ce8bc9e73964f824aafbcab,12f9610678f1621f7ca449f4e47458453662a6df685ca6c61960314fed538879,12f9610678f1621f7ca449f4e47458453662a6df685ca6c61960314fed538879,d788f62c3cc4f2cd577d9115d0c3839647087a554a9ecc1f5d6375f79612fa96,d788f62c3cc4f2cd577d9115d0c3839647087a554a9ecc1f5d6375f79612fa96,0,0,0,0,0,0,0,3.3482792787253857e-05,0.28527069091796875,0.013958147668745369,3.3482792787253857e-05,0.28527069091796875,0.013958147668745369,0,0,0.0001,64,64,0,6073.072934,1.686964704,19.90726871291832,518.12264047276585,88678.273298791246
ect.q256.schedule-switch-training-telemetry/v1,q256_fresh_crossed_switch_n12_matpool_numeric_recovery_v2,AB,A,B,440,q256_target_weight_v1,B,1.1000000000000001,1.1000000000000001,4440,4429,568320,568.320000,0,16.207841277122498,0,3051.3917563715754,3051.3917563715754,0,3051.3917563715754,0,0.1669176429815116,0,3962.4457397838696,0,3962.2597624011937,0,128,6787d82ac6e3d809e120628909a7d192104c58ed8692781ad9f65b0368851ece,649c36e9ec7985471ddcca68ebcdf30486b578d6a06b4760798d6749cd0d811e,ec2dc23720268b9175dd15ca920af0bf942b14d5a6363fb21109d04c27c14ab7,d1463046670f9c85726c594e7c0670215dcbe01953b56bbe74bd8d4b6800cd13,d1463046670f9c85726c594e7c0670215dcbe01953b56bbe74bd8d4b6800cd13,60be7461b25c7d610e9440ab438e67e1a478f6333aca446cdb292a7ecbf0b07f,60be7461b25c7d610e9440ab438e67e1a478f6333aca446cdb292a7ecbf0b07f,0,0,0,0,0,0,0,3.1017698347568512e-05,0.51815032958984375,0.016515647934284061,3.1017698347568512e-05,0.51815032958984375,0.016515647934284061,0,0,0.0001,64,64,0,6075.012635,1.687503510,19.906953998476894,640.90751420677736,88778.721824478926
ect.q256.schedule-switch-training-telemetry/v1,q256_fresh_crossed_switch_n12_matpool_numeric_recovery_v2,AB,A,B,441,q256_target_weight_v1,B,1.1000000000000001,1.1000000000000001,4441,4430,568448,568.448000,0,16.208312153816223,0,1426.3794352822708,1426.3794352822708,0,1426.3794352822708,0,0.16211805975814583,0,3962.4463255443202,0,3962.2598580030544,0,128,eb0a69c8c74de4350863c9492aa50f63218a6b106dd689ac057eeb328f6c962e,93256c456b3e973e940d7d15dd900ff43efdfd0bfe8c4c99a1138aab259950eb,060ed3052d962d1c0048b69da49b829b4140cdd8a6baaf1786ea6e1a7fc7ff38,49bb87bd3240fa5d93eafb3972e8c2dd5509adfbe25e0d3a553b32ec4da1c141,49bb87bd3240fa5d93eafb3972e8c2dd5509adfbe25e0d3a553b32ec4da1c141,d61b0f7536d5396b0dcbd0db24a2eca360a47984ced30d3144c35cbfc7856de2,d61b0f7536d5396b0dcbd0db24a2eca360a47984ced30d3144c35cbfc7856de2,0,0,0,0,0,0,0,0.00012242561206221581,0.084997177124023438,0.010936545906588435,0.00012242561206221581,0.084997177124023438,0.010936545906588435,0,0,0.0001,64,64,0,6076.945568,1.688040435,19.906667514224562,566.12239783410666,88726.226578227026
ect.q256.schedule-switch-training-telemetry/v1,q256_fresh_crossed_switch_n12_matpool_numeric_recovery_v2,AB,A,B,442,q256_target_weight_v1,B,1.1000000000000001,1.1000000000000001,4442,4431,568576,568.576000,0,15.770700931549072,0,1886.6821171009174,1886.6821171009174,0,1886.6821171009174,0,0.15579004018279807,0,3962.446803804201,0,3962.2599538671857,0,128,d03f4663be5a7f55b0c3476eb7b0bc3cce3a289ed0a8bce7990692460b659a44,f67387623364554401a39d9fab4ed587b95332bd8c7bf895a4fed787c82f02b1,46a78e5d005e403f73f0a74e9615e612b4beccdf1766aa1bd607df2c44a6e920,276d7731e9c674df7014798a565dfd7c6e41eb95e86040bc5cc9d83ac6891f1b,276d7731e9c674df7014798a565dfd7c6e41eb95e86040bc5cc9d83ac6891f1b,ca34bc0e667bcc9f5532df4194a3c6b6ff4fff9e17406f0819de8f9bd720567b,ca34bc0e667bcc9f5532df4194a3c6b6ff4fff9e17406f0819de8f9bd720567b,0,0,0,0,0,0,0,6.4721563830971718e-05,0.45601654052734375,0.017681267578154802,6.4721563830971718e-05,0.45601654052734375,0.017681267578154802,0,0,0.0001,64,64,0,6078.876892,1.688576915,19.905969760518563,588.45946527062711,88716.875912596719
ect.q256.schedule-switch-training-telemetry/v1,q256_fresh_crossed_switch_n12_matpool_numeric_recovery_v2,AB,A,B,443,q256_target_weight_v1,B,1.1000000000000001,1.1000000000000001,4443,4432,568704,568.704000,0,15.90350615978241,0,1671.867596298144,1671.867596298144,0,1671.867596298144,0,0.15641846519284042,0,3962.4471737695712,0,3962.2600498911502,0,128,dfb640f15d343fc40f558f0a2586d42e767c85b683c249a900c8948fc3f5ddc7,f8a5129ec47c72b11d564e910c3ff1c7b1f45e730f5fc3deee31526e2749d65a,7b711f5953827f4960e5c9941c39ffd8c97c7d00c8459cad963876c3d8ce5c35,8c62b816aaa6f9c96383ee79cc1a5a062d9cdcb68337b7b26244134a0a2dfe4b,8c62b816aaa6f9c96383ee79cc1a5a062d9cdcb68337b7b26244134a0a2dfe4b,c023b7e7f8bee8aba1f93b47c39a1bd947db9771f77e1629ca0afe45a465fcc0,c023b7e7f8bee8aba1f93b47c39a1bd947db9771f77e1629ca0afe45a465fcc0,0,0,0,0,0,0,0,3.39156249538064e-05,0.21334075927734375,0.011617283220402896,3.39156249538064e-05,0.21334075927734375,0.011617283220402896,0,0,0.0001,64,64,0,6080.807117,1.689113088,19.905290725586251,475.90671213247566,88694.98667318435
ect.q256.schedule-switch-training-telemetry/v1,q256_fresh_crossed_switch_n12_matpool_numeric_recovery_v2,AB,A,B,444,q256_target_weight_v1,B,1.1000000000000001,1.1000000000000001,4444,4433,568832,568.832000,0,15.863014698028564,0,2176.7004727319577,2176.7004727319577,0,2176.7004727319577,0,0.15368515390003398,0,3962.4473511894239,0,3962.2601460144783,0,128,1aefc3b1ca872fdcd68093470fe0b93cbdcbed44a4b0bae2d7294cd0a592c204,a70ab4827cdaa62e95c7c9d968b54be2a6c38a5ecf571ad1c266acdf7f62c1a6,013d8f87d4cdc2a1a956ff97b81befe968ff34697a38430bf91c597f640f5867,cd9e758843f424d677b10ee9243f58a5c9045eb0e2512d7b8b424e99c51c6ec3,cd9e758843f424d677b10ee9243f58a5c9045eb0e2512d7b8b424e99c51c6ec3,1e3ad819c3184c8ab4eb84bd8fde59077ae8c8fd791a7bf2798cada1cac125e9,1e3ad819c3184c8ab4eb84bd8fde59077ae8c8fd791a7bf2798cada1cac125e9,0,0,0,0,0,0,0,7.5532589107751846e-05,0.10772323608398438,0.010611992096528411,7.5532589107751846e-05,0.10772323608398438,0.010611992096528411,0,0,0.0001,64,64,0,6082.744443,1.689651234,19.904386329548689,365.44075375580627,88743.379457383504
ect.q256.schedule-switch-training-telemetry/v1,q256_fresh_crossed_switch_n12_matpool_numeric_recovery_v2,AB,A,B,445,q256_target_weight_v1,B,1.1000000000000001,1.1000000000000001,4445,4434,568960,568.960000,0,15.24349570274353,0,2365.0063437759891,2365.0063437759891,0,2365.0063437759891,0,0.15194783340542761,0,3962.4473483171673,0,3962.2602420863659,0,128,7afd2f12702584aff790e606f0309239830e2542e0c9f1776619b2f73d899473,76bdfaeac1f4dd3221597dbce22ea5c81e7c9da3a56633681bef13e645422086,a32bb9ec6026737eaa8f4bbb0b0aeb83ef0b9f539a730dd41de48ca5434230d2,0cbd51917d7ed9bacdc47aa9725211dadb53e07853fe5468df3359f765865308,0cbd51917d7ed9bacdc47aa9725211dadb53e07853fe5468df3359f765865308,0826a263ab3afbc9729c920375c8549efacaaa8d3d742073fcbcf9ba808a7353,0826a263ab3afbc9729c920375c8549efacaaa8d3d742073fcbcf9ba808a7353,0,0,0,0,0,0,0,3.9460137486457825e-05,0.076953887939453125,0.010426544700749218,3.9460137486457825e-05,0.076953887939453125,0.010426544700749218,0,0,0.0001,64,64,0,6084.680303,1.690188973,19.903297162714733,366.14788846305117,88812.171872714884
ect.q256.schedule-switch-training-telemetry/v1,q256_fresh_crossed_switch_n12_matpool_numeric_recovery_v2,AB,A,B,446,q256_target_weight_v1,B,1.1000000000000001,1.1000000000000001,4446,4435,569088,569.088000,0,16.772073745727539,0,2301.1778491448727,2301.1778491448727,0,2301.1778491448727,0,0.14999707137259255,0,3962.4471728131462,0,3962.2603379666912,0,128,0a31d65b96a0aa90e1e6236b540fe5ea23f2997774693ecd8fcb53202e56be7a,ab19429071df64d432fbaaa112bcd97241d0d9b1d7ce3de6c607f95c0f185d88,729c56b0da82947e1d2414a19ba9bba9218328e24d765cf2292fe04239beb7a2,44770fae4a4c0559abfbcc9e1399dc77b33fce975ab91501ef5e1f01dc9f8599,44770fae4a4c0559abfbcc9e1399dc77b33fce975ab91501ef5e1f01dc9f8599,5cbfe0a0d34102419148e4c53c2239d8cc2342aaeeefc4d9f3233db89a481130,5cbfe0a0d34102419148e4c53c2239d8cc2342aaeeefc4d9f3233db89a481130,0,0,0,0,0,0,0,1.5569909010082483e-05,0.4106292724609375,0.012029658479150385,1.5569909010082483e-05,0.4106292724609375,0.012029658479150385,0,0,0.0001,64,64,0,6086.610252,1.690725070,19.902099120815059,436.03463629364535,88881.268751628508
ect.q256.schedule-switch-training-telemetry/v1,q256_fresh_crossed_switch_n12_matpool_numeric_recovery_v2,AB,A,B,447,q256_target_weight_v1,B,1.1000000000000001,1.1000000000000001,4447,4436,569216,569.216000,0,17.437434673309326,0,1621.5820779778651,1621.5820779778651,0,1621.5820779778651,0,0.15330418876435806,0,3962.4468971451483,0,3962.2604335803044,0,128,d84c426108bbc9b048525f530c9b488c23af36ea2faaa1a187371f7fc109d529,a70305c8c7f0529eef43735a7007593babe108bcf08b61c4a21f47ba8bdd19a5,742c0ed4ba409aaef3cfca35da3f96265c0b982b58124a65e7122830e7e3a83b,7d057eb29f2445ad8c45b9ad406611e4a460067a368eb307d5897004b7870dc0,7d057eb29f2445ad8c45b9ad406611e4a460067a368eb307d5897004b7870dc0,0f7dabb84e5dc149b483c70c639094bcb046c7221dd16cb7f2cc4881e709366e,0f7dabb84e5dc149b483c70c639094bcb046c7221dd16cb7f2cc4881e709366e,0,0,0,0,0,0,0,1.5611876733601093e-05,3.1297607421875,0.034014968492556363,1.5611876733601093e-05,3.1297607421875,0.034014968492556363,0,0,0.0001,64,64,0,6088.542245,1.691261735,19.900535838334953,447.4819355229231,88837.379295601291
ect.q256.schedule-switch-training-telemetry/v1,q256_fresh_crossed_switch_n12_matpool_numeric_recovery_v2,AB,A,B,448,q256_target_weight_v1,B,1.1000000000000001,1.1000000000000001,4448,4437,569344,569.344000,0,16.135453343391418,0,2018.0256735167407,2018.0256735167407,0,2018.0256735167407,0,0.15674514388956104,0,3962.4465603000885,0,3962.2605288984641,0,128,175c50aeeffdd9101be29bad6757e5a8f23f16ac8d6e0f76ad1d579e4df133f3,7096a712b32b34eabf0bb2ff4166ab885afde6d51b615361b22843e520549e8a,da8170b4f2f6a7dec3f1ce182d02fc4bbee06bf524ce06f050380bc4f00d14a4,d247f3bb23ede96dd865893b45f8c8dfe95be567247ca72daa44bfc45006cd18,d247f3bb23ede96dd865893b45f8c8dfe95be567247ca72daa44bfc45006cd18,dfad0586f8dccde6626aea804c751cde6425c2bd38455d8e6567059f5466ec75,dfad0586f8dccde6626aea804c751cde6425c2bd38455d8e6567059f5466ec75,0,0,0,0,0,0,0,5.9281941503286362e-05,1.8690185546875,0.029655730933882296,5.9281941503286362e-05,1.8690185546875,0.029655730933882296,0,0,0.0001,64,64,0,6090.472539,1.691797927,19.898935289612321,503.9927129196148,88810.882978542402
ect.q256.schedule-switch-training-telemetry/v1,q256_fresh_crossed_switch_n12_matpool_numeric_recovery_v2,AB,A,B,449,q256_target_weight_v1,B,1.1000000000000001,1.1000000000000001,4449,4438,569472,569.472000,0,14.539593100547791,0,1503.2597327690901,1503.2597327690901,0,1503.2597327690901,0,0.15514011192027297,0,3962.4462492312296,0,3962.2606239321253,0,128,0bda517c6a1a39f0d42bc97b7d947013cb08f8a228476bfebedc344b3d48dc66,d768f9aff42eebf50d4b6e8385a0c705ddd8189e19a020253ff08a6dd0d875d0,475b6d6ff9604d20c016d8a6a87ab2f5b77a7fc3db3e38416ee14fdff04a272f,abf37a7d177fc28bb6d46be94eeec40d4ccda49a0c4bb1fb9e5e03cba7cd0de3,abf37a7d177fc28bb6d46be94eeec40d4ccda49a0c4bb1fb9e5e03cba7cd0de3,555a788c47478d36a0876b8c1f18572d4d9da19c51a4b0160767135a0f7e95ac,555a788c47478d36a0876b8c1f18572d4d9da19c51a4b0160767135a0f7e95ac,0,0,0,0,0,0,0,1.850776607170701e-05,0.25796127319335938,0.013441307237371802,1.850776607170701e-05,0.25796127319335938,0.013441307237371802,0,0,0.0001,64,64,0,6092.403037,1.692334177,19.897646700227575,430.88831133813443,88770.704091099731
ect.q256.schedule-switch-training-telemetry/v1,q256_fresh_crossed_switch_n12_matpool_numeric_recovery_v2,AB,A,B,450,q256_target_weight_v1,B,1.1000000000000001,1.1000000000000001,4450,4439,569600,569.600000,0,16.205658316612244,0,1593.2743238437288,1593.2743238437288,0,1593.2743238437288,0,0.15563415602441671,0,3962.445914511422,0,3962.2607187002604,0,128,a3bc9b0b85011adf290c3748b67ae099ae5822864d26610a50f3e9b4ba1eb1cf,84b9f43e8cd4026d7e593849efbea0c15ce3a4c670bc5f01a31eb9e3d90ed779,8bbc2fe9a7f733429519ca87749fb5aaa15f39347bd98c57479d8838e3ce4517,f29360e6bb71684082b9605411e47c89bd1135f2e237ade459d30376d38f16c1,f29360e6bb71684082b9605411e47c89bd1135f2e237ade459d30376d38f16c1,561e954feada1bb4bb5381b741cfaaf1d02303adaf75e827cddf7daaab3e0932,561e954feada1bb4bb5381b741cfaaf1d02303adaf75e827cddf7daaab3e0932,0,0,0,0,0,0,0,3.7005869671702385e-05,0.25315475463867188,0.013283689215313643,3.7005869671702385e-05,0.25315475463867188,0.013283689215313643,0,0,0.0001,64,64,0,6094.341383,1.692872606,19.896106486664394,417.69690289660565,88717.025520963216
ect.q256.schedule-switch-training-telemetry/v1,q256_fresh_crossed_switch_n12_matpool_numeric_recovery_v2,AB,A,B,451,q256_target_weight_v1,B,1.1000000000000001,1.1000000000000001,4451,4440,569728,569.728000,0,15.658113241195679,0,1782.6398346977621,1782.6398346977621,0,1782.6398346977621,0,0.1552299960943952,0,3962.4456153602132,0,3962.2608131886345,0,128,c4c4c78a7402f3c0cb1781b0d2ca62290248e6f949baec0819dbd5228ee74a61,a138b7bd9e62e6db76e04860bb22676a611b635498d16b665544b21a7a8b7068,e7db6f5423e8d8237c081364865583f6c1013adc4322f851df947a2797d2ea8c,b572c6b93a1dd975d829ff3421ccae45b8ca31c17973450a6c58c8ed7efb744c,b572c6b93a1dd975d829ff3421ccae45b8ca31c17973450a6c58c8ed7efb744c,9206b4ccd3e7bd8f2c03bfa6fc04dd7fc924b068f99818f06dab0f52d171b9cc,9206b4ccd3e7bd8f2c03bfa6fc04dd7fc924b068f99818f06dab0f52d171b9cc,0,0,0,0,0,0,0,5.6434888392686844e-05,0.213592529296875,0.013163411407731473,5.6434888392686844e-05,0.213592529296875,0.013163411407731473,0,0,0.0001,64,64,0,6096.272813,1.693409115,19.894918115929869,385.40841680670002,88680.980467858215
ect.q256.schedule-switch-training-telemetry/v1,q256_fresh_crossed_switch_n12_matpool_numeric_recovery_v2,AB,A,B,452,q256_target_weight_v1,B,1.1000000000000001,1.1000000000000001,4452,4441,569856,569.856000,0,15.846922516822815,0,1245.4598182297973,1245.4598182297973,0,1245.4598182297973,0,0.15340205840002361,0,3962.4453903598783,0,3962.2609074816555,0,128,02f544126ee1fd229971d4dc972e7cd71e2087414f6b68b76341f38c7519a863,d6e2a6c259f21b77b857369493ad0db34ee20ef72b6ca513f672cec2b9db33fd,72ae0627b26ccf26b082c16fd8396c4ec4388c29920bd32dc9947fffcc9eb716,4b3927999e96b8ba6bd95c65fb939ab4f1e92fd9966d5b0e404c99719d39c736,4b3927999e96b8ba6bd95c65fb939ab4f1e92fd9966d5b0e404c99719d39c736,22b5f574f37f4daa8f15a47de177a04606205c13a3979c66faec5a5d869bcdeb,22b5f574f37f4daa8f15a47de177a04606205c13a3979c66faec5a5d869bcdeb,0,0,0,0,0,0,0,1.2661970686167479e-05,0.0941314697265625,0.010574683896265924,1.2661970686167479e-05,0.0941314697265625,0.010574683896265924,0,0,0.0001,64,64,0,6098.203555,1.693945432,19.893831437847375,366.76305908411371,88616.014298573064
ect.q256.schedule-switch-training-telemetry/v1,q256_fresh_crossed_switch_n12_matpool_numeric_recovery_v2,AB,A,B,453,q256_target_weight_v1,B,1.1000000000000001,1.1000000000000001,4453,4442,569984,569.984000,0,15.848437428474426,0,1966.7984830769581,1966.7984830769581,0,1966.7984830769581,0,0.14838419878512857,0,3962.4452616018957,0,3962.2610016234989,0,128,840cce94b557393096e4ca78b6da76c408c64e9c5733ba0cdeebaac03af5b577,1f678c114ff20a234a1380d0072ee207007e8fdd684a3e93d4783bec9f0ea47a,ec506f9da3f211065d386a0106674f58f76723e94afcd2fd80cca73dd470903b,6222f088408cf8f6416767ee73466fd3a376e61ce1039d6cb0bcab7809d920b0,6222f088408cf8f6416767ee73466fd3a376e61ce1039d6cb0bcab7809d920b0,2cdb48702218fe121de10bb84de839dae67b663d4c1ec695f649b5aefb5e788f,2cdb48702218fe121de10bb84de839dae67b663d4c1ec695f649b5aefb5e788f,0,0,0,0,0,0,0,2.0289560779929161e-05,0.13083839416503906,0.011823959765024483,2.0289560779929161e-05,0.13083839416503906,0.011823959765024483,0,0,0.0001,64,64,0,6100.138766,1.694482991,19.892870483951143,364.80900063417619,88644.131080362815
ect.q256.schedule-switch-training-telemetry/v1,q256_fresh_crossed_switch_n12_matpool_numeric_recovery_v2,AB,A,B,454,q256_target_weight_v1,B,1.1000000000000001,1.1000000000000001,4454,4443,570112,570.112000,0,16.43842089176178,0,1787.537511670381,1787.537511670381,0,1787.537511670381,0,0.15375745455847634,0,3962.4452055567226,0,3962.2610956600706,0,128,c69c2d7f82e23aa40bbde475900c873cc081e062b690e1bb10ef64dd9d319fef,90c40bfa0d04d99386a2bcde31d8a8cbfd6b58d8f80446784eae26d0fae37ec7,5c268a8187241b9223023604c254b063462241dbb9622ff4109b34f052149481,aa3b32055bc79cec8768852c0a93324800c7d533535faabd8542e48baa50a1fe,aa3b32055bc79cec8768852c0a93324800c7d533535faabd8542e48baa50a1fe,16983fdfaa75f0d09c150f1c793f7db60641e5c1133895a6b3103f24c3fd1ff2,16983fdfaa75f0d09c150f1c793f7db60641e5c1133895a6b3103f24c3fd1ff2,0,0,0,0,0,0,0,4.919152706861496e-05,0.2816314697265625,0.016099259431939572,4.919152706861496e-05,0.2816314697265625,0.016099259431939572,0,0,0.0001,64,64,0,6102.067284,1.695018690,19.89161693817039,357.74688572010717,88587.598219616615
ect.q256.schedule-switch-training-telemetry/v1,q256_fresh_crossed_switch_n12_matpool_numeric_recovery_v2,AB,A,B,455,q256_target_weight_v1,B,1.1000000000000001,1.1000000000000001,4455,4444,570240,570.240000,0,16.28635561466217,0,1218.2369451304137,1218.2369451304137,0,1218.2369451304137,0,0.15044736966343095,0,3962.4451535088579,0,3962.2611895707473,0,128,846e6851fc24a3edc67fbaf51fc529c869dd5b89862c05f9ebac97f37e6372e4,2f7942c5b95a1b4a8d63f01a515e79708757c465cd84aba1278973da8fe430ff,303ffd636b613410a3acd353c3a28675a27d5da520f73857f7be77fb93c23503,84aa59150a882784a10ed5d91062f1b09faa330eb8252b2dfd8ac0cfc70e271d,84aa59150a882784a10ed5d91062f1b09faa330eb8252b2dfd8ac0cfc70e271d,ce4f04a06f652089bbee023aff4de9d160711249a28e951118c3f0bd2c469a46,ce4f04a06f652089bbee023aff4de9d160711249a28e951118c3f0bd2c469a46,0,0,0,0,0,0,0,6.254902109503746e-05,0.11873626708984375,0.0098547920351848006,6.254902109503746e-05,0.11873626708984375,0.0098547920351848006,0,0,0.0001,64,64,0,6103.998774,1.695555215,19.89026489205121,336.35691159021394,88520.404164832245
ect.q256.schedule-switch-training-telemetry/v1,q256_fresh_crossed_switch_n12_matpool_numeric_recovery_v2,AB,A,B,456,q256_target_weight_v1,B,1.1000000000000001,1.1000000000000001,4456,4445,570368,570.368000,0,15.929041504859924,0,1300.848900196168,1300.848900196168,0,1300.848900196168,0,0.1464733651812446,0,3962.4451406538865,0,3962.2612834069146,0,128,46a0f3d14176da60925978898c011ef0fd465880e859b30d9e4dedf67c980cfa,cc8fcf24cc01b37bde62b30e0a133b979e55d056f3a33ccb27d0cbd110d48612,deb0f0eca9d9292471311bb28d8b5785b48939d0a7200e4edcb10207788f365e,816915fc4559ab827a72686b0186dee5e4b18fcd45a24cd7a743754965eb34eb,816915fc4559ab827a72686b0186dee5e4b18fcd45a24cd7a743754965eb34eb,8d57b179d226da445846e36376918fe278b5fa332e50c79731d3e1b065db4a9b,8d57b179d226da445846e36376918fe278b5fa332e50c79731d3e1b065db4a9b,0,0,0,0,0,0,0,3.2672425732016563e-05,1.6356201171875,0.023414601979311556,3.2672425732016563e-05,1.6356201171875,0.023414601979311556,0,0,0.0001,64,64,0,6105.933360,1.696092600,19.888951222379511,321.76096274292257,88458.423770772089
ect.q256.schedule-switch-training-telemetry/v1,q256_fresh_crossed_switch_n12_matpool_numeric_recovery_v2,AB,A,B,457,q256_target_weight_v1,B,1.1000000000000001,1.1000000000000001,4457,4446,570496,570.496000,0,16.508676290512085,0,2420.7766627091032,2420.7766627091032,0,2420.7766627091032,0,0.15330075207100824,0,3962.4451824429093,0,3962.2613771938868,0,128,983b08aa166866b0bdf92413837aa48159d7f2f0faa1ca4a4396181a149c4cb8,7b1a481112258396901df7888b573d83fe79ef84589844b95982f7b775afd041,07115529219fbe5e4e63c956a019ce4239e48cf7b1755cabab68e233998f1873,de451cdd9d70a168646c6f6a533a80b904d69265dd80f63d8098a6dfdb7ffe09,de451cdd9d70a168646c6f6a533a80b904d69265dd80f63d8098a6dfdb7ffe09,d178a6988c17dc5ae3e09fe7413d6fc364e607399f674e8e62610902cffbaf77,d178a6988c17dc5ae3e09fe7413d6fc364e607399f674e8e62610902cffbaf77,0,0,0,0,0,0,0,5.8587640523910522e-05,0.42264556884765625,0.014816325216088444,5.8587640523910522e-05,0.42264556884765625,0.014816325216088444,0,0,0.0001,64,64,0,6107.863345,1.696628707,19.887493706170691,348.93378400571333,88456.353678533647
ect.q256.schedule-switch-training-telemetry/v1,q256_fresh_crossed_switch_n12_matpool_numeric_recovery_v2,AB,A,B,458,q256_target_weight_v1,B,1.1000000000000001,1.1000000000000001,4458,4447,570624,570.624000,0,18.396053552627563,0,1219.6636448070556,1219.6636448070556,0,1219.6636448070556,0,0.15135630954306567,0,3962.4452943980687,0,3962.2614709638506,0,128,59dcd9b60eefc2089ea1cedbc4c501262ca81ab1843d5d5b134df64dd4afac02,222a0e67379fc4daa0450229e390ecf43d99aef4b4ef14c9e38e12d94ee79f81,082cbe4a9dda99da121d33c5a5e07dd2d9b6fcbf4f5b2fa475fbdbf96d311d85,8db33ce909075305a72cf88b284c54e3bb66eeae1cededf99200c7f93ca9be6d,8db33ce909075305a72cf88b284c54e3bb66eeae1cededf99200c7f93ca9be6d,47d3b8c5540edf38e87e413ffa88b77c3cab4040b09be738f51c44a06c66e3fa,47d3b8c5540edf38e87e413ffa88b77c3cab4040b09be738f51c44a06c66e3fa,0,0,0,0,0,0,0,7.1995425969362259e-05,0.1870269775390625,0.010418258083518595,7.1995425969362259e-05,0.1870269775390625,0.010418258083518595,0,0,0.0001,64,64,0,6109.804715,1.697167976,19.886042074475007,329.0199917846021,88382.894738037678
ect.q256.schedule-switch-training-telemetry/v1,q256_fresh_crossed_switch_n12_matpool_numeric_recovery_v2,AB,A,B,459,q256_target_weight_v1,B,1.1000000000000001,1.1000000000000001,4459,4448,570752,570.752000,0,16.746180653572083,0,1909.321811708752,1909.321811708752,0,1909.321811708752,0,0.1547233270798721,0,3962.4454854268483,0,3962.2615648331371,0,128,ccdf91437ab19f016cc2e3964bdc488663f3c9560cecc8d2383bb60f0decf31c,8813727f99c5f9f7a87d8e3232af90e962b1adee1cfbd7740d5e0bc16f717127,12aa68a32c46c1263ff465ab474726b2ac42310592845d6cec7787bc40aac435,317df578384e9ba9c4c15a12a849ed77166419c0fb9152adaeb61fb9959ca795,317df578384e9ba9c4c15a12a849ed77166419c0fb9152adaeb61fb9959ca795,bcac66e9311cad88e33123f5c39fdf87babf00f54c9d2e1382b4aaf41d7c1efc,bcac66e9311cad88e33123f5c39fdf87babf00f54c9d2e1382b4aaf41d7c1efc,0,0,0,0,0,0,0,3.9111764635890722e-06,0.20773696899414062,0.012768946937285364,3.9111764635890722e-06,0.20773696899414062,0.012768946937285364,0,0,0.0001,64,64,0,6111.746689,1.697707414,19.885043221978535,320.34065832850831,88360.536132628695
ect.q256.schedule-switch-training-telemetry/v1,q256_fresh_crossed_switch_n12_matpool_numeric_recovery_v2,AB,A,B,460,q256_target_weight_v1,B,1.1000000000000001,1.1000000000000001,4460,4449,570880,570.880000,0,16.796274662017822,0,1472.1958544523031,1472.1958544523031,0,1472.1958544523031,0,0.15263239434834019,0,3962.4457522337989,0,3962.2616588457208,0,128,de11f1b1c13c30c0e1c755df0c35e26502afae525b24c05ab4325403723f711a,21a5a6ac937523af2facd7d8ee3957e631d7a8ee33fc5ec23f5e36d192e10b0e,5f666d969d295a69641a5eb59a5b6af620329dc87666b82e3876efe0a2298dbf,989e7fcd9f09264396610024199bd17cb8e9b216f85b3253f1d7962ea23240f2,989e7fcd9f09264396610024199bd17cb8e9b216f85b3253f1d7962ea23240f2,78bd57218fec61518afd7e3ee4a6b3dee1014453a298e7dacee06103acd590f7,78bd57218fec61518afd7e3ee4a6b3dee1014453a298e7dacee06103acd590f7,0,0,0,0,0,0,0,7.4526062235236168e-05,0.09526824951171875,0.0086100006592459977,7.4526062235236168e-05,0.09526824951171875,0.0086100006592459977,0,0,0.0001,64,64,0,6113.703002,1.698250834,19.884128710527079,319.62558169399961,88298.872854902147
ect.q256.schedule-switch-training-telemetry/v1,q256_fresh_crossed_switch_n12_matpool_numeric_recovery_v2,AB,A,B,461,q256_target_weight_v1,B,1.1000000000000001,1.1000000000000001,4461,4450,571008,571.008000,0,14.67732560634613,0,1938.9912859936885,1938.9912859936885,0,1938.9912859936885,0,0.16390626579746925,0,3962.4460158501734,0,3962.2617529912413,0,128,f845297d8e18adacd85a2371a48cf2f12fa67d6c9375208876932caa4b5a56fa,b730ae4e8600ee4836df7a42681d827522ffeab736d1fb16bcfe8ab6ca357ee6,2adeafe5cb4f0f7f1f300bf21aa983daee2e3f49b08b1011dfe492c01ce76ece,df0cf59dc252be5a9e5f96c83eb3617f8e803f4a31e3f7fb265615964126804b,df0cf59dc252be5a9e5f96c83eb3617f8e803f4a31e3f7fb265615964126804b,ce6e2c41e5e846a7f9964bd80c5639dbcb1d0c4e6e10292c092e4d5e5a69bc8c,ce6e2c41e5e846a7f9964bd80c5639dbcb1d0c4e6e10292c092e4d5e5a69bc8c,0,0,0,0,0,0,0,9.6970703452825546e-05,0.08310699462890625,0.011717753834091127,9.6970703452825546e-05,0.08310699462890625,0.011717753834091127,0,0,0.0001,64,64,0,6115.635469,1.698787630,19.883148899864633,366.23171381219862,88261.512644888469
ect.q256.schedule-switch-training-telemetry/v1,q256_fresh_crossed_switch_n12_matpool_numeric_recovery_v2,AB,A,B,462,q256_target_weight_v1,B,1.1000000000000001,1.1000000000000001,4462,4451,571136,571.136000,0,16.187561273574829,0,2367.1692535698849,2367.1692535698849,0,2367.1692535698849,0,0.16340477678042797,0,3962.4462541331281,0,3962.2618471981928,0,128,aa35d5b7f0500bc34b5ce60cdd6275c5c34700d3e9d7b583e6c004b5613594f1,01544551c6722755f818779e0b5185455a9ce257076625616e2c37a171fa0323,9c8cdf72316ef648b91215720c2e4ac6db16fdd588a18fcc978885f7491d8fba,7ea63ab066d7d850afec0e6e937fc9a9757d6b9c096e7b900aad6fe844f07935,7ea63ab066d7d850afec0e6e937fc9a9757d6b9c096e7b900aad6fe844f07935,0ba7aff5393a6682417c73e59582b39f96bdda9e9bf8b312b44337d7dd163cef,0ba7aff5393a6682417c73e59582b39f96bdda9e9bf8b312b44337d7dd163cef,0,0,0,0,0,0,0,3.4869764931499958e-05,0.749237060546875,0.019707409082911909,3.4869764931499958e-05,0.749237060546875,0.019707409082911909,0,0,0.0001,64,64,0,6117.568562,1.699324600,19.881811166836645,367.13121443295398,88324.488470823897
ect.q256.schedule-switch-training-telemetry/v1,q256_fresh_crossed_switch_n12_matpool_numeric_recovery_v2,AB,A,B,463,q256_target_weight_v1,B,1.1000000000000001,1.1000000000000001,4463,4452,571264,571.264000,0,15.274615049362183,0,1433.1416180793399,1433.1416180793399,0,1433.1416180793399,0,0.15946079238441516,0,3962.4464665204378,0,3962.2619415345835,0,128,0f814b56bbb3f7cf6412cf3154bd15a8009b549620023117ff360c5a06b009ca,741b908690e19d76308615af845c590bbbceb07aa122ef921615ba987fc60875,5d269c4a467cd785978cc0fc0bacc6fdaa198111483408eb7c5775cd8c4f394a,1de41b2c3e9a48584d5c6a20031b2502e34dde5a99f367ef9dd54f0c330fa6bc,1de41b2c3e9a48584d5c6a20031b2502e34dde5a99f367ef9dd54f0c330fa6bc,0eac6ab3b1ad4e6ca71345e483cd50ff842ce9f1452aad14d205a325b88e05e9,0eac6ab3b1ad4e6ca71345e483cd50ff842ce9f1452aad14d205a325b88e05e9,0,0,0,0,0,0,0,0.00013006152585148811,0.26205825805664062,0.015684761456213892,0.00013006152585148811,0.26205825805664062,0.015684761456213892,0,0,0.0001,64,64,0,6119.524136,1.699867816,19.880952470661235,340.17375675665386,88266.875893811259
ect.q256.schedule-switch-training-telemetry/v1,q256_fresh_crossed_switch_n12_matpool_numeric_recovery_v2,AB,A,B,464,q256_target_weight_v1,B,1.1000000000000001,1.1000000000000001,4464,4453,571392,571.392000,0,16.442746758460999,0,1641.0876930806062,1641.0876930806062,0,1641.0876930806062,0,0.15495743408307885,0,3962.4467684643855,0,3962.2620360274741,0,128,2012ee61fb72125e6e7656d7ea1cbbf62ca63cfaec958ebe7176fc02d89a35c1,5533e78f47261655af70b4379beafe50ffe56d5d4f807c47d0bb4b75cdf6064e,fd77e93e8952e17513b2388a65f366b958631d52b073d956830ee0f804557cbc,8d969b3c96a51dea6eb8a835dfec282aee032e378351ff5ed7111b0a1a521382,8d969b3c96a51dea6eb8a835dfec282aee032e378351ff5ed7111b0a1a521382,3050ef420e8558c4eddd80de072f0b1a1223557ae830f06de99479a44800f5b1,3050ef420e8558c4eddd80de072f0b1a1223557ae830f06de99479a44800f5b1,0,0,0,0,0,0,0,3.4994911402463913e-05,0.2803192138671875,0.011557400110177696,3.4994911402463913e-05,0.2803192138671875,0.011557400110177696,0,0,0.0001,64,64,0,6121.459255,1.700405349,19.879957806195694,351.23718587079657,88229.983409000895
ect.q256.schedule-switch-training-telemetry/v1,q256_fresh_crossed_switch_n12_matpool_numeric_recovery_v2,AB,A,B,465,q256_target_weight_v1,B,1.1000000000000001,1.1000000000000001,4465,4454,571520,571.520000,0,17.222218990325928,0,2046.6125198363975,2046.6125198363975,0,2046.6125198363975,0,0.1613647119164919,0,3962.4470564706176,0,3962.2621306038436,0,128,4df38fd707e9a03612c57240c517820731b6cd8a1251ab2996925e3cdc4c0472,f9ff13b2ca079f374669e7f8b4c54c0175eb174284e975ad6678e4e64866851d,3e0693ea073218d0ec62c1d90b5b31a57ca593ebffe01674595df9a8a3b9d439,a2f6d2ddcfe0e1020e2852c9da6e30861f2825f7988181822a4ad767fd1e104e,a2f6d2ddcfe0e1020e2852c9da6e30861f2825f7988181822a4ad767fd1e104e,8b7e1b4eae5d03273de2a27973094e5e5ae37356e3605365358d65412d1a7c94,8b7e1b4eae5d03273de2a27973094e5e5ae37356e3605365358d65412d1a7c94,0,0,0,0,0,0,0,3.1545525416731834e-05,0.2577056884765625,0.011547922971658409,3.1545525416731834e-05,0.2577056884765625,0.011547922971658409,0,0,0.0001,64,64,0,6123.417086,1.700949191,19.879098215754983,399.71795082978775,88227.691838490777
ect.q256.schedule-switch-training-telemetry/v1,q256_fresh_crossed_switch_n12_matpool_numeric_recovery_v2,AB,A,B,466,q256_target_weight_v1,B,1.1000000000000001,1.1000000000000001,4466,4455,571648,571.648000,0,16.687073469161987,0,1910.4448985862737,1910.4448985862737,0,1910.4448985862737,0,0.15875376360085491,0,3962.4473675030572,0,3962.2622253981303,0,128,da4afa8e50b618af0cd59f7e7b3e02584931a9529fc271a03c3ec81f1cff4109,7074c140ee5eea9932745e2ad7e149c246ba3690b35174f0653c73c6d7fa6dd6,5590217e887a7d9e042aa640b7d9920299a3a76aebee8965736d987e17f64edb,296bb2445ae48a5e2739737ff7365f480f71bc03435b710761c1c4c9139809e4,296bb2445ae48a5e2739737ff7365f480f71bc03435b710761c1c4c9139809e4,3e9f86eaf23d0736856dfefa294cd1c766f69017cba07107c6f80d85187b4141,3e9f86eaf23d0736856dfefa294cd1c766f69017cba07107c6f80d85187b4141,0,0,0,0,0,0,0,1.8760503735393286e-05,0.17096328735351562,0.010870625847019255,1.8760503735393286e-05,0.17096328735351562,0.010870625847019255,0,0,0.0001,64,64,0,6125.353768,1.701487158,19.878427564397317,370.46707761552091,88217.916140211557
ect.q256.schedule-switch-training-telemetry/v1,q256_fresh_crossed_switch_n12_matpool_numeric_recovery_v2,AB,A,B,467,q256_target_weight_v1,B,1.1000000000000001,1.1000000000000001,4467,4456,571776,571.776000,0,16.969799160957336,0,1701.0503623109091,1701.0503623109091,0,1701.0503623109091,0,0.15749663093457322,0,3962.4477086342195,0,3962.2623203331095,0,128,0b2d4cd3e16ab9b5084a7a940fd74e52252d0c28f3f3bfec8f8070047dc84884,0ac6c70c26dd3b8f0cababcde442220890bcda28319c26f272c6501a58565108,8825d924b3ff7a064374909d615ae878088a4ec20fc13f41b930f00bd16e461e,fb85e4394e08689b2356a9c3605c003692b57a5dd8791632bf2e6fb552bdeb62,fb85e4394e08689b2356a9c3605c003692b57a5dd8791632bf2e6fb552bdeb62,87af8e59e277480321e75c9d505d0b8b770e13a266e47404e9dc8694dcc5d499,87af8e59e277480321e75c9d505d0b8b770e13a266e47404e9dc8694dcc5d499,0,0,0,0,0,0,0,4.8749381676316261e-05,0.062757492065429688,0.0086396635160781443,4.8749381676316261e-05,0.062757492065429688,0.0086396635160781443,0,0,0.0001,64,64,0,6127.314873,1.702031909,19.877911110108599,381.42580986684851,88181.489462397891
ect.q256.schedule-switch-training-telemetry/v1,q256_fresh_crossed_switch_n12_matpool_numeric_recovery_v2,AB,A,B,468,q256_target_weight_v1,B,1.1000000000000001,1.1000000000000001,4468,4457,571904,571.904000,0,15.883657932281494,0,1287.3664503050343,1287.3664503050343,0,1287.3664503050343,0,0.15050366646844263,0,3962.4480862795181,0,3962.2624154633199,0,128,611a522c3c8a22b83ca0381383c0501468e34e7145d383f6b787423f8ec73381,8b3b159584e757ea1dd7215f18f9bf6b5bf8553250ef41d655042bcda604dfde,5be9023fdb45b6a425d4c3f38ebc73b698c3f360c065a2343b39c3dd12a3215e,97044bf025cd9dbd8d403fa2c4bf56fa5116b5674c9c42eead2264c6961bb465,97044bf025cd9dbd8d403fa2c4bf56fa5116b5674c9c42eead2264c6961bb465,173e802156c6be4d71993329e4fdd7155949232d2edf3d10653c83d0f482473e,173e802156c6be4d71993329e4fdd7155949232d2edf3d10653c83d0f482473e,0,0,0,0,0,0,0,1.8893042579293251e-05,0.075551986694335938,0.0095705902203917503,1.8893042579293251e-05,0.075551986694335938,0.0095705902203917503,0,0,0.0001,64,64,0,6129.292260,1.702581183,19.877440281601469,381.13668517265336,88123.584980565865
ect.q256.schedule-switch-training-telemetry/v1,q256_fresh_crossed_switch_n12_matpool_numeric_recovery_v2,AB,A,B,469,q256_target_weight_v1,B,1.1000000000000001,1.1000000000000001,4469,4458,572032,572.032000,0,15.823192238807678,0,1216.4544851184739,1216.4544851184739,0,1216.4544851184739,0,0.14795282406679286,0,3962.4484352396871,0,3962.2625107589047,0,128,0ffa65a9edc00bdc49b851ca9ec7e74d15382c373df7a02d8e7c945e53d7fa8e,c11c1538dd49e1c42a7ae4f1642c3814f1835706893cc03edea4b77c2f096d7c,63971d0aca8292dd9ccf9ec5ce411e0366899f63a0cd05aa687af357c52805e3,d42ddb9dd65ae118c8a9a2db5d602ac3f5ca87071a619d114604672fcd9b4e50,d42ddb9dd65ae118c8a9a2db5d602ac3f5ca87071a619d114604672fcd9b4e50,e874c82d26dc163b531de584033088f41063214c60ce711cc89af0055739763e,e874c82d26dc163b531de584033088f41063214c60ce711cc89af0055739763e,0,0,0,0,0,0,0,9.5739495009183884e-05,0.37164306640625,0.012921690649818629,9.5739495009183884e-05,0.37164306640625,0.012921690649818629,0,0,0.0001,64,64,0,6131.263330,1.703128703,19.87681447751914,372.75777267904442,88053.48495478851
ect.q256.schedule-switch-training-telemetry/v1,q256_fresh_crossed_switch_n12_matpool_numeric_recovery_v2,AB,A,B,470,q256_target_weight_v1,B,1.1000000000000001,1.1000000000000001,4470,4459,572160,572.160000,0,17.262143135070801,0,1615.4625861036607,1615.4625861036607,0,1615.4625861036607,0,0.14497991269670774,0,3962.4487692968096,0,3962.2626061457381,0,128,791d1591262581aa6c5975042f8088c5666dddd9b67ca6d7aa719ece1d5777da,ddb84865a0c61f9549f5b1794d948e389bb29992820ab946cf36d197a8d08535,6b60f02ba30d0d9dd9d942085bc630c339d7856997af3e2f0e869d0e1eab589f,21fddacbc4ff7d4ba01078bf53177c58ddb732cc7dcfd7b46f05461de187cfb3,21fddacbc4ff7d4ba01078bf53177c58ddb732cc7dcfd7b46f05461de187cfb3,26682d09d6087b8a629a061f01abae09f6f2d39db7b63619b583810621636ed8,26682d09d6087b8a629a061f01abae09f6f2d39db7b63619b583810621636ed8,0,0,0,0,0,0,0,3.0172057449817657e-05,0.8602447509765625,0.020327595761045814,3.0172057449817657e-05,0.8602447509765625,0.020327595761045814,0,0,0.0001,64,64,0,6133.195206,1.703665335,19.876551022083333,390.94738009015043,88005.863299306933
ect.q256.schedule-switch-training-telemetry/v1,q256_fresh_crossed_switch_n12_matpool_numeric_recovery_v2,AB,A,B,471,q256_target_weight_v1,B,1.1000000000000001,1.1000000000000001,4471,4460,572288,572.288000,0,16.559040904045105,0,2164.5717054503079,2164.5717054503079,0,2164.5717054503079,0,0.15610403969043374,0,3962.4490604540065,0,3962.262701691056,0,128,3077b6dc7a5c6a28d2c494e7b0ac5897466c14b33e643d22686772e54768e8a3,7a02e4d4dc4ad83d78d7b9c0ee245a7f0d53a399fb7b95cc9cd3f1a0dff6d418,567f968de2912c6d0bbea6166160f582d42f185d7036b584ab1348c9f6f07e7e,2bab4bf221af10343023f6e1cc1d221ffc6dab0e436d35e654e876fd396cac71,2bab4bf221af10343023f6e1cc1d221ffc6dab0e436d35e654e876fd396cac71,6984a7b83fac0d9574650593a2f87c85c3b3a4c00c745e141f5b3109737bb6e5,6984a7b83fac0d9574650593a2f87c85c3b3a4c00c745e141f5b3109737bb6e5,0,0,0,0,0,0,0,1.2067495845258236e-05,0.10840606689453125,0.010791706154122949,1.2067495845258236e-05,0.10840606689453125,0.010791706154122949,0,0,0.0001,64,64,0,6135.155755,1.704209932,19.876319116350981,430.23416991254919,88024.846057972492
ect.q256.schedule-switch-training-telemetry/v1,q256_fresh_crossed_switch_n12_matpool_numeric_recovery_v2,AB,A,B,472,q256_target_weight_v1,B,1.1000000000000001,1.1000000000000001,4472,4461,572416,572.416000,0,17.069050312042236,0,2215.6791565165322,2215.6791565165322,0,2215.6791565165322,0,0.16073121370010746,0,3962.4492927507576,0,3962.2627973380654,0,128,09f263f38656dbe396fea992b556c834adf7d0eef33e390d8c85347cc20eb0bc,a5e879980e951478164aab4f7da2f889ca6413614d2d0142f9d89d0f52f628e7,ddd84281c47578e80ea6494c4ca3b6d1715612b6e3038863cacdb21a2f520726,2ea5afcacebaaf57648b9bf393f91b5c87b4742ff9eeb7c88cff75a76a61c552,2ea5afcacebaaf57648b9bf393f91b5c87b4742ff9eeb7c88cff75a76a61c552,a3f68bd5baa940f782b5c1a9d5bd2a37497d7a40e98c0cdafd99c73f0b37beb2,a3f68bd5baa940f782b5c1a9d5bd2a37497d7a40e98c0cdafd99c73f0b37beb2,0,0,0,0,0,0,0,6.7126005887985229e-05,0.069738388061523438,0.0091581358574330807,6.7126005887985229e-05,0.069738388061523438,0.0091581358574330807,0,0,0.0001,64,64,0,6137.090952,1.704747487,19.876265382869096,476.40711105243446,88062.96035134868
ect.q256.schedule-switch-training-telemetry/v1,q256_fresh_crossed_switch_n12_matpool_numeric_recovery_v2,AB,A,B,473,q256_target_weight_v1,B,1.1000000000000001,1.1000000000000001,4473,4462,572544,572.544000,0,16.76255464553833,0,1998.4685248775168,1998.4685248775168,0,1998.4685248775168,0,0.16229141506610706,0,3962.4494606570593,0,3962.2628930410347,0,128,11a2ca003f29c9cdc861084572b829da5b32f28c9b396efe9b663de7dbb432dc,af2e75284b392761336ef5faac858d5e88115f9593028e1f93efdd7d9db73a4c,1da6fef2d1e5140a113281ef008a48a65235b9eeacbea4857bd54e5791c89da2,265045905db37f6fde8460999d95c62a1d8a819a0d92c02cee1f21b892e54217,265045905db37f6fde8460999d95c62a1d8a819a0d92c02cee1f21b892e54217,7bd95adab4557b0eca6cb1388eabd54123ff24d765d94dfb0ead1ea76c4d0af3,7bd95adab4557b0eca6cb1388eabd54123ff24d765d94dfb0ead1ea76c4d0af3,0,0,0,0,0,0,0,4.288950003683567e-05,0.12471771240234375,0.011682574520818889,4.288950003683567e-05,0.12471771240234375,0.011682574520818889,0,0,0.0001,64,64,0,6139.024697,1.705284638,19.875637109013724,445.55609664860123,88019.120650633646
ect.q256.schedule-switch-training-telemetry/v1,q256_fresh_crossed_switch_n12_matpool_numeric_recovery_v2,AB,A,B,474,q256_target_weight_v1,B,1.1000000000000001,1.1000000000000001,4474,4463,572672,572.672000,0,15.947033286094666,0,1685.0329118237648,1685.0329118237648,0,1685.0329118237648,0,0.15851622759644218,0,3962.4495525888615,0,3962.2629887592516,0,128,dd22e5810f79a99df1558b1b9bb749fc835b445765af50b471783cf6d6561639,c18685e2ffa8e1c79de2c15ae05042551d5a13a39176c2bf788b07e2763a2be5,85b49294053569d773a1bb7ef3fcb6de74bf567383c4125752366ed7d3dabcfe,cb99162a4cd9ca67590d60d8e252ccbfd5da60020ff6791d915da3fb1e8157f5,cb99162a4cd9ca67590d60d8e252ccbfd5da60020ff6791d915da3fb1e8157f5,6845ac0892c540005074d3f4a8a27236c28e5f1eb45f0a967d5bb01e7b6f65a7,6845ac0892c540005074d3f4a8a27236c28e5f1eb45f0a967d5bb01e7b6f65a7,0,0,0,0,0,0,0,2.2080843336880207e-05,1.394805908203125,0.02134002698585391,2.2080843336880207e-05,1.394805908203125,0.02134002698585391,0,0,0.0001,64,64,0,6140.959971,1.705822214,19.874423194721945,385.22693306405228,87995.393749807525
ect.q256.schedule-switch-training-telemetry/v1,q256_fresh_crossed_switch_n12_matpool_numeric_recovery_v2,AB,A,B,475,q256_target_weight_v1,B,1.1000000000000001,1.1000000000000001,4475,4464,572800,572.800000,0,18.045775651931763,0,1832.5739442050851,1832.5739442050851,0,1832.5739442050851,0,0.16302936319332276,0,3962.4495388846326,0,3962.2630844441978,0,128,af3ba42a094830c2c38580398edef15be4498a617bf6a39a71ea5c1f1606a47d,00f98b04b7bdfe4ff75d6c9cadef7adc140182772e959ad523e42ca9cc56c559,240763f2876c72ce3abae960e1cf9a0c381a855da3b28e2a3e36fc842f93ba3c,c6117b80d39cae426c2232112fee6386400b56483ffe279086c47be5e02a2933,c6117b80d39cae426c2232112fee6386400b56483ffe279086c47be5e02a2933,2edd64cdb1de847bd20ff51a6c1db4cdf2054d6fc9c6a2cb1cff8edb0f1204d6,2edd64cdb1de847bd20ff51a6c1db4cdf2054d6fc9c6a2cb1cff8edb0f1204d6,0,0,0,0,0,0,0,6.7567219957709312e-05,0.3072357177734375,0.012308060453506187,6.7567219957709312e-05,0.3072357177734375,0.012308060453506187,0,0,0.0001,64,64,0,6142.895946,1.706359985,19.873524476293881,400.79565432852456,87951.718801906303
ect.q256.schedule-switch-training-telemetry/v1,q256_fresh_crossed_switch_n12_matpool_numeric_recovery_v2,AB,A,B,476,q256_target_weight_v1,B,1.1000000000000001,1.1000000000000001,4476,4465,572928,572.928000,0,17.785349249839783,0,1916.3216297616818,1916.3216297616818,0,1916.3216297616818,0,0.16003033863294885,0,3962.4494302373887,0,3962.2631799568062,0,128,acfe50677434784db0be66a350011acf47131220a14bb7194c93d841e29ad483,e2cad6bb37bbcfe0d64d085c7bb8b8b1f3ff128b6fe95e986933640edf63ff45,9909c9ecd3eb75cb3e83c999c647eea22f281a3782f51ebf1ff68057f0a7cde6,e5ed16235b17ebbe13f733cf044b54dbedea9ed7ca6eac7c788453812b712a12,e5ed16235b17ebbe13f733cf044b54dbedea9ed7ca6eac7c788453812b712a12,c5589689463cd76753accf5fc5173428a8c71f3d06db22572f8e3d7b398da2c3,c5589689463cd76753accf5fc5173428a8c71f3d06db22572f8e3d7b398da2c3,0,0,0,0,0,0,0,1.7578713595867157e-05,0.41477203369140625,0.011659758310997859,1.7578713595867157e-05,0.41477203369140625,0.011659758310997859,0,0,0.0001,64,64,0,6144.828964,1.706896934,19.87223562604413,399.72926912840262,87947.921050267687
ect.q256.schedule-switch-training-telemetry/v1,q256_fresh_crossed_switch_n12_matpool_numeric_recovery_v2,AB,A,B,477,q256_target_weight_v1,B,1.1000000000000001,1.1000000000000001,4477,4466,573056,573.056000,0,15.752487897872925,0,1518.3438888385203,1518.3438888385203,0,1518.3438888385203,0,0.15900556292640919,0,3962.4492725271275,0,3962.2632753138937,0,128,6f1d00545b0203a37aa72026d072a68a03817e121a56bc341427d9939f336cf3,6616e00738c0632a147f0aa8cd797822effe6980780ff80cf06798eca1b84457,00cd9fa5dc70e8c940749d04115f6a2564e9d21b1eeb52d6ff17daa964baa4e6,a263349ff6a1bb64e4fc43c64534f875775e063b65c658471c1cc591e4033427,a263349ff6a1bb64e4fc43c64534f875775e063b65c658471c1cc591e4033427,08d39e44f2f093322c5ef634e1a8ca4e497545b06128e6cbc694d196939b281f,08d39e44f2f093322c5ef634e1a8ca4e497545b06128e6cbc694d196939b281f,0,0,0,0,0,0,0,4.6414090320467949e-05,0.26272201538085938,0.014650162542238832,4.6414090320467949e-05,0.26272201538085938,0.014650162542238832,0,0,0.0001,64,64,0,6146.763290,1.707434247,19.871043742177587,405.57481307964622,87878.86593160007
ect.q256.schedule-switch-training-telemetry/v1,q256_fresh_crossed_switch_n12_matpool_numeric_recovery_v2,AB,A,B,478,q256_target_weight_v1,B,1.1000000000000001,1.1000000000000001,4478,4467,573184,573.184000,0,16.981995940208435,0,1599.3865578836703,1599.3865578836703,0,1599.3865578836703,0,0.16019272081300115,0,3962.4490892261647,0,3962.2633704868595,0,128,7ae9bbc74023664b77ea2afed3b3ddb5b96cac0797f143b806e15cf9de461539,227803cf09867a4e0fdb1cb25db9626ff732822bd067be4af5a94522c1d0bf51,269608836084fe3ed6496370c111d8cf0e617b1cd5bb4227aa04d12e141454d0,8d436fbbc96ce5e71186afce2231781d2f686af3922f181131f8350544e74d49,8d436fbbc96ce5e71186afce2231781d2f686af3922f181131f8350544e74d49,eea039eda7d9fd07e648c0fb06bb9016d8eb1a4896fbfd12bbcbb70fe154a7a1,eea039eda7d9fd07e648c0fb06bb9016d8eb1a4896fbfd12bbcbb70fe154a7a1,0,0,0,0,0,0,0,2.8575421310961246e-05,0.20151519775390625,0.012681917753070593,2.8575421310961246e-05,0.20151519775390625,0.012681917753070593,0,0,0.0001,64,64,0,6148.697100,1.707971417,19.869832162650948,412.89169826010482,87829.610373331438
ect.q256.schedule-switch-training-telemetry/v1,q256_fresh_crossed_switch_n12_matpool_numeric_recovery_v2,AB,A,B,479,q256_target_weight_v1,B,1.1000000000000001,1.1000000000000001,4479,4468,573312,573.312000,0,16.500912666320801,0,1693.6443978631164,1693.6443978631164,0,1693.6443978631164,0,0.15729841129921407,0,3962.4488354398627,0,3962.2634654304766,0,128,6872683bb8499f69751010f76ecd0b63194818ff1a2bc0b9b2d00f5c2dc0ef91,c32723f77efcd69cf234c611b462c758693ef9f29860b30bd212ba7d7eb3b0b9,852fe23319553daf9e3887cfed9e33c44cd9745c47f6ff07d38986cf2f3501f7,371f11ebfe825956770d321b2a342e66285e10e6c675419faaef68527903cad7,371f11ebfe825956770d321b2a342e66285e10e6c675419faaef68527903cad7,e42b893c520037dbaca969143c5c4d8c53fe959aed18b87fdbb20281f9538633,e42b893c520037dbaca969143c5c4d8c53fe959aed18b87fdbb20281f9538633,0,0,0,0,0,0,0,7.6421070843935013e-05,0.085231781005859375,0.010061009845230728,7.6421070843935013e-05,0.085231781005859375,0.010061009845230728,0,0,0.0001,64,64,0,6150.632926,1.708509146,19.868537345429072,409.45956030124887,87791.89576676843
ect.q256.schedule-switch-training-telemetry/v1,q256_fresh_crossed_switch_n12_matpool_numeric_recovery_v2,AB,A,B,480,q256_target_weight_v1,B,1.1000000000000001,1.1000000000000001,4480,4469,573440,573.440000,0,15.453630208969116,0,1401.5550376969034,1401.5550376969034,0,1401.5550376969034,0,0.15469580795519081,0,3962.4485599718141,0,3962.2635600580279,0,128,e5b9905df3b98413019acecdcd555b686b0233bb642052f151913acb5b77020a,274f7dad7961b677742c0367a66334f09dc4796f7baa570ca4405ed6d2007e70,f1d8f04e527e4f7e4644db7833b854c4d0903e0b1fd1b2f4eb07ca3f2f242677,b0bcf1a1dc11ca0e8a840427321f68ae0bb55d06c6bb71ef58334b039eafb8bf,b0bcf1a1dc11ca0e8a840427321f68ae0bb55d06c6bb71ef58334b039eafb8bf,1b023a09ef0763388998fdb28b834eb5ffe530bc75ab8fc2264e5a23bc54542d,1b023a09ef0763388998fdb28b834eb5ffe530bc75ab8fc2264e5a23bc54542d,0,0,0,0,0,0,0,3.2622599974274635e-05,0.10239219665527344,0.013100586249493062,3.2622599974274635e-05,0.10239219665527344,0.013100586249493062,0,0,0.0001,64,64,0,6152.571061,1.709047517,19.867271775288032,404.40202970549234,87728.721316030438
ect.q256.schedule-switch-training-telemetry/v1,q256_fresh_crossed_switch_n12_matpool_numeric_recovery_v2,AB,A,B,481,q256_target_weight_v1,B,1.1000000000000001,1.1000000000000001,4481,4470,573568,573.568000,0,16.361487507820129,0,2145.7431696654976,2145.7431696654976,0,2145.7431696654976,0,0.15961467948835373,0,3962.4483060928551,0,3962.2636544665656,0,128,3475cb35ec7c6e31de5f034ccb03e5500121ee26d5e0ed1db181ebaf45c746de,63c3ebe997fc01b632d65b8f1f57c035e5d1dc5bcc75c305a140ecda5bb8b08e,c19af7c9094cd6795664e7fb5eaa8d2d4129789173da391f3b27033cd6a3a267,21140cfc5739eff53c7697317f7fbd3ab7db03e73f24cfdcbf09c013e46c1327,21140cfc5739eff53c7697317f7fbd3ab7db03e73f24cfdcbf09c013e46c1327,3605bbd007bc03c8d7217e2b905410613bb2df8f8553b7ce0f6a5eeec6c72d30,3605bbd007bc03c8d7217e2b905410613bb2df8f8553b7ce0f6a5eeec6c72d30,0,0,0,0,0,0,0,5.6513119488954544e-05,0.5605010986328125,0.014345413248520344,5.6513119488954544e-05,0.5605010986328125,0.014345413248520344,0,0,0.0001,64,64,0,6154.507259,1.709585350,19.865968915612555,420.14625557942355,87727.831069200518
ect.q256.schedule-switch-training-telemetry/v1,q256_fresh_crossed_switch_n12_matpool_numeric_recovery_v2,AB,A,B,482,q256_target_weight_v1,B,1.1000000000000001,1.1000000000000001,4482,4471,573696,573.696000,0,14.606446862220764,0,1419.1359962264701,1419.1359962264701,0,1419.1359962264701,0,0.15423622261876263,0,3962.4480711003557,0,3962.2637486405224,0,128,a983f59e5f43068411e5ba8a71d25cc5cee0282c0cd39169ca689ba250fcb85d,0d8af9891c73e469de45ed1d33403af7fcc093ac81cae7941348c39bf74d4a20,afa4a6341a8f46303d16c7ba42a5a60a25ce894f53470e50bd9f33493edf0175,a0cf855f7cac8a59c15819d2665f6ce80f55adf4b5d2aae807498e710878bd05,a0cf855f7cac8a59c15819d2665f6ce80f55adf4b5d2aae807498e710878bd05,a28e5874c2f816ad11b62af3cba58c0bf9e05c7f2729820aff048eb5ac9b8baf,a28e5874c2f816ad11b62af3cba58c0bf9e05c7f2729820aff048eb5ac9b8baf,0,0,0,0,0,0,0,0.0002867458388209343,0.749237060546875,0.023134840303100646,0.0002867458388209343,0.749237060546875,0.023134840303100646,0,0,0.0001,64,64,0,6156.443168,1.710123102,19.86456559158108,396.38817831696764,87677.59151733997
ect.q256.schedule-switch-training-telemetry/v1,q256_fresh_crossed_switch_n12_matpool_numeric_recovery_v2,AB,A,B,483,q256_target_weight_v1,B,1.1000000000000001,1.1000000000000001,4483,4472,573824,573.824000,0,15.644300103187561,0,1841.700580486465,1841.700580486465,0,1841.700580486465,0,0.15366391183240505,0,3962.4478352598803,0,3962.2638426001236,0,128,17c1b80634a71afc5d5333e951fecd32869503d77147266253e1bc0ca7d211e0,361a2b5008bd045edf09077737c862257b939740853bb3365681228f25917e4d,f8c37f022a272c3e32cca1f191071f4cdc34367dc1ef312c496aa1603825d3ad,525975069beb6b6de17cec9d6e4a344286dba24208f49dfe7db9d219027b31cc,525975069beb6b6de17cec9d6e4a344286dba24208f49dfe7db9d219027b31cc,38d31cbaaba55cd2c593c3cf975d44ae72f3b52177f76c763842aefd523405b6,38d31cbaaba55cd2c593c3cf975d44ae72f3b52177f76c763842aefd523405b6,0,0,0,0,0,0,0,4.9001770094037056e-05,0.8230133056640625,0.017837821564171463,4.9001770094037056e-05,0.8230133056640625,0.017837821564171463,0,0,0.0001,64,64,0,6158.381471,1.710661520,19.863583140371514,400.70194124220569,87636.419226385464
ect.q256.schedule-switch-training-telemetry/v1,q256_fresh_crossed_switch_n12_matpool_numeric_recovery_v2,AB,A,B,484,q256_target_weight_v1,B,1.1000000000000001,1.1000000000000001,4484,4473,573952,573.952000,0,14.262236952781677,0,2006.8651413401246,2006.8651413401246,0,2006.8651413401246,0,0.15502097058888697,0,3962.447679066956,0,3962.2639364189076,0,128,f88f3d86732955629d8843e068752cb7a9afabc050771c3f6ef34f39a71c292b,bc93607e2a2d60fdd2725ddd44d166869abbfed073ae81a042b18b957d5681be,da99e5f25a8feedd6573dd0b0e9c603e8f1f1c0a0ae04582d764c5f2b153abc7,433ba634e0e41549db6167bebc033870f07b55be03c72cdcdfbddabc1cabf856,433ba634e0e41549db6167bebc033870f07b55be03c72cdcdfbddabc1cabf856,c569e5271f0eab1d54ffe603bbfd1c59079d52ca9f344f081d18a0aa59efc134,c569e5271f0eab1d54ffe603bbfd1c59079d52ca9f344f081d18a0aa59efc134,0,0,0,0,0,0,0,6.8708555772900581e-05,0.18332672119140625,0.014043175266124308,6.8708555772900581e-05,0.18332672119140625,0.014043175266124308,0,0,0.0001,64,64,0,6160.317702,1.711199362,19.862153941741976,393.91640257664284,87643.782844877875
ect.q256.schedule-switch-training-telemetry/v1,q256_fresh_crossed_switch_n12_matpool_numeric_recovery_v2,AB,A,B,485,q256_target_weight_v1,B,1.1000000000000001,1.1000000000000001,4485,4474,574080,574.080000,0,17.37650203704834,0,2535.0896502757337,2535.0896502757337,0,2535.0896502757337,0,0.16069479332478806,0,3962.4475932049381,0,3962.264030148197,0,128,dde7b3f5e67e02ecc0f60d467e019a346eb23ce6319395431f0f901831d23563,40febcf9612161ad050d594abffbf020a8c376b889eeeaae056b6366c4716e13,100c31bef5f21cf8b65f2df4ba5870e89f084b534c5f0404b4ce0fd3f1083e33,f5bbceafbe1e0ebee3a1fea728ee91f3f4ef0401582597b94eb2ad63a7c4c09c,f5bbceafbe1e0ebee3a1fea728ee91f3f4ef0401582597b94eb2ad63a7c4c09c,c3e8f03965e0522e98702af7cad45d4e3d9f4fc150129556c0d119d4cff9139e,c3e8f03965e0522e98702af7cad45d4e3d9f4fc150129556c0d119d4cff9139e,0,0,0,0,0,0,0,1.8867955077439547e-05,0.11586189270019531,0.011564321001060307,1.8867955077439547e-05,0.11586189270019531,0.011564321001060307,0,0,0.0001,64,64,0,6162.253479,1.711737078,19.860305274140945,474.57376855705974,87721.113474096128
ect.q256.schedule-switch-training-telemetry/v1,q256_fresh_crossed_switch_n12_matpool_numeric_recovery_v2,AB,A,B,486,q256_target_weight_v1,B,1.1000000000000001,1.1000000000000001,4486,4475,574208,574.208000,0,15.14970338344574,0,1859.840928347018,1859.840928347018,0,1859.840928347018,0,0.1631522192501059,0,3962.4475270540629,0,3962.2641237783323,0,128,cb0fd33e839ab5d62740f4893c048812268b48f477753863c2dcaa411a09c0aa,e545f6e67f6ee563e7e3c12a5a4bee4012dc6bb2f8ef32590d654f70eb63da76,d386e1109b25090f62cc3d1a8abf8184d99b88cd5a37e2b8b8d0bdd5eee9558e,c89db1b864a1976a98e40fe50148b8e803e608e15545de0793a5d2acd73e04d5,c89db1b864a1976a98e40fe50148b8e803e608e15545de0793a5d2acd73e04d5,7c98db113d960d2b262e14557e7bbae2c483c66f1292318b8682afd225f3ed21,7c98db113d960d2b262e14557e7bbae2c483c66f1292318b8682afd225f3ed21,0,0,0,0,0,0,0,1.1816620826721191e-05,0.07100677490234375,0.011358451331034303,1.1816620826721191e-05,0.07100677490234375,0.011358451331034303,0,0,0.0001,64,64,0,6164.197198,1.712277000,19.858402729087654,531.79729737645891,87694.781347900804
ect.q256.schedule-switch-training-telemetry/v1,q256_fresh_crossed_switch_n12_matpool_numeric_recovery_v2,AB,A,B,487,q256_target_weight_v1,B,1.1000000000000001,1.1000000000000001,4487,4476,574336,574.336000,0,17.880958795547485,0,2026.5530351351263,2026.5530351351263,0,2026.5530351351263,0,0.1621471685665743,0,3962.4475730534018,0,3962.2642173542072,0,128,0f1952badbf30728af0d859527afdfa89cf8850faf1523f5b6a21a91593af7ce,5c693179e56aa0bd75290d68b4e3c1a78dfcc480a6662ab07a524fb8565c503e,baaa1aec23c2bb3a02ffc1334ef3a4becb652171e37218bdc653edff3348ba7e,f2a98397d0e4cb5839a4d13d4247c3b1a3f9deb5d8266dce3608083023bdf2bc,f2a98397d0e4cb5839a4d13d4247c3b1a3f9deb5d8266dce3608083023bdf2bc,3f8288a7a29f8f03475af3390378173af91aa7f03820715d28d9cdb472375d64,3f8288a7a29f8f03475af3390378173af91aa7f03820715d28d9cdb472375d64,0,0,0,0,0,0,0,1.501420047134161e-05,0.11953926086425781,0.0090414641890674829,1.501420047134161e-05,0.11953926086425781,0.0090414641890674829,0,0,0.0001,64,64,0,6166.137480,1.712815967,19.856838935407687,442.87814930744406,87686.059577478023
ect.q256.schedule-switch-training-telemetry/v1,q256_fresh_crossed_switch_n12_matpool_numeric_recovery_v2,AB,A,B,488,q256_target_weight_v1,B,1.1000000000000001,1.1000000000000001,4488,4477,574464,574.464000,0,16.206758975982666,0,2158.5057698297064,2158.5057698297064,0,2158.5057698297064,0,0.1646212344779617,0,3962.4477533920772,0,3962.2643109934188,0,128,21363f34db841ea250e41715de82b0016ece1a3c912029272f950781ecea5c1b,f8a8ac755541adeb7d98358691432c182dd3b96fd25b81b4b84ff8b2bc9b929c,7e694f4335ac9571239057d01488ca563c8c5042917ef18e3adc15daebbefebd,6b542c6cc735077983d2a343c8612c083d4f0ad2d04f05f3c84cc31abee4e094,6b542c6cc735077983d2a343c8612c083d4f0ad2d04f05f3c84cc31abee4e094,3b88f936ae7e3bfc9162c1bf667456d4be1ca4de112b7f5e3f477607c73c9d9c,3b88f936ae7e3bfc9162c1bf667456d4be1ca4de112b7f5e3f477607c73c9d9c,0,0,0,0,0,0,0,2.5765970349311829e-05,0.32965850830078125,0.016548643819987774,2.5765970349311829e-05,0.32965850830078125,0.016548643819987774,0,0,0.0001,64,64,0,6168.071065,1.713353074,19.856218116224007,412.61391159720841,87654.031784874969
ect.q256.schedule-switch-training-telemetry/v1,q256_fresh_crossed_switch_n12_matpool_numeric_recovery_v2,AB,A,B,489,q256_target_weight_v1,B,1.1000000000000001,1.1000000000000001,4489,4478,574592,574.592000,0,16.524100780487061,0,1357.7979847763568,1357.7979847763568,0,1357.7979847763568,0,0.15864181638167862,0,3962.4480626103596,0,3962.2644047560848,0,128,8b0c24a37b9de488c9c493fc4137de575b0cdb80733e474c7c9f2d4f07628639,11ac1618be4b1050d367be508935956572b23bc34daf3dbaad0c5ebebe227c13,1ae0e75dc385eaae58a80b13b1fad14061696fa1ba2a835393e1795d4594a362,95830f48d7cbf8c083a2dc5c37c55963852e5123fcff569a11d7073145fc47e6,95830f48d7cbf8c083a2dc5c37c55963852e5123fcff569a11d7073145fc47e6,fc50cfb2ffcf1aa1909cde70400fb993bc3d432e79495a130e3e8bc723f906f4,fc50cfb2ffcf1aa1909cde70400fb993bc3d432e79495a130e3e8bc723f906f4,0,0,0,0,0,0,0,6.1331316828727722e-05,0.10520362854003906,0.010222423123195767,6.1331316828727722e-05,0.10520362854003906,0.010222423123195767,0,0,0.0001,64,64,0,6170.002943,1.713889706,19.855415640024049,393.09259111363082,87599.564701877563
ect.q256.schedule-switch-training-telemetry/v1,q256_fresh_crossed_switch_n12_matpool_numeric_recovery_v2,AB,A,B,490,q256_target_weight_v1,B,1.1000000000000001,1.1000000000000001,4490,4479,574720,574.720000,0,16.267189860343933,0,1660.2238930380402,1660.2238930380402,0,1660.2238930380402,0,0.15245519933324794,0,3962.4484294259332,0,3962.2644986890764,0,128,3b7c663c2f415f8870b3cf4b81453275f54f81ff60f65533c367a2da598ef4a8,cf3d76047f7ef5c0aa4f963e0746638e0b8cfbea3045268d1587cc2d45f672f1,e2db9cd47f146d07cc6e4c1ad90d015f94481709eb7224a03b25919a7b5f3224,778681868ba3c865bed02995998f897664479699ac841ae8c4fa9b0cc732aafe,778681868ba3c865bed02995998f897664479699ac841ae8c4fa9b0cc732aafe,e1ad793075337e7b2d11b599e12848f1b33f4d30f1747daeb30fe448f51a5aa8,e1ad793075337e7b2d11b599e12848f1b33f4d30f1747daeb30fe448f51a5aa8,0,0,0,0,0,0,0,4.5187771320343018e-05,0.26841354370117188,0.014636128558777273,4.5187771320343018e-05,0.26841354370117188,0.014636128558777273,0,0,0.0001,64,64,0,6171.936117,1.714426699,19.854808989025589,385.11870736919866,87589.367262601532
ect.q256.schedule-switch-training-telemetry/v1,q256_fresh_crossed_switch_n12_matpool_numeric_recovery_v2,AB,A,B,491,q256_target_weight_v1,B,1.1000000000000001,1.1000000000000001,4491,4480,574848,574.848000,0,16.211671948432922,0,1782.5961789614441,1782.5961789614441,0,1782.5961789614441,0,0.15041443270696536,0,3962.4488616459398,0,3962.2645928514216,0,128,1e08bf60502da13b5e6101242b88b502601f4326d4bc515e148a62f57536be1d,5f9e0977e00699bed77eb5c990e6470b1394fb73a5a0c8c5c66e3bbde30b2ddf,177d442bb1cdea89a6174f0008d85e811b1da387c92931026577aa03ecda863a,4c8420cb79d75706c6ebb47606b27c9a5d38bf424bd0bbf688b21c70895dd7d9,4c8420cb79d75706c6ebb47606b27c9a5d38bf424bd0bbf688b21c70895dd7d9,f3c591c37c88c7f354e9685e7e4934118ce34773ae3234e3f925358e535fe171,f3c591c37c88c7f354e9685e7e4934118ce34773ae3234e3f925358e535fe171,0,0,0,0,0,0,0,4.4351676478981972e-05,0.13362312316894531,0.012199827353470027,4.4351676478981972e-05,0.13362312316894531,0.012199827353470027,0,0,0.0001,64,64,0,6173.874780,1.714965217,19.854569528883573,429.96099001397243,87584.512956748746
ect.q256.schedule-switch-training-telemetry/v1,q256_fresh_crossed_switch_n12_matpool_numeric_recovery_v2,AB,A,B,492,q256_target_weight_v1,B,1.1000000000000001,1.1000000000000001,4492,4481,574976,574.976000,0,16.376214623451233,0,2018.5071642834143,2018.5071642834143,0,2018.5071642834143,0,0.14871529823740751,0,3962.4493396264011,0,3962.2646872971177,0,128,e15e73b9e59222f5c6fe16e6b8132fc93fb686e46ec8d9300978e3ae84f7f48e,e586d52a87d085e18c443bb3ea114a253bc7a1c7e10091b26dfc7377ad78e2c4,a7f0c14b4ac0d1551829e4e72b2e5c1b578b2042682e8f845b80f3731525b58c,c18fea0e5168632f001a7ac59e11d4ff79104f7021376176fbb157cd46b12570,c18fea0e5168632f001a7ac59e11d4ff79104f7021376176fbb157cd46b12570,f293193dd2e38df64419ca3d3f32923c748e9df07308406a440bdbb6c1fd938c,f293193dd2e38df64419ca3d3f32923c748e9df07308406a440bdbb6c1fd938c,0,0,0,0,0,0,0,6.186007522046566e-05,4.01971435546875,0.04102398338727653,6.186007522046566e-05,4.01971435546875,0.04102398338727653,0,0,0.0001,64,64,0,6175.811334,1.715503148,19.854107075161167,495.90450706221583,87593.234478139726
ect.q256.schedule-switch-training-telemetry/v1,q256_fresh_crossed_switch_n12_matpool_numeric_recovery_v2,AB,A,B,493,q256_target_weight_v1,B,1.1000000000000001,1.1000000000000001,4493,4482,575104,575.104000,0,17.187793374061584,0,1572.173709357445,1572.173709357445,0,1572.173709357445,0,0.15108225512330392,0,3962.4497732215614,0,3962.2647819948352,0,128,09d0d0862b4ce8f2ed47159d4d3b9c01e725c59a9937041ab41ca9f6c572c396,8256debdc2476bc4220cecc9707af56392148c01a07c08b46a0d4eb91fef1b60,6e5b98c2a76de3333489f79be05f1ad47e8e8804e7c55138d271da5996c8ab30,cd13b0c1700292b01f2b9f9d2ae61ca15fb14aff4655da08c77ba8e298decbf6,cd13b0c1700292b01f2b9f9d2ae61ca15fb14aff4655da08c77ba8e298decbf6,bc370b7ceff030223a08dbe20159035db4f537c9367a8f72d6b389eeb0a4848b,bc370b7ceff030223a08dbe20159035db4f537c9367a8f72d6b389eeb0a4848b,0,0,0,0,0,0,0,1.2551434338092804e-05,0.43529510498046875,0.017235181352589279,1.2551434338092804e-05,0.43529510498046875,0.017235181352589279,0,0,0.0001,64,64,0,6177.746036,1.716040565,19.853331120765034,508.09307242129285,87538.908185976485
ect.q256.schedule-switch-training-telemetry/v1,q256_fresh_crossed_switch_n12_matpool_numeric_recovery_v2,AB,A,B,494,q256_target_weight_v1,B,1.1000000000000001,1.1000000000000001,4494,4483,575232,575.232000,0,17.223726630210876,0,2263.7607074662333,2263.7607074662333,0,2263.7607074662333,0,0.15788054824732506,0,3962.4501617429119,0,3962.264876910061,0,128,98e65a7eef177b00592f65bc19e05d2ca1f53abed05196a773eefa338892ebba,94bfb01c366f95988166aa1f7e17d77b618cb3ed30e646db4796f3ea9377fbe3,c91e06c5c38f3e1642e42f6d07a9207483593f35124f15a99cfc6ad97d50598d,cb5b3e875c9e8c2e1504c937c1fbf05766829aca027df1713111fbe815d37c93,cb5b3e875c9e8c2e1504c937c1fbf05766829aca027df1713111fbe815d37c93,18117a527e81d40652684cdff42b55fc8a502c69a18f9f23001c4809437f2719,18117a527e81d40652684cdff42b55fc8a502c69a18f9f23001c4809437f2719,0,0,0,0,0,0,0,8.6875632405281067e-05,0.39052581787109375,0.015334303141571581,8.6875632405281067e-05,0.39052581787109375,0.015334303141571581,0,0,0.0001,64,64,0,6179.707332,1.716585370,19.852258339089904,466.53023461607654,87516.540993105911
ect.q256.schedule-switch-training-telemetry/v1,q256_fresh_crossed_switch_n12_matpool_numeric_recovery_v2,AB,A,B,495,q256_target_weight_v1,B,1.1000000000000001,1.1000000000000001,4495,4484,575360,575.360000,0,14.864956736564636,0,1987.348682919335,1987.348682919335,0,1987.348682919335,0,0.16389071013008025,0,3962.4504383169028,0,3962.2649719674614,0,128,99c909560a84847e2ace80e3e448a0e32da2748d9b3b7b3ff83c9f2eb7ce1768,9c28bce75b598ec32a0fa815b2d6e9628a24478f4124aad5bb4b6efbf65121a7,868a9acb2a86df065e76a3100e61579baffd3f563bce016430ebaac440cd3225,34c601267075cb6088005a68a268964e449d02e3b30c35bdc6a1f980d13efbd4,34c601267075cb6088005a68a268964e449d02e3b30c35bdc6a1f980d13efbd4,fa93e7780f6c1c8c3e971c96c6e56d2aa74ac1e6cbd6e5bb925df67105e92ecc,fa93e7780f6c1c8c3e971c96c6e56d2aa74ac1e6cbd6e5bb925df67105e92ecc,0,0,0,0,0,0,0,3.2691750675439835e-05,0.37061309814453125,0.014436517609283328,3.2691750675439835e-05,0.37061309814453125,0.014436517609283328,0,0,0.0001,64,64,0,6181.642467,1.717122907,19.850918145740387,449.83077584305011,87485.159918422796
ect.q256.schedule-switch-training-telemetry/v1,q256_fresh_crossed_switch_n12_matpool_numeric_recovery_v2,AB,A,B,496,q256_target_weight_v1,B,1.1000000000000001,1.1000000000000001,4496,4485,575488,575.488000,0,16.459816336631775,0,1602.165569228503,1602.165569228503,0,1602.165569228503,0,0.1594851994094168,0,3962.4505658608723,0,3962.2650670322855,0,128,00def9adf9e095dd764baf757244c0dd19cd2b98a6249fb648a2af1aa5f74ede,eea308d18db8316a1dbcb23602085fa43af8bc007e04249a819aa2ffcaa35ab8,13462abc33b44fd3c1ee25eb6c95498f69f4e23018cffbd1fc553d886dcf927b,bb4c4ba6ff987dc4973a9e045c86eaec0f162d7730daf18f634f54c622c0dc20,bb4c4ba6ff987dc4973a9e045c86eaec0f162d7730daf18f634f54c622c0dc20,53239536e063d064507d54319044b1988a015f26b1a32ac46e50ebd851578075,53239536e063d064507d54319044b1988a015f26b1a32ac46e50ebd851578075,0,0,0,0,0,0,0,4.3844105675816536e-05,0.24834060668945312,0.010796634363941848,4.3844105675816536e-05,0.24834060668945312,0.010796634363941848,0,0,0.0001,64,64,0,6183.580058,1.717661127,19.849669420126641,394.91383228943965,87455.448486844311
ect.q256.schedule-switch-training-telemetry/v1,q256_fresh_crossed_switch_n12_matpool_numeric_recovery_v2,AB,A,B,497,q256_target_weight_v1,B,1.1000000000000001,1.1000000000000001,4497,4486,575616,575.616000,0,17.01687228679657,0,2631.4655980062871,2631.4655980062871,0,2631.4655980062871,0,0.16222646802778384,0,3962.450623925848,0,3962.2651621093596,0,128,b3c35b249eea7a197b807296b068faad14ffbf2ed4f4abc9ff7dce21577dc273,f39ec5ab93cef1757f374ee31b530c10d0e33648c376b47b31aa7fd99bd579b4,cabcd5e3106af800c5caf3b2837f78112bb97dc5aa7ba67d086c2ae745a01dc5,9cbabc2c913702afb7b706a29e5376874f158ef0032b1514862ac0b8be0be17c,9cbabc2c913702afb7b706a29e5376874f158ef0032b1514862ac0b8be0be17c,d322dcbea0843f70e166508e8989148b1ccefd80912224d39a82828cd0dc69f9,d322dcbea0843f70e166508e8989148b1ccefd80912224d39a82828cd0dc69f9,0,0,0,0,0,0,0,2.581719309091568e-05,0.069982528686523438,0.0094821994425728917,2.581719309091568e-05,0.069982528686523438,0.0094821994425728917,0,0,0.0001,64,64,0,6185.515335,1.718198704,19.847888418940563,398.69426936035126,87534.323186310736
ect.q256.schedule-switch-training-telemetry/v1,q256_fresh_crossed_switch_n12_matpool_numeric_recovery_v2,AB,A,B,498,q256_target_weight_v1,B,1.1000000000000001,1.1000000000000001,4498,4487,575744,575.744000,0,16.065040111541748,0,1950.5475813217677,1950.5475813217677,0,1950.5475813217677,0,0.16189757375349234,0,3962.4505964881837,0,3962.2652570471409,0,128,4706a649af864e113786d7769d829f0802627a741daf378c4377cc4ad6b3b168,cbc5d22c6a29c90a91e02cc3583727b87afe7123644fa6ac47ceeb06ea86f82c,eb7694f160a48ea15b39a9f9706b1a27907fdbd6d83087d06008e22aa864fc10,3915b8f91291e927f325028217e61db46406e2fc7187003cae553730bf19f85e,3915b8f91291e927f325028217e61db46406e2fc7187003cae553730bf19f85e,2e6373d4068a8c6c6f4a5549feec6e81e4b1e0d6868800589aa68122cfca77e7,2e6373d4068a8c6c6f4a5549feec6e81e4b1e0d6868800589aa68122cfca77e7,0,0,0,0,0,0,0,3.0413386411964893e-05,0.14959335327148438,0.01219391287304461,3.0413386411964893e-05,0.14959335327148438,0.01219391287304461,0,0,0.0001,64,64,0,6187.479173,1.718744215,19.846539693637254,378.51799813111353,87509.735567221913
ect.q256.schedule-switch-training-telemetry/v1,q256_fresh_crossed_switch_n12_matpool_numeric_recovery_v2,AB,A,B,499,q256_target_weight_v1,B,1.1000000000000001,1.1000000000000001,4499,4488,575872,575.872000,0,17.037164926528931,0,1705.155309575553,1705.155309575553,0,1705.155309575553,0,0.1603692546182455,0,3962.4504931007268,0,3962.2653518585571,0,128,3ca4cc6cdf6b8fbed6f870bff5120c6548fa1ffa586fb97d38fce48a939280df,d7e65676be6935a47bb127c8ebbb303a753ce0465ca33e5e8b709da8911f7e7f,8bcbb22409579cda51422a1c06fa656336d167500ea601b755708d3b76c10f97,d743d930fa9714fb958afc70c82b6fc7e937faf138b84dba8cb0c7a9257dfb22,d743d930fa9714fb958afc70c82b6fc7e937faf138b84dba8cb0c7a9257dfb22,a492b73f3bea77feb6513bf7bf429f93cb66ec047de241a58f5a16f3031773eb,a492b73f3bea77feb6513bf7bf429f93cb66ec047de241a58f5a16f3031773eb,0,0,0,0,0,0,0,2.6455149054527283e-05,0.20049667358398438,0.013459700800012797,2.6455149054527283e-05,0.20049667358398438,0.013459700800012797,0,0,0.0001,64,64,0,6189.467134,1.719296426,19.84517789352201,379.44757921732264,87477.414604945603
ect.q256.schedule-switch-training-telemetry/v1,q256_fresh_crossed_switch_n12_matpool_numeric_recovery_v2,AB,A,B,500,q256_target_weight_v1,B,1.1000000000000001,1.1000000000000001,4500,4489,576000,576.000000,0,15.030075073242188,0,2748.8324119119125,2748.8324119119125,0,2748.8324119119125,0,0.16541180266255506,0,3962.4503437173539,0,3962.2654465019223,0,128,bfbcc6e6e5cda6a375578097992b29a689cea9e054d4f081d4499dc099a8dc54,47754ab0b3f2c30fa20fc658fd9706f3148e43d154d57aacbb168595274b0610,94408b01f6a1024aadaeeb1dba4744ac332e5dc323202c7a426727cec1beed78,d8c1fffc3174b049409bbae62a4e609940bbfac1055e25c51dd1ebde7b939b68,d8c1fffc3174b049409bbae62a4e609940bbfac1055e25c51dd1ebde7b939b68,a38f9adf6a83cc86e24bb5ca50b15fbfbb500d152b4f80364a9b8627707e37a6,a38f9adf6a83cc86e24bb5ca50b15fbfbb500d152b4f80364a9b8627707e37a6,0,0,0,0,0,0,0,7.3086703196167946e-05,0.554931640625,0.016722672036848962,7.3086703196167946e-05,0.554931640625,0.016722672036848962,0,0,0.0001,64,64,0,6191.431726,1.719842146,19.843896687138155,389.60231348654065,87604.274656569876
ect.q256.schedule-switch-training-telemetry/v1,q256_fresh_crossed_switch_n12_matpool_numeric_recovery_v2,AB,A,B,501,q256_target_weight_v1,B,1.1000000000000001,1.1000000000000001,4501,4490,576128,576.128000,0,15.471765279769897,0,1728.4674225564315,1728.4674225564315,0,1728.4674225564315,0,0.16044388905573234,0,3962.4501237685395,0,3962.2655408878313,0,128,e3a33ca3d91346c8b4d8bcb09f775dd2f4e72fcd0f01ec2347de08079b151c53,7c334eb7484d7d8cb7e688166275c7fe30b25104bf0213ec070a2aa1e57b69c1,0ce80926638fe817dc3da5d8f734d432f56e9b77394759d031b906daa8236e49,64d343161c4b82b98a31d7648ce82e5b219e9aa0cd03b651e6a96125a727e926,64d343161c4b82b98a31d7648ce82e5b219e9aa0cd03b651e6a96125a727e926,8754e4a3948d56554c1e7db86249f4ed80b6282b6a30348a92e1331a2246274f,8754e4a3948d56554c1e7db86249f4ed80b6282b6a30348a92e1331a2246274f,0,0,0,0,0,0,0,6.6204695031046867e-05,0.7658843994140625,0.017124867998063564,6.6204695031046867e-05,0.7658843994140625,0.017124867998063564,0,0,0.0001,64,64,0,6193.366868,1.720379686,19.842700987166371,397.452275684938,87569.450966026896
ect.q256.schedule-switch-training-telemetry/v1,q256_fresh_crossed_switch_n12_matpool_numeric_recovery_v2,AB,A,B,502,q256_target_weight_v1,B,1.1000000000000001,1.1000000000000001,4502,4491,576256,576.256000,0,15.770702123641968,0,2258.7527711731132,2258.7527711731132,0,2258.7527711731132,0,0.16846739280485926,0,3962.4498608454637,0,3962.2656350502789,0,128,413a1270bd077f68f38a138426e40ace7ac181cd84d3ea5af16891fe503d2c05,c2d0519d73ef6176b2bc427316748d1bcca4a7050c51e944ebcecda576b097be,71185ea122be8bd632302e2baec6beebf3a7497d3b9731e91519f14b83f29b7a,b13fe67a8bc97a021cbecbf7a6ba7836fd80d8a08125adeb6b1e36a75d72c86a,b13fe67a8bc97a021cbecbf7a6ba7836fd80d8a08125adeb6b1e36a75d72c86a,9d18fdd76c69a3f0b8c5d1847f95d9140a199575f044ccafe2ad7207dddc8c3c,9d18fdd76c69a3f0b8c5d1847f95d9140a199575f044ccafe2ad7207dddc8c3c,0,0,0,0,0,0,0,7.8161829151213169e-06,0.3759765625,0.013170335325412452,7.8161829151213169e-06,0.3759765625,0.013170335325412452,0,0,0.0001,64,64,0,6195.307910,1.720918864,19.841278696198991,458.957361481041,87566.788091898503
ect.q256.schedule-switch-training-telemetry/v1,q256_fresh_crossed_switch_n12_matpool_numeric_recovery_v2,AB,A,B,503,q256_target_weight_v1,B,1.1000000000000001,1.1000000000000001,4503,4492,576384,576.384000,0,15.92969024181366,0,1412.7914581375301,1412.7914581375301,0,1412.7914581375301,0,0.16349264572029315,0,3962.4496086860299,0,3962.2657289901822,0,128,af1c1297e855c1eaab1772f4f70e8978d6beae88ce970c0b3d1d9f467dbc0291,11deb3738ff500669e7fa1c29def97deb838453aade2f61b27e2cfe7d2274713,b4d277e09191dedacc69a14ce5c80fe63da6454d28655ec5d6cbaf63ed8d0c64,dcfa6d872e7b7bab8215a9debcbac7e186d8f8ac1052bb48f8fa34544a1c32a2,dcfa6d872e7b7bab8215a9debcbac7e186d8f8ac1052bb48f8fa34544a1c32a2,479e07c944b83cb12742178d851c4b70bc6dd01b50fc4e7f5d04dbe67246b6d4,479e07c944b83cb12742178d851c4b70bc6dd01b50fc4e7f5d04dbe67246b6d4,0,0,0,0,0,0,0,6.963685154914856e-05,0.70416259765625,0.016224703867919743,6.963685154914856e-05,0.70416259765625,0.016224703867919743,0,0,0.0001,64,64,0,6197.243761,1.721456600,19.839996142115922,468.38152776466939,87508.442267413353
ect.q256.schedule-switch-training-telemetry/v1,q256_fresh_crossed_switch_n12_matpool_numeric_recovery_v2,AB,A,B,504,q256_target_weight_v1,B,1.1000000000000001,1.1000000000000001,4504,4493,576512,576.512000,0,15.672737836837769,0,1407.5768758573972,1407.5768758573972,0,1407.5768758573972,0,0.15845005769367615,0,3962.4494237045415,0,3962.265822764889,0,128,52362d1f25a45e3c07c1eff752a798a2acf6d011ad5187340850ddc29f1f45d5,82876f5f37d327ff0f80d3aec35a148bd791ec41073ffe0cc58d638f02363d32,2f360b50f70d0da2c1ff74ab63e530bfb2f408065186b520123350ec882a4c7a,6317025208ed2d0ee9cf6be6d66e4d6b05d1c7ac4e883986e63b2ceb3a0b5b57,6317025208ed2d0ee9cf6be6d66e4d6b05d1c7ac4e883986e63b2ceb3a0b5b57,726d6d96cb3236dcf1031d05e0993afc20c9950cb1d08fd9ffdb42b5647aeab3,726d6d96cb3236dcf1031d05e0993afc20c9950cb1d08fd9ffdb42b5647aeab3,0,0,0,0,0,0,0,0.00010143127292394638,0.23779296875,0.01237298478372395,0.00010143127292394638,0.23779296875,0.01237298478372395,0,0,0.0001,64,64,0,6199.183058,1.721995294,19.83856322043972,478.3632178400668,87453.125178219183
ect.q256.schedule-switch-training-telemetry/v1,q256_fresh_crossed_switch_n12_matpool_numeric_recovery_v2,AB,A,B,505,q256_target_weight_v1,B,1.1000000000000001,1.1000000000000001,4505,4494,576640,576.640000,0,16.621942162513733,0,1628.333543960317,1628.333543960317,0,1628.333543960317,0,0.15614504370379581,0,3962.4492864189751,0,3962.265916382175,0,128,2fd53e7df14c0e953df7d738685f866085cc2a433c0f11cb537738d13ddc7090,7283812e4543f8a8ec174fa45f84888e6579627af1746c1d4d5f5de2db9e6379,9250e5337ed635ef6e2bd1e79bc577b7de80f57228d22577fb0ec5f81485250e,1a5b43945bb94b4ef2134ef1f8bbfb6a3d745351e3fd243874583a75e57fcbdd,1a5b43945bb94b4ef2134ef1f8bbfb6a3d745351e3fd243874583a75e57fcbdd,73972baaf289ed22778b878b66d579f6aa22c280ed017c4d7bbed4127768782c,73972baaf289ed22778b878b66d579f6aa22c280ed017c4d7bbed4127768782c,0,0,0,0,0,0,0,6.3028885051608086e-05,0.62481689453125,0.013195287669077516,6.3028885051608086e-05,0.62481689453125,0.013195287669077516,0,0,0.0001,64,64,0,6201.125576,1.722534882,19.836611415118579,462.57894951078623,87397.396298092775
ect.q256.schedule-switch-training-telemetry/v1,q256_fresh_crossed_switch_n12_matpool_numeric_recovery_v2,AB,A,B,506,q256_target_weight_v1,B,1.1000000000000001,1.1000000000000001,4506,4495,576768,576.768000,0,16.996320605278015,0,2124.7889866329315,2124.7889866329315,0,2124.7889866329315,0,0.15758526525982208,0,3962.4492222945228,0,3962.2660098919691,0,128,06122023fffad1a18fc32b8d5a7089e9da8e2a0a0e5d70ec105eaf7775c2e903,131bc503779918b3c02c5f9dd06ef49bbb0ad5d0621aa20e9c2e3af89b0981f9,639ff7cf6a6ac100f146d512163cbbe03882533a8c69789db1ed5a514c550346,47dcc48989a71627447b59e3a87b9e38cd7c8ade8a97d225b2c11c670729c2bf,47dcc48989a71627447b59e3a87b9e38cd7c8ade8a97d225b2c11c670729c2bf,0b9d47bbcbd9b8244f4b563066b726c3f8b8fb808b4cf922c613aa06a931a54b,0b9d47bbcbd9b8244f4b563066b726c3f8b8fb808b4cf922c613aa06a931a54b,0,0,0,0,0,0,0,5.0597358494997025e-05,0.62060546875,0.015595490171108395,5.0597358494997025e-05,0.62060546875,0.015595490171108395,0,0,0.0001,64,64,0,6203.068685,1.723074635,19.834709538625255,410.25785738947627,87395.375222783725
ect.q256.schedule-switch-training-telemetry/v1,q256_fresh_crossed_switch_n12_matpool_numeric_recovery_v2,AB,A,B,507,q256_target_weight_v1,B,1.1000000000000001,1.1000000000000001,4507,4496,576896,576.896000,0,16.673215985298157,0,1745.8872860641857,1745.8872860641857,0,1745.8872860641857,0,0.15498938556304298,0,3962.4492620789197,0,3962.2661033961563,0,128,653889cde3e3d9d123fd99ac68e5c11dacc684cafc06a4ff5be8581175a5c8bc,a5cfd717fe16997fb8acd0678e6c19818460ff16e996a77e1a70382155b666de,c510ce930361bd3e0ce8ea5aeb88f83396160b36e7ecb80f41222115668b60ae,ce237743508563c26d6e50f203e841bab36bed6db3abdbb8f76f987b03648147,ce237743508563c26d6e50f203e841bab36bed6db3abdbb8f76f987b03648147,6813f948a1870e9f3fb5ba090a568064342b10f82dd782a709bbee0ab5553081,6813f948a1870e9f3fb5ba090a568064342b10f82dd782a709bbee0ab5553081,0,0,0,0,0,0,0,6.2737381085753441e-05,0.079677581787109375,0.0083237770013511181,6.2737381085753441e-05,0.079677581787109375,0.0083237770013511181,0,0,0.0001,64,64,0,6205.005684,1.723612690,19.83273645338841,384.30072210586241,87358.077841449849
ect.q256.schedule-switch-training-telemetry/v1,q256_fresh_crossed_switch_n12_matpool_numeric_recovery_v2,AB,A,B,508,q256_target_weight_v1,B,1.1000000000000001,1.1000000000000001,4508,4497,577024,577.024000,0,16.667407035827637,0,2319.4123735903222,2319.4123735903222,0,2319.4123735903222,0,0.15554416546866801,0,3962.4493297825479,0,3962.2661969068013,0,128,9dd11dbe8fb9acca7a0eb813be52373ce1d53c94db42fcbdd4cfa5d871dea746,77648e058b5d0b695865407a2303a26922996b27cc8b80e2f4f195f94d6b5215,a364dc7ba550fbda8ebaaf13a41ccafa43db1efbd212349b5b361e0674009002,270eb2617f710e3d087e1a1283ca8d0bd3d136b368e4d64abd596facd50ffdf6,270eb2617f710e3d087e1a1283ca8d0bd3d136b368e4d64abd596facd50ffdf6,c8cb6df8480d94f0734b2c743a5f18f461991cf6121b1ca90d107afacdb5d2cc,c8cb6df8480d94f0734b2c743a5f18f461991cf6121b1ca90d107afacdb5d2cc,0,0,0,0,0,0,0,3.8155936636030674e-05,0.16809844970703125,0.011668761377222836,3.8155936636030674e-05,0.16809844970703125,0.011668761377222836,0,0,0.0001,64,64,0,6206.940711,1.724150198,19.831146248913722,415.84670091279366,87417.135912048994
ect.q256.schedule-switch-training-telemetry/v1,q256_fresh_crossed_switch_n12_matpool_numeric_recovery_v2,AB,A,B,509,q256_target_weight_v1,B,1.1000000000000001,1.1000000000000001,4509,4498,577152,577.152000,0,17.380222797393799,0,2377.6272851318213,2377.6272851318213,0,2377.6272851318213,0,0.16075754473346318,0,3962.4494586744781,0,3962.2662904413787,0,128,9b859e4d3d25421a6b494930b750c2c795b6618a6d013a72b337671d6070cf1d,b8293d9e65f3199364113ef4d0523a10c08ec0624b817ffd93e015f3ce923c34,d9ede76fadc8bdc3b011a551be3ce795730ff5ac638aec9dcab498ded3d5c66f,485b7c5c614f6262f2c62425fd706c730782b93b5d37e7e447b7aeccf4a41514,485b7c5c614f6262f2c62425fd706c730782b93b5d37e7e447b7aeccf4a41514,1bf50920f42d4997436b0dfb63b03124c5d745b19e44a6e9c419ed0f38cb1384,1bf50920f42d4997436b0dfb63b03124c5d745b19e44a6e9c419ed0f38cb1384,0,0,0,0,0,0,0,9.6455623861402273e-06,0.19006729125976562,0.011424640717450529,9.6455623861402273e-06,0.19006729125976562,0.011424640717450529,0,0,0.0001,64,64,0,6208.874272,1.724687298,19.829858302009036,414.91684526345108,87464.414546346467
ect.q256.schedule-switch-training-telemetry/v1,q256_fresh_crossed_switch_n12_matpool_numeric_recovery_v2,AB,A,B,510,q256_target_weight_v1,B,1.1000000000000001,1.1000000000000001,4510,4499,577280,577.280000,0,15.737714648246765,0,1892.6247386482039,1892.6247386482039,0,1892.6247386482039,0,0.16607928372893538,0,3962.4496350284116,0,3962.2663840494129,0,128,d878b87e6ffd4f8a6d8b768def44a21171cc1984effb30613e9e7085740ea1ce,0b7c871f23a0e6d28d0161bb568aa5c0a88c8282205121b7a8610e925b240f54,e81f8449d41bab5b4e3bbd638afa2ffcbd6317797dcfc01aa795ec509cde3fd0,7ad861b0e1cb994ede619aa19edd30388380107de3b69ee8f4e208e6fb5b834e,7ad861b0e1cb994ede619aa19edd30388380107de3b69ee8f4e208e6fb5b834e,90e939d42696b3db14ec892d70bd6d7645511f19ae800e9ecc75a19e5b1bc3e4,90e939d42696b3db14ec892d70bd6d7645511f19ae800e9ecc75a19e5b1bc3e4,0,0,0,0,0,0,0,1.9398808944970369e-05,0.25021743774414062,0.011706659744959325,1.9398808944970369e-05,0.25021743774414062,0.011706659744959325,0,0,0.0001,64,64,0,6210.811029,1.725225286,19.828875869902127,422.25041211822685,87442.395855473296
ect.q256.schedule-switch-training-telemetry/v1,q256_fresh_crossed_switch_n12_matpool_numeric_recovery_v2,AB,A,B,511,q256_target_weight_v1,B,1.1000000000000001,1.1000000000000001,4511,4500,577408,577.408000,0,15.58536159992218,0,1840.0159557409165,1840.0159557409165,0,1840.0159557409165,0,0.16624720109735766,0,3962.4497867473506,0,3962.2664776544748,0,128,dbd83d8bcd725a7ed7578ac6edd5ff6b5300162886c89c2206b6d27cfd9c28cd,16f715eace1dbbaa64a5b46aae703cd7103211a88a42860d31e7dee00c53fb3d,622986ebdf3e4bc8cf76d034e230d634bc99ea1bf4bc390302802ebabb63e345,f3114c006a80a00f929ec09b415715666ae49899b92405f77945c7af3d8e1dd3,f3114c006a80a00f929ec09b415715666ae49899b92405f77945c7af3d8e1dd3,1099714a696aafae7f99fcd61646cb62c06e171623acd976f0b126564249479e,1099714a696aafae7f99fcd61646cb62c06e171623acd976f0b126564249479e,0,0,0,0,0,0,0,7.1214744821190834e-05,0.32088470458984375,0.01583191764075309,7.1214744821190834e-05,0.32088470458984375,0.01583191764075309,0,0,0.0001,64,64,0,6212.746289,1.725762858,19.82828346997665,438.97145167697107,87394.23055804726
ect.q256.schedule-switch-training-telemetry/v1,q256_fresh_crossed_switch_n12_matpool_numeric_recovery_v2,AB,A,B,512,q256_target_weight_v1,B,1.1000000000000001,1.1000000000000001,4512,4501,577536,577.536000,0,13.885812282562256,0,1663.6478450730583,1663.6478450730583,0,1663.6478450730583,0,0.16226637218600024,0,3962.4499804096577,0,3962.2665713563729,0,128,48a2879d0a252497339435312fce9a505de0b45a61938fd9bf3ae137d62c06cf,2e885e36b3394d63ea8cb35c97295bafec4f70147f9138d1b6cd76c79a629c5d,41c47f74ceae6b50e4eaa651dd51f073ddaa383019a63b9d035a738b64954a22,90152224334bb232bcad20a2def063a0e77db082c6008f8da028c9d93c41fce2,90152224334bb232bcad20a2def063a0e77db082c6008f8da028c9d93c41fce2,8723b5b930010e824a5f4417fc9ab07ee56f22a149e5cc45e5cfd6d86827c54d,8723b5b930010e824a5f4417fc9ab07ee56f22a149e5cc45e5cfd6d86827c54d,0,0,0,0,0,0,0,3.6211102269589901e-05,0.30863189697265625,0.015776930726133287,3.6211102269589901e-05,0.30863189697265625,0.015776930726133287,0,0,0.0001,64,64,0,6214.690533,1.726302926,19.827963033761975,442.35104037492209,87379.483765216457
ect.q256.schedule-switch-training-telemetry/v1,q256_fresh_crossed_switch_n12_matpool_numeric_recovery_v2,AB,A,B,513,q256_target_weight_v1,B,1.1000000000000001,1.1000000000000001,4513,4502,577664,577.664000,0,16.286226153373718,0,1683.4223066380778,1683.4223066380778,0,1683.4223066380778,0,0.16077882066537877,0,3962.4502097334466,0,3962.2666651569252,0,128,4d531a8f8fb59109aaee680c4762d1df8adbe781421b7713e8ace82719915182,ece61d25e26e499aeba74edd815fe2c87f5a341f2583b0ccd59ade1871b78984,778df0bb4825edb38e61004f06173425245a0f43c318151762b173991f13e641,7319c0e6df433b7c937e06b50683e0da78b60b07cccb6c67523c8f45dbbdfcd4,7319c0e6df433b7c937e06b50683e0da78b60b07cccb6c67523c8f45dbbdfcd4,2c5670c5d862fb6b912e32e81fee8159e324ab9ee617e70487a6e66c5096caaa,2c5670c5d862fb6b912e32e81fee8159e324ab9ee617e70487a6e66c5096caaa,0,0,0,0,0,0,0,2.835690975189209e-05,0.4999542236328125,0.013904591789469123,2.835690975189209e-05,0.4999542236328125,0.013904591789469123,0,0,0.0001,64,64,0,6216.624488,1.726840136,19.827709556208557,449.35526402175719,87332.956497062332
ect.q256.schedule-switch-training-telemetry/v1,q256_fresh_crossed_switch_n12_matpool_numeric_recovery_v2,AB,A,B,514,q256_target_weight_v1,B,1.1000000000000001,1.1000000000000001,4514,4503,577792,577.792000,0,14.865527868270874,0,2186.7018279152207,2186.7018279152207,0,2186.7018279152207,0,0.16143644118562028,0,3962.4504159141952,0,3962.2667590067972,0,128,2228cc405a422cf1d9e167b1e2a89f935a7f721a0d484bc873c219f56fc69f0e,221f9f8a5b90f7f4670257d2a15063bd0ecec9799bb1511d64e702b6abf8257f,40d2f701d2a003275a2f3e4c55ad4a01ca4938411936003cfe740abaa68929f8,e9c8572686e5595bc3f55dba88f042a4e670144805a6284c869bcba1c496fb6c,e9c8572686e5595bc3f55dba88f042a4e670144805a6284c869bcba1c496fb6c,a021fd5d95b1d49738e660e04d73877df26591a069ac83e62b6425b637b6b3e9,a021fd5d95b1d49738e660e04d73877df26591a069ac83e62b6425b637b6b3e9,0,0,0,0,0,0,0,2.0920822862535715e-05,0.3248443603515625,0.015429095714353025,2.0920822862535715e-05,0.3248443603515625,0.015429095714353025,0,0,0.0001,64,64,0,6218.563009,1.727378613,19.827364205633639,379.49596266511998,87342.945996175404
ect.q256.schedule-switch-training-telemetry/v1,q256_fresh_crossed_switch_n12_matpool_numeric_recovery_v2,AB,A,B,515,q256_target_weight_v1,B,1.1000000000000001,1.1000000000000001,4515,4504,577920,577.920000,0,16.691883206367493,0,1651.3838891497971,1651.3838891497971,0,1651.3838891497971,0,0.15822520528624867,0,3962.4506209520941,0,3962.2668529166131,0,128,7f6990421001f42b91b4cfdd9ebaf72c8901f5efedd3f7103df6cda32f9121c4,aeb753154e8ca603b653952400cdebc96c689204ffce2e2b5a2d51356ecae1fb,ba67568598e7e1afae8e8142caa36fade69e10813aa260ff06e60f7bb9ea9ee4,3da4269a2c834d0ac6f94206b609cb957b3c7282ca08dd15e1bfcff456a9b96c,3da4269a2c834d0ac6f94206b609cb957b3c7282ca08dd15e1bfcff456a9b96c,5a665e9006b06c3603ced9d324e5f685ce824f318e0696044a544fc24f5e9842,5a665e9006b06c3603ced9d324e5f685ce824f318e0696044a544fc24f5e9842,0,0,0,0,0,0,0,9.1944355517625809e-05,0.17058563232421875,0.011311245849356055,9.1944355517625809e-05,0.17058563232421875,0.011311245849356055,0,0,0.0001,64,64,0,6220.502360,1.727917322,19.826902478803866,389.67665988102948,87304.855610316547
ect.q256.schedule-switch-training-telemetry/v1,q256_fresh_crossed_switch_n12_matpool_numeric_recovery_v2,AB,A,B,516,q256_target_weight_v1,B,1.1000000000000001,1.1000000000000001,4516,4505,578048,578.048000,0,15.71385657787323,0,3139.437819479348,3139.437819479348,0,3139.437819479348,0,0.16203664695723491,0,3962.4508089729179,0,3962.2669469024263,0,128,ae80669ad5a0283af9807b452a6903b5e9801b9d0a5c8b3be99f65156d068d0e,b41b95b4eb9cff733fd988baef3f0d2ca116018aa171a1175ca43c9585ac5331,f2988b1902829918183d824342ad3bc9e25d498bfbef2ab83039b45d0b67ce33,4ddfb8e16e9df036b289173e49804446b72e059f7a5af48a9f36893f088d53eb,4ddfb8e16e9df036b289173e49804446b72e059f7a5af48a9f36893f088d53eb,9861aa88ab1b8f95f4f181937d0f203e81591aa9addd06337574bf9314dd94af,9861aa88ab1b8f95f4f181937d0f203e81591aa9addd06337574bf9314dd94af,0,0,0,0,0,0,0,6.7923974711447954e-06,0.12994956970214844,0.01007019035751,6.7923974711447954e-06,0.12994956970214844,0.01007019035751,0,0,0.0001,64,64,0,6222.435261,1.728454239,19.82618261573289,406.03679485630954,87535.862395761971
ect.q256.schedule-switch-training-telemetry/v1,q256_fresh_crossed_switch_n12_matpool_numeric_recovery_v2,AB,A,B,517,q256_target_weight_v1,B,1.1000000000000001,1.1000000000000001,4517,4506,578176,578.176000,0,15.435888886451721,0,1768.204037845489,1768.204037845489,0,1768.204037845489,0,0.163575514606046,0,3962.4509830552734,0,3962.2670409355023,0,128,c6ba295ba257e05e7bdfc81b240b520edef397cf9667c7d72e3d1529e62cee30,cf0a3f3951b86b7c705af49f0b776315597d68e9012b359fde18c64d46fd1a0a,65d7c236815ed4d1920893bc182b93108adca99769fae72b2cba6a3d4686fd07,9e3a0369b2cc845560cbc9fd80d68bd957edb5eac6b993655052b38e3a0310d3,9e3a0369b2cc845560cbc9fd80d68bd957edb5eac6b993655052b38e3a0310d3,603345d2d817b7c54d723b9d3c4f418419c219008c4baa56d161379b35a568b0,603345d2d817b7c54d723b9d3c4f418419c219008c4baa56d161379b35a568b0,0,0,0,0,0,0,0,0.00016784248873591423,0.7316131591796875,0.022187871159985662,0.00016784248873591423,0.7316131591796875,0.022187871159985662,0,0,0.0001,64,64,0,6224.368199,1.728991166,19.825077075343494,401.35551725517718,87515.754010339879
ect.q256.schedule-switch-training-telemetry/v1,q256_fresh_crossed_switch_n12_matpool_numeric_recovery_v2,AB,A,B,518,q256_target_weight_v1,B,1.1000000000000001,1.1000000000000001,4518,4507,578304,578.304000,0,17.304022431373596,0,1041.302271926462,1041.302271926462,0,1041.302271926462,0,0.1570627938436831,0,3962.4512252790682,0,3962.2671350542923,0,128,15acdb2381164286cf7a6dafbfbae99f459c2793a08eb9ab2105b1fa24009928,1dde617ba25cada72194b8b401d9f00d7ddf8b1befdaa87921c3058b88af987c,64ba259a1076ba89f330d5c3f96bba1f67954aa012ea70590e0e1e1c1daa0b78,ab4818f172b68eaa048c12cb1ca1f64b2cc239c21e5e1efa98065f0e1cff0e30,ab4818f172b68eaa048c12cb1ca1f64b2cc239c21e5e1efa98065f0e1cff0e30,ee6709bed72049c04a641e80f20d656ef3b2cb89ab37c8bde1cefbbf3e50eaae,ee6709bed72049c04a641e80f20d656ef3b2cb89ab37c8bde1cefbbf3e50eaae,0,0,0,0,0,0,0,8.5648498497903347e-06,0.42148590087890625,0.013785113929770887,8.5648498497903347e-06,0.42148590087890625,0.013785113929770887,0,0,0.0001,64,64,0,6226.308255,1.729530071,19.824311498185381,365.28209347015337,87440.557089164591
ect.q256.schedule-switch-training-telemetry/v1,q256_fresh_crossed_switch_n12_matpool_numeric_recovery_v2,AB,A,B,519,q256_target_weight_v1,B,1.1000000000000001,1.1000000000000001,4519,4508,578432,578.432000,0,16.742740511894226,0,1243.7013839019476,1243.7013839019476,0,1243.7013839019476,0,0.15256205665900635,0,3962.4514822061747,0,3962.2672293057676,0,128,4985cf3a99c7218b07e1c82b763ffb99ac6e028997754f07bb1d31bc10ed3f3e,01bf36ff3ce05c71708f1bed13e065074ec272cd9d041f6f705293f822baed57,15e0bf0c25ef382c198a28ab8a4242d49c7e0f7d89257d50b141a344975f7544,473394f4e8dcbc2f86ec32fd1ff8cd36ad590fa99907b67dd53b7427a27a933f,473394f4e8dcbc2f86ec32fd1ff8cd36ad590fa99907b67dd53b7427a27a933f,5d3ab8a4873526b9f94f6924706682764f4fa58abdd61349cb99fe2c49cd833b,5d3ab8a4873526b9f94f6924706682764f4fa58abdd61349cb99fe2c49cd833b,0,0,0,0,0,0,0,3.4839962609112263e-05,1.931915283203125,0.030376248643733561,3.4839962609112263e-05,1.931915283203125,0.030376248643733561,0,0,0.0001,64,64,0,6228.241714,1.730067143,19.823442373093656,361.69547684370457,87378.13897600268
ect.q256.schedule-switch-training-telemetry/v1,q256_fresh_crossed_switch_n12_matpool_numeric_recovery_v2,AB,A,B,520,q256_target_weight_v1,B,1.1000000000000001,1.1000000000000001,4520,4509,578560,578.560000,0,16.749038696289062,0,1367.9138128850491,1367.9138128850491,0,1367.9138128850491,0,0.15134947517565081,0,3962.4518492697416,0,3962.26732376566,0,128,4ce87e0b11f24041abfccc89c4b4055618f328bde687a1b2138671fd1f8084b7,9711e961cb1688d934da76b7d703a9cc1b740e52badb3dc8a0f1cfb0e83c6bfd,9254fee4de39c57990529a9b977eb4f9be97bef23a485c9d19c02e280baf641d,daba9a26f76514db0c03bb96acc8c8bd04269fac029142421ac9074e3e63c99e,daba9a26f76514db0c03bb96acc8c8bd04269fac029142421ac9074e3e63c99e,9af68d2879c611cb92414d997103e8bcb7b79119069b27d3b6152a08b568744e,9af68d2879c611cb92414d997103e8bcb7b79119069b27d3b6152a08b568744e,0,0,0,0,0,0,0,3.9662234485149384e-05,0.113525390625,0.010079117550048977,3.9662234485149384e-05,0.113525390625,0.010079117550048977,0,0,0.0001,64,64,0,6230.176745,1.730604651,19.822478747888795,355.97799980433558,87309.386843665779
ect.q256.schedule-switch-training-telemetry/v1,q256_fresh_crossed_switch_n12_matpool_numeric_recovery_v2,AB,A,B,521,q256_target_weight_v1,B,1.1000000000000001,1.1000000000000001,4521,4510,578688,578.688000,0,14.842093706130981,0,1624.982238369179,1624.982238369179,0,1624.982238369179,0,0.14936958803532011,0,3962.4522460338026,0,3962.267418453584,0,128,36bd89c85dd8b880b80e8425af325035c25e984b2d697a2fd365882d68bb69f6,5221770a2fc9968878b1481b76c5995163ff75ae4628ed83afa4d5d68433220f,d45dd3c3f745b8cb355afd36e895005a242701867482e39c77aa4b7bec7fa40f,15c1e0e1911f642e451c0129f0f4757aa690d49c813870697a3bbb0eaa36c7c5,15c1e0e1911f642e451c0129f0f4757aa690d49c813870697a3bbb0eaa36c7c5,5ebdc9fdacc8d9e0230801f2daff3fe76f3979ab2f9ec60cfdd72a19b28eb819,5ebdc9fdacc8d9e0230801f2daff3fe76f3979ab2f9ec60cfdd72a19b28eb819,0,0,0,0,0,0,0,2.1985848434269428e-05,0.27590560913085938,0.013597242592368275,2.1985848434269428e-05,0.27590560913085938,0.013597242592368275,0,0,0.0001,64,64,0,6232.109261,1.731141461,19.821189945831005,367.77328037607697,87276.738889454195
ect.q256.schedule-switch-training-telemetry/v1,q256_fresh_crossed_switch_n12_matpool_numeric_recovery_v2,AB,A,B,522,q256_target_weight_v1,B,1.1000000000000001,1.1000000000000001,4522,4511,578816,578.816000,0,17.064717411994934,0,2194.745898494115,2194.745898494115,0,2194.745898494115,0,0.15155743061603677,0,3962.4527107424719,0,3962.2675134042593,0,128,a93a1d159a18cf43a4113cae2004b071c04a958b02cec27742fba5dd51f87fc2,94d10f750b3d7b9f28315d5cb2e07984eefa1465230debe68847e064f49397f1,6384123bf74d1401e64978c534a92084dcfab1defa54271bcdd9b14be1e9b0b0,b5c23383af3982762c731bd6be29f3842f89260b801aa15ec42f6919941561d0,b5c23383af3982762c731bd6be29f3842f89260b801aa15ec42f6919941561d0,323316605c98a82d3889cbfde772b519c22ef9cf662e535db8c5fbd0da26f5d1,323316605c98a82d3889cbfde772b519c22ef9cf662e535db8c5fbd0da26f5d1,0,0,0,0,0,0,0,2.8309877961874008e-05,0.300994873046875,0.010552944091614336,2.8309877961874008e-05,0.300994873046875,0.010552944091614336,0,0,0.0001,64,64,0,6234.045457,1.731679294,19.819742262482247,357.82654877587015,87300.150798959585
ect.q256.schedule-switch-training-telemetry/v1,q256_fresh_crossed_switch_n12_matpool_numeric_recovery_v2,AB,A,B,523,q256_target_weight_v1,B,1.1000000000000001,1.1000000000000001,4523,4512,578944,578.944000,0,15.951234817504883,0,1896.031347539833,1896.031347539833,0,1896.031347539833,0,0.15581759365401981,0,3962.4531629442477,0,3962.267608606438,0,128,46e9d8d415c7f92478029398f0a1b32e34a1678ffadc1868ecda284f22e0f091,bb5662ecc93c0c45249e1ac95ddc9eb1cdc6ffb4bcadd536d105854e8f5ba58a,6d0e66a38ecc0d6aaab258a028f0be8797a41b25bdb143c42e9b361438e19034,bd13d98400365c1700631c0d79b22e86668124a3e2858e4645fe8db9b9732bf5,bd13d98400365c1700631c0d79b22e86668124a3e2858e4645fe8db9b9732bf5,0c4e69ba9e2f14a196593e133d49cfd0b8634d786f401d954fcd85434f024ec5,0c4e69ba9e2f14a196593e133d49cfd0b8634d786f401d954fcd85434f024ec5,0,0,0,0,0,0,0,7.3611736297607422e-05,0.21879959106445312,0.011867203749716282,7.3611736297607422e-05,0.21879959106445312,0.011867203749716282,0,0,0.0001,64,64,0,6235.979195,1.732216443,19.818217392671837,393.66923355294978,87263.240067110193
ect.q256.schedule-switch-training-telemetry/v1,q256_fresh_crossed_switch_n12_matpool_numeric_recovery_v2,AB,A,B,524,q256_target_weight_v1,B,1.1000000000000001,1.1000000000000001,4524,4513,579072,579.072000,0,16.21604335308075,0,1532.9287688700576,1532.9287688700576,0,1532.9287688700576,0,0.15734183250542252,0,3962.4536292327016,0,3962.2677040773865,0,128,b6f2610b59d2ba5ed42a4ae5dd923c863a1b6ace0b641e1d1be1cbe78d09ae25,dd36701fb2d5355f1b1b1defe6cf9ebdc4c364b77bee618c647cde6d996cabd6,d4bb0cd384adcfafa2ec977bb634be4c5c61b75e3bd0293fca2e4d60712e38b6,523fb4434cd3d585e30f9a663dc48b97ca3b5e8a019a6a0ff8528977be775c1d,523fb4434cd3d585e30f9a663dc48b97ca3b5e8a019a6a0ff8528977be775c1d,44a63e29542b7e37adf844e1504a1a4d4dc266b32a5eaeb213bce8c916af3e9c,44a63e29542b7e37adf844e1504a1a4d4dc266b32a5eaeb213bce8c916af3e9c,0,0,0,0,0,0,0,1.5984696801751852e-05,0.14670562744140625,0.013205162016674876,1.5984696801751852e-05,0.14670562744140625,0.013205162016674876,0,0,0.0001,64,64,0,6237.925496,1.732757082,19.816924755026971,403.5360892186996,87199.370393529054
ect.q256.schedule-switch-training-telemetry/v1,q256_fresh_crossed_switch_n12_matpool_numeric_recovery_v2,AB,A,B,525,q256_target_weight_v1,B,1.1000000000000001,1.1000000000000001,4525,4514,579200,579.200000,0,14.794381618499756,0,1990.635761043955,1990.635761043955,0,1990.635761043955,0,0.15544738047991852,0,3962.4540806937957,0,3962.2677998241966,0,128,ab541e59eae90ce6e6ce0fb7ec6d0f86b15fda78ee7648f84981783179b8c1bc,2137daca167e1b01b94d240a517abe314133c20ad32b5fbf4ccafa02ab26da3a,61089bdee5b2acb60432ddf7e762e979c30f22aacaee726b71dac1d01109fd8c,1686e34af79cfa474fa9b87cc7ac037b955a9cdbb9fa0190a5b0bb5754b6944e,1686e34af79cfa474fa9b87cc7ac037b955a9cdbb9fa0190a5b0bb5754b6944e,0d3b3befe9da0c281cf8fc556bb4a5ab542e0dd5faf4c6dd69b74440cbd4d6c2,0d3b3befe9da0c281cf8fc556bb4a5ab542e0dd5faf4c6dd69b74440cbd4d6c2,0,0,0,0,0,0,0,9.2276372015476227e-05,0.5747222900390625,0.02032379328738898,9.2276372015476227e-05,0.5747222900390625,0.02032379328738898,0,0,0.0001,64,64,0,6239.874432,1.733298453,19.815171062379186,401.4553379669793,87229.297536498372
ect.q256.schedule-switch-training-telemetry/v1,q256_fresh_crossed_switch_n12_matpool_numeric_recovery_v2,AB,A,B,526,q256_target_weight_v1,B,1.1000000000000001,1.1000000000000001,4526,4515,579328,579.328000,0,15.252782583236694,0,2234.8959695539202,2234.8959695539202,0,2234.8959695539202,0,0.16060166873102377,0,3962.4545177231225,0,3962.2678957884168,0,128,6fb97fc96eb8826cf52da36b99ff2fe202478a36f3d00709c64983fc5cc37721,e25faedc65cacda63ea9b7c79d68e179a555ad4a18b7066a52c0571e3bbd4ff4,002a31a94b45e16e6db641a08f4a96088ddf87f2148be909bb53bfed2c60a0d3,9a4658573f276d2f095ef3f5894e42b6bd27a0ff8fadbd28f291178036679e88,9a4658573f276d2f095ef3f5894e42b6bd27a0ff8fadbd28f291178036679e88,8134a1ade4757908b25a5e3c9c59ca8de81a4d2d801868d0697834a86b61af85,8134a1ade4757908b25a5e3c9c59ca8de81a4d2d801868d0697834a86b61af85,0,0,0,0,0,0,0,1.128883013734594e-06,0.11944961547851562,0.011292200011666864,1.128883013734594e-06,0.11944961547851562,0.011292200011666864,0,0,0.0001,64,64,0,6241.809884,1.733836079,19.813839177699496,393.79645640845058,87220.439241819724
ect.q256.schedule-switch-training-telemetry/v1,q256_fresh_crossed_switch_n12_matpool_numeric_recovery_v2,AB,A,B,527,q256_target_weight_v1,B,1.1000000000000001,1.1000000000000001,4527,4516,579456,579.456000,0,16.149763703346252,0,1511.283286037449,1511.283286037449,0,1511.283286037449,0,0.15753021800485992,0,3962.4549669937669,0,3962.2679919931979,0,128,f82f1cb01c29a56bb4adbe4ccca8814f58dd1611076f6e7022bc02da9f364e5d,d88c3c12c7073ca63bcf83be4ad62cbab572b3fee87b95cccfc3ca7eabe01064,58bb9bdcf8042c03de8bac86f66f8d7fdb7f4b3f5508365d186d647cc5cc7648,dc14a46a48392386c3cbe9d5522a8067b33bb44b05a760b792b40b47edc8006c,dc14a46a48392386c3cbe9d5522a8067b33bb44b05a760b792b40b47edc8006c,cb2e767247e51a089bf2bcaab9e52d16d0946be2e0be1f505b078dc6140ab9f9,cb2e767247e51a089bf2bcaab9e52d16d0946be2e0be1f505b078dc6140ab9f9,0,0,0,0,0,0,0,6.8874505814164877e-06,0.34482574462890625,0.01618345791939646,6.8874505814164877e-06,0.34482574462890625,0.01618345791939646,0,0,0.0001,64,64,0,6243.768962,1.734380267,19.812584217902568,377.29737273467339,87164.675044492426
ect.q256.schedule-switch-training-telemetry/v1,q256_fresh_crossed_switch_n12_matpool_numeric_recovery_v2,AB,A,B,528,q256_target_weight_v1,B,1.1000000000000001,1.1000000000000001,4528,4517,579584,579.584000,0,17.493169069290161,0,1841.5868640802323,1841.5868640802323,0,1841.5868640802323,0,0.15584521977647953,0,3962.4554284986957,0,3962.2680884925958,0,128,7f4e6865d3130467ebff5c11272b6c68813b5f0265910d55d9510419f4e2a895,5c12eb6014653681b8cbed83c7ec6850444a24a23088fe1c6b928341f096d61d,8b2ca603ecf745d609a1f18f8042a9dab15e3cbf5f2320cf29c936f559c0f0c0,0a1b6078912f1b9a5cdda44c7b60524a2e6e2bc5b94b9b1183c18d873e5d341a,0a1b6078912f1b9a5cdda44c7b60524a2e6e2bc5b94b9b1183c18d873e5d341a,373421fcedc99972acaf229521c60406dce070ba78b38dbe9cb2aacee37abf03,373421fcedc99972acaf229521c60406dce070ba78b38dbe9cb2aacee37abf03,0,0,0,0,0,0,0,2.4356195353902876e-06,0.50482177734375,0.017081538331694901,2.4356195353902876e-06,0.50482177734375,0.017081538331694901,0,0,0.0001,64,64,0,6245.702110,1.734917253,19.811437142515533,389.16072155859496,87148.659317218597
ect.q256.schedule-switch-training-telemetry/v1,q256_fresh_crossed_switch_n12_matpool_numeric_recovery_v2,AB,A,B,529,q256_target_weight_v1,B,1.1000000000000001,1.1000000000000001,4529,4518,579712,579.712000,0,15.811089396476746,0,1791.9646986845537,1791.9646986845537,0,1791.9646986845537,0,0.14912635247368272,0,3962.4558291274175,0,3962.2681852052083,0,128,d1402678f266c98ba4da26a7bcf6d28d3a32c2a4cedf5f874bb2e108854e5786,824c27ca4a5e7971bef014b41a316d7ea1256314b916daac7b9a3ea06f556ea4,25a80215a09ae1137950b18c03fdc6d2099ccc4d7c7b2f4c495d1b88d25dd60f,b4937ea2aecc7035b3e13f2218e0641e1d1f879dbf63082bf27ae8e2f8b52c05,b4937ea2aecc7035b3e13f2218e0641e1d1f879dbf63082bf27ae8e2f8b52c05,c642d86a054f369462571566b292ace26aac93f2c0ba8ab4555b3d0afd4ffe66,c642d86a054f369462571566b292ace26aac93f2c0ba8ab4555b3d0afd4ffe66,0,0,0,0,0,0,0,1.4733173884451389e-05,0.14546585083007812,0.011028021457605064,1.4733173884451389e-05,0.14546585083007812,0.011028021457605064,0,0,0.0001,64,64,0,6247.635460,1.735454294,19.810436230224163,388.91430297378088,87134.984287305866
ect.q256.schedule-switch-training-telemetry/v1,q256_fresh_crossed_switch_n12_matpool_numeric_recovery_v2,AB,A,B,530,q256_target_weight_v1,B,1.1000000000000001,1.1000000000000001,4530,4519,579840,579.840000,0,14.154236435890198,0,1307.529345748191,1307.529345748191,0,1307.529345748191,0,0.14469660812435339,0,3962.4561681559171,0,3962.2682820982304,0,128,4191800e86b370ea1695a9721eb18dc5aa8b7aeb294ed81dc34dffbc8e21671f,e016cf8f89dfe1e1e103f7b81fdfe2db27d0389a3260a6b569d2e78159232f96,7a25bf073d3f65dfd4baa56ed25f7fa61b7b99aabb96bed8a26c12d032a80f6f,dd28bb5c2c07d55a2f5a8589fc71929d54c962f82567383bc99d8c0b59960aee,dd28bb5c2c07d55a2f5a8589fc71929d54c962f82567383bc99d8c0b59960aee,7eaa52e686f7b92b5bb68a91db22a2e506fc2c02b03cd57b8f6f4e7867ccb7af,7eaa52e686f7b92b5bb68a91db22a2e506fc2c02b03cd57b8f6f4e7867ccb7af,0,0,0,0,0,0,0,9.6056610345840454e-05,0.3715057373046875,0.016696606762707233,9.6056610345840454e-05,0.3715057373046875,0.016696606762707233,0,0,0.0001,64,64,0,6249.685698,1.736023805,19.80977434609644,393.9439486585473,87069.747888129539
ect.q256.schedule-switch-training-telemetry/v1,q256_fresh_crossed_switch_n12_matpool_numeric_recovery_v2,AB,A,B,531,q256_target_weight_v1,B,1.1000000000000001,1.1000000000000001,4531,4520,579968,579.968000,0,15.292116284370422,0,1941.7152501838189,1941.7152501838189,0,1941.7152501838189,0,0.14691838808152685,0,3962.4563900024336,0,3962.2683790680921,0,128,300b97e03281ff79a0685c22df955c2e98cc5cb5985fb6483010dca0b3a6b29f,91acd5e8651b26dd62010aafb6b81aaf79d668cdf8dca3eafdb1fda3c220acc9,46e46756c7741aa8bc015a61a8361a1d1e63d3f21a8f7f329bf046d6723cb008,2803685f90a8970f3ff9af88b8e4737e6befb507c8ae8d909e12b95c6b6c9dba,2803685f90a8970f3ff9af88b8e4737e6befb507c8ae8d909e12b95c6b6c9dba,92660d1efcbc789d898f13ebc868a04078920e0168d9d12716797b54bd8229c9,92660d1efcbc789d898f13ebc868a04078920e0168d9d12716797b54bd8229c9,0,0,0,0,0,0,0,5.1011797040700912e-05,0.13371467590332031,0.011251069256104529,5.1011797040700912e-05,0.13371467590332031,0.011251069256104529,0,0,0.0001,64,64,0,6251.638951,1.736566375,19.808920715212881,375.43398752644435,87046.823778999475
ect.q256.schedule-switch-training-telemetry/v1,q256_fresh_crossed_switch_n12_matpool_numeric_recovery_v2,AB,A,B,532,q256_target_weight_v1,B,1.1000000000000001,1.1000000000000001,4532,4521,580096,580.096000,0,15.774384140968323,0,1816.0938971616492,1816.0938971616492,0,1816.0938971616492,0,0.15149087639770964,0,3962.4565244187652,0,3962.2684760617412,0,128,5ea74e67084b5fb113798f5a1d016a6cc4d5f0f907f77b135bd89e12f50bf77b,534566b8ea1a5154fe51db349c43a678f3356025a0f15a4f2f4e2e5edee317fe,e852d3b0f5c22579a8b796ca484745bb2ea21d4ade848dc81019fa406ad95a34,5e023d289dadc54c46a8217a27e378bd2ac686fba82ab668a3efb862b68e4ca7,5e023d289dadc54c46a8217a27e378bd2ac686fba82ab668a3efb862b68e4ca7,4102f7e091381ca2c41e20c89bc30d30f21613d10e65a04f5b9507dc8bb79bee,4102f7e091381ca2c41e20c89bc30d30f21613d10e65a04f5b9507dc8bb79bee,0,0,0,0,0,0,0,0.00014793779700994492,0.15400314331054688,0.010514839610550553,0.00014793779700994492,0.15400314331054688,0.010514839610550553,0,0,0.0001,64,64,0,6253.574101,1.737103917,19.807988545904568,392.52804661668046,87012.011053571856
ect.q256.schedule-switch-training-telemetry/v1,q256_fresh_crossed_switch_n12_matpool_numeric_recovery_v2,AB,A,B,533,q256_target_weight_v1,B,1.1000000000000001,1.1000000000000001,4533,4522,580224,580.224000,0,15.977374076843262,0,1895.0096811783069,1895.0096811783069,0,1895.0096811783069,0,0.1549122380528411,0,3962.4564418599493,0,3962.2685729033046,0,128,4db9b2ea6aff52941d55ba45fcc691846817ebeb411f3370b4c4c4f608826f77,59992029618fd5fd3ade86c2c9245a107c71119442a12d1b0a52b25d57f8a262,c32f9dcd70c89fe69311344f4f5ba2c93efb00716c380b2d5760311f033aa1e5,67aaed241563f07a20de14a349b5ede911038f1a81408a44c129c2546fb09a37,67aaed241563f07a20de14a349b5ede911038f1a81408a44c129c2546fb09a37,bde643c3df1db72eaba3196e529a928645ee78f744f6704da3545b0171ead00b,bde643c3df1db72eaba3196e529a928645ee78f744f6704da3545b0171ead00b,0,0,0,0,0,0,0,3.3860444091260433e-05,1.380889892578125,0.029140268743503839,3.3860444091260433e-05,1.380889892578125,0.029140268743503839,0,0,0.0001,64,64,0,6255.515870,1.737643297,19.807015563135472,393.73258707191115,86988.708908979432
ect.q256.schedule-switch-training-telemetry/v1,q256_fresh_crossed_switch_n12_matpool_numeric_recovery_v2,AB,A,B,534,q256_target_weight_v1,B,1.1000000000000001,1.1000000000000001,4534,4523,580352,580.352000,0,14.870270252227783,0,1591.5926124502716,1591.5926124502716,0,1591.5926124502716,0,0.15407450943216267,0,3962.4562774290548,0,3962.2686695711091,0,128,109a410935550a1bc5ae022c155d7cc01e69669b40fd40855ea4ac4137d8ff95,d481c4bba8bce16d10bc79cdb8da747ed0114d4b74bb52e730d26b882c5f970f,eacede733b3c0478bea082f25871fb1adbbd9ec98bb542088a0a6533bcfc7781,7ae59225d85ae258fca13aad4395e7df0e9f4e187320b610336ab7edfa95b30f,7ae59225d85ae258fca13aad4395e7df0e9f4e187320b610336ab7edfa95b30f,b7df88287abfb2abbdbcdc528dd11eaa2d5f1b9672999698e17cc4c85491b34c,b7df88287abfb2abbdbcdc528dd11eaa2d5f1b9672999698e17cc4c85491b34c,0,0,0,0,0,0,0,5.2452320232987404e-05,0.1334228515625,0.011780108441598713,5.2452320232987404e-05,0.1334228515625,0.011780108441598713,0,0,0.0001,64,64,0,6257.447774,1.738179937,19.806327749795987,375.40090881097092,86944.074205542871
ect.q256.schedule-switch-training-telemetry/v1,q256_fresh_crossed_switch_n12_matpool_numeric_recovery_v2,AB,A,B,535,q256_target_weight_v1,B,1.1000000000000001,1.1000000000000001,4535,4524,580480,580.480000,0,17.127545714378357,0,1235.7121576475322,1235.7121576475322,0,1235.7121576475322,0,0.14930261839135189,0,3962.4560628059144,0,3962.2687660254614,0,128,6110ab83b7e39175711b68729cc75c6e5e24ddf544b7c116c75d4d3a09d6f005,2d53bc725405dfe8cc70e3405a2206815ac9e328e5ecfc6d79a341f1b895a8a7,8d39526bf33da462fd1a8471537bfbdb5ea89979728d55ebc43a2a9f9b6422e6,43c6173aa3bf5418ce8ef66af43ea9fa0fe5584f8229394b9de90b4e06d29e1c,43c6173aa3bf5418ce8ef66af43ea9fa0fe5584f8229394b9de90b4e06d29e1c,10c6f1e1f484223aade2e82a2abf454b1c13baa4226026f9548000bc59dc1d9a,10c6f1e1f484223aade2e82a2abf454b1c13baa4226026f9548000bc59dc1d9a,0,0,0,0,0,0,0,4.0680170059204102e-05,0.097408294677734375,0.010813898988999426,4.0680170059204102e-05,0.097408294677734375,0.010813898988999426,0,0,0.0001,64,64,0,6259.377388,1.738715941,19.805721961787203,374.10451588650517,86891.241498929885
ect.q256.schedule-switch-training-telemetry/v1,q256_fresh_crossed_switch_n12_matpool_numeric_recovery_v2,AB,A,B,536,q256_target_weight_v1,B,1.1000000000000001,1.1000000000000001,4536,4525,580608,580.608000,0,15.95695424079895,0,1264.1703859418406,1264.1703859418406,0,1264.1703859418406,0,0.14738725697617774,0,3962.4558419805617,0,3962.2688622463065,0,128,3c0b3b7ad2c85b6db38114486952d0b490c73c2eef497ab35152a5ff23905b09,f3c2e26a338267baa3516427f6d154609722e46c89d46796a372ede7007bab95,60d619129276aee2488a64b02a2d6ebeda12f2535d07fd8b9e548035f539d0b2,c17e9105df558388c0c3a5299f3cf9900734237095681e333f9e77112a454396,c17e9105df558388c0c3a5299f3cf9900734237095681e333f9e77112a454396,def001aed9ab8d86e4804af0b24c83161847ab2c94b69dca9e79da8955c668b7,def001aed9ab8d86e4804af0b24c83161847ab2c94b69dca9e79da8955c668b7,0,0,0,0,0,0,0,2.9154354706406593e-05,0.13223457336425781,0.011008313274942338,2.9154354706406593e-05,0.13223457336425781,0.011008313274942338,0,0,0.0001,64,64,0,6261.307683,1.739252134,19.804951184189694,363.51662304537928,86834.390440320713
ect.q256.schedule-switch-training-telemetry/v1,q256_fresh_crossed_switch_n12_matpool_numeric_recovery_v2,AB,A,B,537,q256_target_weight_v1,B,1.1000000000000001,1.1000000000000001,4537,4526,580736,580.736000,0,15.789816856384277,0,2207.1098091505942,2207.1098091505942,0,2207.1098091505942,0,0.15587214588318352,0,3962.4555563891754,0,3962.2689582662342,0,128,66af1b3d27e5ef4fc00a7ec026d60905595b78ec1dac3fbe072f5d109581af82,9689dfd35f96a440deb51fd69497b2b582261dea8263a539dabc92ec88f20029,63b6cc65490b060715adb1ba50c615a0ebc8b481f9fda4a0621d00933b981cf0,0f44806d0700a26f5757f66bb79da1a401f6f840f56980f6bfe16f100144979c,0f44806d0700a26f5757f66bb79da1a401f6f840f56980f6bfe16f100144979c,1103a9744ae4b25e9b054708764c9b244c1bf2d8f2777ab8866b72933b6ce45e,1103a9744ae4b25e9b054708764c9b244c1bf2d8f2777ab8866b72933b6ce45e,0,0,0,0,0,0,0,6.8277877289801836e-06,0.517242431640625,0.017543435911647975,6.8277877289801836e-06,0.517242431640625,0.017543435911647975,0,0,0.0001,64,64,0,6263.241321,1.739789256,19.804330182853256,411.9773784727671,86814.823169261639
ect.q256.schedule-switch-training-telemetry/v1,q256_fresh_crossed_switch_n12_matpool_numeric_recovery_v2,AB,A,B,538,q256_target_weight_v1,B,1.1000000000000001,1.1000000000000001,4538,4527,580864,580.864000,0,17.279841899871826,0,2297.7732825463709,2297.7732825463709,0,2297.7732825463709,0,0.15584673624188969,0,3962.4552803176134,0,3962.269054051118,0,128,e2ad539a92a0ccdf5740a61c4af2c6408743f4c341a76481010352ae7d26a115,ade49eee74e4d5f077872bd02bbaeda404fad2d6c36e6944ae7c2b711a8448d8,df92f61ee53f9ffb1d5697cb52146787355f80960ed3e6f51de3442b01b9d64b,38b1e34aa440ba0a12715945fa16780cc8e515e29ba1c7f3ac176bc64456986f,38b1e34aa440ba0a12715945fa16780cc8e515e29ba1c7f3ac176bc64456986f,187c783844a82f49a320e05ecbb91bc5619fed3c63b7f206163a692b58ddaeda,187c783844a82f49a320e05ecbb91bc5619fed3c63b7f206163a692b58ddaeda,0,0,0,0,0,0,0,6.7143933847546577e-05,0.066224098205566406,0.008966424036771059,6.7143933847546577e-05,0.066224098205566406,0.008966424036771059,0,0,0.0001,64,64,0,6265.176761,1.740326878,19.803486114646727,402.79559742255759,86867.656702696157
ect.q256.schedule-switch-training-telemetry/v1,q256_fresh_crossed_switch_n12_matpool_numeric_recovery_v2,AB,A,B,539,q256_target_weight_v1,B,1.1000000000000001,1.1000000000000001,4539,4528,580992,580.992000,0,15.181313991546631,0,1894.0979673196616,1894.0979673196616,0,1894.0979673196616,0,0.16210675062118757,0,3962.454988670996,0,3962.2691495254494,0,128,242195332756e981676dd052fc4d39c23a4f88f3cbcecc8b38f7c862e6e60a8b,30359a3e68fea4c60bf22a2fcf37e4949564840f65140506c4791f0aae78a34f,5a5d3d8fc4c9e8911384b5167ff85a4754b239e7843cf809ad97b6e40202c633,e1f600ec4efee2da699d3f1e33328ff4b59531485cc9b5309bb7656a0e967be7,e1f600ec4efee2da699d3f1e33328ff4b59531485cc9b5309bb7656a0e967be7,e130dda7bb69ea9fb1d4c47f3abc84c7c1ac8bb845b2b9773028d68c993f5d92,e130dda7bb69ea9fb1d4c47f3abc84c7c1ac8bb845b2b9773028d68c993f5d92,0,0,0,0,0,0,0,4.3752137571573257e-05,0.10907554626464844,0.012024607043713331,4.3752137571573257e-05,0.10907554626464844,0.012024607043713331,0,0,0.0001,64,64,0,6267.114471,1.740865131,19.802574338647275,431.07035945343034,86832.675773608629
ect.q256.schedule-switch-training-telemetry/v1,q256_fresh_crossed_switch_n12_matpool_numeric_recovery_v2,AB,A,B,540,q256_target_weight_v1,B,1.1000000000000001,1.1000000000000001,4540,4529,581120,581.120000,0,16.430121660232544,0,1627.1057516209717,1627.1057516209717,0,1627.1057516209717,0,0.16511844112739507,0,3962.4547525795188,0,3962.2692448257221,0,128,20e554684e172e1bf192dcd8491ce0b8d51caafba036bd5a97c37e68d5b06a9c,66025c1b99bc04e1e0d621b3f225a140efa04b5aa3a4b5c5c89b65bbdeb8b41a,cd201632215028d014924e6dee1dd6fff8159c4660dbd581a13dbc075581a698,30083132470537195c4cf6a27e32aef77b7befe472fc387c6c51d75c4399f70a,30083132470537195c4cf6a27e32aef77b7befe472fc387c6c51d75c4399f70a,f0f96906c8061515e09ad25e234958e9fdd4f4afc699d6843ddf098b24788af1,f0f96906c8061515e09ad25e234958e9fdd4f4afc699d6843ddf098b24788af1,0,0,0,0,0,0,0,2.7348403818905354e-05,0.8855743408203125,0.021942703111562878,2.7348403818905354e-05,0.8855743408203125,0.021942703111562878,0,0,0.0001,64,64,0,6269.047475,1.741402076,19.802159010519357,422.06694913234128,86773.120841181095
ect.q256.schedule-switch-training-telemetry/v1,q256_fresh_crossed_switch_n12_matpool_numeric_recovery_v2,AB,A,B,541,q256_target_weight_v1,B,1.1000000000000001,1.1000000000000001,4541,4530,581248,581.248000,0,15.486831188201904,0,2745.2387345962916,2745.2387345962916,0,2745.2387345962916,0,0.17436271477369014,0,3962.4544924284232,0,3962.2693398405586,0,128,f88d1174e614c6c5d51323aea91c60c4e2ee97c734d135d39e1e0e7c165ad0f1,76f3ac45925eb9c938d40b49af5b2212fb49827ede495b388b27f4cd8fed2b10,66172baadb0c69898f5d9ba8d63908538f70e8e85163cd4d5cba66bf69302047,6859e3a86960e00d86f93ee537cf76ba25c4743475511b2bb19cdd9f84cbb6e7,6859e3a86960e00d86f93ee537cf76ba25c4743475511b2bb19cdd9f84cbb6e7,b662a2b10d5ef7cf1d056dd9e14fba91381fc519be5f92a9ffd37caee1de2446,b662a2b10d5ef7cf1d056dd9e14fba91381fc519be5f92a9ffd37caee1de2446,0,0,0,0,0,0,0,0.00012742169201374054,2.108154296875,0.028309195186011493,0.00012742169201374054,2.108154296875,0.028309195186011493,0,0,0.0001,64,64,0,6270.982546,1.741939596,19.802021528662227,462.56731904971116,86849.946484742628
ect.q256.schedule-switch-training-telemetry/v1,q256_fresh_crossed_switch_n12_matpool_numeric_recovery_v2,AB,A,B,542,q256_target_weight_v1,B,1.1000000000000001,1.1000000000000001,4542,4531,581376,581.376000,0,18.223172664642334,0,1507.4298552372522,1507.4298552372522,0,1507.4298552372522,0,0.16802206856957086,0,3962.4542651483021,0,3962.2694346652452,0,128,cbd60e5786b234c3e20ca231e02f1137cc5600ee5e674fa382a463cbdbd72cf4,2d60f029317db2a09bd7e27278f763f20b434ae39326d27e8eaa4fe822fea26e,58ab6fe0cfb77c19cafac96a7df91483a53b1653bc479ce79120f36082a5c635,8bd9c8165823942caae8abcd518899d3506427cc900b768a30d5d942fedf1308,8bd9c8165823942caae8abcd518899d3506427cc900b768a30d5d942fedf1308,a8d458b547b427a07e97f8f5d4553400636e44b6c197525c1e5f62363b84bc6a,a8d458b547b427a07e97f8f5d4553400636e44b6c197525c1e5f62363b84bc6a,0,0,0,0,0,0,0,4.7508394345641136e-05,0.18772506713867188,0.01176308881258592,4.7508394345641136e-05,0.18772506713867188,0.01176308881258592,0,0,0.0001,64,64,0,6272.915640,1.742476567,19.802158603324095,441.6970729431722,86804.216194998342
ect.q256.schedule-switch-training-telemetry/v1,q256_fresh_crossed_switch_n12_matpool_numeric_recovery_v2,AB,A,B,543,q256_target_weight_v1,B,1.1000000000000001,1.1000000000000001,4543,4532,581504,581.504000,0,16.609197854995728,0,3129.6830385775443,3129.6830385775443,0,3129.6830385775443,0,0.17073622663777266,0,3962.454043269212,0,3962.2695293042666,0,128,1477debd7dabad84a889f9d21020773d2a4cb4ef2cd256ebd1403b704bb11103,cc15cc5344c1cb54a8185f66e9d9bbc9499f4475bf3f66805a39a83c76fd48cc,83dec72f8fc0dbbc8d9ed721629b7f717717406bc8728224cd554045b74af613,deb37cdab7a40d77f53fbe241a064545da5e61d321c60ef2f21f637ab43e7b21,deb37cdab7a40d77f53fbe241a064545da5e61d321c60ef2f21f637ab43e7b21,1ca0ebc7296c0e95bff3461efe96cf1493ed1d978e1101fed9841b867c4b9743,1ca0ebc7296c0e95bff3461efe96cf1493ed1d978e1101fed9841b867c4b9743,0,0,0,0,0,0,0,9.5904979389160872e-06,0.3700714111328125,0.012482976831961423,9.5904979389160872e-06,0.3700714111328125,0.012482976831961423,0,0,0.0001,64,64,0,6274.850819,1.743014116,19.802048442490257,464.28578870819763,87004.926880839776
ect.q256.schedule-switch-training-telemetry/v1,q256_fresh_crossed_switch_n12_matpool_numeric_recovery_v2,AB,A,B,544,q256_target_weight_v1,B,1.1000000000000001,1.1000000000000001,4544,4533,581632,581.632000,0,15.731095194816589,0,1500.0282115160637,1500.0282115160637,0,1500.0282115160637,0,0.16552147996747602,0,3962.4538325598724,0,3962.2696236909815,0,128,ffe7676549d7b4aaf27c0837ea315f87603f1322893ba6b7d459ec01fa2762df,1149beb803bcf7f3aa05c3d8fed5cae558fd0599538f09301d817cb65bb77f85,63f6992eafc72da648dbac4feab5bf1d66ae14fc6ad5912776fc7d4265c266a8,636efc6c3463032c9de3fe63a3141f5947ff6853aa4f14e96bbf8a5ab375b047,636efc6c3463032c9de3fe63a3141f5947ff6853aa4f14e96bbf8a5ab375b047,5c6d9ef35ec2ce7f46aee529cc21032e519a3627177f317efe504d6be126204c,5c6d9ef35ec2ce7f46aee529cc21032e519a3627177f317efe504d6be126204c,0,0,0,0,0,0,0,3.0610826797783375e-05,0.19027328491210938,0.015252361423335969,3.0610826797783375e-05,0.19027328491210938,0.015252361423335969,0,0,0.0001,64,64,0,6276.782363,1.743550656,19.801959553230787,449.83779044669706,86958.790028756732
ect.q256.schedule-switch-training-telemetry/v1,q256_fresh_crossed_switch_n12_matpool_numeric_recovery_v2,AB,A,B,545,q256_target_weight_v1,B,1.1000000000000001,1.1000000000000001,4545,4534,581760,581.760000,0,16.463692188262939,0,2181.1991566719812,2181.1991566719812,0,2181.1991566719812,0,0.17017773288714372,0,3962.453682395716,0,3962.2697179248266,0,128,567b7a2b7cda122765b8c7eb05f0887d2989bfcec5c47966108cf4b44b402ec8,884cb9da06891ba87f42b92780a832a0d0c9858ed87c5902d8445672e0706561,d7160c2e913c5a1739917d5fb21bbb54b7fef9a77eebe7c93ca108301632a5f4,babb7f9e6aee33879d51ff67f7f2e133177e452888d48b89abb25d3e966f3100,babb7f9e6aee33879d51ff67f7f2e133177e452888d48b89abb25d3e966f3100,fa94e3db33eafd9c9fdee657594848592052bf71ad873774f32ba7aa8b267a6a,fa94e3db33eafd9c9fdee657594848592052bf71ad873774f32ba7aa8b267a6a,0,0,0,0,0,0,0,0.0001203375868499279,0.10351753234863281,0.010722238686867058,0.0001203375868499279,0.10351753234863281,0.010722238686867058,0,0,0.0001,64,64,0,6278.713831,1.744087175,19.801912695763004,445.75232251127306,86942.264507702886
ect.q256.schedule-switch-training-telemetry/v1,q256_fresh_crossed_switch_n12_matpool_numeric_recovery_v2,AB,A,B,546,q256_target_weight_v1,B,1.1000000000000001,1.1000000000000001,4546,4535,581888,581.888000,0,16.457249164581299,0,1643.1280141539373,1643.1280141539373,0,1643.1280141539373,0,0.1696808097529646,0,3962.4535789234187,0,3962.2698120255359,0,128,bca377b2881510fec89def1ddd9b7f284606ff9540d4c06eac93c6777bd70b37,4519dfd8ea13abebec4764f5171f08fb1bdbe6d54f322952177713da3e9bdce0,440e1198ef99f4b13ccc8bebd821cb028e883e2289d2c6e1fc4937c6c460070b,27cbec93e0ba8304d47abbb699ed3b88043294f031ac387f0bd936c1e540d461,27cbec93e0ba8304d47abbb699ed3b88043294f031ac387f0bd936c1e540d461,d11148db96a434c66803a837c9405bf960b2f90ca38de5d2306d05364f508b73,d11148db96a434c66803a837c9405bf960b2f90ca38de5d2306d05364f508b73,0,0,0,0,0,0,0,8.7616790551692247e-06,0.16309356689453125,0.010947149712592363,8.7616790551692247e-06,0.16309356689453125,0.010947149712592363,0,0,0.0001,64,64,0,6280.650591,1.744625164,19.802207041986051,433.28539110651349,86900.105613154461
ect.q256.schedule-switch-training-telemetry/v1,q256_fresh_crossed_switch_n12_matpool_numeric_recovery_v2,AB,A,B,547,q256_target_weight_v1,B,1.1000000000000001,1.1000000000000001,4547,4536,582016,582.016000,0,16.214441180229187,0,2334.6355166261101,2334.6355166261101,0,2334.6355166261101,0,0.1701162667269549,0,3962.4535820804058,0,3962.2699060596251,0,128,61bd79675eed9dfb93a4e5fb82cf326951f163a90c7bb4490461ffd156ab30be,c7fd0812ec40451c7bed3b0344a22ab030bb3f7da0093f3993b65f40763ca6cf,1ec76ac5d98afd897d9ebf282a942f5129feb4db73250d4dc63a8d1479a57e5a,eb7bed902d0a4cd36c359b6cf885ac99b3b5cb5bd7a460376a117a8023086d4b,eb7bed902d0a4cd36c359b6cf885ac99b3b5cb5bd7a460376a117a8023086d4b,4327141c1e11b7e75a9761d7f740249d7f30cb810bb11265eecc604d6e4cd67c,4327141c1e11b7e75a9761d7f740249d7f30cb810bb11265eecc604d6e4cd67c,0,0,0,0,0,0,0,3.6512385122478008e-05,0.086353302001953125,0.0101965376525186,3.6512385122478008e-05,0.086353302001953125,0.0101965376525186,0,0,0.0001,64,64,0,6282.585619,1.745162672,19.802633281238577,450.37583396940681,86956.32131650552
ect.q256.schedule-switch-training-telemetry/v1,q256_fresh_crossed_switch_n12_matpool_numeric_recovery_v2,AB,A,B,548,q256_target_weight_v1,B,1.1000000000000001,1.1000000000000001,4548,4537,582144,582.144000,0,16.916922092437744,0,4152.3310046924553,4152.3310046924553,0,4152.3310046924553,0,0.17569097419043558,0,3962.4536529184315,0,3962.2700000771983,0,128,a928ccb0209d195b2df76305c360e70203785c9cf6d9ac862e143c89d9a11b1b,c36ec65a3f85c1c31eaf7cfbeba872c2b178afd3750b52516d9c47ec7339175b,258af4fc7b4de85054ccee2e77f4d8e18fae3829c171fe4fbb5695bfc0c919b0,4e66a07ca0108dc1f167f336fdca0698117f0d699e12275258e27c30477900bd,4e66a07ca0108dc1f167f336fdca0698117f0d699e12275258e27c30477900bd,8d3c7829450ab98ab16fbab678e25d7d0a180128a201b48e5619defd5d163f65,8d3c7829450ab98ab16fbab678e25d7d0a180128a201b48e5619defd5d163f65,0,0,0,0,0,0,0,3.2855314202606678e-05,0.48203277587890625,0.015958060277625918,3.2855314202606678e-05,0.48203277587890625,0.015958060277625918,0,0,0.0001,64,64,0,6284.524498,1.745701250,19.802558488707536,520.72165470419066,87332.246262697998
ect.q256.schedule-switch-training-telemetry/v1,q256_fresh_crossed_switch_n12_matpool_numeric_recovery_v2,AB,A,B,549,q256_target_weight_v1,B,1.1000000000000001,1.1000000000000001,4549,4538,582272,582.272000,0,14.40545117855072,0,1477.3355708261622,1477.3355708261622,0,1477.3355708261622,0,0.16888685571679649,0,3962.4538525720554,0,3962.2700941828875,0,128,d0c547716a05fb9eafeae8dcdeb4834b5a01b76d523b1c45c541efe31fc9ad01,2e9f0995dba72b5904b82441397180d9f40a2075c8e41ba873e87ca2e7f07c4e,8f5ef84eeae8b242f0b90763a48baa359f70c65f018faf7320354e60f2cfcd45,1a2fa12d15645b887d370e7e9ecf47f7bbefb0ef13a2850347d83d391c482568,1a2fa12d15645b887d370e7e9ecf47f7bbefb0ef13a2850347d83d391c482568,a217f999a7654bf0a40154c433bb775cfc67781e4e9cfb08b5f7c5f5ce6aaf27,a217f999a7654bf0a40154c433bb775cfc67781e4e9cfb08b5f7c5f5ce6aaf27,0,0,0,0,0,0,0,3.2149138860404491e-05,0.37113189697265625,0.0186211644904688,3.2149138860404491e-05,0.37113189697265625,0.0186211644904688,0,0,0.0001,64,64,0,6286.463156,1.746239765,19.802453392739928,478.27059413437985,87289.862135031872
ect.q256.schedule-switch-training-telemetry/v1,q256_fresh_crossed_switch_n12_matpool_numeric_recovery_v2,AB,A,B,550,q256_target_weight_v1,B,1.1000000000000001,1.1000000000000001,4550,4539,582400,582.400000,0,15.081026554107666,0,1966.0091963949783,1966.0091963949783,0,1966.0091963949783,0,0.16577716889939134,0,3962.454053467166,0,3962.270188358782,0,128,8ec011d8eed11329efedcfdf2d8ec3e3cbef4bd46c7fff1484c08ecc8dcdba3e,6fac2910ee81344a88b22790b986f324a83c01a7eaa3a767710a0bf1aec2170b,63d0dd93e7ef2872ec45704f7a5e0fe98d788380cde47e1575ce1f3672de40ca,b76e97ddf3be66344879142a7ad109344edc58b4dbad5a45933d1f9fc23b6347,b76e97ddf3be66344879142a7ad109344edc58b4dbad5a45933d1f9fc23b6347,b0a6fd615a228f7b5ca5bbbbd7ba0c5c024ddb8ea5624244b368731a36b87741,b0a6fd615a228f7b5ca5bbbbd7ba0c5c024ddb8ea5624244b368731a36b87741,0,0,0,0,0,0,0,8.3112623542547226e-05,0.20062637329101562,0.010920289321802557,8.3112623542547226e-05,0.20062637329101562,0.010920289321802557,0,0,0.0001,64,64,0,6288.394237,1.746776177,19.802552100104933,428.81005215062095,87291.659417555173
ect.q256.schedule-switch-training-telemetry/v1,q256_fresh_crossed_switch_n12_matpool_numeric_recovery_v2,AB,A,B,551,q256_target_weight_v1,B,1.1000000000000001,1.1000000000000001,4551,4540,582528,582.528000,0,16.207780480384827,0,1829.9485836680901,1829.9485836680901,0,1829.9485836680901,0,0.16763955681911386,0,3962.4543027119685,0,3962.2702826288341,0,128,6e3c03793fb2e38c42c2676b40efc2bbb4c3031e2d79e452695b13fecf53f506,1021af086b23dfbd67c1be74a73524756e991a2aee27115557cbb43a7448f2d8,3671e5aa4ab527d82b32289bf2f533c27b62b3c58de7690b830d4b6a5c2a21e4,c73c12bde3c9b855a01097ae8765a97c742c098c17a3926cbcdf51bc8a2cdecf,c73c12bde3c9b855a01097ae8765a97c742c098c17a3926cbcdf51bc8a2cdecf,573ed746ea20347342b1b08da13d83bab7fc17a7492025c94903075e254c2bbc,573ed746ea20347342b1b08da13d83bab7fc17a7492025c94903075e254c2bbc,0,0,0,0,0,0,0,7.3711853474378586e-05,0.24725341796875,0.012591639184392989,7.3711853474378586e-05,0.24725341796875,0.012591639184392989,0,0,0.0001,64,64,0,6290.327106,1.747313085,19.802809912871453,421.97044358804487,87273.794171197733
ect.q256.schedule-switch-training-telemetry/v1,q256_fresh_crossed_switch_n12_matpool_numeric_recovery_v2,AB,A,B,552,q256_target_weight_v1,B,1.1000000000000001,1.1000000000000001,4552,4541,582656,582.656000,0,16.404328227043152,0,2078.3450647558907,2078.3450647558907,0,2078.3450647558907,0,0.16241922334687631,0,3962.4546007769741,0,3962.270377039094,0,128,5137edf308d3341e98633606160f20563c885a3d05542165c029184be4f2bcf1,4ee443c1670c98c85b17156af1956287761dbc58cf96351ca30a8256dd73b83f,576a2c4778e817f1f1a45ab3034a00dfbd52bd2555917b548d0463f2d49443e8,d63401b91ecffe560c9c4392063bd5bdc673bbd7e71d0a57dee9d77d4988611b,d63401b91ecffe560c9c4392063bd5bdc673bbd7e71d0a57dee9d77d4988611b,bd835b9c5b4e599757e65415651f0f73d3cf88428bc0ce6b4b3b4c02e727f49f,bd835b9c5b4e599757e65415651f0f73d3cf88428bc0ce6b4b3b4c02e727f49f,0,0,0,0,0,0,0,5.3012976422905922e-05,0.30287933349609375,0.0144481310271658,5.3012976422905922e-05,0.30287933349609375,0.0144481310271658,0,0,0.0001,64,64,0,6292.260672,1.747850187,19.803254579853888,459.18475273014656,87310.930962227532
ect.q256.schedule-switch-training-telemetry/v1,q256_fresh_crossed_switch_n12_matpool_numeric_recovery_v2,AB,A,B,553,q256_target_weight_v1,B,1.1000000000000001,1.1000000000000001,4553,4542,582784,582.784000,0,15.98182213306427,0,2478.6564840042975,2478.6564840042975,0,2478.6564840042975,0,0.16630343294382349,0,3962.4549056062256,0,3962.2704715912782,0,128,42f92e3cd89fc0799d90bbe4a2aa33c4e91aefda1f6e840039d83dde85973b85,588ddaeb81a5f97656cb48ca22e2da4ad5dda88845e926a80cbef8f04259e142,09feaebdfe8e0249c963a65cdcc697d217cb7b0da7196c0e1c5eb5e2ba71f199,a366e5cd37d8890960e21b68169b2756915a2dff7d16dc4db9ad3e78b1f7bd36,a366e5cd37d8890960e21b68169b2756915a2dff7d16dc4db9ad3e78b1f7bd36,d9f93e93ddcd9e7f97d4c75c726c5ecbcc12e84caa37951dd4b88ad0166fa875,d9f93e93ddcd9e7f97d4c75c726c5ecbcc12e84caa37951dd4b88ad0166fa875,0,0,0,0,0,0,0,3.6884215660393238e-05,0.2365875244140625,0.017790659330785275,3.6884215660393238e-05,0.2365875244140625,0.017790659330785275,0,0,0.0001,64,64,0,6294.199417,1.748388727,19.803537043166173,450.99750192466701,87371.841907373193
ect.q256.schedule-switch-training-telemetry/v1,q256_fresh_crossed_switch_n12_matpool_numeric_recovery_v2,AB,A,B,554,q256_target_weight_v1,B,1.1000000000000001,1.1000000000000001,4554,4543,582912,582.912000,0,18.377323150634766,0,1736.9618914988241,1736.9618914988241,0,1736.9618914988241,0,0.16653365326367917,0,3962.455201380445,0,3962.2705662742396,0,128,2328973b78562a0e8caf8514aeb75bccaf44da4be8a2204c531e564f006b5c77,2a31759f8a5f667873f4883ce82053225d2890d7b92b0263e8163038926d8998,e9f2e55b07dc2cf61c4a89fa2c5a00526cb4572b1fa9d251e7be088bd91146dd,cc420fa361121472b1ed9fc77dc3250c85ba43563186b625107eec0f7d2b0d52,cc420fa361121472b1ed9fc77dc3250c85ba43563186b625107eec0f7d2b0d52,3401b0fdc526816f887f1b4851561631894c74765394043e7628a258dd30adab,3401b0fdc526816f887f1b4851561631894c74765394043e7628a258dd30adab,0,0,0,0,0,0,0,1.7290061805397272e-05,0.097766876220703125,0.0090445323730818927,1.7290061805397272e-05,0.097766876220703125,0.0090445323730818927,0,0,0.0001,64,64,0,6296.131403,1.748925390,19.803755346412572,423.25882973205046,87346.394589009782
ect.q256.schedule-switch-training-telemetry/v1,q256_fresh_crossed_switch_n12_matpool_numeric_recovery_v2,AB,A,B,555,q256_target_weight_v1,B,1.1000000000000001,1.1000000000000001,4555,4544,583040,583.040000,0,17.302830219268799,0,2272.6989867847587,2272.6989867847587,0,2272.6989867847587,0,0.16838919670607322,0,3962.4554516414105,0,3962.2706610586329,0,128,7a7d9a8ca1d0c2de2054f12132dccce0ca1b43e79ddb41a2668852dd807bf89c,886adc53e9554a85ed1334663cd0d916e0854a8db52559a071b183052f861cd7,2ff84f436db9a08900af889196c54a859fe626529aa2aaeb6e837e0a5384cd8a,36c6896f390841751c3d02d7580099500fddb5de7a4ca7bdb4a4ced3fcd18791,36c6896f390841751c3d02d7580099500fddb5de7a4ca7bdb4a4ced3fcd18791,bbf25cf7e6de06e377e0e7497528c37719f3879ed77d6d45854c591feb81bb27,bbf25cf7e6de06e377e0e7497528c37719f3879ed77d6d45854c591feb81bb27,0,0,0,0,0,0,0,0.00010765949264168739,0.171875,0.011784614762291312,0.00010765949264168739,0.171875,0.011784614762291312,0,0,0.0001,64,64,0,6298.083011,1.749467503,19.803727172169271,438.22229201903622,87362.324216264431
ect.q256.schedule-switch-training-telemetry/v1,q256_fresh_crossed_switch_n12_matpool_numeric_recovery_v2,AB,A,B,556,q256_target_weight_v1,B,1.1000000000000001,1.1000000000000001,4556,4545,583168,583.168000,0,16.706623792648315,0,2338.0158483446071,2338.0158483446071,0,2338.0158483446071,0,0.17082969026220204,0,3962.4556185997967,0,3962.2707558725347,0,128,5fcfdfd1f000cbe274e6f19f6ca8941ed74e5ff11a23fd4a2b3acb633c5ab30a,8476359a98bfbbf89d7bbc9c56e4f5b8476b6f94d6aee9425bd821698eca9587,327390f28f0e46156300d09eeff45e513a9039f389242017fbb476751a1c8ef5,fa209fc3d67c1a76821839c7be0b73a945fc9107f8b5fa68ab7a610a5e28d3e4,fa209fc3d67c1a76821839c7be0b73a945fc9107f8b5fa68ab7a610a5e28d3e4,aac3cc3d5fd8262cdc30e027f154d34081b85cd76947dc8e3e15092903223c27,aac3cc3d5fd8262cdc30e027f154d34081b85cd76947dc8e3e15092903223c27,0,0,0,0,0,0,0,1.7387152183800936e-05,0.5391082763671875,0.015188762219622731,1.7387152183800936e-05,0.5391082763671875,0.015188762219622731,0,0,0.0001,64,64,0,6300.021690,1.750006025,19.803408018575151,480.2393375936033,87370.220312138219
ect.q256.schedule-switch-training-telemetry/v1,q256_fresh_crossed_switch_n12_matpool_numeric_recovery_v2,AB,A,B,557,q256_target_weight_v1,B,1.1000000000000001,1.1000000000000001,4557,4546,583296,583.296000,0,14.563616394996643,0,2277.0828089785805,2277.0828089785805,0,2277.0828089785805,0,0.16487217822282904,0,3962.4557344051182,0,3962.2708506769382,0,128,b9ab544c9f4690871e021f9fe7317c939e6c38f2d19929402bf857358ae27615,b61ee318f0870f1a2fbf0692e58ffcec382f237ac0cd3421a8c0ec387a450d51,7d0e6aca06befdfd7a99acdf3eb39a9d631e2a1d0d8a739976c1e295346311f0,adaebcbba129b2680d1eb6d4f959028050148f08efe8eeab7548b0ba6a89e087,adaebcbba129b2680d1eb6d4f959028050148f08efe8eeab7548b0ba6a89e087,d3c9ba5bb1c05348c2182703da6b08bbebbd0e9eacf9a6a289f3c00871da8e69,d3c9ba5bb1c05348c2182703da6b08bbebbd0e9eacf9a6a289f3c00871da8e69,0,0,0,0,0,0,0,6.4994674175977707e-05,0.6467742919921875,0.01740662450902164,6.4994674175977707e-05,0.6467742919921875,0.01740662450902164,0,0,0.0001,64,64,0,6301.954203,1.750542834,19.802916542051726,432.62713178302948,87427.695494530737
ect.q256.schedule-switch-training-telemetry/v1,q256_fresh_crossed_switch_n12_matpool_numeric_recovery_v2,AB,A,B,558,q256_target_weight_v1,B,1.1000000000000001,1.1000000000000001,4558,4547,583424,583.424000,0,15.909385681152344,0,1704.6052154535867,1704.6052154535867,0,1704.6052154535867,0,0.16678794005890088,0,3962.4557463350866,0,3962.2709454266487,0,128,a76a6a54488e28496724c152bf9da8fe80e12858d8232295d9235d1742aef298,c1df63123446e793048c903ba18b71d4e739394e4299948b63717c37613876f3,318b1fe7aa77e346bdc205e3a6eb5c30b99c3313634dc78b69df477f64ec2303,0d9ea183468ea6402e89f7957e9e1a3e474329693d98b2fcb144629a851e3829,0d9ea183468ea6402e89f7957e9e1a3e474329693d98b2fcb144629a851e3829,0dcf7e8f6360812529f4e76d831001052149c05cd7d6f7ea43f69c7e8da20b54,0dcf7e8f6360812529f4e76d831001052149c05cd7d6f7ea43f69c7e8da20b54,0,0,0,0,0,0,0,5.6903576478362083e-05,0.26190948486328125,0.01416447083465755,5.6903576478362083e-05,0.26190948486328125,0.01416447083465755,0,0,0.0001,64,64,0,6303.891459,1.751080961,19.80254693116342,453.98688699271344,87388.868923815011
ect.q256.schedule-switch-training-telemetry/v1,q256_fresh_crossed_switch_n12_matpool_numeric_recovery_v2,AB,A,B,559,q256_target_weight_v1,B,1.1000000000000001,1.1000000000000001,4559,4548,583552,583.552000,0,16.743636012077332,0,2570.8280812530361,2570.8280812530361,0,2570.8280812530361,0,0.17293063068268971,0,3962.4556915481221,0,3962.2710400600381,0,128,57229069787b4f556bc8dc91fa586d3fb0e9ac42558e46a5b39695c5d2b173d8,e6f5344f002b52cf19cb18e0ab0a60e555e440b5500677e9d3db4c4e80c78d5b,2aea3c33955d85857eef0445d3512b1b713da9f8af27fbe238c18835556644d7,66cb5677f63c989c25082f23b54330b360fe86c4787b0a5dc4a04e0d80762760,66cb5677f63c989c25082f23b54330b360fe86c4787b0a5dc4a04e0d80762760,71444385a035d97aab4b5135e12dd0e35e89e3bd8155a594ef633769eb3ecdc1,71444385a035d97aab4b5135e12dd0e35e89e3bd8155a594ef633769eb3ecdc1,0,0,0,0,0,0,0,1.4713092241436243e-05,0.5821533203125,0.019046089961193502,1.4713092241436243e-05,0.5821533203125,0.019046089961193502,0,0,0.0001,64,64,0,6305.821932,1.751617203,19.802847207317978,519.79393180786712,87442.945705890452
ect.q256.schedule-switch-training-telemetry/v1,q256_fresh_crossed_switch_n12_matpool_numeric_recovery_v2,AB,A,B,560,q256_target_weight_v1,B,1.1000000000000001,1.1000000000000001,4560,4549,583680,583.680000,0,13.645181655883789,0,1592.8272512111787,1592.8272512111787,0,1592.8272512111787,0,0.1704774834207306,0,3962.4556334325957,0,3962.2711345832336,0,128,297248aa8d751fd40217cae8532b839d819d7f6cade1f316468d1e458069372e,9dc4736a5be4e295c05e27ae03b6ffe6edade8a973e8e2934f4afbb53e7360f9,8d0e8832f94ade9884c54ed7ec057f5bc3f2c9dde1394fa968742ce8a8c5cf34,bd95223cd6eddce757d71894b6c2c7ae34d37405629c2ab244520ed869b04f67,bd95223cd6eddce757d71894b6c2c7ae34d37405629c2ab244520ed869b04f67,288b9d2fc4e87c9017b3e643c0b09b8ee94548cade74049724531e8df476ad28,288b9d2fc4e87c9017b3e643c0b09b8ee94548cade74049724531e8df476ad28,0,0,0,0,0,0,0,8.6592976003885269e-05,0.14440536499023438,0.01496669405605644,8.6592976003885269e-05,0.14440536499023438,0.01496669405605644,0,0,0.0001,64,64,0,6307.754222,1.752153950,19.803456221505641,537.6371138174884,87390.111798598999
ect.q256.schedule-switch-training-telemetry/v1,q256_fresh_crossed_switch_n12_matpool_numeric_recovery_v2,AB,A,B,561,q256_target_weight_v1,B,1.1000000000000001,1.1000000000000001,4561,4550,583808,583.808000,0,15.568005919456482,0,2002.7001652487988,2002.7001652487988,0,2002.7001652487988,0,0.17006166418373772,0,3962.455558451863,0,3962.2712289950491,0,128,b2aad8da0a07f30273bdc8f9770f845e6b4821dd7fa84570ffaec85959788119,aa990295b92362ba236386d4ee592f5fe9f26b811d2186aa0e03602951fa5dfc,612cdf5acf46afe4811bd2c423385b0e56301e9b576cb8346876e29c920b6e0e,82976804e5628320f31b776c81578a8c9b33bbed0ad5452cec4da01373ad25ae,82976804e5628320f31b776c81578a8c9b33bbed0ad5452cec4da01373ad25ae,c6236b4335e7e83eecce33c2d4a3fc4c128616a68015be7defaad0f17bb9f252,c6236b4335e7e83eecce33c2d4a3fc4c128616a68015be7defaad0f17bb9f252,0,0,0,0,0,0,0,8.1510515883564949e-05,0.35440826416015625,0.01446649874560535,8.1510515883564949e-05,0.35440826416015625,0.01446649874560535,0,0,0.0001,64,64,0,6309.761792,1.752711609,19.80424797514026,507.90203699621946,87345.762402727996
ect.q256.schedule-switch-training-telemetry/v1,q256_fresh_crossed_switch_n12_matpool_numeric_recovery_v2,AB,A,B,562,q256_target_weight_v1,B,1.1000000000000001,1.1000000000000001,4562,4551,583936,583.936000,0,14.744670510292053,0,1997.2638562137402,1997.2638562137402,0,1997.2638562137402,0,0.174529820058827,0,3962.4555437635272,0,3962.2713233290888,0,128,d6b8261c45ba618b9d77a881980af23cf49c1976ad5b2385e84835791a6c4389,9db7b6fa601fbc332e4a1528ff39a1c83e0e857bb60ff206498fcd32ba65782d,3dd8c0241a4c12915cae19497387ce06995fc81db02b06595a2904f905ef6e74,a400c2fbb0b1104a08c84bf9042da29c3973c001b5b5fe39e028524aca561e13,a400c2fbb0b1104a08c84bf9042da29c3973c001b5b5fe39e028524aca561e13,d9880188684d362c30c6dd4903408b1a4f321d902e5015b70a88f76a5daefed1,d9880188684d362c30c6dd4903408b1a4f321d902e5015b70a88f76a5daefed1,0,0,0,0,0,0,0,7.2667375206947327e-05,0.13271331787109375,0.014719324302859604,7.2667375206947327e-05,0.13271331787109375,0.014719324302859604,0,0,0.0001,64,64,0,6311.713505,1.753253751,19.804846418782464,518.76757367699611,87314.735744547623
ect.q256.schedule-switch-training-telemetry/v1,q256_fresh_crossed_switch_n12_matpool_numeric_recovery_v2,AB,A,B,563,q256_target_weight_v1,B,1.1000000000000001,1.1000000000000001,4563,4552,584064,584.064000,0,17.00421154499054,0,1938.4644719826208,1938.4644719826208,0,1938.4644719826208,0,0.17418694459987388,0,3962.4556495330503,0,3962.2714177144803,0,128,b8d37135a05a0b944146a4ed7cb34d9092249c072ffad2b16b7665ad97ba6dcc,646b180fa14e64fbe59ab16cc01ce00b8237a46ad295b116aae1627f10db7ef6,b92a6b3bd5b40fdf55416012cdf45f516861bd8550ead8c5a331db393edb9636,5399566171c364520f598d744781bffa41c43b87161cdfb94bcba84f104c2364,5399566171c364520f598d744781bffa41c43b87161cdfb94bcba84f104c2364,848a1c5b297a738b38403bd2771c26d69b1aa5e22f474ac881bd77bfc31c5ded,848a1c5b297a738b38403bd2771c26d69b1aa5e22f474ac881bd77bfc31c5ded,0,0,0,0,0,0,0,3.3786171115934849e-05,0.09697723388671875,0.0096341022872366011,3.3786171115934849e-05,0.09697723388671875,0.0096341022872366011,0,0,0.0001,64,64,0,6313.644559,1.753790155,19.805524317104975,452.50002390974856,87281.379750837121
ect.q256.schedule-switch-training-telemetry/v1,q256_fresh_crossed_switch_n12_matpool_numeric_recovery_v2,AB,A,B,564,q256_target_weight_v1,B,1.1000000000000001,1.1000000000000001,4564,4553,584192,584.192000,0,17.002619981765747,0,1886.6790850823998,1886.6790850823998,0,1886.6790850823998,0,0.16911014597424628,0,3962.4559029750226,0,3962.2715122552731,0,128,26de342ba9a096040f1c96a616bca803bf226780bcd5f6d7482f060505bdc481,0af85aaa5defa9c750488fd360fd1491f33ea8c52dbceee7ca21f3e08225f3e4,4230c7a7e79ad7ee7c5bfb1eec4e298f44e5846e033c291441d03f196eb2a6a1,5409d4d6a7cda38f3c59630dcd566892e6538fc3d7f62859e258515924491316,5409d4d6a7cda38f3c59630dcd566892e6538fc3d7f62859e258515924491316,40496e48d2c521840af9f2e50cc3811d43ae3a3b96583bf4043ac6948353a42d,40496e48d2c521840af9f2e50cc3811d43ae3a3b96583bf4043ac6948353a42d,0,0,0,0,0,0,0,4.2415456846356392e-05,0.24358367919921875,0.0099452928989194334,4.2415456846356392e-05,0.24358367919921875,0.0099452928989194334,0,0,0.0001,64,64,0,6315.574893,1.754326359,19.806173656812049,405.50867955481647,87265.268972797479
ect.q256.schedule-switch-training-telemetry/v1,q256_fresh_crossed_switch_n12_matpool_numeric_recovery_v2,AB,A,B,565,q256_target_weight_v1,B,1.1000000000000001,1.1000000000000001,4565,4554,584320,584.320000,0,17.559390902519226,0,2804.7403427722838,2804.7403427722838,0,2804.7403427722838,0,0.1728321162173424,0,3962.4561991188925,0,3962.2716068966993,0,128,592c25c2dc8a805f822ecc981fd8ee069d030cbc5467cc16e7378b7b46d9c018,0884bd2c9f898aed1fd5003b1157b309cf2abb9fa56b785e1455d31ed31cbe44,ab322826402aa358620229a1038b676110002a1df6c2c67c7b9dca8943e06eaa,972e33626180b95b251b98d7fcbcb7834e8a3f719d46689a3a132b6792dfb0c0,972e33626180b95b251b98d7fcbcb7834e8a3f719d46689a3a132b6792dfb0c0,0511156e4383e94bac33967b19e049674e4d190c701a1cdafb0d16151520d5e7,0511156e4383e94bac33967b19e049674e4d190c701a1cdafb0d16151520d5e7,0,0,0,0,0,0,0,1.2587930541485548e-05,0.6212158203125,0.016052932245656848,1.2587930541485548e-05,0.6212158203125,0.016052932245656848,0,0,0.0001,64,64,0,6317.512336,1.754864538,19.806863781767934,437.7677652437618,87331.932842850758
ect.q256.schedule-switch-training-telemetry/v1,q256_fresh_crossed_switch_n12_matpool_numeric_recovery_v2,AB,A,B,566,q256_target_weight_v1,B,1.1000000000000001,1.1000000000000001,4566,4555,584448,584.448000,0,14.378826856613159,0,2844.2439223168162,2844.2439223168162,0,2844.2439223168162,0,0.16822289376986443,0,3962.4565646059473,0,3962.2717016798761,0,128,381e108f411d45e85dcae08a69aeaba63681485fc74f9dc397da46d5ca0e6f83,191186ef54f7e54611536f5a41a6efa3b47cc4b7a35977cc2096ebb9f2b45446,9a5c7fd6c7d531e411ef941fee99ce3947a09483ffe1ca72f3a349a14040d1ac,897a037b5e219c655e9a643690587e34263b8421ce361b00a3fa1b82df5129ff,897a037b5e219c655e9a643690587e34263b8421ce361b00a3fa1b82df5129ff,e0eefa2fefb5afa09e274df085c27d1682c8862f44d06c9a7c333d3c71a4b760,e0eefa2fefb5afa09e274df085c27d1682c8862f44d06c9a7c333d3c71a4b760,0,0,0,0,0,0,0,7.8084180131554604e-05,0.16644668579101562,0.013578222366049886,7.8084180131554604e-05,0.16644668579101562,0.013578222366049886,0,0,0.0001,64,64,0,6319.443066,1.755400852,19.807766073845091,544.71785052731457,87496.103608224454
ect.q256.schedule-switch-training-telemetry/v1,q256_fresh_crossed_switch_n12_matpool_numeric_recovery_v2,AB,A,B,567,q256_target_weight_v1,B,1.1000000000000001,1.1000000000000001,4567,4556,584576,584.576000,0,17.374946355819702,0,2220.8365177997216,2220.8365177997216,0,2220.8365177997216,0,0.17159520416453683,0,3962.4568694210075,0,3962.271796616978,0,128,37403dac091dd7c260d77e51fc7aae8e4751b10de798b37406b1777ba0a849de,e0471c86600990a01608a0ff4c739d32256adc9e9fb24f7c6608e7a7a3574590,b171a892bc4cd2f1bf35c37b44fc34da94a4647b9136f2184552381d2fbd567d,1df9511c7220824ee66f496223ad8a3c81bc8c109ad8b7c057272dec72ad686e,1df9511c7220824ee66f496223ad8a3c81bc8c109ad8b7c057272dec72ad686e,5ddb95062ab32e6584bb7bbb804bd2385495cbf849ebd97da15162bd85b273ca,5ddb95062ab32e6584bb7bbb804bd2385495cbf849ebd97da15162bd85b273ca,0,0,0,0,0,0,0,7.6997966971248388e-06,0.19777297973632812,0.013637007679790258,7.6997966971248388e-06,0.19777297973632812,0.013637007679790258,0,0,0.0001,64,64,0,6321.372607,1.755936835,19.808667438407291,520.22714870354355,87475.545062512174
ect.q256.schedule-switch-training-telemetry/v1,q256_fresh_crossed_switch_n12_matpool_numeric_recovery_v2,AB,A,B,568,q256_target_weight_v1,B,1.1000000000000001,1.1000000000000001,4568,4557,584704,584.704000,0,16.075017333030701,0,2432.2188567171606,2432.2188567171606,0,2432.2188567171606,0,0.17737451963610942,0,3962.4570812531324,0,3962.2718916357121,0,128,d0d31fcaf73f19a5efeead5fa0b2c07853588d7ef09ccd6d63b2b6990f0f4364,85ccbe9654f23c20f9f27364216a610a3e3d25d18f68d55d548292de4fe2f178,16f36cb3fed80147081f2b2ced992bb72c4a3e75986582fd995a9c5b4ce782a9,f9c90d8b05861dc403ab2251d2aec3eeee2bd3db555f20efcd1fb9e6d303800d,f9c90d8b05861dc403ab2251d2aec3eeee2bd3db555f20efcd1fb9e6d303800d,111779a7ce6d27eb333a28270c9868ab729b15aa46c07dbb2c39601e80c58589,111779a7ce6d27eb333a28270c9868ab729b15aa46c07dbb2c39601e80c58589,0,0,0,0,0,0,0,7.7071134001016617e-05,0.5706329345703125,0.014827502891421318,7.7071134001016617e-05,0.5706329345703125,0.014827502891421318,0,0,0.0001,64,64,0,6323.321600,1.756478222,19.810423910582639,562.9597102175228,87479.988386627796
ect.q256.schedule-switch-training-telemetry/v1,q256_fresh_crossed_switch_n12_matpool_numeric_recovery_v2,AB,A,B,569,q256_target_weight_v1,B,1.1000000000000001,1.1000000000000001,4569,4558,584832,584.832000,0,16.195453882217407,0,1683.2531340989251,1683.2531340989251,0,1683.2531340989251,0,0.17422331879298397,0,3962.4572449548241,0,3962.2719867233559,0,128,b24852480d000de43abe92caa676360b98dcaa3c4ff196e70fc2feaf1d13825a,57314f00bd746b93fc940492d5aedbf231ca4e5f6535650c5df9b58e11167923,611768490eee45ab24aeed90e1b4437c6ac97e10cb5db7c585fbbc4ff8bedada,3784d37800500a9305e769b1570bcab7018dcb245af4a8f2a4667a72d7e7e0d9,3784d37800500a9305e769b1570bcab7018dcb245af4a8f2a4667a72d7e7e0d9,d7f111d89db7780c39800f7ca089c1c4149f79a5976956b7507adfba3087865c,d7f111d89db7780c39800f7ca089c1c4149f79a5976956b7507adfba3087865c,0,0,0,0,0,0,0,0.00011567864567041397,0.1668853759765625,0.010358312865719199,0.00011567864567041397,0.1668853759765625,0.010358312865719199,0,0,0.0001,64,64,0,6325.253958,1.757014988,19.812225086136777,544.60806438979102,87443.551883143562
ect.q256.schedule-switch-training-telemetry/v1,q256_fresh_crossed_switch_n12_matpool_numeric_recovery_v2,AB,A,B,570,q256_target_weight_v1,B,1.1000000000000001,1.1000000000000001,4570,4559,584960,584.960000,0,17.681874990463257,0,1847.6593022285886,1847.6593022285886,0,1847.6593022285886,0,0.1680050778852582,0,3962.4573559029268,0,3962.2720818318248,0,128,5c3e165747a8046b8b46060bffbaf5c221317e3c82cabae46aa2e47a900d647d,34da2d94f087a28bc2681a12c8f6ab774673a006fe99f3745101b8c088d15146,8af8a12485a6df5edfdee82b9a08216c64580f6030af28ef5c8548faa4f19ec5,0a029142a845a97f709799f759d0df2da09a80be84cd6d942e241c2492cff7ce,0a029142a845a97f709799f759d0df2da09a80be84cd6d942e241c2492cff7ce,5d4142224cdbfdc6c1f4013ae0f65eb6da810a92bae3acc4a844803b0fe48891,5d4142224cdbfdc6c1f4013ae0f65eb6da810a92bae3acc4a844803b0fe48891,0,0,0,0,0,0,0,2.6269699446856976e-05,0.098541259765625,0.0094734238227829337,2.6269699446856976e-05,0.098541259765625,0.0094734238227829337,0,0,0.0001,64,64,0,6327.186664,1.757551851,19.813727911977434,445.33040027411806,87444.873764182761
ect.q256.schedule-switch-training-telemetry/v1,q256_fresh_crossed_switch_n12_matpool_numeric_recovery_v2,AB,A,B,571,q256_target_weight_v1,B,1.1000000000000001,1.1000000000000001,4571,4560,585088,585.088000,0,17.189826607704163,0,2240.4482576696496,2240.4482576696496,0,2240.4482576696496,0,0.16590788166894468,0,3962.4573941600188,0,3962.2721768841075,0,128,e7a47f532634030a434511c8a6c4adb9c261e3fd43c3538d493e85b548e11ca9,89c6bb2caaff1ed589909bbc6855beb02fc8660328052dd1821932a2b09b1ebb,0c01328c2321c71508250ec276d50320c38d23a6d6dd0dde4ce1a846112336bb,f30d889109a17f91dbd5df32d50cbadbeddb765c2431a7f97e6f6ccd27f2dd2c,f30d889109a17f91dbd5df32d50cbadbeddb765c2431a7f97e6f6ccd27f2dd2c,b7b2c98c25559c0b39efb7e530fccaacb3eb52d50106d01da59fa0c4e7a91d2a,b7b2c98c25559c0b39efb7e530fccaacb3eb52d50106d01da59fa0c4e7a91d2a,0,0,0,0,0,0,0,4.5830849558115005e-05,0.475372314453125,0.015075080213136971,4.5830849558115005e-05,0.475372314453125,0.015075080213136971,0,0,0.0001,64,64,0,6329.129410,1.758091503,19.814896395633824,411.64703471714694,87492.647543804589
ect.q256.schedule-switch-training-telemetry/v1,q256_fresh_crossed_switch_n12_matpool_numeric_recovery_v2,AB,A,B,572,q256_target_weight_v1,B,1.1000000000000001,1.1000000000000001,4572,4561,585216,585.216000,0,15.086076259613037,0,1718.5310282141177,1718.5310282141177,0,1718.5310282141177,0,0.16762136590922672,0,3962.4573670000027,0,3962.2722718461655,0,128,09d851299bec7d692bb50fbe2273ee47afad2532bdc57d531df2a0e4ead398af,d8206fa1f45455cf8e68b1d4446a272c36bb8a265218107c840244c6e9b6513c,1aca4ca66e1bfaeabae5e0abf990aecf8396268b9979951a5fd12c9dbcce23bd,261652087f0d6c1ee36fa307d5d3d1085807a9bd04ad7092d4fc163d302219b1,261652087f0d6c1ee36fa307d5d3d1085807a9bd04ad7092d4fc163d302219b1,ea0b0956b303c4f912f36f4aead8d6f3497202b6867fc6eb3eaaa7b28cd078cd,ea0b0956b303c4f912f36f4aead8d6f3497202b6867fc6eb3eaaa7b28cd078cd,0,0,0,0,0,0,0,5.2356859669089317e-05,0.100830078125,0.011364434787537903,5.2356859669089317e-05,0.100830078125,0.011364434787537903,0,0,0.0001,64,64,0,6331.071383,1.758630940,19.815980469433168,418.36656359711799,87456.577299752404
ect.q256.schedule-switch-training-telemetry/v1,q256_fresh_crossed_switch_n12_matpool_numeric_recovery_v2,AB,A,B,573,q256_target_weight_v1,B,1.1000000000000001,1.1000000000000001,4573,4562,585344,585.344000,0,16.924754500389099,0,1947.4094769818448,1947.4094769818448,0,1947.4094769818448,0,0.17302554970734724,0,3962.457251898516,0,3962.2723666759339,0,128,fee0146d7426c571e3aee4393c733a2bdad652532bbeb6a05498e39646bc8aa7,da09327e75a972821bd0104341e7dbe6274d33f9a6abaf47cf42c49a31e1c3f5,144de0985c1458c3e774666c6345454f2b230bb20c9bb4d246d72227e92c6285,f5f433dbf3bc12909f1d7a8832787f38028aed44740da829b85b6894345c5328,f5f433dbf3bc12909f1d7a8832787f38028aed44740da829b85b6894345c5328,22f666a4d1ad0beca063da70fdd07f6e2b5474650c9affec9f6c45bc216d0eed,22f666a4d1ad0beca063da70fdd07f6e2b5474650c9affec9f6c45bc216d0eed,0,0,0,0,0,0,0,3.4441822208464146e-05,0.08709716796875,0.0098546710214577615,3.4441822208464146e-05,0.08709716796875,0.0098546710214577615,0,0,0.0001,64,64,0,6333.011677,1.759169910,19.816871843190608,450.42600686682357,87460.472051996403
ect.q256.schedule-switch-training-telemetry/v1,q256_fresh_crossed_switch_n12_matpool_numeric_recovery_v2,AB,A,B,574,q256_target_weight_v1,B,1.1000000000000001,1.1000000000000001,4574,4563,585472,585.472000,0,15.794694066047668,0,2987.0259563236173,2987.0259563236173,0,2987.0259563236173,0,0.17390128789795434,0,3962.4571473638689,0,3962.2724613392884,0,128,b41b79740544bc7c803d149bb78da297b3332dd6d6e55a288a277b82ddcc2ff1,556f8387cbfaed693eeabad9599161b0ea4fc82fad9309d493f31df6dcf88df7,b514dcfb9622229e464ddf63ace277441d7e9e69ce0aac3bc8287d9ca72d982e,bd2a6ce08c002e28032522fa01bc8077b9ed75ed58b5146ff682d737acaaaa4a,bd2a6ce08c002e28032522fa01bc8077b9ed75ed58b5146ff682d737acaaaa4a,a25542d7ec0219493bd463588cfb81ef85acee811e32ed909f1511d2bd46e65e,a25542d7ec0219493bd463588cfb81ef85acee811e32ed909f1511d2bd46e65e,0,0,0,0,0,0,0,2.4643493816256523e-05,0.17205047607421875,0.012915622210130095,2.4643493816256523e-05,0.17205047607421875,0.012915622210130095,0,0,0.0001,64,64,0,6334.960119,1.759711144,19.818191345635199,524.9585574134851,87600.345316131177
ect.q256.schedule-switch-training-telemetry/v1,q256_fresh_crossed_switch_n12_matpool_numeric_recovery_v2,AB,A,B,575,q256_target_weight_v1,B,1.1000000000000001,1.1000000000000001,4575,4564,585600,585.600000,0,15.888702869415283,0,3482.2913125251657,3482.2913125251657,0,3482.2913125251657,0,0.17855247983522118,0,3962.4571038505951,0,3962.2725559047822,0,128,75d8d2f423a2f0671a7d58be5e8650374b20dfb5d5dce5a6a1d481eae11fce7c,346d04f50832da51d11882f81cb705639d25bd13cbba49b760cf07c9d551ef8b,bb2afae3edd4e5ad820a3ee9f670efe172f944df6fb2aa05e97369f68c8a6a43,50f5871535029e72008ee80f9e12c42a3d6e0bebcae2fee7ce17c2037100e420,50f5871535029e72008ee80f9e12c42a3d6e0bebcae2fee7ce17c2037100e420,5a0642361395bae561c1578ad08732b932ea547f4f80eb366ef15255676581c6,5a0642361395bae561c1578ad08732b932ea547f4f80eb366ef15255676581c6,0,0,0,0,0,0,0,6.1641214415431023e-05,0.22578048706054688,0.017101408797316253,6.1641214415431023e-05,0.22578048706054688,0.017101408797316253,0,0,0.0001,64,64,0,6336.900086,1.760250024,19.818998680756675,718.22359467236174,87875.221555682394
ect.q256.schedule-switch-training-telemetry/v1,q256_fresh_crossed_switch_n12_matpool_numeric_recovery_v2,AB,A,B,576,q256_target_weight_v1,B,1.1000000000000001,1.1000000000000001,4576,4565,585728,585.728000,0,14.841059923171997,0,2361.859759322273,2361.859759322273,0,2361.859759322273,0,0.18598045482591211,0,3962.4570692194984,0,3962.2726503640451,0,128,9e2b71d6e2cb87d0a654acab5dd64591445de6a26694d37fd8625e6b35594f6b,fd3e1381954e11ae0ded315ba6a069a7f130684a60fd1eccbd5c1b13f39aad0b,c2896c91804320054628faf5d02cc66a867cb0b62ebc61325e2b44202fcac973,5eec0e78b21a61e38ddbdf445783def0cfe1f2036731610a7bc2b51759774755,5eec0e78b21a61e38ddbdf445783def0cfe1f2036731610a7bc2b51759774755,48c7d92eb2430fbf902c2e4c570afe45d0b3429d611ec68aa77f8dd2c6f20c9a,48c7d92eb2430fbf902c2e4c570afe45d0b3429d611ec68aa77f8dd2c6f20c9a,0,0,0,0,0,0,0,4.5472756028175354e-05,0.54401397705078125,0.017965479753911495,4.5472756028175354e-05,0.54401397705078125,0.017965479753911495,0,0,0.0001,64,64,0,6338.839081,1.760788634,19.819976296507015,626.78801883167205,87914.698479253071
ect.q256.schedule-switch-training-telemetry/v1,q256_fresh_crossed_switch_n12_matpool_numeric_recovery_v2,AB,A,B,577,q256_target_weight_v1,B,1.1000000000000001,1.1000000000000001,4577,4566,585856,585.856000,0,16.409108281135559,0,1531.5806784420902,1531.5806784420902,0,1531.5806784420902,0,0.17924412847951884,0,3962.4570633589765,0,3962.2727446968902,0,128,152ffb0ed1278d3d0dceace34b189b8c7a6ba26dc288c9027646ad45e7b9a47b,ba2ab5243371c4b7fdaa266f13db3890adf7f63cb42cd92762c91c3ac94cd522,772c9f22c1a719b16f575e0d3ba7107bbe1a435b6a519e76d7463154efe6cc24,325fc1eb65da1fc7e397cc0d6849058a65bf558ccf10666d37d61abe7202ef83,325fc1eb65da1fc7e397cc0d6849058a65bf558ccf10666d37d61abe7202ef83,3dc0f989c06f55fbd07c61eed40e85595babef7a90784cb86416a2e8328d6d3e,3dc0f989c06f55fbd07c61eed40e85595babef7a90784cb86416a2e8328d6d3e,0,0,0,0,0,0,0,3.434368409216404e-05,0.1279144287109375,0.011751202342566103,3.434368409216404e-05,0.1279144287109375,0.011751202342566103,0,0,0.0001,64,64,0,6340.774087,1.761326135,19.820852557195547,549.41905101459952,87857.619239302745
ect.q256.schedule-switch-training-telemetry/v1,q256_fresh_crossed_switch_n12_matpool_numeric_recovery_v2,AB,A,B,578,q256_target_weight_v1,B,1.1000000000000001,1.1000000000000001,4578,4567,585984,585.984000,0,17.188279151916504,0,1883.7651898162126,1883.7651898162126,0,1883.7651898162126,0,0.17280939943806758,0,3962.4571433629362,0,3962.2728390514835,0,128,0c644a5fae3d7fff6b98050a662ad7b6c39fbd06537ef7682cbce2c5f1050597,77cd6b4b7c936d2383c829c2988171022c47ab044b09ceaf70db36acacdafe20,1c577bba4d7360a38b21047e5cf2984af62756e8b2e1fcadec0d010976d15994,48b32db6a81995b6c0321dae4d328f1dbdc2bd9507ebe279eafd378702511f10,48b32db6a81995b6c0321dae4d328f1dbdc2bd9507ebe279eafd378702511f10,73232e255b7004d703f7188698b207e523bd058692af59bcb72301f8f5635169,73232e255b7004d703f7188698b207e523bd058692af59bcb72301f8f5635169,0,0,0,0,0,0,0,1.8586753867566586e-05,0.16802215576171875,0.010050983633846045,1.8586753867566586e-05,0.16802215576171875,0.010050983633846045,0,0,0.0001,64,64,0,6342.704881,1.761862467,19.821516073427592,455.74926804084907,87839.303130537664
ect.q256.schedule-switch-training-telemetry/v1,q256_fresh_crossed_switch_n12_matpool_numeric_recovery_v2,AB,A,B,579,q256_target_weight_v1,B,1.1000000000000001,1.1000000000000001,4579,4568,586112,586.112000,0,14.479723691940308,0,2814.7005258086087,2814.7005258086087,0,2814.7005258086087,0,0.17370518926012457,0,3962.4573408794113,0,3962.2729334847295,0,128,3a3bb2a7ecea2576fff4b592a0e4feffca507a7860409e5a34610e50fa60710a,f0d800345f370d6e8a8f8ba3024828bd1e682a8d6d512db865e79d2bd7d69964,09ebd95a81c052a0a9aa009f6b79263b80c69549c3204a36f7143f3fbab896d6,f98b5b5958b7ee24781ce0d19f90ac60f91e907639b9e9623ade1efac1df0818,f98b5b5958b7ee24781ce0d19f90ac60f91e907639b9e9623ade1efac1df0818,3b0308060992dc76d9f9bd65556c9073d32923e9d9f837544ff43a7f48d1cd60,3b0308060992dc76d9f9bd65556c9073d32923e9d9f837544ff43a7f48d1cd60,0,0,0,0,0,0,0,4.3917447328567505e-05,0.19972610473632812,0.014006015553604811,4.3917447328567505e-05,0.19972610473632812,0.014006015553604811,0,0,0.0001,64,64,0,6344.636948,1.762399152,19.822899261712497,410.45717007292444,87939.750215826571
ect.q256.schedule-switch-training-telemetry/v1,q256_fresh_crossed_switch_n12_matpool_numeric_recovery_v2,AB,A,B,580,q256_target_weight_v1,B,1.1000000000000001,1.1000000000000001,4580,4569,586240,586.240000,0,15.620439410209656,0,1723.333435550107,1723.333435550107,0,1723.333435550107,0,0.17104973364435819,0,3962.4576395246568,0,3962.2730280621349,0,128,376e2516d1ff010b3ea2d9dceee10addf469f00703385ca275c3905c0a8ce6ba,ffe0b77d14bf940369c199591c3e7f73bf438c736cb457dfc10374b6a60c7807,02fe6ae4f7042eaa38bd10e9d2e23a2003e09b6867eac7021f1b0eb479d68a33,28864a830fbd992f11ff496ef03d96a6d1d66031829de5ef3b1cdfb53b8b24da,28864a830fbd992f11ff496ef03d96a6d1d66031829de5ef3b1cdfb53b8b24da,ba42512d24095ec27760f19c266c9c8ef2914514ee036d084e4f2cf569b8cc86,ba42512d24095ec27760f19c266c9c8ef2914514ee036d084e4f2cf569b8cc86,0,0,0,0,0,0,0,0.00017131119966506958,0.36850738525390625,0.012492443551309407,0.00017131119966506958,0.36850738525390625,0.012492443551309407,0,0,0.0001,64,64,0,6346.572693,1.762936859,19.82439669955971,417.06668971908022,87914.873427850893
ect.q256.schedule-switch-training-telemetry/v1,q256_fresh_crossed_switch_n12_matpool_numeric_recovery_v2,AB,A,B,581,q256_target_weight_v1,B,1.1000000000000001,1.1000000000000001,4581,4570,586368,586.368000,0,15.092087507247925,0,2598.720819448688,2598.720819448688,0,2598.720819448688,0,0.17300903754976726,0,3962.4579382732322,0,3962.27312275543,0,128,8f747d49ece992e216f6a32cc053e735581b18dac85271bf2cee59f00bf5f7ae,3916bc58b49bb49647988597fc304b5551c08fad347916ed47b902dea4407bd5,1b98b5aaac7f10a57ded2d0e80e230ce35cce8b951126d44b64924b51d948f1b,66fed1f792944709feab1900a312815ae9334cf19730cd920b3d58338dcfe27a,66fed1f792944709feab1900a312815ae9334cf19730cd920b3d58338dcfe27a,868e3624f230b0ff670d012477d5b226b8e1a92e29d67e8611ee917dd3c9cdde,868e3624f230b0ff670d012477d5b226b8e1a92e29d67e8611ee917dd3c9cdde,0,0,0,0,0,0,0,0.00014625024050474167,0.07669830322265625,0.010849694604985416,0.00014625024050474167,0.07669830322265625,0.010849694604985416,0,0,0.0001,64,64,0,6348.507067,1.763474185,19.825994294433809,466.00251587749517,87971.552161403277
ect.q256.schedule-switch-training-telemetry/v1,q256_fresh_crossed_switch_n12_matpool_numeric_recovery_v2,AB,A,B,582,q256_target_weight_v1,B,1.1000000000000001,1.1000000000000001,4582,4571,586496,586.496000,0,17.51900315284729,0,4076.5990782767158,4076.5990782767158,0,4076.5990782767158,0,0.17955752257822263,0,3962.4582917336534,0,3962.2732176267359,0,128,fa38ae80244b8cd819973b470634562bd419e308610eec03a37763699d6e926d,e5cf0ef269fee45ec6396f6524bc55cbccce4b25daf26065489fde29f7108c87,6500cdb12f3b0348d67d088902c1a0500711a17930b0f0c26f11fe2afc53ac7b,fdfc18d737fe7ea899cb8a0d496647358110fe6081fed2acaf0970ea123a3776,fdfc18d737fe7ea899cb8a0d496647358110fe6081fed2acaf0970ea123a3776,8fd4979cc8abe7423740b3f6a326d875003b53ba0420c91518b42e7806f7f41d,8fd4979cc8abe7423740b3f6a326d875003b53ba0420c91518b42e7806f7f41d,0,0,0,0,0,0,0,4.4342363253235817e-05,0.14118194580078125,0.010864228359423578,4.4342363253235817e-05,0.14118194580078125,0.010864228359423578,0,0,0.0001,64,64,0,6350.437605,1.764010446,19.827956205148169,695.7413621736639,88357.023883089263
ect.q256.schedule-switch-training-telemetry/v1,q256_fresh_crossed_switch_n12_matpool_numeric_recovery_v2,AB,A,B,583,q256_target_weight_v1,B,1.1000000000000001,1.1000000000000001,4583,4572,586624,586.624000,0,17.398332357406616,0,1599.7879379971407,1599.7879379971407,0,1599.7879379971407,0,0.17282653409292142,0,3962.4586535484596,0,3962.2733126628564,0,128,d47f07de999734a0e240c508d0a8865c8ab4ba265ea37ffa6430406b1e119485,9171db837ec54ade5fb5c484d710450d438504fd161d983393dcedcc106fd445,62498d0be4a38418d32420986705b8450ba1c1d5480452c5c26fce65b3bcc9e9,f31f345bc9fc9bafdbe5c070817ab93c3c97746d07ac31aa516e5d79a134c149,f31f345bc9fc9bafdbe5c070817ab93c3c97746d07ac31aa516e5d79a134c149,b5bf307fbc0fc55fa4d2e879cd6026d3f393d44db414c3f2f777de618534e1ff,b5bf307fbc0fc55fa4d2e879cd6026d3f393d44db414c3f2f777de618534e1ff,0,0,0,0,0,0,0,6.3931336626410484e-05,0.091335296630859375,0.010600578680168837,6.3931336626410484e-05,0.091335296630859375,0.010600578680168837,0,0,0.0001,64,64,0,6352.368261,1.764546739,19.830091256608092,698.68474431092284,88314.110926585432
ect.q256.schedule-switch-training-telemetry/v1,q256_fresh_crossed_switch_n12_matpool_numeric_recovery_v2,AB,A,B,584,q256_target_weight_v1,B,1.1000000000000001,1.1000000000000001,4584,4573,586752,586.752000,0,15.89711606502533,0,1531.9771958192175,1531.9771958192175,0,1531.9771958192175,0,0.16747087124227078,0,3962.4589348252603,0,3962.2734078418025,0,128,a66d0de8f6a7b0697d5c0cbbcbebf56ed6d6f1a3cc1d2b6b8a88c8c86d1615ea,a24841c3ac86e774f8652afc5d63768074d67f53262c0a3b8fdf539559cb3f01,83fb4c1e33d6bda5a756acf65f0bb33f6090ff0a52dfc8c4a5b7f4adc5ddbb1a,3885db555912fcbd44ad6e97f038877cf98408186ea574c288101ef12ac09744,3885db555912fcbd44ad6e97f038877cf98408186ea574c288101ef12ac09744,b613e6ad4d88c1eab9b38abedb8dd5f82885742449f45ef18b4b44bf7860fd0c,b613e6ad4d88c1eab9b38abedb8dd5f82885742449f45ef18b4b44bf7860fd0c,0,0,0,0,0,0,0,3.8742320612072945e-05,0.8670501708984375,0.019517457578331232,3.8742320612072945e-05,0.8670501708984375,0.019517457578331232,0,0,0.0001,64,64,0,6354.304380,1.765084550,19.831892194829781,619.3590029421714,88261.582259943636
ect.q256.schedule-switch-training-telemetry/v1,q256_fresh_crossed_switch_n12_matpool_numeric_recovery_v2,AB,A,B,585,q256_target_weight_v1,B,1.1000000000000001,1.1000000000000001,4585,4574,586880,586.880000,0,14.580441832542419,0,2824.0506113419319,2824.0506113419319,0,2824.0506113419319,0,0.170472387617844,0,3962.4591578855934,0,3962.273503097811,0,128,1e620e61c4269f23604b988a5ee79a8f50da4a714e21fc918d4210016c3eea39,6e1e35dcebed66096a636af6b71ae0a23b0c32f21ef31f79282131d2f931945d,20941f163e8ee7d9e73af8c241acbd0886c3611aabdda36aee1b907011622802,dd13387897342725c98f124665b5c1f7f00d7ae83c5531f77bc98af46ac2596b,dd13387897342725c98f124665b5c1f7f00d7ae83c5531f77bc98af46ac2596b,b773fa3edcfd6c5d82a5efc000c2c3c84e7ad84a567b05a6bfb3a7b85df077b4,b773fa3edcfd6c5d82a5efc000c2c3c84e7ad84a567b05a6bfb3a7b85df077b4,0,0,0,0,0,0,0,0.0001006382517516613,0.046667098999023438,0.0099368240335024893,0.0001006382517516613,0.046667098999023438,0.0099368240335024893,0,0,0.0001,64,64,0,6356.234531,1.765620703,19.833135012178019,439.53657957183304,88360.931595947884
ect.q256.schedule-switch-training-telemetry/v1,q256_fresh_crossed_switch_n12_matpool_numeric_recovery_v2,AB,A,B,586,q256_target_weight_v1,B,1.1000000000000001,1.1000000000000001,4586,4575,587008,587.008000,0,15.471896886825562,0,1451.4044090195541,1451.4044090195541,0,1451.4044090195541,0,0.16504059791395198,0,3962.4593189704501,0,3962.2735984337414,0,128,093320cd8fd5a1dd627fc5a0ac0d18fa1b497ac39b09f210edd13df9b4e308a9,95f0dc1947519e28d40ccd69e488170f01c8a91224dbcce8f523a5de5b688796,e8ea36be6cdfd59665efba490a61265159995da6f7c46d4dda7b5d5cd3169d6a,15abd904ed195414b0a359bebf5267f8e6e5bcf039919192187147a88ded066e,15abd904ed195414b0a359bebf5267f8e6e5bcf039919192187147a88ded066e,78677d740e782e0f968b18a93b69b752dd4cfb0b4912f47dbd083f43cf77bd8c,78677d740e782e0f968b18a93b69b752dd4cfb0b4912f47dbd083f43cf77bd8c,0,0,0,0,0,0,0,8.6328946053981781e-05,0.455902099609375,0.021184049546718597,8.6328946053981781e-05,0.455902099609375,0.021184049546718597,0,0,0.0001,64,64,0,6358.181931,1.766161648,19.834427682111357,398.51851130298957,88311.258739744328
ect.q256.schedule-switch-training-telemetry/v1,q256_fresh_crossed_switch_n12_matpool_numeric_recovery_v2,AB,A,B,587,q256_target_weight_v1,B,1.1000000000000001,1.1000000000000001,4587,4576,587136,587.136000,0,17.60719096660614,0,1945.9567778467535,1945.9567778467535,0,1945.9567778467535,0,0.16363348571967865,0,3962.4593375379773,0,3962.273693723816,0,128,50cbaa7c4e64974481f9665ad155694dac07af3075d19d7898272ebd77bc5a98,3122f231f024e03ca16bab8078bd387352895e81e763fdd9bfa053fc73642a59,b498fb158ae8e84dd140ad07eaf3906183a520aee50830da971cfa31efa206f7,f6a130be6648b3b9d3091666eba2f12e9072f911a161cfd25824eaa5e7533fc1,f6a130be6648b3b9d3091666eba2f12e9072f911a161cfd25824eaa5e7533fc1,a9f5c24c07f7335ee00cb57814bb8c093ed099e50875d06c5525f69a27171bbf,a9f5c24c07f7335ee00cb57814bb8c093ed099e50875d06c5525f69a27171bbf,0,0,0,0,0,0,0,0.00010067736729979515,0.26282501220703125,0.012154622061643749,0.00010067736729979515,0.26282501220703125,0.012154622061643749,0,0,0.0001,64,64,0,6360.121665,1.766700462,19.835535191948907,384.55445375989677,88290.053777867448
ect.q256.schedule-switch-training-telemetry/v1,q256_fresh_crossed_switch_n12_matpool_numeric_recovery_v2,AB,A,B,588,q256_target_weight_v1,B,1.1000000000000001,1.1000000000000001,4588,4577,587264,587.264000,0,17.173432111740112,0,2295.4700748237451,2295.4700748237451,0,2295.4700748237451,0,0.16297799777196931,0,3962.4592252959842,0,3962.2737888455404,0,128,8d5b9dd8a8f00ad0b344a9c92681296a12b5c244263031fae2bdd2a4231a7587,dac818a8bd0463a0dd6be8f2b7a6ee0608fdd5be3dcab92ba48af992a8a66f23,9a4ee0ae24ccaa9f54eb45e6dac22cc773dd10da45ce624a13121563fb8b2f02,31dc2fb581f1f747cb1bab249ffc655651a9126302b7e5a67d7612975a7b918e,31dc2fb581f1f747cb1bab249ffc655651a9126302b7e5a67d7612975a7b918e,8788d59f5971fefde22006619208dff82c77ffb9642ec624d5b339e637c4fda1,8788d59f5971fefde22006619208dff82c77ffb9642ec624d5b339e637c4fda1,0,0,0,0,0,0,0,2.1192769054323435e-05,0.4939422607421875,0.017516304040327668,2.1192769054323435e-05,0.4939422607421875,0.017516304040327668,0,0,0.0001,64,64,0,6362.054889,1.767237469,19.836434750874993,410.7164774487112,88332.536599957093
ect.q256.schedule-switch-training-telemetry/v1,q256_fresh_crossed_switch_n12_matpool_numeric_recovery_v2,AB,A,B,589,q256_target_weight_v1,B,1.1000000000000001,1.1000000000000001,4589,4578,587392,587.392000,0,15.779570341110229,0,2309.5172338808047,2309.5172338808047,0,2309.5172338808047,0,0.1711345273640659,0,3962.4591023615867,0,3962.2738837931038,0,128,91e0f40ed0c3df303a090ea7b62e097d6ce5ba338c56e6786cce57c079bfebe2,ca53f421223aa2faa8b90fa4ad11b6018c7d0ccb291f9b54660f4645d7fc7a5c,ae607923093efcc8ed84e370f63c503051d8a788a6f1804bf7c82c0a4728eb05,c59fa3a0891747ded06f42d8590484377e80405cf6cccd42437cbb539fb8e360,c59fa3a0891747ded06f42d8590484377e80405cf6cccd42437cbb539fb8e360,dcc8613249a26a3da027db8cad631b1927cbf16447228f57395b1ca953c76ab5,dcc8613249a26a3da027db8cad631b1927cbf16447228f57395b1ca953c76ab5,0,0,0,0,0,0,0,5.6402059271931648e-05,0.22764968872070312,0.013697245740331709,5.6402059271931648e-05,0.22764968872070312,0.013697245740331709,0,0,0.0001,64,64,0,6364.001642,1.767778234,19.837163833312701,477.46554323132835,88310.760000868875
ect.q256.schedule-switch-training-telemetry/v1,q256_fresh_crossed_switch_n12_matpool_numeric_recovery_v2,AB,A,B,590,q256_target_weight_v1,B,1.1000000000000001,1.1000000000000001,4590,4579,587520,587.520000,0,15.782233834266663,0,2554.9862039160685,2554.9862039160685,0,2554.9862039160685,0,0.17378620831208469,0,3962.4589241097729,0,3962.2739785739545,0,128,a446d332eb9b723d370a5885724dc74a2e91e431ba64df17afefda3a764fc795,f0511154ed8d3009fdfb532009fe8b8b28d4bc8eee81b152b3f3059982f356b7,feb9e3c8f30a8502ca3338820ec500628d2702cdff6b6c18bde018806be65a2d,560ab883fa21a07b1937d996126eddc65b22c1bc3f592a191942f6bb8eaf5cc3,560ab883fa21a07b1937d996126eddc65b22c1bc3f592a191942f6bb8eaf5cc3,df102afc4c091dce1d058e8f77cb3a2346768271dbc733f6c351e975596ae389,df102afc4c091dce1d058e8f77cb3a2346768271dbc733f6c351e975596ae389,0,0,0,0,0,0,0,0.00012396369129419327,0.077859878540039062,0.010166337306145579,0.00012396369129419327,0.077859878540039062,0.010166337306145579,0,0,0.0001,64,64,0,6365.933853,1.768314959,19.838038564379197,573.56657058634858,88398.238698687652
ect.q256.schedule-switch-training-telemetry/v1,q256_fresh_crossed_switch_n12_matpool_numeric_recovery_v2,AB,A,B,591,q256_target_weight_v1,B,1.1000000000000001,1.1000000000000001,4591,4580,587648,587.648000,0,16.978310108184814,0,1400.0657912361182,1400.0657912361182,0,1400.0657912361182,0,0.17105512540744902,0,3962.4587560323698,0,3962.2740731778072,0,128,affce2698c845660be7fb7845e1dc924c6e2b24c2fa1c2fc4f8c35e7976537c6,96eb6e6bd1039d9ff1b4daba910066e34fc08c08c05f115c68369f07fe5f87b0,2d00fbbe7a0cf98e385bc7b099fae0d2efbd4975dfb33418f9d543487b99d889,cd8292fcab7f6cf86f22930e927d2d4226e5f331e33f48a44f9c657730ca98dc,cd8292fcab7f6cf86f22930e927d2d4226e5f331e33f48a44f9c657730ca98dc,df4327752c853b0df5020139e6d5f014b5949b9bd42c7fe57f31b51521bd25d8,df4327752c853b0df5020139e6d5f014b5949b9bd42c7fe57f31b51521bd25d8,0,0,0,0,0,0,0,3.1308038160204887e-05,0.7399749755859375,0.020837644988205284,3.1308038160204887e-05,0.7399749755859375,0.020837644988205284,0,0,0.0001,64,64,0,6367.866882,1.768851912,19.839277308834767,535.6241751896988,88329.525651136952
ect.q256.schedule-switch-training-telemetry/v1,q256_fresh_crossed_switch_n12_matpool_numeric_recovery_v2,AB,A,B,592,q256_target_weight_v1,B,1.1000000000000001,1.1000000000000001,4592,4581,587776,587.776000,0,16.74494469165802,0,1446.174920084984,1446.174920084984,0,1446.174920084984,0,0.1660193781514254,0,3962.4585676561192,0,3962.2741675616558,0,128,70ece4bec6a38590bea7094549a100a934b7ec21ac91fd13e9a0502a75b24a9a,79b6797483bc47ba076c164226ba36e79aa69477e7e91d447d7ffb83967c01cd,749f9d60a2da66bd4cf54ea20169439e01a816f874090e51a9b882fa57e90089,5b9c9caa36782055f626077dbd3ff95033d44e36cde07b69eb6accbdb69ce0f8,5b9c9caa36782055f626077dbd3ff95033d44e36cde07b69eb6accbdb69ce0f8,5f8d7678d10f232c68b43aa4cf4d1f8f5b69f0d949c6f23739d28ad5c504ac4b,5f8d7678d10f232c68b43aa4cf4d1f8f5b69f0d949c6f23739d28ad5c504ac4b,0,0,0,0,0,0,0,1.308351056650281e-05,0.25020599365234375,0.013045221450738609,1.308351056650281e-05,0.25020599365234375,0.013045221450738609,0,0,0.0001,64,64,0,6369.878683,1.769410745,19.840584000685624,545.96703428621436,88272.091328987823
ect.q256.schedule-switch-training-telemetry/v1,q256_fresh_crossed_switch_n12_matpool_numeric_recovery_v2,AB,A,B,593,q256_target_weight_v1,B,1.1000000000000001,1.1000000000000001,4593,4582,587904,587.904000,0,17.687126278877258,0,1319.4658815589619,1319.4658815589619,0,1319.4658815589619,0,0.15989524311124459,0,3962.4584830555018,0,3962.2742618035222,0,128,68d02816756cf168bd61958d25bc52ec2cd9ab5afccd1fde10c47172bc274742,fadf84a61f60c1496f080256a45323b57f61f30abbcdda092457dcfef6616eca,ce3d9bd22b1acf6422f321a15e8456ed98c95050be7988c58cbb8fa73ebc8ed2,1f370846b6f0d0073eab8efb544dbb40ef8857050731190a14e9581da18785ce,1f370846b6f0d0073eab8efb544dbb40ef8857050731190a14e9581da18785ce,f338f2323f390ec4204752eb6caf205550cefcb6bfc84de30956ef3d1f6e012e,f338f2323f390ec4204752eb6caf205550cefcb6bfc84de30956ef3d1f6e012e,0,0,0,0,0,0,0,5.0882808864116669e-05,0.15300750732421875,0.0089481516624800861,5.0882808864116669e-05,0.15300750732421875,0.0089481516624800861,0,0,0.0001,64,64,0,6371.846713,1.769957420,19.842040701112282,530.82220321604132,88213.594210907526
ect.q256.schedule-switch-training-telemetry/v1,q256_fresh_crossed_switch_n12_matpool_numeric_recovery_v2,AB,A,B,594,q256_target_weight_v1,B,1.1000000000000001,1.1000000000000001,4594,4583,588032,588.032000,0,17.178396701812744,0,1440.3523631106293,1440.3523631106293,0,1440.3523631106293,0,0.15697184709946388,0,3962.458484338536,0,3962.2743559906512,0,128,f600dae90198a85607827a177389477837429fd39ec166322bebf87d0ef030b3,35228596711416102dfbf903357326e8c2ed1292e86b15d0186d1879d2469041,6af260e35bc96b482a3dcb91da2aff46859097b22c66bbd76315f3771e4fc31e,75897eff0acab930b8c736619289188e522bfdd334f749803e3252ec545e77fc,75897eff0acab930b8c736619289188e522bfdd334f749803e3252ec545e77fc,dd066256e3cc38f8e23c3cc60d4e65b56e8683c580ca97bc886603b27c894953,dd066256e3cc38f8e23c3cc60d4e65b56e8683c580ca97bc886603b27c894953,0,0,0,0,0,0,0,4.4264597818255424e-05,0.12805366516113281,0.010071587166748941,4.4264597818255424e-05,0.12805366516113281,0.010071587166748941,0,0,0.0001,64,64,0,6373.786607,1.770496280,19.843696713663455,460.00691548474663,88162.387744781983
ect.q256.schedule-switch-training-telemetry/v1,q256_fresh_crossed_switch_n12_matpool_numeric_recovery_v2,AB,A,B,595,q256_target_weight_v1,B,1.1000000000000001,1.1000000000000001,4595,4584,588160,588.160000,0,16.27718198299408,0,1695.7646400806595,1695.7646400806595,0,1695.7646400806595,0,0.15617250878901098,0,3962.4585890226349,0,3962.2744502034293,0,128,0f4a1a7a7ff518ca22926a76f97121f9a74c24585c1a0f647022422e6c6c0e03,f0f40488f37d675cb1dbcdbb9509ef88ffa387bcc3480c017aa6d1c22003f392,f4d2c7e57b66d4d60415f393331c13de9900c561b875b435589fae2e6f5baf91,c8e92f7abc5bc3c75bab7dabec8a1f4e2f4a9f015cbddcfe3b4ca4d7d041b04d,c8e92f7abc5bc3c75bab7dabec8a1f4e2f4a9f015cbddcfe3b4ca4d7d041b04d,d8fa40dff02e06d4c544f66f90ebaf770fbbae87f0704124c018237dec8368dd,d8fa40dff02e06d4c544f66f90ebaf770fbbae87f0704124c018237dec8368dd,0,0,0,0,0,0,0,0.00010008784011006355,1.6185302734375,0.021576834318693727,0.00010008784011006355,1.6185302734375,0.021576834318693727,0,0,0.0001,64,64,0,6375.723096,1.771034193,19.845266995274699,422.45103517383467,88128.516465927314
ect.q256.schedule-switch-training-telemetry/v1,q256_fresh_crossed_switch_n12_matpool_numeric_recovery_v2,AB,A,B,596,q256_target_weight_v1,B,1.1000000000000001,1.1000000000000001,4596,4585,588288,588.288000,0,16.943495631217957,0,2292.5603402947418,2292.5603402947418,0,2292.5603402947418,0,0.15873095283832328,0,3962.4587993639884,0,3962.2745444638458,0,128,e0f65ec157da9dec3e94771235c32d84ff63b244480bc3699c1fd399d2e70aff,93ae18231f7ba357d2336a823553cb44873a01c62622c240a24b19871bb4f172,f90f4e97355a84c862048b5cb9442e5cd5e72b5d58d0584eea3fea6348a75ea7,058b6ac73da25e9396332a531d1920d19f3124e0c1318e8f2bef9cacae83c4f7,058b6ac73da25e9396332a531d1920d19f3124e0c1318e8f2bef9cacae83c4f7,b68e60b0b514b4e5e83e764c706a948cc24422b3162d5ca1fc1e2144bc6a5f0a,b68e60b0b514b4e5e83e764c706a948cc24422b3162d5ca1fc1e2144bc6a5f0a,0,0,0,0,0,0,0,6.2853796407580376e-05,0.1652984619140625,0.01343255618121475,6.2853796407580376e-05,0.1652984619140625,0.01343255618121475,0,0,0.0001,64,64,0,6377.660523,1.771572368,19.846739501011363,407.2945131631501,88127.782252352801
ect.q256.schedule-switch-training-telemetry/v1,q256_fresh_crossed_switch_n12_matpool_numeric_recovery_v2,AB,A,B,597,q256_target_weight_v1,B,1.1000000000000001,1.1000000000000001,4597,4586,588416,588.416000,0,15.84071671962738,0,2058.4364933181027,2058.4364933181027,0,2058.4364933181027,0,0.16702643323602676,0,3962.4591477836975,0,3962.2746388413038,0,128,74e10f2d4c871622e608937194b1a8bb0e31714b4ceb4fdf01d452f590d1865e,6a78d079729663b8d1101f884aaadaf0da2c76b5ef32dc5fe408ad3ebb20c66c,a1e1ab639d234e578909e3e2d7e4e57d2340a391dfce4233a44a820cac6e050f,6f9e56b41cc6cc0eb8bb9e2dce5812d1eae6da1c571b1a906ed89d1bb3d8bde1,6f9e56b41cc6cc0eb8bb9e2dce5812d1eae6da1c571b1a906ed89d1bb3d8bde1,e0567a8530dbb98e456a1e462bf381b7c1ae60669304556086537e89490af69c,e0567a8530dbb98e456a1e462bf381b7c1ae60669304556086537e89490af69c,0,0,0,0,0,0,0,7.2426861152052879e-05,0.27370452880859375,0.014829637599177659,7.2426861152052879e-05,0.27370452880859375,0.014829637599177659,0,0,0.0001,64,64,0,6379.593950,1.772109430,19.848530532607374,438.67006351729697,88086.790825947173
ect.q256.schedule-switch-training-telemetry/v1,q256_fresh_crossed_switch_n12_matpool_numeric_recovery_v2,AB,A,B,598,q256_target_weight_v1,B,1.1000000000000001,1.1000000000000001,4598,4587,588544,588.544000,0,14.507957935333252,0,2225.8688215111833,2225.8688215111833,0,2225.8688215111833,0,0.17154773164533682,0,3962.4596213824361,0,3962.2747334754404,0,128,3ae55b40da0129d4e66e2c07e1222247e3935163054f14fa31529bfb81201c02,303d39cbdb7a98a8299bb733af661e0f1f4e042c3465c128d4b0fcf7b7d3dd56,4ce70d2f22b3b7dba755b590a93bd6ca65ae882252d5e09f2b210f5922fe18fc,f6f054e99a6d01638a0c7658f547831d115107fec7584770f003543e26eb1f08,f6f054e99a6d01638a0c7658f547831d115107fec7584770f003543e26eb1f08,48e103d65fb6a743fdb0d038c671393c4f12607f302e7850bbe083b805a2ac14,48e103d65fb6a743fdb0d038c671393c4f12607f302e7850bbe083b805a2ac14,0,0,0,0,0,0,0,4.6016648411750793e-05,0.6163330078125,0.018844396807253361,4.6016648411750793e-05,0.6163330078125,0.018844396807253361,0,0,0.0001,64,64,0,6381.525457,1.772645960,19.850287206504461,456.82104614906586,88086.755415396561
ect.q256.schedule-switch-training-telemetry/v1,q256_fresh_crossed_switch_n12_matpool_numeric_recovery_v2,AB,A,B,599,q256_target_weight_v1,B,1.1000000000000001,1.1000000000000001,4599,4588,588672,588.672000,0,15.80892539024353,0,2260.1747614353649,2260.1747614353649,0,2260.1747614353649,0,0.17097324223920679,0,3962.4601847245626,0,3962.2748284808017,0,128,a5ac9799e76717ffb25109b0b5eb23bfb0ee51222b83dd36b7919e811f39df2a,be94f33e767ca8aa8074fefe886c08cac3100c5c01d3db219a992919e5c04fbc,b0b1c5997457ef52ba1d6f74820c0980ab5e6c7976372e9cd8999a91bd4cf228,f0f4dae552d8b536884cc92d448daeeed072be0690942332646d94f6797f01c7,f0f4dae552d8b536884cc92d448daeeed072be0690942332646d94f6797f01c7,ff171aaa6d9ab56d341c6d645e1a18677b55a7c62e397fab0e2028a3d4ddb064,ff171aaa6d9ab56d341c6d645e1a18677b55a7c62e397fab0e2028a3d4ddb064,0,0,0,0,0,0,0,4.3939100578427315e-05,0.29085540771484375,0.013832913420628756,4.3939100578427315e-05,0.29085540771484375,0.013832913420628756,0,0,0.0001,64,64,0,6383.457389,1.773182608,19.852114087007124,522.05825057409959,88092.378039486299
ect.q256.schedule-switch-training-telemetry/v1,q256_fresh_crossed_switch_n12_matpool_numeric_recovery_v2,AB,A,B,600,q256_target_weight_v1,B,1.1000000000000001,1.1000000000000001,4600,4589,588800,588.800000,0,16.231128692626953,0,2697.267187058359,2697.267187058359,0,2697.267187058359,0,0.17578755562569762,0,3962.4608622012365,0,3962.2749239029085,0,128,619ce8866ffb843567ef5a714eab7cd331aa071524d0ddb8d5d506aff825199e,58941196b158652bbaeb4acc4fe601f62c016b77c8e60ed0c507a3d446d37d3c,bbf43c5b4ad0360a4aae698d73e85c2cf91f2897105387f342eab22b43737047,2c604d4d93273148c8c0fec802f090d320fb4f5dc1df99a5772e8a0e09e85f1c,2c604d4d93273148c8c0fec802f090d320fb4f5dc1df99a5772e8a0e09e85f1c,777ab1d778d450d1eacdd3860134328333370ab1c7364151f7e7cb832b15dca5,777ab1d778d450d1eacdd3860134328333370ab1c7364151f7e7cb832b15dca5,0,0,0,0,0,0,0,2.1154177375137806e-05,0.2855987548828125,0.015566564281471074,2.1154177375137806e-05,0.2855987548828125,0.015566564281471074,0,0,0.0001,64,64,0,6385.386824,1.773718562,19.85392081235625,634.95223290343768,88165.761651609864
ect.q256.schedule-switch-training-telemetry/v1,q256_fresh_crossed_switch_n12_matpool_numeric_recovery_v2,AB,A,B,601,q256_target_weight_v1,B,1.1000000000000001,1.1000000000000001,4601,4590,588928,588.928000,0,16.279325127601624,0,1704.8467932477304,1704.8467932477304,0,1704.8467932477304,0,0.17370170842280638,0,3962.4615276525815,0,3962.2750197184987,0,128,5eef292ddf88e40f30b7171f273a55cde281e9ff63368f9f5d155784c20c59cb,740492acbe19f993f16bd5fe67055ef42eb0c431ce54c035d008ae6caea38c00,28c676d1b1b755615017bebe2f932217528733ae8db8c2034176eb69d52855c6,2046b7f611c985278f3983b0887ec241b5565f12b006cdc914b38adc4d5a0e1d,2046b7f611c985278f3983b0887ec241b5565f12b006cdc914b38adc4d5a0e1d,e22fdeb948c94818d04b76c5a72c04e90db48f675ac43fa6b9d3df6f32b286df,e22fdeb948c94818d04b76c5a72c04e90db48f675ac43fa6b9d3df6f32b286df,0,0,0,0,0,0,0,6.7438522819429636e-06,1.0290069580078125,0.021043660002760589,6.7438522819429636e-06,1.0290069580078125,0.021043660002760589,0,0,0.0001,64,64,0,6387.318432,1.774255120,19.855437134059326,638.45539523250852,88126.299148478312
ect.q256.schedule-switch-training-telemetry/v1,q256_fresh_crossed_switch_n12_matpool_numeric_recovery_v2,AB,A,B,602,q256_target_weight_v1,B,1.1000000000000001,1.1000000000000001,4602,4591,589056,589.056000,0,15.736030459403992,0,1300.7517621749521,1300.7517621749521,0,1300.7517621749521,0,0.16528876724072819,0,3962.4622365023738,0,3962.2751159778636,0,128,a8e3bbdd5ee819220ac876779d278d8c2c2841379031413d3cbdf043f165fb33,767f0401d63c967df7a5e357d9c213c1fbf2e17669b7a562dbaaee01e5c4585c,85bffc77311823f1d04d4df445c3bcc8d291b4d09c9a96f9c468722ed7d92c02,74645abca3a8e2430a837b7b5ba4c0cf37e31be298b3304826d13cfb610eb099,74645abca3a8e2430a837b7b5ba4c0cf37e31be298b3304826d13cfb610eb099,5c577a2b50600ba77ccc963372a22fe731cdfb7d9ee877a26eb20624ce926a5a,5c577a2b50600ba77ccc963372a22fe731cdfb7d9ee877a26eb20624ce926a5a,0,0,0,0,0,0,0,0.00012551480904221535,0.40636444091796875,0.015007218753453344,0.00012551480904221535,0.40636444091796875,0.015007218753453344,0,0,0.0001,64,64,0,6389.251239,1.774792011,19.856710797294806,622.40193235567585,88063.672683771467
ect.q256.schedule-switch-training-telemetry/v1,q256_fresh_crossed_switch_n12_matpool_numeric_recovery_v2,AB,A,B,603,q256_target_weight_v1,B,1.1000000000000001,1.1000000000000001,4603,4592,589184,589.184000,0,15.89618968963623,0,1572.6646317388384,1572.6646317388384,0,1572.6646317388384,0,0.16532447394850525,0,3962.4628592796639,0,3962.2752125541956,0,128,5d79558c930bb1179a9cefa1837902577c94542203ba58f7c2e30af96f78ed38,170c52f59b6d68a174c68b030de49426a910bbc75d7df693d0a5968543f6514f,b762ae8426b39c2d95e1c1ded18ada07cd4ecff669f8063442db4ea31bd2859f,f95cf82c0f46a7d22607efaba878bc2c41ba1f35650e41781422e2629f98d0fb,f95cf82c0f46a7d22607efaba878bc2c41ba1f35650e41781422e2629f98d0fb,97d4fc8797fd546e0ca4c3a64246f9f9933aa22e26e8c43140ed6afa669a873f,97d4fc8797fd546e0ca4c3a64246f9f9933aa22e26e8c43140ed6afa669a873f,0,0,0,0,0,0,0,4.4622691348195076e-05,0.4793548583984375,0.016402116627432406,4.4622691348195076e-05,0.4793548583984375,0.016402116627432406,0,0,0.0001,64,64,0,6391.189653,1.775330459,19.857367879898732,533.54251844024509,88009.302713416793
ect.q256.schedule-switch-training-telemetry/v1,q256_fresh_crossed_switch_n12_matpool_numeric_recovery_v2,AB,A,B,604,q256_target_weight_v1,B,1.1000000000000001,1.1000000000000001,4604,4593,589312,589.312000,0,17.76854133605957,0,1958.3671142895278,1958.3671142895278,0,1958.3671142895278,0,0.16221923433964824,0,3962.4634054884377,0,3962.2753094424388,0,128,cf447a7c371ad62abb75c43d1f37e8198432f9c52a7c9eeb1d52a42a1a459965,1f828414e766197711c1e61f23261b7a7b65c41963569f16ed2cfa50359c6844,ca0f42820dd5951a1637389ab8b97b29cf350cf339275217e4d2608e8da41d95,c8378e1d1b5f66038540a52715e51c7532eedf31b15d6eb981bfaabaad30bfbe,c8378e1d1b5f66038540a52715e51c7532eedf31b15d6eb981bfaabaad30bfbe,06ceb477ea41640cf54817a18277519e551560f57cf633e9235a0a84339ab18b,06ceb477ea41640cf54817a18277519e551560f57cf633e9235a0a84339ab18b,0,0,0,0,0,0,0,0.00011798413470387459,0.1894073486328125,0.010546960693318397,0.00011798413470387459,0.1894073486328125,0.010546960693318397,0,0,0.0001,64,64,0,6393.122004,1.775867223,19.857648841265036,498.34693880105573,88000.153133539992
ect.q256.schedule-switch-training-telemetry/v1,q256_fresh_crossed_switch_n12_matpool_numeric_recovery_v2,AB,A,B,605,q256_target_weight_v1,B,1.1000000000000001,1.1000000000000001,4605,4594,589440,589.440000,0,19.636475563049316,0,1794.7573629398757,1794.7573629398757,0,1794.7573629398757,0,0.15760087476493737,0,3962.4637571874009,0,3962.2754065710737,0,128,73c7530d1fe4eb73f8b23deec9a6be5271d4a911f032036d9ea9f3fd834228c4,0297d648591596c03bf45f285cf40d5d83b55b895a81d469b5feb1d3ffe1cd42,b3a287c5b95e0a3d17845046a7ae349426ef1775c666c93a5e4795d8c815c4c2,40f629b4adb1ba1d2413ecb592932e39d6811a64fea518596b65f6aa8f46bb79,40f629b4adb1ba1d2413ecb592932e39d6811a64fea518596b65f6aa8f46bb79,63f1a48ed0228691e1a8e417ed1b2d92f72f8bec1ccd3ae7a59f345468d32f06,63f1a48ed0228691e1a8e417ed1b2d92f72f8bec1ccd3ae7a59f345468d32f06,0,0,0,0,0,0,0,8.90316441655159e-05,0.042860984802246094,0.0061434995732270181,8.90316441655159e-05,0.042860984802246094,0.0061434995732270181,0,0,0.0001,64,64,0,6395.052390,1.776403442,19.857864670721533,451.01871320134956,87976.99270073988
ect.q256.schedule-switch-training-telemetry/v1,q256_fresh_crossed_switch_n12_matpool_numeric_recovery_v2,AB,A,B,606,q256_target_weight_v1,B,1.1000000000000001,1.1000000000000001,4606,4595,589568,589.568000,0,16.112945318222046,0,1794.0068159329426,1794.0068159329426,0,1794.0068159329426,0,0.15678000410966048,0,3962.4639888011548,0,3962.2755037587763,0,128,8c8a0e70a376517266c6ba89547a6dce4c4928ebd0b514dba297f669083a725d,24c80f033811191fdfe91eaad6f79598682791267ba9d01d743c47fcacdfedee,f23ff362cb082b552ea21afe310637647eb34fade843a0f490de2b6eaaad3056,461b4dd5f10187713e91779e81d9413a46136d31caec85912e38ad54b21e20b1,461b4dd5f10187713e91779e81d9413a46136d31caec85912e38ad54b21e20b1,675d4637d04a42d43e8e2dd84c4927d90bda2ade251493cea8441f4b8953cca8,675d4637d04a42d43e8e2dd84c4927d90bda2ade251493cea8441f4b8953cca8,0,0,0,0,0,0,0,4.1364808566868305e-05,0.18812942504882812,0.014132884214632213,4.1364808566868305e-05,0.18812942504882812,0.014132884214632213,0,0,0.0001,64,64,0,6396.984471,1.776940131,19.858213004643208,401.37623001235681,87938.200520805636
ect.q256.schedule-switch-training-telemetry/v1,q256_fresh_crossed_switch_n12_matpool_numeric_recovery_v2,AB,A,B,607,q256_target_weight_v1,B,1.1000000000000001,1.1000000000000001,4607,4596,589696,589.696000,0,16.689148902893066,0,1794.5290597678763,1794.5290597678763,0,1794.5290597678763,0,0.1571617495289703,0,3962.4640772610119,0,3962.2756009154896,0,128,9d2d6bf5b9139c0c60deeaa73599e26bfb6ecc98748722db040fec6e5fea20ad,2e5c32499fc2292ac655dac542e41774245057d93fe3624219c130ff4b2d6395,2184d4bcd8decf8443f7ee901a54acacddc156fb42d7a267069012ac6c3bcc1d,c6e8bd18920199515bcdd30c735408afe35822305176f3a856f08cb70eb30187,c6e8bd18920199515bcdd30c735408afe35822305176f3a856f08cb70eb30187,8f95e7b57557e9f98e2a2ab6bd620ed03bf90d60620d44a6a499cd5aeced768e,8f95e7b57557e9f98e2a2ab6bd620ed03bf90d60620d44a6a499cd5aeced768e,0,0,0,0,0,0,0,3.5774079151451588e-05,0.1565704345703125,0.01093692216090858,3.5774079151451588e-05,0.1565704345703125,0.01093692216090858,0,0,0.0001,64,64,0,6398.917674,1.777477132,19.858043782115391,357.11105419874008,87899.469794816265
ect.q256.schedule-switch-training-telemetry/v1,q256_fresh_crossed_switch_n12_matpool_numeric_recovery_v2,AB,A,B,608,q256_target_weight_v1,B,1.1000000000000001,1.1000000000000001,4608,4597,589824,589.824000,0,14.60230541229248,0,2253.7279439955882,2253.7279439955882,0,2253.7279439955882,0,0.1544037793993247,0,3962.4640519880691,0,3962.275698006104,0,128,d6cf54c8dacbb6517b21076537a031d265b5a846683c11f00433fe91ad6df072,a9ac26926f6c35e6e392dee2213aff5e6cc7dab36d921c58c1bf722d711a9497,b39094187195f39f54ab4b6ac5051ff14dbbc22de4bad613b2c9460ce54ed132,1193b31b2a854b4ab88394ab2effcc2c388a72f5748056c9dc50e1d1b252238a,1193b31b2a854b4ab88394ab2effcc2c388a72f5748056c9dc50e1d1b252238a,b76e491b3587fae18a656731c3a6072151c9e0cf9116e7d25799c1824816c90c,b76e491b3587fae18a656731c3a6072151c9e0cf9116e7d25799c1824816c90c,0,0,0,0,0,0,0,7.6025724411010742e-05,0.15511703491210938,0.01196149701718241,7.6025724411010742e-05,0.15511703491210938,0.01196149701718241,0,0,0.0001,64,64,0,6400.854275,1.778015076,19.856944362409813,377.25112866988042,87933.380000825258
ect.q256.schedule-switch-training-telemetry/v1,q256_fresh_crossed_switch_n12_matpool_numeric_recovery_v2,AB,A,B,609,q256_target_weight_v1,B,1.1000000000000001,1.1000000000000001,4609,4598,589952,589.952000,0,16.588103413581848,0,1721.7469189114254,1721.7469189114254,0,1721.7469189114254,0,0.15518812332048434,0,3962.4639213494534,0,3962.2757949272877,0,128,e67af2ff5f100c1aed2d34f57d4e99f0f509e846f8794c8ba38a0c19f701f89a,011f7c4ce0eda7a57a45aba54fdb1bc90d34ef38ec837d702d16ab1940d75d7a,13e761612542a202c191a3e7789d9fdf575ea315332bf4c1a3b17acc6811d13c,132dd44bc012c84ad8b179ce8a9b38c0dce5677883b1a20cc250cbed79101e81,132dd44bc012c84ad8b179ce8a9b38c0dce5677883b1a20cc250cbed79101e81,68d400c55251764aadfb7aa09a5474152cc5b5e76580832919251abc6c253a10,68d400c55251764aadfb7aa09a5474152cc5b5e76580832919251abc6c253a10,0,0,0,0,0,0,0,4.9486290663480759e-05,0.6481781005859375,0.016938270739046857,4.9486290663480759e-05,0.6481781005859375,0.016938270739046857,0,0,0.0001,64,64,0,6402.795637,1.778554344,19.855368403267967,393.7978987489646,87893.047112469925
ect.q256.schedule-switch-training-telemetry/v1,q256_fresh_crossed_switch_n12_matpool_numeric_recovery_v2,AB,A,B,610,q256_target_weight_v1,B,1.1000000000000001,1.1000000000000001,4610,4599,590080,590.080000,0,17.951031923294067,0,1630.5848929106694,1630.5848929106694,0,1630.5848929106694,0,0.15465769608908606,0,3962.4636862729531,0,3962.275891607736,0,128,5f44a3ac4ec8cf61bf29f4964a424f21c6239126cdda4e1d16f77d2193b47d72,25322a01333d481ef0ee26a2a53f1e484dfcb74317318c824e1d180b36cb625e,8eb6f61482dbede6855b210e669297a69d33c0fc87f9320e0f2e552dd0bc7b4a,4a6d5670ab9d46604c42a745609b25e8dd23d9c2001ae1c736243e3b5bdba73a,4a6d5670ab9d46604c42a745609b25e8dd23d9c2001ae1c736243e3b5bdba73a,7342251804e77bfa2441dd83c89e7a3da7bc83bbd71fed2b1c441c923e0f962e,7342251804e77bfa2441dd83c89e7a3da7bc83bbd71fed2b1c441c923e0f962e,0,0,0,0,0,0,0,5.590636283159256e-05,0.7376251220703125,0.014200042991433293,5.590636283159256e-05,0.7376251220703125,0.014200042991433293,0,0,0.0001,64,64,0,6404.736244,1.779093401,19.853369830123093,407.05697089208729,87845.477671350949
ect.q256.schedule-switch-training-telemetry/v1,q256_fresh_crossed_switch_n12_matpool_numeric_recovery_v2,AB,A,B,611,q256_target_weight_v1,B,1.1000000000000001,1.1000000000000001,4611,4600,590208,590.208000,0,15.166406273841858,0,1386.6521346696911,1386.6521346696911,0,1386.6521346696911,0,0.15397018306912882,0,3962.4634493333492,0,3962.2759880776989,0,128,014f402d98291f48732b1c2d58318bc1b9e8f18dfad0a20497ac4587cabb3587,b35533ac06b78ec2c3110660653c63c243ebaed60f9b2ad183b49d8bd49b11c6,e2c8801a03ef38e9ab072b917380dc28c1e87aadca9426fc30d6497ad96b038f,0bd1d40ad5747e6560add53a6c3ff9e1caa09b7e264f35a70333d3c7a2b56605,0bd1d40ad5747e6560add53a6c3ff9e1caa09b7e264f35a70333d3c7a2b56605,bdcfc7814cdf91f20bdda3c71b146db30ad87df1b7197079065e64c340f19eba,bdcfc7814cdf91f20bdda3c71b146db30ad87df1b7197079065e64c340f19eba,0,0,0,0,0,0,0,6.8198191002011299e-05,1.0205230712890625,0.020757326623424888,6.8198191002011299e-05,1.0205230712890625,0.020757326623424888,0,0,0.0001,64,64,0,6406.670776,1.779630771,19.851419817332449,394.26590677233685,87785.553134057671
ect.q256.schedule-switch-training-telemetry/v1,q256_fresh_crossed_switch_n12_matpool_numeric_recovery_v2,AB,A,B,612,q256_target_weight_v1,B,1.1000000000000001,1.1000000000000001,4612,4601,590336,590.336000,0,16.10653829574585,0,950.68037178163536,950.68037178163536,0,950.68037178163536,0,0.14691604472315944,0,3962.4632607187787,0,3962.2760843200167,0,128,c56249f54b8779656e806c75ab3ed1b8d53a7c5b5a2ad0c982220367a21efc04,682afa2fd71ac722bdb64e2b2ca89920bda0c848f267340f68e89edd1fb709d1,3e5487879ce393d706eef4ecc2857e1508f573d056aaff6456c193120205cf83,47d09c1e91b236d1d3b950b661ee6ca677b0ced02a6c53659cfee4155081aef3,47d09c1e91b236d1d3b950b661ee6ca677b0ced02a6c53659cfee4155081aef3,814cef072fc33a34f55faeb16c5673686b8b5eaf0fad0aa5614eedbd535ebb37,814cef072fc33a34f55faeb16c5673686b8b5eaf0fad0aa5614eedbd535ebb37,0,0,0,0,0,0,0,4.0676677599549294e-05,0.099252700805664062,0.0092079924652352929,4.0676677599549294e-05,0.099252700805664062,0.0092079924652352929,0,0,0.0001,64,64,0,6408.607260,1.780168683,19.849281657056391,382.88575114740445,87709.29231079093
ect.q256.schedule-switch-training-telemetry/v1,q256_fresh_crossed_switch_n12_matpool_numeric_recovery_v2,AB,A,B,613,q256_target_weight_v1,B,1.1000000000000001,1.1000000000000001,4613,4602,590464,590.464000,0,14.978143930435181,0,1684.5501815723335,1684.5501815723335,0,1684.5501815723335,0,0.15260522522130979,0,3962.463038524892,0,3962.2761803899434,0,128,4c15857650a51815e1829b9e3e215c2132a56ba8fc75983d89a2479cd1f2ed04,1847940647a9652bfaa70f5fba63aada56328d79ab6d2622d89f7adf9ba458e4,e3e436321f7ddeee209bfebb923e76049d6038d47d9a008ce9ad1a0b439d7a12,0d3e55d06146b3dc4b17fde42ccac60d53c10de9cc280d3fbe14b62e392818e6,0d3e55d06146b3dc4b17fde42ccac60d53c10de9cc280d3fbe14b62e392818e6,7ad4c63ce7001e6a47e5ef9db4eac9273a16d130e2c43dd1ae795a7330f113ec,7ad4c63ce7001e6a47e5ef9db4eac9273a16d130e2c43dd1ae795a7330f113ec,0,0,0,0,0,0,0,6.8236608058214188e-05,0.070766448974609375,0.010563850170001388,6.8236608058214188e-05,0.070766448974609375,0.010563850170001388,0,0,0.0001,64,64,0,6410.539613,1.780705448,19.847107757056555,387.11364740016995,87658.860914925855
ect.q256.schedule-switch-training-telemetry/v1,q256_fresh_crossed_switch_n12_matpool_numeric_recovery_v2,AB,A,B,614,q256_target_weight_v1,B,1.1000000000000001,1.1000000000000001,4614,4603,590592,590.592000,0,15.559862494468689,0,1527.3024681181619,1527.3024681181619,0,1527.3024681181619,0,0.14636020910935424,0,3962.4628307023336,0,3962.2762762178031,0,128,1e22ede96fc5d1069619a025c2e0d773432785ea273d6e2128e84089d6cae6eb,0159dd924234ec143dd6da9b8c5a2aa4ef4ee5da58b71a6abe50cfeb05738fc3,ac7d6753571502387d3c83bcd0fd992f6ce118dc07f2f69f198c21288353b02b,ed3f891b323aaf200c4b410c22b32a69b671a68e75efceb29856924fbe7106bf,ed3f891b323aaf200c4b410c22b32a69b671a68e75efceb29856924fbe7106bf,70de2ac849b98684a71df5e0a7b057c56c9a4c9f50514cba109527deddb62d4f,70de2ac849b98684a71df5e0a7b057c56c9a4c9f50514cba109527deddb62d4f,0,0,0,0,0,0,0,6.9187255576252937e-05,0.1849212646484375,0.01342835632385686,6.9187255576252937e-05,0.1849212646484375,0.01342835632385686,0,0,0.0001,64,64,0,6412.472104,1.781242251,19.844746583411514,349.49688118510642,87633.81674220266
ect.q256.schedule-switch-training-telemetry/v1,q256_fresh_crossed_switch_n12_matpool_numeric_recovery_v2,AB,A,B,615,q256_target_weight_v1,B,1.1000000000000001,1.1000000000000001,4615,4604,590720,590.720000,0,15.93055248260498,0,2040.2369263487185,2040.2369263487185,0,2040.2369263487185,0,0.15317974820289446,0,3962.4627075933504,0,3962.276371916937,0,128,c4a74ec3c7600fa00a650639aeb1acada3e3a06afdc7f4fb08e52e797c86b951,c131b41ef79e66ed8357742d9eca891af7681aa6d68e6470e8eddc9f3e203e06,519090b1698f26d6448b3853e62fcebb513c5c8d3953c6565464f9b83156b76e,51fc9e1b5f755261b6eebde53c921e3a42e5a417b69e9eb5dde0955ecac1f091,51fc9e1b5f755261b6eebde53c921e3a42e5a417b69e9eb5dde0955ecac1f091,4395cc4ea24c138e6e0817425984aed46fc6822955340d5432df90116ad34a50,4395cc4ea24c138e6e0817425984aed46fc6822955340d5432df90116ad34a50,0,0,0,0,0,0,0,2.086348831653595e-05,0.080036163330078125,0.010147205437533557,2.086348831653595e-05,0.080036163330078125,0.010147205437533557,0,0,0.0001,64,64,0,6414.416865,1.781782463,19.842796682473811,360.2491647193637,87608.069967476622
ect.q256.schedule-switch-training-telemetry/v1,q256_fresh_crossed_switch_n12_matpool_numeric_recovery_v2,AB,A,B,616,q256_target_weight_v1,B,1.1000000000000001,1.1000000000000001,4616,4605,590848,590.848000,0,15.340906262397766,0,1588.1954468314871,1588.1954468314871,0,1588.1954468314871,0,0.15306392122671222,0,3962.4626944149172,0,3962.2764675291755,0,128,a23aaf72aac30cd785a6c79d19869c906bca2e1cdfe96bbcfbbc42d5989696ed,f7c0fc678d6833036da9ad618f23877c2db44995ddaf5579b6bf7230afd8ac70,65de2cf4d254ef9b964f17ae34f4ddd9174144d6898f3fc8c0d1c630a5fb2bb2,9ad436185b51ddb39ea205e2693ec3587700d0e7dff535cd50277f9bd38b4d27,9ad436185b51ddb39ea205e2693ec3587700d0e7dff535cd50277f9bd38b4d27,277f61f5c3e96a4e46507fbf4c5b084734351eeaa847f59965fcb3fd447fa71c,277f61f5c3e96a4e46507fbf4c5b084734351eeaa847f59965fcb3fd447fa71c,0,0,0,0,0,0,0,2.2675725631415844e-05,0.096744537353515625,0.01131232496118173,2.2675725631415844e-05,0.096744537353515625,0.01131232496118173,0,0,0.0001,64,64,0,6416.348716,1.782319088,19.841028452358689,357.93872159887792,87548.450085273405
ect.q256.schedule-switch-training-telemetry/v1,q256_fresh_crossed_switch_n12_matpool_numeric_recovery_v2,AB,A,B,617,q256_target_weight_v1,B,1.1000000000000001,1.1000000000000001,4617,4606,590976,590.976000,0,17.710612893104553,0,1507.7743344044843,1507.7743344044843,0,1507.7743344044843,0,0.15353025337136178,0,3962.4626750078105,0,3962.2765630918639,0,128,50ae1d1a278af58ff8eef3850ff772f4cc5093e20df772f2b011a9f2c73165f9,f856b2667d32c76c599e8f5e30a1a81f8068ff22d66b408a3e177705b849fbe7,0d93e02e24ec7a8f4e49344056ab935a31c72393165afceabc5fb28eb98d1859,0f13fdb3e7f68373590d0fe32ccf8534556138bb250d8e3015c555f715ee08ec,0f13fdb3e7f68373590d0fe32ccf8534556138bb250d8e3015c555f715ee08ec,298ccd6ab0250bb1be610e93087ab7de284064b6ad4a2779ac746a3bd13dc508,298ccd6ab0250bb1be610e93087ab7de284064b6ad4a2779ac746a3bd13dc508,0,0,0,0,0,0,0,1.3559474609792233e-05,0.51987457275390625,0.015256868209689856,1.3559474609792233e-05,0.51987457275390625,0.015256868209689856,0,0,0.0001,64,64,0,6418.292864,1.782859129,19.8393482113812,365.82341226745456,87485.774483140311
ect.q256.schedule-switch-training-telemetry/v1,q256_fresh_crossed_switch_n12_matpool_numeric_recovery_v2,AB,A,B,618,q256_target_weight_v1,B,1.1000000000000001,1.1000000000000001,4618,4607,591104,591.104000,0,14.669840812683105,0,1696.5992937413275,1696.5992937413275,0,1696.5992937413275,0,0.15496720860243585,0,3962.4626676781686,0,3962.2766585764161,0,128,6ffe964c61a7e6fb65c268665a04109015d0fccb7892743c9db81751d9ea2ea7,7b6561da190014fb4b9b221df59e458319f4abd90607b5e31c2ad54bd4aae4c7,c1bcad688f0335067c6774277158077d231790b1f423b1a8c0ed0c014aaab7a3,2faad1be92074db5ec3368a24951761f8547e5f15dd8746aec087b93573e6e3b,2faad1be92074db5ec3368a24951761f8547e5f15dd8746aec087b93573e6e3b,6563e41c78f4ac05d1d322f17890268b5b1b77ad8830e8f11965d567ef6e6239,6563e41c78f4ac05d1d322f17890268b5b1b77ad8830e8f11965d567ef6e6239,0,0,0,0,0,0,0,0.00010558869689702988,0.11597061157226562,0.013320925063453615,0.00010558869689702988,0.11597061157226562,0.013320925063453615,0,0,0.0001,64,64,0,6420.230294,1.783397304,19.838099605301274,385.94898031809629,87443.489584090188
ect.q256.schedule-switch-training-telemetry/v1,q256_fresh_crossed_switch_n12_matpool_numeric_recovery_v2,AB,A,B,619,q256_target_weight_v1,B,1.1000000000000001,1.1000000000000001,4619,4608,591232,591.232000,0,16.686126112937927,0,1488.4129693754123,1488.4129693754123,0,1488.4129693754123,0,0.1531995260638716,0,3962.4626560512779,0,3962.2767539821521,0,128,1d89327d8e7df3f6c9745004f434c457323985d8f08c203634271237e68d779e,b5d7b67f15832ef59372153819cc138f896b98651ab86e899a097ed33668dcdf,9361915d835d286d51630261a3f0e469c95eefa897ca5fdeea65bdb74f5ea85c,8d76d33d6388f00cd491b714b198c9d609b49d8071d3ebec156769a5906974c3,8d76d33d6388f00cd491b714b198c9d609b49d8071d3ebec156769a5906974c3,34e316927cadda9675c4dc50f5c3e7751981dcfae7457c853c1ec62b583fc336,34e316927cadda9675c4dc50f5c3e7751981dcfae7457c853c1ec62b583fc336,0,0,0,0,0,0,0,1.4489341992884874e-05,0.387664794921875,0.013272185518871993,1.4489341992884874e-05,0.387664794921875,0.013272185518871993,0,0,0.0001,64,64,0,6422.161115,1.783933643,19.836804605533313,371.33167781229486,87393.224822544609
ect.q256.schedule-switch-training-telemetry/v1,q256_fresh_crossed_switch_n12_matpool_numeric_recovery_v2,AB,A,B,620,q256_target_weight_v1,B,1.1000000000000001,1.1000000000000001,4620,4609,591360,591.360000,0,16.470978617668152,0,1916.085128704271,1916.085128704271,0,1916.085128704271,0,0.1560887726695851,0,3962.4627485186779,0,3962.276849339718,0,128,32d69e1084df3306b1e63d6f48ca17b399e3838342f4b164a1a1465c94e0aec3,eb22fb5bbca88acf7aa2c35649e3d8d52419bd1ebc452dc81c21172d20ce8fb5,1f2403e531834700c3accbd8a97617dc45464b95b3da0118c443c21bee1727ff,a368227d02a672cfb4f2c7e40a1d7b32519019300438f7d972d71c6d26a298e5,a368227d02a672cfb4f2c7e40a1d7b32519019300438f7d972d71c6d26a298e5,236eccde250d7efb29ce26e451d2219cecfde14021a4480550515494ad68306e,236eccde250d7efb29ce26e451d2219cecfde14021a4480550515494ad68306e,0,0,0,0,0,0,0,4.3143751099705696e-05,0.10013389587402344,0.010476046474650502,4.3143751099705696e-05,0.10013389587402344,0.010476046474650502,0,0,0.0001,64,64,0,6424.095349,1.784470930,19.834946728414614,373.2469459307427,87359.849584111333
ect.q256.schedule-switch-training-telemetry/v1,q256_fresh_crossed_switch_n12_matpool_numeric_recovery_v2,AB,A,B,621,q256_target_weight_v1,B,1.1000000000000001,1.1000000000000001,4621,4610,591488,591.488000,0,15.065481424331665,0,1652.9126903466297,1652.9126903466297,0,1652.9126903466297,0,0.15553403843770597,0,3962.4627558218381,0,3962.276944604037,0,128,cf1aff734ebcd93eb19ffdc5fa76d3cd70e02afd65449f27ab88cb7f472de890,0e46fcd6ba99235e2f6ab7c46e46b912ba24feb8dcb0b674bc1e7d4f9876d840,e49d078fcee6bcc788c5629806ff60bc1432233ed0ab43cb6e6ba3006e389828,763fd1030d12f421712b6155667f6d0910fcef66eeb08709698384dcdcfdde65,763fd1030d12f421712b6155667f6d0910fcef66eeb08709698384dcdcfdde65,a9d71b288e4026dc496a4e75065f7e6cfd483ab94bd37e4086eec973dffe2143,a9d71b288e4026dc496a4e75065f7e6cfd483ab94bd37e4086eec973dffe2143,0,0,0,0,0,0,0,2.7653761208057404e-05,0.6787109375,0.026693794643506408,2.7653761208057404e-05,0.6787109375,0.026693794643506408,0,0,0.0001,64,64,0,6426.026627,1.785007396,19.833099126729422,368.54029665258838,87311.815847755381
ect.q256.schedule-switch-training-telemetry/v1,q256_fresh_crossed_switch_n12_matpool_numeric_recovery_v2,AB,A,B,622,q256_target_weight_v1,B,1.1000000000000001,1.1000000000000001,4622,4611,591616,591.616000,0,17.703658938407898,0,1746.3710532884525,1746.3710532884525,0,1746.3710532884525,0,0.1516931847038476,0,3962.4626712109721,0,3962.2770397504974,0,128,b480b3528bd6e3995e3eb8f0ffe91289f48e2bc17c691a3e19aa3b72594f679a,71d4ab64507f772097602d52995c0ebcbb6d8171f395518a335393b2daecc8c2,81e6e124bf86a8adf6d8f723f26699ab7305948057b8eec6b05215ed9ab26c6e,d389d82a31b9dd643c67c366af7d80ad8f275af64da43e01f38af63c672eec5d,d389d82a31b9dd643c67c366af7d80ad8f275af64da43e01f38af63c672eec5d,6768631da26074a9d5dd29898dec06172cd71d3a98609943e0ed3ba4a05c2657,6768631da26074a9d5dd29898dec06172cd71d3a98609943e0ed3ba4a05c2657,0,0,0,0,0,0,0,3.3191870898008347e-05,0.16306686401367188,0.012014322215691209,3.3191870898008347e-05,0.16306686401367188,0.012014322215691209,0,0,0.0001,64,64,0,6427.957174,1.785543659,19.83116531093652,402.45079433573329,87292.442442313244
ect.q256.schedule-switch-training-telemetry/v1,q256_fresh_crossed_switch_n12_matpool_numeric_recovery_v2,AB,A,B,623,q256_target_weight_v1,B,1.1000000000000001,1.1000000000000001,4623,4612,591744,591.744000,0,17.386808037757874,0,2827.6895199204332,2827.6895199204332,0,2827.6895199204332,0,0.15327299602939043,0,3962.4625446757623,0,3962.2771347756211,0,128,b5a4266b28d458100bb05ebe3082568c7a0542bad31b851cbe80d8a49c257462,c1e87e2e185913aa32cf030310d108101fa7f463bafa2b26740fb0dba623939b,b7e97a67e3d27c6fc1b0f79cef1129adaf18445771e5130bfcaa4598eaa342be,dd7e4b18f790a96a56fc7adfc2a6a9771816c42c778a7f76aa79db97bb20f781,dd7e4b18f790a96a56fc7adfc2a6a9771816c42c778a7f76aa79db97bb20f781,e905e95aeb9dbd77060ed2db2c5dc8fda9ff2932b7d140e09d2691c8abc2a706,e905e95aeb9dbd77060ed2db2c5dc8fda9ff2932b7d140e09d2691c8abc2a706,0,0,0,0,0,0,0,2.0943698473274708e-05,0.22124099731445312,0.011211390141397715,2.0943698473274708e-05,0.22124099731445312,0.011211390141397715,0,0,0.0001,64,64,0,6429.958258,1.786099516,19.829056356086287,362.75115052923729,87417.185923731129
ect.q256.schedule-switch-training-telemetry/v1,q256_fresh_crossed_switch_n12_matpool_numeric_recovery_v2,AB,A,B,624,q256_target_weight_v1,B,1.1000000000000001,1.1000000000000001,4624,4613,591872,591.872000,0,16.193813562393188,0,1937.9563457251977,1937.9563457251977,0,1937.9563457251977,0,0.15421002767087649,0,3962.4623649593304,0,3962.2772296496782,0,128,fb64a1f04a6d9161b5877d2763674abf4c46b0634c4ae9a9202c3da96be91c1d,de373857f9fc0e773e18a39db282c3295ed5bc41bdba0deec212d8883edc1cbc,bd88301132f97686d82016b16e73961b8f573204765688c2152083a99ec31155,c12be638e21afc94a8e208a04f4846cc0c38165ed088fbbf310d81507a8cb63a,c12be638e21afc94a8e208a04f4846cc0c38165ed088fbbf310d81507a8cb63a,3537b8af0b7cdd41b69f1d0cc9e0e10590918c3d38713f0c5309373b655f8054,3537b8af0b7cdd41b69f1d0cc9e0e10590918c3d38713f0c5309373b655f8054,0,0,0,0,0,0,0,1.5414145309478045e-05,0.9043426513671875,0.024563604616560042,1.5414145309478045e-05,0.9043426513671875,0.024563604616560042,0,0,0.0001,64,64,0,6431.908941,1.786641372,19.826762349254224,387.84631635848416,87397.76297289897
ect.q256.schedule-switch-training-telemetry/v1,q256_fresh_crossed_switch_n12_matpool_numeric_recovery_v2,AB,A,B,625,q256_target_weight_v1,B,1.1000000000000001,1.1000000000000001,4625,4614,592000,592.000000,0,16.522943019866943,0,1691.5211599037164,1691.5211599037164,0,1691.5211599037164,0,0.15466671807809929,0,3962.4621068099036,0,3962.2773242867961,0,128,a663b9c3ef885da3a8c29aa13ff20b0313c3aa4b6d16d95fa35cfd76338d2f62,55c3b6a9600a9a3b046f7eb1a7747462e8810b3f9144d40a22a531d71faadc3c,0f90c869913b6cd934f8ca3821525cb1d73c2f2f65a459f784e9e860ee4b880f,b70892bd534534b7aa7ee4d6a94c950cc3f810ea7aa3073527bde1d8699a106b,b70892bd534534b7aa7ee4d6a94c950cc3f810ea7aa3073527bde1d8699a106b,40d129ceddbf6e6a666f32e725b75cbd4a2bd1e24438d32a5b2a026555575d43,40d129ceddbf6e6a666f32e725b75cbd4a2bd1e24438d32a5b2a026555575d43,0,0,0,0,0,0,0,1.6908859834074974e-05,0.25712203979492188,0.011954556102864444,1.6908859834074974e-05,0.25712203979492188,0.011954556102864444,0,0,0.0001,64,64,0,6433.859401,1.787183167,19.824703616221509,427.83709474628938,87368.243003335243
ect.q256.schedule-switch-training-telemetry/v1,q256_fresh_crossed_switch_n12_matpool_numeric_recovery_v2,AB,A,B,626,q256_target_weight_v1,B,1.1000000000000001,1.1000000000000001,4626,4615,592128,592.128000,0,17.719539642333984,0,1718.6696832705807,1718.6696832705807,0,1718.6696832705807,0,0.15679220150515988,0,3962.4618474218541,0,3962.2774186574316,0,128,e666af61bc29cb0c4a17f48cf1ba284ce23d9f6a5762eba1394415958ed20c5f,a0f0088c964a79d91af23ee96fe322b9d539556868784ddc5b3af5bc7129e7fb,edd9141f7267942e52c88331beaa6e3958b95f5a8b0f30eec8f4826e1f23bbc3,07e5cc25f57bd895b56a85c0f800f93d64f57964a1bf6713dedc7bacd41dfb3c,07e5cc25f57bd895b56a85c0f800f93d64f57964a1bf6713dedc7bacd41dfb3c,14eae4f21b80bdb4507a1ebef80678b795f663af195521a827d569b8e0d84dd6,14eae4f21b80bdb4507a1ebef80678b795f663af195521a827d569b8e0d84dd6,0,0,0,0,0,0,0,1.5369150787591934e-05,0.21848297119140625,0.012570278719067574,1.5369150787591934e-05,0.21848297119140625,0.012570278719067574,0,0,0.0001,64,64,0,6435.795264,1.787720907,19.822891669355172,458.17505289799436,87354.116493856171
ect.q256.schedule-switch-training-telemetry/v1,q256_fresh_crossed_switch_n12_matpool_numeric_recovery_v2,AB,A,B,627,q256_target_weight_v1,B,1.1000000000000001,1.1000000000000001,4627,4616,592256,592.256000,0,16.246804356575012,0,1563.3978379844971,1563.3978379844971,0,1563.3978379844971,0,0.15949037658001441,0,3962.4615785862652,0,3962.277512840421,0,128,22724a51bf1113b0c77b9a194a8411897212f1da9743d36ae7e382e145e5dcb9,29469dc8405fb5514d1afdbe02289c10b5ba167482bb1b313c8638323e59d257,4447313bb68abac8d3f7d5ed5880ecffbe677780958369f752b408a1126b1503,8990914f22fff8b004cc7c822c110d73a4a52157d5e065385d128544862b8679,8990914f22fff8b004cc7c822c110d73a4a52157d5e065385d128544862b8679,b5b18a07ed804bd3c273d2ea0042d36054b8c7058d43fecfbdf1a98cdeecb65c,b5b18a07ed804bd3c273d2ea0042d36054b8c7058d43fecfbdf1a98cdeecb65c,0,0,0,0,0,0,0,4.5588705688714981e-05,1.412109375,0.025626668764743954,4.5588705688714981e-05,1.412109375,0.025626668764743954,0,0,0.0001,64,64,0,6437.731191,1.788258664,19.820704495342468,455.18677607902424,87292.822624039938
ect.q256.schedule-switch-training-telemetry/v1,q256_fresh_crossed_switch_n12_matpool_numeric_recovery_v2,AB,A,B,628,q256_target_weight_v1,B,1.1000000000000001,1.1000000000000001,4628,4617,592384,592.384000,0,15.349310755729675,0,1867.5892570042415,1867.5892570042415,0,1867.5892570042415,0,0.15923795278303374,0,3962.4613929068851,0,3962.2776068291005,0,128,a107ba5653d9534f2874b0a639c4603c76217776de9ded87e74bf7c294b5ea04,466ad68adca4c81eb3898daa82d64faf3ce99896643198b501d143787204a8c2,d85d33fea8b2439b303fd489b333874fcfebbbbf1bfbfac31e919aa9760a94d9,03541ec9ec6506dda3f12e24aa56fa62625eb484eed3c46257c50a7a7a844af8,03541ec9ec6506dda3f12e24aa56fa62625eb484eed3c46257c50a7a7a844af8,a80ae2f2394f8740ac10c736f7fefbf4f90983bb997d56720512bc808f712b28,a80ae2f2394f8740ac10c736f7fefbf4f90983bb997d56720512bc808f712b28,0,0,0,0,0,0,0,6.6437758505344391e-05,0.2486114501953125,0.01483122434001416,6.6437758505344391e-05,0.2486114501953125,0.01483122434001416,0,0,0.0001,64,64,0,6439.662041,1.788795011,19.818575269279496,492.96996491003301,87275.677144489193
ect.q256.schedule-switch-training-telemetry/v1,q256_fresh_crossed_switch_n12_matpool_numeric_recovery_v2,AB,A,B,629,q256_target_weight_v1,B,1.1000000000000001,1.1000000000000001,4629,4618,592512,592.512000,0,15.954591155052185,0,1838.7649741676148,1838.7649741676148,0,1838.7649741676148,0,0.1577818419236339,0,3962.461369243179,0,3962.2777007508957,0,128,7af1c2a7b70552a57fec9a0a05c4f62f777632511c61b7c7d8f95484351b7a2a,fdbea5e0c8cef0d72db2037eb4bca4833a27e85d12325071300467e019a4ba93,7726c3d739f0ed623863a437ecd2bfdf3f74d41de15683a99ddf9e6a92f4f933,c16609169c6a3a0b94348494ce54a937a854d6a45127e1fc8ef1f3aaa483749d,c16609169c6a3a0b94348494ce54a937a854d6a45127e1fc8ef1f3aaa483749d,c3c74e59c6ba0f3c02113e4787f3fb429d0a4d66d9e6e5ae498e444e41701e7e,c3c74e59c6ba0f3c02113e4787f3fb429d0a4d66d9e6e5ae498e444e41701e7e,0,0,0,0,0,0,0,2.2901571355760098e-05,0.7353363037109375,0.020793619332835078,2.2901571355760098e-05,0.7353363037109375,0.020793619332835078,0,0,0.0001,64,64,0,6441.593517,1.789331533,19.816538436895602,485.85889788683426,87237.687656131689
ect.q256.schedule-switch-training-telemetry/v1,q256_fresh_crossed_switch_n12_matpool_numeric_recovery_v2,AB,A,B,630,q256_target_weight_v1,B,1.1000000000000001,1.1000000000000001,4630,4619,592640,592.640000,0,17.186596512794495,0,1933.1249569583001,1933.1249569583001,0,1933.1249569583001,0,0.159632089432721,0,3962.4614396263441,0,3962.277794618331,0,128,2536210e9290059c45d48dc91c14d952a29680be378b87120900447a23c68fc9,f15615a21a8fc5741435b670be79488894ee68f049871a32138462aa4ff2857d,f39ab08d9e920bdd3acf37ee94d46e72a7139c6367daa78cfce6c9bc7eb6a1bf,763b5393e5750700763aac7bccd306e891f48ae5370aef78cca763668b6cf8a9,763b5393e5750700763aac7bccd306e891f48ae5370aef78cca763668b6cf8a9,765ede3168cd87249eb02d7b74b1eeda608d3ad2d19cefa9a8d9740f0971f2e5,765ede3168cd87249eb02d7b74b1eeda608d3ad2d19cefa9a8d9740f0971f2e5,0,0,0,0,0,0,0,2.4779932573437691e-05,0.3697662353515625,0.013876374519895762,2.4779932573437691e-05,0.3697662353515625,0.013876374519895762,0,0,0.0001,64,64,0,6443.534078,1.789870577,19.814644229167243,470.45837859391355,87205.833601880367
ect.q256.schedule-switch-training-telemetry/v1,q256_fresh_crossed_switch_n12_matpool_numeric_recovery_v2,AB,A,B,631,q256_target_weight_v1,B,1.1000000000000001,1.1000000000000001,4631,4620,592768,592.768000,0,16.157096028327942,0,2140.7882907803364,2140.7882907803364,0,2140.7882907803364,0,0.16654515513590051,0,3962.4615335629946,0,3962.2778885208436,0,128,557a7eda484702f9f00002fa5c32185c23329598453b80a55f7e9a3ed51bff7c,5e28f801f634bd4f4f7aa7c2684f830a2109f0c46dcf66e59e04433c42244c00,d6380b523615a5d7341f68fc90062eb1fbb8eebeb73e2109a1ebb753487e4d0d,7971520240de300bba5f6793d33398c4539723a1f7a01d0462012c19c4c2dc31,7971520240de300bba5f6793d33398c4539723a1f7a01d0462012c19c4c2dc31,e894c9aca56f12b995733071541fcd2941e20edddc1846427e48ddd565ae303d,e894c9aca56f12b995733071541fcd2941e20edddc1846427e48ddd565ae303d,0,0,0,0,0,0,0,7.1481801569461823e-05,0.17628097534179688,0.010443411418236792,7.1481801569461823e-05,0.17628097534179688,0.010443411418236792,0,0,0.0001,64,64,0,6445.468322,1.790407867,19.812821796888144,510.52650812845866,87218.190121402673
ect.q256.schedule-switch-training-telemetry/v1,q256_fresh_crossed_switch_n12_matpool_numeric_recovery_v2,AB,A,B,632,q256_target_weight_v1,B,1.1000000000000001,1.1000000000000001,4632,4621,592896,592.896000,0,17.574021697044373,0,3337.6809552053528,3337.6809552053528,0,3337.6809552053528,0,0.17186859670269963,0,3962.4616804237162,0,3962.277982513498,0,128,5844d31b5e608ac1bec45510daf1451070410535598e9abdf3b064af37db47c7,55679c68a167068233aa40afdee6a54751d04b8e5d8c9c6f2337c962641f9b87,74e8549d63d9da3086684a45950558d8e025057354dab37515f27dc29ed8ca03,5d089f943febf1ba37aa8b1102c126f325764a5da0e7878b9f5ad81589b682df,5d089f943febf1ba37aa8b1102c126f325764a5da0e7878b9f5ad81589b682df,f8bed52c4436460a96286c87f97e6bcb795d31ed7b6b47d714bfed2cb712f368,f8bed52c4436460a96286c87f97e6bcb795d31ed7b6b47d714bfed2cb712f368,0,0,0,0,0,0,0,2.1866173483431339e-05,0.39766693115234375,0.012308936798945069,2.1866173483431339e-05,0.39766693115234375,0.012308936798945069,0,0,0.0001,64,64,0,6447.403746,1.790945485,19.811415959182764,525.5483725182736,87438.969224140572
ect.q256.schedule-switch-training-telemetry/v1,q256_fresh_crossed_switch_n12_matpool_numeric_recovery_v2,AB,A,B,633,q256_target_weight_v1,B,1.1000000000000001,1.1000000000000001,4633,4622,593024,593.024000,0,15.742745637893677,0,1535.3500416531624,1535.3500416531624,0,1535.3500416531624,0,0.16719400132658999,0,3962.4618277497179,0,3962.2780765246662,0,128,ee57b5d825c4b64334ae259d382ab417fe515a92c7b5c8df3663f1b11fcfe60e,a4995e8b93b5a0d0831f3aeb4598800e096e2abcefcda1f75d3028164d6350c4,12220ea1b1322a15b5460103774d91541e0202381f176daf293adf331dbddde3,5a1d8cb130f3e59852022199d761a59b6f2a679ade27cba7eb21c028ecbd4a0e,5a1d8cb130f3e59852022199d761a59b6f2a679ade27cba7eb21c028ecbd4a0e,f639219a8263f59f269db82aa5a3131e572649d1e2dcec4c94dd365a92dcf9e8,f639219a8263f59f269db82aa5a3131e572649d1e2dcec4c94dd365a92dcf9e8,0,0,0,0,0,0,0,0.00011027231812477112,1.008392333984375,0.021253590704873204,0.00011027231812477112,1.008392333984375,0.021253590704873204,0,0,0.0001,64,64,0,6449.337428,1.791482619,19.809603876825129,508.48090675870179,87391.584661535191
ect.q256.schedule-switch-training-telemetry/v1,q256_fresh_crossed_switch_n12_matpool_numeric_recovery_v2,AB,A,B,634,q256_target_weight_v1,B,1.1000000000000001,1.1000000000000001,4634,4623,593152,593.152000,0,16.518712401390076,0,2002.7437758986991,2002.7437758986991,0,2002.7437758986991,0,0.16390946095100298,0,3962.4619683612095,0,3962.278170571904,0,128,d12e7b9069a9a2759e1ebf0e089d6d70da86f46c0b81c92db0bec79861669365,2924748d7ae331611541ab6c9f5090f246c82eee76bd0e96e4d77b02827d27a1,5a3d7584cd77a5161e7a9bfdba4acc8a431277a1369e16b14b3436a3d7b4df6d,06acf8ab7b8b9f2f19bcd6fa8c2343825c07944391bf43dea412fcb63b30b88c,06acf8ab7b8b9f2f19bcd6fa8c2343825c07944391bf43dea412fcb63b30b88c,bd7a1e2eca3c733a5cef28ef719d36ddf70d675ea40ea33ecbdcc74a2b8b8cfb,bd7a1e2eca3c733a5cef28ef719d36ddf70d675ea40ea33ecbdcc74a2b8b8cfb,0,0,0,0,0,0,0,5.4520787671208382e-05,2.146026611328125,0.028511427517514676,5.4520787671208382e-05,2.146026611328125,0.028511427517514676,0,0,0.0001,64,64,0,6451.272007,1.792020002,19.80757917858536,558.62442693891614,87414.32614509562
ect.q256.schedule-switch-training-telemetry/v1,q256_fresh_crossed_switch_n12_matpool_numeric_recovery_v2,AB,A,B,635,q256_target_weight_v1,B,1.1000000000000001,1.1000000000000001,4635,4624,593280,593.280000,0,15.340425968170166,0,1758.1439197505483,1758.1439197505483,0,1758.1439197505483,0,0.15927945689341447,0,3962.4621206052684,0,3962.2782646457745,0,128,686c18619c65035b9510d166c2a90f482d49d8b45c25a6ad4ae7c0ad9e3bbf27,56293a63b3edf282de63071c05d01022c75ab5fbb4f2a5e308551fd2973de7bf,8e01e0a07ad7b044c64ad7c6728a7935a3a204567d8d47a65b6be08987483198,8b53a32560116af6b0b8480ab65c6ee5f10a1ed27cc120d9b6ed2a9606035227,8b53a32560116af6b0b8480ab65c6ee5f10a1ed27cc120d9b6ed2a9606035227,8e50ff83180ff6699a2847963f7b07ce82fb3ef39d5b242fe0f8adfaa974c746,8e50ff83180ff6699a2847963f7b07ce82fb3ef39d5b242fe0f8adfaa974c746,0,0,0,0,0,0,0,5.3773634135723114e-05,0.6417999267578125,0.021157304872758687,5.3773634135723114e-05,0.6417999267578125,0.021157304872758687,0,0,0.0001,64,64,0,6453.204955,1.792556932,19.805895125911629,472.28135171606567,87383.331045329265
ect.q256.schedule-switch-training-telemetry/v1,q256_fresh_crossed_switch_n12_matpool_numeric_recovery_v2,AB,A,B,636,q256_target_weight_v1,B,1.1000000000000001,1.1000000000000001,4636,4625,593408,593.408000,0,15.47679591178894,0,1522.4759400084297,1522.4759400084297,0,1522.4759400084297,0,0.15715083537971286,0,3962.4621964149628,0,3962.2783587219665,0,128,6e2ad756aecd526be2d517387cd4625b7ced7c3d33bbb121807e948c1be0d23d,7a90eeddef2bd4d818827a111d623c589e4143fdd7d39fe4693919a6fcc1a0f1,e1cbdfe79b1bada56b9f8fb608375b795e5904947d912e9755e850096781b374,da2ed116c807674da1acc327397791089bd92a27a868a8c05f95347de8badb73,da2ed116c807674da1acc327397791089bd92a27a868a8c05f95347de8badb73,4d319097302376c34476c96a0fc93594a1f10f16c13bf26560a57ed05580168b,4d319097302376c34476c96a0fc93594a1f10f16c13bf26560a57ed05580168b,0,0,0,0,0,0,0,6.7221117205917835e-06,3.81414794921875,0.045451377867721021,6.7221117205917835e-06,3.81414794921875,0.045451377867721021,0,0,0.0001,64,64,0,6455.148089,1.793096691,19.804055906186477,433.83762834797056,87325.069729041585
ect.q256.schedule-switch-training-telemetry/v1,q256_fresh_crossed_switch_n12_matpool_numeric_recovery_v2,AB,A,B,637,q256_target_weight_v1,B,1.1000000000000001,1.1000000000000001,4637,4626,593536,593.536000,0,15.408297538757324,0,1813.9910342816443,1813.9910342816443,0,1813.9910342816443,0,0.15886582688658027,0,3962.4621716455872,0,3962.2784527853992,0,128,dca954627e611dd066de3afb96d51650d56509881abae9a043d615c9889c6e91,42741c8c05897a598bfa18ef59a6dabcbda01c87cabf9de13c869611f4c2fa7a,3cdfb28e5f35bdd81b5f4ea9c26920f86dd32fcef513dbd4a946a6cc6b8bc16c,c1d43cdec68e95f6a3dcfdfe5437c7c44930bc9870f65302a7d9a54dc91fb561,c1d43cdec68e95f6a3dcfdfe5437c7c44930bc9870f65302a7d9a54dc91fb561,51ffc77a395501147ac05d47ce39b77ffe6e94c150ce92f09939782bfb4ca425,51ffc77a395501147ac05d47ce39b77ffe6e94c150ce92f09939782bfb4ca425,0,0,0,0,0,0,0,2.2181542590260506e-05,0.609283447265625,0.018053142994176596,2.2181542590260506e-05,0.609283447265625,0.018053142994176596,0,0,0.0001,64,64,0,6457.091218,1.793636449,19.802076256545099,402.66895052122754,87273.245356751038
ect.q256.schedule-switch-training-telemetry/v1,q256_fresh_crossed_switch_n12_matpool_numeric_recovery_v2,AB,A,B,638,q256_target_weight_v1,B,1.1000000000000001,1.1000000000000001,4638,4627,593664,593.664000,0,14.893959164619446,0,1457.3430704999439,1457.3430704999439,0,1457.3430704999439,0,0.15777585548488623,0,3962.4620504045588,0,3962.2785466521163,0,128,4158699409d94b79d2ea1b45699d128cdbcf1aa99bfcf3950d0ef2c3864247b2,d319d9ab3a6f9421df839569dbd845369b3cb6c233ce271d1ba7647e27dcf055,f5401737d18cd721da35d95f369841ed9201de5f3cf1ace043f611a72a26ce8a,de4ed7a1411f8131ef2353b847d168859222e2fd1c80e1a0d37fc3f1e4073561,de4ed7a1411f8131ef2353b847d168859222e2fd1c80e1a0d37fc3f1e4073561,6af8247a6d4814120dde19d1399d8862210b2c48a89b70e63a0f91d9b598e4f4,6af8247a6d4814120dde19d1399d8862210b2c48a89b70e63a0f91d9b598e4f4,0,0,0,0,0,0,0,3.7806457839906216e-06,0.27803802490234375,0.013659369840752333,3.7806457839906216e-06,0.27803802490234375,0.013659369840752333,0,0,0.0001,64,64,0,6459.025383,1.794173718,19.799996787668221,401.44289133827039,87225.071116492822
ect.q256.schedule-switch-training-telemetry/v1,q256_fresh_crossed_switch_n12_matpool_numeric_recovery_v2,AB,A,B,639,q256_target_weight_v1,B,1.1000000000000001,1.1000000000000001,4639,4628,593792,593.792000,0,16.189882755279541,0,1447.5124922775756,1447.5124922775756,0,1447.5124922775756,0,0.15217894117851788,0,3962.4618566213408,0,3962.2786402901193,0,128,3558fbb4cdd485dc8f37ba07af5ce7130037cad5d935d40b2ec5cb1baf777602,c1ac8416794d9dc92cc5e94d5381d8bad59cd298e61064cacb49a6de87eb0fae,259455df871099aa66ff5e72e52ad442c502f48a496328933333e027235dd6f3,ce35fecc99719c008e0c63f927be7cb19ba488cf1fc311ffe15bf0b90c44f0d6,ce35fecc99719c008e0c63f927be7cb19ba488cf1fc311ffe15bf0b90c44f0d6,1846ca7e74e995f38556b87ffc96b5aab5171c4cc9558c2473e25384fcf696e6,1846ca7e74e995f38556b87ffc96b5aab5171c4cc9558c2473e25384fcf696e6,0,0,0,0,0,0,0,2.9773800633847713e-05,0.66119384765625,0.018844784121029079,2.9773800633847713e-05,0.66119384765625,0.018844784121029079,0,0,0.0001,64,64,0,6460.961186,1.794711441,19.798162649978863,336.3388384155561,87191.380351105996
ect.q256.schedule-switch-training-telemetry/v1,q256_fresh_crossed_switch_n12_matpool_numeric_recovery_v2,AB,A,B,640,q256_target_weight_v1,B,1.1000000000000001,1.1000000000000001,4640,4629,593920,593.920000,0,15.704710006713867,0,2862.9671719839539,2862.9671719839539,0,2862.9671719839539,0,0.16166820568527818,0,3962.4615892731003,0,3962.2787336617048,0,128,f58efd00f7e374b355a28f8bfe9b8482f1b714e066270413a6882215fb1d62d3,e96d849636cf885b5a6dcd0ad1146268e98c5da8fcd9b5c56158b954bdfe62b2,5db79644990d746c5c382fce017ca70c44c1b6bd5d966539bab075d6d44fad71,b303001e478f9fcbee4619072407f3438166a67a6d5c5e8888df9098f2cafce5,b303001e478f9fcbee4619072407f3438166a67a6d5c5e8888df9098f2cafce5,0fa73138e3183b10b027848decaf6ee92b4fa2a5df1589f864f63b410d0e1e43,0fa73138e3183b10b027848decaf6ee92b4fa2a5df1589f864f63b410d0e1e43,0,0,0,0,0,0,0,0.00011100713163614273,0.23174285888671875,0.014803748577833176,0.00011100713163614273,0.23174285888671875,0.014803748577833176,0,0,0.0001,64,64,0,6462.893866,1.795248296,19.795784421414986,384.13396650976125,87294.94097213223
ect.q256.schedule-switch-training-telemetry/v1,q256_fresh_crossed_switch_n12_matpool_numeric_recovery_v2,AB,A,B,641,q256_target_weight_v1,B,1.1000000000000001,1.1000000000000001,4641,4630,594048,594.048000,0,14.979244232177734,0,1489.8098845970399,1489.8098845970399,0,1489.8098845970399,0,0.15922109148225458,0,3962.4611833661493,0,3962.2788266808834,0,128,b0451efa1af89e0745ca872e49a4f92951468aab30319c0d3bf103919547b183,c1ef69507054b45642b21e34a171a1d685f64b9e7c7f0845ff15e55d3d37659b,2b9a31ee118affade7ea5363926e0af4af7378f1a741bdd7d1026b51144da2b8,71cc663c24cf80eda520aff5044bf6ff6d0eeaa9087b50f4728c04dc820cef31,71cc663c24cf80eda520aff5044bf6ff6d0eeaa9087b50f4728c04dc820cef31,abcdb879f41f392f74a70d4755e350b01c19aa5508dd360bf23212421f8c3bd2,abcdb879f41f392f74a70d4755e350b01c19aa5508dd360bf23212421f8c3bd2,0,0,0,0,0,0,0,7.2170980274677277e-05,0.3176422119140625,0.016442749532870948,7.2170980274677277e-05,0.3176422119140625,0.016442749532870948,0,0,0.0001,64,64,0,6464.825794,1.795784943,19.793525621628444,396.45770127672381,87243.754997659198
ect.q256.schedule-switch-training-telemetry/v1,q256_fresh_crossed_switch_n12_matpool_numeric_recovery_v2,AB,A,B,642,q256_target_weight_v1,B,1.1000000000000001,1.1000000000000001,4642,4631,594176,594.176000,0,16.127213358879089,0,2486.1801762521131,2486.1801762521131,0,2486.1801762521131,0,0.16796726935731274,0,3962.4607209221372,0,3962.2789193936128,0,128,684121c43bef6627a2ec022351811ef8e535d5ac7589387415a7aba0df552f90,971869e24a8b93c5d503e32f0113b96b552187d3e888d13a8a233c2bb206ddda,42977674343920bf92a0a6e1843e5e167e352af7cf7e2b70d458612f65836657,133c8fdb309fa74b24cbf784239867a2077646c6ba7deff4e62565f5765d1b86,133c8fdb309fa74b24cbf784239867a2077646c6ba7deff4e62565f5765d1b86,7f8347457e8cba5aeda761c71915a2b660eb632a238e5dc0c81bca0ff79b2572,7f8347457e8cba5aeda761c71915a2b660eb632a238e5dc0c81bca0ff79b2572,0,0,0,0,0,0,0,0.00011133914813399315,0.35772705078125,0.013851604191586375,0.00011133914813399315,0.35772705078125,0.013851604191586375,0,0,0.0001,64,64,0,6466.761024,1.796322507,19.791025319891851,482.07080707874582,87250.689146352786
ect.q256.schedule-switch-training-telemetry/v1,q256_fresh_crossed_switch_n12_matpool_numeric_recovery_v2,AB,A,B,643,q256_target_weight_v1,B,1.1000000000000001,1.1000000000000001,4643,4632,594304,594.304000,0,15.169960856437683,0,2107.9294452948748,2107.9294452948748,0,2107.9294452948748,0,0.17054874274613727,0,3962.4602723579474,0,3962.2790117789559,0,128,80b461f352531f1bcde61001ceb12d0c7ae852271f4cbd94b7eda68e8621b123,9d4142866005764ff1c2efc5840e0ad0c6aa11e776f394b97785708333ed1324,cbe3ddf1546ec874c6b2142eaa8f2b4f1acf8848648598d99b4b3cb81a21cd1b,04c06bdc0e8ccb8760299cb28314f7ce5f3d74f39fc98302b162c9fc24b9753c,04c06bdc0e8ccb8760299cb28314f7ce5f3d74f39fc98302b162c9fc24b9753c,7c036493d2ac175b3a077a415c80d298601d2d1352fea42cb8841e769f31c679,7c036493d2ac175b3a077a415c80d298601d2d1352fea42cb8841e769f31c679,0,0,0,0,0,0,0,0.00017982348799705505,0.19749832153320312,0.013811036013066769,0.00017982348799705505,0.19749832153320312,0.013811036013066769,0,0,0.0001,64,64,0,6468.699418,1.796860950,19.78853288853972,539.88155815297671,87248.268375235115
ect.q256.schedule-switch-training-telemetry/v1,q256_fresh_crossed_switch_n12_matpool_numeric_recovery_v2,AB,A,B,644,q256_target_weight_v1,B,1.1000000000000001,1.1000000000000001,4644,4633,594432,594.432000,0,15.89523458480835,0,1696.0311761150776,1696.0311761150776,0,1696.0311761150776,0,0.16764746903371255,0,3962.4598724231364,0,3962.2791037960205,0,128,64444d5fb3d945d23a6faef9a953b8ec2910fc2623994eefba96ef299bc4f903,f3355b5ebaffe6c80dffefb1702a9cbcc9d0abc17c91cc5a3ef28e4184fcd7ae,636400efe5ee04362037935a93af00150efe73e8c18b3c8d52d3b559adfc7a1c,a1c95ed65235e17a10478cc75e75990ebd2058a4d9b89018d380f1739cbcd1d9,a1c95ed65235e17a10478cc75e75990ebd2058a4d9b89018d380f1739cbcd1d9,266d5deedae8d19db3d2e4fbbfd462ea2914ba8ebc4bccf3d876b84c35d7c169,266d5deedae8d19db3d2e4fbbfd462ea2914ba8ebc4bccf3d876b84c35d7c169,0,0,0,0,0,0,0,5.7349912822246552e-05,0.25580596923828125,0.013400224619545043,5.7349912822246552e-05,0.25580596923828125,0.013400224619545043,0,0,0.0001,64,64,0,6470.631773,1.797397715,19.78611775569016,567.67320390115628,87218.4221086326
ect.q256.schedule-switch-training-telemetry/v1,q256_fresh_crossed_switch_n12_matpool_numeric_recovery_v2,AB,A,B,645,q256_target_weight_v1,B,1.1000000000000001,1.1000000000000001,4645,4634,594560,594.560000,0,15.476725697517395,0,2193.9935523212498,2193.9935523212498,0,2193.9935523212498,0,0.17675367601642927,0,3962.4595192369106,0,3962.2791955174557,0,128,8b0770c41af333a3f004e5135e27c2e3d1b16f30c0d3e07761cfce77f86a2e82,484cef5f30945a2dc2d299d39ee67463d38087fdbdea0a7e70930c8c97f584b9,6076681d783d25f48f9c446c32e6cbd95494fddb5288a374976171c239c19c53,cbe9d5a26341b8de705d32147265350a4848e1a1a661ce9d5626e637a62eeda8,cbe9d5a26341b8de705d32147265350a4848e1a1a661ce9d5626e637a62eeda8,751379ee95f5c9cbd1845ba605c907c4f4308c8e1b5bef8afb3fe4c3ec38b9b0,751379ee95f5c9cbd1845ba605c907c4f4308c8e1b5bef8afb3fe4c3ec38b9b0,0,0,0,0,0,0,0,1.5122495824471116e-06,0.08782196044921875,0.01111999258864671,1.5122495824471116e-06,0.08782196044921875,0.01111999258864671,0,0,0.0001,64,64,0,6472.566013,1.797935004,19.784433791052251,579.69787180982826,87195.347449571564
ect.q256.schedule-switch-training-telemetry/v1,q256_fresh_crossed_switch_n12_matpool_numeric_recovery_v2,AB,A,B,646,q256_target_weight_v1,B,1.1000000000000001,1.1000000000000001,4646,4635,594688,594.688000,0,16.458978295326233,0,1295.0394020257368,1295.0394020257368,0,1295.0394020257368,0,0.16875200436234442,0,3962.4592527002278,0,3962.2792870242911,0,128,e6872b78ef2ff5ac8c1e22695b884dcb27d40b4b758de86ebbcc095826330721,4593044293343e674331fabcee1c40e26f2cb96bd6cc23e0b691b94d280e83c5,f4b26e4171f807598eab4eb55de4487c91b7d638b30955e153fed10eba0bd524,c238632e39f0371ad282632125acde73ea10b2552f91b4ab686efe918c96edeb,c238632e39f0371ad282632125acde73ea10b2552f91b4ab686efe918c96edeb,8a30ba0e31194fec192d4ff4b3c2cc7b77d1d358f99d59fcca85bf58acb9cca4,8a30ba0e31194fec192d4ff4b3c2cc7b77d1d358f99d59fcca85bf58acb9cca4,0,0,0,0,0,0,0,5.3841155022382736e-05,0.39635467529296875,0.014221221790648997,5.3841155022382736e-05,0.39635467529296875,0.014221221790648997,0,0,0.0001,64,64,0,6474.502798,1.798473000,19.782855672621004,537.05570693171774,87146.932465543359
ect.q256.schedule-switch-training-telemetry/v1,q256_fresh_crossed_switch_n12_matpool_numeric_recovery_v2,AB,A,B,647,q256_target_weight_v1,B,1.1000000000000001,1.1000000000000001,4647,4636,594816,594.816000,0,16.070444464683533,0,2170.2068195109482,2170.2068195109482,0,2170.2068195109482,0,0.16584080542267715,0,3962.4591909438218,0,3962.2793784153346,0,128,37605fca83b21d44e47c7cea13989eb485cc0fbcc875c269bd821690612aab07,47d9ca7a045980bbdabb90587e9db5fea84d3ce5bb1c18c0bf25c678d9aed029,c5f8e2e58012e773313e2f784c8a108226c8f9221d567798c271394ed918f513,8609c72d612781bd55b25711547b6888bf69fddd5140b259ab92a0a18c6f4c00,8609c72d612781bd55b25711547b6888bf69fddd5140b259ab92a0a18c6f4c00,3ccdf47ed94603cffed957f74fdc2053c2c439c6c3e0f6d7967f2bd86c8d0f4f,3ccdf47ed94603cffed957f74fdc2053c2c439c6c3e0f6d7967f2bd86c8d0f4f,0,0,0,0,0,0,0,2.7393223717808723e-05,0.8332061767578125,0.017302213236689568,2.7393223717808723e-05,0.8332061767578125,0.017302213236689568,0,0,0.0001,64,64,0,6476.436230,1.799010064,19.78097337916957,517.30835834970856,87165.906097086103
ect.q256.schedule-switch-training-telemetry/v1,q256_fresh_crossed_switch_n12_matpool_numeric_recovery_v2,AB,A,B,648,q256_target_weight_v1,B,1.1000000000000001,1.1000000000000001,4648,4637,594944,594.944000,0,17.24136745929718,0,2668.0407584598302,2668.0407584598302,0,2668.0407584598302,0,0.18457516442609273,0,3962.4592025552561,0,3962.2794697426343,0,128,1c4a1b0f8d846b9eda08e3c2af0f278a091b4021e8302ce5f84288339128f239,e7d9319f1a531e82f3991409472916de397f22969994968580ae72cdc9b99dbd,823486a10114ffff48348042be912ab3ee519778e168a59928214cc411791e25,209fe4aeb684b09c8faf7545be920cf5b4010d681c84a849e3381f44d6c3ca2e,209fe4aeb684b09c8faf7545be920cf5b4010d681c84a849e3381f44d6c3ca2e,d312cc0d2ec54f5161cdc258da3086bed924742842abc3d5520b7fe0e4160afb,d312cc0d2ec54f5161cdc258da3086bed924742842abc3d5520b7fe0e4160afb,0,0,0,0,0,0,0,7.90376216173172e-05,0.20707321166992188,0.012446138542145491,7.90376216173172e-05,0.20707321166992188,0.012446138542145491,0,0,0.0001,64,64,0,6478.390268,1.799552852,19.778918502284323,518.95464857929983,87168.188639806423
ect.q256.schedule-switch-training-telemetry/v1,q256_fresh_crossed_switch_n12_matpool_numeric_recovery_v2,AB,A,B,649,q256_target_weight_v1,B,1.1000000000000001,1.1000000000000001,4649,4638,595072,595.072000,0,16.987516403198242,0,1772.060561931713,1772.060561931713,0,1772.060561931713,0,0.18078003429591033,0,3962.4592923102227,0,3962.2795610694297,0,128,98bac10de37c468579762a2f8400a05a7fb1f83ab9d3d096c4b379c97f8103db,fc78dd014e055592875f1ac860608b13cc12b7d19fc42e9b8a47f544fb97309e,6ad1d847cd2367b45bdd4adaf82eef398b40b51cc532c1c5d36f9bce0f3c120a,cca76f49165b7c7e312ba0738ae868f511e99f416baa649895b6264d6b008f91,cca76f49165b7c7e312ba0738ae868f511e99f416baa649895b6264d6b008f91,78bd4f6225eb19cf95f6ddc5e878a3479ee6a49f58decc3f2fd2b6c8da35196c,78bd4f6225eb19cf95f6ddc5e878a3479ee6a49f58decc3f2fd2b6c8da35196c,0,0,0,0,0,0,0,8.8619999587535858e-05,0.11464500427246094,0.010617387131787837,8.8619999587535858e-05,0.11464500427246094,0.010617387131787837,0,0,0.0001,64,64,0,6480.329196,1.800091443,19.777332602905329,477.57180106037845,87139.003505225264
ect.q256.schedule-switch-training-telemetry/v1,q256_fresh_crossed_switch_n12_matpool_numeric_recovery_v2,AB,A,B,650,q256_target_weight_v1,B,1.1000000000000001,1.1000000000000001,4650,4639,595200,595.200000,0,16.608426809310913,0,3383.7080386939792,3383.7080386939792,0,3383.7080386939792,0,0.17627361975494127,0,3962.4595338701806,0,3962.2796524758037,0,128,469bd9886d0bb4182797d21ab3d43ff9f22adf24995f8086e6997d606ebf04bd,da549422d51e33d40ac9639732e03fad16a61635c66e75e9616b0a6b5c164b7e,6fe8bf9186a971b2684ca6f4d61c65c48d8850e73ee5dc8fade1a3c530528de4,06a77c89bd3e50a346ed2a4ec86a6a26d0896a03b1fe890a14d0ccb1c3d14395,06a77c89bd3e50a346ed2a4ec86a6a26d0896a03b1fe890a14d0ccb1c3d14395,c248ef469ef1cb5104b6bb8eb3b28a568923cae24a0f3e43c761a29bf0356480,c248ef469ef1cb5104b6bb8eb3b28a568923cae24a0f3e43c761a29bf0356480,0,0,0,0,0,0,0,1.755543053150177e-05,0.094747543334960938,0.010735412361100316,1.755543053150177e-05,0.094747543334960938,0.010735412361100316,0,0,0.0001,64,64,0,6482.264059,1.800628905,19.776936342358237,466.50647265847931,87414.974492084977
ect.q256.schedule-switch-training-telemetry/v1,q256_fresh_crossed_switch_n12_matpool_numeric_recovery_v2,AB,A,B,651,q256_target_weight_v1,B,1.1000000000000001,1.1000000000000001,4651,4640,595328,595.328000,0,16.395468235015869,0,2560.9579553578114,2560.9579553578114,0,2560.9579553578114,0,0.17430039640923617,0,3962.4599851527782,0,3962.2797441232178,0,128,64343ce3e18c1d719874ff4206a13ef44b3a4534c165f9463fbc2c1a1a6166d9,085e34ee255825e4457d005f76289b8ab7f744d8d48bc63b8cb3ef76f80a8d8a,62e6c96999b75cb2c46d938f59c47d82c7de70d56e2ca0484773017a9f2a70f6,cff106b8d8439682936b475ec6abf302daa8b3e5334e5dbe9660e0ec1cbcce2f,cff106b8d8439682936b475ec6abf302daa8b3e5334e5dbe9660e0ec1cbcce2f,a34393cd17a58a1ad3b075473d6c97a49b02bc20f1eefebe3b49b69b847f68ce,a34393cd17a58a1ad3b075473d6c97a49b02bc20f1eefebe3b49b69b847f68ce,0,0,0,0,0,0,0,3.0683004297316074e-05,0.39434814453125,0.014828992658294737,3.0683004297316074e-05,0.39434814453125,0.014828992658294737,0,0,0.0001,64,64,0,6484.207184,1.801168662,19.776837269887075,556.34006875532179,87523.318329704154
ect.q256.schedule-switch-training-telemetry/v1,q256_fresh_crossed_switch_n12_matpool_numeric_recovery_v2,AB,A,B,652,q256_target_weight_v1,B,1.1000000000000001,1.1000000000000001,4652,4641,595456,595.456000,0,16.590170502662659,0,2176.9402252726004,2176.9402252726004,0,2176.9402252726004,0,0.17541431946467934,0,3962.4604498600615,0,3962.2798359561043,0,128,c20522e0939c7841687431aa96338617bad6a9c37291de929b5668b3297dc4d4,29a28a181dff7ecc94066e9d2401878dd62f984fe78d2d41b6c6796768e9e3ab,670b26441f7c7818c5abfe36fa2d13f990dd3dd0f9217aeb5df19849a6a43ade,f5dea1856f820b6597a6c7b8a00774c0f07948fe22c2c2344661bf53285280b7,f5dea1856f820b6597a6c7b8a00774c0f07948fe22c2c2344661bf53285280b7,94820e4c7504ee2285e841a81fa100ecb4f65275ec5e335cac2819e94b42c981,94820e4c7504ee2285e841a81fa100ecb4f65275ec5e335cac2819e94b42c981,0,0,0,0,0,0,0,2.29257857427001e-05,0.3699493408203125,0.013998104725033045,2.29257857427001e-05,0.3699493408203125,0.013998104725033045,0,0,0.0001,64,64,0,6486.141015,1.801705838,19.77740568259884,649.85881110682101,87557.405517300998
ect.q256.schedule-switch-training-telemetry/v1,q256_fresh_crossed_switch_n12_matpool_numeric_recovery_v2,AB,A,B,653,q256_target_weight_v1,B,1.1000000000000001,1.1000000000000001,4653,4642,595584,595.584000,0,14.96100926399231,0,1923.1686019285892,1923.1686019285892,0,1923.1686019285892,0,0.17321009430639922,0,3962.4610015877765,0,3962.2799281707557,0,128,8ddcf0b5652f8526005ee2dabb70502326f3fb40f5c00a7a99cccae7defcee6e,498c9f4be254c347f820a2e7da2bcac0a32943e83cc4694c482b78b1fd2eaa0c,d1cf2012d902803ed6bdc13888d157ead05c452e64566ed1718ff71e20e69c99,e78d7cf571bcdb836978f8722d0b7b937324980c295595090d28a55de4d56e37,e78d7cf571bcdb836978f8722d0b7b937324980c295595090d28a55de4d56e37,9d581cc5e1add1f266eef6b17784d7c68b93874a2a6a42d1c1d3de5ea0f1c6ae,9d581cc5e1add1f266eef6b17784d7c68b93874a2a6a42d1c1d3de5ea0f1c6ae,0,0,0,0,0,0,0,9.5963943749666214e-05,0.14675140380859375,0.012794853886589408,9.5963943749666214e-05,0.14675140380859375,0.012794853886589408,0,0,0.0001,64,64,0,6488.076631,1.802243508,19.778183536003084,646.99736877412943,87531.968359750172
ect.q256.schedule-switch-training-telemetry/v1,q256_fresh_crossed_switch_n12_matpool_numeric_recovery_v2,AB,A,B,654,q256_target_weight_v1,B,1.1000000000000001,1.1000000000000001,4654,4643,595712,595.712000,0,14.093478202819824,0,2159.7928483231935,2159.7928483231935,0,2159.7928483231935,0,0.17792640068439231,0,3962.4615841974955,0,3962.2800207289101,0,128,202373364d30d946a8e74deeb6931b6402a8652fca225250b35a424c9e6e0449,1dff77ae529a93b49faf265f13d806d73c4d3298135f0d629313e4d78deff85b,6fd118bcf90095fc6d4e6e5ba89ee1b8284e5e2b0e654ac731a185bf279854e2,029d46100fa9d368b1f3e6599a8b095731291c7f3c683849001bbb78b8497919,029d46100fa9d368b1f3e6599a8b095731291c7f3c683849001bbb78b8497919,f5d17dac1aba10042df97ae6e86bc0126ad354b28d1c08e68dea8c79e8f6ddaf,f5d17dac1aba10042df97ae6e86bc0126ad354b28d1c08e68dea8c79e8f6ddaf,0,0,0,0,0,0,0,0.00017954409122467041,0.19921875,0.012058377091307193,0.00017954409122467041,0.19921875,0.012058377091307193,0,0,0.0001,64,64,0,6490.096814,1.802804670,19.778632443250771,689.69823502520705,87512.374226614018
ect.q256.schedule-switch-training-telemetry/v1,q256_fresh_crossed_switch_n12_matpool_numeric_recovery_v2,AB,A,B,655,q256_target_weight_v1,B,1.1000000000000001,1.1000000000000001,4655,4644,595840,595.840000,0,16.724322438240051,0,2726.2627365569438,2726.2627365569438,0,2726.2627365569438,0,0.1772200728941517,0,3962.462126660334,0,3962.2801136272487,0,128,6dee19895bbb632bac9976d3175afd14951f9c851bcdec05ebc654550254e503,f69a7a80adbba1768c4159501013084b74840646bb8e8afc3c12ab298d5e872c,f4fec77081af6a57aaa0e7132a3058d988135e1a8215dcd04a4f02077c21bd52,08baf238164bbb4971efbbbc0699b563ef42ec775a7c227fb4e563fb70be0f4f,08baf238164bbb4971efbbbc0699b563ef42ec775a7c227fb4e563fb70be0f4f,d572eeedd4609250959e8cc4101b938dd2887802c57487df16d5448c3db7ec9d,d572eeedd4609250959e8cc4101b938dd2887802c57487df16d5448c3db7ec9d,0,0,0,0,0,0,0,7.6084863394498825e-05,0.077846527099609375,0.0097136172698810697,7.6084863394498825e-05,0.077846527099609375,0.0097136172698810697,0,0,0.0001,64,64,0,6492.035401,1.803343167,19.778985288562421,539.18927232473413,87620.298890002072
ect.q256.schedule-switch-training-telemetry/v1,q256_fresh_crossed_switch_n12_matpool_numeric_recovery_v2,AB,A,B,656,q256_target_weight_v1,B,1.1000000000000001,1.1000000000000001,4656,4645,595968,595.968000,0,17.045352458953857,0,1523.4251033908936,1523.4251033908936,0,1523.4251033908936,0,0.17424806540131452,0,3962.4626027289737,0,3962.2802067954326,0,128,6ff751d66887433fd2e74bb452d21ea6965b567f06f6955e9ea09beb4df0af3e,f7bf6df1120dcb241fed7e92dd8bf0383c333ce3845b2210260719851b1da933,d3566c08544b9ac6687dfb526abd27259e4cf70f2548236d6b4d971cc6ce58c5,f2c4450d798e2e0e665d28965b9cab36267588118a5841504ac7fa65941cd164,f2c4450d798e2e0e665d28965b9cab36267588118a5841504ac7fa65941cd164,a761dee586eb7813d0aea1452fe7478b6b54efa5f312a312f9e8e6bebd21af13,a761dee586eb7813d0aea1452fe7478b6b54efa5f312a312f9e8e6bebd21af13,0,0,0,0,0,0,0,3.3886288292706013e-05,0.22961807250976562,0.011208254902157933,3.3886288292706013e-05,0.22961807250976562,0.011208254902157933,0,0,0.0001,64,64,0,6493.999323,1.803888701,19.779516242947071,529.8089136420266,87561.236665515898
ect.q256.schedule-switch-training-telemetry/v1,q256_fresh_crossed_switch_n12_matpool_numeric_recovery_v2,AB,A,B,657,q256_target_weight_v1,B,1.1000000000000001,1.1000000000000001,4657,4646,596096,596.096000,0,15.801114201545715,0,2094.8939958334649,2094.8939958334649,0,2094.8939958334649,0,0.1847257841382543,0,3962.4629764706028,0,3962.2803001023958,0,128,3981597a6c9a66712dc9a380e0715967070724f20461ad5de439b6e27814262d,13cba8c6ed33a975e7f7cf6349bc5ba89a0c296f09fd5286d48e4b393785b999,db33244013082852f28895e51a38a9006efd6a7c808ba59c1adf2e9362d7f3d0,a911130793025c25739be2f41699386fd4802aa8631ca8d6969b232ac22db870,a911130793025c25739be2f41699386fd4802aa8631ca8d6969b232ac22db870,8a16ca7f02294336e74c892db46fa78f233388936e265a693e88e94466743a40,8a16ca7f02294336e74c892db46fa78f233388936e265a693e88e94466743a40,0,0,0,0,0,0,0,4.1980063542723656e-05,0.2671966552734375,0.013010839931666851,4.1980063542723656e-05,0.2671966552734375,0.013010839931666851,0,0,0.0001,64,64,0,6495.937474,1.804427076,19.77980938860529,523.85790575532542,87527.506577766908
ect.q256.schedule-switch-training-telemetry/v1,q256_fresh_crossed_switch_n12_matpool_numeric_recovery_v2,AB,A,B,658,q256_target_weight_v1,B,1.1000000000000001,1.1000000000000001,4658,4647,596224,596.224000,0,17.158211827278137,0,1987.9276044448477,1987.9276044448477,0,1987.9276044448477,0,0.18120093091982109,0,3962.4632831887147,0,3962.2803935796783,0,128,cf23213a2704d3d9c4cf10a322c4f8c15ad4ee5186900aa59cbe6fd672ba75cb,4457d674629106e282ec4d7cf7923576012fb25bd4dfeb1485007bd953d87dbf,1cd949242fe3bf6e5d51e27afbe06d9574dcf1ae7921580ceaa7ba6b057eb407,949d89250ee4dede45356dfce389842a97898dd289f03663003fbbe0e157ebd5,949d89250ee4dede45356dfce389842a97898dd289f03663003fbbe0e157ebd5,2091b78593159f11a07358086008129d43ed9c3a7bf3722aeeb84d40bca687c9,2091b78593159f11a07358086008129d43ed9c3a7bf3722aeeb84d40bca687c9,0,0,0,0,0,0,0,2.5783083401620388e-05,0.17494583129882812,0.011273450450971723,2.5783083401620388e-05,0.17494583129882812,0.011273450450971723,0,0,0.0001,64,64,0,6497.873978,1.804964994,19.780197449512261,463.90562471670728,87530.977073117581
ect.q256.schedule-switch-training-telemetry/v1,q256_fresh_crossed_switch_n12_matpool_numeric_recovery_v2,AB,A,B,659,q256_target_weight_v1,B,1.1000000000000001,1.1000000000000001,4659,4648,596352,596.352000,0,15.846484780311584,0,2651.583365115544,2651.583365115544,0,2651.583365115544,0,0.1834559703679311,0,3962.4634816566004,0,3962.2804871390776,0,128,f337cb0f31717d655b2a02f0419f9fb632113d837efdb6f7b316a58b6f5538a3,f51416156d8443327afa694e87334d2f3c41d0ac450776b2bae64bf845475238,3ae77e2bd5b7d2542336cf668415d11a812d057072ae4d3e0d0aa96dd3d581fb,a91dbd03dbd275396d00dee919ab8b8038e34f1038528519af451c665e97fa2a,a91dbd03dbd275396d00dee919ab8b8038e34f1038528519af451c665e97fa2a,b6a63a7eff568da624730e28b3daf5d6750484a1f087713df7c5e012473573ad,b6a63a7eff568da624730e28b3daf5d6750484a1f087713df7c5e012473573ad,0,0,0,0,0,0,0,8.6348038166761398e-05,0.345794677734375,0.014096243772655725,8.6348038166761398e-05,0.345794677734375,0.014096243772655725,0,0,0.0001,64,64,0,6499.807808,1.805502169,19.780389165304609,470.71488955323946,87616.268966622258
ect.q256.schedule-switch-training-telemetry/v1,q256_fresh_crossed_switch_n12_matpool_numeric_recovery_v2,AB,A,B,660,q256_target_weight_v1,B,1.1000000000000001,1.1000000000000001,4660,4649,596480,596.480000,0,15.579233407974243,0,2180.2608140504676,2180.2608140504676,0,2180.2608140504676,0,0.17849289106407321,0,3962.463598953882,0,3962.2805806891633,0,128,75842d1f85987fbdcd9db6609c3bd40e07bf70604669fa04fdd75239ea42e7c7,9efb9748b56810932c7029c260a3954936feeab8041bc9f3aa8771f0254101ca,8bf86edb28d243c6100d0656e8d029447ed72db6fae2a3d0968d98d2c0822500,fccfe609836e2f8cba1691f3b60dc56d56315278452429a6682c40df1b632e45,fccfe609836e2f8cba1691f3b60dc56d56315278452429a6682c40df1b632e45,fb80da8420a8f8abaf3e864fb34a0e0ab01f6ded161a61a9a01c90df38250c02,fb80da8420a8f8abaf3e864fb34a0e0ab01f6ded161a61a9a01c90df38250c02,0,0,0,0,0,0,0,4.7022942453622818e-05,0.7892303466796875,0.024676224507857114,4.7022942453622818e-05,0.7892303466796875,0.024676224507857114,0,0,0.0001,64,64,0,6501.740411,1.806039003,19.780510652481112,505.66863184688651,87650.3045513135
ect.q256.schedule-switch-training-telemetry/v1,q256_fresh_crossed_switch_n12_matpool_numeric_recovery_v2,AB,A,B,661,q256_target_weight_v1,B,1.1000000000000001,1.1000000000000001,4661,4650,596608,596.608000,0,16.292742729187012,0,1192.0408147025269,1192.0408147025269,0,1192.0408147025269,0,0.17205502296091787,0,3962.4636655691002,0,3962.2806742465004,0,128,9db8169450ab535e491d407269b8f63f8dabc15e1ac383070fe5a90b28d14f3c,5397a3058387098cbfbe9274ce61329dd0ceff6787257b0d73bc6122a46fbed1,f77b8aae498adb9022be5e1fab52899d1bbb515e13d42df6b4b8a2ddf5c7081b,9b1cae27915f20636b391c1918ca8b99765d776ce6fbc18e6453c86e5fef0e0b,9b1cae27915f20636b391c1918ca8b99765d776ce6fbc18e6453c86e5fef0e0b,ed68ef1cd0b663e40f9f390d15436dab5f713d891f23fc40b6908429a50584c8,ed68ef1cd0b663e40f9f390d15436dab5f713d891f23fc40b6908429a50584c8,0,0,0,0,0,0,0,6.6817039623856544e-05,0.0663604736328125,0.0086423158645629883,6.6817039623856544e-05,0.0663604736328125,0.0086423158645629883,0,0,0.0001,64,64,0,6503.674089,1.806576136,19.780468994095042,488.07336833411898,87583.012603293639
ect.q256.schedule-switch-training-telemetry/v1,q256_fresh_crossed_switch_n12_matpool_numeric_recovery_v2,AB,A,B,662,q256_target_weight_v1,B,1.1000000000000001,1.1000000000000001,4662,4651,596736,596.736000,0,15.721100807189941,0,2154.9974641053846,2154.9974641053846,0,2154.9974641053846,0,0.17424155337040545,0,3962.463710952256,0,3962.2807677656524,0,128,42784745b87e20674f3e560d565e5fd49a9373eedb3e813c580b031e25c794f8,1c4a33f199b6a4618c5f5db33d156b41f983d706739446db9d1419f303c8a691,4017f1c9bc94ae5d37731625175fa813d125fb5f2e00b169b491c90af0f30788,cb508d821c28870ae41b95e942d26e345feae303fdf3ea8587e297dced9ce1d5,cb508d821c28870ae41b95e942d26e345feae303fdf3ea8587e297dced9ce1d5,1a58bfeef9c6e499b29b226f2406bd57b93fef56a4270b2520d2ba839ad39499,1a58bfeef9c6e499b29b226f2406bd57b93fef56a4270b2520d2ba839ad39499,0,0,0,0,0,0,0,0.00019965041428804398,0.917724609375,0.020383161550853401,0.00019965041428804398,0.917724609375,0.020383161550853401,0,0,0.0001,64,64,0,6505.605748,1.807112708,19.780090420501935,537.1273918774433,87580.385923820402
ect.q256.schedule-switch-training-telemetry/v1,q256_fresh_crossed_switch_n12_matpool_numeric_recovery_v2,AB,A,B,663,q256_target_weight_v1,B,1.1000000000000001,1.1000000000000001,4663,4652,596864,596.864000,0,17.905592679977417,0,1504.783117885851,1504.783117885851,0,1504.783117885851,0,0.17173533463955334,0,3962.4638269838388,0,3962.2808612773606,0,128,361b6d40a2fada5f6098109e24749fa11d077495ab0680ebfdf6742647c427f1,cd7cd511eae3234278edcf1143edf6409452ff2736de9f24f84c79d197925e00,4b6bb7bc1e1dc541c0238728e77c94556a08900b76c06697c0f1f14cee6748a5,9e75856f40001a66c181e90d593a60df1ab5b2011ea7b4301fa0ef40267769c9,9e75856f40001a66c181e90d593a60df1ab5b2011ea7b4301fa0ef40267769c9,41ec9e4ff09b5043b030871bd7baea0d452240a002f4fafdad7632901af5cc32,41ec9e4ff09b5043b030871bd7baea0d452240a002f4fafdad7632901af5cc32,0,0,0,0,0,0,0,3.4161028452217579e-05,0.19322586059570312,0.0097890557372011244,3.4161028452217579e-05,0.19322586059570312,0.0097890557372011244,0,0,0.0001,64,64,0,6507.542570,1.807650714,19.779253461222375,477.77195424143963,87525.120978284554
ect.q256.schedule-switch-training-telemetry/v1,q256_fresh_crossed_switch_n12_matpool_numeric_recovery_v2,AB,A,B,664,q256_target_weight_v1,B,1.1000000000000001,1.1000000000000001,4664,4653,596992,596.992000,0,17.607500553131104,0,1755.840664355808,1755.840664355808,0,1755.840664355808,0,0.16852956490237581,0,3962.4640091510209,0,3962.2809548447285,0,128,1512fd4472271b3ebb7161ffbd3059b6c54b353019921087ab4d33350fe338e7,fd223e80df5271caa8d322fc3b0532488fafb802b1b2615089eff5cb4f6a2a15,96fb74c610cae3441acc72d1fecffd6b66120021514c16031bf8d5b4b8cf377f,89532468b52849f9018e31083810c7e0c0cd510726677c0a3a410b4e978f024b,89532468b52849f9018e31083810c7e0c0cd510726677c0a3a410b4e978f024b,ad20beb0d769031af7da6b2bfb57973771d62a377b2c13f9bc32618d8710efed,ad20beb0d769031af7da6b2bfb57973771d62a377b2c13f9bc32618d8710efed,0,0,0,0,0,0,0,9.5840543508529663e-05,1.726837158203125,0.0228287338395603,9.5840543508529663e-05,1.726837158203125,0.0228287338395603,0,0,0.0001,64,64,0,6509.473366,1.808187046,19.778861983593611,411.57532515234033,87495.547368832849
ect.q256.schedule-switch-training-telemetry/v1,q256_fresh_crossed_switch_n12_matpool_numeric_recovery_v2,AB,A,B,665,q256_target_weight_v1,B,1.1000000000000001,1.1000000000000001,4665,4654,597120,597.120000,0,15.691242456436157,0,2981.184895904662,2981.184895904662,0,2981.184895904662,0,0.18912486823021141,0,3962.4642765546096,0,3962.2810485302612,0,128,301d214878cc7602852d20c404655e5ba58df2c7270a1c861624e9f2cfbeada5,2c452255ee704917e17ea455a5a5bdd1e2b365905712dcc5d6a36e308df0e74b,90f6b7bb52495a78cffab2e09677afbbf7e082c427931c7dfeaf78b43beb31da,7d2a810b1e249974af4da4538730fa5edbc6816e18808e94383ad03cf6489df9,7d2a810b1e249974af4da4538730fa5edbc6816e18808e94383ad03cf6489df9,ada74566a767b069306cf88ae66c258d06e801ca690ad8e7b109c162c4f45e2a,ada74566a767b069306cf88ae66c258d06e801ca690ad8e7b109c162c4f45e2a,0,0,0,0,0,0,0,3.7242076359689236e-05,0.17971038818359375,0.012741700978949666,3.7242076359689236e-05,0.17971038818359375,0.012741700978949666,0,0,0.0001,64,64,0,6511.408135,1.808724482,19.778369814311834,474.5552470796639,87560.552820482102
ect.q256.schedule-switch-training-telemetry/v1,q256_fresh_crossed_switch_n12_matpool_numeric_recovery_v2,AB,A,B,666,q256_target_weight_v1,B,1.1000000000000001,1.1000000000000001,4666,4655,597248,597.248000,0,17.485414981842041,0,2645.7172718774505,2645.7172718774505,0,2645.7172718774505,0,0.19216302393475657,0,3962.4646846058868,0,3962.2811424849087,0,128,032bff37a1a1d764e81139fc5db7b0535be296487d94cdf862f846066ce5855e,3a406de3f26168e27d9595acb93832b8a8a594a32668e432ab9147331b47ddeb,c462f356553bf7382259f9d1d800bc621b55e5a54019dfffad2a004ba87002de,f1a3b9b83696b5b280b023af5975add5ed3c8a40ce2c8c856244d7520d807a7f,f1a3b9b83696b5b280b023af5975add5ed3c8a40ce2c8c856244d7520d807a7f,95cabdb982724d008e646b4ddde719ee5dff5372e42079225c5832aa972c962d,95cabdb982724d008e646b4ddde719ee5dff5372e42079225c5832aa972c962d,0,0,0,0,0,0,0,3.3908174373209476e-05,0.2196502685546875,0.010872249957174063,3.3908174373209476e-05,0.2196502685546875,0.010872249957174063,0,0,0.0001,64,64,0,6513.343213,1.809262004,19.778120331268539,527.89106230503683,87585.235543530027
ect.q256.schedule-switch-training-telemetry/v1,q256_fresh_crossed_switch_n12_matpool_numeric_recovery_v2,AB,A,B,667,q256_target_weight_v1,B,1.1000000000000001,1.1000000000000001,4667,4656,597376,597.376000,0,16.430222749710083,0,2867.8895018236922,2867.8895018236922,0,2867.8895018236922,0,0.18951136831316254,0,3962.4651619364354,0,3962.2812367228548,0,128,d3d2140d863dd17c74546b6f9a0e9881f644ca5cac87711522b182b9a902731d,a3a5fc7b41a44f2264b430162f0748dbfcfaa4e4b397427d49007ca93a4d5b62,0007a97a4f0bb5a5c1f1713d504a5f2623ad3ea1f36ba36d3513ce9fb070709f,8367daa29b2c0ef2b64cdc16b11992767956a42a29ac16f3059993cf1117d43f,8367daa29b2c0ef2b64cdc16b11992767956a42a29ac16f3059993cf1117d43f,b41ff58c8f5454b63b7aa7efd6fe4f64a36b30dfee0ec95bf080eb2a96f24485,b41ff58c8f5454b63b7aa7efd6fe4f64a36b30dfee0ec95bf080eb2a96f24485,0,0,0,0,0,0,0,3.72354406863451e-05,0.12479972839355469,0.010339724249206483,3.72354406863451e-05,0.12479972839355469,0.010339724249206483,0,0,0.0001,64,64,0,6515.274985,1.809798607,19.778580442933816,494.87385138182708,87722.042868577148
ect.q256.schedule-switch-training-telemetry/v1,q256_fresh_crossed_switch_n12_matpool_numeric_recovery_v2,AB,A,B,668,q256_target_weight_v1,B,1.1000000000000001,1.1000000000000001,4668,4657,597504,597.504000,0,17.807008981704712,0,1332.3066858753627,1332.3066858753627,0,1332.3066858753627,0,0.1802760415088647,0,3962.4656321276643,0,3962.2813311925352,0,128,b1019dd8afe996810f9a48fb13b1b860bed3983f51590f584e9f3a7f12b78b09,c6280df14efc21f2cc8ecf0fb779b090ff8e908e6acf32c1ac778ea3b331da73,85205e3b29beebca4769ebaf6083fa8f4f05b00a0963c236e3e23334d1e0944f,b678af79aa756359998e08591debd4f04c91a4838919bbbec6708beeb0e805ae,b678af79aa756359998e08591debd4f04c91a4838919bbbec6708beeb0e805ae,6e9997a8c60780e3ae0be32d742eefc1aa485887eb7fab16ac9cfc00717cd269,6e9997a8c60780e3ae0be32d742eefc1aa485887eb7fab16ac9cfc00717cd269,0,0,0,0,0,0,0,2.298085018992424e-05,1.053436279296875,0.02269941580016166,2.298085018992424e-05,1.053436279296875,0.02269941580016166,0,0,0.0001,64,64,0,6517.209164,1.810335879,19.779572527199335,465.8116307165165,87656.661138226031
ect.q256.schedule-switch-training-telemetry/v1,q256_fresh_crossed_switch_n12_matpool_numeric_recovery_v2,AB,A,B,669,q256_target_weight_v1,B,1.1000000000000001,1.1000000000000001,4669,4658,597632,597.632000,0,17.179953575134277,0,1122.9784629217918,1122.9784629217918,0,1122.9784629217918,0,0.17342642312811687,0,3962.4661184613037,0,3962.2814260088453,0,128,4aa944f2b2ee4753309451bb9379c000d9cb5ab1269065f9a495384737c60d08,bf39a86b43fe982a12ffe1566adabf42eb4d6917a24309e98da2a9607289f736,1e9cd2bf33a5a42e27da30d2f219b563a4dd579345b12b4c621cdfd1fe00f7af,7b0341781695d569c2828479a62f8b284e3a9437657c27fccfebbc20572926a6,7b0341781695d569c2828479a62f8b284e3a9437657c27fccfebbc20572926a6,fc66cf4abcad4fe3d2d625056d0a958a4fdb2b42d07bacd7264761830570eace,fc66cf4abcad4fe3d2d625056d0a958a4fdb2b42d07bacd7264761830570eace,0,0,0,0,0,0,0,3.876793198287487e-05,0.1746826171875,0.011500636930577457,3.876793198287487e-05,0.1746826171875,0.011500636930577457,0,0,0.0001,64,64,0,6519.141598,1.810872666,19.780550139769772,446.68102391535353,87585.624435287842
ect.q256.schedule-switch-training-telemetry/v1,q256_fresh_crossed_switch_n12_matpool_numeric_recovery_v2,AB,A,B,670,q256_target_weight_v1,B,1.1000000000000001,1.1000000000000001,4670,4659,597760,597.760000,0,16.442452311515808,0,1453.2308549549184,1453.2308549549184,0,1453.2308549549184,0,0.1654534271370843,0,3962.4665685753653,0,3962.2815210764343,0,128,f4681bc3fc5ca6d7e00be4c676087b4bf08848302e06399027f44e422ebe055c,5d4e2eda807bec5e91201fafe022df1cf9f0047b9294e5288485ef4295ea1c10,5c44e46a3bfb4ab392480b52f90458dfa093b0f023304c8d9cd68677b544d8e5,870519625f56413ffd8f21e569c6106639825dce5bef354c02632429e3e7eb44,870519625f56413ffd8f21e569c6106639825dce5bef354c02632429e3e7eb44,98f37ffe549819eb3cadf29afa17639409b2cc270a3a4b9a2bb54f595317e231,98f37ffe549819eb3cadf29afa17639409b2cc270a3a4b9a2bb54f595317e231,0,0,0,0,0,0,0,3.6590499803423882e-06,1.361602783203125,0.020840330165810883,3.6590499803423882e-06,1.361602783203125,0.020840330165810883,0,0,0.0001,64,64,0,6521.075517,1.811409866,19.781509641849567,448.01302945110848,87550.516511232898
ect.q256.schedule-switch-training-telemetry/v1,q256_fresh_crossed_switch_n12_matpool_numeric_recovery_v2,AB,A,B,671,q256_target_weight_v1,B,1.1000000000000001,1.1000000000000001,4671,4660,597888,597.888000,0,15.993794322013855,0,1403.4211745106959,1403.4211745106959,0,1403.4211745106959,0,0.16171172162739475,0,3962.4669304692002,0,3962.2816162943523,0,128,803ff338d75d53a4561b229b88d06dc326f5c8274174c2392a1e3cfb727f5bd3,25e71ef576876e1f7a3440039f4fb7c541db147b335bcb03e2b2f637ee258145,3a87173f6898bcf9d8e9c10bd7537244cc7e77400822fd25074150b976a5204b,e613a1dbe90efadaa85df5a5302cd093a1f4855f421959c48f5ab53dd5b54e79,e613a1dbe90efadaa85df5a5302cd093a1f4855f421959c48f5ab53dd5b54e79,edd80064c2727f10427aa4555e53600e80981c97a6c3373274611f471e01360a,edd80064c2727f10427aa4555e53600e80981c97a6c3373274611f471e01360a,0,0,0,0,0,0,0,3.3228541724383831e-05,0.21352386474609375,0.012167531589511782,3.3228541724383831e-05,0.21352386474609375,0.012167531589511782,0,0,0.0001,64,64,0,6523.013456,1.811948182,19.782337779172721,427.38150337915107,87495.924467634279
ect.q256.schedule-switch-training-telemetry/v1,q256_fresh_crossed_switch_n12_matpool_numeric_recovery_v2,AB,A,B,672,q256_target_weight_v1,B,1.1000000000000001,1.1000000000000001,4672,4661,598016,598.016000,0,17.752927303314209,0,2557.5861903452201,2557.5861903452201,0,2557.5861903452201,0,0.17003405779494929,0,3962.4671793575726,0,3962.2817116353149,0,128,1199c13d930bb25fa0079b721c9e4fbaceeb6aab107cde393320186feb2ce4ea,b7c9b31a133d0d6a34560d31b4aa46b6f1a4761db8fd96ceddcdce965b4b990e,f7847ee3acd7fade69dc0ca80e61c9f8a3fbba19b41dc6656d4c121b1cffb1be,ad7877f0f762068f914b2aeeb6f52bca0ad2d8cea4266d17ff9c8e828a46f61f,ad7877f0f762068f914b2aeeb6f52bca0ad2d8cea4266d17ff9c8e828a46f61f,1696408229408d0a1e1b0d348ee3e2ceea2525f5c8efd2ed56b1b5561b15c2ee,1696408229408d0a1e1b0d348ee3e2ceea2525f5c8efd2ed56b1b5561b15c2ee,0,0,0,0,0,0,0,4.5040855184197426e-05,0.25029373168945312,0.013584851665655151,4.5040855184197426e-05,0.25029373168945312,0.013584851665655151,0,0,0.0001,64,64,0,6524.949442,1.812485956,19.783682567462172,446.13462060114864,87546.473849416085
ect.q256.schedule-switch-training-telemetry/v1,q256_fresh_crossed_switch_n12_matpool_numeric_recovery_v2,AB,A,B,673,q256_target_weight_v1,B,1.1000000000000001,1.1000000000000001,4673,4662,598144,598.144000,0,15.107915043830872,0,1691.7792316590253,1691.7792316590253,0,1691.7792316590253,0,0.16874963894490708,0,3962.4674316880646,0,3962.2818070813187,0,128,c3874346177a3a56df5005367b9c845b48187e240af37d7a06e45b24bb633c4d,dbe5ed4271513c282d443b83f2b1f557e07e9f337170c7e72f20ee8415005f9f,2d2971ee6ff06bd92392ccf728b6d4ed1e1e52f1133ae57c0baeea0e4f0149a3,ddcfc626eaddc00d781c6e62d36017a06693585815addf363671e0859638ba92,ddcfc626eaddc00d781c6e62d36017a06693585815addf363671e0859638ba92,3de295694bf6ca6ea6a94ced541454074227c4d469ba5413e762a808cff040b6,3de295694bf6ca6ea6a94ced541454074227c4d469ba5413e762a808cff040b6,0,0,0,0,0,0,0,1.7973361536860466e-05,0.23308563232421875,0.013772599922958761,1.7973361536860466e-05,0.23308563232421875,0.013772599922958761,0,0,0.0001,64,64,0,6526.882611,1.813022947,19.784995963693195,444.02617317208149,87514.882521580526
ect.q256.schedule-switch-training-telemetry/v1,q256_fresh_crossed_switch_n12_matpool_numeric_recovery_v2,AB,A,B,674,q256_target_weight_v1,B,1.1000000000000001,1.1000000000000001,4674,4663,598272,598.272000,0,15.268382549285889,0,2149.8339275653739,2149.8339275653739,0,2149.8339275653739,0,0.17114861942451534,0,3962.4675990935702,0,3962.2819025878598,0,128,a6e6ac29505555053e05bb1bc55d072f9e59e38db3c37ec3d22a71d150707455,bf663e63bf85ff9055a45f4f57f180276a4c379d08ac1a903c89c9927efe2ae8,4f37609c1ac98a114f1277912adf71c3ef33a347ada2bafd80429c8712e1ed58,bb4d0d2f5ab190c9e73d234eb95d29df6019b883bce54c685255443a8ecde9f7,bb4d0d2f5ab190c9e73d234eb95d29df6019b883bce54c685255443a8ecde9f7,90c7cdbefca3a1dabcc67c58788e1879a4ff20eb955253c907b0f8a858d25533,90c7cdbefca3a1dabcc67c58788e1879a4ff20eb955253c907b0f8a858d25533,0,0,0,0,0,0,0,7.1558635681867599e-05,0.2178497314453125,0.011546000721864402,7.1558635681867599e-05,0.2178497314453125,0.011546000721864402,0,0,0.0001,64,64,0,6528.819959,1.813561100,19.786320023749258,453.49142357010356,87485.400838926507
ect.q256.schedule-switch-training-telemetry/v1,q256_fresh_crossed_switch_n12_matpool_numeric_recovery_v2,AB,A,B,675,q256_target_weight_v1,B,1.1000000000000001,1.1000000000000001,4675,4664,598400,598.400000,0,14.361230254173279,0,2062.8193204280865,2062.8193204280865,0,2062.8193204280865,0,0.17694644586429084,0,3962.467700278818,0,3962.281998116342,0,128,f8b32993ced061928e72dada6fe9af66b072bd725713cca02c989502e5b4562f,5f96bbadffab056a5ed0770698b95e036fcbefd9e7acd539f4d2f8956c52fffd,6b2ab9d6c5a4a8fa2cb68cabbaea9f3e3af6bf5eb4824f6c07fb32fde4beec2a,0db1b1fc00f6ceb9c03acaaa44fc90327af83d58eb90edc5e16c74ed84c45469,0db1b1fc00f6ceb9c03acaaa44fc90327af83d58eb90edc5e16c74ed84c45469,16a4d37075a0cdbe5d9072f554ae31ca7890f4a30a58fcdecb5a5a1424561318,16a4d37075a0cdbe5d9072f554ae31ca7890f4a30a58fcdecb5a5a1424561318,0,0,0,0,0,0,0,0.00010856054723262787,1.110595703125,0.0228099002270028,0.00010856054723262787,1.110595703125,0.0228099002270028,0,0,0.0001,64,64,0,6530.752963,1.814098045,19.787801231798912,477.13816296722473,87464.849959608531
ect.q256.schedule-switch-training-telemetry/v1,q256_fresh_crossed_switch_n12_matpool_numeric_recovery_v2,AB,A,B,676,q256_target_weight_v1,B,1.1000000000000001,1.1000000000000001,4676,4665,598528,598.528000,0,15.789787292480469,0,2034.2624180770927,2034.2624180770927,0,2034.2624180770927,0,0.17360104961779207,0,3962.467681531848,0,3962.2820935551563,0,128,b6a2ac4963b79e93b324e4bd3d7002d4f7901db2415d997d6deb19b90981ab3e,4f5be06682c73ab6abf24cd58ae4efbdc49ad8b12a3707e7c6ae13e1058b1cb1,65413853dd89173ebd126feac2257183e1a6bcad5bd96994055af9aa1c2f854d,982bac2c68a0a9975f8a3228e925bd86be2bfa29fc0ff43ba5423466dbf3ec96,982bac2c68a0a9975f8a3228e925bd86be2bfa29fc0ff43ba5423466dbf3ec96,fdd136d340a55d7cfdc2735f5800c3ad75f94d111b2a07bc1085fa3431717def,fdd136d340a55d7cfdc2735f5800c3ad75f94d111b2a07bc1085fa3431717def,0,0,0,0,0,0,0,4.2965169996023178e-05,0.39379119873046875,0.014338850509375334,4.2965169996023178e-05,0.39379119873046875,0.014338850509375334,0,0,0.0001,64,64,0,6532.684499,1.814634583,19.789134823376042,419.74758029312022,87481.38346007881
ect.q256.schedule-switch-training-telemetry/v1,q256_fresh_crossed_switch_n12_matpool_numeric_recovery_v2,AB,A,B,677,q256_target_weight_v1,B,1.1000000000000001,1.1000000000000001,4677,4666,598656,598.656000,0,15.226982355117798,0,3037.8004422757522,3037.8004422757522,0,3037.8004422757522,0,0.16983558719605407,0,3962.4675129382767,0,3962.2821887604837,0,128,bf6b8d08dc816679dbd0e81c61591ddcd4a5b67d1f73870461c60aede14a4431,e45274f31b9e3c6ca814b5425ece886fd8384d9799a0c41f97ed4d1aa673a3a8,00411065da61f1ff24f9ec96afecc4d71b9555c52e8a2d33a51b92b653ccb2a5,d43558f6d07ac4417afd599e5967b62904011dec28b9eb0d70cae3bca324bd95,d43558f6d07ac4417afd599e5967b62904011dec28b9eb0d70cae3bca324bd95,2fe14270ca575341377bf7fa7ab2cb8575d01b058fcf05c3ea2835d2ddd687b0,2fe14270ca575341377bf7fa7ab2cb8575d01b058fcf05c3ea2835d2ddd687b0,0,0,0,0,0,0,0,2.209213562309742e-05,0.491363525390625,0.017662691185250878,2.209213562309742e-05,0.491363525390625,0.017662691185250878,0,0,0.0001,64,64,0,6534.629354,1.815174821,19.790096881077798,449.36404965682488,87670.517078713005
ect.q256.schedule-switch-training-telemetry/v1,q256_fresh_crossed_switch_n12_matpool_numeric_recovery_v2,AB,A,B,678,q256_target_weight_v1,B,1.1000000000000001,1.1000000000000001,4678,4667,598784,598.784000,0,15.371700286865234,0,1562.5765444420861,1562.5765444420861,0,1562.5765444420861,0,0.167558525017382,0,3962.4672935618755,0,3962.2822837043759,0,128,0f4f0e7a3b7318b60d1ea181cc2f07d3ab257b1db2b5d984644dc821162f59d6,03400f4ce8b1b916c567083c54c19990da093ad20ed8d8be7ab3ec02f2f6d22f,a2c91eecccb67ac1a9673bdf5cbda9a29ce3a8e6a9e5509de8ce7133d90a96da,e43cdfda18826684d4a28536c90092bef0adaa543db94f36804b3f4ea55dae1b,e43cdfda18826684d4a28536c90092bef0adaa543db94f36804b3f4ea55dae1b,6bf211ab39ae5f3f89f2ad306b5fa631797caf6e45781961c6b0dfad2084b148,6bf211ab39ae5f3f89f2ad306b5fa631797caf6e45781961c6b0dfad2084b148,0,0,0,0,0,0,0,2.0669074729084969e-05,0.046886444091796875,0.008768662519287318,2.0669074729084969e-05,0.046886444091796875,0.008768662519287318,0,0,0.0001,64,64,0,6536.561894,1.815711637,19.790980355922784,422.87197107778144,87623.382947510167
ect.q256.schedule-switch-training-telemetry/v1,q256_fresh_crossed_switch_n12_matpool_numeric_recovery_v2,AB,A,B,679,q256_target_weight_v1,B,1.1000000000000001,1.1000000000000001,4679,4668,598912,598.912000,0,17.102803230285645,0,2226.4606040509939,2226.4606040509939,0,2226.4606040509939,0,0.1646965252134247,0,3962.4670250955478,0,3962.2823784078237,0,128,2569eed529de23cb0a4d44a2553970ec1bdb5a97ed8ff8c1b24573b94ee7c066,db4cb53370258e4ac4a0f7e35023900aa1ca05c830293335a2b6c7e65d7d9828,c505b9a7437b023fffea88c6b2cee9e1c3e7e6e28e2de81fb9a4c5c88f7d3297,bbb33a9dac67a24c4a13990a2519c6216869490547336000d15d55249181a4fa,bbb33a9dac67a24c4a13990a2519c6216869490547336000d15d55249181a4fa,79f0d36cd5c62f37bdb51cb7749e4613808b343f46e840ddd1e2efa05c07e8a9,79f0d36cd5c62f37bdb51cb7749e4613808b343f46e840ddd1e2efa05c07e8a9,0,0,0,0,0,0,0,4.2128143832087517e-05,0.096645355224609375,0.010109213995747268,4.2128143832087517e-05,0.096645355224609375,0.010109213995747268,0,0,0.0001,64,64,0,6538.513306,1.816253696,19.791464990330166,496.87524839204968,87671.479455383567
ect.q256.schedule-switch-training-telemetry/v1,q256_fresh_crossed_switch_n12_matpool_numeric_recovery_v2,AB,A,B,680,q256_target_weight_v1,B,1.1000000000000001,1.1000000000000001,4680,4669,599040,599.040000,0,16.653872847557068,0,2397.1685050363158,2397.1685050363158,0,2397.1685050363158,0,0.16828773981342582,0,3962.4667195092393,0,3962.2824727837906,0,128,afd3497136790e50c5a9d764839a3d0c44577a5c69acd8182e443122fc6b8397,539c3295ed983bf10aeda19513a4281466017048f98c0d6e9a404c42b427d606,04782fafa995e18fed468528469d087d207a786693e780c0b95fbb24480ca000,dbd48c7cb14882df01efafe0a054f50f1d87388eb5e28fe964ff07ad6feb3a5b,dbd48c7cb14882df01efafe0a054f50f1d87388eb5e28fe964ff07ad6feb3a5b,92c1370f5daa2ea96338c828bf27321dc5d8df8c012accf0967809ac0a7e9e48,92c1370f5daa2ea96338c828bf27321dc5d8df8c012accf0967809ac0a7e9e48,0,0,0,0,0,0,0,9.4737857580184937e-05,0.11775016784667969,0.011711090919561684,9.4737857580184937e-05,0.11775016784667969,0.011711090919561684,0,0,0.0001,64,64,0,6540.451825,1.816792174,19.791960624974251,488.66649305853156,87681.407422628836
ect.q256.schedule-switch-training-telemetry/v1,q256_fresh_crossed_switch_n12_matpool_numeric_recovery_v2,AB,A,B,681,q256_target_weight_v1,B,1.1000000000000001,1.1000000000000001,4681,4670,599168,599.168000,0,14.991790771484375,0,1376.7294711745096,1376.7294711745096,0,1376.7294711745096,0,0.16372986702026043,0,3962.4664127493534,0,3962.2825668904916,0,128,d1a3ec12bda9d5a481f2baa1754e34b73ee9ebf74670097ba4169ed7ca9b8058,3722e81fac33337970b04611165eaa3212b7c85bb4da06299944acb13104875e,13da84893e8e65585cbee02df7331fb0737dce9a0c6e432a4b283690ef009caa,b6643d1424acf0559b5d05518ea4cc958e07c22784772ebd2813e2b9f3cecfa2,b6643d1424acf0559b5d05518ea4cc958e07c22784772ebd2813e2b9f3cecfa2,467045524583f1098d0d2007796789beb26bcfd46064e8a41279d1dcdf44d46a,467045524583f1098d0d2007796789beb26bcfd46064e8a41279d1dcdf44d46a,0,0,0,0,0,0,0,7.1206828579306602e-05,2.104156494140625,0.029500326956622303,7.1206828579306602e-05,2.104156494140625,0.029500326956622303,0,0,0.0001,64,64,0,6542.385867,1.817329408,19.792356840778673,449.67527840091611,87621.897620344709
ect.q256.schedule-switch-training-telemetry/v1,q256_fresh_crossed_switch_n12_matpool_numeric_recovery_v2,AB,A,B,682,q256_target_weight_v1,B,1.1000000000000001,1.1000000000000001,4682,4671,599296,599.296000,0,15.862523794174194,0,1810.2972983360514,1810.2972983360514,0,1810.2972983360514,0,0.1646678469771749,0,3962.4661798800867,0,3962.2826607479906,0,128,09e06d42fb353ce4cbd0f70773b5bbe29675383cb69db046d83de61936828f9a,fd4f5ea631903a323a5bdbbd645f6a5b263971213d5be76b2e50bc21313bd874,35657112fc3f8a2258c9e59f07c7f2c7b819de8d70a222daf40c9ab7754dccfa,3a1f87b2fc52e4ea8623677953e04b31e8c30857efdfb7a3b8002e5830018c37,3a1f87b2fc52e4ea8623677953e04b31e8c30857efdfb7a3b8002e5830018c37,ad97dda623f6bf5f556e8c87ab2255f70bfcadc55fa76ca6bae2d0eeec1a2ab1,ad97dda623f6bf5f556e8c87ab2255f70bfcadc55fa76ca6bae2d0eeec1a2ab1,0,0,0,0,0,0,0,0.00015527708455920219,0.24682998657226562,0.011918982956558466,0.00015527708455920219,0.24682998657226562,0.011918982956558466,0,0,0.0001,64,64,0,6544.319715,1.817866588,19.792546313031547,455.11185892263012,87583.137828831517
ect.q256.schedule-switch-training-telemetry/v1,q256_fresh_crossed_switch_n12_matpool_numeric_recovery_v2,AB,A,B,683,q256_target_weight_v1,B,1.1000000000000001,1.1000000000000001,4683,4672,599424,599.424000,0,17.007617115974426,0,1208.7540826819952,1208.7540826819952,0,1208.7540826819952,0,0.15892029265143551,0,3962.4659883726681,0,3962.2827544289266,0,128,688b760a0d5777f3de2e7885c7b27d5c1d0793b93ddaeb5e333f3b178f01d87e,39b2e447fc7b9909134e8756164f238595f2b12c532e87015f49f21cf5691334,039645f9534f48dfd858d241bad1602ee4401889fcd9799e32236a97221f8b95,ea2f245df9afc77ffdc465e8e77ed343ad181d1ca0092540ed76fc86952b8012,ea2f245df9afc77ffdc465e8e77ed343ad181d1ca0092540ed76fc86952b8012,04136d949cadcf0592a24e787226bf9a12b49e8dba32340f081f5928c58feb39,04136d949cadcf0592a24e787226bf9a12b49e8dba32340f081f5928c58feb39,0,0,0,0,0,0,0,1.0389456292614341e-05,0.36685943603515625,0.013779100263491273,1.0389456292614341e-05,0.36685943603515625,0.013779100263491273,0,0,0.0001,64,64,0,6546.250362,1.818402878,19.792730735427259,431.89632710606327,87521.792640114916
ect.q256.schedule-switch-training-telemetry/v1,q256_fresh_crossed_switch_n12_matpool_numeric_recovery_v2,AB,A,B,684,q256_target_weight_v1,B,1.1000000000000001,1.1000000000000001,4684,4673,599552,599.552000,0,16.826563239097595,0,1985.3358585163119,1985.3358585163119,0,1985.3358585163119,0,0.16329450008031451,0,3962.465846070203,0,3962.2828479386289,0,128,00b297550fd576a4ead990bfa059c7ab715bc85b4e144e51a387a4b5061846a4,5ce4c93b139a37269e56d9819881cd346fadbf302d7d19825ff4c4bd12a26d09,a1ee58291658af8083e5c1a517998cc6d6e972bd502ed4d1b619e6489645af2c,33d232c1bc6764c9ae4855622fd53bd4544bad2ac78dd9a11b36c423bb6029ee,33d232c1bc6764c9ae4855622fd53bd4544bad2ac78dd9a11b36c423bb6029ee,074ad6bf68856bc9786f526198dc92ef65bc561dc74d8b8bc051bbc87b68e9e7,074ad6bf68856bc9786f526198dc92ef65bc561dc74d8b8bc051bbc87b68e9e7,0,0,0,0,0,0,0,4.5854831114411354e-05,0.23668289184570312,0.010927777853794396,4.5854831114411354e-05,0.23668289184570312,0.010927777853794396,0,0,0.0001,64,64,0,6548.183027,1.818939730,19.793025781992732,404.54255191441064,87509.975332016256
ect.q256.schedule-switch-training-telemetry/v1,q256_fresh_crossed_switch_n12_matpool_numeric_recovery_v2,AB,A,B,685,q256_target_weight_v1,B,1.1000000000000001,1.1000000000000001,4685,4674,599680,599.680000,0,16.408227443695068,0,2158.715042518098,2158.715042518098,0,2158.715042518098,0,0.16013835582325411,0,3962.4656785877783,0,3962.2829412767701,0,128,3459dff80814a37977beb7daf22349c560383749a7cfbfad92f225e6c61762e9,34f37953699d512af9cd56fb8b8d554afa4dbe5306fcdb3badaaff3b91e037f2,fc5e80131cbb9c9d7ea58901aa7f6d5bfced1c6b8b684723ede18bead0903a20,30aeabeaf292f462ef601cb6aa57dd7767be5c520f353545263a723bb699bfc2,30aeabeaf292f462ef601cb6aa57dd7767be5c520f353545263a723bb699bfc2,1fe00a10017553a4bf225cb1c726ea50eb4de094acb700220a2c90873bf19b3b,1fe00a10017553a4bf225cb1c726ea50eb4de094acb700220a2c90873bf19b3b,0,0,0,0,0,0,0,1.9411207176744938e-05,0.45546722412109375,0.016476630582474172,1.9411207176744938e-05,0.45546722412109375,0.016476630582474172,0,0,0.0001,64,64,0,6550.170141,1.819491706,19.793521413718103,446.15117858257361,87553.203204995254
ect.q256.schedule-switch-training-telemetry/v1,q256_fresh_crossed_switch_n12_matpool_numeric_recovery_v2,AB,A,B,686,q256_target_weight_v1,B,1.1000000000000001,1.1000000000000001,4686,4675,599808,599.808000,0,17.753367900848389,0,1504.971263648782,1504.971263648782,0,1504.971263648782,0,0.15905621011489465,0,3962.4655650357595,0,3962.2830344627228,0,128,86dedbdcd3333a365f5e0b8a0be4a96ba40cf36712460f13b89e80a3ef5e9a10,82b660f0ca37af18d06b38bbe04e5af529840ebf11b156944e5985e6ded1dcb1,0563e62098e1266257ed0ea2aba2876295a733a7c6419e89a63f95a3132aa229,a091fd86ae2c1882828e7f98bc54a8296b1b0598fbcda5cf79dcabb9cc4ecc38,a091fd86ae2c1882828e7f98bc54a8296b1b0598fbcda5cf79dcabb9cc4ecc38,b8c4eb8ed67e5a2a39c0f3292d5823db8f3fb69d6460f13bf3d5e3f58a9ad937,b8c4eb8ed67e5a2a39c0f3292d5823db8f3fb69d6460f13bf3d5e3f58a9ad937,0,0,0,0,0,0,0,4.7333305701613426e-05,0.5543975830078125,0.01561710616806522,4.7333305701613426e-05,0.5543975830078125,0.01561710616806522,0,0,0.0001,64,64,0,6552.109983,1.820030551,19.794340210399291,408.7374332522877,87494.986114888234
ect.q256.schedule-switch-training-telemetry/v1,q256_fresh_crossed_switch_n12_matpool_numeric_recovery_v2,AB,A,B,687,q256_target_weight_v1,B,1.1000000000000001,1.1000000000000001,4687,4676,599936,599.936000,0,14.417504072189331,0,1290.5394950400387,1290.5394950400387,0,1290.5394950400387,0,0.15253226208777346,0,3962.4654304364176,0,3962.2831275039844,0,128,cfe2e15f537aa9f1959bb4b1b1d8477010e70b68e9de3d438c4521ab52515052,5a2df22016999f13ed5e20dfd868a3b7c9a0a44f776b500aec340c3f8c5f5a10,468c377c4ff746c1dfecb33a60e0cc0aa46d83fa09673b7a7d9f8b5d4692e58b,f321541fae28a4bd70c8b4189444e0580fe748d5622d5419cfc0c6f70e157e9e,f321541fae28a4bd70c8b4189444e0580fe748d5622d5419cfc0c6f70e157e9e,3b7c2fcef3214455a55896a7dd6212471313bcd523ae8602a50a3621c5bdaa85,3b7c2fcef3214455a55896a7dd6212471313bcd523ae8602a50a3621c5bdaa85,0,0,0,0,0,0,0,8.5091916844248772e-05,0.20259475708007812,0.014657383784651756,8.5091916844248772e-05,0.20259475708007812,0.014657383784651756,0,0,0.0001,64,64,0,6554.045550,1.820568208,19.794865063470965,361.83206844260178,87443.457122360371
ect.q256.schedule-switch-training-telemetry/v1,q256_fresh_crossed_switch_n12_matpool_numeric_recovery_v2,AB,A,B,688,q256_target_weight_v1,B,1.1000000000000001,1.1000000000000001,4688,4677,600064,600.064000,0,17.931161165237427,0,2449.8614065299776,2449.8614065299776,0,2449.8614065299776,0,0.16185339326362572,0,3962.4652777439333,0,3962.2832203238977,0,128,ca6ff21d4738fbd3e20c0671f23098efee877388b3b97a825bfec7cb7cd9a007,a1222a4b199b0eccfd9863ade92c669181b3c8fe45f972e0efea1cf083586bcb,64a29c5a0036d463401c214c52568b27946ff8f1b3387bdbf6df00623d1d4531,a7311f997e596277e50a4ca8c4dc222856f124f5dd9d29882197ee5dc20706d8,a7311f997e596277e50a4ca8c4dc222856f124f5dd9d29882197ee5dc20706d8,d06df4c091001f3b9c6449ea094c13ecbe3ab0abfd13d7f640430df3f16179c8,d06df4c091001f3b9c6449ea094c13ecbe3ab0abfd13d7f640430df3f16179c8,0,0,0,0,0,0,0,8.0691883340477943e-05,0.4667205810546875,0.011920056422241032,8.0691883340477943e-05,0.4667205810546875,0.011920056422241032,0,0,0.0001,64,64,0,6556.003526,1.821112091,19.795628459822854,423.33651664636091,87455.563114390097
ect.q256.schedule-switch-training-telemetry/v1,q256_fresh_crossed_switch_n12_matpool_numeric_recovery_v2,AB,A,B,689,q256_target_weight_v1,B,1.1000000000000001,1.1000000000000001,4689,4678,600192,600.192000,0,16.345502972602844,0,2011.9886820545917,2011.9886820545917,0,2011.9886820545917,0,0.16698714785813795,0,3962.4651878458571,0,3962.2833130486492,0,128,31a07fd674cf6669209cfc7fec51a2de6e94d61b2326acb33e4c79e9decee4d1,5613b74fb39afa8537f8d43c2659dcbae1d3e3a1807dbad84f22b4aace09637f,ad5534f0455e62a843d5c3973862998b4f397820ca8b65b91f973e620b081816,6897dbace6189854ae4a1fccb0cf01c485b4a93c1046f554069e6bf46fa9701c,6897dbace6189854ae4a1fccb0cf01c485b4a93c1046f554069e6bf46fa9701c,561cb72b988cba70cbfa4586f8e3c10eb7ef4629c1dbf1e78d1e03c0e0ac8f7f,561cb72b988cba70cbfa4586f8e3c10eb7ef4629c1dbf1e78d1e03c0e0ac8f7f,0,0,0,0,0,0,0,5.1941489800810814e-05,0.305633544921875,0.015327390050515532,5.1941489800810814e-05,0.305633544921875,0.015327390050515532,0,0,0.0001,64,64,0,6557.938006,1.821649446,19.796333144319281,435.36475378901156,87427.484705868628
ect.q256.schedule-switch-training-telemetry/v1,q256_fresh_crossed_switch_n12_matpool_numeric_recovery_v2,AB,A,B,690,q256_target_weight_v1,B,1.1000000000000001,1.1000000000000001,4690,4679,600320,600.320000,0,15.313086628913879,0,1799.4637900183748,1799.4637900183748,0,1799.4637900183748,0,0.16323738317851424,0,3962.4650880163917,0,3962.2834056563383,0,128,14c35360caed24d6e790d29b1b57bf9e038851d449a36ce9e1381e7caf404f43,93648546330cb7a208633db7c082d95d132cb39652075960d10a8c2b4ce9a02e,4e7cc058121a93619f2970112d30d5352bb2f76095de286362ce7de56bfc1acf,4a71cdf25b8bd15d8d672d89dda862b20c4389556c29c2cf3c190fae13d09e61,4a71cdf25b8bd15d8d672d89dda862b20c4389556c29c2cf3c190fae13d09e61,9efa1ae8fa3274460693ed894e06572b4947b923036d6a7b7eab60173a42d2a3,9efa1ae8fa3274460693ed894e06572b4947b923036d6a7b7eab60173a42d2a3,0,0,0,0,0,0,0,3.9785634726285934e-05,0.29579925537109375,0.013697755930479616,3.9785634726285934e-05,0.29579925537109375,0.013697755930479616,0,0,0.0001,64,64,0,6559.874603,1.822187390,19.796927802869909,413.89331955538592,87413.175160136248
ect.q256.schedule-switch-training-telemetry/v1,q256_fresh_crossed_switch_n12_matpool_numeric_recovery_v2,AB,A,B,691,q256_target_weight_v1,B,1.1000000000000001,1.1000000000000001,4691,4680,600448,600.448000,0,16.105234622955322,0,1753.2378305479479,1753.2378305479479,0,1753.2378305479479,0,0.16288008286676894,0,3962.4649603162748,0,3962.2834981183341,0,128,25b6550b457f5a813b75e9ca2994e2f55b9644984e297118e91da7c53220a218,12a4c56a2b57337e68d4840e285429a3f15bb6e0b5cb4b457cd8aa92e486b3dc,c7ec1dd248731246a9ad6448b3bb8aa9a54726dc13ef5125c7130f15a2899af7,dff42632829448f20e3e2a1c8756cfdb20584c45111cdd7f36a255ed4ef654a0,dff42632829448f20e3e2a1c8756cfdb20584c45111cdd7f36a255ed4ef654a0,f5a388be0ad238d56d6ca878bfa9f9f9f18d11bc39523f47f0a44abfc0a963ef,f5a388be0ad238d56d6ca878bfa9f9f9f18d11bc39523f47f0a44abfc0a963ef,0,0,0,0,0,0,0,1.2135482393205166e-05,0.15706634521484375,0.011377246817573905,1.2135482393205166e-05,0.15706634521484375,0.011377246817573905,0,0,0.0001,64,64,0,6561.804668,1.822723519,19.797493599957736,443.10941817802996,87385.75793092286
ect.q256.schedule-switch-training-telemetry/v1,q256_fresh_crossed_switch_n12_matpool_numeric_recovery_v2,AB,A,B,692,q256_target_weight_v1,B,1.1000000000000001,1.1000000000000001,4692,4681,600576,600.576000,0,17.987826228141785,0,1482.0049819394194,1482.0049819394194,0,1482.0049819394194,0,0.16033066018772388,0,3962.4648886377054,0,3962.2835904288499,0,128,a80480c53642db8a1a498844c6294cb5d1f42c8e8870e22befe5f3ff16410bc8,bb4754f6046e34940fd4f916abb9c6c416a2fd880edfc541f7023b7b228f1cf0,6fef6b1996908ec1c4fdb735bdf914641eee2efb043e5ce984e4366816ceffa4,24d74f3fe473631c09db99bc20be15bd27ae21b19c6cb0b732f07b479569b428,24d74f3fe473631c09db99bc20be15bd27ae21b19c6cb0b732f07b479569b428,54493eb98795d99d483f4aa1fc42edf4f685a645f1ae036a2d3a54514796784f,54493eb98795d99d483f4aa1fc42edf4f685a645f1ae036a2d3a54514796784f,0,0,0,0,0,0,0,2.6329304091632366e-05,0.3901519775390625,0.011401996132917702,2.6329304091632366e-05,0.3901519775390625,0.011401996132917702,0,0,0.0001,64,64,0,6563.748256,1.823263404,19.797901120737187,391.86277748182715,87325.440167960871
ect.q256.schedule-switch-training-telemetry/v1,q256_fresh_crossed_switch_n12_matpool_numeric_recovery_v2,AB,A,B,693,q256_target_weight_v1,B,1.1000000000000001,1.1000000000000001,4693,4682,600704,600.704000,0,14.420172214508057,0,1619.5091150140852,1619.5091150140852,0,1619.5091150140852,0,0.15983068704439127,0,3962.4647802921568,0,3962.283682622111,0,128,ef35e3428f6e42ef205266d5b3d36149a33429b4851393e4f86e57c1796cbd07,bd8bd8eb80b8a5ac73a76b26dde0802a631e6255cfc73c5709c904c2e0dd0680,b868c07c1344da25b017b40e2d46784a34874932dbe4e66e615db8443fa5fb5b,fdabbcd8820aa356b67a188ed9d0d0807f4ba2b575c71537dc39c34b8dc0af8e,fdabbcd8820aa356b67a188ed9d0d0807f4ba2b575c71537dc39c34b8dc0af8e,c7ede7a6214b7ecec1486c1abb2f43c0eec4caf1066496827f4165957ef9f8c2,c7ede7a6214b7ecec1486c1abb2f43c0eec4caf1066496827f4165957ef9f8c2,0,0,0,0,0,0,0,6.9698784500360489e-05,0.1385498046875,0.011099225026555359,6.9698784500360489e-05,0.1385498046875,0.011099225026555359,0,0,0.0001,64,64,0,6565.684070,1.823801130,19.79833253599849,426.4881951577687,87277.303351356837
ect.q256.schedule-switch-training-telemetry/v1,q256_fresh_crossed_switch_n12_matpool_numeric_recovery_v2,AB,A,B,694,q256_target_weight_v1,B,1.1000000000000001,1.1000000000000001,4694,4683,600832,600.832000,0,17.495709896087646,0,1399.9568639716304,1399.9568639716304,0,1399.9568639716304,0,0.15875648369882445,0,3962.4647090848321,0,3962.283774739753,0,128,a97f77f9f5551db7975f1c1de26ccc0bceaccb2c0d7e04d19a25a8b06d8df55c,3e9bcc266a56941615eed903066c2d182b95808355c5317038c8767ad8e4e97e,553c56653837a947f1043f4697f00afbfa59bf6c7111cbbc51f995c5ebced6ef,38c98f3452a8f8a6d0084f22d98560ae002de9d517379063873f83d0c5e2b69a,38c98f3452a8f8a6d0084f22d98560ae002de9d517379063873f83d0c5e2b69a,4eadc9ab3047c44fc2e1c56a6f06842376fbdf2d2b14b6dae7a898b4c856cc49,4eadc9ab3047c44fc2e1c56a6f06842376fbdf2d2b14b6dae7a898b4c856cc49,0,0,0,0,0,0,0,7.2994735091924667e-05,0.6743621826171875,0.019520149391610175,7.2994735091924667e-05,0.6743621826171875,0.019520149391610175,0,0,0.0001,64,64,0,6567.616207,1.824337835,19.799026179454938,429.20743605374099,87214.998580364365
ect.q256.schedule-switch-training-telemetry/v1,q256_fresh_crossed_switch_n12_matpool_numeric_recovery_v2,AB,A,B,695,q256_target_weight_v1,B,1.1000000000000001,1.1000000000000001,4695,4684,600960,600.960000,0,16.792290210723877,0,1925.3848767165791,1925.3848767165791,0,1925.3848767165791,0,0.16434881756638989,0,3962.4647368062206,0,3962.2838667700885,0,128,547d1184ce0bb33279fe9e186e5fc058ff8162de9787caa047146bbad00bc980,bf4f0c24d4414b26e20d2745ab5b97a85838a6db486099ae31eff500a9010cfd,bff8dbae668d2ce569bf2e71fe82892e6dca296d635cb744c8026fa5bec0b7e7,09f7e001f8c38910f8c623c773b15be0367682e833309713c19c3d04ba816d17,09f7e001f8c38910f8c623c773b15be0367682e833309713c19c3d04ba816d17,a1a96e4ddbc6df101f8e7d442481d42928c33b14402bf5e104e0d7458bb49cdb,a1a96e4ddbc6df101f8e7d442481d42928c33b14402bf5e104e0d7458bb49cdb,0,0,0,0,0,0,0,2.2024614736437798e-05,0.27200698852539062,0.013434962893370539,2.2024614736437798e-05,0.27200698852539062,0.013434962893370539,0,0,0.0001,64,64,0,6569.547709,1.824874364,19.79919795932712,434.75536565317532,87164.501430326185
ect.q256.schedule-switch-training-telemetry/v1,q256_fresh_crossed_switch_n12_matpool_numeric_recovery_v2,AB,A,B,696,q256_target_weight_v1,B,1.1000000000000001,1.1000000000000001,4696,4685,601088,601.088000,0,15.753794312477112,0,2074.4241548903133,2074.4241548903133,0,2074.4241548903133,0,0.16050377304930652,0,3962.4648253894834,0,3962.2839587914241,0,128,1dba5e5d7494dc85bbb3a11309c97482f0e99d3b03d68be27737de986dba9da4,8e82a48a5cb94acc0eba5804e3f730cfe2c72f7f47617a90c58f27fb862ebd7c,1c107083ed04d7393c9f4c4a7d6a4baae18e9f2a8efce7d4f30ba0c76e42be7d,3332d688b74daa497fc4f4c183643d9d0e051a859cb3b990a7476f2857c3a803,3332d688b74daa497fc4f4c183643d9d0e051a859cb3b990a7476f2857c3a803,792bdf312df28eceeb9f58227d793dd2c512692e289c9c086928d64f1a5f3037,792bdf312df28eceeb9f58227d793dd2c512692e289c9c086928d64f1a5f3037,0,0,0,0,0,0,0,7.2414521127939224e-05,0.30341339111328125,0.015155439032241702,7.2414521127939224e-05,0.30341339111328125,0.015155439032241702,0,0,0.0001,64,64,0,6571.479895,1.825411082,19.798872047626446,475.34314993640993,87179.240578650148
ect.q256.schedule-switch-training-telemetry/v1,q256_fresh_crossed_switch_n12_matpool_numeric_recovery_v2,AB,A,B,697,q256_target_weight_v1,B,1.1000000000000001,1.1000000000000001,4697,4686,601216,601.216000,0,15.043954372406006,0,2617.5157480881576,2617.5157480881576,0,2617.5157480881576,0,0.15759268764596526,0,3962.4649404365277,0,3962.2840508184663,0,128,70e10ed71ecfe3109f94d28a33889017e9f81b5211c8b9388f9f9900b8f2df0c,b7df643f034638d588259de1544df1df28f29a69c72c5172b4eb3a0ef0c99b50,d302120e93d65c7f35745a14df4c51d6fa0fcc0f1188a97865f7e4fab389ad6e,2d884aa6e7e0b90c22330fea1a020aee983278cb5698a7355c0c9816ba3dd936,2d884aa6e7e0b90c22330fea1a020aee983278cb5698a7355c0c9816ba3dd936,d1557f0dbbb1b05163a62c91c4b19033953406ab8dc811aae7404b8d5a804337,d1557f0dbbb1b05163a62c91c4b19033953406ab8dc811aae7404b8d5a804337,0,0,0,0,0,0,0,0.00011323299258947372,0.7930908203125,0.01854023989289999,0.00011323299258947372,0.7930908203125,0.01854023989289999,0,0,0.0001,64,64,0,6573.415149,1.825948653,19.798766139866697,382.46019356171473,87294.844671730243
ect.q256.schedule-switch-training-telemetry/v1,q256_fresh_crossed_switch_n12_matpool_numeric_recovery_v2,AB,A,B,698,q256_target_weight_v1,B,1.1000000000000001,1.1000000000000001,4698,4687,601344,601.344000,0,15.804447650909424,0,1912.3644961975056,1912.3644961975056,0,1912.3644961975056,0,0.16227200072929118,0,3962.4651460038003,0,3962.2841429506498,0,128,8d71ebbbcd234b4eeb3560430b2bc1392526b0e80f12f0d84d93968cda601852,92a32047bbcbc9e69490588f7b616665d51169f78509987333bded52d1f82423,1d96f4de36502e89aa3e7496fd095c4edba6d26fc9a9bce627b45ff12fece3b5,03789a1e1d69660632397112afcc577dd6c7631179b3bafcbcdfb7d28551d92a,03789a1e1d69660632397112afcc577dd6c7631179b3bafcbcdfb7d28551d92a,fdb4884dc25825351a7b91d46b734f5dcd28adb74bc8ca56f8549c35d5abe62b,fdb4884dc25825351a7b91d46b734f5dcd28adb74bc8ca56f8549c35d5abe62b,0,0,0,0,0,0,0,2.2151158191263676e-05,0.32540130615234375,0.017639442114159465,2.2151158191263676e-05,0.32540130615234375,0.017639442114159465,0,0,0.0001,64,64,0,6575.354681,1.826487411,19.798632209739274,395.49968276862927,87301.06077809463
ect.q256.schedule-switch-training-telemetry/v1,q256_fresh_crossed_switch_n12_matpool_numeric_recovery_v2,AB,A,B,699,q256_target_weight_v1,B,1.1000000000000001,1.1000000000000001,4699,4688,601472,601.472000,0,15.405763983726501,0,1940.0236681152685,1940.0236681152685,0,1940.0236681152685,0,0.16033729814048617,0,3962.4654523877152,0,3962.2842352456269,0,128,e1a5ca08164cea102483047a3cbb199c20bb224f68cdc8bbb4c7d84d04ea8742,884447393e671771e8b38d16319ae6de1652e3f389933a7ac8eaa6b387bbf09b,4ba7e0f660201b0e8df3cafa81c5eca81c76a978009d7234a92a7811d3372ab1,4e621ee28c591826cab30f777fc7787f04cd80f850bf3e65c5335d7af43dcdd5,4e621ee28c591826cab30f777fc7787f04cd80f850bf3e65c5335d7af43dcdd5,cf6582c0dbc5e0279e186275785b0e9ac5348e8334366b7f763e1d1c60acb68c,cf6582c0dbc5e0279e186275785b0e9ac5348e8334366b7f763e1d1c60acb68c,0,0,0,0,0,0,0,6.2249600887298584e-05,1.224609375,0.024735261278692633,6.2249600887298584e-05,1.224609375,0.024735261278692633,0,0,0.0001,64,64,0,6577.293908,1.827026086,19.798664318558426,384.23758432120849,87314.880821590588
ect.q256.schedule-switch-training-telemetry/v1,q256_fresh_crossed_switch_n12_matpool_numeric_recovery_v2,AB,A,B,700,q256_target_weight_v1,B,1.1000000000000001,1.1000000000000001,4700,4689,601600,601.600000,0,16.647701263427734,0,1398.0616363539918,1398.0616363539918,0,1398.0616363539918,0,0.15721854603497626,0,3962.4658458041145,0,3962.2843277704701,0,128,24d40866ee41e9c19b2fa89e47eb0c59ddb5a2450ad539ddbf56ffbca80dcaf5,7acd828853aa84a1043b7eb913f0c8b47043bdccd612465706e677546ce9908e,e0ebab42c8128b9cb2713e9c7d115fed5e7ac4a74b320457860a1e7e39e3561f,8c06705962412f057754513c00e04a3b924a5065370156dbd2663b84d5118068,8c06705962412f057754513c00e04a3b924a5065370156dbd2663b84d5118068,9b59979609d46efa5a19a7d980c827aef6b4682db7c78b074832c5cdfe6ed7d9,9b59979609d46efa5a19a7d980c827aef6b4682db7c78b074832c5cdfe6ed7d9,0,0,0,0,0,0,0,2.1748361177742481e-05,0.11100196838378906,0.0096897996845655143,2.1748361177742481e-05,0.11100196838378906,0.0096897996845655143,0,0,0.0001,64,64,0,6579.227396,1.827563166,19.79875855165276,390.87525821018761,87269.707131744639
ect.q256.schedule-switch-training-telemetry/v1,q256_fresh_crossed_switch_n12_matpool_numeric_recovery_v2,AB,A,B,701,q256_target_weight_v1,B,1.1000000000000001,1.1000000000000001,4701,4690,601728,601.728000,0,16.629194021224976,0,2147.4692169466034,2147.4692169466034,0,2147.4692169466034,0,0.15744501264085017,0,3962.4662357553407,0,3962.2844205114607,0,128,2a89ff6db7f751cee54705efd5886fac458a4117257e95dd2621de45e9b70bab,79b455433b5cedb24f26962c0a81c3068d604d246da577e31cac4e9c7bc9e2e1,923f91ccb1014afcee18f9e030b6c64a3fbf21bd77ee6345f9aa84a7e92926e8,42d84b1d3cc5db1d5844b1e33b7d017a00885d4f144f9e07bf5c41e7d00a9733,42d84b1d3cc5db1d5844b1e33b7d017a00885d4f144f9e07bf5c41e7d00a9733,2660aab34fc2a51df40a192a7718cc6426f706e140c02c8ea00fb2becb39a957,2660aab34fc2a51df40a192a7718cc6426f706e140c02c8ea00fb2becb39a957,0,0,0,0,0,0,0,4.941597580909729e-05,0.5590362548828125,0.018242352758534253,4.941597580909729e-05,0.5590362548828125,0.018242352758534253,0,0,0.0001,64,64,0,6581.160272,1.828100076,19.798745737772769,459.3336961208197,87270.202494606696
ect.q256.schedule-switch-training-telemetry/v1,q256_fresh_crossed_switch_n12_matpool_numeric_recovery_v2,AB,A,B,702,q256_target_weight_v1,B,1.1000000000000001,1.1000000000000001,4702,4691,601856,601.856000,0,16.366722822189331,0,1116.3604012295682,1116.3604012295682,0,1116.3604012295682,0,0.15226477668498842,0,3962.4666418741776,0,3962.2845134391464,0,128,d71ae1818b1ae327524f90f98ed9cf007b438412eed90370a0b95620bafae6de,b54a0f58180b452aeb588beadff15cdfe77e97c9dda6e803c48b82ef6bdd09fa,3590ddfd6880155b4ffcd5dd4570a5d2bbac6fe74cf8bbcdab5b38e99a79cd1b,10c18e498e8c4c72f7124094a380fc5ff322da6c9be2df869a3eaf65efc8531f,10c18e498e8c4c72f7124094a380fc5ff322da6c9be2df869a3eaf65efc8531f,28793173d6f9fe1c70bc71d92c1e588b6f42caef4d7760210206003e765f5b28,28793173d6f9fe1c70bc71d92c1e588b6f42caef4d7760210206003e765f5b28,0,0,0,0,0,0,0,7.5490097515285015e-06,0.4772796630859375,0.013307574670761824,7.5490097515285015e-06,0.4772796630859375,0.013307574670761824,0,0,0.0001,64,64,0,6583.091149,1.828636430,19.798673662423308,437.88604989447327,87200.48861629708
ect.q256.schedule-switch-training-telemetry/v1,q256_fresh_crossed_switch_n12_matpool_numeric_recovery_v2,AB,A,B,703,q256_target_weight_v1,B,1.1000000000000001,1.1000000000000001,4703,4692,601984,601.984000,0,15.620589256286621,0,1351.7318968241113,1351.7318968241113,0,1351.7318968241113,0,0.14828455338314031,0,3962.4670182972495,0,3962.28460658937,0,128,c088c2638a879eebedb07644c81858c870963cb6bf3e23a4502e90bb26ae1f81,134dfa623365143356f0bca6ddc561ec7d65fb338a9cf171903158cc9c9ce020,4f634a944c27a36331a8f23adf2fb7ca60ad5cb3739e272ee0e9f06db4bbd0da,4313ad953af53f283e77e11ea6511ad714919fc0c1ad544f91711b5e2653e3ca,4313ad953af53f283e77e11ea6511ad714919fc0c1ad544f91711b5e2653e3ca,80808866a57295d88a777ae80c760603fab415085f96e0617d42e60c1bad3616,80808866a57295d88a777ae80c760603fab415085f96e0617d42e60c1bad3616,0,0,0,0,0,0,0,6.5394677221775055e-05,0.18770217895507812,0.012986998015549034,6.5394677221775055e-05,0.18770217895507812,0.012986998015549034,0,0,0.0001,64,64,0,6585.027597,1.829174332,19.798338957876453,429.27783658358612,87144.292424651794
ect.q256.schedule-switch-training-telemetry/v1,q256_fresh_crossed_switch_n12_matpool_numeric_recovery_v2,AB,A,B,704,q256_target_weight_v1,B,1.1000000000000001,1.1000000000000001,4704,4693,602112,602.112000,0,14.396633744239807,0,1488.5371790487375,1488.5371790487375,0,1488.5371790487375,0,0.15019803402963702,0,3962.4674028092941,0,3962.2846999190815,0,128,8dd098c5728da035879f02773463b52c73c891ef2a6150cb4c7e04a3e6fd17ae,47a539a0ea639c51b73f24142b5aabde34b8096a98b8a5f8bc3517e871a342e6,32fe6f505dade639ae61812f3d6a9dfda58b8a0ed7d58dbbdca529c0eeed2d7d,eeb3300c324a6f36c6db1ee90ffb429aec4be546c04afaeb7c49ed3361f771b9,eeb3300c324a6f36c6db1ee90ffb429aec4be546c04afaeb7c49ed3361f771b9,3fb8d419fe06543589a4fb77b60f4d59fca423b8fdc999ac2e64c6bfd80cb6fa,3fb8d419fe06543589a4fb77b60f4d59fca423b8fdc999ac2e64c6bfd80cb6fa,0,0,0,0,0,0,0,1.5000172425061464e-05,0.1014556884765625,0.011938753654249012,1.5000172425061464e-05,0.1014556884765625,0.011938753654249012,0,0,0.0001,64,64,0,6586.961435,1.829711510,19.798297643752957,397.84611563939359,87094.130060305397
ect.q256.schedule-switch-training-telemetry/v1,q256_fresh_crossed_switch_n12_matpool_numeric_recovery_v2,AB,A,B,705,q256_target_weight_v1,B,1.1000000000000001,1.1000000000000001,4705,4694,602240,602.240000,0,16.98546290397644,0,1832.1654867869627,1832.1654867869627,0,1832.1654867869627,0,0.1543880412791532,0,3962.4676714872785,0,3962.2847934002452,0,128,cd81ca11d7e0577c5ff504fe9bc7d4ef99d9e6f049ba3f4190a16608041253b5,40edd0921c32afae9172af0e87ee2209a2b8e41d9d9ec682dbc9b681b17df8bc,084a88e98e6c5f97c8e6d8ae468a8042fd52fb6f4f1e1e987427283e7349e17d,2f4d2e2bfc74fecabaf2e83fda2139218d7fadc61df4026568397bfc9dab3c31,2f4d2e2bfc74fecabaf2e83fda2139218d7fadc61df4026568397bfc9dab3c31,25ab08a72fd17eb659e6a5ef704ffb6cfb89549f807bee293cb8814cfcd997b1,25ab08a72fd17eb659e6a5ef704ffb6cfb89549f807bee293cb8814cfcd997b1,0,0,0,0,0,0,0,2.8625072445720434e-06,0.15531539916992188,0.012787248240783811,2.8625072445720434e-06,0.15531539916992188,0.012787248240783811,0,0,0.0001,64,64,0,6588.895787,1.830248830,19.797652530889152,388.82885198650717,87065.987209803163
ect.q256.schedule-switch-training-telemetry/v1,q256_fresh_crossed_switch_n12_matpool_numeric_recovery_v2,AB,A,B,706,q256_target_weight_v1,B,1.1000000000000001,1.1000000000000001,4706,4695,602368,602.368000,0,16.61747419834137,0,1463.1821949472705,1463.1821949472705,0,1463.1821949472705,0,0.15363112041055976,0,3962.4678569723369,0,3962.2848869361333,0,128,bc3225eb73d10eee3438730c5f1a5ce5e83adc1d71f5b1cbe4159dec90d37898,e14f78b3c1a6d83def09cd641dadbb8fcbb0eeeb8fd114d1a6788ce8cd86451d,fe42a2eb13557f123698514049014f4e554cf45a5f81d2297ca36547f5a09480,c56fc9a9c973bd4b853cee7add52d1bbc555db369a53d394bbfe28e301591a66,c56fc9a9c973bd4b853cee7add52d1bbc555db369a53d394bbfe28e301591a66,97af0c606d4981fbdc3df55a38dca531a9d1dc272cc613086a54a324fecb4c79,97af0c606d4981fbdc3df55a38dca531a9d1dc272cc613086a54a324fecb4c79,0,0,0,0,0,0,0,3.5402248613536358e-05,0.964508056640625,0.017428428400307894,3.5402248613536358e-05,0.964508056640625,0.017428428400307894,0,0,0.0001,64,64,0,6590.826318,1.830785088,19.79674046313804,388.40657212108243,87017.580251529056
ect.q256.schedule-switch-training-telemetry/v1,q256_fresh_crossed_switch_n12_matpool_numeric_recovery_v2,AB,A,B,707,q256_target_weight_v1,B,1.1000000000000001,1.1000000000000001,4707,4696,602496,602.496000,0,16.980923414230347,0,1444.5822194604086,1444.5822194604086,0,1444.5822194604086,0,0.15256135488157085,0,3962.467977011609,0,3962.2849804966263,0,128,c043df0f708d9eadbf3aeda344a963884dae4f5d0ddb30d53ae1f7d4fb4b7a1b,cda0cc6827008dd1c2c92bc574dee8b51ac299389a80ee1bf9946e7dcca65949,cf9b99719ae11c74d5bf85796fc9346cf221dc1d8ad4d7c700087cf2bb3efd4e,0b06d805a27e0ed806f4004b26c9d84db490637f799bce626589fb1e0c8ea7fe,0b06d805a27e0ed806f4004b26c9d84db490637f799bce626589fb1e0c8ea7fe,6fb3bbb791725d303fcb9c19c91fa4e87d43818f8d4d37f1d42f8bba6e237715,6fb3bbb791725d303fcb9c19c91fa4e87d43818f8d4d37f1d42f8bba6e237715,0,0,0,0,0,0,0,5.5972952395677567e-05,0.15459060668945312,0.012495475180912763,5.5972952395677567e-05,0.15459060668945312,0.012495475180912763,0,0,0.0001,64,64,0,6592.758513,1.831321809,19.795982312979064,376.63249415478015,86963.618689124749
ect.q256.schedule-switch-training-telemetry/v1,q256_fresh_crossed_switch_n12_matpool_numeric_recovery_v2,AB,A,B,708,q256_target_weight_v1,B,1.1000000000000001,1.1000000000000001,4708,4697,602624,602.624000,0,15.770778059959412,0,1649.1658807211579,1649.1658807211579,0,1649.1658807211579,0,0.14769479833434287,0,3962.4680413884653,0,3962.2850740858271,0,128,eaafe0776a7eac54ae260934b4a0564fa91c32f42971930acf6ce6752a5124e5,d83a5f1def842be160e8d3503f87889f2b61c6b58b30bded5c856a54e7207cb6,c66e2b51e36d3faddc699293412e931779026b171597e4cdcea8e16f3474cd99,b0f586ce784abc593321ed888877c3007193485b57994815dc5dc386b942a3a1,b0f586ce784abc593321ed888877c3007193485b57994815dc5dc386b942a3a1,8ce1f5433f64c14512cc7b4b2eede8605a47ff1855327259e4d7adceada2490b,8ce1f5433f64c14512cc7b4b2eede8605a47ff1855327259e4d7adceada2490b,0,0,0,0,0,0,0,2.8429669328033924e-05,0.1818084716796875,0.014528848405461758,2.8429669328033924e-05,0.1818084716796875,0.014528848405461758,0,0,0.0001,64,64,0,6594.692786,1.831859107,19.795072328790582,344.81496366735405,86935.136816269311
ect.q256.schedule-switch-training-telemetry/v1,q256_fresh_crossed_switch_n12_matpool_numeric_recovery_v2,AB,A,B,709,q256_target_weight_v1,B,1.1000000000000001,1.1000000000000001,4709,4698,602752,602.752000,0,17.756839990615845,0,1423.1659826521388,1423.1659826521388,0,1423.1659826521388,0,0.1505393434876586,0,3962.4680854583266,0,3962.2851675946135,0,128,f0599bab53ff542fc85e2956213f983317255179d3e22dd15d3966589522b2b4,e212cc02a0fdc3f03a4e6da2c33636185f2c96bc81e62fff0e8a23ab3188b606,a4dbce2979ae7b675b595b54a7a474b5eaeb22458a66a22a101c592063f0a9a1,2ea6657a35ab91389c1d1622b8647583f1555bfe69e978635fba8c71d22052f6,2ea6657a35ab91389c1d1622b8647583f1555bfe69e978635fba8c71d22052f6,1c44d8ad508824b9bc52ef082417be7bba658b8ffc8ecfc7844f628e80df03a3,1c44d8ad508824b9bc52ef082417be7bba658b8ffc8ecfc7844f628e80df03a3,0,0,0,0,0,0,0,6.8332010414451361e-06,0.62701416015625,0.02018057374516502,6.8332010414451361e-06,0.62701416015625,0.02018057374516502,0,0,0.0001,64,64,0,6596.625295,1.832395915,19.794217096742187,365.06978369228773,86872.408991272066
ect.q256.schedule-switch-training-telemetry/v1,q256_fresh_crossed_switch_n12_matpool_numeric_recovery_v2,AB,A,B,710,q256_target_weight_v1,B,1.1000000000000001,1.1000000000000001,4710,4699,602880,602.880000,0,16.656455039978027,0,2294.85045462169,2294.85045462169,0,2294.85045462169,0,0.14839319118177702,0,3962.4680894302987,0,3962.2852610162399,0,128,9ea0054a791a7b1daa1a925397b0c2e16d4f14abfee44a63473840b68057ffdb,74661c2372a65c070dfb0aee5bd466f10e6731de8d12592a03b063d03e2204bf,4175b45d9b1010ed60e3e03414d8d52bd9cb4a7e8f54db0497f39472411e0086,4914de7a4cd249a49379c325a21e29790952c6dba7425cebbaf2b3b8292f22a4,4914de7a4cd249a49379c325a21e29790952c6dba7425cebbaf2b3b8292f22a4,df96c86112e36ab9b3ccf7ecde4c8565bf98e6677a8deb3d9551965ff2c08693,df96c86112e36ab9b3ccf7ecde4c8565bf98e6677a8deb3d9551965ff2c08693,0,0,0,0,0,0,0,8.827220881357789e-06,0.3210296630859375,0.012952670454978943,8.827220881357789e-06,0.3210296630859375,0.012952670454978943,0,0,0.0001,64,64,0,6598.581680,1.832939356,19.792844543162698,416.79968027022278,86939.569493096657
ect.q256.schedule-switch-training-telemetry/v1,q256_fresh_crossed_switch_n12_matpool_numeric_recovery_v2,AB,A,B,711,q256_target_weight_v1,B,1.1000000000000001,1.1000000000000001,4711,4700,603008,603.008000,0,16.705034613609314,0,1827.2209677887679,1827.2209677887679,0,1827.2209677887679,0,0.14795077536393159,0,3962.4680063906485,0,3962.2853543470201,0,128,24e9df05fe146f9efd24b5b98c8dc5d3591c654213f65564733b4556f12c7e9c,162189c766ac51ff5596d523638a9720920d869a46ec9a115a800e2b4b9d08b3,818f2b0456ca9dcbc77e9e82ec8930f677fb02e8f50c5c87f036bfb20e33e931,efce1046fa779353219fba384dc213c89e0a81cb86ed64c6cd9fdcdfb07e1708,efce1046fa779353219fba384dc213c89e0a81cb86ed64c6cd9fdcdfb07e1708,496fbbc911cbc07721a28b07d28baba8bcaf295a5d46f46fa6ece574581058d1,496fbbc911cbc07721a28b07d28baba8bcaf295a5d46f46fa6ece574581058d1,0,0,0,0,0,0,0,5.4378295317292213e-05,0.148040771484375,0.011893138173036277,5.4378295317292213e-05,0.148040771484375,0.011893138173036277,0,0,0.0001,64,64,0,6600.522459,1.833478461,19.791195349958912,451.20776312281595,86916.619539028892
ect.q256.schedule-switch-training-telemetry/v1,q256_fresh_crossed_switch_n12_matpool_numeric_recovery_v2,AB,A,B,712,q256_target_weight_v1,B,1.1000000000000001,1.1000000000000001,4712,4701,603136,603.136000,0,14.498624682426453,0,1416.4765451379017,1416.4765451379017,0,1416.4765451379017,0,0.14487147004300241,0,3962.4679719378732,0,3962.2854475609061,0,128,86ae1247e39f3f807c2fd9c74f2921eadc4e37e1f28890182683584b7e83e098,b3d19bac8476ef4284e695ed67ba838b9329567cafb588a8b63c966cade59db9,322dcf8f4c35246f33b0401c8eae2098b36cd124fbb16bcfca05461253a6e1a3,102d71417bc480c2e7eeebc9b66afd1cd524775bfe47e5e222f1228f25368c94,102d71417bc480c2e7eeebc9b66afd1cd524775bfe47e5e222f1228f25368c94,fada6337c2e51ecedd4ce4f9d0aeb8af7ec2da98c5420c9268454051019284db,fada6337c2e51ecedd4ce4f9d0aeb8af7ec2da98c5420c9268454051019284db,0,0,0,0,0,0,0,5.6791584938764572e-05,0.35556793212890625,0.019933340139687061,5.6791584938764572e-05,0.35556793212890625,0.019933340139687061,0,0,0.0001,64,64,0,6602.460314,1.834016754,19.789489073738352,383.46828195595259,86866.319304025616
ect.q256.schedule-switch-training-telemetry/v1,q256_fresh_crossed_switch_n12_matpool_numeric_recovery_v2,AB,A,B,713,q256_target_weight_v1,B,1.1000000000000001,1.1000000000000001,4713,4702,603264,603.264000,0,17.761988878250122,0,1719.2001906194448,1719.2001906194448,0,1719.2001906194448,0,0.14642680950182838,0,3962.4680130616362,0,3962.2855407556021,0,128,ecf979f93ef15735b35fb37cdbab2c6612489d68593097cacd813b9c8a1403f6,c5b9ae0b1348387d9d930eaff957712dca685dfecf126212699ffcb03665aac4,9d20a8ce7568157f76e32778d1b3355142365f4a94df1bc2d50f11f7ff9b8025,fd86f8b9323aefcfc326a8114086ff00ab025db38dd239acc5f61b683e830a7d,fd86f8b9323aefcfc326a8114086ff00ab025db38dd239acc5f61b683e830a7d,5b0bb818f39075b14263a428b3185779561f308eca762b6dd7dd84590d0f9ad2,5b0bb818f39075b14263a428b3185779561f308eca762b6dd7dd84590d0f9ad2,0,0,0,0,0,0,0,4.1790190152823925e-05,0.2874298095703125,0.011153222527354956,4.1790190152823925e-05,0.2874298095703125,0.011153222527354956,0,0,0.0001,64,64,0,6604.400393,1.834555665,19.787597457186454,408.93732369004221,86821.888475526401
ect.q256.schedule-switch-training-telemetry/v1,q256_fresh_crossed_switch_n12_matpool_numeric_recovery_v2,AB,A,B,714,q256_target_weight_v1,B,1.1000000000000001,1.1000000000000001,4714,4703,603392,603.392000,0,16.834702014923096,0,2063.8008700769979,2063.8008700769979,0,2063.8008700769979,0,0.14756717778327333,0,3962.4681014739799,0,3962.2856338880651,0,128,392b91d50ebd245214ec680f40d7cc39378d6c592f20a29a0a149336e5f32a96,496a3155f9a672e437247663547105a918466a08b726f4426a5037d662b1453d,152d93b3d8229ec357c5d9918bbbb090dc0232acbfadfd1cec2301ed0b8a1847,9d1456411d6b794627ac06941d7ec8ef0d3e9ed39093312df00dbc4f6621de59,9d1456411d6b794627ac06941d7ec8ef0d3e9ed39093312df00dbc4f6621de59,6af0d469597735a890f2034716b761d68fb2cdfd7de056ceb2749a57e6c19a6c,6af0d469597735a890f2034716b761d68fb2cdfd7de056ceb2749a57e6c19a6c,0,0,0,0,0,0,0,4.9996422603726387e-05,0.076372146606445312,0.008912702149245888,4.9996422603726387e-05,0.076372146606445312,0.008912702149245888,0,0,0.0001,64,64,0,6606.332068,1.835092241,19.786120632410345,335.55341010850253,86827.52959222463
ect.q256.schedule-switch-training-telemetry/v1,q256_fresh_crossed_switch_n12_matpool_numeric_recovery_v2,AB,A,B,715,q256_target_weight_v1,B,1.1000000000000001,1.1000000000000001,4715,4704,603520,603.520000,0,17.009777784347534,0,1802.1626291889913,1802.1626291889913,0,1802.1626291889913,0,0.14919081586188915,0,3962.46819278162,0,3962.285727044934,0,128,357d5035dd75ee850563b4e4f1719dc1d17b995f94d21234ba1e98f160702726,2a68461b210d4f2a210a0f640cd0c49bb837cdb183b1d419066ee5ff97b49b51,b35565c42e256fe33965a18fb119c31ad0cf712372d905af0fd6e86ca17797fd,15ca49fe7ef4fdd5e1009780f677c9156854f0438060d6d8bee7bb27e4ace706,15ca49fe7ef4fdd5e1009780f677c9156854f0438060d6d8bee7bb27e4ace706,4881297dee84c85fd56f4ff45e39a684a33ef68de353f9424fa28b656d1bfd6e,4881297dee84c85fd56f4ff45e39a684a33ef68de353f9424fa28b656d1bfd6e,0,0,0,0,0,0,0,2.2319494746625423e-05,0.5814361572265625,0.021884492365643382,2.2319494746625423e-05,0.5814361572265625,0.021884492365643382,0,0,0.0001,64,64,0,6608.263990,1.835628886,19.784579125872288,330.66867099079127,86806.744217595915
ect.q256.schedule-switch-training-telemetry/v1,q256_fresh_crossed_switch_n12_matpool_numeric_recovery_v2,AB,A,B,716,q256_target_weight_v1,B,1.1000000000000001,1.1000000000000001,4716,4705,603648,603.648000,0,17.687147617340088,0,1518.9750710431172,1518.9750710431172,0,1518.9750710431172,0,0.15143342927609652,0,3962.4683875629103,0,3962.2858203081882,0,128,904d9f7135d0929aa51bf3176e9513602870e3e2e3853d002ad31dce7762ae3d,3c5ec4b808bfe20f01f154fd270692de4f222ab9fe63bf17fd81ac01ee746a4e,0de5b368cdbdb2c633937e632ff5911067d2a25ac33553e1ba689dd9fdec5994,82a0d2ab19f4a0dda39b8c29609e349249c635f2d9eaa01c9c43aa7b54717478,82a0d2ab19f4a0dda39b8c29609e349249c635f2d9eaa01c9c43aa7b54717478,8fed63bea4900a006871c9e77ca52f9be453d96346469904a6b887900bd5d40d,8fed63bea4900a006871c9e77ca52f9be453d96346469904a6b887900bd5d40d,0,0,0,0,0,0,0,2.6768306270241737e-05,0.35817718505859375,0.015136626432649791,2.6768306270241737e-05,0.35817718505859375,0.015136626432649791,0,0,0.0001,64,64,0,6610.278174,1.836188382,19.783042286035364,344.3898561832097,86758.846345844227
ect.q256.schedule-switch-training-telemetry/v1,q256_fresh_crossed_switch_n12_matpool_numeric_recovery_v2,AB,A,B,717,q256_target_weight_v1,B,1.1000000000000001,1.1000000000000001,4717,4706,603776,603.776000,0,18.054564356803894,0,2032.5031013636039,2032.5031013636039,0,2032.5031013636039,0,0.1558240173558389,0,3962.4687012536301,0,3962.2859136798097,0,128,73894b691f83e8bc4583e8865866a07004f9ce9c2ac34e3d3157091f8436ee57,843c01387c7eefdfffa06fa28df31d5988360f085f02252f957d16530bda9b3e,fb0e69c461eec7a4f79920c6029699beac297982c1c54a0a770d44a4c86dd9dc,bb1b0ada5041d3aace5f7f4a30e9da9305296b966735ea37cac2b8e83b832c64,bb1b0ada5041d3aace5f7f4a30e9da9305296b966735ea37cac2b8e83b832c64,c6cedc013d1ccc78b45d7f49fa47c0bb5f1f655798833acba2d6d75026ff3c1d,c6cedc013d1ccc78b45d7f49fa47c0bb5f1f655798833acba2d6d75026ff3c1d,0,0,0,0,0,0,0,5.6338729336857796e-05,0.28299713134765625,0.010101538151502609,5.6338729336857796e-05,0.28299713134765625,0.010101538151502609,0,0,0.0001,64,64,0,6612.219813,1.836727726,19.782076419978566,394.28595348543274,86758.57738593148
ect.q256.schedule-switch-training-telemetry/v1,q256_fresh_crossed_switch_n12_matpool_numeric_recovery_v2,AB,A,B,718,q256_target_weight_v1,B,1.1000000000000001,1.1000000000000001,4718,4707,603904,603.904000,0,15.107130289077759,0,1425.6255472425039,1425.6255472425039,0,1425.6255472425039,0,0.15907866151662167,0,3962.4690388271561,0,3962.2860072050871,0,128,e0c0e26bcce4f3fb250c1ba560eca99e4d3f468d8634aabf09e74ded1d3c9bb5,66606f6e22c4cd3cd286fbb37b15ca4388b0a9724251034bc77b7686e03ed47d,585ae9195a8cb1534827861f4ad5d371b9e83e36c57000d79b55aec0ae36e02a,92d806f8a21b4397c774f755023cd8b67dd0ac21fa895bfc66131e667b97578a,92d806f8a21b4397c774f755023cd8b67dd0ac21fa895bfc66131e667b97578a,c84e15c5b23a069b8c96c7d2cea91b57ef2f1053b189b11d57c591bbe5227d08,c84e15c5b23a069b8c96c7d2cea91b57ef2f1053b189b11d57c591bbe5227d08,0,0,0,0,0,0,0,0.00013813609257340431,1.0407257080078125,0.020411375677213073,0.00013813609257340431,1.0407257080078125,0.020411375677213073,0,0,0.0001,64,64,0,6614.153289,1.837264803,19.781400238813035,409.76626965021308,86704.166959945826
ect.q256.schedule-switch-training-telemetry/v1,q256_fresh_crossed_switch_n12_matpool_numeric_recovery_v2,AB,A,B,719,q256_target_weight_v1,B,1.1000000000000001,1.1000000000000001,4719,4708,604032,604.032000,0,15.820923447608948,0,1998.8819123152366,1998.8819123152366,0,1998.8819123152366,0,0.16367919199572412,0,3962.4693262008423,0,3962.2861009068324,0,128,4e97a62f6bee3767b8a100dca2bf1e9dba405b8fcd23e4d2272899ee8e8b1050,05e65619bef1aa09a308de81ef9b09069b844a31b4a22533b67ebd03ed849dd4,5e11fe58deb050e262f1251eb166a8877137ddae8547dc06a7099e5d0a8f0b79,34e4ca52806d10eaced01c89dfb77901533f894d756787f97cfa27813889adb5,34e4ca52806d10eaced01c89dfb77901533f894d756787f97cfa27813889adb5,4878a4a8995abbc15e393d47d53eff85466d70ca9167d98243cef080817dd704,4878a4a8995abbc15e393d47d53eff85466d70ca9167d98243cef080817dd704,0,0,0,0,0,0,0,4.992261528968811e-05,0.30525970458984375,0.013403562712483108,4.992261528968811e-05,0.30525970458984375,0.013403562712483108,0,0,0.0001,64,64,0,6616.109678,1.837808244,19.780501930782609,470.13128080554196,86707.638628479704
ect.q256.schedule-switch-training-telemetry/v1,q256_fresh_crossed_switch_n12_matpool_numeric_recovery_v2,AB,A,B,720,q256_target_weight_v1,B,1.1000000000000001,1.1000000000000001,4720,4709,604160,604.160000,0,14.898637056350708,0,1972.8211158240588,1972.8211158240588,0,1972.8211158240588,0,0.16157517241719294,0,3962.469648864073,0,3962.2861947570236,0,128,766b41c70ff7f7d5d791a4bef2f99fc5b64044118ef191f94a652e056aa3dd5a,2b4b041107abea5810bc36c3287c0b0766af3013be3dc91a9dc12c22cb063895,45e4cf3cfcb7f50dbca904179ced0c4df16389030c13160f8a86f1ff5fd93f60,4894ac3de7aa631d8ac0056d5ac82c3a4739015f3a42097c0cc3f01209ee4130,4894ac3de7aa631d8ac0056d5ac82c3a4739015f3a42097c0cc3f01209ee4130,10fd8430cf808eccd5137e6022e4017314ad7ff52bb435fba301b9a1c04a103d,10fd8430cf808eccd5137e6022e4017314ad7ff52bb435fba301b9a1c04a103d,0,0,0,0,0,0,0,7.6695112511515617e-05,0.3476409912109375,0.01880726998206228,7.6695112511515617e-05,0.3476409912109375,0.01880726998206228,0,0,0.0001,64,64,0,6618.050970,1.838347492,19.779963958174719,397.01311041401362,86695.886009944283
ect.q256.schedule-switch-training-telemetry/v1,q256_fresh_crossed_switch_n12_matpool_numeric_recovery_v2,AB,A,B,721,q256_target_weight_v1,B,1.1000000000000001,1.1000000000000001,4721,4710,604288,604.288000,0,17.133696317672729,0,1789.9647978481494,1789.9647978481494,0,1789.9647978481494,0,0.15852042043460698,0,3962.469952226641,0,3962.2862887899441,0,128,fe32003e7f2895e47ffcb600cf8d70ac7e69af6db25fb685b1b844a715175dbe,8e7ec080398046d146ebf476b8023f6236ee106ef8ba1033ab887c5a0bd54f93,b0e2e361760bf7b78f03bacce17caa1c21510cad7c6082a38430e4cdb3016dd1,f7ec879667bfb020974ac02c13b0ad2ab75d464b9c4fb1fbdd0bca45669b3631,f7ec879667bfb020974ac02c13b0ad2ab75d464b9c4fb1fbdd0bca45669b3631,c333c2d3ff79583ff8eb6f5f2fa47666b6903e86170384d985a53a9a4a6cfc2f,c333c2d3ff79583ff8eb6f5f2fa47666b6903e86170384d985a53a9a4a6cfc2f,0,0,0,0,0,0,0,3.3107353374361992e-05,0.27912139892578125,0.014387167175300419,3.3107353374361992e-05,0.27912139892578125,0.014387167175300419,0,0,0.0001,64,64,0,6619.989110,1.838885864,19.77916995614688,373.16110530992449,86673.626661099188
ect.q256.schedule-switch-training-telemetry/v1,q256_fresh_crossed_switch_n12_matpool_numeric_recovery_v2,AB,A,B,722,q256_target_weight_v1,B,1.1000000000000001,1.1000000000000001,4722,4711,604416,604.416000,0,16.67550790309906,0,1100.9127933722698,1100.9127933722698,0,1100.9127933722698,0,0.15356714307018202,0,3962.4702630101333,0,3962.2863829946446,0,128,18265d2be772e26cf96b59e00e68f9f7eecd7f2055d5a1b9a990e03dc49f01db,4333146f4886042bd8f8d8977fe3bc25dfbc75282a1a8dd74d11b9cbdb2e44b0,5e7fb24a728849c48b976d55a4f98a7f3c3b940c6b12252aeee3cc5f3dd7ffca,3ae1b862d2c19988777f2e80eb9fa8d76cefedca70a0419ab6fede8814a885c0,3ae1b862d2c19988777f2e80eb9fa8d76cefedca70a0419ab6fede8814a885c0,851f95da228c6c0c494d252ad943dd8cba0d963f94b014124817aed90cc88fb6,851f95da228c6c0c494d252ad943dd8cba0d963f94b014124817aed90cc88fb6,0,0,0,0,0,0,0,4.0289829485118389e-05,0.24083709716796875,0.013927224848885089,4.0289829485118389e-05,0.24083709716796875,0.013927224848885089,0,0,0.0001,64,64,0,6621.922212,1.839422837,19.778237573422274,356.28686799283986,86606.735927870584
ect.q256.schedule-switch-training-telemetry/v1,q256_fresh_crossed_switch_n12_matpool_numeric_recovery_v2,AB,A,B,723,q256_target_weight_v1,B,1.1000000000000001,1.1000000000000001,4723,4712,604544,604.544000,0,16.199228763580322,0,1741.9979851557252,1741.9979851557252,0,1741.9979851557252,0,0.14562778940226789,0,3962.4706687658595,0,3962.2864774190589,0,128,6a1f333917213f42ce9125c6858688af00af5c9e3d55d843b384f043cb0cb913,228d49e2b2481f391441b2fed2daa77e7083bfdf16b62e482840d4adaa7ac0dd,09dedc8375ed746050c8d772b339b5ffe012f36f1dec4c1a863eacf22c7b4c83,5f096e5b96c7d49eb865d04ce611886a184358d538962cc241683d607cebdc8c,5f096e5b96c7d49eb865d04ce611886a184358d538962cc241683d607cebdc8c,95da23738471e8e0199dd5c7481a22b8a1c0020c687a7d9b2ceee046d23330ac,95da23738471e8e0199dd5c7481a22b8a1c0020c687a7d9b2ceee046d23330ac,0,0,0,0,0,0,0,2.8000329621136189e-05,0.089952468872070312,0.012112632743082941,2.8000329621136189e-05,0.089952468872070312,0.012112632743082941,0,0,0.0001,64,64,0,6623.857872,1.839960520,19.777155349688389,360.5978765905304,86596.213622017982
ect.q256.schedule-switch-training-telemetry/v1,q256_fresh_crossed_switch_n12_matpool_numeric_recovery_v2,AB,A,B,724,q256_target_weight_v1,B,1.1000000000000001,1.1000000000000001,4724,4713,604672,604.672000,0,15.432419538497925,0,1700.0206391419426,1700.0206391419426,0,1700.0206391419426,0,0.14710632120099168,0,3962.4711072629425,0,3962.2865720377349,0,128,1410b86bac3ceceba2c2738bbf0ea1ea593d9199a0550b70cdf16888078b4303,ea756566730f80da852ec8bcf862ce6c266ff0c6c9705b64dafca73b81e7970e,6476269863edc3d72200d6fdf9a0f2763499f8a269b7db410ac50117c7f50955,c2b22ef4f2e88201aabe61f89b309d4d9bb2bd51b086b4300427c761d7cfbcd8,c2b22ef4f2e88201aabe61f89b309d4d9bb2bd51b086b4300427c761d7cfbcd8,31c92bfcf881e6299ca25c0cbfbe550c4b334512f46b08b423984f5e52839b23,31c92bfcf881e6299ca25c0cbfbe550c4b334512f46b08b423984f5e52839b23,0,0,0,0,0,0,0,2.4303793907165527e-05,0.22328567504882812,0.012463992810808122,2.4303793907165527e-05,0.22328567504882812,0.012463992810808122,0,0,0.0001,64,64,0,6625.794370,1.840498436,19.775867253905066,323.80273175631652,86572.110243720614
ect.q256.schedule-switch-training-telemetry/v1,q256_fresh_crossed_switch_n12_matpool_numeric_recovery_v2,AB,A,B,725,q256_target_weight_v1,B,1.1000000000000001,1.1000000000000001,4725,4714,604800,604.800000,0,15.726816296577454,0,2266.6310309619157,2266.6310309619157,0,2266.6310309619157,0,0.1513757940792165,0,3962.4715682334081,0,3962.2866669435462,0,128,9a8dd44131deaf59d62ee49e63ddd5a2c16ba66134a390d65613ffc09418fde7,8a378fcb44bc5ccad77dfb24c79de03aa78906f680d5f316211d65f9a226e2b0,e3b1abef4219da7a0a67aa2008841fee32234350fe67e5c80a7b437869af4e26,e8d0f63e0eca565ff4247c78992c1e7f821a18942347034f69c2dd9af582b8cf,e8d0f63e0eca565ff4247c78992c1e7f821a18942347034f69c2dd9af582b8cf,caa68d95fe35f3fcd59a8afdfe1f6a64564508d15db8c1465f33cd3c76d0ba88,caa68d95fe35f3fcd59a8afdfe1f6a64564508d15db8c1465f33cd3c76d0ba88,0,0,0,0,0,0,0,3.8530910387635231e-05,0.176544189453125,0.012731723312754184,3.8530910387635231e-05,0.176544189453125,0.012731723312754184,0,0,0.0001,64,64,0,6627.730528,1.841036258,19.774094700906463,356.55303356465799,86570.0052980404
ect.q256.schedule-switch-training-telemetry/v1,q256_fresh_crossed_switch_n12_matpool_numeric_recovery_v2,AB,A,B,726,q256_target_weight_v1,B,1.1000000000000001,1.1000000000000001,4726,4715,604928,604.928000,0,17.901098251342773,0,1624.0780572014919,1624.0780572014919,0,1624.0780572014919,0,0.15384767189584353,0,3962.4719894712548,0,3962.2867620605102,0,128,10abd20a01c8bf6cb6750ed0ddd426767a932dfef46f6f763761d7e721273cf1,a21bacedc3d9aeb8c531b357cbc4827f3c365a6ce06e414fc35978eaa976db47,6d0df7415d99006794b083b21408a23547c9ed779f28bacc67a32e161be9f3fe,80965c210688fb1afe9315f34872874d34332223f6aaba1319c5e0c47200f8ab,80965c210688fb1afe9315f34872874d34332223f6aaba1319c5e0c47200f8ab,340bca8ce95222a203389c8e44b5343a150a1df93104e344bd2d368010728d70,340bca8ce95222a203389c8e44b5343a150a1df93104e344bd2d368010728d70,0,0,0,0,0,0,0,4.837987944483757e-05,0.08718109130859375,0.010045130853541195,4.837987944483757e-05,0.08718109130859375,0.010045130853541195,0,0,0.0001,64,64,0,6629.662396,1.841572888,19.772538108777574,353.24616302102442,86517.942954585757
ect.q256.schedule-switch-training-telemetry/v1,q256_fresh_crossed_switch_n12_matpool_numeric_recovery_v2,AB,A,B,727,q256_target_weight_v1,B,1.1000000000000001,1.1000000000000001,4727,4716,605056,605.056000,0,16.749938607215881,0,2736.522083318941,2736.522083318941,0,2736.522083318941,0,0.16334720033536276,0,3962.4722719431547,0,3962.2868573308924,0,128,79b39140cd8657833f6d2f071dd4f6be48814489fe2c31afad1d745e12ac56ec,55baf8962d3a447cd94f1e1ffaa04d4b270645f6caaf659c275ea4a264892a53,b1f40af4eff27ce80c6db276c2b98dcf7dd671d913d250bc2effa82b1ba31505,f1869c702a43702b2b3d247816cfbf1629476a324f33f170f54cbf636cb8abcb,f1869c702a43702b2b3d247816cfbf1629476a324f33f170f54cbf636cb8abcb,a1865b25cd26e91d2cd170598e0a77b32647a70ba126c9e26679d926b8af5019,a1865b25cd26e91d2cd170598e0a77b32647a70ba126c9e26679d926b8af5019,0,0,0,0,0,0,0,3.7861638702452183e-05,0.039120674133300781,0.0080419263686053455,3.7861638702452183e-05,0.039120674133300781,0.0080419263686053455,0,0,0.0001,64,64,0,6631.595450,1.842109847,19.77044809219948,444.88325564761453,86534.959926917087
ect.q256.schedule-switch-training-telemetry/v1,q256_fresh_crossed_switch_n12_matpool_numeric_recovery_v2,AB,A,B,728,q256_target_weight_v1,B,1.1000000000000001,1.1000000000000001,4728,4717,605184,605.184000,0,17.327676653862,0,2318.346557224093,2318.346557224093,0,2318.346557224093,0,0.16483933788498781,0,3962.472429686818,0,3962.2869526261297,0,128,dc4910f240b93c379bff6c2dd845a40e11149ba2c3da63e3d62f434f4f73d768,63881557fdc1e7f4cb81869e2f2bc69acf2e630fe88a58d0a0d0c5763789ee00,370bb7badf3ab0ad1c0064df52f0f54184cdaaea0fcdea92f125e99fffa2bdb0,8dba2c7650e5a03705c73e4213a56c5938b0b6cb39dba998177e06df6d5485d0,8dba2c7650e5a03705c73e4213a56c5938b0b6cb39dba998177e06df6d5485d0,6104cea3b4f1f3eac308a089c3782e55f124e6c091a75415aec253e68ce13674,6104cea3b4f1f3eac308a089c3782e55f124e6c091a75415aec253e68ce13674,0,0,0,0,0,0,0,2.5590532459318638e-05,1.64959716796875,0.024175953585654497,2.5590532459318638e-05,1.64959716796875,0.024175953585654497,0,0,0.0001,64,64,0,6633.531135,1.842647538,19.768474821527519,424.38798178688501,86572.709813844805
ect.q256.schedule-switch-training-telemetry/v1,q256_fresh_crossed_switch_n12_matpool_numeric_recovery_v2,AB,A,B,729,q256_target_weight_v1,B,1.1000000000000001,1.1000000000000001,4729,4718,605312,605.312000,0,16.037696599960327,0,2188.2645094099939,2188.2645094099939,0,2188.2645094099939,0,0.17253452343404221,0,3962.4724537235193,0,3962.2870478916552,0,128,a1a9b616f13f8c9820f0d0a3b71453796d879233a8417b6c2d8484de351c93c2,ab8fba8020aa28c5ee98db8e8379448bc73df1f0c8fb9a928015d8b856d9bd12,e9c3d06b166fadf15eaff4d48d5d67310bafa1d05df4f1a58b28af1245875723,ba763f42e4b70f736df9d9193092fc9e64a88ea91354434f6ae4630899f99e77,ba763f42e4b70f736df9d9193092fc9e64a88ea91354434f6ae4630899f99e77,ab4298762c5185463680d85305170304892f8138b77a859f76fc565e18c50bdc,ab4298762c5185463680d85305170304892f8138b77a859f76fc565e18c50bdc,0,0,0,0,0,0,0,4.015269223600626e-05,0.18008804321289062,0.011522336804773659,4.015269223600626e-05,0.18008804321289062,0.011522336804773659,0,0,0.0001,64,64,0,6635.464549,1.843184597,19.766684441138946,444.85202529065697,86553.980907407327
ect.q256.schedule-switch-training-telemetry/v1,q256_fresh_crossed_switch_n12_matpool_numeric_recovery_v2,AB,A,B,730,q256_target_weight_v1,B,1.1000000000000001,1.1000000000000001,4730,4719,605440,605.440000,0,16.181366801261902,0,1513.9808113620277,1513.9808113620277,0,1513.9808113620277,0,0.16697213248012185,0,3962.472441620002,0,3962.2871431462891,0,128,d469157741decdb5a2ac3f2d72cb73681fc0a67b254a49a924e84b6f40cf41b1,369a4aceada5ddf7fe4351730e3cdcdf2b2688b8e91e67e46002dceb771cd2ff,3bb97bae76ddcaa0f719dc1c6cc93ccac11cc5956043db24a1cc20aa4c5bb99a,d178bf90cc946846037461d6071a42610cf91078c9b630ea531936ba8cba63f9,d178bf90cc946846037461d6071a42610cf91078c9b630ea531936ba8cba63f9,dd9c4b036aebb6af2a491785a8b1e7edccaf44c91f05f0dbb3a027e925c4fac6,dd9c4b036aebb6af2a491785a8b1e7edccaf44c91f05f0dbb3a027e925c4fac6,0,0,0,0,0,0,0,7.2216615080833435e-05,2.54193115234375,0.033357370994053781,7.2216615080833435e-05,2.54193115234375,0.033357370994053781,0,0,0.0001,64,64,0,6637.398043,1.843721679,19.765044332914758,412.17750424279694,86514.548509379791
ect.q256.schedule-switch-training-telemetry/v1,q256_fresh_crossed_switch_n12_matpool_numeric_recovery_v2,AB,A,B,731,q256_target_weight_v1,B,1.1000000000000001,1.1000000000000001,4731,4720,605568,605.568000,0,16.022990465164185,0,2009.2166038569428,2009.2166038569428,0,2009.2166038569428,0,0.16451162395037475,0,3962.4724747036607,0,3962.2872383653976,0,128,39da83fc037f02e5027b2aae1276abf8678ca1009d46bea0d5aeb6a98d9f4282,1f838238b2d8bbdee761a7403ad73e7704e7071432143845228b3c0805318d8e,bcb0aed1271b337d94d24335d9d91d49b8eb1c31918cf05d648db60ec2f573dc,1a5efdc5287611ac776f4fdba0e66a89f6b2379c39cac1321e394f57aed48579,1a5efdc5287611ac776f4fdba0e66a89f6b2379c39cac1321e394f57aed48579,1c054b0a1438cbce7816cd93da7635e6fd10d5e8258471101e774e1918b9ffad,1c054b0a1438cbce7816cd93da7635e6fd10d5e8258471101e774e1918b9ffad,0,0,0,0,0,0,0,2.5978777557611465e-05,0.359619140625,0.011449245153926313,2.5978777557611465e-05,0.359619140625,0.011449245153926313,0,0,0.0001,64,64,0,6639.331866,1.844258852,19.763227266854273,427.75495482568476,86528.213443542118
ect.q256.schedule-switch-training-telemetry/v1,q256_fresh_crossed_switch_n12_matpool_numeric_recovery_v2,AB,A,B,732,q256_target_weight_v1,B,1.1000000000000001,1.1000000000000001,4732,4721,605696,605.696000,0,17.259441256523132,0,2187.6749783119594,2187.6749783119594,0,2187.6749783119594,0,0.16243774170367262,0,3962.4724614105967,0,3962.2873335427339,0,128,271859e1efbce09186d1d9e44c59e649f9d11ee6dd979ce19d2933a6a6ab8075,a9153d78ea15b691212d5d69fc76627333b95f2327844ec1ec9a04a778498a92,85a985092ea41c368890aa5efbcf51f6b351569eb240ae88272c2c7abd5873a5,e54e8ba07e5069da96ff4fb3ccb5cf3217e2fec96a9f3a484586ababb4dfeda7,e54e8ba07e5069da96ff4fb3ccb5cf3217e2fec96a9f3a484586ababb4dfeda7,c9cc7f523f7228826e7816d45fbe25c56fe29559b2f7e03e9cd44fb525e802ea,c9cc7f523f7228826e7816d45fbe25c56fe29559b2f7e03e9cd44fb525e802ea,0,0,0,0,0,0,0,5.9005105867981911e-06,0.092969894409179688,0.0094679463654756546,5.9005105867981911e-06,0.092969894409179688,0.0094679463654756546,0,0,0.0001,64,64,0,6641.266747,1.844796319,19.760806858657599,492.18353422063495,86561.96003696727
ect.q256.schedule-switch-training-telemetry/v1,q256_fresh_crossed_switch_n12_matpool_numeric_recovery_v2,AB,A,B,733,q256_target_weight_v1,B,1.1000000000000001,1.1000000000000001,4733,4722,605824,605.824000,0,16.225659489631653,0,2196.6741092923435,2196.6741092923435,0,2196.6741092923435,0,0.16515952547478641,0,3962.4724471524132,0,3962.2874286297747,0,128,3cdf7a54f30f21df3cfd281a2a6ecff50d647a3f64d60b9083ec4a79f2ef0e4d,8e49f5990d5bebe1eb1733471255341d32af4ac4ec59883888df037c55a0ecdd,88467a1bc46139e4e00c5e2626fa151eb86e38bfcb0c53fce00678ca43f97dc7,66ee7c788b2ecdd1025b5eac14037dfdacc1d2cb5d919cbbb37d274df9564d5c,66ee7c788b2ecdd1025b5eac14037dfdacc1d2cb5d919cbbb37d274df9564d5c,4fff4e8851378d1ddf9271806ce9c764c056c0698a9777645b4dc192311450e8,4fff4e8851378d1ddf9271806ce9c764c056c0698a9777645b4dc192311450e8,0,0,0,0,0,0,0,2.6149442419409752e-05,0.26765823364257812,0.01279197062831372,2.6149442419409752e-05,0.26765823364257812,0.01279197062831372,0,0,0.0001,64,64,0,6643.207571,1.845335436,19.758622541438996,530.79688284365443,86567.822128735672
ect.q256.schedule-switch-training-telemetry/v1,q256_fresh_crossed_switch_n12_matpool_numeric_recovery_v2,AB,A,B,734,q256_target_weight_v1,B,1.1000000000000001,1.1000000000000001,4734,4723,605952,605.952000,0,16.889721274375916,0,2073.8836434272189,2073.8836434272189,0,2073.8836434272189,0,0.16158856081594994,0,3962.4725102726766,0,3962.2875236985292,0,128,ce69d7dc37b8b90a58cb7022b32c2073ba0f2dfdb42507de224a05dad812cf32,b6d8800602c0b8546dfdfdbcafe0396edecc45b35e8f641dc9da0873c7d883d2,e3d29d93be968e8f0fe0cbc4f84fd25d1440be8b6423f16ca4cfe3578a1f8614,a7615655080b67e8730627832bfe751cefd15013adc1cfb1fcbb53e22a54cdbe,a7615655080b67e8730627832bfe751cefd15013adc1cfb1fcbb53e22a54cdbe,74c55771234c85806583e1a1ebf1202afc5207f730b47759aca75f60ca38d6c8,74c55771234c85806583e1a1ebf1202afc5207f730b47759aca75f60ca38d6c8,0,0,0,0,0,0,0,1.6678532119840384e-05,0.49034881591796875,0.016743278363719583,1.6678532119840384e-05,0.49034881591796875,0.016743278363719583,0,0,0.0001,64,64,0,6645.142130,1.845872814,19.756784987364068,416.7112965016301,86589.465264205719
ect.q256.schedule-switch-training-telemetry/v1,q256_fresh_crossed_switch_n12_matpool_numeric_recovery_v2,AB,A,B,735,q256_target_weight_v1,B,1.1000000000000001,1.1000000000000001,4735,4724,606080,606.080000,0,16.083793759346008,0,1506.235256282019,1506.235256282019,0,1506.235256282019,0,0.15735712560401713,0,3962.4726689741055,0,3962.2876188057235,0,128,f3becfd4448550061c2694b702cf33ff899d7b94b8c95f30dd4b0b00d6205f50,c3e48877831e386aa79c635ee4b597c603cc2aa7f19b31fc2ba736b74c98bc75,17ecfba18b11176b25fddb69683f35b49895c177ee2ee9164564ac6549d36943,9a7feabbd7a5510c9562711f8acf4dd8fca2561683145b5cbb7fddcb170fda49,9a7feabbd7a5510c9562711f8acf4dd8fca2561683145b5cbb7fddcb170fda49,9ab7cba074122bc003092765779ac8d147c3b391276fc543014f5b9ab76517d7,9ab7cba074122bc003092765779ac8d147c3b391276fc543014f5b9ab76517d7,0,0,0,0,0,0,0,2.0213017705827951e-05,0.2662506103515625,0.013461697613820434,2.0213017705827951e-05,0.2662506103515625,0.013461697613820434,0,0,0.0001,64,64,0,6647.075468,1.846409852,19.755259080298178,372.67464207859462,86547.293345489903
ect.q256.schedule-switch-training-telemetry/v1,q256_fresh_crossed_switch_n12_matpool_numeric_recovery_v2,AB,A,B,736,q256_target_weight_v1,B,1.1000000000000001,1.1000000000000001,4736,4725,606208,606.208000,0,16.294438719749451,0,1885.2371808484993,1885.2371808484993,0,1885.2371808484993,0,0.16136526095382744,0,3962.4729368132607,0,3962.2877140505711,0,128,539a8395f2ea0a00fe633e6a6027ad208a67deb26771624b6496479b3aace9c9,0740f54ecb7df771ac1b6c6aee9e8a22fc4e5f32657aecf9a232612e9388ab9b,c63f4c3a411d63359d07c674ebd0dfc2035b983b69798cb60cb8270604584fa8,a15add3901187cc5eb0910e1cb2ae4da296642b23d853e3a3f1d7d5218f2ccbc,a15add3901187cc5eb0910e1cb2ae4da296642b23d853e3a3f1d7d5218f2ccbc,4821214f81116e344cfd4ba5022c5758e4dae5e5d9ec1cb6739ec6b7f816a571,4821214f81116e344cfd4ba5022c5758e4dae5e5d9ec1cb6739ec6b7f816a571,0,0,0,0,0,0,0,9.1442838311195374e-05,0.2335052490234375,0.013796271698083729,9.1442838311195374e-05,0.2335052490234375,0.013796271698083729,0,0,0.0001,64,64,0,6649.006888,1.846946358,19.753437465064653,381.57341850274167,86503.955331713223
ect.q256.schedule-switch-training-telemetry/v1,q256_fresh_crossed_switch_n12_matpool_numeric_recovery_v2,AB,A,B,737,q256_target_weight_v1,B,1.1000000000000001,1.1000000000000001,4737,4726,606336,606.336000,0,15.972824692726135,0,2159.0710709058926,2159.0710709058926,0,2159.0710709058926,0,0.16282867534731993,0,3962.4732501836984,0,3962.2878094569792,0,128,27c613a3c0bc85c317bead13051d2c5c0f149c58eed9b79a67483db650332e64,c2b2648c5ae3f58af27b7d36743b7f9a7d578c88b92edf60e279551f74b3616b,31a4f8e825a7b8b8fabb4037b64a6ee3802ff6cb661a98992af7eaf0f67c6e06,79b64b127251af0e88f78de2dc22172904b7476aa5b86eb86600a104381bc39f,79b64b127251af0e88f78de2dc22172904b7476aa5b86eb86600a104381bc39f,9b16b75c13f9a0cef2fc5af565e0382a4563aa22abaab4d7c1ebb99440079c8b,9b16b75c13f9a0cef2fc5af565e0382a4563aa22abaab4d7c1ebb99440079c8b,0,0,0,0,0,0,0,4.4010230340063572e-06,0.35958099365234375,0.014779131161049008,4.4010230340063572e-06,0.35958099365234375,0.014779131161049008,0,0,0.0001,64,64,0,6650.941525,1.847483757,19.751945633906502,373.74830146274616,86505.747592512678
ect.q256.schedule-switch-training-telemetry/v1,q256_fresh_crossed_switch_n12_matpool_numeric_recovery_v2,AB,A,B,738,q256_target_weight_v1,B,1.1000000000000001,1.1000000000000001,4738,4727,606464,606.464000,0,15.843951463699341,0,1302.6661044872517,1302.6661044872517,0,1302.6661044872517,0,0.15966158847067408,0,3962.4735458116688,0,3962.2879050006172,0,128,72e74aa19bac470d5fe54f150d679fb2d798d7159f663dcc07d46429e64547a1,9be83dda3cac340d955f8eb7c7b4e101caa527bccb46e9041069f327d4a7a064,a723d102f0b03ce43f4856eb9b14766aa2fdead95cdc355ca4b123bfed61f019,9ebc7f0ecda78b7025e365bbbdff439c145cc73f3b55cd1222257c82ecadbbea,9ebc7f0ecda78b7025e365bbbdff439c145cc73f3b55cd1222257c82ecadbbea,4eb6a8cf5e07b7c6605929501055d9b9a893a96d2bd49c88bacf4381f4423a6a,4eb6a8cf5e07b7c6605929501055d9b9a893a96d2bd49c88bacf4381f4423a6a,0,0,0,0,0,0,0,6.6031934693455696e-06,1.251068115234375,0.02599111181916669,6.6031934693455696e-06,1.251068115234375,0.02599111181916669,0,0,0.0001,64,64,0,6652.872282,1.848020078,19.750594923842904,376.29051070347532,86444.642697259507
ect.q256.schedule-switch-training-telemetry/v1,q256_fresh_crossed_switch_n12_matpool_numeric_recovery_v2,AB,A,B,739,q256_target_weight_v1,B,1.1000000000000001,1.1000000000000001,4739,4728,606592,606.592000,0,16.641518592834473,0,1684.6435941365608,1684.6435941365608,0,1684.6435941365608,0,0.15835814595174366,0,3962.4739134650172,0,3962.2880007195195,0,128,58dbb0038f8be39707ca8eaedb7234a5fc68857131fcb86f58f3c49e93488c46,6987ea554512cea86874be6526c7c0b104984fef6aba66e348ea9fc94aab2c68,36c05074466116766bbd4f62e682aa823873a6d0ec28df6341ec5b81e789d0fd,12057ce99d68d1ffc4502cbad26339bc2a4edec869ea43966f687488d82244d0,12057ce99d68d1ffc4502cbad26339bc2a4edec869ea43966f687488d82244d0,11ed78b3afc1aa27b8027bb67be70d46f31805b6e8f6eba17b42bf4dd37ee866,11ed78b3afc1aa27b8027bb67be70d46f31805b6e8f6eba17b42bf4dd37ee866,0,0,0,0,0,0,0,4.1940715163946152e-05,0.361541748046875,0.015018561680335552,4.1940715163946152e-05,0.361541748046875,0.015018561680335552,0,0,0.0001,64,64,0,6654.810079,1.848558355,19.749503963560063,394.35126046808233,86409.343247578916
ect.q256.schedule-switch-training-telemetry/v1,q256_fresh_crossed_switch_n12_matpool_numeric_recovery_v2,AB,A,B,740,q256_target_weight_v1,B,1.1000000000000001,1.1000000000000001,4740,4729,606720,606.720000,0,17.420387029647827,0,1667.0470350833707,1667.0470350833707,0,1667.0470350833707,0,0.15811146304448073,0,3962.474297117039,0,3962.288096629321,0,128,521264718dcdc3071575197ca91b9e726c6060d0f01b884638fcec5c08661ba1,1ea4905e54af400448fa4da274590fdd5bc12d0001f8c4628c883cb2c952f7e4,edfd65686ac9cd43e55ab7967ae092e247457a0895f84c10ea8b0be7e952e2da,f6708f4afe7b100b2966cd96e742f98f8e1f0cd273292019fccb7524c536bcdb,f6708f4afe7b100b2966cd96e742f98f8e1f0cd273292019fccb7524c536bcdb,6655a2f8b9a91aeaaec7cf97e3f1e2c57f737e98597dd90644bb605a47d356e5,6655a2f8b9a91aeaaec7cf97e3f1e2c57f737e98597dd90644bb605a47d356e5,0,0,0,0,0,0,0,9.0196263045072556e-05,0.0634918212890625,0.0090175097575411201,9.0196263045072556e-05,0.0634918212890625,0.0090175097575411201,0,0,0.0001,64,64,0,6656.741798,1.849094944,19.74883239941909,413.45522573524806,86377.85331342525
ect.q256.schedule-switch-training-telemetry/v1,q256_fresh_crossed_switch_n12_matpool_numeric_recovery_v2,AB,A,B,741,q256_target_weight_v1,B,1.1000000000000001,1.1000000000000001,4741,4730,606848,606.848000,0,15.027759790420532,0,2060.0067092480626,2060.0067092480626,0,2060.0067092480626,0,0.16687675045757855,0,3962.474715361876,0,3962.2881927870112,0,128,38bd0a10c623e444e49605cbbb3f9f3024ac71da0ee3ddb42fb6584c63150c83,72eab2635f267787093fb705e33234fc348413d848fd9f7533f11f6b3e7624e9,43afd15a8696af24c4437c81e5d77e34235bdea9d766980bc5418f9d6178aa3f,5986de5701cffc4ae302c298d641f773169c6ae91a4049e0f180c8d23046ee8e,5986de5701cffc4ae302c298d641f773169c6ae91a4049e0f180c8d23046ee8e,624380d99e93431ead9b756e371cc2172b20e3178c6f28fa1b77964d1aebf72e,624380d99e93431ead9b756e371cc2172b20e3178c6f28fa1b77964d1aebf72e,0,0,0,0,0,0,0,5.652732215821743e-05,0.446014404296875,0.016707562375813723,5.652732215821743e-05,0.446014404296875,0.016707562375813723,0,0,0.0001,64,64,0,6658.700437,1.849639010,19.747816444463627,418.27426121233651,86347.628516653669
ect.q256.schedule-switch-training-telemetry/v1,q256_fresh_crossed_switch_n12_matpool_numeric_recovery_v2,AB,A,B,742,q256_target_weight_v1,B,1.1000000000000001,1.1000000000000001,4742,4731,606976,606.976000,0,15.916034698486328,0,2952.6059187631668,2952.6059187631668,0,2952.6059187631668,0,0.17198656342334603,0,3962.4751258175838,0,3962.288289138588,0,128,631a17ec1c4ec24743d581c72db6bc6335d23355cd654a08c882852ebbd0e308,4826aae0bc715aa64ff92546dd34c7359771107b9662992f61e3b906802bf5a1,073ed4a5e67588541de306aac55f82210cdfc16650f80cdc3e1240df4c17738b,6d70038a93021f687b06fdd29866a51d07d5a06bbab03174da0783a9521cafe0,6d70038a93021f687b06fdd29866a51d07d5a06bbab03174da0783a9521cafe0,b09ba998776360cf52526bbac2f78b18b20d5046f049d21018a56634d2e5ff24,b09ba998776360cf52526bbac2f78b18b20d5046f049d21018a56634d2e5ff24,0,0,0,0,0,0,0,2.583011519163847e-05,0.22906112670898438,0.013540872314479202,2.583011519163847e-05,0.22906112670898438,0.013540872314479202,0,0,0.0001,64,64,0,6662.830952,1.850786375,19.747043999591789,516.33475395687492,86471.659825332783
ect.q256.schedule-switch-training-telemetry/v1,q256_fresh_crossed_switch_n12_matpool_numeric_recovery_v2,AB,A,B,743,q256_target_weight_v1,B,1.1000000000000001,1.1000000000000001,4743,4732,607104,607.104000,0,16.289547204971313,0,2342.2962127881619,2342.2962127881619,0,2342.2962127881619,0,0.16585270691013804,0,3962.4754898357646,0,3962.2883856722615,0,128,78804a9eef4184e9504ac2ecdbb29a72edb50c717f19ce7dc5e0904d8bbca494,2d8b5575fd469bd1813500e3d40765907120d56e7dfa6d45fe29d44f965a5231,d20426b84d946277d61400e22838528b530e7e0d09a32b483f4dc2a5cd1508d1,d617190eaa51a90306c333674168e5841c2fd90194b1c434fd7753d4a0a52fb6,d617190eaa51a90306c333674168e5841c2fd90194b1c434fd7753d4a0a52fb6,561f6ae9093b548e2b384018e684e1aed396d588aacc8b4181fdac1b6d8b9032,561f6ae9093b548e2b384018e684e1aed396d588aacc8b4181fdac1b6d8b9032,0,0,0,0,0,0,0,1.1468247976154089e-05,0.281005859375,0.015048110333736986,1.1468247976154089e-05,0.281005859375,0.015048110333736986,0,0,0.0001,64,64,0,6664.770838,1.851325233,19.746526190427435,405.11146178777761,86532.18722526716
ect.q256.schedule-switch-training-telemetry/v1,q256_fresh_crossed_switch_n12_matpool_numeric_recovery_v2,AB,A,B,744,q256_target_weight_v1,B,1.1000000000000001,1.1000000000000001,4744,4733,607232,607.232000,0,17.596640110015869,0,1898.419608927617,1898.419608927617,0,1898.419608927617,0,0.16415647737054512,0,3962.47570193817,0,3962.2884822848614,0,128,8798172f13daae402e00d1abc408641b84b145bb3e3a4ff59b09650fcb8a284d,ba6f09b87b4adf177dd7a99167fc2b06d6bacd46e783340d5f76544383112ac1,ad457e553d9d784420fe6f315bfaa54018e2223a1a41330430d0df0d68464bee,223ab0d6b21bc6f15d19b2a5692ebbf9e58af8a318c15fffca8ccce6f23c204b,223ab0d6b21bc6f15d19b2a5692ebbf9e58af8a318c15fffca8ccce6f23c204b,f9b40f0a0c5787d8b9c834ba9e0bca51cca473863df2372cc0d5a1c47454f45b,f9b40f0a0c5787d8b9c834ba9e0bca51cca473863df2372cc0d5a1c47454f45b,0,0,0,0,0,0,0,2.136122202500701e-05,0.2274322509765625,0.012941181077621877,2.136122202500701e-05,0.2274322509765625,0.012941181077621877,0,0,0.0001,64,64,0,6666.705878,1.851862744,19.74577396758,365.92475023623382,86524.357260804114
ect.q256.schedule-switch-training-telemetry/v1,q256_fresh_crossed_switch_n12_matpool_numeric_recovery_v2,AB,A,B,745,q256_target_weight_v1,B,1.1000000000000001,1.1000000000000001,4745,4734,607360,607.360000,0,15.767346858978271,0,2490.3654690953417,2490.3654690953417,0,2490.3654690953417,0,0.16941588098451049,0,3962.4758129360539,0,3962.2885789072634,0,128,ec5e7614825224f8f28084926987d2e5d6bc5e8e73e8f64bbb0718ec29bd79d6,bb9b8c95e761a2aa889347e5747e73d54cf3c4bf47e31626b233c2b9679ed445,4408c165e52a23de939d29a15c1c655c3c4f75787bdba0777588f5b7ba52f850,d72ce4217316a90aa6fa359a4a4d4011bf54fd0abb52f969e3b9b6620d382a07,d72ce4217316a90aa6fa359a4a4d4011bf54fd0abb52f969e3b9b6620d382a07,f80f4b7371fa1bc37b0d4ac5b3cd959b639654e8b64301fe486dc67e60a3d62c,f80f4b7371fa1bc37b0d4ac5b3cd959b639654e8b64301fe486dc67e60a3d62c,0,0,0,0,0,0,0,0.00012603215873241425,0.52736663818359375,0.015387434745207429,0.00012603215873241425,0.52736663818359375,0.015387434745207429,0,0,0.0001,64,64,0,6668.640749,1.852400208,19.744860392048835,433.37759475167576,86590.555557358573
ect.q256.schedule-switch-training-telemetry/v1,q256_fresh_crossed_switch_n12_matpool_numeric_recovery_v2,AB,A,B,746,q256_target_weight_v1,B,1.1000000000000001,1.1000000000000001,4746,4735,607488,607.488000,0,15.414391279220581,0,2223.723359030238,2223.723359030238,0,2223.723359030238,0,0.17011053862663758,0,3962.475769828739,0,3962.2886754068386,0,128,69e596e01c3e909c3a7c2f40497a68330e2acb0f19620a21b38ccf1b0cbb7d11,5b4641fa23c81792a49098b989e5ee1a507a3f333fdc4633fd4c8168ff3fefd1,dea3f3b2f7b1b70a810eaa94fbbdb58fe258c479192e0bdc5d5a7ab8d174c1f1,55b94ed2c3c7f71b5a8559b96fb54d92fc321b575f842051a00a955e38501ded,55b94ed2c3c7f71b5a8559b96fb54d92fc321b575f842051a00a955e38501ded,1e6512c006d9ce8a09b0d5f5e371e388a42bd5f9d82a4b295ffedc5308e68893,1e6512c006d9ce8a09b0d5f5e371e388a42bd5f9d82a4b295ffedc5308e68893,0,0,0,0,0,0,0,4.9768947064876556e-05,0.255615234375,0.012773163616657257,4.9768947064876556e-05,0.255615234375,0.012773163616657257,0,0,0.0001,64,64,0,6670.656083,1.852960023,19.743886253560088,436.1283156205115,86582.860580281369
ect.q256.schedule-switch-training-telemetry/v1,q256_fresh_crossed_switch_n12_matpool_numeric_recovery_v2,AB,A,B,747,q256_target_weight_v1,B,1.1000000000000001,1.1000000000000001,4747,4736,607616,607.616000,0,14.940222263336182,0,1382.3760719194861,1382.3760719194861,0,1382.3760719194861,0,0.16394785955975738,0,3962.4757268104704,0,3962.2887718313759,0,128,72c2adf4f5fab7fb19f9a505c6e1f64179d6e0801f9dd78147a2bbf689183702,480110d5920e694dd4e4ad250200b766725ed4043e624a887281d610df04fac3,3966c6a8d07f18855f938839f7c76446005fd0d7572eb58523f6d624f8cd1c53,e89b83f2dabece35b6fe348d18557bb11e06f6a7a4eca1e45cffcc001ba00511,e89b83f2dabece35b6fe348d18557bb11e06f6a7a4eca1e45cffcc001ba00511,bb595b4b32cafb092e80329cc58e2e774a0575532b022f5bcf570a2d196c747f,bb595b4b32cafb092e80329cc58e2e774a0575532b022f5bcf570a2d196c747f,0,0,0,0,0,0,0,8.1824138760566711e-05,0.090494155883789062,0.010985007509589195,8.1824138760566711e-05,0.090494155883789062,0.010985007509589195,0,0,0.0001,64,64,0,6672.598716,1.853499643,19.742548474096324,426.64427734307395,86522.719331071959
ect.q256.schedule-switch-training-telemetry/v1,q256_fresh_crossed_switch_n12_matpool_numeric_recovery_v2,AB,A,B,748,q256_target_weight_v1,B,1.1000000000000001,1.1000000000000001,4748,4737,607744,607.744000,0,16.425852417945862,0,2057.9192316035251,2057.9192316035251,0,2057.9192316035251,0,0.16712243734149543,0,3962.4755909870464,0,3962.2888681442014,0,128,e7b4e99f5e8dc756afecfee2f72569370a20dcd5568b8391cd1c7033dec729c2,784d98a427f5d293c8981b741f8af2705e467ef3b40b8aa851dce46fb5a64aa9,f49ddfe6e8521b2cbc5ee7ecb915d6278baa708796da94087b5ae2e557be29ee,460b80c95b0be327ffd94e48f62f1288660e88af65630abb0c1320bf74ccc2e6,460b80c95b0be327ffd94e48f62f1288660e88af65630abb0c1320bf74ccc2e6,1932103a3d1161a545606495c663c7ac4432326492c6074c903065200cc85fed,1932103a3d1161a545606495c663c7ac4432326492c6074c903065200cc85fed,0,0,0,0,0,0,0,6.7779794335365295e-05,0.21661376953125,0.011362711666151881,6.7779794335365295e-05,0.21661376953125,0.011362711666151881,0,0,0.0001,64,64,0,6674.531183,1.854036440,19.741129100376444,433.22475365089792,86488.421149623813
ect.q256.schedule-switch-training-telemetry/v1,q256_fresh_crossed_switch_n12_matpool_numeric_recovery_v2,AB,A,B,749,q256_target_weight_v1,B,1.1000000000000001,1.1000000000000001,4749,4738,607872,607.872000,0,17.03185772895813,0,2148.3168428359218,2148.3168428359218,0,2148.3168428359218,0,0.16313318895482781,0,3962.4754769491792,0,3962.2889642764453,0,128,56b5d5eb7788468d078037d07ad187074d180ba8ac0d51efb4948858d92869ff,eb228fe512dbb48793a661084c00fbbfaec98586fc0c2ab7c39b42a919b73859,2fb93e17fd68ecd578457a257830ed43385fe3a8d804dd7ac8061749e6c2ae67,9ea7cc287ea3a26f93030205e40445ee60006bda22bf9361a22fea7b6e696df6,9ea7cc287ea3a26f93030205e40445ee60006bda22bf9361a22fea7b6e696df6,71055ea7639d187aafb4907335bee720c57eb3dbe7cf88c858f56a67cd094bab,71055ea7639d187aafb4907335bee720c57eb3dbe7cf88c858f56a67cd094bab,0,0,0,0,0,0,0,4.6439963625743985e-06,0.20404815673828125,0.01297699409769848,4.6439963625743985e-06,0.20404815673828125,0.01297699409769848,0,0,0.0001,64,64,0,6676.469457,1.854574849,19.73981088783222,387.71133903693038,86502.387529527929
ect.q256.schedule-switch-training-telemetry/v1,q256_fresh_crossed_switch_n12_matpool_numeric_recovery_v2,AB,A,B,750,q256_target_weight_v1,B,1.1000000000000001,1.1000000000000001,4750,4739,608000,608.000000,0,16.109410643577576,0,1543.8979140829406,1543.8979140829406,0,1543.8979140829406,0,0.16265022147847827,0,3962.4753563918025,0,3962.2890603246587,0,128,8940527b1e798a650c1e99eeedde00823c467ae4c4ddd985cb9709726bc4309b,d78329e13f35cd8c983347bbcdc32e46a61119df9b580825bdedaaa4913baa73,3464df103dd41c5944e5be777e89eb6cb1bff6046ef1a574491720904dd49702,ad15bc4fd9333dffc80d7e465da2cb6065417f1c6863d99c818ff5db4e122465,ad15bc4fd9333dffc80d7e465da2cb6065417f1c6863d99c818ff5db4e122465,9cbe72444894ca5c84b2cc06b2bcb56fd6f556203afe0ba02d09caff2b57d368,9cbe72444894ca5c84b2cc06b2bcb56fd6f556203afe0ba02d09caff2b57d368,0,0,0,0,0,0,0,5.0556613132357597e-05,0.175872802734375,0.012005663942545652,5.0556613132357597e-05,0.175872802734375,0.012005663942545652,0,0,0.0001,64,64,0,6678.429582,1.855119328,19.739037793847732,399.18024524442711,86464.922900877325
ect.q256.schedule-switch-training-telemetry/v1,q256_fresh_crossed_switch_n12_matpool_numeric_recovery_v2,AB,A,B,751,q256_target_weight_v1,B,1.1000000000000001,1.1000000000000001,4751,4740,608128,608.128000,0,15.525212168693542,0,1356.6112978424146,1356.6112978424146,0,1356.6112978424146,0,0.16049061227018843,0,3962.4752192157339,0,3962.289156199156,0,128,1f37c077d47f7bec701c751a66a0606924121a188744cd30e6cccba84a03445d,e71e7a5038226e64c55f4bba8c921de3f17d18716e51090870bb47e2aca07930,3c46d94c3639921ff150d87445d9060d5a0ee7c88799acc3152a7ce112e5b174,c601ffed1a9821ef7d2ee14ccf8f94bec99cb129c02cf1d50534ead1d4322fa9,c601ffed1a9821ef7d2ee14ccf8f94bec99cb129c02cf1d50534ead1d4322fa9,e636fc7bbd9e17e85c6cf548631ec6d57a00e8ea824d9c49ae93ba2eb46026ba,e636fc7bbd9e17e85c6cf548631ec6d57a00e8ea824d9c49ae93ba2eb46026ba,0,0,0,0,0,0,0,1.4987366739660501e-05,0.15907669067382812,0.010462515288963914,1.4987366739660501e-05,0.15907669067382812,0.010462515288963914,0,0,0.0001,64,64,0,6680.369300,1.855658139,19.738332257529869,399.5124960667456,86401.093054097932
ect.q256.schedule-switch-training-telemetry/v1,q256_fresh_crossed_switch_n12_matpool_numeric_recovery_v2,AB,A,B,752,q256_target_weight_v1,B,1.1000000000000001,1.1000000000000001,4752,4741,608256,608.256000,0,18.578012704849243,0,1375.4921941149075,1375.4921941149075,0,1375.4921941149075,0,0.15877246184975338,0,3962.475044525987,0,3962.2892518985886,0,128,b27b3518476e8c0e16f2ea157aa9f76e027922aa4410b0b291e98699befb68f3,608f9fd26ec87aa34b797b18f0dba61d3659dc60d6a6445767ef824565f49571,805e555eb96acf01130b6583c2f412c20d3bba1361d20f74324af9845e753d8f,b54ab8d85e5db6dc17732fb218d2114b4edf751799d5d30de1f028eef20ec28a,b54ab8d85e5db6dc17732fb218d2114b4edf751799d5d30de1f028eef20ec28a,2c4630b240d15f386d471e9334c074b13eb242d020ea44950d2f13f0db593ab7,2c4630b240d15f386d471e9334c074b13eb242d020ea44950d2f13f0db593ab7,0,0,0,0,0,0,0,7.0673995651304722e-06,0.52362060546875,0.014862815092783421,7.0673995651304722e-06,0.52362060546875,0.014862815092783421,0,0,0.0001,64,64,0,6682.304636,1.856195732,19.737759137050165,407.43498115071384,86334.253860344746
ect.q256.schedule-switch-training-telemetry/v1,q256_fresh_crossed_switch_n12_matpool_numeric_recovery_v2,AB,A,B,753,q256_target_weight_v1,B,1.1000000000000001,1.1000000000000001,4753,4742,608384,608.384000,0,16.803956747055054,0,1491.8742841701503,1491.8742841701503,0,1491.8742841701503,0,0.16088824031676555,0,3962.4748680204225,0,3962.2893473552581,0,128,9397f4a687bdbf7373eb6d4eed7df9c1490616a809d3ac1ec29b71d61c3bc4b5,74a56a00b07c4e28cf81ff6c38ecd5f74d4c5d80b3a11a3fcd793d3be42ad05c,c8cbdc6f2c6354ff3a7ad5b95a2a6e7de9f39e417abf7562c0ceb56efd707c47,d4ead5673fcce551d335ff61d2d67e21e82266b1514076a37bcd6ac1c08a83c3,d4ead5673fcce551d335ff61d2d67e21e82266b1514076a37bcd6ac1c08a83c3,83e477054049cec78aac3fddb575173deb915d71b7a252e9e6779f327d258337,83e477054049cec78aac3fddb575173deb915d71b7a252e9e6779f327d258337,0,0,0,0,0,0,0,4.7111185267567635e-05,0.27048110961914062,0.012894049345050007,4.7111185267567635e-05,0.27048110961914062,0.012894049345050007,0,0,0.0001,64,64,0,6684.260819,1.856739116,19.737376436465365,404.35838445237931,86276.099856375382
ect.q256.schedule-switch-training-telemetry/v1,q256_fresh_crossed_switch_n12_matpool_numeric_recovery_v2,AB,A,B,754,q256_target_weight_v1,B,1.1000000000000001,1.1000000000000001,4754,4743,608512,608.512000,0,16.348309516906738,0,1454.4195161901364,1454.4195161901364,0,1454.4195161901364,0,0.15718744513226662,0,3962.4746894000841,0,3962.289442599164,0,128,a482c4a8a860ee38450d6844a68053866f7e40e3c9888146d3329209c07be37d,dca462e1fbed9ca1d40087900dd82abf13643576eab9a75d557a02639b215219,d5f55d96ddbfa75e1a6001462486d3bb0a9fe20e0de6532c241c11bba765ebff,8d29ff8a0d77b3d8dedd9d459f9965e9801bf854cfc0b5ab30cd794769ccaf9e,8d29ff8a0d77b3d8dedd9d459f9965e9801bf854cfc0b5ab30cd794769ccaf9e,3f4a8e192439262bfca0c7a0f8a4d3f951baeb6d2841113de75449381cf08f3b,3f4a8e192439262bfca0c7a0f8a4d3f951baeb6d2841113de75449381cf08f3b,0,0,0,0,0,0,0,1.1772732250392437e-05,0.4780731201171875,0.016101989953313023,1.1772732250392437e-05,0.4780731201171875,0.016101989953313023,0,0,0.0001,64,64,0,6686.194393,1.857276220,19.736716627488818,412.01958268710848,86227.751014993497
ect.q256.schedule-switch-training-telemetry/v1,q256_fresh_crossed_switch_n12_matpool_numeric_recovery_v2,AB,A,B,755,q256_target_weight_v1,B,1.1000000000000001,1.1000000000000001,4755,4744,608640,608.640000,0,16.104077219963074,0,2857.9099612983614,2857.9099612983614,0,2857.9099612983614,0,0.17102841491990953,0,3962.47447751956,0,3962.2895376551087,0,128,20aac4a4f352d04f4fa1eebf877cac516fe6e18d5b919f43fd2553de8c1d2127,08e07d31c9c70dc177df4d39f4895897518ec6e759ad7dd931f5a5f71dd68bfd,c21cfcbd2219d8cb9641d6be4d1e1be16896231cba843acfd4c266f6c36efee1,a59ca12f68c5f90c7ce89a13cef8d3ac69ab6537bf85af7cae6f08d717c67d55,a59ca12f68c5f90c7ce89a13cef8d3ac69ab6537bf85af7cae6f08d717c67d55,39f9c913ac179ce7449a0e0859208f5892c176030b4feb053223e939f7198168,39f9c913ac179ce7449a0e0859208f5892c176030b4feb053223e939f7198168,0,0,0,0,0,0,0,0.00011921068653464317,0.098917007446289062,0.01187649491475895,0.00011921068653464317,0.098917007446289062,0.01187649491475895,0,0,0.0001,64,64,0,6688.128282,1.857813412,19.735524322555609,429.01088504547744,86310.691860386883
ect.q256.schedule-switch-training-telemetry/v1,q256_fresh_crossed_switch_n12_matpool_numeric_recovery_v2,AB,A,B,756,q256_target_weight_v1,B,1.1000000000000001,1.1000000000000001,4756,4745,608768,608.768000,0,15.815859436988831,0,3027.4857011622248,3027.4857011622248,0,3027.4857011622248,0,0.17639226806314323,0,3962.4742500329789,0,3962.289632490586,0,128,82b448c6c9730ef0692334ae2d72d8b4d0b08ed783c9bdb961ffc523cf073cbb,7968d6f0c0c100ff6df6faf8cdbb166d16222fa9a09ca4f380319c042398de67,877f66b9582719d174b079410c57be23f32507b80efdc2fb23c4e10d09eecebe,68387b3549ee4cc55d7cb4f35bb8fd55f3d40e61ce1d6da440c62afc5a67796f,68387b3549ee4cc55d7cb4f35bb8fd55f3d40e61ce1d6da440c62afc5a67796f,8aff870501ba56d2bc210f369825829d40a87e198eba51f9e0e4563682416356,8aff870501ba56d2bc210f369825829d40a87e198eba51f9e0e4563682416356,0,0,0,0,0,0,0,8.9403241872787476e-05,0.1808319091796875,0.01137855596607551,8.9403241872787476e-05,0.1808319091796875,0.01137855596607551,0,0,0.0001,64,64,0,6690.061829,1.858350508,19.734658837096337,506.91596311440156,86448.45553100633
ect.q256.schedule-switch-training-telemetry/v1,q256_fresh_crossed_switch_n12_matpool_numeric_recovery_v2,AB,A,B,757,q256_target_weight_v1,B,1.1000000000000001,1.1000000000000001,4757,4746,608896,608.896000,0,16.623499989509583,0,1490.3573816033793,1490.3573816033793,0,1490.3573816033793,0,0.16978969179085809,0,3962.4740310704442,0,3962.2897270814083,0,128,25cdd98173a3372944ba1607f31eb8755fcffa9838a9362284e3d44d4e8436e3,a920de0905c4b3892ce3cb71ed3e63ba6496c078d8b8b714807b5616dd98d511,4f4ca69d25cf5f3b6fc99fcbe262d4dae8c8cc085a2126fc09ecba9b0479c5e0,c39a2397d919f83e68cd4b526817c4bab6d407e57ca00bd84a71c04d1a09f07e,c39a2397d919f83e68cd4b526817c4bab6d407e57ca00bd84a71c04d1a09f07e,4c4ad9dacc4761e976854478bf8458ad04055ccff6fe754f535b5575bc511c3b,4c4ad9dacc4761e976854478bf8458ad04055ccff6fe754f535b5575bc511c3b,0,0,0,0,0,0,0,8.7834487203508615e-06,0.24619293212890625,0.013870566908735782,8.7834487203508615e-06,0.24619293212890625,0.013870566908735782,0,0,0.0001,64,64,0,6691.994982,1.858887495,19.734134322716063,484.11501791849088,86393.815894202053
ect.q256.schedule-switch-training-telemetry/v1,q256_fresh_crossed_switch_n12_matpool_numeric_recovery_v2,AB,A,B,758,q256_target_weight_v1,B,1.1000000000000001,1.1000000000000001,4758,4747,609024,609.024000,0,13.961104869842529,0,2119.8516354338385,2119.8516354338385,0,2119.8516354338385,0,0.17365297630670215,0,3962.4738136151268,0,3962.2898214757201,0,128,21b04212aea1bc5f1f1af937fda2a3dfaa1159a9121dadc18db407ea72cd8b60,ff354e8a139a98719cc7aa4e6e685f59ac38f352577baa479fa96b4d96c060b4,2b68e76e65e1fd55665775a488b33d557ffb8b32040cc48f77c5d6cdfd47c8c5,5159dc293ad05cf65d877ecb9b01a9c9efa0b3d1fbd66acfade6d71865eab7b0,5159dc293ad05cf65d877ecb9b01a9c9efa0b3d1fbd66acfade6d71865eab7b0,8021e8d119346214fbdbfad9f5f0097f60a46142e99f716770b35b351ff7da6f,8021e8d119346214fbdbfad9f5f0097f60a46142e99f716770b35b351ff7da6f,0,0,0,0,0,0,0,0.00010167621076107025,0.5541534423828125,0.016914030537009239,0.00010167621076107025,0.5541534423828125,0.016914030537009239,0,0,0.0001,64,64,0,6693.933348,1.859425930,19.734006811415174,521.80392334274143,86378.571843746104
ect.q256.schedule-switch-training-telemetry/v1,q256_fresh_crossed_switch_n12_matpool_numeric_recovery_v2,AB,A,B,759,q256_target_weight_v1,B,1.1000000000000001,1.1000000000000001,4759,4748,609152,609.152000,0,16.711976051330566,0,2497.6194531216997,2497.6194531216997,0,2497.6194531216997,0,0.18092582547313202,0,3962.4735450424187,0,3962.2899155691825,0,128,5a97d6933bf2461703e478e952952cc195d7c00db4e0c88e6f28d2108633b5d9,2b33158be7c83c5bfb3d26d90708390f78dd31b02041601a32e4604af9295532,cee35e89ab45e532fd10a6a45642923b721d23f6701988d0096af5f599e74593,06661af5a621c99b5192ddd1fc525a8941d4a94e5d90c3bb342c667abe42e2d0,06661af5a621c99b5192ddd1fc525a8941d4a94e5d90c3bb342c667abe42e2d0,3765df45b272cb69529a5a05d6f615b4bd0f523819742ea472f6eeb72c705c57,3765df45b272cb69529a5a05d6f615b4bd0f523819742ea472f6eeb72c705c57,0,0,0,0,0,0,0,2.033234341070056e-05,0.44924163818359375,0.017341875820420682,2.033234341070056e-05,0.44924163818359375,0.017341875820420682,0,0,0.0001,64,64,0,6695.869957,1.859963877,19.734314718629101,539.1429114779761,86393.793175932777
ect.q256.schedule-switch-training-telemetry/v1,q256_fresh_crossed_switch_n12_matpool_numeric_recovery_v2,AB,A,B,760,q256_target_weight_v1,B,1.1000000000000001,1.1000000000000001,4760,4749,609280,609.280000,0,16.511826872825623,0,2358.5232914300095,2358.5232914300095,0,2358.5232914300095,0,0.17600710783704226,0,3962.4732146015485,0,3962.2900093819617,0,128,7ec7272b4ce64d41d061549a0420ff76c1eb1baffd3429c7724de054f928abd2,b3e2b67b0d48eb398ccf8bb51dd6ca6ab1e0b6c3620f992560bc467b450e91c8,e4c0e7bbbccd7aa0d8656219a3b2bc7bd00ee3e82c47abac147c03c23bfe9495,0c2d7ba786eee3943e556d62a54bc697ab312b48a08023cb052469cc1e489cc6,0c2d7ba786eee3943e556d62a54bc697ab312b48a08023cb052469cc1e489cc6,27aedcf31e3533012d17c001953ba29b3df0dc01a21fa679b74f6b46338cf874,27aedcf31e3533012d17c001953ba29b3df0dc01a21fa679b74f6b46338cf874,0,0,0,0,0,0,0,7.1880174800753593e-05,0.038279533386230469,0.0083756751846522093,7.1880174800753593e-05,0.038279533386230469,0.0083756751846522093,0,0,0.0001,64,64,0,6697.812409,1.860503447,19.734510257463356,517.79614960937079,86482.424125942605
ect.q256.schedule-switch-training-telemetry/v1,q256_fresh_crossed_switch_n12_matpool_numeric_recovery_v2,AB,A,B,761,q256_target_weight_v1,B,1.1000000000000001,1.1000000000000001,4761,4750,609408,609.408000,0,17.382704496383667,0,2087.7261221177187,2087.7261221177187,0,2087.7261221177187,0,0.17609070202211566,0,3962.4728562306505,0,3962.2901028772562,0,128,13d96242d681d662dc57ef8da76f4e95b4098a96f08eab2b0209cbb57385d9eb,76358e38049d702b23d6f007210544dd16a71f587c18683dff1bec7f7be5e819,98bfa014fbe131ab5bef5340743ce21e35e01b2fbbea36a2e05810ea0432b2d0,835401ccbf6023610b1f5acc3d7f97b25f9d1b07f1d46229298048e1d66a6951,835401ccbf6023610b1f5acc3d7f97b25f9d1b07f1d46229298048e1d66a6951,b63e13ab650a3e34d86bcdc11a690b0e0e9962487b7010eccdbdd11227348fff,b63e13ab650a3e34d86bcdc11a690b0e0e9962487b7010eccdbdd11227348fff,0,0,0,0,0,0,0,4.8772431910037994e-05,0.076524734497070312,0.0094965888420119882,4.8772431910037994e-05,0.076524734497070312,0.0094965888420119882,0,0,0.0001,64,64,0,6699.761675,1.861044910,19.734330105289612,566.18095471200627,86485.833150561477
ect.q256.schedule-switch-training-telemetry/v1,q256_fresh_crossed_switch_n12_matpool_numeric_recovery_v2,AB,A,B,762,q256_target_weight_v1,B,1.1000000000000001,1.1000000000000001,4762,4751,609536,609.536000,0,16.138956427574158,0,1749.522192576268,1749.522192576268,0,1749.522192576268,0,0.17935940529879948,0,3962.4725136431448,0,3962.2901961324278,0,128,3b70eee8a2e9f656feda60e3eec08e1d74c9b9af2a300d8edb9f1f212aada14c,a89ce2fbca354c45ee38c206a2440c7f0cba4c6622ab966ffaf67f5229755cd0,5f807c54f082c3b711c38f725801be206d2ef1454095d8834ec25363db77390e,4da8ef7304ad00051541c0e08f3fb1174d4cc316ee978352eb459b9b02a2cee7,4da8ef7304ad00051541c0e08f3fb1174d4cc316ee978352eb459b9b02a2cee7,98068e395fc966f7f1e56dbcf291d25da5aa1c45ea84affc61cb9d77a686dded,98068e395fc966f7f1e56dbcf291d25da5aa1c45ea84affc61cb9d77a686dded,0,0,0,0,0,0,0,1.2653064914047718e-05,0.062895774841308594,0.010437336168251932,1.2653064914047718e-05,0.062895774841308594,0.010437336168251932,0,0,0.0001,64,64,0,6701.697808,1.861582724,19.734632311468797,556.94601254341012,86434.217310374224
ect.q256.schedule-switch-training-telemetry/v1,q256_fresh_crossed_switch_n12_matpool_numeric_recovery_v2,AB,A,B,763,q256_target_weight_v1,B,1.1000000000000001,1.1000000000000001,4763,4752,609664,609.664000,0,15.90133011341095,0,1548.9716437356001,1548.9716437356001,0,1548.9716437356001,0,0.17536842514764625,0,3962.4721923071529,0,3962.2902891188478,0,128,5a33d6e0755cadef8badc565272e303ec67242af11253685f77bd9cd47ef10ab,83ab96d0f143069efe0a0ba7d844b6e6def1eb284898d558c937c651d6e03ac6,01bec1b17481c97a8e32a41e27ad803c43eab6e087c90c0844738005419affd4,05504ffb61abf5fef26bb4cf35b341805c8a2e7163031e90039b29e9e91a41b6,05504ffb61abf5fef26bb4cf35b341805c8a2e7163031e90039b29e9e91a41b6,7d919c550c3ad7bbbcbd6bc21717d9ee36f5810596838a49d7109b0b3986d6f8,7d919c550c3ad7bbbcbd6bc21717d9ee36f5810596838a49d7109b0b3986d6f8,0,0,0,0,0,0,0,0.00014902651309967041,0.790191650390625,0.016559056006371975,0.00014902651309967041,0.790191650390625,0.016559056006371975,0,0,0.0001,64,64,0,6703.633997,1.862120555,19.735105139215747,543.21976008540821,86389.651855646021
ect.q256.schedule-switch-training-telemetry/v1,q256_fresh_crossed_switch_n12_matpool_numeric_recovery_v2,AB,A,B,764,q256_target_weight_v1,B,1.1000000000000001,1.1000000000000001,4764,4753,609792,609.792000,0,16.212865352630615,0,2625.5971272557404,2625.5971272557404,0,2625.5971272557404,0,0.17383730096116351,0,3962.4718980168786,0,3962.2903818070981,0,128,661b69c462e5256c2bcb6d308864b5e7f7fddfa312b46c7854ac2ad1023614e5,b4ba952686d264a4b69955a8b6f9ab2a05be82fef927ed02b05b2d06e4d1995a,70b17345c0c42a27711e9457c0441f69f84354105abe3e44500b5c329a634159,6203db46fb722bc6e22b23db9dfff38984e347f26a0bba83b793b833adbd3663,6203db46fb722bc6e22b23db9dfff38984e347f26a0bba83b793b833adbd3663,27c8097a1778511a0e4d8be44038f1c84208bc98c068fb66ca0eef754256888d,27c8097a1778511a0e4d8be44038f1c84208bc98c068fb66ca0eef754256888d,0,0,0,0,0,0,0,1.9037979654967785e-05,0.31327056884765625,0.01055043883388862,1.9037979654967785e-05,0.31327056884765625,0.01055043883388862,0,0,0.0001,64,64,0,6705.571302,1.862658695,19.735654442406982,609.44944209758182,86506.110340059196
ect.q256.schedule-switch-training-telemetry/v1,q256_fresh_crossed_switch_n12_matpool_numeric_recovery_v2,AB,A,B,765,q256_target_weight_v1,B,1.1000000000000001,1.1000000000000001,4765,4754,609920,609.920000,0,16.140287637710571,0,2001.0333054444068,2001.0333054444068,0,2001.0333054444068,0,0.17226232130447605,0,3962.4717394320928,0,3962.2904743532058,0,128,4d8c2d277d20a19afbc0dc6610e82a0aceecf403fb2b1e450c2b073c0b6c9c06,25161c85936bbd50e159e6466026b1c94f6b6ea3e0154304e09743825394225a,3c42be36ebfbc2ff80ade630b6473a26dc9ed2a4c6245b0e00731d85dc2a9860,d626fcc575c7d6b990c70dc2f674ba023cbc7ab0bbf1e2ae4cd9f80c6224a909,d626fcc575c7d6b990c70dc2f674ba023cbc7ab0bbf1e2ae4cd9f80c6224a909,29e4cb7393f8113b5c93b6049cc55379a94f2a40c33a7a6d03a19c57d4cd44ea,29e4cb7393f8113b5c93b6049cc55379a94f2a40c33a7a6d03a19c57d4cd44ea,0,0,0,0,0,0,0,9.7314768936485052e-06,0.11841964721679688,0.011416489200200886,9.7314768936485052e-06,0.11841964721679688,0.011416489200200886,0,0,0.0001,64,64,0,6707.502765,1.863195212,19.736821835830003,522.05326048646441,86516.65963679507
ect.q256.schedule-switch-training-telemetry/v1,q256_fresh_crossed_switch_n12_matpool_numeric_recovery_v2,AB,A,B,766,q256_target_weight_v1,B,1.1000000000000001,1.1000000000000001,4766,4755,610048,610.048000,0,15.617607355117798,0,1344.4660995485795,1344.4660995485795,0,1344.4660995485795,0,0.16763246858957026,0,3962.4717343058501,0,3962.2905668230569,0,128,88e1ac31b990b35dc1319ca0e16838d99429a750cb3935ff1e712fe2a692b3e7,4fe80f6ab8218c5f25f9349195c20e110bee27455c812b2f4b95252273a7c6f0,ed49ab138e4a2f97e22d02d33ffaa1cd56e11b6393b8f90d23aff7095f8ea192,01bf3d672b5b71546eda49b9893fee1f7917ab78d64eba450747c17e3319c6f0,01bf3d672b5b71546eda49b9893fee1f7917ab78d64eba450747c17e3319c6f0,8bf368ebc5288a5cd453bc8e4e396076abd7a06b858604c85fae46c5f96095c0,8bf368ebc5288a5cd453bc8e4e396076abd7a06b858604c85fae46c5f96095c0,0,0,0,0,0,0,0,3.0958093702793121e-05,0.11925697326660156,0.011722429771907628,3.0958093702793121e-05,0.11925697326660156,0.011722429771907628,0,0,0.0001,64,64,0,6709.436572,1.863732381,19.738160691737065,476.38707050340133,86457.99727156313
ect.q256.schedule-switch-training-telemetry/v1,q256_fresh_crossed_switch_n12_matpool_numeric_recovery_v2,AB,A,B,767,q256_target_weight_v1,B,1.1000000000000001,1.1000000000000001,4767,4756,610176,610.176000,0,17.437063932418823,0,3730.9670113537709,3730.9670113537709,0,3730.9670113537709,0,0.16584821677666559,0,3962.4719398130637,0,3962.2906593677476,0,128,333370f2324f47858bee9f043e0de4b3f85b268c1e09a02a5d0f9403ff127c21,8a8d60eaba74c36504533e304db505c2463df79341501c2050cea99ad461fba0,ba5e919d09e4c2941d1e987547dae52c36032365a56a991ec13a09ececafe2b3,36bcb083d8d7736cb562b33db4d16b46c03b9bf37f39ff6413d7041c40f1a65a,36bcb083d8d7736cb562b33db4d16b46c03b9bf37f39ff6413d7041c40f1a65a,bea849ec934a60a1441f2ba56546c5fca02a9a685227c68aa3258856532bf557,bea849ec934a60a1441f2ba56546c5fca02a9a685227c68aa3258856532bf557,0,0,0,0,0,0,0,4.9677211791276932e-05,0.9137725830078125,0.020306534017436206,4.9677211791276932e-05,0.9137725830078125,0.020306534017436206,0,0,0.0001,64,64,0,6711.373703,1.864270473,19.74022013585736,454.48731505042889,86809.162486492671
ect.q256.schedule-switch-training-telemetry/v1,q256_fresh_crossed_switch_n12_matpool_numeric_recovery_v2,AB,A,B,768,q256_target_weight_v1,B,1.1000000000000001,1.1000000000000001,4768,4757,610304,610.304000,0,16.961284875869751,0,2025.7148783021507,2025.7148783021507,0,2025.7148783021507,0,0.17415236229357839,0,3962.4721545351713,0,3962.2907519975784,0,128,60e48f21a870d8bee782583749880352a6f67a8d4fa95329b4ff6593b7404f0f,7408d1adde75c2746a2fd58428ab4be3a10748e6a2c41d5b56251f5310ca8f28,315ffc91dcb312e910eefa18a86b2de5345de5ecb8b51eaa5640930d7c5dbad5,a89db920d6e260f56d22f13744f42be643f9f6730ea41e6b0741c4c4aded8eac,a89db920d6e260f56d22f13744f42be643f9f6730ea41e6b0741c4c4aded8eac,d5da88ea12000c8d5104e475994d647ab16f1f302cc0fa4e74fb7d123ee1e51b,d5da88ea12000c8d5104e475994d647ab16f1f302cc0fa4e74fb7d123ee1e51b,0,0,0,0,0,0,0,2.203742042183876e-05,0.24679183959960938,0.014266459038481116,2.203742042183876e-05,0.24679183959960938,0.014266459038481116,0,0,0.0001,64,64,0,6713.307234,1.864807565,19.742003677277314,449.42845337619906,86775.959100832042
ect.q256.schedule-switch-training-telemetry/v1,q256_fresh_crossed_switch_n12_matpool_numeric_recovery_v2,AB,A,B,769,q256_target_weight_v1,B,1.1000000000000001,1.1000000000000001,4769,4758,610432,610.432000,0,18.46515953540802,0,2119.6111205826005,2119.6111205826005,0,2119.6111205826005,0,0.171645782064034,0,3962.4725130464708,0,3962.2908447938848,0,128,e8b5ad90925fbb8f2e4af155a5b3b35459b1708c67f7f0ec0eee5acee7460d67,d175e5f27f041d77d75401634cd5a30d007f08cdfa8918f6036ee38d87e89407,8db411feb8fe1bc421a4f70cc8534d41d877cacd258254390bce3d7255128ca8,f2c5cc53ce7b05ae5ff4456bb27e8e244f8a9108b7b3b11024c26cb5d76047bd,f2c5cc53ce7b05ae5ff4456bb27e8e244f8a9108b7b3b11024c26cb5d76047bd,ab02e6a78a1c2666afab97f0ccd5847bccbcef4ea354dcb74e602a41d8fbceae,ab02e6a78a1c2666afab97f0ccd5847bccbcef4ea354dcb74e602a41d8fbceae,0,0,0,0,0,0,0,5.9630256146192551e-05,0.060449600219726562,0.0079070975771173835,5.9630256146192551e-05,0.060449600219726562,0.0079070975771173835,0,0,0.0001,64,64,0,6715.243652,1.865345459,19.74329999554671,412.70465668105004,86793.894566013638
ect.q256.schedule-switch-training-telemetry/v1,q256_fresh_crossed_switch_n12_matpool_numeric_recovery_v2,AB,A,B,770,q256_target_weight_v1,B,1.1000000000000001,1.1000000000000001,4770,4759,610560,610.560000,0,15.18783700466156,0,1560.4327438425348,1560.4327438425348,0,1560.4327438425348,0,0.1680934843903783,0,3962.4729162246831,0,3962.290937798115,0,128,858811f453598d2fe89309f4170ae4d65f3b2c91ebe3ee9d22231057facdcc32,53a2cc58ceb1942af3cfa45199da5c3c4235638e248d6dd543b77b47fc68d198,43c9b0c42e1caab04d5a5efba86dfb6aa6defc9a387c01c8d54d37ce463165df,a8c33ad6a2b3262890faa5b8a6c7ff2565c6d0ea527079e27fb646301dd071c9,a8c33ad6a2b3262890faa5b8a6c7ff2565c6d0ea527079e27fb646301dd071c9,b84a831ca6ce4bb07c82f000884edcb93bf406f7fbeab74f6a63f84bd0eb57a1,b84a831ca6ce4bb07c82f000884edcb93bf406f7fbeab74f6a63f84bd0eb57a1,0,0,0,0,0,0,0,0.00011137360706925392,0.47573089599609375,0.019593666773289442,0.00011137360706925392,0.47573089599609375,0.019593666773289442,0,0,0.0001,64,64,0,6717.177616,1.865882671,19.744340426934151,404.07177651436302,86747.235795711546
ect.q256.schedule-switch-training-telemetry/v1,q256_fresh_crossed_switch_n12_matpool_numeric_recovery_v2,AB,A,B,771,q256_target_weight_v1,B,1.1000000000000001,1.1000000000000001,4771,4760,610688,610.688000,0,16.162918090820312,0,2087.6654017331748,2087.6654017331748,0,2087.6654017331748,0,0.17134314745980961,0,3962.473446462333,0,3962.2910311065225,0,128,3ad614672cb3c334c52846b62f7ae1ef4b1b04d645c563d993e177f565718e72,3abc03e0e8127512e775e195407da812939487395f114d87eee5be5af2748f92,78de8f56239d392a457ae611f9c52501cc91953ee83ba4eab3a894768391814f,baa420d818c4d60cedaf82f2185c55e32730ca042053b961004865e96664e6e4,baa420d818c4d60cedaf82f2185c55e32730ca042053b961004865e96664e6e4,b2dbf899370b3904520ab4ec916112f2ae2ed716df59d5c7fa86e4df556a27a0,b2dbf899370b3904520ab4ec916112f2ae2ed716df59d5c7fa86e4df556a27a0,0,0,0,0,0,0,0,3.5724224289879203e-07,0.3832550048828125,0.015790580247994512,3.5724224289879203e-07,0.3832550048828125,0.015790580247994512,0,0,0.0001,64,64,0,6719.161874,1.866433854,19.745284069539402,442.63218520685933,86729.177753735334
ect.q256.schedule-switch-training-telemetry/v1,q256_fresh_crossed_switch_n12_matpool_numeric_recovery_v2,AB,A,B,772,q256_target_weight_v1,B,1.1000000000000001,1.1000000000000001,4772,4761,610816,610.816000,0,16.085532546043396,0,1694.030589286464,1694.030589286464,0,1694.030589286464,0,0.17444082122570695,0,3962.4741390048562,0,3962.2911248148102,0,128,3559351af3d59c1b9d6362145d9e22b63cd42a997e6a246f3f49527ec6974fb7,86437a8928d737289d0bc0f7c8b93dc82fe676786220c95fb38a3e22cdab09e8,242f996cd99d674eec461f56105786a63386927a8de87d281601403be4d8f891,a858348bc9a991197c4e64184e1dce8fe8f35f1705e2a92ab1bec20aaed5435c,a858348bc9a991197c4e64184e1dce8fe8f35f1705e2a92ab1bec20aaed5435c,20f43cefa4dd09d2bd97ca25e9df51ca9c2b9c2050c59c9e17e7e28de8851b1a,20f43cefa4dd09d2bd97ca25e9df51ca9c2b9c2050c59c9e17e7e28de8851b1a,0,0,0,0,0,0,0,2.0402192603796721e-05,0.25130081176757812,0.012444061459973454,2.0402192603796721e-05,0.25130081176757812,0.012444061459973454,0,0,0.0001,64,64,0,6721.094813,1.866970781,19.746034210400843,438.19077806444676,86694.046388333431
ect.q256.schedule-switch-training-telemetry/v1,q256_fresh_crossed_switch_n12_matpool_numeric_recovery_v2,AB,A,B,773,q256_target_weight_v1,B,1.1000000000000001,1.1000000000000001,4773,4762,610944,610.944000,0,15.994817733764648,0,1810.6871997760823,1810.6871997760823,0,1810.6871997760823,0,0.16833971129746536,0,3962.4749557412979,0,3962.2912190158045,0,128,906435e50238662d0a1e438e12b16e73ea23f97f8b26ecf1d30f160ed95b933a,59241e6edb9c6caa3a43cb87fd29dabfb0ad758d51b50265f59bf40eb82bcfac,aee30efd71a0845105da8482981aac83e4fba8ff2bd137c96ff322fce4e5a841,04328b32809a0db31212398865b617716ada315ac472f24b65c75194bad38aa2,04328b32809a0db31212398865b617716ada315ac472f24b65c75194bad38aa2,4733a566d51b2a7d1ee37478c64cd84cdbf03f1591db7d095e573181bb2d12d1,4733a566d51b2a7d1ee37478c64cd84cdbf03f1591db7d095e573181bb2d12d1,0,0,0,0,0,0,0,0.00011700950562953949,0.14057540893554688,0.012712000345345587,0.00011700950562953949,0.14057540893554688,0.012712000345345587,0,0,0.0001,64,64,0,6723.039835,1.867511065,19.746726735974129,427.02775902895951,86681.290133946313
ect.q256.schedule-switch-training-telemetry/v1,q256_fresh_crossed_switch_n12_matpool_numeric_recovery_v2,AB,A,B,774,q256_target_weight_v1,B,1.1000000000000001,1.1000000000000001,4774,4763,611072,611.072000,0,16.334868907928467,0,1861.0838479441036,1861.0838479441036,0,1861.0838479441036,0,0.16562676176772936,0,3962.4758484640702,0,3962.2913137327314,0,128,ad3b83d4f8338a84c5b73aae956ffb1e061c0298ee88d234ba65f59c101a26e8,3024e115bd87932b0042bedecc243fb8a5cf4a48f91d07ec8f198e2ff36c2476,066245e0b80e1a207d4e0fdaca53218cd3d194be045b2385b7561e3d729df562,aa0121b99ef3e14bc885c1ad677cb6eb87305d8831ce8175b9461ebe3207abd9,aa0121b99ef3e14bc885c1ad677cb6eb87305d8831ce8175b9461ebe3207abd9,cfb9b982f327476a045f26267393cfc5cedee9ea919ab14ce8c1a02649edf3f9,cfb9b982f327476a045f26267393cfc5cedee9ea919ab14ce8c1a02649edf3f9,0,0,0,0,0,0,0,4.8278365284204483e-05,0.9293212890625,0.017197402194142342,4.8278365284204483e-05,0.9293212890625,0.017197402194142342,0,0,0.0001,64,64,0,6724.980952,1.868050264,19.747448548144877,457.36940777591821,86681.501137227824
ect.q256.schedule-switch-training-telemetry/v1,q256_fresh_crossed_switch_n12_matpool_numeric_recovery_v2,AB,A,B,775,q256_target_weight_v1,B,1.1000000000000001,1.1000000000000001,4775,4764,611200,611.200000,0,15.62296462059021,0,1666.7840504685259,1666.7840504685259,0,1666.7840504685259,0,0.16563999981905519,0,3962.4768147646032,0,3962.2914090520198,0,128,f2d2b0429668da25c04d966dfcf9a80ec85856e1466258d17487007b253ab09e,33c519017102a6226c56293c82cef31adb956749fd01772873f70cdb54b62772,09ea96011b18e1a338b4bb4fc914f8b0420afc510ec48d7daaa8a02efa775225,f0977554208ce4769f5ad98d537d65fa8fa324777f583d7201707bad3ba9b7d3,f0977554208ce4769f5ad98d537d65fa8fa324777f583d7201707bad3ba9b7d3,cb546c796e109d941749a763cf7041428365c70e57f27a8984cc4ab154960cf5,cb546c796e109d941749a763cf7041428365c70e57f27a8984cc4ab154960cf5,0,0,0,0,0,0,0,3.9410777390003204e-05,0.8420867919921875,0.022689127596095204,3.9410777390003204e-05,0.8420867919921875,0.022689127596095204,0,0,0.0001,64,64,0,6726.912705,1.868586862,19.748286407194399,488.33507370584914,86645.664180472217
ect.q256.schedule-switch-training-telemetry/v1,q256_fresh_crossed_switch_n12_matpool_numeric_recovery_v2,AB,A,B,776,q256_target_weight_v1,B,1.1000000000000001,1.1000000000000001,4776,4765,611328,611.328000,0,16.614686965942383,0,1406.5168449476373,1406.5168449476373,0,1406.5168449476373,0,0.16390637676398742,0,3962.4778164757918,0,3962.2915049955659,0,128,679d93f9c6d17e1f7d799d4abdc419f63f8d7255ac274d5fbf92fb7881b3858f,5d52fc0f31ee2b4e4da62debe2125cd17f556287516564060c8765e291ffc5aa,fc78c3c8c417a49c73bb0789d935c960790ab9424ee01f5af61921ca42b64d28,ab4c5c5904bec7bbbdecaa947ef30197b4bbc4f4a5a3b32051d541f15ce8b4a5,ab4c5c5904bec7bbbdecaa947ef30197b4bbc4f4a5a3b32051d541f15ce8b4a5,918b4175b5763ddcc7c8948a805f8d8bd746f04969298293058d94a2b1eea9ed,918b4175b5763ddcc7c8948a805f8d8bd746f04969298293058d94a2b1eea9ed,0,0,0,0,0,0,0,3.5064178518950939e-05,0.13646507263183594,0.010650111827999353,3.5064178518950939e-05,0.13646507263183594,0.010650111827999353,0,0,0.0001,64,64,0,6728.860225,1.869127840,19.748890401487341,506.1388736190105,86594.532061984864
ect.q256.schedule-switch-training-telemetry/v1,q256_fresh_crossed_switch_n12_matpool_numeric_recovery_v2,AB,A,B,777,q256_target_weight_v1,B,1.1000000000000001,1.1000000000000001,4777,4766,611456,611.456000,0,15.542906403541565,0,2193.4429386017223,2193.4429386017223,0,2193.4429386017223,0,0.1681182578967336,0,3962.478710509029,0,3962.2916015205792,0,128,6b673639dfdfe4cf867cf5985f040684564870ce0ef7ca491c32d804f1a18786,4d8b8a24d53b7784ccd4b7bf868ed20303d31186b4c4292d103f8bad183fc782,b0f6956d53bb83d6ebb4ccd5cabe99b64a3bb68b29816d7b3491634bcfffad58,5f324597d6c1f2d18303aee1b4e4e6606739d680ad6a4b94a2344136e6d4e922,5f324597d6c1f2d18303aee1b4e4e6606739d680ad6a4b94a2344136e6d4e922,a3a79e252fe949f0773255e132e61a23fcc520931783b5c67f0aae97a65e88eb,a3a79e252fe949f0773255e132e61a23fcc520931783b5c67f0aae97a65e88eb,0,0,0,0,0,0,0,0.00011924747377634048,0.16771697998046875,0.013165688840672374,0.00011924747377634048,0.16771697998046875,0.013165688840672374,0,0,0.0001,64,64,0,6730.859863,1.869683295,19.749263152681554,512.38065575875146,86566.751711092642
ect.q256.schedule-switch-training-telemetry/v1,q256_fresh_crossed_switch_n12_matpool_numeric_recovery_v2,AB,A,B,778,q256_target_weight_v1,B,1.1000000000000001,1.1000000000000001,4778,4767,611584,611.584000,0,14.614570021629333,0,1518.3317593114184,1518.3317593114184,0,1518.3317593114184,0,0.16171186422530678,0,3962.4795072808215,0,3962.2916985200641,0,128,e9dfdc53119f6d4e6438ce90fd798af6df55231be3b9c11f7bfda182c6314344,76401e813d2909027c7574ed0fdba99553a3b83b5fe12a22a81eaeca56cfb065,05af3d8bb17702b107508baf8bbdfaec1e6fa42c5feefd2c6d06b29493f5905c,87a7d2732fb87f55790da46faf33620cdbb4f51741daec6fc20b3bf495184065,87a7d2732fb87f55790da46faf33620cdbb4f51741daec6fc20b3bf495184065,ac62256a7771de676a66c89272d5e8e50631b782b31cc0d831dd281c4d88af4f,ac62256a7771de676a66c89272d5e8e50631b782b31cc0d831dd281c4d88af4f,0,0,0,0,0,0,0,7.2565628215670586e-05,0.10048103332519531,0.011713530984707177,7.2565628215670586e-05,0.10048103332519531,0.011713530984707177,0,0,0.0001,64,64,0,6732.804626,1.870223507,19.749546662573366,520.83289392622385,86528.844300231707
ect.q256.schedule-switch-training-telemetry/v1,q256_fresh_crossed_switch_n12_matpool_numeric_recovery_v2,AB,A,B,779,q256_target_weight_v1,B,1.1000000000000001,1.1000000000000001,4779,4768,611712,611.712000,0,16.864938497543335,0,1786.6164989943391,1786.6164989943391,0,1786.6164989943391,0,0.16157798051800931,0,3962.4801862266136,0,3962.291795928691,0,128,99aabfdee186445ceda32e6ae70f4e03fd0c30dc98a58b0bdddab95a1777a526,18c59b56a69da1c6ed9c20938c5eb084d3b0b239fa55330643fbed1f3e3a3064,e9e0f7a866d862773bccf092fc1e7a890dc57b0824c62658c39dcd2a6167f4ae,f2d2c702f4fcc07fdeeadb0dab369df5092b9d140eef490088579fcfe5741b09,f2d2c702f4fcc07fdeeadb0dab369df5092b9d140eef490088579fcfe5741b09,80bdfae20ba8111bc733602a9f5badaf000499a0e352933beeb8c6217a9e4d8e,80bdfae20ba8111bc733602a9f5badaf000499a0e352933beeb8c6217a9e4d8e,0,0,0,0,0,0,0,6.5261963754892349e-05,0.4477691650390625,0.015582163352519274,6.5261963754892349e-05,0.4477691650390625,0.015582163352519274,0,0,0.0001,64,64,0,6734.744292,1.870762303,19.749530209242369,463.33536566745261,86505.019975272429
ect.q256.schedule-switch-training-telemetry/v1,q256_fresh_crossed_switch_n12_matpool_numeric_recovery_v2,AB,A,B,780,q256_target_weight_v1,B,1.1000000000000001,1.1000000000000001,4780,4769,611840,611.840000,0,15.819848656654358,0,2091.0833130608398,2091.0833130608398,0,2091.0833130608398,0,0.16622621262742726,0,3962.4807161175927,0,3962.291893580546,0,128,c2216e1e76cf69092635fecbf16df19b48c2bfc29721d92972aedf742810fb00,76e7421b2b3882178d99420bfc011e890a4a67465a37a7aa75ecfd8ead6af2ce,701a6406cda19fc994a2d9c057fe68d2b8b0da51596b706e79e764782c4d380a,c17b77aa3ba56286e7a8251ffadda85d5aaf5b6bff40fca78156164e0b19cae1,c17b77aa3ba56286e7a8251ffadda85d5aaf5b6bff40fca78156164e0b19cae1,c9b526b15f53bea64ac600699dafec8c52783048ad10487cc54407da778993bb,c9b526b15f53bea64ac600699dafec8c52783048ad10487cc54407da778993bb,0,0,0,0,0,0,0,0.00010804645717144012,0.1496734619140625,0.011454964289441705,0.00010804645717144012,0.1496734619140625,0.011454964289441705,0,0,0.0001,64,64,0,6736.678290,1.871299525,19.749515523702652,463.26849862143177,86481.154581884155
ect.q256.schedule-switch-training-telemetry/v1,q256_fresh_crossed_switch_n12_matpool_numeric_recovery_v2,AB,A,B,781,q256_target_weight_v1,B,1.1000000000000001,1.1000000000000001,4781,4770,611968,611.968000,0,17.077246308326721,0,2121.8166542075774,2121.8166542075774,0,2121.8166542075774,0,0.16840233307170718,0,3962.4812439158686,0,3962.2919915562206,0,128,124d446a65140f629a702f9c460c118988fcd29a3b809c9a1bcea7828c2090ab,0d5a5fae678615b6589ef2e5514055371874409d14fa788a6b90519ec4bc72a7,bd09512f9331ce2b42d7f8bc742268ab43152c94351946721cf5cfa324ac020f,7a4b1ec61e0aee6052b20a0390e73968d774aa748045c0c333ffcd978d51265c,7a4b1ec61e0aee6052b20a0390e73968d774aa748045c0c333ffcd978d51265c,6076c8ee3ff2081656a75b4cf0c59a1f69def3f4e519d79a527579119e3bdace,6076c8ee3ff2081656a75b4cf0c59a1f69def3f4e519d79a527579119e3bdace,0,0,0,0,0,0,0,9.7672455012798309e-05,0.1625213623046875,0.010576105793006718,9.7672455012798309e-05,0.1625213623046875,0.010576105793006718,0,0,0.0001,64,64,0,6738.632241,1.871842289,19.749191719980924,422.04257019478825,86480.868637944819
ect.q256.schedule-switch-training-telemetry/v1,q256_fresh_crossed_switch_n12_matpool_numeric_recovery_v2,AB,A,B,782,q256_target_weight_v1,B,1.1000000000000001,1.1000000000000001,4782,4771,612096,612.096000,0,16.815596342086792,0,1910.9787316863822,1910.9787316863822,0,1910.9787316863822,0,0.16746111327416049,0,3962.4817223590512,0,3962.2920898511206,0,128,1faee91f2757c4b39354948b730a99a40341c8b7a300a8f1935b11105cdbdbba,bed5bbd670e030e43f0b70aa241b02cec8c4678f06c84d7358291fca1467c950,32fd6c14f37d15b991d6c4ea1bd20ad724fd0f429e73bc9603bf014e0ec352a0,7055827accb076cc1fa0dacf7b76e70ad2f8b25f43d1b93cd2b33bac66fe68dd,7055827accb076cc1fa0dacf7b76e70ad2f8b25f43d1b93cd2b33bac66fe68dd,71062d4f3eba7011379d16e90d9f256c3e705569cd8676d3e5daf7bf5485c955,71062d4f3eba7011379d16e90d9f256c3e705569cd8676d3e5daf7bf5485c955,0,0,0,0,0,0,0,7.6939351856708527e-05,1.24951171875,0.02640363690443337,7.6939351856708527e-05,1.24951171875,0.02640363690443337,0,0,0.0001,64,64,0,6740.575490,1.872382081,19.7483170135019,412.59759540609366,86474.672356096766
ect.q256.schedule-switch-training-telemetry/v1,q256_fresh_crossed_switch_n12_matpool_numeric_recovery_v2,AB,A,B,783,q256_target_weight_v1,B,1.1000000000000001,1.1000000000000001,4783,4772,612224,612.224000,0,14.529549360275269,0,1480.7260726861473,1480.7260726861473,0,1480.7260726861473,0,0.16492616435101062,0,3962.482066611321,0,3962.2921883453155,0,128,427a9d797ae315bd21e3670427f2edef6191702e97a5d0314c1c38a9ec9655ec,a2dbbbca3ff6215d24440176876f6ceaeb0b7ebae0690d5201225e5589d54534,2d202d1846c3af897826f4c0d25c733832691afadd00806212295e79e4a016eb,92d1e4757b9908c63d14fc84218e8a678b46f08a8e973fcd6ac682c850c018e6,92d1e4757b9908c63d14fc84218e8a678b46f08a8e973fcd6ac682c850c018e6,45512f6669b5a41001cfb5512579d3bd534adabc15e3fc6c5017cbe775a6a6d1,45512f6669b5a41001cfb5512579d3bd534adabc15e3fc6c5017cbe775a6a6d1,0,0,0,0,0,0,0,5.5422075092792511e-05,0.1629638671875,0.012372311786748469,5.5422075092792511e-05,0.1629638671875,0.012372311786748469,0,0,0.0001,64,64,0,6742.510761,1.872919656,19.747390923400925,401.63470151534375,86430.777207791718
ect.q256.schedule-switch-training-telemetry/v1,q256_fresh_crossed_switch_n12_matpool_numeric_recovery_v2,AB,A,B,784,q256_target_weight_v1,B,1.1000000000000001,1.1000000000000001,4784,4773,612352,612.352000,0,15.979043245315552,0,2756.0512493761494,2756.0512493761494,0,2756.0512493761494,0,0.17732892160594035,0,3962.4822880140737,0,3962.2922869313848,0,128,2296b24cb22eacd3327eff4c84acd9adca467fe2261fdd081a0672733af13421,5519397a86e9846aa22250e2d85595386dcad0fc648ce706cc3662090b698d94,4884cbd832c8da532d43d5bb45fae49ec141af97f2ed0ebc5cd2cadf7a344dd0,9ede161891ca812f4d03505464fdca54eafdc5e89e7dbe17e30c7fdc9d32fb43,9ede161891ca812f4d03505464fdca54eafdc5e89e7dbe17e30c7fdc9d32fb43,e7a2c0d2c283989f64d62924b50b3c39794f64dbee2fc4145f45b5197b41e887,e7a2c0d2c283989f64d62924b50b3c39794f64dbee2fc4145f45b5197b41e887,0,0,0,0,0,0,0,5.5389013141393661e-05,0.3728179931640625,0.01495972357224673,5.5389013141393661e-05,0.3728179931640625,0.01495972357224673,0,0,0.0001,64,64,0,6744.444363,1.873456768,19.746676509392643,400.31248351166613,86503.080033860577
ect.q256.schedule-switch-training-telemetry/v1,q256_fresh_crossed_switch_n12_matpool_numeric_recovery_v2,AB,A,B,785,q256_target_weight_v1,B,1.1000000000000001,1.1000000000000001,4785,4774,612480,612.480000,0,15.744239807128906,0,2917.5932560786764,2917.5932560786764,0,2917.5932560786764,0,0.18090312083611884,0,3962.4823815340587,0,3962.2923855148547,0,128,98cd6e822451d23924b56dfe5ef813c3fcb20feb75dfa1443cd72a94866808c0,0d23a02cf9abdc4662da529fd5cc2d5f58097b8ec8c4cb48f9ea0053b6a2db85,ee2d94f8b280fa015f2ae0a5bdf932a7df30c55837e39cbafc7c31fd69599153,9de9ec1d7f99e1b83586d01eee5a6a62a543477d43bcf70e7e8a93b8e7292dbc,9de9ec1d7f99e1b83586d01eee5a6a62a543477d43bcf70e7e8a93b8e7292dbc,0e4baf0a0aa402384daddedae839bf497605be133cbb896b991d59a50a9deecf,0e4baf0a0aa402384daddedae839bf497605be133cbb896b991d59a50a9deecf,0,0,0,0,0,0,0,4.403831553645432e-06,0.20920944213867188,0.011912006651982665,4.403831553645432e-06,0.20920944213867188,0.011912006651982665,0,0,0.0001,64,64,0,6746.377620,1.873993783,19.745931860339731,465.34535530058201,86625.686249650826
ect.q256.schedule-switch-training-telemetry/v1,q256_fresh_crossed_switch_n12_matpool_numeric_recovery_v2,AB,A,B,786,q256_target_weight_v1,B,1.1000000000000001,1.1000000000000001,4786,4775,612608,612.608000,0,15.274142265319824,0,1523.6483690145467,1523.6483690145467,0,1523.6483690145467,0,0.17936456709493945,0,3962.4824739969522,0,3962.2924841636463,0,128,56237390997adf14d6d16e90842290bd470067b980eab8b0010f2215120273dc,03a6272983029f78d7eeed58be7420f8e493cda43f5d42c152f7af456161b164,c31c3c8746b376293d8d698e69dd1be8b52655dc39046f2814fa8e4d27f53942,3d8943bec94560ffb08e64d16cfcbc2a029aea321dd79d518ca21135732a9483,3d8943bec94560ffb08e64d16cfcbc2a029aea321dd79d518ca21135732a9483,d6eaafa164e23084c7f003f8fe4a9045e519f19356404621ac2777abfbe0ca28,d6eaafa164e23084c7f003f8fe4a9045e519f19356404621ac2777abfbe0ca28,0,0,0,0,0,0,0,2.8642709366977215e-05,0.2674407958984375,0.012965994246769696,2.8642709366977215e-05,0.2674407958984375,0.012965994246769696,0,0,0.0001,64,64,0,6748.083251,1.874467570,19.745147955881478,477.18455332409854,86571.331670615211
ect.q256.schedule-switch-training-telemetry/v1,q256_fresh_crossed_switch_n12_matpool_numeric_recovery_v2,AB,A,B,787,q256_target_weight_v1,B,1.1000000000000001,1.1000000000000001,4787,4776,612736,612.736000,0,14.825870752334595,0,1735.7889620541221,1735.7889620541221,0,1735.7889620541221,0,0.17756609185374758,0,3962.4825382354202,0,3962.2925827587101,0,128,89f657caf285ecbe1af9390c23c6eb3bd9890a297d70ae0288ab5240cd1b26b9,1ea6f9fa44b91964379f868758c6862a574cb404e53fe1992d22ff751c6cd6fb,c3eff76a70f08b99c6aba2554ae207f4494adbda4db0a4645d9d75d0a7d8f5ca,b16e86db0168246880bb6d4af1b9add5f6fe04ad924d7956f18f4cdb1f196abd,b16e86db0168246880bb6d4af1b9add5f6fe04ad924d7956f18f4cdb1f196abd,de4b7b543a0d5aa5c2e1aea805c6769d5e59680dca59a049f5f2f2de8d97bdb3,de4b7b543a0d5aa5c2e1aea805c6769d5e59680dca59a049f5f2f2de8d97bdb3,0,0,0,0,0,0,0,1.0805670171976089e-05,0.11826705932617188,0.012025556119624525,1.0805670171976089e-05,0.11826705932617188,0.012025556119624525,0,0,0.0001,64,64,0,6749.608748,1.874891319,19.744703202964253,439.47312013886193,86529.591322223423
ect.q256.schedule-switch-training-telemetry/v1,q256_fresh_crossed_switch_n12_matpool_numeric_recovery_v2,AB,A,B,788,q256_target_weight_v1,B,1.1000000000000001,1.1000000000000001,4788,4777,612864,612.864000,0,15.843933939933777,0,1605.3631609716917,1605.3631609716917,0,1605.3631609716917,0,0.17459698605596083,0,3962.4826048973782,0,3962.2926813539534,0,128,a615974f270b57f0838a942a77a539d7e65e76214ad11e0696a3b19b83eb500c,55667c0e3dabfe061cadf2b74bdf1310a007366e12c178f53eda34338bd77508,a21891afeb1b44187fdd0c3e08206512b56c906d888c16ae047019ec29a18ef4,f4e01d3a3d4885e7a56f5ec6e8aaaf055af75f243d96d22d4cbb14496eebcef2,f4e01d3a3d4885e7a56f5ec6e8aaaf055af75f243d96d22d4cbb14496eebcef2,dee1b1a660643ff8fb0e9749915e2008c8aa74681135975e401c098c3ae157c6,dee1b1a660643ff8fb0e9749915e2008c8aa74681135975e401c098c3ae157c6,0,0,0,0,0,0,0,4.004291258752346e-05,0.17433547973632812,0.012303219060413539,4.004291258752346e-05,0.17433547973632812,0.012303219060413539,0,0,0.0001,64,64,0,6751.132753,1.875314654,19.744452055977135,426.13028791914275,86497.982461465523
ect.q256.schedule-switch-training-telemetry/v1,q256_fresh_crossed_switch_n12_matpool_numeric_recovery_v2,AB,A,B,789,q256_target_weight_v1,B,1.1000000000000001,1.1000000000000001,4789,4778,612992,612.992000,0,15.74553906917572,0,1858.7150682203894,1858.7150682203894,0,1858.7150682203894,0,0.17305772294174129,0,3962.482520839259,0,3962.2927798091259,0,128,766f73a782d86f94dd540d416f18400d3e75668d0d739319140bb980ba59c4da,a4391e45ff9a2298b636d14d8cdde1c801545017c8a61a97fc7333fe916e7211,c7032c926750bd7896bc61e2c90f72c163f000e280550eb54a40bed8e029ca42,1a6619fa12cabcc3347dee1677d18f571d1accb47a8d2f7e80a7a55f5ac159eb,1a6619fa12cabcc3347dee1677d18f571d1accb47a8d2f7e80a7a55f5ac159eb,81d6ae70f0aeaf8b605e82864d6553a12c6372387b9d8428ba48f76ec28edbf4,81d6ae70f0aeaf8b605e82864d6553a12c6372387b9d8428ba48f76ec28edbf4,0,0,0,0,0,0,0,4.295026883482933e-05,0.17816162109375,0.011098311631940305,4.295026883482933e-05,0.17816162109375,0.011098311631940305,0,0,0.0001,64,64,0,6752.656344,1.875737873,19.744179493982735,443.89663792638294,86475.781620222129
ect.q256.schedule-switch-training-telemetry/v1,q256_fresh_crossed_switch_n12_matpool_numeric_recovery_v2,AB,A,B,790,q256_target_weight_v1,B,1.1000000000000001,1.1000000000000001,4790,4779,613120,613.120000,0,16.535404324531555,0,1355.0601613757381,1355.0601613757381,0,1355.0601613757381,0,0.16672007466102853,0,3962.482345654058,0,3962.2928780973343,0,128,77cdd21515e3f5e1794bd12d2f7ff9866dbedd6cc09e17ac171791c5f62c22e7,4a7e56045d17d73c72c12bf5d08c340767143c3765214d4d46a03c687b06b087,0df36649e7bb1ab29e72b4d424822a284e8a8eec536c962c9de8f39713b2d3b0,e5952cc5f99cfcb6e2ceb0b611260361796e1ea75b1173013469692b688e7c8c,e5952cc5f99cfcb6e2ceb0b611260361796e1ea75b1173013469692b688e7c8c,e437d85b9734492ca84884b0bf83aa80761386876a0c093487959a407368428d,e437d85b9734492ca84884b0bf83aa80761386876a0c093487959a407368428d,0,0,0,0,0,0,0,2.1297193598002195e-05,0.35678863525390625,0.01409333519404754,2.1297193598002195e-05,0.35678863525390625,0.01409333519404754,0,0,0.0001,64,64,0,6754.182990,1.876161942,19.74393699852358,436.05897814431904,86418.934713677358
ect.q256.schedule-switch-training-telemetry/v1,q256_fresh_crossed_switch_n12_matpool_numeric_recovery_v2,AB,A,B,791,q256_target_weight_v1,B,1.1000000000000001,1.1000000000000001,4791,4780,613248,613.248000,0,14.641277670860291,0,2402.3931524834861,2402.3931524834861,0,2402.3931524834861,0,0.1752604250297331,0,3962.4822168583487,0,3962.2929761800874,0,128,21a462990104bf0e5b31823199335a8b91e27b4348fdeea086151ad64beb8696,1165b8edb7f9e961e683008d093043b1a74a200fc2caee33b12129745673f8c7,1543545dec886ce73d9c3d65ef66558de7f73b432c39ec350a8e6688c1369a0f,b5ad80efae49f0ec57f90427ce954f98605be970c7e85481427e7e83ee51abc0,b5ad80efae49f0ec57f90427ce954f98605be970c7e85481427e7e83ee51abc0,2da8b436de5faa660f6cf4df78cedcc5b98d715694c974199c6a90c14f6245d3,2da8b436de5faa660f6cf4df78cedcc5b98d715694c974199c6a90c14f6245d3,0,0,0,0,0,0,0,9.9920667707920074e-05,0.13621711730957031,0.012845072778873146,9.9920667707920074e-05,0.13621711730957031,0.012845072778873146,0,0,0.0001,64,64,0,6755.709444,1.876585957,19.743487493448679,426.46004922116776,86419.093861422603
ect.q256.schedule-switch-training-telemetry/v1,q256_fresh_crossed_switch_n12_matpool_numeric_recovery_v2,AB,A,B,792,q256_target_weight_v1,B,1.1000000000000001,1.1000000000000001,4792,4781,613376,613.376000,0,16.311087012290955,0,2282.9878334295258,2282.9878334295258,0,2282.9878334295258,0,0.17793519245909231,0,3962.4820311983372,0,3962.2930740859751,0,128,883df166ec93c60798e1fe9626a56f7dff578521b08b499b71584dfcf6596905,4da9d3f7fe8ff24b9ce5ccf10fcccb5aae5c09bfa93a94b9a424ddc12ebd6739,eb4a2c9ae9b019a894170b24bab917e5c42ff24f90ebdb7498af51da35a21ed6,5000d6683df341c6fe645dd6d3b4de4b4b76724bdd57c55750e59b9c6ff03adf,5000d6683df341c6fe645dd6d3b4de4b4b76724bdd57c55750e59b9c6ff03adf,b853a1e4c140983b1ccf496867053d5940f5ed65520448f4b147b8661e3cda27,b853a1e4c140983b1ccf496867053d5940f5ed65520448f4b147b8661e3cda27,0,0,0,0,0,0,0,6.3248910009860992e-05,0.3024139404296875,0.012927250121720135,6.3248910009860992e-05,0.3024139404296875,0.012927250121720135,0,0,0.0001,64,64,0,6757.231900,1.877008861,19.742894032140914,470.04712206914587,86431.560440818314
ect.q256.schedule-switch-training-telemetry/v1,q256_fresh_crossed_switch_n12_matpool_numeric_recovery_v2,AB,A,B,793,q256_target_weight_v1,B,1.1000000000000001,1.1000000000000001,4793,4782,613504,613.504000,0,15.254397392272949,0,1885.1166702359424,1885.1166702359424,0,1885.1166702359424,0,0.17299483014772984,0,3962.4818222641161,0,3962.2931718038722,0,128,11b61b0ab39e7184e518de21b647a7e82a1faf0fe092f76691d99a8b17375dfe,64de3d436f8b2b8e36a7d5e32b8da134e4facecb4993f4dd41e82a2f37a3161e,bccf82e9bbc82a5d8932d099f88feb2cab4339223f30356da5802920150084e4,342223b4655dffd35df61cf59ab6e0d00c93e6566aca5f87c0296dc4ebd42fd7,342223b4655dffd35df61cf59ab6e0d00c93e6566aca5f87c0296dc4ebd42fd7,3abcc9edddedf61653597b8bb29971eb8d8ace17643b8c384534730e1c23f60c,3abcc9edddedf61653597b8bb29971eb8d8ace17643b8c384534730e1c23f60c,0,0,0,0,0,0,0,9.8142307251691818e-05,3.41912841796875,0.049620428471826017,9.8142307251691818e-05,3.41912841796875,0.049620428471826017,0,0,0.0001,64,64,0,6758.754101,1.877431695,19.742514537373477,429.09683908069582,86405.051835256207
ect.q256.schedule-switch-training-telemetry/v1,q256_fresh_crossed_switch_n12_matpool_numeric_recovery_v2,AB,A,B,794,q256_target_weight_v1,B,1.1000000000000001,1.1000000000000001,4794,4783,613632,613.632000,0,15.789227724075317,0,2417.2817729094099,2417.2817729094099,0,2417.2817729094099,0,0.17506855113949479,0,3962.4816289035966,0,3962.2932692954537,0,128,a18f19e37d73d23a22b23782b5e097aeaaa64ea7758917c45c5483c0e420dd63,6e726d79bbf56c5ef151ef0cd61cba68116f6fc839443738cf62077305b17451,1a0823446fd525597b9d5b122d058ae04ab2ae3b8634212550e4c3c54bdb8c42,3208e1cec594638a41cda0c68e597e86fb773d10813d08d5f42cbb6256151198,3208e1cec594638a41cda0c68e597e86fb773d10813d08d5f42cbb6256151198,d529c32959cbd7a29f027d85ec45ec8c889c5a5b204dc7b1976a5bf6af77cdf1,d529c32959cbd7a29f027d85ec45ec8c889c5a5b204dc7b1976a5bf6af77cdf1,0,0,0,0,0,0,0,9.5306895673274994e-05,0.33510589599609375,0.01393180520972237,9.5306895673274994e-05,0.33510589599609375,0.01393180520972237,0,0,0.0001,64,64,0,6760.283267,1.877856463,19.742361824946041,452.19760383017382,86466.0477728931
ect.q256.schedule-switch-training-telemetry/v1,q256_fresh_crossed_switch_n12_matpool_numeric_recovery_v2,AB,A,B,795,q256_target_weight_v1,B,1.1000000000000001,1.1000000000000001,4795,4784,613760,613.760000,0,15.128583073616028,0,2016.9692618282158,2016.9692618282158,0,2016.9692618282158,0,0.17330513681297424,0,3962.4813878452724,0,3962.2933665414921,0,128,870335b2ae45dc646045e0e509cb9e0cd3ae7f2ff6af669c5025b79125e5d4ae,ee244f73c9fbfd614b54a54e07aea6df43dea304b6fc77707b8552f84b425078,ed1569884f55821e2ea739120e698b835691fc93cac587e909da5d140b65a502,bcdae82968ca545fd028f51dafaf9c7a4d8762f5580bcf1df1f3f41514571040,bcdae82968ca545fd028f51dafaf9c7a4d8762f5580bcf1df1f3f41514571040,ba934e10e596b059567b1d9c7d43315becb7953dc7eeb69f54fb5d3a250e2959,ba934e10e596b059567b1d9c7d43315becb7953dc7eeb69f54fb5d3a250e2959,0,0,0,0,0,0,0,3.176485188305378e-05,0.2697601318359375,0.014147154230158776,3.176485188305378e-05,0.2697601318359375,0.014147154230158776,0,0,0.0001,64,64,0,6761.807096,1.878279749,19.742726636885131,502.52504273778806,86466.055102575949
ect.q256.schedule-switch-training-telemetry/v1,q256_fresh_crossed_switch_n12_matpool_numeric_recovery_v2,AB,A,B,796,q256_target_weight_v1,B,1.1000000000000001,1.1000000000000001,4796,4785,613888,613.888000,0,15.162813901901245,0,2130.9030659194468,2130.9030659194468,0,2130.9030659194468,0,0.17383894891544502,0,3962.4811312879206,0,3962.2934635150837,0,128,191bb98ebc362e5b3781aa5ba13226aefbabf57ff1fe0400014ebbdfd502d25a,b8cf65f3c58d1b91bd4d0faf96de00d8fce48725cb9865d752d89b1f43f59802,901ccfc65ee82462874bbeb52ac4180dccd3c5ddfaf36c89419bafa3c370c719,5e035d2ff5d16336a3c9f0216dd9cffe28cbfbce22e6494b243d988f2c711aaf,5e035d2ff5d16336a3c9f0216dd9cffe28cbfbce22e6494b243d988f2c711aaf,42c7fece5c36ddbbc2776decf86f4863f097a84a8b3ec0684c1f7feebf9a79fa,42c7fece5c36ddbbc2776decf86f4863f097a84a8b3ec0684c1f7feebf9a79fa,0,0,0,0,0,0,0,0.00011384813115000725,0.8182373046875,0.016146232723258436,0.00011384813115000725,0.8182373046875,0.016146232723258436,0,0,0.0001,64,64,0,6763.337236,1.878704788,19.743120700855435,576.399258597933,86472.66124180406
ect.q256.schedule-switch-training-telemetry/v1,q256_fresh_crossed_switch_n12_matpool_numeric_recovery_v2,AB,A,B,797,q256_target_weight_v1,B,1.1000000000000001,1.1000000000000001,4797,4786,614016,614.016000,0,17.134425401687622,0,1396.5193983835391,1396.5193983835391,0,1396.5193983835391,0,0.17115986312076645,0,3962.4808505836136,0,3962.2935602227981,0,128,844815df862e0248670818c698027f0886b17221215a254776c64410a6e1f085,5ebc4d4e7735b1dab5938b0652d52403144b7194d39d792fa08a34f4460133d4,675fd3e079c651a734dfe588b88ac327896c73ba85bb8837f311e866ef95164b,5cf4447ba8802521d0b666702c32601a42a5e7c2c517b5d70e12b747c141b785,5cf4447ba8802521d0b666702c32601a42a5e7c2c517b5d70e12b747c141b785,22d3e8ef8f3e09006ed9bfe0f30dafae2e1afab460763b0109528e3983b89d65,22d3e8ef8f3e09006ed9bfe0f30dafae2e1afab460763b0109528e3983b89d65,0,0,0,0,0,0,0,9.0889516286551952e-06,0.10481643676757812,0.010888159042224288,9.0889516286551952e-06,0.10481643676757812,0.010888159042224288,0,0,0.0001,64,64,0,6764.861279,1.879128133,19.743464908530015,522.83903098203518,86418.81346287379
ect.q256.schedule-switch-training-telemetry/v1,q256_fresh_crossed_switch_n12_matpool_numeric_recovery_v2,AB,A,B,798,q256_target_weight_v1,B,1.1000000000000001,1.1000000000000001,4798,4787,614144,614.144000,0,15.168054223060608,0,2228.4838068670365,2228.4838068670365,0,2228.4838068670365,0,0.16926061598719672,0,3962.4805197932378,0,3962.2936565793943,0,128,d124c4acdf27da8fe6214dc97fc04d2ee4caa139beb9d15aedd5d87b0b715b66,31be0d6a83eea339dbc398a3892157709cc8cf8e7405ae3fd4c4e45649c26b4d,27ef4a08bd596c51e0ee22627acf9477e362e5e2ea0c5c3f46697d52571d0196,9dcbc7140a1edc75980464f6e2792c57f899612541a38bac0ed94ada5478fb81,9dcbc7140a1edc75980464f6e2792c57f899612541a38bac0ed94ada5478fb81,9a1367f022320271fd870f36d0fe5195941f58a33eee64c55ec850ac53e87be1,9a1367f022320271fd870f36d0fe5195941f58a33eee64c55ec850ac53e87be1,0,0,0,0,0,0,0,0.00010187458246946335,0.529541015625,0.016300062881782651,0.00010187458246946335,0.529541015625,0.016300062881782651,0,0,0.0001,64,64,0,6766.386022,1.879551673,19.743533136993399,476.84630915419291,86475.0471948739
ect.q256.schedule-switch-training-telemetry/v1,q256_fresh_crossed_switch_n12_matpool_numeric_recovery_v2,AB,A,B,799,q256_target_weight_v1,B,1.1000000000000001,1.1000000000000001,4799,4788,614272,614.272000,0,16.881197690963745,0,2713.7495497813766,2713.7495497813766,0,2713.7495497813766,0,0.169661130706974,0,3962.4801315883033,0,3962.2937526336896,0,128,f19c7441c6f3bcd9f4bc53176c47a00f876df949c1bf1bc4570131419dfbc843,4a9139f5bf33b0142cfba078f0615e2d1fe9c54b3794c323cc83fe267c94e498,3f4547a7e9904cd634fb74cc6720c086c5539799da0b6da5423baa7f7d3c7321,5856ed0d2ef0550847d7bfd2649e7e31c36cdaa0848a999ff44559b3f8cb4095,5856ed0d2ef0550847d7bfd2649e7e31c36cdaa0848a999ff44559b3f8cb4095,49d857f372a0686989f7054f484103394ecba0718eb0f50cec587ae90af76495,49d857f372a0686989f7054f484103394ecba0718eb0f50cec587ae90af76495,0,0,0,0,0,0,0,4.3517211452126503e-05,0.24706649780273438,0.01291643112199381,4.3517211452126503e-05,0.24706649780273438,0.01291643112199381,0,0,0.0001,64,64,0,6767.908801,1.879974667,19.743555907939324,487.34963420091754,86595.190908744844
ect.q256.schedule-switch-training-telemetry/v1,q256_fresh_crossed_switch_n12_matpool_numeric_recovery_v2,AB,A,B,800,q256_target_weight_v1,B,1.1000000000000001,1.1000000000000001,4800,4789,614400,614.400000,0,15.6896151304245,0,2467.8931364048626,2467.8931364048626,0,2467.8931364048626,0,0.16959376697409864,0,3962.4797331644268,0,3962.293848401634,0,128,57ca85889c82326ca7967d8fc0fcd89b9582d52631b625e86b640b483ad395fe,07597e2be032aed1e4f66dc0b9b7c8e15c0477e613b7197d80939908f8e749e2,c03a892ff6d30bc1a7f9540a6edf4d9ef3a7720ced1d881ea41d2fd2dcd1a61d,a27e96e213e959e6bc0bb65bb84ea9c35991d1da5e7b11fc93372ad44b9e2931,a27e96e213e959e6bc0bb65bb84ea9c35991d1da5e7b11fc93372ad44b9e2931,e429d84b6d93b26a213636f14cf823edbb5c7636ec6541e57714bf306f02f9bd,e429d84b6d93b26a213636f14cf823edbb5c7636ec6541e57714bf306f02f9bd,0,0,0,0,0,0,0,2.0671635866165161e-05,0.1889495849609375,0.011742926668375731,2.0671635866165161e-05,0.1889495849609375,0.011742926668375731,0,0,0.0001,64,64,0,6769.431444,1.880397623,19.7432181713985,491.08847674697387,86657.568618189136
ect.q256.schedule-switch-training-telemetry/v1,q256_fresh_crossed_switch_n12_matpool_numeric_recovery_v2,AB,A,B,801,q256_target_weight_v1,B,1.1000000000000001,1.1000000000000001,4801,4790,614528,614.528000,0,17.531283020973206,0,1387.0046979057465,1387.0046979057465,0,1387.0046979057465,0,0.16379967993866018,0,3962.479447802843,0,3962.2939438896551,0,128,109a1651c711caa23e548936892d00c2beb08ec22bdead71dfafcdb6f6645789,039877affcc750f0fcc0fdc53b5e0906754c6b5cf34e3b5c8a35e2def66721ed,87b9c7c59939d48d4c603984006c92e39159977941aee6e6b4f2dc09779f7548,1a8b46de197081896bb2d1a5e9aa3fe189a53ca51abcf33a8addbab83a06d055,1a8b46de197081896bb2d1a5e9aa3fe189a53ca51abcf33a8addbab83a06d055,81200c0ed860b15c4340c2f35615e335bef49608e5354d951875ca2df6c24919,81200c0ed860b15c4340c2f35615e335bef49608e5354d951875ca2df6c24919,0,0,0,0,0,0,0,1.8584949430078268e-05,0.17073822021484375,0.010608074371702969,1.8584949430078268e-05,0.17073822021484375,0.010608074371702969,0,0,0.0001,64,64,0,6770.957636,1.880821566,19.743110526821283,447.87480386346658,86605.096969052989
ect.q256.schedule-switch-training-telemetry/v1,q256_fresh_crossed_switch_n12_matpool_numeric_recovery_v2,AB,A,B,802,q256_target_weight_v1,B,1.1000000000000001,1.1000000000000001,4802,4791,614656,614.656000,0,17.743843197822571,0,2815.8108217030658,2815.8108217030658,0,2815.8108217030658,0,0.16292962375519607,0,3962.4793056702597,0,3962.2940391948537,0,128,bcbeefde9c7f0bc0fc95013ded86fe81358a038c2741e76d439c99ac796fa136,f8b6f952d3ac0763afa92f9dd888884ac5626a90de4fa590bd9a324906e8158c,67205f8be82470eb0689913c0d23397a9956bf6d3a52ac267cd6d88d3017ea49,2a047456d2a254675251c01669c7a4e527b588beb229261bef1371fe7d9aa777,2a047456d2a254675251c01669c7a4e527b588beb229261bef1371fe7d9aa777,40711e71a0f76375e2b91f4d1ce2edfcbe948452dd8a6d25ff9e276ca8913488,40711e71a0f76375e2b91f4d1ce2edfcbe948452dd8a6d25ff9e276ca8913488,0,0,0,0,0,0,0,7.1105780079960823e-05,0.13059234619140625,0.011065706436056644,7.1105780079960823e-05,0.13059234619140625,0.011065706436056644,0,0,0.0001,64,64,0,6772.482310,1.881245086,19.743566806438427,377.39477760921125,86748.172985937039
ect.q256.schedule-switch-training-telemetry/v1,q256_fresh_crossed_switch_n12_matpool_numeric_recovery_v2,AB,A,B,803,q256_target_weight_v1,B,1.1000000000000001,1.1000000000000001,4803,4792,614784,614.784000,0,17.38206160068512,0,1603.8772767783603,1603.8772767783603,0,1603.8772767783603,0,0.16508956867715183,0,3962.4792013217843,0,3962.2941344002943,0,128,045e346f81626c364818c3e5de99e49f251edb5a3339f74638e5ede84bc036ae,716949a484a454cceb26b22e5cf39724c80c720f513d1b04d70dc40f58411767,7dd21119f1e238706edfc74325e570e5f14b54cb5fc7d003a772c6fc6b1058d5,bf9f453997e6edf5d34a427f604193293572d09f285e624dea4421cdc85b8bf0,bf9f453997e6edf5d34a427f604193293572d09f285e624dea4421cdc85b8bf0,37979425d6a8d23cdb62821b1d72551b7f7bcf1880516461eb09fc1ed9e22b36,37979425d6a8d23cdb62821b1d72551b7f7bcf1880516461eb09fc1ed9e22b36,0,0,0,0,0,0,0,1.2613774742931128e-05,0.090427398681640625,0.01031641336157918,1.2613774742931128e-05,0.090427398681640625,0.01031641336157918,0,0,0.0001,64,64,0,6774.237699,1.881732694,19.744370411521089,393.9169977337005,86688.82636284396
ect.q256.schedule-switch-training-telemetry/v1,q256_fresh_crossed_switch_n12_matpool_numeric_recovery_v2,AB,A,B,804,q256_target_weight_v1,B,1.1000000000000001,1.1000000000000001,4804,4793,614912,614.912000,0,15.95918607711792,0,1832.0882995030099,1832.0882995030099,0,1832.0882995030099,0,0.16768437586563198,0,3962.4792282894759,0,3962.2942295399116,0,128,4913073a1b03608d9bdac5db206fe3ed6dd469e5b396a77dae6c657254bbef2d,6f49d92600d4baea4bc6b9e3166f7761febf5bc57c0ef9713ba72121651b1a5b,18d2292299106d87b9c555adecfcfb2f95e593986eee5bd91a1d4a35b17e531b,47efde52dc6f2bba38120d015e85c5347e6e2750aa0c8d80cf0dcb059abfe166,47efde52dc6f2bba38120d015e85c5347e6e2750aa0c8d80cf0dcb059abfe166,4c9627509010fe90205ed132d2617e5e91c1c8947ccf9ba49311904b48c3b4df,4c9627509010fe90205ed132d2617e5e91c1c8947ccf9ba49311904b48c3b4df,0,0,0,0,0,0,0,5.1635550335049629e-05,0.32196044921875,0.014706468326039612,5.1635550335049629e-05,0.32196044921875,0.014706468326039612,0,0,0.0001,64,64,0,6776.176628,1.882271286,19.745019283929469,429.14454100175186,86672.661264412556
ect.q256.schedule-switch-training-telemetry/v1,q256_fresh_crossed_switch_n12_matpool_numeric_recovery_v2,AB,A,B,805,q256_target_weight_v1,B,1.1000000000000001,1.1000000000000001,4805,4794,615040,615.040000,0,16.443663239479065,0,1819.5691925067233,1819.5691925067233,0,1819.5691925067233,0,0.16625941138149636,0,3962.479341199899,0,3962.2943247027397,0,128,84700845c5830d8c55fdf5bb51899342d498d6ec5c3f94e2dd4e9e47cea45f47,be30b3215f0583b1ad90c72c02ce4b5011850092489c78d19bebc863700668a3,1f4872cab7580b5f9d6c79dcf84f85c4b03ef6c291f176e9d98fe349ba620e86,1af03c18f661e1c651c2275fd72fe9113f4f3b53c137f0eabbee90ddaca0f124,1af03c18f661e1c651c2275fd72fe9113f4f3b53c137f0eabbee90ddaca0f124,09fa040d5171c653d5ba37e5880553e1747079da3f813ac2a25ad0b420ab8015,09fa040d5171c653d5ba37e5880553e1747079da3f813ac2a25ad0b420ab8015,0,0,0,0,0,0,0,3.7091318517923355e-05,0.31589508056640625,0.017667858686763793,3.7091318517923355e-05,0.31589508056640625,0.017667858686763793,0,0,0.0001,64,64,0,6778.125215,1.882812560,19.745524208111512,420.10443893338112,86640.503419474451
ect.q256.schedule-switch-training-telemetry/v1,q256_fresh_crossed_switch_n12_matpool_numeric_recovery_v2,AB,A,B,806,q256_target_weight_v1,B,1.1000000000000001,1.1000000000000001,4806,4795,615168,615.168000,0,15.791994571685791,0,2189.7380570162186,2189.7380570162186,0,2189.7380570162186,0,0.16239467037869179,0,3962.4795875466543,0,3962.2944199744443,0,128,c2e8c8cd1d04dff169e65d14c8b744fe0956c25144aa9303747a40ef722804ff,d6753f47be5c4ca42ca1ecf6b09168ee2eaf18c220a75de5fe1d61440806b26e,39588ceb87ccef8d3f1c942c86cb8fad6f81578220fc160e596e5aa481c0e439,f6b70780124ccfc6d390a666d0b2290861270c1b4adde5548e71c25e122dc316,f6b70780124ccfc6d390a666d0b2290861270c1b4adde5548e71c25e122dc316,f9aec06473a07459ff7dd2492dcabd2eab90b1e3f34167142fb41bef8324e906,f9aec06473a07459ff7dd2492dcabd2eab90b1e3f34167142fb41bef8324e906,0,0,0,0,0,0,0,2.7867383323609829e-05,1.762451171875,0.024328318424522877,2.7867383323609829e-05,1.762451171875,0.024328318424522877,0,0,0.0001,64,64,0,6780.065538,1.883351538,19.746453084319693,448.79361543594302,86668.115789603486
ect.q256.schedule-switch-training-telemetry/v1,q256_fresh_crossed_switch_n12_matpool_numeric_recovery_v2,AB,A,B,807,q256_target_weight_v1,B,1.1000000000000001,1.1000000000000001,4807,4796,615296,615.296000,0,16.457280039787292,0,1339.5348790059327,1339.5348790059327,0,1339.5348790059327,0,0.16023388986324535,0,3962.4798851091377,0,3962.2945154167505,0,128,dcb41c27766fd35b15116a82ffd5797d836e2240784c9263421c1e307c810544,d7c75e7da1075010184326bab1f00f9bacf88081519e5cceb69fa478541a901b,87e6630321616f9b201a79d6dc9fa8ca21561fa0d467403d83c1f5c4c07af167,cb07ba5008a27eb2898bbccd8646fc143e814a33ee4d44ec274bbb983e3dd1da,cb07ba5008a27eb2898bbccd8646fc143e814a33ee4d44ec274bbb983e3dd1da,f8033aa7a05c034a53c61b4fd8a095a6a80ee7dfa60eec0cc67cca108f8162b6,f8033aa7a05c034a53c61b4fd8a095a6a80ee7dfa60eec0cc67cca108f8162b6,0,0,0,0,0,0,0,0.00013375421985983849,0.35549163818359375,0.011534223333001137,0.00013375421985983849,0.35549163818359375,0.011534223333001137,0,0,0.0001,64,64,0,6782.000399,1.883889000,19.747404177955126,417.85703437620339,86602.003935985224
ect.q256.schedule-switch-training-telemetry/v1,q256_fresh_crossed_switch_n12_matpool_numeric_recovery_v2,AB,A,B,808,q256_target_weight_v1,B,1.1000000000000001,1.1000000000000001,4808,4797,615424,615.424000,0,16.873339414596558,0,1821.868425583014,1821.868425583014,0,1821.868425583014,0,0.16424418984244765,0,3962.480251274189,0,3962.2946109988807,0,128,82097fde573f6319897d4375a1aeac0ce0ddb07f1f5994b172c9cbab9c1c6694,e3e88f14d3bdf716e5e994a3f2e391d8f01b42287752054697b069110f8ff80c,e5218f45ad296262b0e12bfbaa3364a9c9bd7c431acd2e97fe51fd7056e2c63e,69a1871cee188374c2715a88e603f79e06f1479bf12a5a2cee488be63b3281b9,69a1871cee188374c2715a88e603f79e06f1479bf12a5a2cee488be63b3281b9,bf3e5966a359271f19fee222b43dc31c12b6353492073fc3cc9134d959568189,bf3e5966a359271f19fee222b43dc31c12b6353492073fc3cc9134d959568189,0,0,0,0,0,0,0,1.9479251932352781e-05,0.22700881958007812,0.012517866038251668,1.9479251932352781e-05,0.22700881958007812,0.012517866038251668,0,0,0.0001,64,64,0,6783.934734,1.884426315,19.748336746041616,405.90028835398607,86562.943473678839
ect.q256.schedule-switch-training-telemetry/v1,q256_fresh_crossed_switch_n12_matpool_numeric_recovery_v2,AB,A,B,809,q256_target_weight_v1,B,1.1000000000000001,1.1000000000000001,4809,4798,615552,615.552000,0,15.518614530563354,0,2092.0342059772711,2092.0342059772711,0,2092.0342059772711,0,0.16742532960548767,0,3962.4805825616681,0,3962.2947067825835,0,128,bb07525f8ea7b658edfbf7593bd74c76dad7ebc37e9ba74155673654a1bd64ff,d272beeebcfe867b132271d0c22648707d731c19ad365dcda3c1ee46b4301fc6,30994eed5120a5652ddd1a63503ff59d054d8086b140fef8438e6ebb3f47161f,c614c26baff2b46fd12cd9472e6cff88c5ae3f321f08bd6d57e7533184c26e9e,c614c26baff2b46fd12cd9472e6cff88c5ae3f321f08bd6d57e7533184c26e9e,fb2a3ccfc46f6893573cf4141100f29606801d20aa0b549e2a2cfef25b576559,fb2a3ccfc46f6893573cf4141100f29606801d20aa0b549e2a2cfef25b576559,0,0,0,0,0,0,0,6.6498294472694397e-05,0.2246551513671875,0.013278115482535213,6.6498294472694397e-05,0.2246551513671875,0.013278115482535213,0,0,0.0001,64,64,0,6785.868516,1.884963477,19.749447318566297,446.1690796311002,86557.699130478533
ect.q256.schedule-switch-training-telemetry/v1,q256_fresh_crossed_switch_n12_matpool_numeric_recovery_v2,AB,A,B,810,q256_target_weight_v1,B,1.1000000000000001,1.1000000000000001,4810,4799,615680,615.680000,0,13.916389107704163,0,1544.7149956617407,1544.7149956617407,0,1544.7149956617407,0,0.17079883350905986,0,3962.4808568215067,0,3962.2948026355512,0,128,be34817a9ce07173aa28a35d3cffeaa6be959ad6514e68a8c34913f5c57aa1fc,c957badaceeb28572fa2633fb8a695d1fd944193a09909c9e3f660ae4c80af40,71204db6eb4ff5770813ddfd61675e80e120077d6d75237b8647ace515a1c814,4551ae601dfe6efae1e9e8b53359351003ce2ef4f47d7b7c2ecc7e3eaac9a33c,4551ae601dfe6efae1e9e8b53359351003ce2ef4f47d7b7c2ecc7e3eaac9a33c,b38eb26b38e9d950d6e47a023d414c0b8dd7f2893ae4a1ecb08f8aeccfe20b40,b38eb26b38e9d950d6e47a023d414c0b8dd7f2893ae4a1ecb08f8aeccfe20b40,0,0,0,0,0,0,0,0.00015142280608415604,0.2313690185546875,0.0140901287086308,0.00015142280608415604,0.2313690185546875,0.0140901287086308,0,0,0.0001,64,64,0,6787.803115,1.885500865,19.75052776750876,442.76329439784354,86499.431353555061
ect.q256.schedule-switch-training-telemetry/v1,q256_fresh_crossed_switch_n12_matpool_numeric_recovery_v2,AB,A,B,811,q256_target_weight_v1,B,1.1000000000000001,1.1000000000000001,4811,4800,615808,615.808000,0,17.393286108970642,0,1385.7775680204952,1385.7775680204952,0,1385.7775680204952,0,0.16777916212087629,0,3962.4811100001957,0,3962.294898581154,0,128,ac6507e68d38dfb88e0ac02d44568bcc23a81b08269cff77bd4bacf1d6e101b7,4e65e04ab15bfe180f9ab1cb4be79fc1a68b27d57415c2664750b2f2125e8b6c,8bec3774e86ba07d493becc5d53518fcc0fd0a30e82296c2833644a421cf3fb3,eb05d58d1be6d00aca767f211613cba43bdc6b3e8b2fbc0d314c0343a741619f,eb05d58d1be6d00aca767f211613cba43bdc6b3e8b2fbc0d314c0343a741619f,2676f2dcea2c738433053ca3e58b212b1ca735653706013af3fa2c3799be5f79,2676f2dcea2c738433053ca3e58b212b1ca735653706013af3fa2c3799be5f79,0,0,0,0,0,0,0,2.5256769731640816e-05,0.22425079345703125,0.011073243455030024,2.5256769731640816e-05,0.22425079345703125,0.011073243455030024,0,0,0.0001,64,64,0,6789.798533,1.886055148,19.751711124635385,402.22615074467615,86438.212238816704
ect.q256.schedule-switch-training-telemetry/v1,q256_fresh_crossed_switch_n12_matpool_numeric_recovery_v2,AB,A,B,812,q256_target_weight_v1,B,1.1000000000000001,1.1000000000000001,4812,4801,615936,615.936000,0,15.47810435295105,0,2295.8101692614359,2295.8101692614359,0,2295.8101692614359,0,0.1711067423028024,0,3962.4813698387657,0,3962.2949946955014,0,128,02fa030986a8fdb413dddb4e41e8d654115dd4cfcd008f01161b6f966fcf2fcd,df8f7277b9304e6606e7d66a1ecee82d38653e42a895c63162a069ee26a6460c,f201808297413c326a5d279f0c543b742c88af151556a966ff6bfcfb08b627cf,3bf157c734e0e06ea45007741f2010975e967d12dfa74c3f18c6131618069ac5,3bf157c734e0e06ea45007741f2010975e967d12dfa74c3f18c6131618069ac5,fe57a3f0e71a59a527ceec19a4aef8d7ac4f2e3d5a725d20c4ff24536effd494,fe57a3f0e71a59a527ceec19a4aef8d7ac4f2e3d5a725d20c4ff24536effd494,0,0,0,0,0,0,0,9.4293209258466959e-06,0.17255401611328125,0.013309168629348278,9.4293209258466959e-06,0.17255401611328125,0.013309168629348278,0,0,0.0001,64,64,0,6791.750623,1.886597395,19.752688628624004,398.34534503420275,86461.896252771417
ect.q256.schedule-switch-training-telemetry/v1,q256_fresh_crossed_switch_n12_matpool_numeric_recovery_v2,AB,A,B,813,q256_target_weight_v1,B,1.1000000000000001,1.1000000000000001,4813,4802,616064,616.064000,0,17.427560448646545,0,2471.2974327837096,2471.2974327837096,0,2471.2974327837096,0,0.1744053295327061,0,3962.4815918710988,0,3962.2950909181509,0,128,743d3349a108df0c891682c647ede83327d42487ae247839523ec904e8944f8e,ee5117083119461003a81b2f5beba2abe1218f6a06e8b55bc10eb829aee55fbe,dfedd314b9c7c61b8e6e5438aa0ed2221cea9ab8af1c2373c5f700ce533e7d5d,fb63ad5dee7a85522d5c45cb83287f10b626a3e3e4a66bd8427c7959f4b73dd3,fb63ad5dee7a85522d5c45cb83287f10b626a3e3e4a66bd8427c7959f4b73dd3,9ec45124d2bfee92aced8837be198c40f5808e0a301e169070a5ebfd62539664,9ec45124d2bfee92aced8837be198c40f5808e0a301e169070a5ebfd62539664,0,0,0,0,0,0,0,4.3723965063691139e-05,0.960723876953125,0.018398426822386682,4.3723965063691139e-05,0.960723876953125,0.018398426822386682,0,0,0.0001,64,64,0,6793.691288,1.887136469,19.75407400925414,441.73756663622243,86515.581851435622
ect.q256.schedule-switch-training-telemetry/v1,q256_fresh_crossed_switch_n12_matpool_numeric_recovery_v2,AB,A,B,814,q256_target_weight_v1,B,1.1000000000000001,1.1000000000000001,4814,4803,616192,616.192000,0,14.223679542541504,0,3143.4690704235522,3143.4690704235522,0,3143.4690704235522,0,0.17696753104857185,0,3962.481806374431,0,3962.2951872328586,0,128,19144193cf02e8cb36a23c021b63c52cde769bd2ea4bfcd695c6fd0aac9e5dbe,c7cf9759d500b9f4b6ebf29fb2cc1cefb5126be32f43c2e3524cceb394916ad8,1cbdf7d210f0fa8ace1b1f93c5784eb1a1a1b72f1a0e1e753f23d7c6add703a4,82f74edfe0b10c1c62dbfe5e4103485380cbf16c9904c05c3909eda746bd592f,82f74edfe0b10c1c62dbfe5e4103485380cbf16c9904c05c3909eda746bd592f,562e3b79a2f3c06ba6eb40dce5587b0d9994cd2b816999b4c216e9a8271bf960,562e3b79a2f3c06ba6eb40dce5587b0d9994cd2b816999b4c216e9a8271bf960,0,0,0,0,0,0,0,5.3195515647530556e-05,0.17552566528320312,0.01306168211158365,5.3195515647530556e-05,0.17552566528320312,0.01306168211158365,0,0,0.0001,64,64,0,6795.624272,1.887673409,19.755641394617861,577.27126216312206,86722.412564640545
ect.q256.schedule-switch-training-telemetry/v1,q256_fresh_crossed_switch_n12_matpool_numeric_recovery_v2,AB,A,B,815,q256_target_weight_v1,B,1.1000000000000001,1.1000000000000001,4815,4804,616320,616.320000,0,16.963773131370544,0,2089.9849345755106,2089.9849345755106,0,2089.9849345755106,0,0.17956618261684218,0,3962.4820160316908,0,3962.2952835468354,0,128,d1ed7cf1da3be58ef98e2fe6ba03973670004fe87dcfe75733741c3dbb959770,610573e5848a0367080da5c1c52275c1fcde49a7dc5dc3df64093f197c507ce6,4283c5c99a07d3652460fe7ae1056d6fb8a41504d4d7f2d556c0111d6e962c41,16ea56f604310616c09d6c52dd791e92a945d2c09fc56ec83192c71de455fd5a,16ea56f604310616c09d6c52dd791e92a945d2c09fc56ec83192c71de455fd5a,cba603becc59fbb7744c80ffb4012a7b545ed0954a5ec343dded8f3d8745902f,cba603becc59fbb7744c80ffb4012a7b545ed0954a5ec343dded8f3d8745902f,0,0,0,0,0,0,0,5.5829295888543129e-06,2.4542236328125,0.03213538764975965,5.5829295888543129e-06,2.4542236328125,0.03213538764975965,0,0,0.0001,64,64,0,6797.559036,1.888210843,19.757669065592541,638.96393416131764,86719.054305750455
ect.q256.schedule-switch-training-telemetry/v1,q256_fresh_crossed_switch_n12_matpool_numeric_recovery_v2,AB,A,B,816,q256_target_weight_v1,B,1.1000000000000001,1.1000000000000001,4816,4805,616448,616.448000,0,15.755181789398193,0,1933.4707470755579,1933.4707470755579,0,1933.4707470755579,0,0.17937426745852134,0,3962.4823059663686,0,3962.2953800293817,0,128,a9cddf77c6432d3828d5dad31f603f7abf3381c2c5ac67da504948787619843c,3bacc6cb0b4bb650600c5188e39063763066a1b3d5c49e6aef5b92ee894b1773,9bb42229e46a76d5d41aa445db14255f7ea4f2e15e01cd75e3755d5b8ab122af,78542c9287a529148ea13ee1ab422300f78b3eec68b8796ecc8a639ac16e2086,78542c9287a529148ea13ee1ab422300f78b3eec68b8796ecc8a639ac16e2086,f795be13ab9d54442a10e82ae2b89098eaa7b222d4325b25e239366894d7c744,f795be13ab9d54442a10e82ae2b89098eaa7b222d4325b25e239366894d7c744,0,0,0,0,0,0,0,6.5420055761933327e-05,0.24655914306640625,0.011748951917979866,6.5420055761933327e-05,0.24655914306640625,0.011748951917979866,0,0,0.0001,64,64,0,6799.507010,1.888751947,19.759906590506969,699.36923552068686,86712.783252929599
ect.q256.schedule-switch-training-telemetry/v1,q256_fresh_crossed_switch_n12_matpool_numeric_recovery_v2,AB,A,B,817,q256_target_weight_v1,B,1.1000000000000001,1.1000000000000001,4817,4806,616576,616.576000,0,17.422646045684814,0,2342.6209264906947,2342.6209264906947,0,2342.6209264906947,0,0.18971338159480239,0,3962.4826778950519,0,3962.2954766974603,0,128,70817bef42bf7c5cf77f6298268a15e6895c0956a8388cc00ed891d47cacc310,cd6f18e9449d94eecc95c062a09d8546716f421744d2ba07a4a53853f4909d73,744275743238f8f116cf1f2fda50125ca2bcf55b6acec8fe7ccc1176c5bc30d7,e6e6cf4a16cd9330bb4b3778bd56d65557a2f0e9937791a76a344a9e64604ff3,e6e6cf4a16cd9330bb4b3778bd56d65557a2f0e9937791a76a344a9e64604ff3,63201217f54df2066e606eb1a9eebc7d3bd6702169e45f4c4928e40bb06a5e55,63201217f54df2066e606eb1a9eebc7d3bd6702169e45f4c4928e40bb06a5e55,0,0,0,0,0,0,0,8.6314976215362549e-05,3.06005859375,0.03520715405466035,8.6314976215362549e-05,3.06005859375,0.03520715405466035,0,0,0.0001,64,64,0,6801.461197,1.889294777,19.763408676696095,600.78396047013985,86721.183392433231
ect.q256.schedule-switch-training-telemetry/v1,q256_fresh_crossed_switch_n12_matpool_numeric_recovery_v2,AB,A,B,818,q256_target_weight_v1,B,1.1000000000000001,1.1000000000000001,4818,4807,616704,616.704000,0,16.465815901756287,0,1982.6802701855734,1982.6802701855734,0,1982.6802701855734,0,0.19102758888854782,0,3962.4831133396915,0,3962.2955735630867,0,128,5147a7ad6e407ff0db07971a3cd8a4b378b32f99861b185076ece08d26ee44d7,4fa684f4f4931e9c9042366843d4a228c42996d0c2fa6c476f83b4cf1fbd7260,cd0f6281733baad33d3c6ff6ce6d1886e60855a267a434f6552d9fc052344acd,cda534f7727c55656c73ae931415254c780f5f6eb0f01039dea340ff54084ce7,cda534f7727c55656c73ae931415254c780f5f6eb0f01039dea340ff54084ce7,e45944deda9e4e085d6ce86898db1c3d549837db243e4bf7fe725fe4efef7f6f,e45944deda9e4e085d6ce86898db1c3d549837db243e4bf7fe725fe4efef7f6f,0,0,0,0,0,0,0,8.9784152805805206e-05,0.18944168090820312,0.011135188746266067,8.9784152805805206e-05,0.18944168090820312,0.011135188746266067,0,0,0.0001,64,64,0,6803.420015,1.889838893,19.768075453048105,494.15871295358164,86744.071520896541
ect.q256.schedule-switch-training-telemetry/v1,q256_fresh_crossed_switch_n12_matpool_numeric_recovery_v2,AB,A,B,819,q256_target_weight_v1,B,1.1000000000000001,1.1000000000000001,4819,4808,616832,616.832000,0,15.810696363449097,0,1841.9359694470725,1841.9359694470725,0,1841.9359694470725,0,0.20726096101251784,0,3962.4836531955389,0,3962.2956707130938,0,128,05ae85395b230abdaefbafffd0d0ef56b5024392f2e98af4f42372595aa64741,204631d8dd1169ca4f7a38fbd93f7e05140fc26654a295d86cf37986cb54ff37,81661a5ab7bdc507cf927ff7a5cdd38f45202a61cab8fc80667dbeda01df8f39,f3734bca1b5c502445e8c096f19e938a861107e4d3eb46b43678bcb98fa68bb1,f3734bca1b5c502445e8c096f19e938a861107e4d3eb46b43678bcb98fa68bb1,58980f82cad65798ed9e0941cef281802460b79208165dd59175267ef618c1c7,58980f82cad65798ed9e0941cef281802460b79208165dd59175267ef618c1c7,0,0,0,0,0,0,0,3.0777300707995892e-05,0.31453704833984375,0.015521001478191465,3.0777300707995892e-05,0.31453704833984375,0.015521001478191465,0,0,0.0001,64,64,0,6805.359099,1.890377527,19.774094314110815,484.66432777810718,86735.662840375517
ect.q256.schedule-switch-training-telemetry/v1,q256_fresh_crossed_switch_n12_matpool_numeric_recovery_v2,AB,A,B,820,q256_target_weight_v1,B,1.1000000000000001,1.1000000000000001,4820,4809,616960,616.960000,0,15.567095279693604,0,3044.6129571185461,3044.6129571185461,0,3044.6129571185461,0,0.23386887308791593,0,3962.4841664601863,0,3962.2957681279577,0,128,8d77caf91c06262c21f73efc8461792f09fd1d9e1344d543cac5200c6f1840d6,b288207adf76ad2bc6418146920705db6815bb2ac4f799ca4fe6c39f0e46124f,11a087239a76229021d76d8082f3b6dbe4bce82d0bd12940b043f20ca3afb97a,47ee59bb3cc2c54fc16af71d80b510db265e736363b1333919167c7ba117820e,47ee59bb3cc2c54fc16af71d80b510db265e736363b1333919167c7ba117820e,99de625027ea1e1fec939e6ae34dc5d0a7ceabaf147fc19bd41b3f2412adbcf1,99de625027ea1e1fec939e6ae34dc5d0a7ceabaf147fc19bd41b3f2412adbcf1,0,0,0,0,0,0,0,0.00016157794743776321,0.23538970947265625,0.015284893452189863,0.00016157794743776321,0.23538970947265625,0.015284893452189863,0,0,0.0001,64,64,0,6807.294643,1.890915179,19.782665698476759,537.83970465410073,86904.702684164236
ect.q256.schedule-switch-training-telemetry/v1,q256_fresh_crossed_switch_n12_matpool_numeric_recovery_v2,AB,A,B,821,q256_target_weight_v1,B,1.1000000000000001,1.1000000000000001,4821,4810,617088,617.088000,0,15.084107160568237,0,2346.6105665359182,2346.6105665359182,0,2346.6105665359182,0,0.2429352871503121,0,3962.4846867514198,0,3962.2958658151488,0,128,8d2f3c08994a0099ea02e6dfa8581911d789a3f7ac4f6fdb070be89e0c900a43,6087a768b5bdec86975a084af3cd222a2ec02fbeb7e6e6d746c68befde442398,3e6c47fa1f279e6847502ca3b67e7484738978f1636404a23202668002b81ead,b0428561287c527a6eee44e2fac5cd39d58ae89f97b78405ab3520d94b3e052c,b0428561287c527a6eee44e2fac5cd39d58ae89f97b78405ab3520d94b3e052c,9b9d464f0735918581e3546ccb3dbaec2f1ba422b08812670eefc6ad7a7abab0,9b9d464f0735918581e3546ccb3dbaec2f1ba422b08812670eefc6ad7a7abab0,0,0,0,0,0,0,0,3.0188239179551601e-05,0.10753440856933594,0.01103732199408114,3.0188239179551601e-05,0.10753440856933594,0.01103732199408114,0,0,0.0001,64,64,0,6809.244599,1.891456833,19.793185549842391,623.61089697002717,86965.335821021377
ect.q256.schedule-switch-training-telemetry/v1,q256_fresh_crossed_switch_n12_matpool_numeric_recovery_v2,AB,A,B,822,q256_target_weight_v1,B,1.1000000000000001,1.1000000000000001,4822,4811,617216,617.216000,0,15.558329105377197,0,2579.6506661196004,2579.6506661196004,0,2579.6506661196004,0,0.25794501598978675,0,3962.4851494613749,0,3962.2959636801338,0,128,c48c91b1de82da8569668b4f0ccf4f0caaec9c3a223bb8164600e8f5209e4faa,71c20fce14d30c6dad8a844fb7b25326603fe4d4a377a8acef5f1bed656cae70,d00d3e1c82ac3c58418274c825881431b683cc0a93f0ec903c782c60d1b5ae1c,5c17a02357fcb1a57714e44f0eb9cd5790cfc49b5b433b8cd7336db9fd537699,5c17a02357fcb1a57714e44f0eb9cd5790cfc49b5b433b8cd7336db9fd537699,ad63fa0d4a3e684e6a74087e331161810dcda4bd4567f0abcd03e96637f96c5a,ad63fa0d4a3e684e6a74087e331161810dcda4bd4567f0abcd03e96637f96c5a,0,0,0,0,0,0,0,8.0095138400793076e-05,0.5794677734375,0.016842443263158202,8.0095138400793076e-05,0.5794677734375,0.016842443263158202,0,0,0.0001,64,64,0,6811.182222,1.891995062,19.805890876757402,718.25096862230453,87013.500136015136
ect.q256.schedule-switch-training-telemetry/v1,q256_fresh_crossed_switch_n12_matpool_numeric_recovery_v2,AB,A,B,823,q256_target_weight_v1,B,1.1000000000000001,1.1000000000000001,4823,4812,617344,617.344000,0,15.627372026443481,0,2507.3515763392934,2507.3515763392934,0,2507.3515763392934,0,0.29622297221323274,0,3962.4854742669668,0,3962.2960616038486,0,128,e5c99ad062fcd18756209b917bee1597361a49e356e9579f69062cf2cc3b7cef,ce75c2fc55f9d145a0b759597cd652a56a1b365fe772569667d1237c9df66ec3,00c4797b94248ef4092a5afcdcf078c721311e1d5ab3fc4cfd4e461dcd609398,a95b64ee2bb09c1fd3e2a20df28f3750a46c37a398be743d6e0c3f98afab083c,a95b64ee2bb09c1fd3e2a20df28f3750a46c37a398be743d6e0c3f98afab083c,1a7fc83258425610c817c2c7ba37f42474eb3e4db7ea02c050815cb8102d6aa8,1a7fc83258425610c817c2c7ba37f42474eb3e4db7ea02c050815cb8102d6aa8,0,0,0,0,0,0,0,1.5679164789617062e-05,0.386322021484375,0.016206660657189786,1.5679164789617062e-05,0.386322021484375,0.016206660657189786,0,0,0.0001,64,64,0,6813.117837,1.892532733,19.823243649400101,723.63337604690855,87011.971284694664
ect.q256.schedule-switch-training-telemetry/v1,q256_fresh_crossed_switch_n12_matpool_numeric_recovery_v2,AB,A,B,824,q256_target_weight_v1,B,1.1000000000000001,1.1000000000000001,4824,4813,617472,617.472000,0,16.621442437171936,0,2250.9366391918184,2250.9366391918184,0,2250.9366391918184,0,0.32592892032112059,0,3962.4855996988081,0,3962.2961594204953,0,128,a02f53f02cd873adf950b8d0c7618c7bb6ad6d0caa299a99e16f03b6efac8472,c1e0b4f2023cbfa3f903debba779ecb5142d34a265213ebdd118397ccd69f536,91a5308bd7b7284f129c66c95cd2da4887e46f43b1e7402f0597e3eeca0b9f81,ed15b9a40d316f81c0c6b6a9ade3c30ef451c202775353ef9f36af59a1c0c4c2,ed15b9a40d316f81c0c6b6a9ade3c30ef451c202775353ef9f36af59a1c0c4c2,5958bf9dc21aa60337c036f7648fb5acc27d421613157553acb7863f85be04f5,5958bf9dc21aa60337c036f7648fb5acc27d421613157553acb7863f85be04f5,0,0,0,0,0,0,0,6.268802098929882e-05,0.26327133178710938,0.012597909430041909,6.268802098929882e-05,0.26327133178710938,0.012597909430041909,0,0,0.0001,64,64,0,6815.071898,1.893075527,19.845574489208438,678.49857793795843,87017.391933192252
ect.q256.schedule-switch-training-telemetry/v1,q256_fresh_crossed_switch_n12_matpool_numeric_recovery_v2,AB,A,B,825,q256_target_weight_v1,B,1.1000000000000001,1.1000000000000001,4825,4814,617600,617.600000,0,15.458200931549072,0,2248.1642851367919,2248.1642851367919,0,2248.1642851367919,0,0.36841627218634398,0,3962.4855425409514,0,3962.2962570593068,0,128,8cae42916c8818d588a305c66c17209c64c1e82bf8ebdc7e331d3fd5a3372f8f,048e391d58262e317b8b47cc6a97be5ede6ac7cc8d47c0ca2261965511b8309a,1cfa970d355109aaa434914abba940bc1c11041cc975aa8992c36eab40a276c2,70aee121307a1a5bef0a0d2b92c26f797bde683211850cde61d9a9fd6c34fa1f,70aee121307a1a5bef0a0d2b92c26f797bde683211850cde61d9a9fd6c34fa1f,effa03603014ef3c3a2e57a14702fc47c6073503c5c14476d56d2c3b0724eceb,effa03603014ef3c3a2e57a14702fc47c6073503c5c14476d56d2c3b0724eceb,0,0,0,0,0,0,0,5.2513321861624718e-05,0.12654495239257812,0.010572030791081488,5.2513321861624718e-05,0.12654495239257812,0.010572030791081488,0,0,0.0001,64,64,0,6817.010154,1.893613932,19.874891213669798,750.34538811310415,86973.569416426253
ect.q256.schedule-switch-training-telemetry/v1,q256_fresh_crossed_switch_n12_matpool_numeric_recovery_v2,AB,A,B,826,q256_target_weight_v1,B,1.1000000000000001,1.1000000000000001,4826,4815,617728,617.728000,0,18.873254776000977,0,3000.1238877175165,3000.1238877175165,0,3000.1238877175165,0,0.41793659162931701,0,3962.4852361171656,0,3962.2963542819189,0,128,18ec3a4ce1249143754edb7f59a45802aaca5c343ee8e4a294ebdd24f676812d,9bc9dd17a44b9d4fd5be516809dabdc03582dd99b85be00eb9b199a7216f9552,fd0231abcf1fc42bf06335070a90684fd7f7ab96dfe4dfa7687574c555f82e0b,572f743f4fb2023bb62dcf65b26fda1713c63871f02a653f9379b8ea48de1413,572f743f4fb2023bb62dcf65b26fda1713c63871f02a653f9379b8ea48de1413,a5bdfd515945cfa7e4cb931f991bb4e3ab061c0471f20283fda640910fe06809,a5bdfd515945cfa7e4cb931f991bb4e3ab061c0471f20283fda640910fe06809,0,0,0,0,0,0,0,6.2592560425400734e-05,0.1361846923828125,0.012111323419958353,6.2592560425400734e-05,0.1361846923828125,0.012111323419958353,0,0,0.0001,64,64,0,6818.950271,1.894152853,19.913710322843674,840.83830874213515,87010.076744397666
ect.q256.schedule-switch-training-telemetry/v1,q256_fresh_crossed_switch_n12_matpool_numeric_recovery_v2,AB,A,B,827,q256_target_weight_v1,B,1.1000000000000001,1.1000000000000001,4827,4816,617856,617.856000,0,19.769603252410889,0,3785.2935953162469,3785.2935953162469,0,3785.2935953162469,0,0.47580393932537624,0,3962.4846793631777,0,3962.2964508316886,0,128,85705d52db37c542684b59bfa50103b054d9e35d41f4dc87aeca702382fb0b13,c81c9fe2a51d70879cdce38962bca20c891d0ca84e09d54e3645bb385bdecc8e,043577a136a326cbb0aea74d203e906466b8c63e920f59c422687d9f043ec300,2096eacee9e90d1157b2f49ff0628297eba8dfe720a72fd4909fe1c278698a1e,2096eacee9e90d1157b2f49ff0628297eba8dfe720a72fd4909fe1c278698a1e,d208dc907c7b4941d9a6d487cf5380a11aee4c4621c88732b31107d0f92b655e,d208dc907c7b4941d9a6d487cf5380a11aee4c4621c88732b31107d0f92b655e,0,0,0,0,0,0,0,3.7278048694133759e-05,0.10326766967773438,0.01019110600464046,3.7278048694133759e-05,0.10326766967773438,0.01019110600464046,0,0,0.0001,64,64,0,6820.885828,1.894690508,19.965649948497816,1020.7090503979452,87153.146834423576
ect.q256.schedule-switch-training-telemetry/v1,q256_fresh_crossed_switch_n12_matpool_numeric_recovery_v2,AB,A,B,828,q256_target_weight_v1,B,1.1000000000000001,1.1000000000000001,4828,4817,617984,617.984000,0,18.246582984924316,0,3351.3191457518437,3351.3191457518437,0,3351.3191457518437,0,0.50192102069823652,0,3962.4839365538305,0,3962.296546584575,0,128,8da79eb6e017312c8010953dd5c08c50c92e313a809f82cab104befe29dba703,6447e3d4aa250e427ad8fd1c1c664c5b9d6d3cf0b39dffaeb7cd1f11057979f5,539d0f8c0ecc426be58d82da2143dc3689efe71bbf24fbc81b75f86d5a3665e2,d05726e30c02a10863153168e6475c5105f0827c7ac77bd1cfa9b2c0cd7931e0,d05726e30c02a10863153168e6475c5105f0827c7ac77bd1cfa9b2c0cd7931e0,88d880acee6b3cd89725d7764cfecf9be7780317329f733ccdc0de3a234ab32c,88d880acee6b3cd89725d7764cfecf9be7780317329f733ccdc0de3a234ab32c,0,0,0,0,0,0,0,3.251188900321722e-05,0.36785888671875,0.01366240723291412,3.251188900321722e-05,0.36785888671875,0.01366240723291412,0,0,0.0001,64,64,0,6822.817902,1.895227195,20.029416820758478,1113.2193484455108,87322.294609227305
ect.q256.schedule-switch-training-telemetry/v1,q256_fresh_crossed_switch_n12_matpool_numeric_recovery_v2,AB,A,B,829,q256_target_weight_v1,B,1.1000000000000001,1.1000000000000001,4829,4818,618112,618.112000,0,17.607787847518921,0,3653.8700056160314,3653.8700056160314,0,3653.8700056160314,0,0.53671577351419564,0,3962.4831224534746,0,3962.2966415008245,0,128,7f9614fb150846ed91952cf554f664f179791cfa3adb723d924337048709e67f,5dffd3a9cebe4d2bb93e1123386a21f879f961c2ab606a391f21a3b53c70194d,664824a0df1da82b3db7f7e4431d80bfe9a32b0064434af919376f581296ec22,a21e270c08e51b33a63e35d6fd9b2460f0e26ed8eb170ba3a1c71ca5ca1c2b3f,a21e270c08e51b33a63e35d6fd9b2460f0e26ed8eb170ba3a1c71ca5ca1c2b3f,c44fb0eabcb5b2284aeddb5b9b65d15d45f403974905729e631f2e08b1eaeb69,c44fb0eabcb5b2284aeddb5b9b65d15d45f403974905729e631f2e08b1eaeb69,0,0,0,0,0,0,0,6.0370424762368202e-05,0.7633514404296875,0.018528336542658508,6.0370424762368202e-05,0.7633514404296875,0.018528336542658508,0,0,0.0001,64,64,0,6824.750793,1.895764109,20.107443266559315,1277.3916464661766,87495.965536005257
ect.q256.schedule-switch-training-telemetry/v1,q256_fresh_crossed_switch_n12_matpool_numeric_recovery_v2,AB,A,B,830,q256_target_weight_v1,B,1.1000000000000001,1.1000000000000001,4830,4819,618240,618.240000,0,17.258196353912354,0,3002.5526067936239,3002.5526067936239,0,3002.5526067936239,0,0.55354730621318771,0,3962.4822874929255,0,3962.2967354901193,0,128,817665671bc1fdcab49087780ba2fb50f2a96a168d405160a989044f068e696e,6ead81c42f2ad28a484e18cc0613b5c84ff1225b97ea6ed9d6e94d8e7d0e7c1d,4dd0f52b9d2bff2b89e95549c3abee5f4be5c150a48f1b1584852d62e2b8e93a,d5d3d6922c818edd02020f978a96916bc5a726912f566155bc4143ccd96364eb,d5d3d6922c818edd02020f978a96916bc5a726912f566155bc4143ccd96364eb,81951b3da56944e1968e37dcbd0017426699267d5bbb13eda1b87412a41b029c,81951b3da56944e1968e37dcbd0017426699267d5bbb13eda1b87412a41b029c,0,0,0,0,0,0,0,2.3819156922399998e-05,0.17145538330078125,0.012286130397114903,2.3819156922399998e-05,0.17145538330078125,0.012286130397114903,0,0,0.0001,64,64,0,6826.685300,1.896301472,20.199438175182038,1347.7353835601093,87513.00762886733
ect.q256.schedule-switch-training-telemetry/v1,q256_fresh_crossed_switch_n12_matpool_numeric_recovery_v2,AB,A,B,831,q256_target_weight_v1,B,1.1000000000000001,1.1000000000000001,4831,4820,618368,618.368000,0,18.5102219581604,0,2295.715781840177,2295.715781840177,0,2295.715781840177,0,0.57247623310350104,0,3962.4814863460219,0,3962.2968284109184,0,128,97c20f9ad3169b04865066b40e2ae4d9457eb95b4f0e42258196f710401dd419,3e5f3ababa6abb01f884dc7fb3d3277c881a733a53d812b9de310e37603cd117,bfbfc1de97289dbf4f1e8bb5ed67326c6e2c956222855d0ec6f5a454f3e5a4b1,1b3cae2c1717b1adc4239b881f7b1a4adc4249740c2f7f27582c3ebf507e7df4,1b3cae2c1717b1adc4239b881f7b1a4adc4249740c2f7f27582c3ebf507e7df4,b7f0dd2ce5bf64eeff8511a5945d7819de029d5cebbedbb23c5915bd269ba152,b7f0dd2ce5bf64eeff8511a5945d7819de029d5cebbedbb23c5915bd269ba152,0,0,0,0,0,0,0,2.8197187930345535e-05,0.403564453125,0.014649820979684591,2.8197187930345535e-05,0.403564453125,0.014649820979684591,0,0,0.0001,64,64,0,6828.620835,1.896839121,20.306447189328111,1318.7785562138063,87466.47560741879
ect.q256.schedule-switch-training-telemetry/v1,q256_fresh_crossed_switch_n12_matpool_numeric_recovery_v2,AB,A,B,832,q256_target_weight_v1,B,1.1000000000000001,1.1000000000000001,4832,4821,618496,618.496000,0,18.722968101501465,0,2889.020995815747,2889.020995815747,0,2889.020995815747,0,0.58092646859014085,0,3962.4807214379898,0,3962.2969202653012,0,128,772fc56277e3b475a66b528861e88fc2176eda7484aed564ce14ec9cd18ad136,164f3b7c0e4ff7a468f6c7ab71e9398b4959f772a92aa837ffb987ac08804aeb,bc7e836ef2ea6b51c27b79999f90f38065d0ae7a93f1e6dc618677abe836bce5,47700ab754eb7efcc13280f0a011af22af74be3722dbb4c68b6643d9c51f92c4,47700ab754eb7efcc13280f0a011af22af74be3722dbb4c68b6643d9c51f92c4,182f812211ce237e09035dedbe6e6dc273427047223a4d50453a162967172094,182f812211ce237e09035dedbe6e6dc273427047223a4d50453a162967172094,0,0,0,0,0,0,0,0.00010187644511461258,0.2166748046875,0.016899703769013286,0.00010187644511461258,0.2166748046875,0.016899703769013286,0,0,0.0001,64,64,0,6830.556574,1.897376826,20.426285907593215,1317.4410441621471,87481.440161726656
ect.q256.schedule-switch-training-telemetry/v1,q256_fresh_crossed_switch_n12_matpool_numeric_recovery_v2,AB,A,B,833,q256_target_weight_v1,B,1.1000000000000001,1.1000000000000001,4833,4822,618624,618.624000,0,17.554339170455933,0,2149.0129953860901,2149.0129953860901,0,2149.0129953860901,0,0.57964422134050575,0,3962.4800023572516,0,3962.2970110560432,0,128,5e1613893a4a7b71df18ed270bd43b8affb90f788526aeed6c0a6f3132b9a727,25b4cc11c1d2d012453077f60306dbd3738918aeb350b2951f3ed4f9ebe6db44,2072f9b048e8471f8c07117b6fee7ce97c1c4aab938ba78e9e6eb26a1fe55cfe,f5c326b0634ee5295c08a21f7cae1d5b78ac131825b70702d78b334232604b79,f5c326b0634ee5295c08a21f7cae1d5b78ac131825b70702d78b334232604b79,039021642fede3fc4669141274d7829ad2043611ec44426a9f58871be8f0a5af,039021642fede3fc4669141274d7829ad2043611ec44426a9f58871be8f0a5af,0,0,0,0,0,0,0,4.8168469220399857e-05,0.6379241943359375,0.0227195531479083,4.8168469220399857e-05,0.6379241943359375,0.0227195531479083,0,0,0.0001,64,64,0,6832.494941,1.897915262,20.558091184397433,1253.3166165565797,87448.654755453026
ect.q256.schedule-switch-training-telemetry/v1,q256_fresh_crossed_switch_n12_matpool_numeric_recovery_v2,AB,A,B,834,q256_target_weight_v1,B,1.1000000000000001,1.1000000000000001,4834,4823,618752,618.752000,0,18.094430088996887,0,1996.9031468538178,1996.9031468538178,0,1996.9031468538178,0,0.59020467194232829,0,3962.4794569701371,0,3962.29710085649,0,128,75fde0748dfb0bc3bcf916478fc2ef3aa2b56ed4f1fe5af0567f4404fdbcd205,0f8e3d9779412d6040d92c17ee3dc1d54a246e614f0c3518fa5a58ec8b73150e,37b9607c6d98d31f9e35ac5dc90d59c21dcfcc26596b5f1dbaeaec7364e29953,df4453fc14f4f087e5518ac2892a4dbf38becb4f18d70b40014b9bafcb0e7cd5,df4453fc14f4f087e5518ac2892a4dbf38becb4f18d70b40014b9bafcb0e7cd5,b08c597f79dacf268c82cee05ac7dbce8c9f4b370135b5fffe0c65d728ed0b29,b08c597f79dacf268c82cee05ac7dbce8c9f4b370135b5fffe0c65d728ed0b29,0,0,0,0,0,0,0,4.3263658881187439e-05,0.17459487915039062,0.0099198576062917709,4.3263658881187439e-05,0.17459487915039062,0.0099198576062917709,0,0,0.0001,64,64,0,6834.428006,1.898452224,20.703433006090712,1202.1209490722861,87391.01207011097
ect.q256.schedule-switch-training-telemetry/v1,q256_fresh_crossed_switch_n12_matpool_numeric_recovery_v2,AB,A,B,835,q256_target_weight_v1,B,1.1000000000000001,1.1000000000000001,4835,4824,618880,618.880000,0,20.4950852394104,0,2880.0939675312861,2880.0939675312861,0,2880.0939675312861,0,0.5891623475490696,0,3962.4789595508769,0,3962.2971897126754,0,128,051dd40816b941b94d32e2d6538c4aab1ebc40757f8a373cb81e4a81c322baf3,54ed11afad63235152f97c3bda37f147591ecc32d46c40f7137ef173af3eb468,90817ce69fb84fbefdae05369dc9650a9ccff6b839904a8c67b7589d0234b57f,916a507f3b2b95f5836fe1191677b90669e9374a90ce68863fd023f53282de83,916a507f3b2b95f5836fe1191677b90669e9374a90ce68863fd023f53282de83,8a0926ab1679f288a9481acc95afef33460d4a41b293f47ee646d78b0d64be43,8a0926ab1679f288a9481acc95afef33460d4a41b293f47ee646d78b0d64be43,0,0,0,0,0,0,0,3.672880120575428e-05,0.23540115356445312,0.010354949859902263,3.672880120575428e-05,0.23540115356445312,0.010354949859902263,0,0,0.0001,64,64,0,6836.365455,1.898990404,20.858253968571418,1205.7202653981942,87468.752514948661
ect.q256.schedule-switch-training-telemetry/v1,q256_fresh_crossed_switch_n12_matpool_numeric_recovery_v2,AB,A,B,836,q256_target_weight_v1,B,1.1000000000000001,1.1000000000000001,4836,4825,619008,619.008000,0,18.090712785720825,0,2075.8263808853098,2075.8263808853098,0,2075.8263808853098,0,0.59784419678741751,0,3962.4785934862425,0,3962.2972776662186,0,128,51daea18c013fe11045eafda3d2527c920cee0a5b438ded65e4232ed8f9ff5e7,3ae3efaf77e1d9b75f6b4598cc7282303d863dcb1fa2b6e595535351057a8be6,e76ec45f4a5292f912a20a9a1cf83d1af043b2bb3e08940faf7ab3eb5bfe6f4d,d4f4ea4970d4bc86f5fdc85d36063db9c5a1e639ffff7ea3f36e4bbbe90b24c6,d4f4ea4970d4bc86f5fdc85d36063db9c5a1e639ffff7ea3f36e4bbbe90b24c6,d36dded09fec5d371c915039631eb33bcf8526ec73b8c8e8c41c91ee0c61196d,d36dded09fec5d371c915039631eb33bcf8526ec73b8c8e8c41c91ee0c61196d,0,0,0,0,0,0,0,2.0376057364046574e-05,0.4363250732421875,0.01559295307379216,2.0376057364046574e-05,0.4363250732421875,0.01559295307379216,0,0,0.0001,64,64,0,6838.313293,1.899531470,21.024896703228055,1156.0556377666148,87424.170705383076
ect.q256.schedule-switch-training-telemetry/v1,q256_fresh_crossed_switch_n12_matpool_numeric_recovery_v2,AB,A,B,837,q256_target_weight_v1,B,1.1000000000000001,1.1000000000000001,4837,4826,619136,619.136000,0,19.513758659362793,0,3348.6396250806979,3348.6396250806979,0,3348.6396250806979,0,0.60914296700136739,0,3962.4783925511833,0,3962.2973647691806,0,128,b1a7091f607c68b89699d92c505fcf93e6d3c982a7032f50cd4fa25700ddc6f7,d17e4f1ad5b848869d66649706fceb01964d5b832c87be075106adbd7397fd74,bad46078ff2aa8df50de1d9e4dc3b663f5bf55abbea5a7696e6f46fedbf6eaa5,3adc3cf043f83c4d2b0f98628628d8a9c4b841edbf2e5e5dbfae3739935c99db,3adc3cf043f83c4d2b0f98628628d8a9c4b841edbf2e5e5dbfae3739935c99db,b0f7894f5e3164212f412b8d8c004384610c46426ef615f195f2dedad042de3c,b0f7894f5e3164212f412b8d8c004384610c46426ef615f195f2dedad042de3c,0,0,0,0,0,0,0,6.7132292315363884e-05,2.880126953125,0.034964689752086997,6.7132292315363884e-05,2.880126953125,0.034964689752086997,0,0,0.0001,64,64,0,6840.254865,1.900070796,21.202754982274922,1087.611357238005,87505.114372968223
ect.q256.schedule-switch-training-telemetry/v1,q256_fresh_crossed_switch_n12_matpool_numeric_recovery_v2,AB,A,B,838,q256_target_weight_v1,B,1.1000000000000001,1.1000000000000001,4838,4827,619264,619.264000,0,19.60276734828949,0,3059.9873059264501,3059.9873059264501,0,3059.9873059264501,0,0.6218172531474121,0,3962.4782674355502,0,3962.2974509547876,0,128,b5b85923efb2029c12bd64b05543b6e1db7071a452d78e16b9b4e161c4111a9e,0e9e91e8e6493c669a4071e2f1f59cfe700f9a0a35533926b83eced66fb2c9eb,379d3c4cd0333c0eeb2d6e8518da8b6303ad170b1777392ce29900b8ef453ce0,1ce84e4f9e1059db785bdd1c3fa40f614c51f3ac6662e65b78f5807bd61fddb1,1ce84e4f9e1059db785bdd1c3fa40f614c51f3ac6662e65b78f5807bd61fddb1,cdf7cec2542500f5dc85dd8027e3686c50487600543d0beea7d791bb5d6dcc0c,cdf7cec2542500f5dc85dd8027e3686c50487600543d0beea7d791bb5d6dcc0c,0,0,0,0,0,0,0,2.4179462343454361e-05,0.47113800048828125,0.015705470577813685,2.4179462343454361e-05,0.47113800048828125,0.015705470577813685,0,0,0.0001,64,64,0,6842.193213,1.900609226,21.393080132613843,1083.9799272669852,87540.08259138561
ect.q256.schedule-switch-training-telemetry/v1,q256_fresh_crossed_switch_n12_matpool_numeric_recovery_v2,AB,A,B,839,q256_target_weight_v1,B,1.1000000000000001,1.1000000000000001,4839,4828,619392,619.392000,0,20.246461153030396,0,2894.1815049712595,2894.1815049712595,0,2894.1815049712595,0,0.63521072570183845,0,3962.4783364450914,0,3962.2975363105866,0,128,cf7f832030138732172fac534988159b203381a3ae7c89fcf38a0323f70eb819,fabc5d102d1161fd1e7cfe248919059ab9206a86d18b670f5b035fe67bd9eb47,e64a63c62009da973d12d015e94dfcfd816761df32bd9518ac950b7f48193216,618fb0cc65af378659ad13ea809ecf88f1908f9ceaf195056f8d8784e24dec5a,618fb0cc65af378659ad13ea809ecf88f1908f9ceaf195056f8d8784e24dec5a,eb8aaf09e81bb2ea093402693d00ff9ae96100dbc3055b88f8f324eabbac1de3,eb8aaf09e81bb2ea093402693d00ff9ae96100dbc3055b88f8f324eabbac1de3,0,0,0,0,0,0,0,5.2897259593009949e-05,0.31601715087890625,0.010644231224432588,5.2897259593009949e-05,0.31601715087890625,0.010644231224432588,0,0,0.0001,64,64,0,6844.145087,1.901151413,21.595241034316178,1109.8466544906266,87544.994605910135
ect.q256.schedule-switch-training-telemetry/v1,q256_fresh_crossed_switch_n12_matpool_numeric_recovery_v2,AB,A,B,840,q256_target_weight_v1,B,1.1000000000000001,1.1000000000000001,4840,4829,619520,619.520000,0,19.36194372177124,0,2793.8862870902058,2793.8862870902058,0,2793.8862870902058,0,0.62806431782503125,0,3962.4786227745594,0,3962.2976210185448,0,128,19b5a062c8c716afaf7d9bd1f2a162d238a2d5246417bce9c06e83a55bc24308,e83f69a49ab225b9ac0f6dd1aab14b96b02d864b2307248786e129c73e5738c1,3949bb13ddddb2e8c0908e5d7b283d93627d31c4961cc18a6e68ca9048ec213a,c49f0a2fd048059b588bb5d0129e0f5c3ecedf24995ded2859170cb3958e78f7,c49f0a2fd048059b588bb5d0129e0f5c3ecedf24995ded2859170cb3958e78f7,a8868bd64efe55c3624e022e0b4c020ca8a6631e509fb2a0f6be04eb9b9e4a0b,a8868bd64efe55c3624e022e0b4c020ca8a6631e509fb2a0f6be04eb9b9e4a0b,0,0,0,0,0,0,0,4.3353065848350525e-05,0.669158935546875,0.01849483756814152,4.3353065848350525e-05,0.669158935546875,0.01849483756814152,0,0,0.0001,64,64,0,6846.080057,1.901688905,21.802373523222954,1147.0705347571543,87580.37650668819
ect.q256.schedule-switch-training-telemetry/v1,q256_fresh_crossed_switch_n12_matpool_numeric_recovery_v2,AB,A,B,841,q256_target_weight_v1,B,1.1000000000000001,1.1000000000000001,4841,4830,619648,619.648000,0,17.457211017608643,0,2383.9042820086079,2383.9042820086079,0,2383.9042820086079,0,0.61349584079441044,0,3962.4790501234434,0,3962.2977052542988,0,128,b0882720d817b523022fe9796584a966af15a73bad41ac96bb0e63a0fd90788d,4cfb70be942a5a1b75900ed9ed262c3da5698c93ee394da5b853b66d5f9bb1fe,745fe1ce4e0e2bc1c0034ed655852c9ccc5919c9bc1b1575744c2100a876ba30,836ad517ab537231e30375828b1ec4f19a6bf8def0504c9d5404656d7c4d94c0,836ad517ab537231e30375828b1ec4f19a6bf8def0504c9d5404656d7c4d94c0,2b2a53a4063e80d3d0d0a8363c2d22a7c9caac11332fa33e102042148b0919ce,2b2a53a4063e80d3d0d0a8363c2d22a7c9caac11332fa33e102042148b0919ce,0,0,0,0,0,0,0,8.8939443230628967e-05,0.4448089599609375,0.01545636187074706,8.8939443230628967e-05,0.4448089599609375,0.01545636187074706,0,0,0.0001,64,64,0,6848.013989,1.902226108,22.011502177087642,1159.6665210524202,87563.167642245084
ect.q256.schedule-switch-training-telemetry/v1,q256_fresh_crossed_switch_n12_matpool_numeric_recovery_v2,AB,A,B,842,q256_target_weight_v1,B,1.1000000000000001,1.1000000000000001,4842,4831,619776,619.776000,0,20.045897006988525,0,4136.7773354931596,4136.7773354931596,0,4136.7773354931596,0,0.60671879003050222,0,3962.4795893749369,0,3962.2977889252566,0,128,ac2de63f10b2b23c14634eb1e6011116f08c3c36f707415d07947cef7cc46f1c,14c6e7642cd3c3928d08ed6c3b09b86cf19049368e1f27a5e8affb67f0fc5f50,bd335e6f0b711962de8943bfa893038ebdb98bf8831f15596cd339a1b17b8c68,a2525a2d5cadb24138f54593ad391021c8e35795cbe07eed82084bdd7afdecc0,a2525a2d5cadb24138f54593ad391021c8e35795cbe07eed82084bdd7afdecc0,1347762fea9ef6c415af3789a0a6f54b34b6cf1700c5c497facd02b78b2214d3,1347762fea9ef6c415af3789a0a6f54b34b6cf1700c5c497facd02b78b2214d3,0,0,0,0,0,0,0,2.7022906579077244e-05,0.16468048095703125,0.010182752157561481,2.7022906579077244e-05,0.16468048095703125,0.010182752157561481,0,0,0.0001,64,64,0,6850.024894,1.902784693,22.220414356372835,1215.9609638678367,87639.525824684373
ect.q256.schedule-switch-training-telemetry/v1,q256_fresh_crossed_switch_n12_matpool_numeric_recovery_v2,AB,A,B,843,q256_target_weight_v1,B,1.1000000000000001,1.1000000000000001,4843,4832,619904,619.904000,0,18.292074918746948,0,2813.2546852726186,2813.2546852726186,0,2813.2546852726186,0,0.59425179606918588,0,3962.4802459038947,0,3962.2978721586283,0,128,c308588d9f031320094403e52507b77aae4c698cfb8ca35d450a6555b0187f2b,5fdebb2a11667ff2987ad23fb36369f89cf5a8e360c39f5780fa1a8b04242e05,7e91f078e03923a8a29985021b4d5146ebf17eb93d50b66433ffcd34b668bd15,a6d67f63d1dec1070d38dff67def600fd2870b7678961e9156d1a797e81b46a8,a6d67f63d1dec1070d38dff67def600fd2870b7678961e9156d1a797e81b46a8,5e49fb415202be74d5b053e25ff46915dedb6be6bd8ff0976ab3e646b0580c43,5e49fb415202be74d5b053e25ff46915dedb6be6bd8ff0976ab3e646b0580c43,0,0,0,0,0,0,0,3.6662444472312927e-05,0.05365753173828125,0.0092947209486737847,3.6662444472312927e-05,0.05365753173828125,0.0092947209486737847,0,0,0.0001,64,64,0,6851.963408,1.903323169,22.428343560284606,1222.7238343396336,87674.991443405845
ect.q256.schedule-switch-training-telemetry/v1,q256_fresh_crossed_switch_n12_matpool_numeric_recovery_v2,AB,A,B,844,q256_target_weight_v1,B,1.1000000000000001,1.1000000000000001,4844,4833,620032,620.032000,0,18.856259346008301,0,2606.607084361789,2606.607084361789,0,2606.607084361789,0,0.57570739577240926,0,3962.4810473827515,0,3962.2979551139397,0,128,b0d7d7fde3d6d3da1b53a0e7a041ca3f748cedd0d93ce050a3ed980af0aa9b40,6777d925c058a9ee1c641df1c2a993c58435472697a1263520d30b0b8ff0bff9,d73c5a668e9523221cbb595e2e6d77c861c0395ac20a0204d290a74ce66583d5,505d61140e4699d16ffabc32e998af35214f4952c8cb71d3850881caccf9716c,505d61140e4699d16ffabc32e998af35214f4952c8cb71d3850881caccf9716c,2cd7438a8c06287f9cd53d7e0f34e7a0461211c46696d7532c38b77f95be6c0c,2cd7438a8c06287f9cd53d7e0f34e7a0461211c46696d7532c38b77f95be6c0c,0,0,0,0,0,0,0,4.8063695430755615e-05,0.16943359375,0.013164782198145986,4.8063695430755615e-05,0.16943359375,0.013164782198145986,0,0,0.0001,64,64,0,6853.905601,1.903862667,22.63051832553332,1224.8853144760883,87732.452235108052
ect.q256.schedule-switch-training-telemetry/v1,q256_fresh_crossed_switch_n12_matpool_numeric_recovery_v2,AB,A,B,845,q256_target_weight_v1,B,1.1000000000000001,1.1000000000000001,4845,4834,620160,620.160000,0,17.359958529472351,0,2705.9355691256433,2705.9355691256433,0,2705.9355691256433,0,0.56017886689945895,0,3962.4819968002184,0,3962.2980378579778,0,128,3fb24c1d257224c2f7d62a4fafabbbea72c66cc53a9072376d4d0c769af8232f,1e43e7c8480c8d7efbeb09bd3776192771a80607f69bf35ffcdc5d00bc324b6a,7dec92331755d3b0f85b1e5fb590bd055f479290151682b4d6194af7be9dd8a0,18887e8aeb00d0728d4c58658a6a5e0ce1efd7bd7a90e8e1dc150770110edd52,18887e8aeb00d0728d4c58658a6a5e0ce1efd7bd7a90e8e1dc150770110edd52,a4029edba06fa7beb8921564428f38b8d31fdb23c27bf852c103d28e170c852e,a4029edba06fa7beb8921564428f38b8d31fdb23c27bf852c103d28e170c852e,0,0,0,0,0,0,0,1.6991514712572098e-05,0.22243499755859375,0.012512176297605038,1.6991514712572098e-05,0.22243499755859375,0.012512176297605038,0,0,0.0001,64,64,0,6855.842330,1.904400647,22.828128301131215,1185.4201388747485,87812.106959264158
ect.q256.schedule-switch-training-telemetry/v1,q256_fresh_crossed_switch_n12_matpool_numeric_recovery_v2,AB,A,B,846,q256_target_weight_v1,B,1.1000000000000001,1.1000000000000001,4846,4835,620288,620.288000,0,16.604826688766479,0,3221.6215861950991,3221.6215861950991,0,3221.6215861950991,0,0.54939721992351209,0,3962.4830106914919,0,3962.2981205328883,0,128,afaae723384c31e97f4a870f7261f226cb976cf98c14f3e154d3a2c703a14047,23b8579a752b643f55ce7011137beb5af17ca274c89fc9197b2d4cb62f0141b1,ea1f62a8497e2f6d4da377b7122eec0eda1026a16ce807c40deb0c437344649a,cff3df4fd6afcbdf31ee11d246cfdad8fac7805f0e1527030caad5e5c2dc8d0f,cff3df4fd6afcbdf31ee11d246cfdad8fac7805f0e1527030caad5e5c2dc8d0f,1fe35c095fbd862e91fd2152474ab54ebb477ed377bb7d2a0d01777e38328468,1fe35c095fbd862e91fd2152474ab54ebb477ed377bb7d2a0d01777e38328468,0,0,0,0,0,0,0,1.644395524635911e-05,0.32852935791015625,0.014822956232819706,1.644395524635911e-05,0.32852935791015625,0.014822956232819706,0,0,0.0001,64,64,0,6857.775827,1.904937730,23.019587085374614,1228.9810668571129,87994.826930979616
ect.q256.schedule-switch-training-telemetry/v1,q256_fresh_crossed_switch_n12_matpool_numeric_recovery_v2,AB,A,B,847,q256_target_weight_v1,B,1.1000000000000001,1.1000000000000001,4847,4836,620416,620.416000,0,17.003792524337769,0,2266.9088318836348,2266.9088318836348,0,2266.9088318836348,0,0.53010186627854206,0,3962.4840272613465,0,3962.298203079662,0,128,5c850795921c5da67645d74903ba30335fe8e47bc98f4690e8571685e4fb6fcf,fa5d19df7d324411b7f2c083e54a58ab926e2244a87cbca4c3b7662152d0bceb,dcedb7c2291fcea348736b785f3a4f602fd26836015e5266fc0279720fc27a11,98d89c41a38c0b7d30c13cfde3902dfe24b8fe584c18963397d56ce818be0621,98d89c41a38c0b7d30c13cfde3902dfe24b8fe584c18963397d56ce818be0621,b777e5477003f243e400509423a74e513c3a888346262e6c688c12fbd2fa0ebb,b777e5477003f243e400509423a74e513c3a888346262e6c688c12fbd2fa0ebb,0,0,0,0,0,0,0,7.9846475273370743e-05,0.38641357421875,0.020136462815571576,7.9846475273370743e-05,0.38641357421875,0.020136462815571576,0,0,0.0001,64,64,0,6859.707879,1.905474411,23.202621381082796,1241.5996957008333,88001.331232258177
ect.q256.schedule-switch-training-telemetry/v1,q256_fresh_crossed_switch_n12_matpool_numeric_recovery_v2,AB,A,B,848,q256_target_weight_v1,B,1.1000000000000001,1.1000000000000001,4848,4837,620544,620.544000,0,15.656894445419312,0,3008.1075935168151,3008.1075935168151,0,3008.1075935168151,0,0.5110081363013429,0,3962.4849596606286,0,3962.2982855347586,0,128,97af3ead7a8a595b17109ca7ca5ad47bb60c043a0cfb1819da82448229e2f808,df950b2bca569f7c215cbd92079efc6786dc0d144b28773482a2060e39daec5c,7264fa039cd382ec4f2f33a9af2c6b96b094ae9332301a586d3807aad4b921fd,ae234e7304fbcce976bd97e6cd2e0e50ba825c516c68e32b62642d2a825cbb2e,ae234e7304fbcce976bd97e6cd2e0e50ba825c516c68e32b62642d2a825cbb2e,a62f44ad931e203fa2c4d2c02757627d859f7c195cb214004b77a7b865b93aaf,a62f44ad931e203fa2c4d2c02757627d859f7c195cb214004b77a7b865b93aaf,0,0,0,0,0,0,0,0.00012960564345121384,0.19303512573242188,0.013498431362677366,0.00012960564345121384,0.19303512573242188,0.013498431362677366,0,0,0.0001,64,64,0,6861.664247,1.906017846,23.377135091910887,1284.7840404451181,88152.366067094699
ect.q256.schedule-switch-training-telemetry/v1,q256_fresh_crossed_switch_n12_matpool_numeric_recovery_v2,AB,A,B,849,q256_target_weight_v1,B,1.1000000000000001,1.1000000000000001,4849,4838,620672,620.672000,0,17.32094419002533,0,1317.0508509620095,1317.0508509620095,0,1317.0508509620095,0,0.47797463960111081,0,3962.4858167235807,0,3962.2983678257856,0,128,a3f192f1cbc6a0dabbc6f90f6db995b0de0ebc6c4cc8c9cf18daff4c1415d24c,55a7a7828a5e9eb65ae5f423e707f4827f78c0b1840ba6bc5e9b8c634f2a69cb,27168a60555d04a0356cc21f3a7307ee44fcc46b3ade018ce75e15dcc9f192a8,7a44a3a624e63a6edcdd825d09f7475ba8c84bcb34704c9d32069feea1563454,7a44a3a624e63a6edcdd825d09f7475ba8c84bcb34704c9d32069feea1563454,1ab3afec24c377a451f15d2959abb890a0411e0e54455a8d56a07491d0e75b9c,1ab3afec24c377a451f15d2959abb890a0411e0e54455a8d56a07491d0e75b9c,0,0,0,0,0,0,0,6.6596840042620897e-06,0.20486068725585938,0.011344119440764189,6.6596840042620897e-06,0.20486068725585938,0.011344119440764189,0,0,0.0001,64,64,0,6863.600071,1.906555575,23.541466867086054,1198.5500934307827,88081.72545583421
ect.q256.schedule-switch-training-telemetry/v1,q256_fresh_crossed_switch_n12_matpool_numeric_recovery_v2,AB,A,B,850,q256_target_weight_v1,B,1.1000000000000001,1.1000000000000001,4850,4839,620800,620.800000,0,15.843617796897888,0,1795.5307660508408,1795.5307660508408,0,1795.5307660508408,0,0.44130256509958388,0,3962.4865111467725,0,3962.2984499561012,0,128,b7a2ae1741085ab1d6c90c40b9e6eea6939485717c4ad14b415fcd6da5111945,fe3f7c10a4e0cf29dcb084903744bdc73b53b5b4038bf4096ed700fa35716d04,becccb4b2a85bf5b98647fd3c9cf65c7aa9828a1c06476ec295afdef43c5a236,4cc5696d84f1a44d41973951f5f6369ededb643b99c2f8efabfe897f2a111220,4cc5696d84f1a44d41973951f5f6369ededb643b99c2f8efabfe897f2a111220,ef103bec20f15f9fe424b1da2d4571e30b37a1149fc379f387d4b24ddd057314,ef103bec20f15f9fe424b1da2d4571e30b37a1149fc379f387d4b24ddd057314,0,0,0,0,0,0,0,3.9297970943152905e-05,1.3668212890625,0.023368449998088181,3.9297970943152905e-05,1.3668212890625,0.023368449998088181,0,0,0.0001,64,64,0,6865.532914,1.907092476,23.694528257336078,1088.7388248415414,88046.528721029332
ect.q256.schedule-switch-training-telemetry/v1,q256_fresh_crossed_switch_n12_matpool_numeric_recovery_v2,AB,A,B,851,q256_target_weight_v1,B,1.1000000000000001,1.1000000000000001,4851,4840,620928,620.928000,0,15.003521680831909,0,1942.7901814416377,1942.7901814416377,0,1942.7901814416377,0,0.40742835414697981,0,3962.48692843141,0,3962.2985316510008,0,128,0ce5e6338c667746def56c6e8fb84597ca7aba209343022f0d538db8cc533f47,4b447678cb347d5b48eb0847f9d51bbc15ae18de01bac341293e8d30be50392e,d06e2f5e757a87e6fdea84dd1d7b28072a5908e75545122202310788ddb7c1af,b4c7b018bcdef82ad41cfbba6e472e526ecfc9629025d5e7dd2cb787da35db4a,b4c7b018bcdef82ad41cfbba6e472e526ecfc9629025d5e7dd2cb787da35db4a,e223062bd0dad3e68a845908c17b2914efb014f635baee18391529761e0953e8,e223062bd0dad3e68a845908c17b2914efb014f635baee18391529761e0953e8,0,0,0,0,0,0,0,2.4430104531347752e-05,0.2646636962890625,0.015028312802314758,2.4430104531347752e-05,0.2646636962890625,0.015028312802314758,0,0,0.0001,64,64,0,6867.465710,1.907629364,23.835575831662489,936.79756640120809,88027.451184555146
ect.q256.schedule-switch-training-telemetry/v1,q256_fresh_crossed_switch_n12_matpool_numeric_recovery_v2,AB,A,B,852,q256_target_weight_v1,B,1.1000000000000001,1.1000000000000001,4852,4841,621056,621.056000,0,17.159111380577087,0,3144.2823493474643,3144.2823493474643,0,3144.2823493474643,0,0.3787035673914374,0,3962.4871802433527,0,3962.2986129707192,0,128,78b22d7ab04bac49755767a0bba28f0ff4bbd9ae9649d5a46798eb19fcabce97,f80d7c84ffd7d292e053a35224cd996ef1cc62a4c6acfddefa903922c6eea7eb,15b112fc71b7139ba5cdd837335402f3bc60557d5572927b7a01aab11d2385dd,b6c1b76ed65a3bdb09df769200c966b92d5e1d89bc62a4461f2522692e99a109,b6c1b76ed65a3bdb09df769200c966b92d5e1d89bc62a4461f2522692e99a109,b9f0258855196df0c02dcd1ff631d69d1b664c7bb3f4ba30152f37881973724b,b9f0258855196df0c02dcd1ff631d69d1b664c7bb3f4ba30152f37881973724b,0,0,0,0,0,0,0,1.3016979210078716e-05,6.8973388671875,0.070018806727603078,1.3016979210078716e-05,6.8973388671875,0.070018806727603078,0,0,0.0001,64,64,0,6869.403272,1.908167575,23.9622411534415,760.47696956911648,88225.164039354058
ect.q256.schedule-switch-training-telemetry/v1,q256_fresh_crossed_switch_n12_matpool_numeric_recovery_v2,AB,A,B,853,q256_target_weight_v1,B,1.1000000000000001,1.1000000000000001,4853,4842,621184,621.184000,0,16.648188829421997,0,3004.1922084053786,3004.1922084053786,0,3004.1922084053786,0,0.36058698614823265,0,3962.4872982290899,0,3962.2986937991941,0,128,2f9432155f722c40d137329f15c9a514f27a20a7e4d745d70a7b6cfbac1920e3,b1c3695da020cd8c49835f16ed6d9638f0dd946e3864d91c9b30d5cede90d19f,a2f332f9014de0765b48c46574ccb14d713b7896b93c534cafcc31a0bafb0297,0d1dd282f095bcde42f7502aa110649cd1cbb283224657182d212f38b36d5b9a,0d1dd282f095bcde42f7502aa110649cd1cbb283224657182d212f38b36d5b9a,1f5761e06b034d941a7f97bc7af4d695eb0d7c3ae61d28bcaa96fccaababe179,1f5761e06b034d941a7f97bc7af4d695eb0d7c3ae61d28bcaa96fccaababe179,0,0,0,0,0,0,0,9.5560972113162279e-06,0.32076263427734375,0.012464574072510004,9.5560972113162279e-06,0.32076263427734375,0.012464574072510004,0,0,0.0001,64,64,0,6871.335045,1.908704179,24.075749223702879,688.82846570938432,88358.473714022388
ect.q256.schedule-switch-training-telemetry/v1,q256_fresh_crossed_switch_n12_matpool_numeric_recovery_v2,AB,A,B,854,q256_target_weight_v1,B,1.1000000000000001,1.1000000000000001,4854,4843,621312,621.312000,0,17.401346445083618,0,2534.5016555631569,2534.5016555631569,0,2534.5016555631569,0,0.35313664791857602,0,3962.4873766668611,0,3962.2987742853015,0,128,e371f05889194db3f42a0e1efd477c5b15852780910ad552523fc176c402afdd,5d1979768c6f377388bc96b21810507641d80b73045af46a0653dc5b7550c5ad,22e2c3bd68b84218bfde99d24f40cc2b6c4572195370d1ed33ab514eaa78a0ee,b8ac3844853843d6f18126f6e6f3ebf4b53896c495fe2876e0ea3ed34e56bb7d,b8ac3844853843d6f18126f6e6f3ebf4b53896c495fe2876e0ea3ed34e56bb7d,ad7c219639b0adedea48fffecd181817b4d4948a80215e0660a9ac7d59d68683,ad7c219639b0adedea48fffecd181817b4d4948a80215e0660a9ac7d59d68683,0,0,0,0,0,0,0,8.2496553659439087e-05,0.209564208984375,0.014116250036749989,8.2496553659439087e-05,0.209564208984375,0.014116250036749989,0,0,0.0001,64,64,0,6873.268915,1.909241365,24.176885849410812,693.85915552328652,88401.528318805969
ect.q256.schedule-switch-training-telemetry/v1,q256_fresh_crossed_switch_n12_matpool_numeric_recovery_v2,AB,A,B,855,q256_target_weight_v1,B,1.1000000000000001,1.1000000000000001,4855,4844,621440,621.440000,0,15.138461828231812,0,2594.0772158859763,2594.0772158859763,0,2594.0772158859763,0,0.35075637073434873,0,3962.4873953296333,0,3962.2988543325446,0,128,b99d4c570b96bbb3fb4e7cec000759311282958fd1cebdb56bdf65a20968864f,b6f98eda01d0a7dd94aa1032df8142109114eaf0c5a8bca13fd1dada582763ce,655c12ffe09f3bad9961e6090e5624f51fa7181795f8e9cbb5da9f91770d4598,cd615a6c2e86abc0a1d31e113e3ca3bfa6cb0d13251206829f46b7cf2fca42e1,cd615a6c2e86abc0a1d31e113e3ca3bfa6cb0d13251206829f46b7cf2fca42e1,1b37976f0cdc918eaa08e72156f7bde4c0f1eb610f65d4579de1ab5fc717c507,1b37976f0cdc918eaa08e72156f7bde4c0f1eb610f65d4579de1ab5fc717c507,0,0,0,0,0,0,0,0.00015072943642735481,0.42826080322265625,0.014511054730974138,0.00015072943642735481,0.42826080322265625,0.014511054730974138,0,0,0.0001,64,64,0,6875.206921,1.909779700,24.267176108136436,700.53347031145665,88414.416697772278
ect.q256.schedule-switch-training-telemetry/v1,q256_fresh_crossed_switch_n12_matpool_numeric_recovery_v2,AB,A,B,856,q256_target_weight_v1,B,1.1000000000000001,1.1000000000000001,4856,4845,621568,621.568000,0,14.846350312232971,0,1722.4624414823124,1722.4624414823124,0,1722.4624414823124,0,0.34286457394850994,0,3962.4874363134836,0,3962.2989339743908,0,128,6490bbaa1786dbaf476902944a466b7cac7c6b327e63a3ae60f2a7e11c8608e5,de27a6e7a9b838129901992f426133993a5af9fc637a7793831caeeeda0047a9,9553905e11ae3dc893283cece6c34007add0790b489c7b6ac66753279b1c899e,5e0b999caeba2435f8b4dbfe608876716e1fc1452a57ce45ce5d6f8a5e7719b9,5e0b999caeba2435f8b4dbfe608876716e1fc1452a57ce45ce5d6f8a5e7719b9,c371257c759021bb97a1e27f6eaaf8af9ace82f4b553ccd6e221c5b075021ada,c371257c759021bb97a1e27f6eaaf8af9ace82f4b553ccd6e221c5b075021ada,0,0,0,0,0,0,0,1.2316915672272444e-05,0.075170516967773438,0.010676508187316358,1.2316915672272444e-05,0.075170516967773438,0.010676508187316358,0,0,0.0001,64,64,0,6877.140248,1.910316735,24.34969418772387,666.05379847466895,88361.6100823874
ect.q256.schedule-switch-training-telemetry/v1,q256_fresh_crossed_switch_n12_matpool_numeric_recovery_v2,AB,A,B,857,q256_target_weight_v1,B,1.1000000000000001,1.1000000000000001,4857,4845,621696,621.696000,0,nan,1,inf,0,55732739,0,0,0,0,3962.4874363134836,0,3962.2990136258859,0,128,ded7388167793da1f988005d2b2ed3917e3d342d72f1b3fe9a978704310e8c5f,118c8718c4c1e22d8eac80508e372ddefc24df6085ba5f46be0180a164f3526c,99f4183cac22d3bf82a64252b08c4431346b1fdbd8aaf00d778402be83b24493,4316cb6301aece0a9b1e648b3a18f2f570f3af57dfd9ac11c92c3f0d4008bedf,4316cb6301aece0a9b1e648b3a18f2f570f3af57dfd9ac11c92c3f0d4008bedf,3709c5518f40f605fda9a4a995947889bff3611a454aebb8f79f05d57f70d7a6,3709c5518f40f605fda9a4a995947889bff3611a454aebb8f79f05d57f70d7a6,0,0,0,0,0,0,0,3.8649304769933224e-05,0.23072052001953125,0.01484349521342665,3.8649304769933224e-05,0.23072052001953125,0.01484349521342665,0,0,0.0001,64,32,1,6879.066458,1.910851794,24.332649539668715,666.05379847466895,88361.6100823874
ect.q256.schedule-switch-training-telemetry/v1,q256_fresh_crossed_switch_n12_matpool_numeric_recovery_v2,AB,A,B,858,q256_target_weight_v1,B,1.1000000000000001,1.1000000000000001,4858,4846,621824,621.824000,0,14.585991382598877,0,1856.1675019122611,1856.1675019122611,0,1856.1675019122611,0,0.33890605587431927,0,3962.4874922238123,0,3962.2990929067796,0,128,acd58c8e22c00a6d2a98e2d021bfa3efb43c604efd269812522dd7f4aed3e8ae,64ddb00628c0767a5a2e3bce6c3540f338a7724ab84ddf02e3462e9cec2db4a6,8aabc7b46f5935e33e15c88208083398cdc6df853771f537d6cad3070efbabd5,a50411f20480fa967b60c67bdacd3a8eef617725930fb30389aa86222080b6da,a50411f20480fa967b60c67bdacd3a8eef617725930fb30389aa86222080b6da,3f22609924e14e2c8d55bb5a0614bbdeb4df933cda557a4417e88729e0b988c1,3f22609924e14e2c8d55bb5a0614bbdeb4df933cda557a4417e88729e0b988c1,0,0,0,0,0,0,0,0.00011112168431282043,1.633026123046875,0.031224679260049015,0.00011112168431282043,1.633026123046875,0.031224679260049015,0,0,0.0001,32,32,0,6881.008741,1.911391317,24.407475782176768,659.92150293412772,88325.370099123131
ect.q256.schedule-switch-training-telemetry/v1,q256_fresh_crossed_switch_n12_matpool_numeric_recovery_v2,AB,A,B,859,q256_target_weight_v1,B,1.1000000000000001,1.1000000000000001,4859,4847,621952,621.952000,0,15.650998473167419,0,1559.5900917541187,1559.5900917541187,0,1559.5900917541187,0,0.32805966207085446,0,3962.487564719745,0,3962.2991718921958,0,128,f015060092ed0404e0337646c3b5d91eff752198f9f7c4e9b46a65c85123e182,295926ab926391b87ee4d5887ebef620eacc92c2331662e0b8e5ebba9910f5c9,d8e871a6f409afd3342be60150701e3001420d3b99c4cc2f50c8d05b48a2272c,fb7975d51c62e0e9bdf1ec435cab03da0c5a6e0a715a43f3e069f503cd144834,fb7975d51c62e0e9bdf1ec435cab03da0c5a6e0a715a43f3e069f503cd144834,3e37a82c7c601c2b0c2f46ae2fc38789db1b94da92867ce61546d00acf5eb751,3e37a82c7c601c2b0c2f46ae2fc38789db1b94da92867ce61546d00acf5eb751,0,0,0,0,0,0,0,3.005005419254303e-05,0.1348876953125,0.010536358633544296,3.005005419254303e-05,0.1348876953125,0.010536358633544296,0,0,0.0001,32,32,0,6882.949701,1.911930472,24.476049316724801,643.51823476055824,88274.502929482056
ect.q256.schedule-switch-training-telemetry/v1,q256_fresh_crossed_switch_n12_matpool_numeric_recovery_v2,AB,A,B,860,q256_target_weight_v1,B,1.1000000000000001,1.1000000000000001,4860,4848,622080,622.080000,0,17.448298215866089,0,1990.391012474317,1990.391012474317,0,1990.391012474317,0,0.31827764251164797,0,3962.4877165243247,0,3962.2992506456135,0,128,b405f29265083b6270e11d1a23028e53c2acab1f0f7331eb5b9b3151b46c9a06,b48c10f681070f18adcf8b47df31e5c92fe1bd71fa0bd6e14b0ea0e01d527822,8be018f11beb79066059fda60e3fb297b60b5bba02ef7a15dc8133b75444b166,f7c338aa5b7e022de616e245755b31a5da723958d9ab286aa7a4089264cd292b,f7c338aa5b7e022de616e245755b31a5da723958d9ab286aa7a4089264cd292b,4da62a375551191d237e4a2650477510e4efbff9df7beb1111297dd42125b337,4da62a375551191d237e4a2650477510e4efbff9df7beb1111297dd42125b337,0,0,0,0,0,0,0,9.2208501882851124e-06,0.44451141357421875,0.013815668877214193,9.2208501882851124e-06,0.44451141357421875,0.013815668877214193,0,0,0.0001,32,32,0,6884.885796,1.912468277,24.538424285868047,646.61071315582899,88258.64596303225
ect.q256.schedule-switch-training-telemetry/v1,q256_fresh_crossed_switch_n12_matpool_numeric_recovery_v2,AB,A,B,861,q256_target_weight_v1,B,1.1000000000000001,1.1000000000000001,4861,4849,622208,622.208000,0,15.154413819313049,0,1637.3931429777456,1637.3931429777456,0,1637.3931429777456,0,0.30035478197142279,0,3962.4879319058914,0,3962.2993292734354,0,128,edb833cbb9cf5e3d15e238663338bb460b9ca3167a2d09e3741b2684b75bb865,84180ffec46b068c3f077d170eb2f17bc62565db88140c437809d1ccfc53e6ff,e861af282842edd631419f537ce168f1c5374cf257418bdd2643e546c93e47ad,7521e5dc6e1975341f81edfd4a8e9e7012986a40f420757e6f805d37dbacc7d6,7521e5dc6e1975341f81edfd4a8e9e7012986a40f420757e6f805d37dbacc7d6,9d69fc649ebe3f6b690bff2ee07172379db47e5b8670f6abce02e930c96ec504,9d69fc649ebe3f6b690bff2ee07172379db47e5b8670f6abce02e930c96ec504,0,0,0,0,0,0,0,3.062619362026453e-05,0.1081695556640625,0.013967357692308724,3.062619362026453e-05,0.1081695556640625,0.013967357692308724,0,0,0.0001,32,32,0,6886.820259,1.913005628,24.595473508384881,642.88144707302001,88208.955355323182
ect.q256.schedule-switch-training-telemetry/v1,q256_fresh_crossed_switch_n12_matpool_numeric_recovery_v2,AB,A,B,862,q256_target_weight_v1,B,1.1000000000000001,1.1000000000000001,4862,4850,622336,622.336000,0,15.655934810638428,0,1511.3199719481861,1511.3199719481861,0,1511.3199719481861,0,0.28297053157650337,0,3962.4882562206831,0,3962.2994078582287,0,128,82b9e85523f7f1c6e7321efaae2cef3ca926bc038cb843093b3a992f1941bd7b,e313487b7521d0f4f730768a17baf974561cc5be558d3e3da6a24c2237cc1d8b,70fc8264311890c84fe3cffe6350ea5169bd9baa01c5caccf1cf43a5e2065b55,3d79ca090e2a715b5eee80df8d8c3916e78958f230f7f8abc9f0d3e12755db6a,3d79ca090e2a715b5eee80df8d8c3916e78958f230f7f8abc9f0d3e12755db6a,4849a4669ce4e973c47351e7d1a1355c3f9a65d690b5e5ec4829716d6e80b93c,4849a4669ce4e973c47351e7d1a1355c3f9a65d690b5e5ec4829716d6e80b93c,0,0,0,0,0,0,0,0.00010005710646510124,0.28575897216796875,0.012818756280466914,0.00010005710646510124,0.28575897216796875,0.012818756280466914,0,0,0.0001,32,32,0,6888.754181,1.913542828,24.647317885842515,639.25448995062573,88154.543747500167
ect.q256.schedule-switch-training-telemetry/v1,q256_fresh_crossed_switch_n12_matpool_numeric_recovery_v2,AB,A,B,863,q256_target_weight_v1,B,1.1000000000000001,1.1000000000000001,4863,4851,622464,622.464000,0,15.581732153892517,0,1563.6746390847316,1563.6746390847316,0,1563.6746390847316,0,0.26769038524536465,0,3962.4887339311863,0,3962.2994865215969,0,128,ed37f1d6a80e9e5b4a09dc097b42ad623686baf83c26c925963e030aa054529d,58d95d369ed65917d9c5f3798f0fced3222ee4a1e5049a596c777dba34a4bd8a,abbefc0e76043b88f06ef527ee933594570041189f17bd6c2e1b64bae9d5b98b,7260bde750c7502cb80bbb6fcf0a4c4bd907b861d8c967399191da19ff906220,7260bde750c7502cb80bbb6fcf0a4c4bd907b861d8c967399191da19ff906220,b5f6d812af1602051c76c95f436be76cf2a91a07bd163b5a23a4d2fe6a6188fd,b5f6d812af1602051c76c95f436be76cf2a91a07bd163b5a23a4d2fe6a6188fd,0,0,0,0,0,0,0,7.4719078838825226e-05,0.071348190307617188,0.010207659273874015,7.4719078838825226e-05,0.071348190307617188,0.010207659273874015,0,0,0.0001,32,32,0,6890.686624,1.914079618,24.694670326405991,596.13251168015358,88110.264757472236
ect.q256.schedule-switch-training-telemetry/v1,q256_fresh_crossed_switch_n12_matpool_numeric_recovery_v2,AB,A,B,864,q256_target_weight_v1,B,1.1000000000000001,1.1000000000000001,4864,4852,622592,622.592000,0,15.028359413146973,0,2099.1293828124749,2099.1293828124749,0,2099.1293828124749,0,0.25263447369847025,0,3962.4892342217895,0,3962.2995653881462,0,128,7ef0da54b0f6d28a642fbe01ace7f98d1b86004814be9ed1f9dda160b23b5e9f,be2d7aa11f293abf94a4ff1986602f45b328bcf465eab9a960f607ac514d6347,e0e59cb462ab4425d391bf5b0b0789286015a735405939fc99a0db6e8d711427,fdf4624da0b611f84317a5bea520db58ec6f6319430ac2cd85f10dbb970eec4c,fdf4624da0b611f84317a5bea520db58ec6f6319430ac2cd85f10dbb970eec4c,2c00e1b7467556527d956eb091fc16d0cc2ffbb9ac4e5dcab82a4f7bb82e61fd,2c00e1b7467556527d956eb091fc16d0cc2ffbb9ac4e5dcab82a4f7bb82e61fd,0,0,0,0,0,0,0,9.3841226771473885e-06,0.5131072998046875,0.014870966551825404,9.3841226771473885e-06,0.5131072998046875,0.014870966551825404,0,0,0.0001,32,32,0,6892.625834,1.914618287,24.735143579019045,628.60147020637066,88090.118262302305
ect.q256.schedule-switch-training-telemetry/v1,q256_fresh_crossed_switch_n12_matpool_numeric_recovery_v2,AB,A,B,865,q256_target_weight_v1,B,1.1000000000000001,1.1000000000000001,4865,4853,622720,622.720000,0,13.816755771636963,0,2150.095963587702,2150.095963587702,0,2150.095963587702,0,0.24373096327289051,0,3962.4897950564232,0,3962.299644411914,0,128,516b89ae3740462d292e43660407503ebedd2b08a7a9e79684b4a12c6b6c1f70,a85c7fbc76ab9f024d51fc931392abb6e9371c9d908348bd38d4c4263cb41d70,213ffac14775a05e5a1ca2660df5beb4ea6a7aaac3e9abddd63df6d53f9d89ed,2994ebb2e07c05035a943c01411ac3c5a18a35971f547e00ce3054658e2a7010,2994ebb2e07c05035a943c01411ac3c5a18a35971f547e00ce3054658e2a7010,d1d2d44694b72d01b78b0b6cfebae2ea51d4ee1208effbb90bef99dac281b113,d1d2d44694b72d01b78b0b6cfebae2ea51d4ee1208effbb90bef99dac281b113,0,0,0,0,0,0,0,0.00031900219619274139,0.3041229248046875,0.013396912021562457,0.00031900219619274139,0.3041229248046875,0.013396912021562457,0,0,0.0001,32,32,0,6894.568637,1.915157955,24.770616202181998,674.89057406996619,88073.943635998687
ect.q256.schedule-switch-training-telemetry/v1,q256_fresh_crossed_switch_n12_matpool_numeric_recovery_v2,AB,A,B,866,q256_target_weight_v1,B,1.1000000000000001,1.1000000000000001,4866,4853,622848,622.848000,0,nan,2,inf,0,55732739,0,0,0,0,3962.4897950564232,0,3962.2997234594659,0,128,145b5c11d620ce4ae07438aad3106427be8a500c21edb86b6c5b0149bded6277,27f138a9d111be0138852b7c42ebe7abee1e9c8e1e6a2f362bd4465118e8d62c,a9870c92140174ad967046bfea8699cdc39f9711b8bcf56d8e97a11bb647376a,bd4ace16f823edbade49ddec8c0b1f88a91f3aeeba8a355c9088e304700dc874,bd4ace16f823edbade49ddec8c0b1f88a91f3aeeba8a355c9088e304700dc874,df2fdefc2209e56b87035954fe091ab45a775e5a6ce0508cead49893b2a857ef,df2fdefc2209e56b87035954fe091ab45a775e5a6ce0508cead49893b2a857ef,0,0,0,0,0,0,0,1.5318568330258131e-05,0.27157211303710938,0.011666749778669327,1.5318568330258131e-05,0.27157211303710938,0.011666749778669327,0,0,0.0001,32,16,1,6896.493857,1.915692738,24.753276902950827,674.89057406996619,88073.943635998687
