layer,update_reference_l2,update_probe_l2,update_cosine,s_K_star_layer,c_K_star_layer,R_opt_layer,layer_residual_with_global_c_star,support_atol,support_coordinate_count,coordinate_count,support_coordinate_coverage,support_energy_coverage,h_update_weighted_mean,h_update_weighted_std,h_update_p05,h_update_p50,h_update_p95,h_moment_coordinate_count,h_moment_weighted_mean,h_moment_weighted_std,h_moment_p50,h_update_minus_moment_weighted_rmse,h_update_minus_moment_eps_weighted_rmse,off_support_candidate_energy_exact,predicted_reference_l2,predicted_probe_l2,s_K_star_predicted_layer,c_K_star_predicted_layer,R_pred_layer,predicted_layer_residual_with_global_c_star,predicted_off_support_candidate_energy_exact
model.dec.16x16_block0.affine,0.006141014345143561,0.0060501681307461525,0.9995974246272016,0.984810023581543,1.0146068656850953,0.027952600525525208,0.02838896121849731,0.0,131077,131328,0.9980887548732943,1.0,0.984810023581543,0.02794678316063882,0.8089834640661437,0.9844111592248173,1.125,131077,0.9848104324132444,0.02794889357526176,0.9837761322530302,0.0007835243912112966,0.0007835242721176,4.690367549301051e-10,0.0061410090784118085,0.00605016431390391,0.9848104386032654,1.0146068331052924,0.027945852204714842,0.028382125588043244,0.0
model.dec.16x16_block0.conv0,0.022856753195849826,0.022523212138151352,0.9995198782964174,0.9849342145085189,1.0143215378178374,0.030531934405517727,0.031009407667332428,0.0,1178946,1179904,0.9991880695378607,1.0,0.9849342145085191,0.030521223226891176,0.7992847456979698,0.9857954545454546,1.1696428571428572,1178946,0.9849342867680358,0.03051400944980418,0.9857588687262111,0.0010706817045111963,0.001070681704594493,1.3066756494781513e-08,0.02285675205422673,0.02252320196321621,0.984934297830369,1.014322438748173,0.03051646367631749,0.030993715284598863,0.0
model.dec.16x16_block0.conv1,0.01641189376739921,0.016153882259844286,0.9994880131716745,0.9837750544652422,1.0154519409082623,0.03149249089937814,0.03199579472472359,0.0,589513,590080,0.999039113340564,1.0000000000000002,0.9837750544652422,0.03147928378590998,0.7913043478260869,0.9843682153712549,1.1746031746031746,589513,0.9837743013952575,0.03147592412749432,0.984309039333436,0.001275754811773114,0.001275754811733003,8.567706174609817e-09,0.016411896051947587,0.01615386168904712,0.9837742344741813,1.015453963429497,0.03147464432238608,0.031977701764300336,0.0
model.dec.16x16_block0.norm0,0.0005914988135469019,0.0005825455565218366,0.9996165565102991,0.9844858009585168,1.0149798596146666,0.027270937141646048,0.027696659212519622,0.0,1023,1024,0.9990234375,1.0,0.9844858009585168,0.02726795817186264,0.8181818181818182,0.9847806624888094,1.1654867256637167,1023,0.9844746058662356,0.027244920784817155,0.9855110767542896,0.0019644022818821106,0.0019644022821049085,2.174069977184762e-12,0.000591500245021994,0.0005825384366489662,0.9844719792633827,1.0149953328001422,0.027249115052644685,0.02767459290500284,0.0
model.dec.16x16_block0.norm1,0.00046879959704903786,0.0004612736722123531,0.9996258949813915,0.9835782929830333,1.0159353221254803,0.02691178973404915,0.027352940398290223,0.0,509,512,0.994140625,1.0,0.9835782929830333,0.026897369550798765,0.7558823529411764,0.9854227405247813,1.1666666666666667,509,0.9835205067826074,0.026598100603769798,0.9851681799381155,0.003060735850630617,0.0030607358502975253,6.522209931554286e-12,0.00046884559680706396,0.0004612883016400112,0.9835206812215526,1.016010738123681,0.026627150120718802,0.02706649298773763,0.0
model.dec.16x16_block0.skip,0.0068952269638341,0.006793104041340036,0.9995069637244796,0.9847035971748228,1.0145328740546529,0.03093289715592675,0.031415296725941684,0.0,131302,131328,0.999802022417154,1.0,0.9847035971748228,0.03093024294820269,0.7913054497814455,0.984650604384529,1.1798561151079137,131302,0.9847039025714327,0.030934866861021853,0.9846505008406148,0.00046478412663638886,0.00046478412670793666,2.985776731178714e-10,0.006895223097833544,0.00679310192898404,0.9847038763058683,1.0145326549390261,0.030931847068829742,0.031414245681551455,0.0
model.dec.16x16_block1.affine,0.006778416408831279,0.00666693036309092,0.9996168327461743,0.983175923658149,1.016332670750924,0.02722483518974391,0.027689647015710486,0.0,131149,131328,0.9986370004873294,0.9999999999999997,0.9831759236581493,0.027220215445823377,0.74856151940545,0.9856540084388186,1.1664128431448402,131149,0.9831748523671523,0.027216437398312636,0.9850064370642767,0.0005792746945797188,0.0005792758550677824,4.420039251027104e-10,0.006778405418209542,0.006666911326467526,0.9831748395634838,1.0163340583423885,0.027220138506074,0.02768493168585571,0.0
model.dec.16x16_block1.conv0,0.023128350288327205,0.022777361586913483,0.9995035140791583,0.9843353574189683,1.014905405080733,0.03102939546914926,0.031514826108167575,0.0,1178959,1179904,0.9991990873833804,1.0,0.984335357418968,0.031017635914041077,0.7931034482758621,0.9849498327759197,1.175,1178959,0.9843359017915728,0.031013166250361927,0.9848952855765947,0.001057000033982774,0.0010570000333408084,1.492775641441065e-08,0.02312833510901949,0.02277734856863165,0.9843358833206338,1.0149057752627686,0.03101535869234462,0.031500575437826646,0.0
model.dec.16x16_block1.conv1,0.015701865034995852,0.015449344363298333,0.9994695875566006,0.9833959089822069,1.015805991591364,0.03204225460459624,0.03256666012198509,0.0,589513,590080,0.999039113340564,1.0,0.983395908982207,0.03202871617256093,0.7857142857142857,0.9839181286549707,1.178997934380555,589513,0.9833971074558898,0.032015846824420754,0.9838473795068526,0.0013728379294670068,0.0013728379289841691,8.179475980820234e-09,0.015701840474865666,0.015449327873612608,0.9833972254630511,1.0158063421227435,0.032016851243127496,0.03254082525296003,0.0
model.dec.16x16_block1.norm0,0.0006472677467207315,0.000636889881708927,0.9995970170450155,0.9835701364200314,1.0158850492575235,0.02793154515441649,0.028388130183791015,0.0,1024,1024,1.0,1.0,0.9835701364200314,0.02793154515441649,0.8187218721872188,0.9828570029143096,1.17197545295149,1024,0.983666688343172,0.027825407386351305,0.9828283301107144,0.0018726968668637016,0.0018726968666579744,0.0,0.000647238608180586,0.0006369217933604375,0.9836679301509287,1.0157927871604062,0.02778487813951464,0.028235615102014788,0.0
model.dec.16x16_block1.norm1,0.00046432338347834586,0.0004579289003958402,0.9995895369326669,0.9858235742204666,1.013547726463488,0.028254327100334868,0.028719810131465635,0.0,508,512,0.9921875,1.0,0.9858235742204666,0.028221647752288376,0.8063636363636364,0.9871572871572871,1.2608333333333328,508,0.9855056697992762,0.028257510008629937,0.9853757755229847,0.0032912060230687406,0.0032912060234877227,1.5218489840293335e-11,0.00046439360004906904,0.000457848041183256,0.985497594112745,1.0138770659084777,0.02834525861169997,0.028800265403896012,0.0
model.dec.16x16_block1.skip,0.006202248329025115,0.0061048715701042325,0.9994768602484541,0.9837848382421838,1.0154191804348478,0.031834236131829154,0.0323424673563789,0.0,131310,131328,0.9998629385964912,1.0000000000000002,0.9837848382421837,0.031832920480993385,0.7810001562816011,0.983904827735191,1.184991758241758,131310,0.9837842299226577,0.03183403258288084,0.9838971324916101,0.0003975861830506764,0.0003975861831506676,1.2323887638004002e-10,0.006202250876801857,0.006104869985810418,0.9837842083878677,1.0154198915894832,0.03183330089778406,0.032341537556082885,0.0
model.dec.16x16_block2.affine,0.006058584820039643,0.005935318030544303,0.9994894450974988,0.9791540270599182,1.0202471963077315,0.03130066652030267,0.03227438136709579,0.0,131089,131328,0.9981801291423001,1.0,0.9791540270599182,0.031297370008335434,0.780648677155665,0.9814492753623189,1.17615402731983,131089,0.9791545306575333,0.03129734851597105,0.9808336636980488,0.0006717287063924935,0.0006717308122409046,2.8970172458430884e-10,0.0060585854001395404,0.005935320372138557,0.9791545676915911,1.020247149989455,0.03129291412004248,0.03226646880276827,0.0
model.dec.16x16_block2.conv0,0.022605004763129283,0.022243744911729063,0.999486934776196,0.9835137241833518,1.0157195657008258,0.031517290723463195,0.03202940295678457,0.0,1178908,1179904,0.9991558635278802,1.0,0.9835137241833518,0.031506295498731476,0.7888446215139442,0.9840546697038725,1.1777654943688243,1178908,0.9835159145149331,0.031503971973278914,0.9840030534143824,0.0010874521351908707,0.001087452135140315,1.3542840267184663e-08,0.02260497731413412,0.022243756025564693,0.9835158230253715,1.0157182515296086,0.03150444893905936,0.03201629112897949,0.0
model.dec.16x16_block2.conv1,0.01474502004704921,0.014507221207238578,0.9994791915273064,0.9833601905763633,1.0158624112194048,0.03174945909435885,0.03227097484459118,0.0,589431,590080,0.9989001491323211,0.9999999999999999,0.9833601905763636,0.03173483682680407,0.7878787878787878,0.9838187702265372,1.179245283018868,589431,0.9833623700965322,0.03172212740612098,0.9837544380156201,0.0014728116238712508,0.0014728116230900842,7.719072077731905e-09,0.014745026078506838,0.014507244926613228,0.9833622524342029,1.015862050424988,0.03172296504879497,0.0322440013231167,0.0
model.dec.16x16_block2.norm0,0.0006520131394465975,0.0006399272245408078,0.9995667480500539,0.9810384731906799,1.0184449551278332,0.028887666063332693,0.029566020263041157,0.0,1023,1024,0.9990234375,1.0,0.9810384731906799,0.028885351641901053,0.780536594339714,0.9807355516637478,1.1662962962962964,1023,0.9810024752396169,0.028808744540936494,0.9805722882793946,0.0019896371684492127,0.001989637168343341,2.174069977184762e-12,0.0006520305013183727,0.0006399212235086695,0.9810069880590416,1.0184856089492338,0.028756024752049775,0.029437315992254683,0.0
model.dec.16x16_block2.norm1,0.0004047515766475598,0.00039683206480858765,0.9994312150484924,0.9798759920512837,1.0193766983945336,0.033063246153402566,0.03392647869232048,0.0,510,512,0.99609375,1.0,0.9798759920512837,0.032973923099008116,0.7516304347826087,0.9834333733493397,1.1974999999999998,510,0.980006799468717,0.03303589425693753,0.9832332055859021,0.005153266055264945,0.005153266054782036,3.6959189612140955e-11,0.0004046833456541982,0.00039681420029403185,0.980009305404139,1.0192634532182614,0.032703100622870886,0.03354518412015636,0.0
model.dec.16x16_block2.skip,0.005262600106071354,0.005178666429096302,0.9994921164195422,0.9835511277926683,1.0156914699765367,0.03135880482792047,0.031867201808738206,0.0,131282,131328,0.9996497319688109,1.0,0.9835511277926683,0.03135417702497332,0.7900573105889709,0.9836956521739131,1.1818181818181819,131282,0.9835505850841968,0.03135679573147364,0.9836978431659875,0.0004536859526958833,0.00045368595268219057,3.0741593635641924e-10,0.005262603901149128,0.005178666773791008,0.9835505392358548,1.0156921918905422,0.03135705117072536,0.03186544139519749,0.0
model.dec.16x16_block3.affine,0.0058319793049199185,0.005761605322195691,0.9995723079378062,0.9875105565747502,1.0117813851648496,0.028890940694714862,0.02948530471555593,0.0,131012,131328,0.9975938109161794,0.9999999999999998,0.9875105565747504,0.02888680575970398,0.7878787878787878,0.9865168539325843,1.1379747450218551,131012,0.9875095510519792,0.028882724150515925,0.9858984579316841,0.0006186161848912523,0.0006186158795149283,3.10781073967589e-10,0.005831983643411318,0.005761603110184975,0.9875096055641366,1.011782693028813,0.02888534504592946,0.029479611555656645,0.0
model.dec.16x16_block3.conv0,0.020623849585925405,0.020308208318324843,0.9994839840754816,0.9841872088364233,1.0150185101515894,0.03162950491648135,0.03212609381354056,0.0,1178708,1179904,0.9989863582121935,1.0000000000000002,0.9841872088364235,0.03161871284804802,0.7878787878787878,0.9845758354755784,1.1786605664488001,1178708,0.9841877571889271,0.031614278669452975,0.984495418162491,0.0011792247184393976,0.0011792247187489863,1.1104161664107338e-08,0.020623832256492145,0.020308190625885236,0.984187719671854,1.0150190997883959,0.03161265688792214,0.03210898522269461,0.0
model.dec.16x16_block3.conv1,0.014069249068692124,0.013841639613807289,0.9994844741160966,0.9833150172240689,1.0159198186754574,0.031586454154551497,0.03210746339176308,0.0,589288,590080,0.9986578091106291,1.0000000000000002,0.9833150172240688,0.03157010516588896,0.7866666666666666,0.9838709677419355,1.1764705882352942,589288,0.9833149099490734,0.03155427129189439,0.9837491071674536,0.0015466091813581986,0.0015466091806885713,7.817079322152612e-09,0.014069253189939561,0.013841628211131787,0.9833149401869578,1.0159220080849853,0.03155461660529582,0.032075156888408854,0.0
model.dec.16x16_block3.norm0,0.000544926133725983,0.0005374837735774346,0.9994489485250985,0.9857989167783145,1.0132879877494894,0.03274002190768357,0.03327115115135069,0.0,1021,1024,0.9970703125,1.0,0.9857989167783145,0.03271223732479321,0.7692307692307693,0.9875776397515528,1.1666666666666667,1021,0.9858469490819278,0.032703640626558964,0.9874310955318488,0.0022149601407618633,0.0022149601409082722,2.0653664783255238e-11,0.0005449234283490327,0.0005375056288383752,0.9858444944148134,1.0132423716469765,0.03272348943940699,0.03325606433962728,0.0
model.dec.16x16_block3.norm1,0.00039764414365710184,0.00039407100788258333,0.9995971237580171,0.9906149815588212,1.0086607091818647,0.02812787829699283,0.02920258362273006,0.0,510,512,0.99609375,1.0,0.9906149815588212,0.028087910269117958,0.8124125874125875,0.9901250780112336,1.1385714285714281,510,0.9906551743823314,0.02822874217764781,0.988400184842707,0.004136762691376438,0.004136762691127476,1.3587937357404763e-11,0.00039766000913083827,0.0003941003332802323,0.9906454061343246,1.0086220586218904,0.028261238656175615,0.029341593447604467,0.0
model.dec.16x16_block3.skip,0.004490699408434599,0.004417151129884231,0.9994899091397095,0.9831203516254347,1.0161320298379015,0.031413161859854044,0.031940606574422714,0.0,131271,131328,0.9995659722222222,1.0,0.9831203516254347,0.03140965711049111,0.7835051546391752,0.9835837076041505,1.1799653979238753,131271,0.9831210388943034,0.03140976580994926,0.9835641733942883,0.0004670403238052004,0.00046704032377766364,1.6982267802740834e-10,0.004490696373234384,0.004417150964437722,0.983121059850697,1.0161314643846047,0.031410660229506844,0.0319380266359202,0.0
model.dec.16x16_block4.affine,0.005642774958267833,0.005587241788157801,0.9995895768434487,0.989752151388491,1.009524779241297,0.028365542615194573,0.02927086080978534,0.0,131003,131328,0.997525280214425,1.0,0.989752151388491,0.02836202145658194,0.7883573192905416,0.9900990099009901,1.2113540332906525,131003,0.9897538436396324,0.028360567788444077,0.9890366038114526,0.0006757121665104746,0.0006757117652222278,2.43253172010686e-10,0.00564277060046823,0.005587246773746068,0.98975400486032,1.0095233088381224,0.02835840334955454,0.029264150928203437,0.0
model.dec.16x16_block4.conv0,0.01879551560119734,0.018511176149593633,0.999491461838986,0.9843711075921581,1.014844071086785,0.03140518244684747,0.031896115314716686,0.0,1178553,1179904,0.9988549915925363,1.0000000000000002,0.984371107592158,0.03139267011912717,0.7931034482758621,0.9850948509485095,1.175,1178553,0.9843718570235477,0.03138620585667444,0.984946144194095,0.001226552170269779,0.0012265521703024493,1.06165820189989e-08,0.018795507883884344,0.01851117102675307,0.9843718527257092,1.0148445676128561,0.03138595498466116,0.031876592511486355,0.0
model.dec.16x16_block4.conv1,0.014161742828566134,0.013955513001513153,0.9995083614667546,0.9849530599746594,1.0142787562563225,0.030896812095353905,0.03138014298015197,0.0,589287,590080,0.9986561144251627,1.0,0.9849530599746592,0.03088107040532889,0.7941176470588235,0.9855072463768116,1.1761363636363635,589287,0.9849544416685596,0.030868144798177344,0.9853627056903161,0.0015010888483847464,0.0015010888488806065,7.459523896947368e-09,0.0141617168746812,0.013955493722163648,0.9849544154003315,1.0142792367715643,0.030867770007359494,0.03135068169450486,0.0
model.dec.16x16_block4.norm0,0.0005181824114415481,0.0005133552104433681,0.9995446436545289,0.9902332452067277,1.0089435993939817,0.029893485504171324,0.030885329940694196,0.0,1019,1024,0.9951171875,1.0,0.9902332452067277,0.029888616430196375,0.812202380952381,0.994579945799458,1.1908730158730154,1019,0.9902940726579768,0.030112183424799866,0.9935463889837566,0.0027276290504895844,0.0027276290502816075,2.989346218629048e-12,0.0005181660036871013,0.0005133703028347012,0.990293700145944,1.0088819771077187,0.029895779464219088,0.03089905489132998,0.0
model.dec.16x16_block4.norm1,0.00037697831183565244,0.0003741531643716351,0.9996280238718905,0.992136620552557,1.0071759931142332,0.02706856291038932,0.0285237913311432,0.0,511,512,0.998046875,1.0,0.992136620552557,0.027066715739428947,0.6833333333333333,0.99,1.1428571428571428,511,0.992325025879956,0.02677037617388456,0.9883566348268582,0.004190631009876212,0.004190631009726087,5.435174942961905e-13,0.00037693712191594255,0.0003741802645034875,0.9923244171067286,1.0070006313120252,0.02679674437846191,0.02830990583194059,0.0
model.dec.16x16_block4.norm2,0.0002731816028704328,0.0002684609671500082,0.9995449461713549,0.9822725986652004,1.0171210117989136,0.02964330846549904,0.030201896927224314,0.0,512,512,1.0,1.0,0.9822725986652004,0.02964330846549904,0.7357720588235295,0.9784889180821633,1.1461764705882354,512,0.9822754892284,0.029648669989491182,0.9780350466430978,0.0004815365817539631,0.00048153658175570743,0.0,0.00027317593649334344,0.00026845607233781947,0.9822748318769846,1.0171182196203132,0.029651058054062773,0.030209539226023333,0.0
model.dec.16x16_block4.proj,0.0030770900674470026,0.0030397090025257663,0.999530543419232,0.9873880596714902,1.0118223503334025,0.030265896196840083,0.030863721399049186,0.0,65631,65792,0.9975528939688716,1.0,0.9873880596714902,0.030242131265432157,0.796261355695318,0.9871794871794872,1.170731707317073,65631,0.9873971683366345,0.030167498294170023,0.9865039814831081,0.0023617847006601692,0.002361784700559886,5.207428374160528e-10,0.003077053986578753,0.003039694224160634,0.9873977358725483,1.0118183757830255,0.030171385364045136,0.03076907487485348,0.0
model.dec.16x16_block4.qkv,0.005491784022828734,0.005406563237598524,0.9994951461659832,0.9839851113874898,1.015249657386291,0.031278854818688834,0.031773687728372677,0.0,197110,197376,0.9986523184176395,1.0,0.9839851113874898,0.03126791356243181,0.7954545454545454,0.9848968399928582,1.1776201483438322,197110,0.9839819912097174,0.03124463498250047,0.9846589319245109,0.0015767463140360692,0.0015767463141432754,7.893912207784296e-10,0.005491798456911475,0.005406554212033778,0.9839819652607652,1.0152551377316177,0.031244641335177823,0.03173902094690191,0.0
model.dec.16x16_block4.skip,0.004084412728697954,0.0040295585015942565,0.9995627456601262,0.9861384799218508,1.013169755418923,0.029171746237631208,0.029665371434190388,0.0,131264,131328,0.9995126705653021,1.0,0.9861384799218508,0.029168479211701976,0.8050888070612444,0.9864744171377904,1.1666666666666667,131264,0.9861390472424522,0.029165325875933287,0.9864590852069199,0.0004948787469763847,0.000494878746935274,1.2161111048586732e-10,0.004084406517427796,0.004029554160828758,0.9861390934484892,1.0131694870916266,0.02916580290609578,0.0296594112888493,0.0
model.dec.16x16_up.affine,0.007438629901064487,0.007332820607342086,0.9995839132078033,0.9853655330384046,1.014007458189511,0.02843412649182182,0.028886748804066057,0.0,131161,131328,0.9987283747563352,1.0,0.9853655330384046,0.02843063558400378,0.8283582089552238,0.9856115107913669,1.1472945891783568,131161,0.9853633474116144,0.02842804665315292,0.9852397690489473,0.0006470509990667903,0.0006470469781084888,4.201078901151291e-10,0.007438636069016247,0.007332808707392651,0.9853632569447188,1.0140100886561279,0.028429203616477626,0.028881716579114897,0.0
model.dec.16x16_up.conv0,0.017717145986132953,0.017457744044847272,0.9995145019516123,0.9848803163806196,1.014366134641574,0.030700848711340545,0.031180482739583227,0.0,589684,590080,0.9993289045553145,1.0,0.9848803163806198,0.030691917124765312,0.8,0.986263969200208,1.1666666666666667,589684,0.9848797022467843,0.030686309941865927,0.9862313299523511,0.0009820818399036795,0.0009820818397821899,6.583042622863524e-09,0.017717149772334816,0.01745773034129641,0.9848797329691679,1.014367559775025,0.0306879786844895,0.031167425237757024,0.0
model.dec.16x16_up.conv1,0.016799992765978478,0.01654111869381575,0.9995048834288583,0.9841033351708287,1.0151474710983672,0.030979239265393796,0.03146713636095963,0.0,589611,590080,0.9992051925162689,1.0,0.9841033351708289,0.030967676139564894,0.7983193277310925,0.9854311897861675,1.17,589611,0.984102684088324,0.03096419685245381,0.9853706895925181,0.0011157768631886457,0.0011157768611561552,7.732260106434907e-09,0.01680000477388251,0.016541111292224228,0.9841026759727687,1.0151491507612205,0.03096380700476888,0.03145148382939299,0.0
model.dec.16x16_up.norm0,0.000543414796288605,0.0005350382737697832,0.9995896722632905,0.9841813958297421,1.0152391796159141,0.02820260798221043,0.028646267763249272,0.0,512,512,1.0,1.0,0.9841813958297421,0.02820260798221042,0.7523477622890682,0.979874181993089,1.1422072784810127,512,0.9841368135874237,0.028060650881372124,0.9803014385451085,0.0014718130660118613,0.0014718130660744835,0.0,0.0005434041706842754,0.0005350037042577519,0.9841406902257115,1.0152886827311849,0.028074011048522373,0.028516402313117625,0.0
model.dec.16x16_up.norm1,0.0005426177460031658,0.0005344319419673287,0.9996178859440188,0.9845378849943119,1.0149288647282095,0.027225033777208158,0.027649779953482844,0.0,509,512,0.994140625,1.0,0.9845378849943119,0.02707927262575006,0.8248896734333628,0.9835255354200988,1.1389204545454545,509,0.9844762012955258,0.0269248587314105,0.983343011546936,0.0024354003456819504,0.0024354003446724385,8.913686906457523e-11,0.0005425754237594662,0.0005343554498948255,0.984478781160742,1.0150001591995308,0.027040912887125797,0.0274631049113389,0.0
model.dec.16x16_up.skip,0.005155478189521698,0.005074204809683031,0.9994801694031609,0.9837238945314688,1.015488812036999,0.031731347005227444,0.03223975096476952,0.0,65789,65792,0.9999544017509727,1.0000000000000002,0.9837238945314687,0.03173120692224172,0.7821024258760108,0.9839857651245552,1.1876373512076737,65789,0.9837239174404669,0.031731532798586995,0.9839882507635866,0.00016714395748628486,0.00016714395759335603,9.037205768656158e-12,0.005155478729934264,0.005074205525782562,0.9837239208289723,1.0154887654541214,0.031731640009055644,0.03224004906546906,0.0
model.dec.32x32_aux_conv,0.0012618384996620079,0.0012424667200415923,0.9997026656851996,0.9843552026534542,1.0152894169544389,0.024009671620147947,0.024385851270861503,0.0,6912,6915,0.9995661605206074,1.0000000000000002,0.9843552026534541,0.024009243526179894,0.7974386267465469,0.9847888255797441,1.157694869128027,6912,0.98435954921865,0.02400554214143621,0.9848032088228083,0.00036232857678185587,0.0003623285767646473,1.2518501003500133e-12,0.0012618361912399524,0.0012424699760624099,0.9843596871526655,1.0152850062655858,0.024005510608513393,0.02438157648993527,0.0
model.dec.32x32_aux_norm,0.00032091137470234826,0.000313882952742371,0.9996136517420297,0.9777206710151444,1.0219968569464337,0.027185989462559516,0.02849169229233066,0.0,509,512,0.994140625,1.0,0.9777206710151444,0.027020522279503748,0.8309540770319945,0.9787798408488063,1.1637407000168543,509,0.9776012493033354,0.027021943355141465,0.9779925390920555,0.002032888024678018,0.0020328880247884457,3.5328637129252384e-11,0.00032090752160702704,0.0003138390466328449,0.9775993477651503,1.0221314336237544,0.027049006199944325,0.0283876117324922,0.0
model.dec.32x32_block0.affine,0.005048304962045234,0.004978176072585651,0.9995391435190489,0.9856539740149516,1.0136199170964217,0.029934532203345555,0.030418535448895112,0.0,130838,131328,0.9962688840155945,1.0000000000000002,0.9856539740149516,0.029931844960186495,0.7948670241525612,0.9836793520533068,1.1515151515151516,130838,0.9856492735151351,0.029928646385974884,0.9828065623084637,0.0007823400983990193,0.0007823401271708787,1.5681024588060074e-10,0.005048317441820958,0.004978163293966019,0.9856492059469683,1.0136252290091854,0.02992784034114307,0.030411609079254352,0.0
model.dec.32x32_block0.conv0,0.017603242043552493,0.01734795243026789,0.9995549069999449,0.9850589417093801,1.0142641925303526,0.029400019012791333,0.02986140493143958,0.0,1178393,1179904,0.998719387339987,1.0,0.9850589417093801,0.029387984577922792,0.8,0.9848484848484849,1.1666666666666667,1178393,0.9850599955046377,0.029373660522132923,0.9847052271762853,0.0012805400012950415,0.0012805400009043807,8.384806831907016e-09,0.017603234044428796,0.01734795070461879,0.9850600035753585,1.0142645658738605,0.029376156213036114,0.029837207242775676,0.0
model.dec.32x32_block0.conv1,0.012269777346936505,0.012082453011504896,0.9995454128094853,0.9842852190102066,1.0150421981071365,0.029688801495024897,0.030153975226702743,0.0,589022,590080,0.9982070227765727,1.0000000000000002,0.9842852190102065,0.029668594090717575,0.8,0.9846153846153847,1.16352081689265,589022,0.9842888376408447,0.029625457536617116,0.9843447487578287,0.0018899107867858093,0.0018899107854079226,6.906405277577985e-09,0.0122697540082932,0.01208245516803598,0.984289012707772,1.0150418865273472,0.02963092808099921,0.03009516512097917,0.0
model.dec.32x32_block0.norm0,0.00048047810466527813,0.00047545051233160594,0.9996642272869608,0.9892040124373049,1.0102350523781092,0.02564088179761214,0.026448924429013133,0.0,1020,1024,0.99609375,1.0,0.9892040124373049,0.025638180854505466,0.8259590792838875,0.9905881831871733,1.1428571428571428,1020,0.9891050713633186,0.02566692717058646,0.9900427407351751,0.0024084797212718463,0.0024084797214852104,1.2229143621664287e-12,0.00048049733363371514,0.00047542115126525825,0.9891056993088322,1.0103402844989193,0.02554711060147598,0.026337901555391514,0.0
model.dec.32x32_block0.norm1,0.0003580545465959107,0.0003535793489420304,0.9995321039412056,0.9870393042572964,1.0121830230062472,0.03020484303938504,0.030771970270055977,0.0,510,512,0.99609375,1.0,0.9870393042572964,0.030197502499516818,0.8174632352941177,0.9889806326270415,1.1385714285714281,510,0.9869653441931339,0.03021979242432027,0.9866096054388338,0.004107270188749299,0.004107270188988269,2.174069977184762e-12,0.00035805129205744856,0.00035354751339772793,0.9869590282471249,1.0122645793108664,0.03021468345283751,0.03077565084652263,0.0
model.dec.32x32_block0.skip,0.0038234710674934047,0.0037682904534558324,0.9995810996732047,0.9851550721483046,1.0142183734029235,0.028524065366957767,0.028973459884000796,0.0,131270,131328,0.9995583576998051,1.0000000000000002,0.9851550721483043,0.02852152376451367,0.8048780487804879,0.9852029723697908,1.1627906976744187,131270,0.9851559041035353,0.028517600508448027,0.9851749960007374,0.000575807643903373,0.0005758076439062766,8.106597928049878e-11,0.003823471877741465,0.0037682938183581194,0.9851558780561299,1.0142178216447524,0.028519422506972668,0.028968780943451452,0.0
model.dec.32x32_block1.affine,0.004469742000542172,0.004404539040836195,0.9995305408538475,0.9849497553024038,1.0143271742758577,0.030191238661472393,0.030663569587325103,0.0,130905,131328,0.9967790570175439,0.9999999999999998,0.9849497553024038,0.03018805597937659,0.8193018480492813,0.9870689655172413,1.1702053004852553,130905,0.9849493938441212,0.030181933655416587,0.9862779560732109,0.0007014674271739508,0.0007014672375743574,1.4683836352007637e-10,0.004469752759089703,0.00440454717424629,0.9849494680771382,1.014328015289766,0.030182584521849454,0.03065479622018024,0.0
model.dec.32x32_block1.conv0,0.014556510483036257,0.01435046245734818,0.9995388283259773,0.9853903136517254,1.0138904914021512,0.029936763918259755,0.0304129685870908,0.0,1178189,1179904,0.9985464919179865,1.0,0.9853903136517255,0.02992277756775461,0.8,0.985906331309627,1.1666666666666667,1178189,0.9853923692790151,0.029904584760352217,0.985692440741413,0.0014827645191769789,0.0014827645190830182,6.7849347654209875e-09,0.01455648324722904,0.014350450679028352,0.9853922921423662,1.0138903973791247,0.02990572139629711,0.030381526553920714,0.0
model.dec.32x32_block1.conv1,0.011180115003500794,0.011008715225901999,0.9995396905299798,0.9842159769005259,1.0151019861423607,0.02987310298770217,0.030342067861415696,0.0,588659,590080,0.9975918519522776,1.0,0.9842159769005259,0.029854148577446123,0.8,0.9837837837837838,1.1666666666666667,588659,0.9842194603773353,0.029797825296610375,0.9833147541377393,0.002136110437098598,0.002136110436202338,5.41213569284846e-09,0.011180098507478094,0.011008714504122667,0.9842195824160541,1.0151028423812076,0.02979998480609924,0.030267771752934682,0.0
model.dec.32x32_block1.norm0,0.00048659566629752907,0.0004799898126811482,0.9996720444279289,0.9861008442564886,1.0134300180669773,0.025261008089109655,0.02569741425640491,0.0,1022,1024,0.998046875,1.0,0.9861008442564886,0.025259523091239074,0.83359375,0.987054947009155,1.107112174766814,1022,0.9860768337392236,0.02524479722038226,0.9866837733179085,0.0018174326625697691,0.0018174326626648949,6.793968678702381e-13,0.00048658100629044086,0.0004799634326036972,0.986077026215643,1.0134558730139218,0.02523423165490601,0.025668921312539176,0.0
model.dec.32x32_block1.norm1,0.0002756790875956093,0.0002718740763966898,0.9994273655302252,0.9856329484363633,1.0134148422648606,0.03336994843431265,0.03390511067052961,0.0,509,512,0.994140625,1.0,0.9856329484363633,0.033355936818718485,0.8242424242424243,0.9883720930232558,1.1666666666666667,509,0.9857781296317005,0.03343748917248545,0.9855842832751105,0.005385728649878157,0.005385728650607813,2.7175874714809524e-12,0.00027573092950260625,0.00027195955728018397,0.9857535200925601,1.0132827638329,0.03349066978409004,0.034031517709084524,0.0
model.dec.32x32_block1.skip,0.0032184214261599797,0.003169593395870978,0.9995487723338793,0.9843841958945888,1.0149469611976094,0.0295817936445847,0.030044248643883227,0.0,131239,131328,0.9993223075048733,1.0,0.9843841958945888,0.02957466375988664,0.8035701576004067,0.9839469178082192,1.1666666666666667,131239,0.9843874928174305,0.029571666673458098,0.9839145992516918,0.0007110833506616856,0.0007110833506336327,1.670951384533707e-10,0.0032184162205823453,0.0031695982408747655,0.984387501973481,1.014943983833031,0.029574925033493314,0.030037253178889115,0.0
model.dec.32x32_block2.affine,0.004488711469634856,0.004415007066278414,0.999563651940841,0.9831508699918423,1.0162504298954653,0.029053191978094323,0.029545278770976832,0.0,130894,131328,0.9966952972709552,0.9999999999999998,0.9831508699918425,0.029050746876947548,0.8064516129032258,0.9792284866468842,1.1622383920147625,130894,0.9831511592313903,0.029053804617456463,0.9786815472360386,0.0006304774592059527,0.0006304773888643258,1.0948108980566771e-10,0.004488710002095337,0.004415005990308232,0.9831510948320321,1.0162504931349514,0.029048354580008387,0.02954035092650174,0.0
model.dec.32x32_block2.conv0,0.01380382810788201,0.013603872557801986,0.9995478126801319,0.9850688485005057,1.014239594881599,0.029633851397895105,0.030099002132723218,0.0,1178192,1179904,0.9985490344977218,0.9999999999999999,0.9850688485005057,0.029619222496017467,0.8,0.9842588543944032,1.1639344262295082,1178192,0.9850703476596545,0.02959782799266522,0.9840813475810732,0.0014952485725029583,0.0014952485723686315,6.317060341428735e-09,0.013803824894934627,0.013603876471502914,0.9850703515953422,1.0142400867686356,0.029600925687075806,0.030065608101381522,0.0
model.dec.32x32_block2.conv1,0.010457973595072678,0.010294992018687919,0.9995883791276634,0.9840103621930185,1.015413014005513,0.02824213142708381,0.02868978571293364,0.0,588485,590080,0.9972969766811279,0.9999999999999999,0.9840103621930185,0.028219702530843785,0.803921568627451,0.9841269841269841,1.1578947368421053,588485,0.9840153669948491,0.028153295342139992,0.9834110351014285,0.00228638456846743,0.0022863845687844673,5.297260032678262e-09,0.010457948208664632,0.010294993946213672,0.9840153843882036,1.0154128864565468,0.02815673755837173,0.028602970401640452,0.0
model.dec.32x32_block2.norm0,0.000395838917709711,0.0003892690105470019,0.9994114555304235,0.9828237978080011,1.0162790722743205,0.03373432854140114,0.03431031013425617,0.0,1020,1024,0.99609375,1.0,0.9828237978080011,0.033728278858522726,0.7773504273504274,0.980217586976089,1.195169775227164,1020,0.9827973793265736,0.03359158174332252,0.9808011929744357,0.0022603550040590594,0.00226035500412356,2.4458287243328574e-12,0.00039583958806258137,0.0003892590887609943,0.9828009573890277,1.0163107037301236,0.03362034402162084,0.03419597145457469,0.0
model.dec.32x32_block2.norm1,0.00029285525109672264,0.0002870867039285973,0.9996286682794525,0.9799383772500598,1.0197146041471565,0.026712575687445204,0.027547201425692842,0.0,512,512,1.0,1.0,0.9799383772500598,0.0267125756874452,0.8184616225672425,0.9830508474576272,1.1688095238095237,512,0.9798977768570734,0.02650800782353281,0.9818350837904062,0.00492563310415343,0.004925633103942159,0.0,0.0002928699180020559,0.0002870864603740186,0.9798935043030693,1.0197717775315482,0.02652591664867213,0.027368462514114462,0.0
model.dec.32x32_block2.skip,0.0033350640837594165,0.0032838401036711855,0.9996203757960904,0.9842669873934756,1.0152132587042213,0.027128672504829063,0.027554388185342157,0.0,131236,131328,0.9992994639376218,1.0,0.9842669873934756,0.02712264690273859,0.815922732636378,0.9838843062757537,1.1511627906976745,131236,0.984271155916065,0.02711660384101471,0.9838369213853746,0.0008139259761981942,0.0008139259761656957,1.3906327354922518e-10,0.003335053167256739,0.003283842162853695,0.9842710493233935,1.0152095290263778,0.027120687640099925,0.027546228383855082,0.0
model.dec.32x32_block3.affine,0.00524184031299162,0.005172584986798257,0.9996552837743219,0.9864478129959535,1.0130395883213532,0.02590790399003798,0.026375439103939823,0.0,131017,131328,0.9976318835282652,1.0,0.9864478129959536,0.025906032180148322,0.8,0.9815883147170738,1.1257338989112753,131017,0.9864457253531288,0.025909522977780652,0.9811545364667562,0.0004373786060005782,0.0004373782257522732,1.0192230204548348e-10,0.005241849893000279,0.00517258307525349,0.9864457072536137,1.013041877425691,0.02590550021344509,0.026372898228613054,0.0
model.dec.32x32_block3.conv0,0.01575813384227802,0.015539166036568049,0.9996206316324014,0.9857303614746681,1.0137066344291965,0.027159844852044097,0.027605325899237962,0.0,1178573,1179904,0.998871942124105,1.0,0.9857303614746681,0.02715035215083076,0.821656050955414,0.984375,1.1454545454545455,1178573,0.9857308436159022,0.027133305478644572,0.9842049692956177,0.001297943533451322,0.0012979435335589453,4.896368409105626e-09,0.01575812649139112,0.015539154234006905,0.9857308167820419,1.013707696801676,0.027132814418989095,0.0275779445110568,0.0
model.dec.32x32_block3.conv1,0.010356160850253197,0.010198182186199415,0.9996371152090497,0.9843880921122867,1.0151223588648268,0.02652674465067242,0.026941658266460326,0.0,588063,590080,0.9965818194143167,1.0,0.9843880921122867,0.026504899309560133,0.8125,0.9846743295019157,1.150943396226415,588063,0.9843900563963567,0.026405662614084904,0.9836504208554143,0.0025660999531395,0.002566099950303564,4.7520918163046675e-09,0.01035617043057987,0.01019817944165531,0.9843901540826638,1.0151269097503763,0.026406297052703854,0.02681932559058191,0.0
model.dec.32x32_block3.norm0,0.00042358824221882954,0.0004167815118077593,0.9996388760272198,0.9835754643000657,1.0159646297969336,0.02644042882699382,0.02687472862111212,0.0,1023,1024,0.9990234375,1.0,0.9835754643000657,0.026440428826993816,0.8476851851851852,0.9823008849557522,1.1578077424967377,1023,0.983480386261431,0.026365023480628455,0.9820081474956402,0.0019167284452162642,0.0019167284451788768,0.0,0.0004236117020629252,0.0004167642858883794,0.9834829104278753,1.0160655441158202,0.02634221484636166,0.02677903942492033,0.0
model.dec.32x32_block3.norm1,0.0002924298379361872,0.00028768201812319206,0.9995572415556225,0.9833286729896605,1.0160536416665544,0.029271257497357126,0.029757788215677174,0.0,507,512,0.990234375,1.0,0.9833286729896605,0.029267709021992803,0.8613049477626651,0.9827586206896551,1.125,507,0.9834114017753771,0.028400635331262494,0.979019689460851,0.007239335287974458,0.007239335288212015,6.793968678702381e-13,0.00029243931275917037,0.0002877086044188843,0.9834144435643773,1.0160203135659052,0.02835986754114483,0.02882923539767322,0.0
model.dec.32x32_block3.skip,0.0037049347333068757,0.0036467871450435586,0.99962241416799,0.9839337079580583,1.0155612749366596,0.027046538870882344,0.027477810783694614,0.0,131236,131328,0.9992994639376218,0.9999999999999999,0.9839337079580587,0.027041746734809594,0.8255813953488372,0.9832134292565947,1.1428571428571428,131236,0.9839273055254154,0.027033101809740643,0.9831263314036961,0.0009509800619698229,0.0009509800621007367,1.3607765263065214e-10,0.0037049473162439352,0.0036467744473895063,0.9839273814398279,1.0155687154075943,0.027030301501832384,0.027461496377616627,0.0
model.dec.32x32_block4.affine,0.00698717570137373,0.006864872299274521,0.9996071396445282,0.9821100336368535,1.0174159711291435,0.027537356094106263,0.02808510787449548,0.0,130864,131328,0.9964668615984406,1.0000000000000002,0.9821100336368532,0.02753322821431925,0.8534603078753358,0.9773316062176166,1.1122127910199555,130864,0.9821096721129647,0.027534819405282712,0.9768865628463507,0.0003950738774578116,0.00039507416553996724,4.244664626720068e-10,0.006987174768138181,0.006864868421065685,0.9821096334213307,1.017416434294597,0.027536508273997385,0.028084259283738856,0.0
model.dec.32x32_block4.conv0,0.01959589360094405,0.01931034317614191,0.9996346641478103,0.9850680356078083,1.0144166957456238,0.02663461322117435,0.027053327636180808,0.0,884397,884992,0.9993276775383281,1.0,0.9850680356078083,0.026627933772604195,0.8293938376186389,0.9833795013850416,1.1386861313868613,884397,0.9850675862211671,0.026621288055508053,0.9833489342268739,0.000847279659872406,0.000847279659986105,5.224996621761808e-09,0.019595904458763636,0.019310338217220276,0.9850675490299649,1.014417839827417,0.026623042504369233,0.027041589318525926,0.0
model.dec.32x32_block4.conv1,0.01475339623384977,0.014522547692846681,0.9996683666917551,0.9840264100683537,1.0155589658358297,0.02534888521263372,0.02575184996904788,0.0,589138,590080,0.9984036062906725,0.9999999999999999,0.9840264100683538,0.025333834507039854,0.8416979339393132,0.9844074844074844,1.125,589138,0.9840305133796263,0.02530027585035262,0.984137254106819,0.0016501078305806304,0.0016501078249154166,6.350298108158177e-09,0.014753360315381471,0.014522554454850782,0.9840304741253432,1.0155572694397919,0.02530193727437195,0.025704084115487975,0.0
model.dec.32x32_block4.norm0,0.0005867966607265282,0.0005730575547562262,0.9996735017307253,0.9762674036814009,1.0236407630677193,0.024953449861668732,0.026733027565660993,0.0,767,768,0.9986979166666666,1.0,0.9762674036814009,0.02493276729810476,0.8731186892741475,0.975051975051975,1.092409394679347,767,0.9762740450070932,0.0248831363461943,0.975182077059716,0.0013421903627829847,0.0013421903627370184,1.3587937357404763e-11,0.0005867990663296433,0.0005730637343982321,0.9762759325438694,1.023636021671477,0.024875111450125748,0.02665472340928686,0.0
model.dec.32x32_block4.norm1,0.0003536642088100837,0.0003465906288718631,0.9995694036823395,0.979577179689599,1.0199696496548312,0.028756041536571575,0.02965470194768645,0.0,511,512,0.998046875,1.0,0.979577179689599,0.028756041536571575,0.8541033434650456,0.975,1.1111111111111112,511,0.9797232791109868,0.02777265310278821,0.9721469885801973,0.0076076062784487765,0.007607606278793598,0.0,0.00035362660481521387,0.0003465911447260894,0.9797126051644396,1.0198907046615229,0.027725375466062414,0.028599953125491396,0.0
model.dec.32x32_block4.skip,0.0038708862087635846,0.0038168749943084655,0.9996899625326334,0.9857410975846694,1.0138362128121143,0.024551948000805877,0.02495957826604675,0.0,98420,98560,0.9985795454545454,1.0000000000000002,0.9857410975846692,0.02454106318833719,0.8410590916523587,0.9858092879491678,1.134408934082171,98420,0.9857481684099444,0.024477784174791364,0.9855464115535033,0.0018562327239423724,0.0018562327244313393,3.0623495351969167e-10,0.003870862448986569,0.0038168714032154644,0.9857480382179583,1.013832812936799,0.024478996274777832,0.02488590999904338,0.0
model.dec.32x32_up.affine,0.004999502382257216,0.004938422654313061,0.9995894567667305,0.9873773109556123,1.0119526456529297,0.028301623214966515,0.028876465660852273,0.0,130937,131328,0.9970227217348928,0.9999999999999999,0.9873773109556124,0.028299237679994323,0.8,0.9882352941176471,1.184873949579832,130937,0.9873757579260303,0.028301771820969532,0.9874357483390737,0.0006456868173605739,0.0006456869315776783,1.2907903554970895e-10,0.004999502030724142,0.004938413893890738,0.9873757863588936,1.0119545310742508,0.02829607907334312,0.028870768249546843,0.0
model.dec.32x32_up.conv0,0.012746467876137587,0.012568492725659275,0.99954421762916,0.9855878781733247,1.0136981847296935,0.02976717427836494,0.030246467633413078,0.0,589302,590080,0.9986815347071584,0.9999999999999998,0.985587878173325,0.029753583948785477,0.8015873015873016,0.9862948960302458,1.1694915254237288,589302,0.9855869958528577,0.029740572552953676,0.9861190891687028,0.001342847487000867,0.001342847487810392,5.026567089366638e-09,0.012746471919430135,0.012568475859718695,0.9855870323293404,1.0137006784819833,0.029740977274753787,0.030219875933566103,0.0
model.dec.32x32_up.conv1,0.013397150498990254,0.013206435746331383,0.9995329502085157,0.9853041274907465,1.0139672520167355,0.030124445422518582,0.03060148163392023,0.0,589204,590080,0.9985154555314534,1.0,0.9853041274907463,0.03010807005194701,0.8,0.9854775287590685,1.169811320754717,589204,0.9853048947524432,0.03009011614373458,0.9852482445019912,0.0015507905113584586,0.0015507905119764743,6.77080549173843e-09,0.013397152342940638,0.013206434372038271,0.9853049188793724,1.0139685565793997,0.030090745415630032,0.03056730534796695,0.0
model.dec.32x32_up.norm0,0.0003131023086077904,0.0003100326387807018,0.9995126112588436,0.9897133423929625,1.0094089038448189,0.030911563136453855,0.03181257917896127,0.0,512,512,1.0,1.0,0.9897133423929625,0.03091156313645385,0.8181818181818182,0.9923545911410651,1.173913043478261,512,0.9897624480009846,0.03088370644302828,0.9919619672182478,0.0012856589088033373,0.0012856589087599762,0.0,0.0003130976630308587,0.0003100430023631096,0.9897625523856025,1.0093616563773706,0.030866879239342598,0.03177601876181594,0.0
model.dec.32x32_up.norm1,0.0004162177113447401,0.00041188459084982816,0.9996473083515679,0.9892402734718965,1.0101638276283984,0.02628023699011792,0.027094783152530028,0.0,508,512,0.9921875,1.0,0.9892402734718965,0.02622868327852908,0.842871506475801,0.9927271765577066,1.1643333333333332,508,0.9894216650705491,0.026063489073307373,0.9915874287148179,0.003524373870338178,0.0035243738691358205,1.7936077311774285e-11,0.0004161611448723672,0.00041190283009758796,0.9894242490253888,1.0099876360978697,0.02606946533246174,0.026917096745592003,0.0
model.dec.32x32_up.skip,0.003226804612971463,0.00317764958319672,0.9995345667058659,0.9843083112363513,1.0149963569696885,0.030041839108459683,0.030512218956163933,0.0,65783,65792,0.9998632052529183,1.0,0.9843083112363513,0.030041317295485145,0.7943423819936766,0.9843561973525873,1.179357864357864,65783,0.9843085327237374,0.030043975537208955,0.9843698619691792,0.0002696310101576062,0.0002696310102662935,1.2485509783524696e-11,0.0032268040496028043,0.0031776496255597306,0.984308494067009,1.0149961640205603,0.0300419149480751,0.030512302509283776,0.0
model.dec.8x8_block0.affine,0.007053901927816051,0.0069281115732730695,0.9994107592912514,0.9815885333754681,1.0175565747007924,0.03371186971614412,0.03437808148027307,0.0,131212,131328,0.9991167153996101,1.0000000000000002,0.9815885333754679,0.03370774249003442,0.782608695652174,0.9850606909430439,1.2166693047250556,131212,0.981585590513141,0.03370426996602422,0.9848396090974898,0.0006975985548583353,0.0006975938230896066,5.29537444098052e-10,0.00705391982827669,0.006928105785404301,0.9815854573707772,1.0175602505902352,0.033704913706358336,0.034371303195810596,0.0
model.dec.8x8_block0.conv0,0.026321962612011335,0.02585691520009284,0.9994358307801051,0.9817781411414607,1.017411101336789,0.03299262513444442,0.03363344896834665,0.0,1179195,1179904,0.9993991036558907,0.9999999999999999,0.9817781411414608,0.03298480224144987,0.7828618376928237,0.9829059829059829,1.1830590915227954,1179195,0.9817785263746673,0.032986854245865144,0.9828847087960035,0.0007672866692047197,0.0007672866670865617,1.3677056179990035e-08,0.026321959924236516,0.025856917486306544,0.981778522072586,1.0174111084000692,0.032986861723215244,0.03362756048377196,0.0
model.dec.8x8_block0.conv1,0.017929043635273274,0.017635721037871803,0.9994599217836326,0.9831085655027276,1.016083238722401,0.03232367848867517,0.03286482946810375,0.0,589828,590080,0.9995729392624729,1.0,0.9831085655027276,0.03231727130128636,0.7775882251182102,0.9831214220388012,1.189816889932451,589828,0.9831081746929624,0.03232063561951086,0.9831103341951104,0.0006703313004350444,0.0006703313000788011,5.091933593690278e-09,0.01792904949670413,0.017635717272741134,0.9831081209326241,1.0160838774609724,0.032321023378063696,0.0328621509014196,0.0
model.dec.8x8_block0.norm0,0.0006826564706670503,0.0006706441378298931,0.9994337548114749,0.9818472652265242,1.0173352471742254,0.03305564941946957,0.03369122047522028,0.0,1021,1024,0.9970703125,1.0,0.9818472652265242,0.03300937632431121,0.7969924812030075,0.9798994974874372,1.1636363636363636,1021,0.9818210363282603,0.03302398530750775,0.9804076472096526,0.0018407772858380794,0.0018407772869637594,5.4487628803193097e-11,0.0006826658628556036,0.0006706354892554569,0.9818204110094921,1.0173616548216857,0.03307508503845265,0.03371317645262922,0.0
model.dec.8x8_block0.norm1,0.0006016931406354939,0.0005917890400614225,0.9995060422816983,0.9830537883027105,1.0162336389369566,0.03090993598287797,0.03143355073703984,0.0,510,512,0.99609375,1.0,0.9830537883027105,0.030909301022774786,0.8105161158710731,0.9870486019870179,1.1571546052631578,510,0.9830148046521383,0.030862696837848782,0.9869233342721035,0.0021270402906334363,0.0021270402963675834,5.435174942961905e-13,0.0006017138684014849,0.0005917851967541188,0.9830138205182997,1.01627553725479,0.030899749961721793,0.03142532518973839,0.0
model.dec.8x8_block0.skip,0.00801309038155599,0.007882760155557429,0.9994651523687893,0.9832091870690923,1.0159898869307151,0.032169938415606635,0.03270414990978392,0.0,131317,131328,0.9999162402534113,1.0,0.9832091870690923,0.0321680938851283,0.7728214069672278,0.9830757910228108,1.187843813808882,131317,0.9832092886731522,0.03216937756500472,0.9830779728202877,0.00023652793991687707,0.0002365279398801896,2.914385655225029e-10,0.00801308873723049,0.007882759247246409,0.9832092946627295,1.0159898152793374,0.03216935672564894,0.03270354953544661,0.0
model.dec.8x8_block1.affine,0.007821687851228403,0.007714703548605993,0.9994407854940909,0.9857705294723441,1.0133006149450619,0.03298088078316583,0.033514620728353,0.0,131217,131328,0.9991547880116959,1.0000000000000002,0.9857705294723439,0.03297678208940339,0.7516408578324014,0.986982526093585,1.221311475409836,131217,0.9857703709304381,0.03297664917444763,0.9868556446625076,0.000600204068281676,0.0006001989605614089,6.325647944377555e-10,0.007821685419945863,0.007714698277408523,0.9857703072646962,1.0133011412947621,0.03297653665631451,0.03351023396155296,0.0
model.dec.8x8_block1.conv0,0.026799324150791913,0.026364130821109683,0.9994471435432337,0.9832171547646875,1.0159450411295903,0.03270775780119359,0.033249466344738486,0.0,1179259,1179904,0.9994533453569104,1.0,0.9832171547646874,0.032701905532059206,0.7936507936507936,0.9858757062146892,1.1730393709776372,1179259,0.9832166110857731,0.03270157726454936,0.9858455165304457,0.0007639400895350599,0.0007639400852391774,1.0514950086132346e-08,0.026799321448567736,0.026364107802527452,0.9832166301072442,1.0159460681779449,0.03270067797781125,0.033242301582093896,0.0
model.dec.8x8_block1.conv1,0.01859790611074744,0.01830021604080742,0.9994666807432124,0.9834685729819722,1.0157250301216953,0.032132379250239304,0.03265533479634668,0.0,589728,590080,0.9994034707158351,0.9999999999999999,0.9834685729819723,0.03212438400638473,0.7888888888888889,0.9849749582637729,1.1719670788894447,589728,0.9834694968238277,0.03212423458648172,0.984949546832993,0.0008230638083869013,0.0008230638074623366,6.796291366744412e-09,0.01859789442255181,0.018300216880546994,0.983469462444987,1.015724578838222,0.03212547522245738,0.03264829297421684,0.0
model.dec.8x8_block1.norm0,0.0007321811231572084,0.0007224193273776888,0.9994418514656075,0.9861168053275122,1.012946954219332,0.03296097972507031,0.033508254130310895,0.0,1023,1024,0.9990234375,1.0,0.9861168053275122,0.03296057760505987,0.7778528021607023,0.9871794871794872,1.2304195804195803,1023,0.9861448549276755,0.032959441574974296,0.9871148444558331,0.0015415858214575095,0.0015415858214033239,5.435174942961905e-13,0.0007321624053776887,0.0007224217002250588,0.9861450792650213,1.0129175517846978,0.03296717388706309,0.033515865908949,0.0
model.dec.8x8_block1.norm1,0.0005843632347088026,0.0005781706737815804,0.99950320586728,0.9889113613916923,1.0102084954642154,0.031183327539203484,0.03196445041134427,0.0,509,512,0.994140625,1.0,0.9889113613916923,0.031139924746089256,0.8075791493444195,0.9883720930232558,1.1346823372879473,509,0.9889368577482112,0.030980416278441045,0.9877490651702989,0.002403845672938145,0.0024038456731395133,3.5328637129252384e-11,0.0005843821502060761,0.0005782013493793529,0.9889366637688544,1.010192548198769,0.03102992585626111,0.03181368584410297,0.0
model.dec.8x8_block1.skip,0.007931703855717967,0.007802651807877491,0.9994503375829906,0.9831888740782789,1.0159807577472892,0.03261212278320608,0.03315370261920377,0.0,131321,131328,0.9999466983430799,1.0,0.9831888740782789,0.032611523794597155,0.78125,0.9834853228074951,1.1866608921611088,131321,0.9831887676755049,0.032613589648604495,0.9834715284110849,0.00018667267737361784,0.0001866726774369838,9.400478245522445e-11,0.007931701794892623,0.007802648851179443,0.9831887349211373,1.0159808559835404,0.03261278352740924,0.03315437417146858,0.0
model.dec.8x8_block2.affine,0.006717872378360577,0.006596659988506459,0.9993860736008304,0.9813538801405489,1.017749605233375,0.034403199701145505,0.035099278433226994,0.0,131213,131328,0.9991243299220273,1.0,0.9813538801405489,0.03439930274817267,0.7963946247132089,0.9841129744042365,1.1666666666666667,131213,0.9813541592396344,0.034400740082284754,0.9838250574142462,0.0006780489661294321,0.0006780475484587422,4.6279240770193364e-10,0.0067178647816419175,0.006596653233975431,0.981354108847377,1.0177496248472333,0.03439967151747103,0.035095662496351356,0.0
model.dec.8x8_block2.conv0,0.025034662307257892,0.02463103358071006,0.9994702266059796,0.9833559731027283,1.0158485443678205,0.03202163046268506,0.032547337882791544,0.0,1179112,1179904,0.9993287589498807,1.0,0.9833559731027284,0.032013585521157246,0.7971014492753623,0.9861796643632774,1.1666666666666667,1179112,0.983356063793775,0.03201172218114233,0.9861462425457425,0.0009429989411641939,0.0009429989414433921,1.2348624186034817e-08,0.025034669646184615,0.024631033994256115,0.9833560677981629,1.0158492036741593,0.03201036607523523,0.03253589979572485,0.0
model.dec.8x8_block2.conv1,0.017921210005394313,0.017647240640352238,0.9994991441406117,0.9842193641593562,1.0150161392029533,0.03116208224872294,0.03165096916010987,0.0,589623,590080,0.9992255287418655,1.0000000000000002,0.984219364159356,0.031152248413380754,0.8035714285714286,0.9866310160427807,1.1647038849495661,589623,0.984221078711328,0.03114996500703241,0.9865693959191494,0.0010204703985254662,0.0010204703983438374,7.527293543768792e-09,0.017921189872646254,0.017647245282551325,0.9842210713349212,1.0150150852390416,0.031151303106845846,0.03164000731114704,0.0
model.dec.8x8_block2.norm0,0.0007494035261168647,0.0007390995043082347,0.9994848016524441,0.9857422546337702,1.0134189379001204,0.03165435460306597,0.03216721807530541,0.0,1021,1024,0.9970703125,1.0,0.9857422546337702,0.03165315550485026,0.7962962962962963,0.9875908870576829,1.144927536231884,1021,0.9858082101152724,0.031539345714750866,0.9873027070613968,0.0018856817545706535,0.0018856817544142203,1.6305524828885715e-12,0.000749376993773003,0.0007391220870744689,0.9858116954912357,1.0133566392265847,0.03151850139456524,0.03203188898734034,0.0
model.dec.8x8_block2.norm1,0.00048753721121911107,0.0004801976305584403,0.9993605567216274,0.9843157821970122,1.0146352831017247,0.035217523846998736,0.03576825415010205,0.0,512,512,1.0,1.0,0.9843157821970122,0.035217523846998736,0.8111607142857143,0.9861084314103801,1.2,512,0.9843719045349807,0.03525843580904994,0.9853300472802704,0.003088805931046142,0.003088805931062303,0.0,0.000487507147118464,0.00048019288656638975,0.9843650385436103,1.0145809653037225,0.035267404097109635,0.03581848879446008,0.0
model.dec.8x8_block2.skip,0.008081151002798985,0.007955948094526717,0.9994920395264442,0.9840067070409667,1.0152210649872542,0.03137570684122077,0.03187157367483541,0.0,131316,131328,0.9999086257309941,1.0,0.9840067070409667,0.03137420756057027,0.7914211671246388,0.9847345012124598,1.1792016415868674,131316,0.984006719827041,0.03137622366756507,0.9847348593357874,0.00024599334096113575,0.0002459933409667092,2.349826762229974e-10,0.008081150786819036,0.007955947846516565,0.9840066973041993,1.0152210639700574,0.03137587484404261,0.03187174960789533,0.0
model.dec.8x8_block3.affine,0.0071789089195469285,0.007089090954740335,0.9994361822568077,0.9869318692963859,1.0120989234203066,0.03315547452945034,0.033752399965001116,0.0,131194,131328,0.9989796539961013,1.0,0.9869318692963859,0.033149773268744125,0.7786885245901639,0.9868177538092793,1.1749649028077749,131194,0.9869321617362027,0.033154488346995484,0.986518895106258,0.0006833948534036489,0.0006833940338774848,7.451247993850624e-10,0.007178911236150624,0.007089094052743991,0.9869320676990845,1.0120988954878203,0.03315293070883266,0.033749882316136445,0.0
model.dec.8x8_block3.conv0,0.024570321732457497,0.024196753049392897,0.9994849383987389,0.9842887079119688,1.0149157803558537,0.031603479768223565,0.032098334383114144,0.0,1179043,1179904,0.9992702796159687,1.0,0.9842887079119688,0.031593924217546296,0.8,0.9864864864864865,1.1692307692307693,1179043,0.9842876165836356,0.031592060341096115,0.9864525226006505,0.0010043700800562467,0.00100437008034153,1.3943441322536319e-08,0.024570317342648928,0.024196712224602155,0.9842876099902237,1.0149177103536458,0.03159137932696132,0.03208606795436178,0.0
model.dec.8x8_block3.conv1,0.017517457713930748,0.017240237531985014,0.9994767015043965,0.9836596167671958,1.0155481223608391,0.03183501687619554,0.03234694924081138,0.0,589581,590080,0.9991543519522776,1.0,0.9836596167671957,0.031823644169239974,0.7954939341421143,0.9859437751004017,1.1686746987951808,589581,0.9836593531559844,0.03181810199606878,0.9858758031800964,0.001122090542856561,0.0011220905424718939,8.496828096369254e-09,0.017517471133446618,0.017240238258539393,0.9836594100394352,1.0155493792873955,0.031819374894065236,0.032331078081914405,0.0
model.dec.8x8_block3.norm0,0.0006845563967637779,0.0006762500800323962,0.9993959321175852,0.9872693941267529,1.0116714192448109,0.034331309676133064,0.03496828379276853,0.0,1023,1024,0.9990234375,1.0,0.9872693941267529,0.03433130967613306,0.745909090909091,0.9901960784313726,1.222,1023,0.9872995077526869,0.03430892573100926,0.9897937938107116,0.0020786460169591376,0.002078646017226307,0.0,0.0006845855743629746,0.0006762985187460331,0.9872985912182889,1.0116426527017586,0.0343161456827556,0.03495525087673864,0.0
model.dec.8x8_block3.norm1,0.0005123571400668336,0.0005064301391373118,0.9995001345365593,0.9879378125482631,1.0111977760642668,0.03124884974363023,0.03191170805474455,0.0,512,512,1.0,1.0,0.9879378125482631,0.031248849743630232,0.8,0.9892263056092844,1.1535714285714282,512,0.9880063676843436,0.031312127832592365,0.9876716253903608,0.0033638520342506553,0.00336385203441143,0.0,0.0005122969710481879,0.0005064037319285166,0.9880025970941615,1.0111320286832395,0.031242268659346248,0.03191208421996409,0.0
model.dec.8x8_block3.skip,0.007971040653390061,0.007854220496430937,0.9994931605817422,0.984845017011044,1.0143591740775169,0.03136773920846959,0.031857505499433,0.0,131313,131328,0.9998857821637427,1.0,0.984845017011044,0.03136509065546022,0.7902481052460688,0.9851047438361384,1.1756535890074742,131313,0.9848445370625831,0.03136762996479805,0.9851042939449061,0.0002543559529047243,0.0002543559529314254,4.0376337740613884e-10,0.00797104073384631,0.007854216828778267,0.9848445463435374,1.0143596571242883,0.031367750552453215,0.03185753107243288,0.0
model.dec.8x8_block4.affine,0.007221241900793867,0.007130568687562033,0.9995010136563193,0.9869508221820895,1.012210794952554,0.031190146782064766,0.031762861893316105,0.0,131181,131328,0.9988806652046783,0.9999999999999999,0.9869508221820896,0.031187106873222275,0.832,0.986013986013986,1.1308411214953271,131181,0.9869498144375032,0.03118423832947529,0.9857681241666728,0.0006293262299189168,0.0006293263328643851,3.7818467416355897e-10,0.00722124474898207,0.007130562700251264,0.9869497741158586,1.0122122183737297,0.031184731182104127,0.03175734552294794,0.0
model.dec.8x8_block4.conv0,0.024822181965264135,0.024438426677437425,0.9994939777402109,0.9840416254995613,1.0151889774294862,0.031316855549356475,0.031811112955446655,0.0,1179027,1179904,0.9992567191907138,1.0,0.9840416254995613,0.03130725814764708,0.8,0.9862595419847329,1.1666666666666667,1179027,0.9840413641268284,0.031304725393056974,0.9862220859292928,0.0010113036604722844,0.001011303660121194,1.4163432051946889e-08,0.02482220064818914,0.024438427518284254,0.9840413063867277,1.0151901065628999,0.03130464870555495,0.031798729920838015,0.0
model.dec.8x8_block4.conv1,0.01746690180647986,0.017199709452279034,0.999501619798413,0.9842121772985186,1.0150285792253984,0.031084687284874315,0.03157247578677114,0.0,589609,590080,0.9992018031453362,1.0,0.9842121772985186,0.031073305202996636,0.8,0.9858728557013118,1.1666666666666667,589609,0.9842147000883643,0.031067843315233767,0.9858361287892697,0.0011611025306929785,0.0011611025292937076,8.255507390459352e-09,0.01746687334778332,0.017199715667835125,0.9842146513530903,1.0150270895691178,0.031068444782779654,0.03155595453152662,0.0
model.dec.8x8_block4.norm0,0.0007598221907844715,0.0007504798259533535,0.9995953447356727,0.9873048582149168,1.012038829651666,0.0280957548630656,0.028661335184873304,0.0,1020,1024,0.99609375,1.0,0.9873048582149168,0.02804607418469744,0.7997727272727273,0.9882121352477999,1.1541248606465995,1020,0.9873570361778675,0.028048063826983608,0.9888843924586143,0.0021563606280871105,0.002156360628291091,6.158732607243708e-11,0.0007598310345393015,0.0007505260823797642,0.9873556257442132,1.01198967565281,0.028047699086233426,0.028617714965557827,0.0
model.dec.8x8_block4.norm1,0.0005244706837069089,0.0005169995636842647,0.9995361822453699,0.9852977223723604,1.01398040098187,0.030019764245288627,0.030495051720850812,0.0,510,512,0.99609375,1.0,0.9852977223723604,0.030012879620421765,0.84,0.9875045508919749,1.1375059045819556,510,0.9853381329902458,0.0297787195114493,0.9866301307118697,0.0031404345901800304,0.0031404345900805726,4.348139954369524e-12,0.0005244906182068686,0.0005170394204821386,0.9853418661753319,1.0139465736962312,0.02983537527899252,0.030308867893548957,0.0
model.dec.8x8_block4.skip,0.007818245511934323,0.007705926021414336,0.9995137356890638,0.9851543921011764,1.0140823771798264,0.030733634709731728,0.031217140797175837,0.0,131318,131328,0.9999238547758285,1.0,0.9851543921011762,0.030731523714054708,0.7922574278239746,0.9853040027143591,1.1794579797679705,131318,0.9851537116861272,0.03073199187301575,0.9852862493357509,0.00021932483528541298,0.00021932483529053118,3.033390243703948e-10,0.007818246725747857,0.007705921854558641,0.9851537287540881,1.014083105932684,0.030732898226518257,0.03121640314888884,0.0
model.dec.8x8_in0.affine,0.007268524674160748,0.007108316157739655,0.9993533203225775,0.9773261662566995,1.0218769263744902,0.03516493729418801,0.036478815267176966,0.0,131199,131328,0.9990177266081871,0.9999999999999999,0.9773261662566998,0.03515793779710902,0.7804878048780488,0.9782805429864253,1.1864406779661016,131199,0.9773255613674553,0.035154760910489295,0.9779923775387782,0.0009057824247851404,0.0009057787281092293,9.946019831610291e-10,0.007268526773153899,0.007108310181761023,0.9773253526897305,1.0218783841037884,0.03515682833936514,0.03647084630581058,0.0
model.dec.8x8_in0.conv0,0.019213290119901305,0.01883634068580313,0.9994057361999789,0.979798192445417,1.019405662564604,0.03379363436571746,0.03467194824273491,0.0,589725,590080,0.999398386659436,1.0,0.9797981924454172,0.033784415066468745,0.7697545779681997,0.9795221843003413,1.1898706867122735,589725,0.9797981319492417,0.03378419277435017,0.9795130939100544,0.000744728936318324,0.0007447289302681507,8.79630689919996e-09,0.019213289188151298,0.018836336387336203,0.9797982420819478,1.0194060805937253,0.03378708346612178,0.0346653074541945,0.0
model.dec.8x8_in0.conv1,0.018028898488572656,0.01772534443872603,0.9994409647791138,0.9826132948782814,1.016556815672171,0.03286997455302295,0.033446305027501844,0.0,589743,590080,0.9994288909978308,1.0,0.9826132948782814,0.03286216156850813,0.7678571428571429,0.9827586206896551,1.1936538793656983,589743,0.9826134033454634,0.032861287156950345,0.9827325515608044,0.0007669543024479724,0.0007669543030700073,6.3844931344588714e-09,0.01802890056419798,0.017725344944235492,0.9826134534665797,1.0165571558240492,0.032862686008513234,0.03343889435348529,0.0
model.dec.8x8_in0.norm0,0.0005015140000108653,0.0004914075365970483,0.9993890383097735,0.9792494434996013,1.0199428312405683,0.0342463581867283,0.03520957089363185,0.0,511,512,0.998046875,1.0,0.9792494434996013,0.03422572907542207,0.7004273153093927,0.975,1.1766719745222929,511,0.9792373346940849,0.03419082996806615,0.9743989293984631,0.001087751871971185,0.001087751872523716,1.3587937357404763e-11,0.0005015384716043765,0.0004914258713308966,0.9792392904424326,1.0199556829339158,0.03421470095220015,0.035179366246327864,0.0
model.dec.8x8_in0.norm1,0.0005060603751683523,0.0004973683522058505,0.9993992237568354,0.9822336810116422,1.016864751997775,0.034062925861598065,0.03468073145939803,0.0,510,512,0.99609375,1.0,0.9822336810116422,0.034062925861598065,0.8220000000000001,0.9792407299678969,1.1491024182076814,510,0.9821713063252465,0.03405089271429076,0.9797862361341323,0.0015006562834480098,0.001500656285219321,0.0,0.0005060745629631612,0.000497349398717179,0.9821686200393503,1.0169319154337977,0.03406340046316539,0.034685925890353776,0.0
model.dec.8x8_in0.norm2,0.00048258197554419886,0.0004730940426547176,0.999163606297376,0.9795192811410725,1.0192018997177825,0.040087218941607765,0.041043915032158526,0.0,512,512,1.0,1.0,0.9795192811410725,0.040087218941607765,0.7604928902810519,0.9751524624614358,1.2830941691293474,512,0.979512941124122,0.04007140827940514,0.9751391440794089,0.0001498849599570131,0.00014988495982949958,0.0,0.0004825850357489427,0.00047309422858732596,0.9795140618733262,1.0192085940130082,0.04007214168287366,0.04102936098997202,0.0
model.dec.8x8_in0.proj,0.006253187185934541,0.006152903781030206,0.9994499918302497,0.9834216457673345,1.0157395766798223,0.03263011000281749,0.033162245881207794,0.0,65774,65792,0.9997264105058365,1.0,0.9834216457673345,0.03262477489428561,0.7720596676338697,0.9827914543215448,1.1954022988505748,65774,0.9834225716364887,0.03262446554580154,0.9827942916366099,0.00044882471925647796,0.00044882471474722013,5.206579128075691e-10,0.00625318116616139,0.0061529035924350614,0.9834226559253426,1.0157387266512579,0.03262731971992616,0.03315937369715387,0.0
model.dec.8x8_in0.qkv,0.010547515486549683,0.010342635907147318,0.9993753973099241,0.9799630900867653,1.0191722472526386,0.034652148091959586,0.03551241285175613,0.0,197318,197376,0.99970614461738,1.0,0.9799630900867653,0.03464805749232716,0.7686538387752753,0.9797873575299454,1.1888888888888889,197318,0.979962101099845,0.03465015587393562,0.979791859190209,0.0005440703955533222,0.0005440704383338161,1.206188460525548e-09,0.010547523755336944,0.010342632748758393,0.9799620289672389,1.0191733641092724,0.034651929794332,0.03551229346841239,0.0
model.dec.8x8_in1.affine,0.005690583406386316,0.005596596248588911,0.9992464620980106,0.9827426472507832,1.0160274358792414,0.03817270207396197,0.03881610876818908,0.0,131196,131328,0.9989948830409356,1.0000000000000002,0.982742647250783,0.038159207451542485,0.7180751079827228,0.9848328453093572,1.2221806179619459,131196,0.9827442821925172,0.03816886185014613,0.9845581850233365,0.0010718939682871442,0.001071888892497836,1.2757740923807483e-09,0.005690583375797825,0.005596601100443334,0.9827437685311275,1.0160268225656393,0.038165937427477606,0.03880918555296647,0.0
model.dec.8x8_in1.conv0,0.015617370731294995,0.015345673438494157,0.9993591279286199,0.9819731559704901,1.0170529209499743,0.03517297553335114,0.03582443980910567,0.0,589647,590080,0.9992662011930585,0.9999999999999999,0.9819731559704903,0.035163469182670756,0.7543859649122807,0.9825021872265967,1.2035398230088497,589647,0.9819730919214466,0.03516526544838603,0.9824957131106852,0.0009179460662529144,0.0009179460671268334,6.237397343219328e-09,0.015617372138323999,0.015345668627040284,0.9819730143999146,1.017053595352449,0.035165847422319554,0.035817214386659614,0.0
model.dec.8x8_in1.conv1,0.017449818012352493,0.017159252321833664,0.999411147143861,0.9827694497991377,1.016334646177241,0.03374130735630236,0.03432040842970823,0.0,589753,590080,0.9994458378524945,1.0000000000000002,0.9827694497991375,0.033733255190706524,0.7757009345794392,0.9827483640690066,1.185613241418929,589753,0.982769158467999,0.033733417134673545,0.9827193619621029,0.000761702466458449,0.0007617024667581677,6.327438128585453e-09,0.017449828192650958,0.01715925373604898,0.982769201731525,1.0163354079784297,0.03373417445155046,0.03431317997986873,0.0
model.dec.8x8_in1.norm0,0.0004163482586707793,0.00040841786677843446,0.9992619808132289,0.9802285419890356,1.0186649985447442,0.03768050025377166,0.03853015868016847,0.0,511,512,0.998046875,1.0,0.9802285419890356,0.0376671720095231,0.689903033036419,0.976,1.172676316777903,511,0.9802500750118599,0.037583505266874366,0.9752017773894236,0.0018860897881826763,0.0018860897912493636,6.658089305128333e-12,0.0004163540264310123,0.000408430355972266,0.9802507969651465,1.0186540498611634,0.037528385861133315,0.038374056802701347,0.0
model.dec.8x8_in1.norm1,0.00046448992028421917,0.00045442378373302013,0.999229848822164,0.9775751612497765,1.0213642186864564,0.03838876273822046,0.03964322271305035,0.0,512,512,1.0,1.0,0.9775751612497765,0.038388762738220464,0.657843137254902,0.9761086265241808,1.2295604395604396,512,0.9774828074492905,0.0384882042098078,0.9756430798514839,0.002159147724974547,0.002159147728638238,0.0,0.0004644999438325284,0.0004543895005809316,0.9774785830374758,1.021461510650875,0.03842914804900648,0.03970136241611242,0.0
model.enc.16x16_block0.affine,0.0073506457860825,0.0071938113937293595,0.9993274780534638,0.9780056891462827,1.021114109534924,0.03588630550517774,0.03706459759950959,0.0,131208,131328,0.9990862573099415,0.9999999999999999,0.9780056891462828,0.03587981635418868,0.6875,0.9807824240380395,1.2289156626506024,131208,0.9780087556054323,0.03587625613554383,0.9805098859829969,0.0007689735780360367,0.0007689739702413072,9.623912734154382e-10,0.0073506392403167465,0.007193825769183275,0.978008832021593,1.0211114913324353,0.03587775261930384,0.0370554108241734,0.0
model.enc.16x16_block0.conv0,0.020963127019736173,0.020604156893256162,0.9994669659336488,0.9823522109242452,1.0168798979469567,0.03208731531192651,0.03267083075151139,0.0,589717,590080,0.999384829175705,0.9999999999999999,0.9823522109242451,0.03207937973212434,0.7834219057382728,0.9832432432432432,1.1805555555555556,589717,0.9823535600610344,0.032079721325272634,0.9832258332766288,0.0008538256449481282,0.0008538256448786854,8.55842391490254e-09,0.020963116851108445,0.02060416989959607,0.9823535614790947,1.0168790256430411,0.03207957599215755,0.03266287569298201,0.0
model.enc.16x16_block0.conv1,0.019378955851382787,0.019054731281703194,0.9994346203434681,0.9827133242019824,1.0164404366372355,0.033059489873954885,0.033632328458465775,0.0,589784,590080,0.9994983731019523,1.0,0.9827133242019827,0.033052511131422206,0.7783251231527094,0.9830508474576272,1.1851851851851851,589784,0.9827124369965642,0.03305249511067223,0.9830242455754203,0.0008091479699284814,0.0008091479700376336,6.62691732950026e-09,0.019378961954803823,0.019054716091314525,0.9827124711544398,1.0164418151797046,0.03305232189348372,0.033625100626107914,0.0
model.enc.16x16_block0.norm0,0.0005345449180644626,0.0005232759942422696,0.9994343312680148,0.9783649150903729,1.0209574843808429,0.032921625141942475,0.03403809230873135,0.0,511,512,0.998046875,1.0,0.9783649150903729,0.03291482641054487,0.8062870309414087,0.9801324503311258,1.1698679471788715,511,0.978444603612706,0.032753759525781995,0.9794610608402278,0.0016221118424738087,0.0016221118421821201,4.891657448665715e-12,0.0005345450701222259,0.0005233166620348796,0.9784464826909305,1.0208844961760941,0.032751066537160596,0.03385238546675209,0.0
model.enc.16x16_block0.norm1,0.0005287767612403286,0.0005207188836196549,0.9994031623185987,0.9841735437612557,1.0148684519960127,0.034018038755947895,0.03455182534941952,0.0,510,512,0.99609375,1.0,0.9841735437612557,0.033883307114414216,0.791825500508045,0.9896348012889367,1.3653030303030302,510,0.984233235614362,0.03373706764736625,0.9899554103158891,0.001448561917529712,0.001448561917449486,9.783314897331429e-11,0.0005287282801835343,0.000520701038940993,0.984234388406188,1.0148146470921924,0.03389442648064277,0.034425501619433696,0.0
model.enc.16x16_block0.norm2,0.00048619918932947716,0.0004779922229623779,0.9992784025023069,0.9824107391645392,1.0164356779698425,0.03734141292142862,0.03799158024869307,0.0,512,512,1.0,1.0,0.9824107391645392,0.03734141292142861,0.6905587564400048,0.9832794013269313,1.2192708068340234,512,0.9824034676239737,0.037337850724857166,0.983360822851468,0.00024254498108991474,0.00024254498109078928,0.0,0.00048620198486134744,0.0004779914152984419,0.9824033482353354,1.0164431545109118,0.03734330181559476,0.03799393461308705,0.0
model.enc.16x16_block0.proj,0.005320489127515163,0.005229898796439886,0.9994701129209814,0.9824524428798733,1.0167825566131978,0.03199564342518903,0.032570845847277936,0.0,65751,65792,0.9993768239299611,1.0,0.9824524428798733,0.03198772876560378,0.78,0.9822335025380711,1.1791044776119404,65751,0.9824535664903724,0.03198732819781417,0.9821629846486966,0.000850496281563304,0.0008504962816662436,5.482716800348731e-10,0.005320473496165374,0.0052298884264623344,0.9824535724400307,1.0167817833240402,0.031989802809616406,0.032564833576002816,0.0
model.enc.16x16_block0.qkv,0.01123297924127382,0.011061250567126557,0.9994850199285795,0.9842049919310453,1.01500227417219,0.031598288721131906,0.03209413699796858,0.0,197292,197376,0.9995744163424124,1.0,0.9842049919310453,0.03159291636395799,0.782222133503673,0.9840747303413799,1.1793478260869565,197292,0.9842064930144175,0.03159740017921609,0.9840373999447689,0.0006521500655597893,0.000652150066988864,1.638342723380549e-09,0.011232962386688842,0.011061248772719606,0.984206404809777,1.0150010146448176,0.0315953474648695,0.032091138299731724,0.0
model.enc.16x16_block1.affine,0.007120324316098587,0.007016562636725596,0.9994195128794321,0.984855366296945,1.0141990356206272,0.03357166559417896,0.03409582017968124,0.0,131234,131328,0.9992842348927875,1.0,0.984855366296945,0.0335681968169933,0.7771199166166131,0.9830866807610994,1.159213812361119,131234,0.9848567353175977,0.0335641497567694,0.9828636740085194,0.0006911077198775309,0.0006911074584269754,4.515956288521503e-10,0.007120314669289366,0.007016561863100329,0.9848568145854744,1.0141980025745465,0.03356517758738619,0.034089258387452276,0.0
model.enc.16x16_block1.conv0,0.02067873761217327,0.020357905036306884,0.9994962747051647,0.9839889951798546,1.0152479428562158,0.03124397208583942,0.031738185789991304,0.0,589709,590080,0.9993712716919739,0.9999999999999999,0.9839889951798547,0.03123600387099873,0.7920792079207921,0.9847020933977456,1.1724201748601328,589709,0.9839885879974235,0.03123333518751439,0.9846774490115855,0.0008662461383637795,0.0008662461382084539,8.142228047539247e-09,0.02067872940633782,0.02035788284961382,0.9839885940153068,1.0152489360970745,0.031235107411276462,0.03172919823013733,0.0
model.enc.16x16_block1.conv1,0.019819614219667592,0.019494099818300237,0.9994734539947074,0.9830582503760212,1.0161627603023644,0.03191420064141454,0.032451941405174094,0.0,589779,590080,0.9994898996746204,1.0,0.9830582503760213,0.03190597247904567,0.7818181818181819,0.983274647887324,1.1818181818181819,589779,0.9830572186639934,0.03190881335397803,0.9832444588107059,0.0007735997716199267,0.0007735997715181021,7.88941048200722e-09,0.01981963643080894,0.019494096937427003,0.9830571930685262,1.0161642452853892,0.031908317870735795,0.03244601994427782,0.0
model.enc.16x16_block1.norm0,0.0005128003794241108,0.000503856988557231,0.9994757685591902,0.9820446144125446,1.0172163232467324,0.03181109023587329,0.032414984877929195,0.0,512,512,1.0,1.0,0.9820446144125446,0.031811090235873286,0.7984068627450981,0.9818268030082378,1.260123287671233,512,0.9820454009562408,0.03165951920511777,0.9816944227366702,0.0016585788013807107,0.0016585788013861783,0.0,0.0005127732384089411,0.0005038298575638651,0.9820471178488357,1.0172207872275523,0.03170572290631117,0.032308101859086,0.0
model.enc.16x16_block1.norm1,0.0005031977680801204,0.0004973808900299377,0.9993641457933089,0.9878116713338452,1.011051726639961,0.03524318205207169,0.03593682955568347,0.0,512,512,1.0,1.0,0.9878116713338452,0.035243182052071685,0.6621212121212121,0.9866597859871402,1.2160156249999998,512,0.9878940508763385,0.035252298154382536,0.9875190426648865,0.0015027390903205548,0.00150273909033443,0.0,0.0005031942700798957,0.0004974191800697564,0.987894663994479,1.0109669527773342,0.0352438913198795,0.035945242268729256,0.0
model.enc.16x16_block1.norm2,0.0005257043278167242,0.0005174725458481686,0.9994653642837689,0.9838151584007856,1.0153645284614972,0.03218338259317345,0.03269612055050224,0.0,512,512,1.0,1.0,0.9838151584007856,0.03218338259317345,0.6983343451345382,0.9776854086334086,1.2876353589304814,512,0.9838045973532213,0.03218449469501582,0.977683805547543,0.00015278254212299245,0.00015278254213264,0.0,0.0005257068268812882,0.0005174695054430613,0.9838046180893151,1.0153752352481102,0.03218558245658899,0.03269863494581775,0.0
model.enc.16x16_block1.proj,0.005843153774998001,0.005744941614201696,0.9994721669709571,0.9826729648698596,1.0165585584029129,0.03194068798058185,0.03250058693755931,0.0,65767,65792,0.9996200145914397,1.0,0.9826729648698596,0.0319375096576871,0.782608695652174,0.9828473413379074,1.1832760710136052,65767,0.9826704303800524,0.03193719149905702,0.9828527554057259,0.0007808919880710826,0.000780891988034506,2.651176427646637e-10,0.005843157975841047,0.005744929353556066,0.9826704905417735,1.0165617994404994,0.031930463159209034,0.03249036444583911,0.0
model.enc.16x16_block1.qkv,0.011257002539322226,0.011094504372156078,0.9995323824003243,0.9851038362934983,1.0141722594705336,0.03013663697874425,0.03061009569609366,0.0,197284,197376,0.9995338845654993,1.0,0.9851038362934983,0.030128446993628353,0.7914047495831178,0.9850160297578068,1.173810201609499,197284,0.9851052251378947,0.030130789742915585,0.9850134346219817,0.0006869687154564445,0.0006869687152843665,2.392146286973851e-09,0.011256995997735353,0.01109451204796417,0.9851052585803817,1.014171141705307,0.030131174147628025,0.030604590798942583,0.0
model.enc.16x16_block2.affine,0.007237871551594695,0.0071421744431025965,0.9993337938122271,0.9861208825572326,1.0127237432244296,0.03601360245909429,0.03660582592063792,0.0,131229,131328,0.9992461622807017,1.0,0.9861208825572327,0.03601008388871614,0.7368421052631579,0.9869174161896974,1.2274825512611394,131229,0.9861224448324789,0.03601032824048134,0.9867317756903704,0.000739197188513598,0.0007391957592436297,5.07757864778883e-10,0.0072378640373725175,0.007142177155088218,0.9861224899709197,1.0127225221273775,0.03600792488529147,0.03660016617693532,0.0
model.enc.16x16_block2.conv0,0.02035322142988692,0.020047967897888135,0.9994864454997933,0.9844963482945561,1.0147047842974057,0.03156383050405175,0.032056375144101874,0.0,589703,590080,0.9993611035791757,1.0000000000000002,0.9844963482945558,0.031554779052516746,0.7888888888888889,0.9850746268656716,1.1773384694695845,589703,0.9844970066681602,0.03155248128417742,0.9850410909133772,0.0009163638086232105,0.0009163638084824344,9.051807228137937e-09,0.020353194402342775,0.0200479495655651,0.9844971306123028,1.0147047514544825,0.031552137829354086,0.03204450873632228,0.0
model.enc.16x16_block2.conv1,0.019151948874500446,0.018833432897611566,0.999455305851467,0.982833369087428,1.0163583571873935,0.03245254199418934,0.033009962719245424,0.0,589801,590080,0.9995271827548807,1.0,0.9828333690874278,0.03244430582869351,0.780373831775701,0.9829787234042553,1.1841652323580034,589801,0.9828333858134523,0.03244471147280288,0.9829702189388941,0.000767820988591863,0.0007678209883702016,7.498388582462365e-09,0.01915195873989177,0.018833438818671087,0.9828334051221582,1.0163588024596122,0.03244546886833941,0.03300277825697862,0.0
model.enc.16x16_block2.norm0,0.000542388091176371,0.0005350050210500704,0.9994434801619395,0.9858389017772897,1.0132358017495513,0.03290353837421175,0.033438561522496885,0.0,510,512,0.99609375,1.0,0.9858389017772897,0.032782932676297914,0.8066919191919192,0.9838911952949316,1.1496000892231213,510,0.9858878974233648,0.03276350309323417,0.9836129875673421,0.0014257542844247567,0.001425754284411671,8.913686906457523e-11,0.0005423941504215353,0.0005350355470099697,0.985884887865903,1.013190082412499,0.03288255511178496,0.03341902240967203,0.0
model.enc.16x16_block2.norm1,0.0005117805687967433,0.0005048860370312315,0.999318217042944,0.985855745797785,1.0129645266770348,0.03642282267190778,0.037011167280434826,0.0,511,512,0.998046875,1.0,0.985855745797785,0.03641090366512752,0.768177028451001,0.9872881355932204,1.2148351648351647,511,0.9858812416717733,0.0365755959786975,0.9867305399401303,0.0020169387586780633,0.0020169387586688125,8.696279908739048e-12,0.0005117471177090137,0.0005048660713777157,0.9858808098597074,1.0129379732087347,0.03643431041547626,0.037023712808129126,0.0
model.enc.16x16_block2.norm2,0.0005270191515909105,0.000519755787504005,0.9993805061449254,0.9856070702924064,1.0133464198528714,0.034708765285256286,0.035263495705928086,0.0,512,512,1.0,1.0,0.9856070702924064,0.03470876528525628,0.8239116129032259,0.985947488910321,1.2006284226855006,512,0.9856060533571522,0.03471850262848477,0.9859206073517428,0.0001382956715619312,0.00013829567156288929,0.0,0.0005270169126867216,0.0005197530298464748,0.985605881925983,1.013347341153819,0.03471287828193106,0.035267665997280956,0.0
model.enc.16x16_block2.proj,0.00604960586745076,0.005951773980494277,0.9994523644311069,0.9832896072403452,1.0158807958627878,0.032555225207718676,0.033091558525733984,0.0,65764,65792,0.9995744163424124,1.0,0.9832896072403452,0.03254917154225632,0.7778078620136382,0.9829787234042553,1.1814137356058145,65764,0.9832937163908837,0.03255557349176099,0.9830192740090486,0.0006462386157924864,0.0006462386155101341,5.516660104802092e-10,0.006049594242775807,0.005951786632148312,0.9832935963049185,1.0158766940912776,0.032555072010909084,0.0330912308954904,0.0
model.enc.16x16_block2.qkv,0.011298911555056409,0.011140373120146577,0.9995041703446715,0.9854798259571468,1.0137280949065637,0.031044919198692143,0.031540377951427626,0.0,197293,197376,0.9995794828145266,1.0,0.9854798259571468,0.031039771395359506,0.7909228303182964,0.9853801169590644,1.1785714285714286,197293,0.9854795791879574,0.03104135210411504,0.9853781416965641,0.0007239904237083474,0.0007239904237342657,1.560533204751301e-09,0.011298905709220783,0.011140362101330969,0.9854795171872781,1.013728733654423,0.031039949313027098,0.0315353500800295,0.0
model.enc.16x16_block3.affine,0.007742970969496094,0.007573316109366435,0.9992734294788,0.9773785270469828,1.021658814092528,0.03727807154147806,0.03857213060881612,0.0,131219,131328,0.9991700170565302,1.0,0.9773785270469828,0.037272197829872074,0.6875,0.975583017739685,1.1948060162481413,131219,0.9773772102110722,0.037273132203777704,0.9754841482587697,0.0005897641471420768,0.0005897658285580876,1.0040848772558491e-09,0.0077429772749302095,0.007573310679956417,0.9773771257033792,1.0216604781036758,0.037275516476202045,0.03856978768537647,0.0
model.enc.16x16_block3.conv0,0.019562713282183695,0.019203260349454958,0.9993990300303255,0.9810356820054981,1.0181061092331989,0.03402687017852118,0.03475144842191448,0.0,589660,590080,0.9992882321041214,1.0,0.9810356820054982,0.034017195669211006,0.7726453000787132,0.9822732012513035,1.1857587826797382,589660,0.9810354792659798,0.03401394168343749,0.9822555964963141,0.0009674804067587441,0.0009674804058195716,9.63542134555094e-09,0.01956271311849853,0.019203248263715736,0.9810355046889762,1.0181071896878753,0.034014394617111594,0.03473883641716469,0.0
model.enc.16x16_block3.conv1,0.01964376377719969,0.019292152589141322,0.999414021402635,0.9815251302810952,1.0176289484204404,0.03361616981484172,0.03428718046299539,0.0,589835,590080,0.9995848020607375,1.0,0.9815251302810952,0.033609113566288526,0.7716512957288522,0.9816670740650207,1.189762018370511,589835,0.9815264412939214,0.03361108432779493,0.9816777360868769,0.0006942807898946532,0.0006942807897729472,7.000825386153157e-09,0.019643743636072183,0.019292155224834073,0.9815264301719746,1.0176279312785281,0.033611553885568114,0.03428236460268059,0.0
model.enc.16x16_block3.norm0,0.0004999484944400375,0.0004897120665437591,0.9992415926220338,0.9787821560448835,1.0201286918230577,0.03814164802730241,0.03919152724893933,0.0,512,512,1.0,1.0,0.9787821560448835,0.038141648027302404,0.6918965517241379,0.975372646901024,1.1612745098039214,512,0.9788349224546296,0.038008558241421186,0.9760179827345752,0.0016531787409056482,0.0016531787407172106,0.0,0.0004999158738626432,0.0004897041528037269,0.9788344815569012,1.0200830712682933,0.03803363152520019,0.039074991527855124,0.0
model.enc.16x16_block3.norm1,0.0005823485600576052,0.0005713474149018525,0.9993834317744561,0.9805040819257719,1.0186262985704733,0.034447354559892965,0.035236503904216065,0.0,512,512,1.0,1.0,0.9805040819257719,0.03444735455989297,0.771658909574468,0.9786474164133738,1.2344859241126072,512,0.980491167131066,0.03451663131791592,0.978907449637236,0.0012153283463089753,0.001215328346466219,0.0,0.0005823333968986445,0.0005713230514641616,0.9804858767538128,1.0186412134766694,0.034501512933549895,0.03529328491513208,0.0
model.enc.16x16_block3.norm2,0.0005318143018537299,0.0005229710826139988,0.9993705940660699,0.982752663269058,1.0162695270259818,0.034884277271128424,0.03548038813385855,0.0,512,512,1.0,1.0,0.982752663269058,0.03488427727112842,0.7776244547992259,0.9834073903489338,1.2893431776303075,512,0.9827527799894202,0.03487897553164677,0.9834043449495856,0.0001643953286945276,0.0001643953287081586,0.0,0.0005318162604074968,0.0005229729741829567,0.9827525809429648,1.016269575654893,0.03488477221778064,0.035480886222050555,0.0
model.enc.16x16_block3.proj,0.006338200223825086,0.006219728759840393,0.9994131813709539,0.9807324930775252,1.0184496936200274,0.03361311125161136,0.03436786042173794,0.0,65771,65792,0.9996808122568094,1.0,0.9807324930775251,0.03360603790661025,0.7728296940985709,0.9817997977755308,1.1871739355133526,65771,0.980734634573289,0.0336038052781131,0.9817962456964796,0.000531286009758176,0.000531286009494308,7.305384670991703e-10,0.0063381840758299285,0.0062197258814050095,0.9807346842683896,1.0184477222713306,0.03360890887521322,0.034363327504114465,0.0
model.enc.16x16_block3.qkv,0.01145314395577035,0.01125750482004469,0.9994252371503015,0.9823533579899957,1.0167938008546094,0.033320718039823595,0.03392031510555385,0.0,197304,197376,0.9996352140077821,0.9999999999999998,0.9823533579899958,0.033315878256018415,0.7757963507035721,0.9826388888888888,1.1851851851851851,197304,0.982352273772727,0.03332042612408683,0.9826525436206117,0.0006593117397128268,0.0006593117402393437,1.6180112413307293e-09,0.01145314891404303,0.011257495721109529,0.9823522485127913,1.0167951765150909,0.0333174396400174,0.03391705526898372,0.0
model.enc.16x16_down.affine,0.007398136333429365,0.007292543902570531,0.9992695238282056,0.9850071078157584,1.0137384525743152,0.037669982796375456,0.03825913786795563,0.0,131228,131328,0.9992385477582846,1.0,0.9850071078157584,0.03765546520351181,0.7160493827160493,0.9872220172539661,1.2058568552392805,131228,0.9850067834567321,0.03766947109623739,0.9868029714924791,0.0007178022768504638,0.0007178021373718875,2.289150385278227e-09,0.007398144192685211,0.007292548576104245,0.9850067438854965,1.0137389325375064,0.03766862771443448,0.03825777957274708,0.0
model.enc.16x16_down.conv0,0.019391861498477398,0.019118223027231752,0.999476457215381,0.9853728493786652,1.013781929507909,0.03189791230552304,0.03240371158772179,0.0,589671,590080,0.9993068736442516,0.9999999999999999,0.9853728493786654,0.031889918792134354,0.7857142857142857,0.9853528628495339,1.186046511627907,589671,0.9853745850985574,0.031889665654951264,0.9853208053908132,0.0009248179627456175,0.0009248179625013863,7.333442169298334e-09,0.0193918295439237,0.019118219299259505,0.9853745866877712,1.0137807711806262,0.03188851310876446,0.03239423325479044,0.0
model.enc.16x16_down.conv1,0.018527762958463038,0.018221302143839796,0.9994730757007991,0.9829411644463238,1.0162830342073494,0.03192186946486054,0.03246584512516783,0.0,589740,590080,0.9994238069414316,1.0,0.9829411644463238,0.03191449614380467,0.78125,0.9833436291582334,1.1837388195133103,589740,0.982941847690291,0.031918319759365245,0.9833071866349322,0.000845790069539239,0.0008457900695060126,6.179745609276611e-09,0.0185277579796121,0.018221305534509027,0.9829418161150645,1.0162827835565158,0.03191558266471386,0.03245942475530738,0.0
model.enc.16x16_down.norm0,0.0005057354072449373,0.0005022031397984975,0.9994215259205264,0.99244114829478,1.0064510003334037,0.03377148803662074,0.035199877444032544,0.0,511,512,0.998046875,1.0,0.99244114829478,0.03371545274528473,0.7301587301587302,0.9901185770750988,1.1553935057787563,511,0.9925082437178044,0.0337329802881089,0.9901366611970479,0.0019318809379665267,0.0019318809378536985,3.6993159455534465e-11,0.0005057175477521257,0.0005022186985169727,0.9925079203275614,1.0063852695355748,0.03374503343304587,0.03518914115560675,0.0
model.enc.16x16_down.norm1,0.0005567357964854,0.0005517774906963459,0.9993684462031208,0.9904680406903296,1.0083488312963103,0.03521814083957483,0.03625272595083537,0.0,511,512,0.998046875,1.0,0.9904680406903296,0.035201864158109206,0.6732478604236196,0.9928057553956835,1.192384370015949,511,0.9904915019900625,0.035150319380556516,0.9929084805240205,0.0013679935275325837,0.00136799352752186,1.3587937357404763e-11,0.0005567320598827799,0.0005517858680795203,0.9904915358214206,1.0083285967766349,0.0351679846148052,0.036206464938840735,0.0
model.enc.16x16_down.skip,0.004877350159132269,0.004792274492564985,0.999457697169988,0.9820241467751427,1.0172007396281066,0.03235450763335626,0.032966742837334834,0.0,65777,65792,0.9997720087548638,1.0,0.9820241467751427,0.03235283836103937,0.7796427920539457,0.9820224719101124,1.1797990606979367,65777,0.9820234739563621,0.032351139910800034,0.9820174841791148,0.0003838718648268337,0.00038387186479818774,9.827475693742994e-11,0.004877348320444081,0.004792268972364203,0.9820234652571697,1.0172016101786574,0.03235207059966164,0.03296431041846502,0.0
model.enc.32x32_block0.affine,0.007953365835305471,0.007868115952283792,0.9995608774459716,0.9888468665932262,1.0103909730358291,0.029314330466085198,0.030075558470529465,0.0,131178,131328,0.9988578216374269,1.0,0.988846866593226,0.029312403664125936,0.8533271491908933,0.9929175680910178,1.144927536231884,131178,0.9888433108277099,0.029309856841677244,0.9924979309622202,0.0003899311281283531,0.00038993118513256265,2.7329269788883353e-10,0.007953380755809664,0.00786810174735836,0.9888433032202029,1.010394771287695,0.02931162711180458,0.03007240439027071,0.0
model.enc.32x32_block0.conv0,0.015243997910789979,0.014988153608074277,0.9995009084554918,0.9827260037038646,1.016562156937076,0.031059907912988165,0.03160445334801592,0.0,295029,295168,0.9995290817432784,1.0,0.9827260037038646,0.031054270195187354,0.7902097902097902,0.9835309617918313,1.1764705882352942,295029,0.9827266739992891,0.03105329021468042,0.9835072290103771,0.0007355489972713127,0.0007355489966036399,3.1123266057320154e-09,0.015243989226742768,0.014988152964809926,0.9827267582552859,1.0165618665160268,0.03105242797244916,0.03159681050629562,0.0
model.enc.32x32_block0.conv1,0.01814256994838923,0.017894319701173247,0.9995360201224691,0.9858590678052086,1.0134027145953757,0.030042119895441508,0.030535432498215043,0.0,589741,590080,0.999425501626898,1.0000000000000002,0.9858590678052083,0.030035589384539586,0.7959183673469388,0.9858906525573192,1.1714285714285715,589741,0.9858589722618204,0.030034896625024454,0.9858515006786783,0.0007968104430747166,0.0007968104430253614,4.939141451163011e-09,0.01814257293558864,0.017894316254689353,0.9858589660985819,1.013403334130747,0.030033887821378103,0.03052710639979511,0.0
model.enc.32x32_block0.norm0,0.00027593035672824316,0.000273414274586666,0.9994692950142652,0.9903555937381247,1.0086668647023944,0.032277928540987606,0.03329012813709417,0.0,256,256,1.0,1.0,0.9903555937381247,0.0322779285409876,0.873611031559654,0.9910595375619252,1.1276524022425662,256,0.9903466625444024,0.0324421078240019,0.9912396644777992,0.0014580520918483222,0.0014580520919002047,0.0,0.00027592938128725015,0.0002734113399559303,0.9903431040015915,1.0086686651859567,0.03244176433475357,0.03345188381729903,0.0
model.enc.32x32_block0.norm1,0.0004376658967602043,0.0004337351852800316,0.999475921816585,0.990499550778489,1.008533640935001,0.03208027456889567,0.033118409440849005,0.0,512,512,1.0,1.0,0.990499550778489,0.03208027456889567,0.8235785953177257,0.9911579331180331,1.209615384615384,512,0.9904476978072095,0.03200976364064586,0.9909488300690482,0.0011981387566273951,0.0011981387566168437,0.0,0.0004376585246187019,0.0004337051023983545,0.990449600005206,1.0085887087413474,0.03201477754703252,0.03304398196082234,0.0
model.enc.32x32_block0.skip,0.004272560989887917,0.004207721122983148,0.9995348075934188,0.9843659886943021,1.0149373739700356,0.03003581841799099,0.03050550220785367,0.0,33009,33024,0.9995457848837209,1.0000000000000002,0.9843659886943019,0.03003266919630273,0.7962486545621371,0.9846280128348631,1.1762878137226833,33009,0.9843669537132026,0.030029272823093492,0.9845910461958027,0.000631495036102182,0.0006314950360982607,1.320747511139743e-10,0.004272560137188967,0.0042077233636340396,0.9843668270255126,1.0149367522965183,0.030031983046290088,0.030501608754840214,0.0
model.enc.32x32_block1.affine,0.007919373175066302,0.007829114520498667,0.9996774726639356,0.9882839517766634,1.0112023447868272,0.02510643674229558,0.025764199832717834,0.0,131103,131328,0.9982867324561403,0.9999999999999998,0.9882839517766636,0.025101438378063477,0.782608695652174,0.984271523178808,1.140792471346956,131103,0.9882819868896942,0.025102687828340905,0.9838562377743225,0.000496060256201599,0.0004960602532170449,6.019697753685685e-10,0.007919377672895252,0.007829102902933989,0.9882820151947085,1.0112045129589857,0.025102794106803036,0.025760332267675653,0.0
model.enc.32x32_block1.conv0,0.019146330510647687,0.01889408493943698,0.9996102549205595,0.9864407726743251,1.012955556402412,0.02754883957106368,0.02803771978563646,0.0,589660,590080,0.9992882321041214,0.9999999999999997,0.9864407726743253,0.027541929206337554,0.8124067322013434,0.986156888595913,1.1594222483352892,589660,0.9864418079400279,0.027535694735480364,0.9860907009740507,0.0008442731389743404,0.0008442731388132065,5.337577990555936e-09,0.019146292124035545,0.018894060401690733,0.9864417746817304,1.0129551546273972,0.027537922313781344,0.028026763587825288,0.0
model.enc.32x32_block1.conv1,0.016906614492771525,0.016684276953875695,0.9995522675485325,0.9864072353920645,1.01287247266014,0.029527481591747833,0.030041201896244818,0.0,589684,590080,0.9993289045553145,1.0,0.9864072353920645,0.029518218232760067,0.7912721558564775,0.9869034506661798,1.1777777777777778,589684,0.9864083194440287,0.02951666777002577,0.9868850531706583,0.000834276583245095,0.0008342765831909741,5.9794797149176804e-09,0.016906599346590452,0.016684276532825854,0.9864083656884449,1.0128718695929573,0.029518436291000164,0.030032140322686626,0.0
model.enc.32x32_block1.norm0,0.0005226927456915694,0.0005156211691631958,0.999658431998735,0.9861339261348553,1.0133684220590455,0.025781059738378895,0.02622663341460335,0.0,510,512,0.99609375,1.0,0.9861339261348553,0.025777024302273695,0.8290945581742073,0.9880119760479043,1.225896860986547,510,0.9861121014808238,0.025844580810170818,0.9874342417285815,0.001808774035873119,0.001808774035859572,2.174069977184762e-12,0.0005227175384278881,0.0005156340765418971,0.9861099508730246,1.0133891819114658,0.025852554946466398,0.02629777252335746,0.0
model.enc.32x32_block1.norm1,0.0005315059973895214,0.0005257704281371756,0.9996112348681735,0.9888242644648884,1.0105158790934539,0.027580645328653813,0.028330297350182478,0.0,511,512,0.998046875,1.0,0.9888242644648884,0.027580645328653813,0.8454044117647059,0.987146529562982,1.1527427490542244,511,0.9888081393009822,0.0276845547260372,0.9866924899049293,0.0014151273542872872,0.0014151273543292267,0.0,0.0005315044930074457,0.0005257598209804471,0.988805268099252,1.0105315192997018,0.027646272887845266,0.028393400886709018,0.0
model.enc.32x32_block2.affine,0.007518729128780034,0.0074181139374438565,0.9995964118333907,0.9862198713951142,1.0131543842619226,0.028027828201935282,0.028509709511233824,0.0,131161,131328,0.9987283747563352,1.0,0.9862198713951144,0.028024514516436783,0.75,0.9850597609561753,1.1428571428571428,131161,0.9862206622782261,0.028026428266840944,0.9846807464568751,0.0005538307352772372,0.0005538303857078574,4.015940429710873e-10,0.007518724681459819,0.007418114477696436,0.9862206467726118,1.0131538346819677,0.028023616868470685,0.028505521239713318,0.0
model.enc.32x32_block2.conv0,0.01863031980587648,0.01838385114718891,0.9995599105965627,0.9863362948449483,1.0129608127508578,0.02927209805023116,0.029778060290846273,0.0,589683,590080,0.9993272098698481,1.0,0.9863362948449483,0.0292640002079124,0.8,0.9858870967741935,1.1692307692307693,589683,0.9863355591719773,0.02926088453255632,0.9858151154667941,0.0008961415086336786,0.0008961415084654714,6.29255521295604e-09,0.018630312959077105,0.01838382518216592,0.9863355914911037,1.0129622072459887,0.029261038773755847,0.0297668451583474,0.0
model.enc.32x32_block2.conv1,0.01609230907751454,0.015866680798557777,0.999511497383866,0.9854974700702016,1.0137248077677687,0.03081506721303933,0.0313075163180143,0.0,589713,590080,0.9993780504338394,1.0,0.9854974700702016,0.03080673884046094,0.7894736842105263,0.9859353023909986,1.1804895835649332,589713,0.9854961722560055,0.030805946640516387,0.9859105961603071,0.0008360278723365367,0.0008360278724345284,5.083052868147488e-09,0.016092317084872604,0.015866663645282258,0.9854961782088107,1.0137266795937276,0.030806576976698676,0.03129888710139007,0.0
model.enc.32x32_block2.norm0,0.0005453076846455575,0.0005392143553101652,0.9997309137120186,0.9885598081590508,1.0110282570487255,0.022937780465031987,0.023632107237950065,0.0,511,512,0.998046875,1.0,0.9885598081590508,0.022928402969424354,0.8624069478908188,0.9888888888888889,1.1149577167019027,511,0.9886121296507046,0.022812584955906615,0.9886847613024647,0.0015889831045107225,0.0015889831044185244,4.891657448665715e-12,0.0005452585612360147,0.0005391921139385197,0.9886108756178881,1.010981729070685,0.02281852813069054,0.023521639408339432,0.0
model.enc.32x32_block2.norm1,0.0005379636474862109,0.0005305397791224673,0.9996600220659411,0.9858647694554848,1.0136483123023297,0.025713930753547703,0.026144205864066627,0.0,510,512,0.99609375,1.0,0.9858647694554848,0.02567857857018374,0.8142443190483453,0.9842001248179737,1.1832577132486382,510,0.9858879790158478,0.025659159935764737,0.9844589663460466,0.0014910005626711182,0.0014910005626973743,2.011014728895905e-11,0.0005379748409522771,0.0005305627777485939,0.98588826871166,1.013626775128246,0.025665543015507494,0.026096294881066455,0.0
model.enc.32x32_block3.affine,0.0062859803634322964,0.006205982724868211,0.9993989869568213,0.9866802773335811,1.0122816459142039,0.03422387844923669,0.034818880464413296,0.0,131157,131328,0.9986979166666666,1.0,0.9866802773335811,0.03422221564709937,0.8156775112279548,0.9856065798492117,1.1696693117680286,131157,0.9866806175354332,0.034221825111095304,0.9852988714893596,0.0005589679009507065,0.0005589678898192198,1.72000065372112e-10,0.006285983517508903,0.006205987428318316,0.986680665861881,1.012281525980636,0.03421997145044982,0.03481498506572555,0.0
model.enc.32x32_block3.conv0,0.01712392781439303,0.016898805488373136,0.9995130585067595,0.9863728077969213,1.012828360867812,0.030793080170105246,0.03132237178402565,0.0,589612,590080,0.9992068872017353,0.9999999999999998,0.9863728077969214,0.030783950540798445,0.7968607724605423,0.9865319865319865,1.1739638622247266,589612,0.9863713769009366,0.03077999409555639,0.986450504191859,0.0009567188499857436,0.0009567188499940353,6.304809833960249e-09,0.01712395119482447,0.016898796910156097,0.9863713058820154,1.0128306127021074,0.03078195181546757,0.031311041275691655,0.0
model.enc.32x32_block3.conv1,0.016036156620688812,0.015803946947702065,0.9995049942383395,0.9850317801540325,1.0141908653456488,0.031004993703909193,0.031490898945468755,0.0,589752,590080,0.9994441431670282,1.0,0.9850317801540325,0.030998246449771436,0.7941176470588235,0.9850187265917603,1.173913043478261,589752,0.9850311759733885,0.03099894744487966,0.9849805606800862,0.0008147698810072604,0.0008147698810893563,4.114673315102663e-09,0.016036146516920282,0.01580392372743007,0.985031174117478,1.0141919436068711,0.030997958050550896,0.0314837661235954,0.0
model.enc.32x32_block3.norm0,0.00040924241783700743,0.000403724355071724,0.9995503321083771,0.9860727910978784,1.0132120827566728,0.029581242853039126,0.030077430284916662,0.0,509,512,0.994140625,1.0,0.9860727910978784,0.02946340298535692,0.8292416071604255,0.9866666666666667,1.1638235294117638,509,0.985933875430684,0.029437758139430503,0.984867068702266,0.0017935623199678316,0.001793562319971576,4.456843453228762e-11,0.00040925139035646337,0.0004036757079674946,0.985933587580969,1.0133576670123443,0.029535985951881113,0.03002506534883507,0.0
model.enc.32x32_block3.norm1,0.0005126814744330773,0.0005047470557558035,0.9995563920941226,0.9840869450750157,1.0152690125363446,0.02932193568226273,0.02978457561444702,0.0,512,512,1.0,1.0,0.9840869450750157,0.029321935682262726,0.8493181818181819,0.9883720930232558,1.1444250871080137,512,0.98408224673422,0.029389470071348765,0.9882950791974052,0.001468252100836678,0.0014682521008673461,0.0,0.0005126930066888282,0.0005047549109072763,0.9840795885051132,1.0152754971553235,0.02933970167107638,0.029802763359617984,0.0
model.enc.32x32_conv,0.0014646875387003529,0.001444498998173326,0.99952337009903,0.9857464261899831,1.0134928626985211,0.030445712535626925,0.030940646459963802,0.0,3584,3584,1.0,1.0,0.9857464261899831,0.030445712535626928,0.794438942873058,0.9851674885571055,1.1808883028141577,3584,0.9857469999078089,0.030444326504845885,0.9851113618702001,0.0004699291556529214,0.00046992915566506597,0.0,0.0014646820427469407,0.0014444939237930469,0.9857466637875774,1.0134926217126254,0.030445667873256754,0.030940639842655243,0.0
model.enc.8x8_block0.affine,0.00864796716131715,0.008530927263733024,0.9995363760704832,0.9860088460851495,1.0132494967513068,0.030035148514342056,0.030534874372678312,0.0,131224,131328,0.999208089668616,1.0,0.9860088460851495,0.030032366076657206,0.8,0.9821634157001158,1.1317526088174208,131224,0.9860086215939344,0.030031978342146434,0.9819073926222465,0.0006161248486438989,0.0006161248867402655,4.780645062013323e-10,0.008647973445043932,0.00853092928433965,0.9860084572563219,1.0132500896709855,0.03003204530107803,0.03053174203605975,0.0
model.enc.8x8_block0.conv0,0.020772474066798666,0.020421627157553447,0.9994575316230605,0.9825767024659658,1.0166283761981025,0.03237765734863948,0.03294962847133856,0.0,589740,590080,0.9994238069414316,1.0,0.982576702465966,0.03236852970319447,0.79103911041797,0.9848993288590604,1.170731707317073,589740,0.9825783733224,0.032366100279553084,0.9848826185138471,0.0009050439383165557,0.0009050439364942353,9.753101375526914e-09,0.02077245741866,0.0204216389651749,0.9825784642360104,1.01662739385141,0.03236537369006335,0.032937050781995984,0.0
model.enc.8x8_block0.conv1,0.020190443241723807,0.019853344690758768,0.9994548826153948,0.9827680378219956,1.0164250605845209,0.03246299989408136,0.03302433289936419,0.0,589775,590080,0.9994831209327549,0.9999999999999999,0.9827680378219957,0.032455138386622326,0.7841726618705036,0.9836065573770492,1.1805555555555556,589775,0.9827672063004383,0.03245394050269114,0.9836030907260449,0.0007581977865385557,0.0007581977863757705,7.95713857880047e-09,0.020190448244116033,0.019853329253853105,0.9827672841196201,1.0164263653670282,0.03245527815401766,0.03301653699791028,0.0
model.enc.8x8_block0.norm0,0.0006471079639503415,0.0006376370066377583,0.9995719109946519,0.9849423539079243,1.0144187639867739,0.028829182026719778,0.02928026907301828,0.0,512,512,1.0,1.0,0.9849423539079243,0.02882918202671978,0.8333333333333334,0.987921883426963,1.1549278846153845,512,0.9850048817155983,0.028905594763916832,0.9881915303614695,0.0017828117962041877,0.0017828117960602124,0.0,0.0006470976356411048,0.0006376672498541766,0.9850050657634705,1.0143547448413623,0.028821629473280007,0.029273341642278097,0.0
model.enc.8x8_block0.norm1,0.00060387662132629,0.0005957613069254006,0.9995249002014551,0.9860925888150044,1.0131401832390765,0.030407443507865135,0.030916515237369727,0.0,512,512,1.0,1.0,0.9860925888150044,0.030407443507865138,0.8079215116279069,0.9866183315431436,1.1285369220151829,512,0.9860841079644043,0.030473746545485424,0.9865307469172154,0.0015714978457902226,0.001571497845805785,0.0,0.0006038358064924957,0.0005957165068624309,0.9860863102880131,1.0131491535565247,0.030367423868694808,0.03087564980570166,0.0
model.enc.8x8_block1.affine,0.008243815803286514,0.008087586432752326,0.9995125950531158,0.9805707327781379,1.0188203607091049,0.03062652295739541,0.03137826312375899,0.0,131216,131328,0.9991471734892787,1.0000000000000002,0.9805707327781376,0.03062185975026561,0.7586159564800323,0.9827389961073196,1.1902654867256637,131216,0.9805709046515437,0.030622632584017463,0.982639965573461,0.0006070168567022538,0.0006070169758218038,7.423850518985553e-10,0.008243820908300312,0.00808759164681849,0.9805708356274413,1.018820415720209,0.030624029585358883,0.03137569426132363,0.0
model.enc.8x8_block1.conv0,0.020398393833731626,0.020060665685490742,0.9994622663415221,0.9829145644391312,1.0162885544488154,0.03224701983895719,0.032797037817824296,0.0,589708,590080,0.9993695770065076,1.0,0.9829145644391313,0.03223968104214299,0.7894736842105263,0.9850746268656716,1.1711711711711712,589708,0.9829145911818323,0.0322385735622801,0.9850471559454066,0.0008941865230913006,0.0008941865228178547,7.53147945615807e-09,0.02039839377862343,0.020060659665935877,0.9829145817438469,1.0162891767606188,0.032237572318678506,0.032787446523546815,0.0
model.enc.8x8_block1.conv1,0.0200332644057559,0.019693385007048488,0.9994588651763704,0.9825022937834758,1.0167080825154595,0.0323353545196518,0.03291166647766239,0.0,589809,590080,0.9995407402386117,1.0,0.9825022937834759,0.032328109876006386,0.7857142857142857,0.9832635983263598,1.1785714285714286,589809,0.9825024835136779,0.032329033224310716,0.9832659238958879,0.0007359400659201014,0.0007359400659291654,7.190726497436044e-09,0.020033267021208882,0.01969338681152802,0.982502426209954,1.016708298706737,0.032330167011049876,0.03290638585385727,0.0
model.enc.8x8_block1.norm0,0.0005308046695177322,0.0005219411798318202,0.9993878908683513,0.9826998985208366,1.0163592750112758,0.0343993143465264,0.03499158327966624,0.0,512,512,1.0,1.0,0.9826998985208366,0.0343993143465264,0.775,0.9834368056761971,1.1647370746796288,512,0.9826771568787719,0.03425527342688876,0.9825218011155388,0.001664406748850633,0.0016644067488900485,0.0,0.0005308131999283497,0.0005219384381369146,0.9826835892679501,1.0163857519746504,0.03426562485101032,0.03485695997371702,0.0
model.enc.8x8_block1.norm1,0.0006192405362050862,0.0006090814838889656,0.9995152888576192,0.9831175766333924,1.0161865034304758,0.030621036371060274,0.031137241373391713,0.0,511,512,0.998046875,1.0,0.9831175766333924,0.030621036371060274,0.8023472054684359,0.9828571428571429,1.1800931903665863,511,0.9831781072023171,0.03070369717443187,0.9830955676094726,0.0017043433288220684,0.0017043433286678567,0.0,0.0006192496956253793,0.0006091281278008524,0.9831788515323016,1.016124266052919,0.030605920777909554,0.031118859633345472,0.0
model.enc.8x8_block2.affine,0.008749467244887522,0.008624845694001794,0.9993256564301188,0.9850919311462178,1.0137650467175103,0.036195293633886835,0.03676248502689182,0.0,131214,131328,0.9991319444444444,0.9999999999999998,0.9850919311462181,0.03618960699420294,0.6862745098039216,0.9863774453789045,1.2436548223350254,131214,0.985094337296245,0.03619094848898825,0.9862390860489577,0.0006865563017489596,0.0006865568347760214,1.20520310285141e-09,0.008749448616245674,0.008624846710672806,0.985094308338051,1.0137629372485077,0.03619091966715802,0.036758094987873295,0.0
model.enc.8x8_block2.conv0,0.020152955944135405,0.019821612462863274,0.9994417461852615,0.9830094913623113,1.016148687062557,0.03286021895015105,0.03341398505901582,0.0,589714,590080,0.9993797451193058,1.0,0.9830094913623111,0.032852287430888034,0.7867061245651757,0.9847020933977456,1.1764705882352942,589714,0.9830083252694318,0.03285273448298257,0.984680762835473,0.0008484402767343588,0.0008484402769419698,8.09608864044471e-09,0.020152962893011085,0.019821590762739583,0.9830083306411825,1.0161504128629133,0.03285256051155102,0.03340626818116874,0.0
model.enc.8x8_block2.conv1,0.01887237285681426,0.018553476890226746,0.9994246332592595,0.982536853070055,1.016602679527367,0.03334446052965078,0.03393209656126388,0.0,589804,590080,0.9995322668112798,1.0,0.9825368530700549,0.03333846926249794,0.7767857142857143,0.9831206707720799,1.1857995557687089,589804,0.9825370640784795,0.03334051935207164,0.9830868738825062,0.000764947120879736,0.0007649471203156937,5.442265218907395e-09,0.01887237384637829,0.018553478160121786,0.9825370543140434,1.0166028551959172,0.033338994239102436,0.03392653014466838,0.0
model.enc.8x8_block2.norm0,0.000661511511153555,0.0006523605242002542,0.9995022787073558,0.9856757130950722,1.0135227964624087,0.03111030931010424,0.031612718662789266,0.0,512,512,1.0,1.0,0.9856757130950722,0.031110309310104244,0.7784347826086957,0.9857236024211792,1.128856595336953,512,0.9856945191691873,0.031040269565135902,0.9858234247560806,0.0012603647922107277,0.0012603647921395592,0.0,0.0006615087909459974,0.0006523701093060138,0.9856972755971307,1.0135068494994444,0.031014849366244393,0.031516586797890996,0.0
model.enc.8x8_block2.norm1,0.0005898162816731825,0.0005797582861268629,0.9993736452596104,0.9823315662505061,1.0167113805083494,0.03478462881710899,0.035405155457697755,0.0,511,512,0.998046875,1.0,0.9823315662505061,0.03477934381920441,0.7752525252525253,0.9867256637168141,1.1698358800226374,511,0.9822848588036084,0.034766547769566704,0.9863748953017666,0.0012015765312188473,0.0012015765315672815,4.891657448665715e-12,0.0005898142147418799,0.0005797276878873719,0.9822824996141643,1.0167607926593991,0.03480165666963078,0.035425738004005315,0.0
model.enc.8x8_block3.affine,0.007076716767089122,0.006891698157512979,0.9992511633079925,0.9731260452712797,1.026077651733206,0.03768093499625726,0.040017021772115836,0.0,131226,131328,0.9992233187134503,0.9999999999999999,0.9731260452712798,0.03767353048041364,0.7732156678460859,0.9743589743589743,1.2116804835422124,131226,0.9731256014660982,0.037671449296758135,0.9742564489556627,0.0008333665099383772,0.0008333651356798415,1.0687167505424297e-09,0.007076727302208819,0.006891702705377036,0.9731255351134358,1.0260788146343374,0.037673249241439936,0.04000959591930871,0.0
model.enc.8x8_block3.conv0,0.019312571963309114,0.018935293737136236,0.9993979043807555,0.9798742972029026,1.0193105116970171,0.03401843118064405,0.03488713118935309,0.0,589837,590080,0.9995881914316703,0.9999999999999999,0.9798742972029028,0.03401135890523839,0.7680365932943254,0.9799772791820506,1.1908034251970714,589837,0.9798745221273576,0.03401321017911717,0.9799530807847053,0.0007231094617123407,0.000723109458007646,6.863282153726331e-09,0.019312561027485485,0.01893528398843619,0.9798745079174941,1.0193106260838212,0.03401381420664024,0.03488241143048601,0.0
model.enc.8x8_block3.conv1,0.01770132357631807,0.01736415796573921,0.9993648962335587,0.9803295131461344,1.018769895663678,0.034955567932184066,0.03577029919083305,0.0,589827,590080,0.9995712445770065,1.0,0.9803295131461343,0.034947820929430114,0.7586206896551724,0.9805013927576601,1.2009650474414073,589827,0.9803298843416429,0.03495086847559584,0.9805040522251435,0.0007304574740639749,0.0007304574732659394,6.489881256219723e-09,0.01770132916960944,0.017364167233317986,0.9803299255249591,1.0187698805641858,0.03494999625487978,0.0357645931464296,0.0
model.enc.8x8_block3.norm0,0.0004987220970540429,0.000485890449274333,0.9992836799371273,0.9735730561474297,1.0256732832563848,0.036869777735987576,0.03909695943587329,0.0,511,512,0.998046875,1.0,0.9735730561474297,0.03679509815796772,0.7291923117706993,0.9705928605126593,1.1599148490595859,511,0.9736073807922112,0.036857192174436205,0.9705251457466857,0.00089534202888755,0.0008953420286771232,5.233266686291718e-11,0.0004987172356638194,0.00048590269731487774,0.973606113082721,1.0256364048062894,0.03689679639171901,0.03911349289106909,0.0
model.enc.8x8_block3.norm1,0.0005071023232132354,0.0004952349137217966,0.9993465783297759,0.9759594737435467,1.0232941126015012,0.0352985172621344,0.036918504928561205,0.0,511,512,0.998046875,1.0,0.9759594737435467,0.0352980769427795,0.7912946428571428,0.9753930280246069,1.1916666666666667,511,0.9759753797453052,0.035262707879613296,0.975558122561076,0.0013102013952858542,0.0013102013950980838,3.0572859054160717e-13,0.0005070810792746271,0.0004952211595367991,0.975976288812027,1.0232828447950082,0.035215024254306226,0.0368319955179657,0.0
model.enc.8x8_down.affine,0.01010577670553254,0.009931537014278702,0.9996574297761682,0.9824217430002622,1.0171955008394271,0.0257216825421541,0.026220267767283527,0.0,131253,131328,0.9994289108187134,1.0,0.9824217430002622,0.025717184056292454,0.8333333333333334,0.9820099255583127,1.1463763066202084,131253,0.9824215579609474,0.02571750920398343,0.9818802181937983,0.000554257225069351,0.0005542568928816465,9.038377462863834e-10,0.010105769476111217,0.009931526676918111,0.9824214854057152,1.017195896295485,0.025719299475864047,0.026217852273960136,0.0
model.enc.8x8_down.conv0,0.021423957823779656,0.021052401133520998,0.9994563285207789,0.98212271124344,1.0170958691664278,0.03239859437359824,0.033003447030195115,0.0,589723,590080,0.9993949972885032,1.0,0.98212271124344,0.032389998374234605,0.7852165006232666,0.9833249115715007,1.1763150645208063,589723,0.9821230763457813,0.032388198545737344,0.9832983957928683,0.0008452732672230856,0.0008452732668935519,9.776595768463953e-09,0.021423963444400982,0.021052408682374554,0.9821230861293272,1.017096061667265,0.03239009689228807,0.032994793567296864,0.0
model.enc.8x8_down.conv1,0.020471252498077207,0.020121504256522475,0.999447060456126,0.9823716591364262,1.0168192632231365,0.032682089102157974,0.03327199209288706,0.0,589766,590080,0.9994678687635575,1.0000000000000002,0.9823716591364262,0.03267378413828159,0.782051282051282,0.9830508474576272,1.1818181818181819,589766,0.9823730659704191,0.03267699827647047,0.983029466551911,0.0007741342065748423,0.0007741342064040974,8.699705024354959e-09,0.020471231710975278,0.020121508354117176,0.9823730087758692,1.0168181810365702,0.032677558033858516,0.03326729017504724,0.0
model.enc.8x8_down.norm0,0.0006408467095326069,0.000630523037626225,0.999550386713722,0.9834482048770458,1.0159162125924692,0.029500715191484603,0.029985419326567703,0.0,512,512,1.0,1.0,0.9834482048770458,0.029500715191484606,0.8216905901116428,0.9847405268631926,1.1580935251798559,512,0.9833999097462867,0.029311885943325903,0.9848691352835259,0.0014904524006188072,0.0014904524006386626,0.0,0.0006408567752871529,0.000630502187395133,0.9834036789037288,1.015969320680681,0.029384339243613306,0.029869197040968215,0.0
model.enc.8x8_down.norm1,0.0006887439385814399,0.0006778241569884416,0.9996346365319078,0.9837857973737625,1.0157388012937882,0.026600949499536654,0.027029871542976737,0.0,511,512,0.998046875,1.0,0.9837857973737625,0.0266003864040036,0.8291145450085847,0.9834710743801653,1.139957264957265,511,0.9837836205350404,0.026555461077906063,0.9833622183578373,0.0011009484022688491,0.0011009484022035528,5.435174942961905e-13,0.0006887629766808216,0.0006778391356415665,0.9837809483109199,1.015745056215794,0.02657843531145804,0.027007175551770842,0.0
model.enc.8x8_down.skip,0.006662577551909168,0.006548314389863665,0.9994547100252685,0.9823140681942351,1.01689444316721,0.03245314476765847,0.03304418341829956,0.0,65781,65792,0.9998328064202334,1.0000000000000002,0.9823140681942347,0.03245051501683783,0.7799671592775042,0.9825431067456128,1.1781609195402298,65781,0.9823156142594243,0.03244906491431596,0.9825525492216779,0.0002991229873512957,0.00029912298734606865,2.897755028379291e-10,0.006662576703335819,0.0065483237681768815,0.982315637710867,1.0168928961699877,0.032452058405417844,0.033042951485764034,0.0
model.map_layer0,0.006122435849782718,0.006080675677670305,0.9996647397195347,0.992846183737951,1.0065301234035717,0.025715634431088957,0.027412265046520754,0.0,66048,66048,1.0,1.0,0.992846183737951,0.025715634431088957,0.8860294117647058,0.9934122075826836,1.0471673800830739,66048,0.9928460803785677,0.025719949447413376,0.9934077983884912,0.00025285712698852185,0.0002528573411768796,0.0,0.006122441260221732,0.006080680694619104,0.9928460125775627,1.006530067935075,0.025719992914327434,0.027416577618299257,0.0
model.map_layer1,0.011806745289279648,0.01166469622133629,0.9996319354328024,0.9876051845174951,1.0118051444062957,0.026802806833809253,0.027386135669151643,0.0,262556,262656,0.9996192738791423,1.0,0.9876051845174951,0.026800705037334685,0.7613325753140902,0.9845657521728121,1.2132402065583048,262556,0.9876049383014861,0.026802571897992306,0.9845331915871663,0.00029124069353256044,0.0002912408206648509,6.006723197582525e-10,0.011806746310706108,0.011664693901693187,0.9876049269277889,1.0118054579869604,0.026801905798584085,0.027385258727640503,0.0
