layer,update_reference_l2,update_probe_l2,update_cosine,s_K_star_layer,c_K_star_layer,R_opt_layer,layer_residual_with_global_c_star,support_atol,support_coordinate_count,coordinate_count,support_coordinate_coverage,support_energy_coverage,h_update_weighted_mean,h_update_weighted_std,h_update_p05,h_update_p50,h_update_p95,h_moment_coordinate_count,h_moment_weighted_mean,h_moment_weighted_std,h_moment_p50,h_update_minus_moment_weighted_rmse,h_update_minus_moment_eps_weighted_rmse,off_support_candidate_energy_exact,predicted_reference_l2,predicted_probe_l2,s_K_star_predicted_layer,c_K_star_predicted_layer,R_pred_layer,predicted_layer_residual_with_global_c_star,predicted_off_support_candidate_energy_exact
model.dec.16x16_block0.affine,0.08750451658656205,0.08747913036289846,0.99999748602886,0.9997073734628619,1.0002876827847953,0.0022416554242680837,0.0022560171644579116,0.0,131328,131328,1.0,1.0,0.9997073734628619,0.0022416554242680807,0.9995070248952428,1.0,1.0,131328,1.0000000003099783,4.336015538429603e-08,1.000000000234702,0.002260674438123044,3.0657782953493104e-05,0.0,0.08750464469790209,0.08747924535615709,0.9997072240905368,1.0002878324750464,0.0022416035653015547,0.002256013510110228,0.0
model.dec.16x16_block0.conv0,0.26400398724765095,0.2639988951166882,0.9999999716891154,0.9999806836061147,1.0000192601441535,0.00023794870081205198,0.00023879236766402115,0.0,1179892,1179904,0.9999898296810588,1.0000000000000002,0.9999806836061146,0.00023794870081205285,0.9998926133312879,1.0,1.0,1179892,0.9999999989130326,4.325735674957248e-08,0.9999999987539325,0.00023873139507068946,3.7400543037170875e-05,0.0,0.26400522162179474,0.2640003396043042,0.9999814802293885,1.0000184648198132,0.00023513978289676425,0.00023603723612227823,0.0
model.dec.16x16_block0.conv1,0.18669525859643765,0.18669143950368883,0.9999999700220215,0.9999795137305062,1.000020426732005,0.00024485404512200246,0.00024558232558353495,0.0,590072,590080,0.999986442516269,1.0,0.9999795137305062,0.0002448540451220028,0.9998774059090352,1.0,1.0,590072,0.9999999989121409,4.32485659604978e-08,0.9999999987797078,0.0002457095061183769,4.1938212592335355e-05,0.0,0.18669704354707412,0.1866933896402727,0.9999803996037411,1.000019542617281,0.00024116331510455166,0.00024194994892519852,0.0
model.dec.16x16_block0.norm0,0.007779088030584448,0.0077790870992720945,0.9999999999972552,0.9999998802772636,1.000000119717261,2.3429920628850656e-06,3.921153072335048e-05,0.0,1024,1024,1.0,1.0,0.9999998802772636,2.342992062882222e-06,1.0,1.0,1.0,1024,0.9999999964528727,4.3016263024297796e-08,0.9999999960932633,2.347877089882743e-06,3.1918914520240847e-06,0.0,0.00777936173958275,0.007779358445925183,0.9999995766132053,1.0000004233814554,2.349194943431041e-06,3.8627064571859295e-05,0.0
model.dec.16x16_block0.norm1,0.005500937658061616,0.005500935024011366,0.9999999999414121,0.9999995211048187,1.0000004787782348,1.082477274996579e-05,4.0264746942724767e-05,0.0,512,512,1.0,1.0,0.9999995211048187,1.0824772749965172e-05,1.0,1.0,1.0,512,0.9999999962229871,4.2392253717267054e-08,0.999999995348978,1.0834720185105823e-05,1.1530499895237687e-05,0.0,0.005500833780435975,0.005500830982861718,0.9999994914181572,1.00000050856395,4.260431977809294e-06,3.870557044753455e-05,0.0
model.dec.16x16_block0.skip,0.0880969487880842,0.08809677535724819,0.9999999987888137,0.9999980301526897,1.0000019674288134,4.921751027712054e-05,6.17510486525496e-05,0.0,131326,131328,0.9999847709551657,0.9999999999999999,0.9999980301526898,4.9217510277119854e-05,0.9999980845297042,1.0,1.0,131326,0.9999999987859426,4.3204832704830126e-08,0.999999998493615,4.925698954630752e-05,7.412727632517668e-06,0.0,0.08809713397720506,0.08809697278901697,0.9999981691502475,1.0000018284823524,4.86902389273363e-05,6.124459974742825e-05,0.0
model.dec.16x16_block1.affine,0.08759346923167943,0.08757014082819706,0.9999978625008847,0.9997315372391664,1.000264258710795,0.0020670551232165636,0.0020798054199104308,0.0,131328,131328,1.0,1.0,0.9997315372391664,0.002067055123216566,0.9996309509164719,1.0,1.0,131328,1.0000000000153908,4.340208947016697e-08,1.000000000036792,0.002084415689088055,2.7056977734156343e-05,0.0,0.0875935920214199,0.08757025184396097,0.9997314033287527,1.0002643929565604,0.0020669910427054622,0.0020797870443700272,0.0
model.dec.16x16_block1.conv0,0.26399991939218176,0.2639946202299744,0.99999996789185,0.9999798953022467,1.00002004088437,0.0002534042648228813,0.0002541371769364839,0.0,1179892,1179904,0.9999898296810588,0.9999999999999998,0.999979895302247,0.00025340426482288,0.9998774059090352,1.0,1.0,1179892,0.9999999988999527,4.324186498922313e-08,0.9999999987392222,0.0002542004694776461,3.709300665456604e-05,0.0,0.2640011855717126,0.26399607635113237,0.9999806155157954,1.0000193219318199,0.00025084755345946246,0.000251621371341121,0.0
model.dec.16x16_block1.conv1,0.18668527814352423,0.18668083571280258,0.9999999635278867,0.9999761671653464,1.000023760456707,0.0002700754603174052,0.00027052631505889476,0.0,590069,590080,0.9999813584598698,1.0,0.9999761671653462,0.00027007546031740647,0.999877375843041,1.0,1.0,590069,0.9999999989491588,4.331466296426752e-08,0.9999999987233437,0.0002711248951348247,4.474470657414437e-05,0.0,0.1866875152629828,0.18668318716591498,0.9999767808176643,1.0000231486433822,0.0002665954816193728,0.00026707121468983044,0.0
model.dec.16x16_block1.norm0,0.007779224277154783,0.007779222414534044,0.9999999999706753,0.9999997605353959,1.0000002394060121,7.658286397718817e-06,3.976617007259572e-05,0.0,1024,1024,1.0,1.0,0.9999997605353959,7.65828639771771e-06,1.0,1.0,1.0,1024,0.9999999980151214,4.278734475560386e-08,0.9999999976098054,7.66319860480824e-06,7.627228124358005e-06,0.0,0.007779378868657447,0.007779377027458723,0.9999997633227891,1.0000002366765035,8.739613344421499e-07,3.875213086572001e-05,0.0
model.dec.16x16_block1.norm1,0.005501107481991041,0.0055011022702381234,0.9999999997656529,0.9999990523649825,1.0000009471672209,2.164932275832442e-05,4.400744972217476e-05,0.0,512,512,1.0,1.0,0.9999990523649825,2.16493227583242e-05,1.0,1.0,1.0,512,0.999999997950478,4.590177842461855e-08,0.9999999943478897,2.1671342880445712e-05,1.5974989411683967e-05,0.0,0.005500741953783267,0.005500731591773643,0.9999981155455201,1.0000018830443276,3.759914105824467e-05,5.281858126235376e-05,0.0
model.dec.16x16_block1.skip,0.0880971639782975,0.08809700597181273,0.9999999988094511,0.9999982052615382,1.0000017923605808,4.8796408410258187e-05,6.152240375618724e-05,0.0,131326,131328,0.9999847709551657,1.0000000000000002,0.9999982052615379,4.879640841025764e-05,0.9999990422565967,1.0,1.0,131326,0.9999999988380639,4.317197743265629e-08,0.9999999985689827,4.882953303179933e-05,6.270737797026436e-06,0.0,0.08809728749176082,0.08809713888635487,0.9999983119960285,1.0000016856647385,4.839494547128914e-05,6.109716724292746e-05,0.0
model.dec.16x16_block2.affine,0.08759440799143665,0.08757136514530593,0.9999978652246294,0.9997348028046897,1.000260996864763,0.00206574445664758,0.00207814509328585,0.0,131328,131328,1.0,1.0,0.9997348028046897,0.0020657444566475765,0.9996923110058152,1.0,1.0,131328,0.9999999998552445,4.315375386750517e-08,0.9999999999744555,0.0020826977490745785,2.631986679043598e-05,0.0,0.08759451143170692,0.08757145587748226,0.9997346580314372,1.0002611417031158,0.00206574684684763,0.0020781933515539807,0.0
model.dec.16x16_block2.conv0,0.2639979289232111,0.2639923917741341,0.999999969089223,0.9999789948757946,1.0000209437425782,0.00024863418893900953,0.00024931319260682673,0.0,1179893,1179904,0.9999906772076372,1.0000000000000002,0.9999789948757943,0.00024863418893900986,0.9998774059090352,1.0,1.0,1179893,0.9999999988146233,4.327092991782462e-08,0.9999999985414375,0.00024951987524175653,3.803677634433478e-05,0.0,0.2639993549295869,0.2639940126126338,0.9999797337065328,1.0000202063118402,0.00024574110312266585,0.0002464620294606906,0.0
model.dec.16x16_block2.conv1,0.18668261322731883,0.18667791378585483,0.9999999629650619,0.9999747895372384,1.0000251370266027,0.0002721509615978345,0.00027252404845763976,0.0,590075,590080,0.9999915265726681,1.0,0.9999747895372384,0.00027215096159783345,0.9998773608045132,1.0,1.0,590075,0.9999999988501942,4.330567870582254e-08,0.9999999985689827,0.0002733160762923783,4.681889257364119e-05,0.0,0.18668498144990062,0.18668037876545526,0.9999753092257694,1.000024619470061,0.00026815759766854187,0.0002685483716039034,0.0
model.dec.16x16_block2.norm0,0.007779206353919283,0.007779202631694372,0.9999999999597534,0.9999995214758642,1.0000004784438714,8.97179417144837e-06,3.9806948296996787e-05,0.0,1024,1024,1.0,1.0,0.9999995214758642,8.971794171448215e-06,1.0,1.0,1.0,1024,0.9999999996062383,4.205661301241126e-08,1.0000000000221567,8.983466982232802e-06,6.160967811996173e-06,0.0,0.007779355948936142,0.007779352212142124,0.9999995196414582,1.000000480336647,4.703801757955586e-06,3.878489868643857e-05,0.0
model.dec.16x16_block2.norm1,0.005501427969597752,0.005501427969597752,1.0,1.0,1.0,0.0,3.926119009211115e-05,0.0,512,512,1.0,1.0,1.0,0.0,1.0,1.0,1.0,512,0.9999999974060167,4.334607764749573e-08,0.9999999960532021,4.342362486643527e-08,2.0237283077056632e-06,0.0,0.005500841244599958,0.005500839062796209,0.9999996033671146,1.0000003966291209,1.980343443260588e-06,3.863310570231895e-05,0.0
model.dec.16x16_block2.skip,0.08809751827711128,0.0880973856927489,0.999999999459117,0.9999984944863903,1.0000015044341086,3.2890165370426566e-05,5.007329193958027e-05,0.0,131326,131328,0.9999847709551657,1.0,0.9999984944863903,3.2890165370427216e-05,0.9999990422666866,1.0,1.0,131326,0.9999999986122858,4.312036703685943e-08,0.9999999983425293,3.292465189240574e-05,6.053383700399024e-06,0.0,0.08809761996191175,0.08809749667677227,0.9999986000666191,1.000001398898772,3.219571756528987e-05,4.948559585581012e-05,0.0
model.dec.16x16_block3.affine,0.08757242690014698,0.08754857659409217,0.9999978010889636,0.9997254521949756,1.0002702241772419,0.002096526192791311,0.0021097706241353987,0.0,131328,131328,1.0,1.0,0.9997254521949756,0.002096526192791309,0.9995070856438694,1.0,1.0,131328,0.9999999999372026,4.328763568300077e-08,0.9999999999423705,0.002114426224031902,2.730501589707933e-05,0.0,0.08757252165290673,0.08754866656994931,0.9997253987383513,1.0002702792569445,0.002096146216192595,0.0021094298787091505,0.0
model.dec.16x16_block3.conv0,0.26399339542646505,0.2639875233922176,0.999999968533928,0.9999777254241972,1.0000222121384257,0.00025085721742137957,0.0002514414451647285,0.0,1179893,1179904,0.9999906772076372,1.0,0.9999777254241972,0.000250857217421379,0.9998774059090352,1.0,1.0,1179893,0.9999999988291182,4.330018261739569e-08,0.9999999985976347,0.00025184413226581325,3.8139193509577274e-05,0.0,0.2639948578708675,0.26398915355593644,0.999978361569092,1.0000215773834564,0.00024801551109123165,0.0002486305569824287,0.0
model.dec.16x16_block3.conv1,0.18667965102235634,0.18667475093366545,0.9999999616553046,0.9999737130070124,1.0000262109926064,0.0002769212222719998,0.00027723579853869526,0.0,590075,590080,0.9999915265726681,1.0,0.9999737130070127,0.00027692122227199965,0.999877345762296,1.0,1.0,590075,0.9999999988394898,4.3275221746058775e-08,0.9999999985645707,0.0002781660267798161,4.7143060774330446e-05,0.0,0.18668188311795123,0.18667705322639527,0.9999740903889122,1.0000258356764242,0.00027313036345058805,0.00027345345621853956,0.0
model.dec.16x16_block3.norm0,0.007779134239393761,0.007779131911076547,0.9999999999688561,0.9999997006659849,1.0000002992718169,7.89225603213754e-06,3.975321256882378e-05,0.0,1024,1024,1.0,1.0,0.9999997006659849,7.892256032135983e-06,1.0,1.0,1.0,1024,0.9999999991551869,4.3371651660886046e-08,0.9999999993624253,7.899058022702001e-06,7.86051246148026e-06,0.0,0.007779375792756126,0.0077793737414660145,0.9999997363164839,1.0000002636828014,8.856663927628091e-07,3.872539633469983e-05,0.0
model.dec.16x16_block3.norm1,0.005501482304362392,0.005501479678322204,0.9999999999414231,0.9999995226082168,1.0000004772748572,1.0823765414083219e-05,4.026592423548246e-05,0.0,512,512,1.0,1.0,0.9999995226082168,1.0823765414084471e-05,1.0,1.0,1.0,512,0.9999999994929336,4.292932366475863e-08,0.9999999981063461,1.0833588231546734e-05,1.4828579521844827e-06,0.0,0.0055008119170527675,0.005500807325154245,0.9999991651722119,1.000000834707731,1.0988804620085482e-05,3.969553624951676e-05,0.0
model.dec.16x16_block3.skip,0.0880977924475526,0.08809767710904627,0.9999999997502217,0.9999986905402733,1.0000013089618842,2.2350726585314085e-05,4.404456994214588e-05,0.0,131326,131328,0.9999847709551657,0.9999999999999998,0.9999986905402736,2.2350726585312798e-05,0.9999997007073855,1.0,1.0,131326,0.9999999986860536,4.3194688255458517e-08,0.9999999985195184,2.2389160194361067e-05,5.986968035821275e-06,0.0,0.08809784719767946,0.08809774190615964,0.999998804603003,1.0000011949357084,2.1510829765057065e-05,4.347810943153237e-05,0.0
model.dec.16x16_block4.affine,0.0876132528684824,0.08759084954547333,0.9999979767014291,0.9997422702078682,1.000253748597657,0.0020111001537871844,0.002023011213979125,0.0,131328,131328,1.0,1.0,0.9997422702078682,0.0020111001537871866,0.9996305759935966,1.0,1.0,131328,1.000000000035921,4.328842609171584e-08,0.9999999999721996,0.0020275473733281832,2.7177909006581714e-05,0.0,0.08761334206465989,0.08759093111350183,0.9997421836447218,1.0002538356901796,0.0020109794670447262,0.0020229305207526346,0.0
model.dec.16x16_block4.conv0,0.26399099691972244,0.26398499704864525,0.9999999665968453,0.9999772390381528,1.0000226946720916,0.00025846328874051447,0.00025899950834781246,0.0,1179889,1179904,0.9999872871013235,1.0000000000000004,0.9999772390381525,0.0002584632887405141,0.9998773908778813,1.0,1.0,1179889,0.9999999988670683,4.3257002821727867e-08,0.9999999986167918,0.0002594634811642403,3.721853253824876e-05,0.0,0.26399219166179144,0.26398634975429164,0.9999778381869815,1.0000220968592655,0.0002558135317290256,0.00025637560748164933,0.0
model.dec.16x16_block4.conv1,0.18668102910865003,0.18667624070773461,0.99999995878162,0.9999743086084829,1.0000256096127054,0.00028711065720098713,0.0002874423672029319,0.0,590075,590080,0.9999915265726681,1.0,0.9999743086084829,0.0002871106572009864,0.9998773608045132,1.0,1.0,590075,0.9999999987546219,4.322435857164954e-08,0.9999999985287716,0.0002882577475126787,4.537626150026405e-05,0.0,0.18668294232039237,0.18667822604514964,0.9999746962319823,1.0000252239831622,0.00028358253381229634,0.0002839230649572052,0.0
model.dec.16x16_block4.norm0,0.0077753497371724645,0.007775345102687494,0.9999999998753015,0.9999994038268758,1.0000005959240823,1.5792300303771254e-05,4.176599166315237e-05,0.0,1023,1024,0.9990234375,1.0,0.9999994038268758,1.5792300303771698e-05,1.0,1.0,1.0,1023,0.9999999977555922,4.150923014981175e-08,0.9999999983964625,1.5803398113463234e-05,1.995642984982331e-06,0.0,0.007775519265575787,0.007775512392589308,0.9999991159457848,1.0000008837992953,1.599064073389836e-05,4.1315127546137924e-05,0.0
model.dec.16x16_block4.norm1,0.005501473283332514,0.005501473278188246,0.9999999999999998,0.9999999990649286,1.000000000935071,2.114008382099807e-08,3.92602606760242e-05,0.0,512,512,1.0,1.0,0.9999999990649286,2.114008382114806e-08,1.0,1.0,1.0,512,0.9999999976708,4.2232880092695117e-08,0.9999999973901896,4.621622018493887e-08,9.389968596827109e-07,0.0,0.005500847567713847,0.005500845932338794,0.9999997027045054,1.000000297294803,8.830518522891166e-07,3.869173208249073e-05,0.0
model.dec.16x16_block4.norm2,0.005500902443847827,0.005500902443847827,1.0,1.0,1.0,0.0,3.926119009214491e-05,0.0,512,512,1.0,1.0,1.0,0.0,1.0,1.0,1.0,512,0.9999999968632494,4.261588447282764e-08,0.9999999972835314,4.273116912311024e-08,1.661943980434025e-07,0.0,0.0055008652683703274,0.0055008651333189554,0.9999999754490508,1.0000000245509164,1.8250999754091664e-07,3.8954835904433955e-05,0.0
model.dec.16x16_block4.proj,0.06234985852523579,0.06234936057630966,0.9999999939604709,0.9999920075923393,1.000007980392385,0.00010990389197462541,0.00011426955448475096,0.0,65790,65792,0.9999696011673151,1.0,0.9999920075923393,0.000109903891974624,0.9999923374583349,1.0,1.0,65790,0.9999999986572249,4.311140070355212e-08,0.9999999981308738,0.0001101940849791579,2.995154417136789e-05,0.0,0.06234983154208791,0.062349355224908795,0.9999923549499652,1.0000076338684183,0.00010601795224509912,0.0001105553151172022,0.0
model.dec.16x16_block4.qkv,0.10798847762805003,0.10798732643644408,0.9999999790397412,0.9999893187210934,1.000010639472033,0.000204742821719295,0.0002067358268220476,0.0,197372,197376,0.9999797341115434,1.0,0.9999893187210934,0.00020474282171929618,0.9999693524165619,1.0,1.0,197372,0.9999999988532549,4.327484851083985e-08,0.9999999985414375,0.00020502116123442815,2.3687797987440228e-05,0.0,0.10798852428238706,0.10798739532889659,0.9999895249357329,1.0000104338124112,0.00020337228402426375,0.00020536786297397448,0.0
model.dec.16x16_block4.skip,0.08809771884652579,0.08809759180666263,0.9999999994786912,0.9999985574451773,1.0000014415142848,3.22895363138353e-05,4.9728672969863635e-05,0.0,131326,131328,0.9999847709551657,0.9999999999999999,0.9999985574451774,3.2289536313835934e-05,0.9999998204251597,1.0,1.0,131326,0.9999999988217426,4.320438171466444e-08,0.9999999984800624,3.2321806063007456e-05,5.976810066537243e-06,0.0,0.08809770580174522,0.08809758968268638,0.9999986814245804,1.0000013175689442,3.175231817051564e-05,4.926042043560509e-05,0.0
model.dec.16x16_up.affine,0.08750446187601943,0.08747822614992709,0.9999974820126115,0.9996976611866943,1.0002973927582426,0.0022434235233602653,0.0022588847676679163,0.0,131328,131328,1.0,1.0,0.9996976611866943,0.0022434235233602675,0.9994446334230783,1.0,1.0,131328,0.9999999999471777,4.355910609388164e-08,0.9999999998921176,0.0022637045975849295,3.0272664646082018e-05,0.0,0.08750458616290349,0.08747832597948645,0.9996973835191667,1.0002976734012132,0.0022427973696227876,0.0022583275116911895,0.0
model.dec.16x16_up.conv0,0.1867002859764981,0.186696762761087,0.9999999704631727,0.9999810994941829,1.000018841788283,0.00024304613528823078,0.00024390692824425843,0.0,590078,590080,0.9999966106290672,1.0,0.9999810994941831,0.00024304613528823037,0.9999386239489352,1.0,1.0,590078,0.9999999990540539,4.324803415665094e-08,0.9999999989014454,0.00024377989777173205,3.674619427516057e-05,0.0,0.18670095656808164,0.18669755230116603,0.9999817373790099,1.000018205299871,0.00024010725311041857,0.00024100855730067175,0.0
model.dec.16x16_up.conv1,0.18668787349608032,0.18668350063697803,0.9999999642011349,0.9999765408321508,1.0000233881187859,0.0002675712520010933,0.00026804789043733,0.0,590074,590080,0.9999898318872017,1.0,0.9999765408321508,0.00026757125200109374,0.9998773908778813,1.0,1.0,590074,0.9999999989137071,4.32658852667656e-08,0.9999999986008729,0.0002685976691552511,4.075988189171665e-05,0.0,0.18668931467120958,0.1866850707242685,0.9999772323206525,1.0000226981796838,0.0002646001994738569,0.0002651065834932267,0.0
model.dec.16x16_up.norm0,0.005500616695640745,0.005500616695640745,1.0,1.0,1.0,0.0,3.926119009211728e-05,0.0,512,512,1.0,1.0,1.0,0.0,1.0,1.0,1.0,512,0.9999999992435236,4.4845849770236326e-08,0.9999999979351104,4.485222958231279e-08,6.438410260127501e-07,0.0,0.005500855417996069,0.005500854455929694,0.9999998251058481,1.0000001748937941,6.232078308527215e-07,3.880906380447845e-05,0.0
model.dec.16x16_up.norm1,0.005501354151113024,0.0055013534927917,0.9999999999963388,0.9999998803310155,1.0000001196616766,2.705990332208125e-06,3.923494954084797e-05,0.0,512,512,1.0,1.0,0.9999998803310155,2.7059903322071755e-06,1.0,1.0,1.0,512,1.0000000007208831,4.245853779964104e-08,0.9999999999316822,2.7065248078653815e-06,2.001836886558179e-06,0.0,0.005500845776886336,0.005500843976916994,0.9999996727824628,1.0000003272162385,1.1855594829408248e-06,3.86699093361457e-05,0.0
model.dec.16x16_up.skip,0.06235623135585217,0.06235620417436685,0.9999999999491193,0.9999995640426391,1.0000004358557892,1.0087685705850237e-05,4.011442086293916e-05,0.0,65792,65792,1.0,1.0,0.9999995640426391,1.0087685705850887e-05,0.9999998204248086,1.0,1.0,65792,0.9999999987509495,4.3359149710367373e-08,0.9999999983395258,1.009717928706053e-05,1.9972945237324417e-06,0.0,0.06235630208620154,0.0623562738679114,0.9999995474178877,1.000000452484275,9.901623615700951e-06,3.977851486785702e-05,0.0
model.dec.32x32_aux_conv,0.020215028547961648,0.02021496191176136,0.999999994577582,0.9999966982082612,1.000003290957769,0.00010413819848601682,0.00011017570042567178,0.0,6915,6915,1.0,1.0,0.9999966982082612,0.00010413819848601728,0.9999961689933647,1.0,1.0,6915,0.9999999985381679,4.321880488827441e-08,0.9999999989014454,0.0001041908898159023,2.7718175924494617e-06,0.0,0.020215009338397455,0.020214942488896194,0.9999966876557113,1.0000033015147811,0.00010411710460218708,0.0001100605054630693,0.0
model.dec.32x32_aux_norm,0.005500943056215853,0.0055009417473751345,0.9999999999962694,0.9999997620660263,1.0000002379265691,2.7315891949976233e-06,3.9118741728648954e-05,0.0,512,512,1.0,1.0,0.9999997620660263,2.7315891949951432e-06,0.9999998264110215,1.0,1.0,512,0.999999996097766,4.155991525016768e-08,0.9999999965960062,2.7439324273330797e-06,2.2686686466624888e-07,0.0,0.005500848448815218,0.005500846880779203,0.9999997149428006,1.0000002850498495,2.7260065567437067e-06,3.878980488375891e-05,0.0
model.dec.32x32_block0.affine,0.0875246226808868,0.08749934577869194,0.9999975598523725,0.9997087629430997,1.0002864401895972,0.0022084996888890036,0.002222915084723231,0.0,131328,131328,1.0,1.0,0.9997087629430997,0.002208499688889006,0.9995073284887301,1.0,1.0,131328,0.9999999998103222,4.3462572790077584e-08,0.9999999998895177,0.0022276196593852132,3.016267426487353e-05,0.0,0.08752470903075417,0.08749943552123741,0.9997088022074448,1.000286401336818,0.0022084015443392807,0.0022228444968810613,0.0
model.dec.32x32_block0.conv0,0.26395131321292165,0.2639426173785373,0.9999999440459866,0.9999669992055463,1.0000328899718252,0.00033451554571230024,0.0003345872285873344,0.0,1179889,1179904,0.9999872871013235,1.0,0.9999669992055465,0.0003345155457123002,0.9998772704958272,1.0,1.0,1179889,0.9999999986621164,4.3274922916402415e-08,0.9999999984477388,0.0003361393052474268,4.121858945586522e-05,0.0,0.26395297119210703,0.2639443107892441,0.9999671344743464,1.0000327563495368,0.00033203228234565777,0.0003321014748728144,0.0
model.dec.32x32_block0.conv1,0.186625264194921,0.18661652861188194,0.999999914994715,0.9999531068504148,1.0000467253301204,0.00041230407199771985,0.00041239092053960814,0.0,590073,590080,0.9999881372017354,1.0000000000000002,0.9999531068504144,0.00041230407199771834,0.9997547817557626,1.0,1.0,590073,0.9999999987948625,4.32979881561758e-08,0.9999999985414375,0.0004149620049455954,6.089061327513867e-05,0.0,0.18662681900371433,0.1866179544885881,0.9999524182414117,1.0000474177165413,0.00040777747362944107,0.00040788413960549076,0.0
model.dec.32x32_block0.norm0,0.007779396703637249,0.007779390136974847,0.9999999998462435,0.9999991557367771,1.0000008439564225,1.753603244439965e-05,4.223025342396969e-05,0.0,1024,1024,1.0,1.0,0.9999991557367771,1.75360324443998e-05,1.0,1.0,1.0,1024,1.0000000004576035,4.530926459925029e-08,0.9999999992114899,1.755696111109474e-05,1.0842939505957746e-05,0.0,0.007779334411421546,0.0077793288497396106,0.9999992850257137,1.0000007148868377,9.378695400774844e-06,3.939666575033398e-05,0.0
model.dec.32x32_block0.norm1,0.005501259646497366,0.00550125931725538,0.9999999999990846,0.9999999401506122,1.0000000598475607,1.3530177954844686e-06,3.9224682659000145e-05,0.0,512,512,1.0,1.0,0.9999999401506122,1.3530177954863198e-06,1.0,1.0,1.0,512,0.9999999950156926,4.2900573615694585e-08,0.9999999933333716,1.353217268675499e-06,5.353170816139639e-06,0.0,0.005500815232504305,0.005500810866947711,0.999999206366874,1.000000793607362,5.137481993403444e-06,3.852937350094577e-05,0.0
model.dec.32x32_block0.skip,0.08809587892273366,0.08809560223765134,0.9999999970948531,0.9999968563681256,1.000003137831445,7.622504500183498e-05,8.435154311511823e-05,0.0,131327,131328,0.9999923854775828,1.0,0.9999968563681256,7.622504500183483e-05,0.9999923381628447,1.0,1.0,131327,0.9999999988266507,4.34039925438392e-08,0.9999999985689827,7.628976494105455e-05,7.8334072047402e-06,0.0,0.08809606253330346,0.08809578986659226,0.9999969020170403,1.0000030922399525,7.584557465211801e-05,8.390730316338754e-05,0.0
model.dec.32x32_block1.affine,0.08754132926171225,0.0875171278879936,0.9999976922649169,0.9997212363546354,1.00027422462438,0.002147769364324286,0.0021611668457300385,0.0,131328,131328,1.0,1.0,0.9997212363546354,0.0021477693643242863,0.9995567292560075,1.0,1.0,131328,1.0000000000035605,4.351776529114421e-08,1.0000000000663756,0.0021657845594904093,2.649591674850373e-05,0.0,0.08754137861187072,0.08751717942469593,0.9997212623175059,1.0002742003077052,0.0021473831280351325,0.0021608107840121677,0.0
model.dec.32x32_block1.conv0,0.2639508982306522,0.263942171021708,0.999999946158881,0.9999668824014444,1.0000330110095659,0.0003281388646511974,0.0003282092279465101,0.0,1179878,1179904,0.9999779643089607,0.9999999999999998,0.9999668824014446,0.0003281388646511965,0.9998772704958272,1.0,1.0,1179878,0.9999999986990019,4.327014502037704e-08,0.9999999984635708,0.000329805718232559,3.983164370113815e-05,0.0,0.26395222889032,0.26394354906141104,0.9999670628189674,1.0000328320773175,0.00032584985458134624,0.0003259185372175059,0.0
model.dec.32x32_block1.conv1,0.1866133149196922,0.1866037274123283,0.9999999039475973,0.9999485276219202,1.000051282912937,0.00043827509335372407,0.00043846243076999376,0.0,590074,590080,0.9999898318872017,1.0,0.9999485276219202,0.00043827509335372147,0.9997547216090262,1.0,1.0,590074,0.9999999988348576,4.3293671564793597e-08,0.9999999986167918,0.00044128716483634266,6.47312515422405e-05,0.0,0.1866144328323566,0.18660472772027678,0.9999478998842813,1.0000519150282063,0.00043332754223704623,0.00043354309536525014,0.0
model.dec.32x32_block1.norm0,0.007779372164087775,0.007779371407421904,0.9999999999976972,0.999999902732024,1.00000009726338,2.1460403791045657e-06,3.9222676442887555e-05,0.0,1024,1024,1.0,1.0,0.999999902732024,2.1460403791034607e-06,1.0,1.0,1.0,1024,0.9999999977009495,4.2001788068204376e-08,0.9999999981520064,2.1484750803431717e-06,2.1139109026464803e-06,0.0,0.00777937926644339,0.007779377462058833,0.999999768055181,1.0000002319443178,7.451017692981737e-07,3.875417038908979e-05,0.0
model.dec.32x32_block1.norm1,0.005501290567655471,0.0055012905470780225,0.9999999999999964,0.9999999962595199,1.000000003740473,8.45631406949415e-08,3.925754054940196e-05,0.0,512,512,1.0,1.0,0.9999999962595199,8.456314069235224e-08,1.0,1.0,1.0,512,0.9999999999915665,4.237422470885092e-08,0.999999999921438,9.40693647821594e-08,2.7957113179584543e-06,0.0,0.005500822253607664,0.005500818488059096,0.9999993154534489,1.000000684539627,2.718965457491066e-06,3.839079870068692e-05,0.0
model.dec.32x32_block1.skip,0.08809654712429313,0.08809630000960522,0.9999999959444086,0.9999971909004544,1.0000028009962314,9.006185316886935e-05,9.71623444511194e-05,0.0,131328,131328,1.0,1.0,0.9999971909004544,9.006185316886856e-05,0.9999961689346574,1.0,1.0,131328,0.9999999987430257,4.3300233788650945e-08,0.9999999983378668,9.01057260983939e-05,7.89608379823233e-06,0.0,0.08809668509392285,0.08809644639362472,0.9999972864574427,1.0000027055176557,8.962253903818448e-05,9.668504815495786e-05,0.0
model.dec.32x32_block2.affine,0.08757287397947701,0.08754938591895382,0.9999977848658376,0.999729573861372,1.000266067826905,0.0021042545570167086,0.002116997184224299,0.0,131328,131328,1.0,1.0,0.999729573861372,0.0021042545570167112,0.9995919113753328,1.0,1.0,131328,0.9999999998664527,4.3367541037428325e-08,0.99999999991215,0.0021215602215620606,2.1771643845425524e-05,0.0,0.08757293213877698,0.08754943656687311,0.9997294889049625,1.0002661541058644,0.002103951178346741,0.0021167351438400026,0.0
model.dec.32x32_block2.conv0,0.26396535556688006,0.26395759080973885,0.9999999534900044,0.9999705376722982,1.0000293701730263,0.0003049828141456891,0.00030515211915558134,0.0,1179890,1179904,0.9999881346279019,0.9999999999999998,0.9999705376722984,0.0003049828141456888,0.9998773307163886,1.0,1.0,1179890,0.9999999987826776,4.326335397839726e-08,0.9999999985609573,0.0003064024827261894,3.724418009325856e-05,0.0,0.2639664388110111,0.2639587254412873,0.9999707331584851,1.0000291760583075,0.0003027073558322521,0.0003028748750335115,0.0
model.dec.32x32_block2.conv1,0.18658690233915903,0.186575318348547,0.9999998902913232,0.9999378066766861,1.0000619777605755,0.0004683909664037258,0.00046897048895438217,0.0,590070,590080,0.9999830531453362,1.0,0.9999378066766863,0.0004683909664037275,0.9997543902738548,1.0,1.0,590070,0.9999999987677943,4.32383854430093e-08,0.9999999984448992,0.00047250170881974634,6.982998669877169e-05,0.0,0.18658759806423694,0.18657594652290874,0.9999374473328868,1.0000623420634567,0.00046311610859241166,0.00046373385160746545,0.0
model.dec.32x32_block2.norm0,0.007779412213565902,0.00777941035099016,0.9999999999706767,0.9999997605469657,1.0000002393944452,7.658101568369224e-06,3.976614582901141e-05,0.0,1024,1024,1.0,1.0,0.9999997605469657,7.658101568369106e-06,1.0,1.0,1.0,1024,0.999999996386437,4.223150359092606e-08,0.9999999950585359,7.663704910698334e-06,7.701634757412202e-06,0.0,0.007779375032135585,0.007779372852716497,0.9999997198455453,1.0000002801526098,1.3869011791241773e-06,3.872364094526521e-05,0.0
model.dec.32x32_block2.norm1,0.005501248795649032,0.00550122738756835,0.9999999962501,0.9999961047553872,1.0000038877599566,8.660104785278146e-05,9.354715217911049e-05,0.0,512,512,1.0,1.0,0.9999961047553872,8.660104785278061e-05,1.0,1.0,1.0,512,0.9999999977948647,4.0002178459404466e-08,0.9999999968089361,8.668975406614082e-05,8.447683304552036e-05,0.0,0.005500809348923525,0.005500804478597454,0.9999991145980289,1.0000008853658988,6.070917581765924e-06,3.8574285022555505e-05,0.0
model.dec.32x32_block2.skip,0.08809699188444213,0.0880967872486131,0.9999999991725709,0.9999976763256213,1.0000023220249161,4.06798555540679e-05,5.494864803346638e-05,0.0,131327,131328,0.9999923854775828,1.0000000000000002,0.9999976763256212,4.067985555406767e-05,0.9999961690227177,1.0,1.0,131327,0.9999999988516765,4.327425240632005e-08,0.9999999984588511,4.07461461568493e-05,8.574396673542798e-06,0.0,0.0880970481968644,0.08809684981525423,0.9999977473591039,1.0000022510703503,3.9693952232688806e-05,5.40790972534375e-05,0.0
model.dec.32x32_block3.affine,0.0876533015003485,0.08763278618512237,0.9999981975637013,0.999764147300934,1.000232302618917,0.0018982049683161817,0.0019084331007489757,0.0,131328,131328,1.0,1.0,0.999764147300934,0.0018982049683161806,0.9997546012269939,1.0,1.0,131328,1.000000000089479,4.336493676338096e-08,1.0000000002446892,0.0019128012948507718,1.8637278593400863e-05,0.0,0.08765334836455062,0.08763282972116766,0.9997641093716024,1.0002323403959283,0.0018982496653545161,0.001908510029726445,0.0
model.dec.32x32_block3.conv0,0.2639641573425222,0.2639563050051346,0.9999999494751022,0.9999702017355989,1.0000296980995598,0.00031787384450049073,0.000318027106067741,0.0,1179895,1179904,0.9999923722607941,1.0,0.9999702017355991,0.0003178738445004909,0.999877345762296,1.0,1.0,1179895,0.9999999988896578,4.327891402087942e-08,0.9999999987012305,0.0003192673621304487,3.559930527522644e-05,0.0,0.26396493412953304,0.2639571177020272,0.9999703384843001,1.0000295625844522,0.0003159148745911506,0.0003160645214839492,0.0
model.dec.32x32_block3.conv1,0.18655744049387651,0.18654382421098425,0.9999998570097094,0.9999268699398332,1.0000728494070874,0.0005347324718504976,0.0005358251247783275,0.0,590073,590080,0.9999881372017354,0.9999999999999998,0.9999268699398336,0.0005347324718504983,0.999754058042302,1.0,1.0,590073,0.9999999989095535,4.324755866259783e-08,0.9999999986535433,0.00053970971280155,8.283187882931648e-05,0.0,0.18655810094089897,0.18654450502160713,0.9999269828777853,1.000072743504449,0.0005280990751593635,0.000529215613355631,0.0
model.dec.32x32_block3.norm0,0.007779442904820821,0.0077794424100619194,0.9999999999981604,0.9999999363999172,1.0000000635964075,1.918136869453841e-06,3.924449521582791e-05,0.0,1024,1024,1.0,1.0,0.9999999363999172,1.9181368694513827e-06,1.0,1.0,1.0,1024,0.9999999995286387,4.320646634698826e-08,0.999999998728013,1.9188489619135227e-06,1.991833678699638e-06,0.0,0.007779385725554302,0.007779384491856736,0.9999998414143565,1.000000158585328,5.836175222649977e-07,3.8824755492405384e-05,0.0
model.dec.32x32_block3.norm1,0.005501636888219547,0.005501626354641599,0.9999999990628294,0.999998084436664,1.0000019136926606,4.329357790277285e-05,5.717666734045741e-05,0.0,512,512,1.0,1.0,0.999998084436664,4.329357790277308e-05,1.0,1.0,1.0,512,0.9999999979579018,4.3734638302242344e-08,0.999999996875089,4.3335508505304614e-05,4.286657512698887e-05,0.0,0.00550081887701573,0.0055008147860054184,0.9999992562873391,1.0000007437065486,2.581715851635377e-06,3.83222874603851e-05,0.0
model.dec.32x32_block3.skip,0.08809489948892518,0.08809459020320075,0.9999999956947656,0.9999964848703603,1.000003506531497,9.279228730844497e-05,9.944272561813154e-05,0.0,131325,131328,0.9999771564327485,1.0,0.9999964848703603,9.279228730844426e-05,0.9999952110701668,1.0,1.0,131325,0.999999998731664,4.309933445193658e-08,0.9999999985844945,9.28589162234976e-05,1.1744689657227061e-05,0.0,0.0880948616343141,0.08809456219837229,0.9999965967538138,1.0000033947995541,9.1968082148048e-05,9.861242069864035e-05,0.0
model.dec.32x32_block4.affine,0.08768074870665349,0.08766164775119137,0.999998290970055,0.9997804447141806,1.0002161846933424,0.0018483960363956241,0.0018572413033779358,0.0,131328,131328,1.0,1.0,0.9997804447141806,0.001848396036395623,0.9997849792658577,1.0,1.0,131328,1.0000000003034502,4.353906854296977e-08,1.0000000003754648,0.001861389946689039,1.9000572960213824e-05,0.0,0.08768080236718472,0.08766170127856102,0.9997804437536424,1.0002161865043617,0.0018481662240202063,0.001857039559682994,0.0
model.dec.32x32_block4.conv0,0.22860812768184716,0.22860140163739412,0.9999999491213362,0.9999705274022614,1.0000293717060738,0.00031898485492412067,0.0003191474917233308,0.0,884983,884992,0.9999898304165461,1.0000000000000002,0.9999705274022612,0.00031898485492412094,0.999877345762296,1.0,1.0,884983,0.9999999989838747,4.325685060755923e-08,0.99999999885005,0.0003203434164586249,3.42661970929982e-05,0.0,0.2286087495806834,0.22860203478293128,0.9999705772776091,1.000029323025921,0.00031710144479696177,0.00031725772667783134,0.0
model.dec.32x32_block4.conv1,0.1862093567105093,0.18617196643500616,0.9999994767746311,0.9997986799049133,1.0002003139718503,0.0010227562066699861,0.0010355568778580896,0.0,590074,590080,0.9999898318872017,1.0,0.9997986799049134,0.001022756206669985,0.999255883104113,1.0,1.0,590074,0.9999999988497268,4.3233163234865345e-08,0.9999999985937734,0.0010423815072873174,8.747005033460885e-05,0.0,0.1862095525087393,0.18617214949633484,0.9997986157212307,1.0002003861966333,0.001018832486678117,0.0010317357203149572,0.0
model.dec.32x32_block4.norm0,0.006737160927740448,0.006737158779648419,0.9999999999609149,0.9999996811185936,1.0000003188033377,8.841401331009799e-06,3.9933431438162836e-05,0.0,768,768,1.0,1.0,0.9999996811185936,8.841401331012076e-06,1.0,1.0,1.0,768,0.9999999981056654,4.426709424053279e-08,0.9999999984006853,8.848600278507508e-06,8.030208976424333e-06,0.0,0.006737149546428785,0.006737148766200088,0.9999998841896951,1.0000001158095329,8.864099473462118e-07,3.8873253723613034e-05,0.0
model.dec.32x32_block4.norm1,0.00550174400758829,0.005501716058407318,0.9999999960134559,0.9999949159550561,1.000005076097663,8.929169631809849e-05,9.561222050426444e-05,0.0,512,512,1.0,1.0,0.9999949159550561,8.92916963180982e-05,1.0,1.0,1.0,512,0.9999999983376625,4.2649983466310046e-08,0.9999999966308588,8.943704737089553e-05,8.481079526022308e-05,0.0,0.005500753220078105,0.005500743713245173,0.9999982716116624,1.0000017281714335,1.482869486903475e-05,4.0093732940868524e-05,0.0
model.dec.32x32_block4.skip,0.0762285733468566,0.07622214828459199,0.9999997688275946,0.999915482050377,1.0000840627096736,0.0006799020675320638,0.0006814334854415759,0.0,98560,98560,1.0,1.0,0.999915482050377,0.000679902067532065,0.9996923266260538,1.0,1.0,98560,0.9999999990226497,4.3368623950441415e-08,0.9999999988522748,0.0006851348177034162,5.259046873597169e-05,0.0,0.076228389945261,0.07622200370558359,0.9999159924097165,1.0000835548034228,0.0006780332284872082,0.0006795533618363014,0.0
model.dec.32x32_up.affine,0.08757902545189544,0.0875562671748738,0.999997831435785,0.9997379720967318,1.0002577583194128,0.0020820350456013017,0.0020940009346084804,0.0,131328,131328,1.0,1.0,0.9997379720967318,0.0020820350456013034,0.9996614900285004,1.0,1.0,131328,0.9999999999131894,4.345872946525963e-08,1.0000000001284364,0.0020984584750139332,2.5872758043217334e-05,0.0,0.0875790974449048,0.08755632508194416,0.9997378118827152,1.0002579194347585,0.002081838411939559,0.0020938519393312593,0.0
model.dec.32x32_up.conv0,0.18668890765059853,0.18668463070616353,0.9999999651173954,0.9999770556454849,1.0000228751141618,0.00026412499229327806,0.0002646388090729619,0.0,590071,590080,0.9999847478308026,1.0,0.9999770556454849,0.0002641249922932771,0.9998773908778813,1.0,1.0,590071,0.9999999987103425,4.329118726619007e-08,0.9999999984807016,0.0002651196440840467,3.900758355516651e-05,0.0,0.1866899807425345,0.18668581037329374,0.9999776274297673,1.000022304874833,0.00026113477491667623,0.00026167237159816897,0.0
model.dec.32x32_up.conv1,0.18664377537082089,0.18663633126364318,0.9999999329797064,0.9999600489457278,1.0000398186044848,0.000366100929885687,0.0003661159563512601,0.0,590074,590080,0.9999898318872017,1.0,0.9999600489457278,0.00036610092988568794,0.9997548418730081,1.0,1.0,590074,0.9999999987829647,4.327177419717933e-08,0.9999999985689827,0.0003682741814435079,5.273056013935338e-05,0.0,0.18664570654492,0.18663820036848422,0.9999597182850671,1.0000401522476123,0.0003620416808738982,0.00036205814232362956,0.0
model.dec.32x32_up.norm0,0.005500986179468945,0.005500986097158891,0.9999999999999554,0.999999985037174,1.0000000149627368,2.98910479972706e-07,3.924736504534398e-05,0.0,512,512,1.0,1.0,0.999999985037174,2.9891047997045386e-07,1.0,1.0,1.0,512,0.9999999997513206,4.3347066414962293e-08,0.9999999999593931,3.0209669473912244e-07,5.132150625957112e-07,0.0,0.005500856973015845,0.0055008561672219135,0.9999998535146651,1.000000146485013,5.8604054714494e-07,3.883689139596478e-05,0.0
model.dec.32x32_up.norm1,0.005501323870505072,0.00550132280046937,0.9999999999953761,0.9999998054902484,1.0000001945005417,3.0410170357025404e-06,3.9184862216543716e-05,0.0,512,512,1.0,1.0,0.9999998054902484,3.0410170356994504e-06,1.0,1.0,1.0,512,0.9999999997384208,4.210419864975437e-08,0.9999999997279831,3.0472129354463057e-06,3.3471418667073955e-06,0.0,0.005500833727807246,0.005500830945205491,0.9999994941480981,1.0000005058501769,1.4075033408387554e-06,3.849882812899188e-05,0.0
model.dec.32x32_up.skip,0.06235411267821998,0.062354066704571276,0.9999999994894271,0.999999262190046,1.0000007367893518,3.195535378186255e-05,5.005270627071823e-05,0.0,65788,65792,0.9999392023346303,1.0000000000000002,0.9999992621900459,3.195535378186195e-05,0.9999995211324261,1.0,1.0,65788,0.99999999894982,4.328403803099545e-08,0.9999999986449302,3.1963811728789496e-05,3.3792528649350597e-06,0.0,0.062354160276083544,0.06235411258512843,0.9999992346559086,1.0000007643364661,3.175230441013461e-05,4.968466174902093e-05,0.0
model.dec.8x8_block0.affine,0.08711964551277512,0.08708466742756865,0.999995955338741,0.9995944621562781,1.0003976097833773,0.0028430286375719428,0.0028666385853511798,0.0,131328,131328,1.0,1.0,0.9995944621562781,0.0028430286375719436,0.9984384930204981,1.0,1.0,131328,0.9999999997503061,4.3523111318359415e-08,0.9999999998305484,0.002871806502519614,3.4245082521832854e-05,0.0,0.08711969216024007,0.08708471183768045,0.9995944371373385,1.0003976357178421,0.002842871274075462,0.0028665209733555403,0.0
model.dec.8x8_block0.conv0,0.26385734150718754,0.26384175868227794,0.9999998931439837,0.9999408353851377,1.0000589543908551,0.00046226267323267134,0.00046270919309794074,0.0,1179894,1179904,0.9999915247342157,1.0,0.9999408353851377,0.0004622626732326726,0.9997547216090262,1.0,1.0,1179894,0.9999999990601014,4.334683074358367e-08,0.9999999988979331,0.000466033284283946,4.1581142249286346e-05,0.0,0.2638581428422575,0.2638425504571253,0.99994080019957,1.0000589913157931,0.00046038229637461274,0.00046084417992217554,0.0
model.dec.8x8_block0.conv1,0.1866335973740015,0.18662523044927398,0.9999999223982511,0.9999550916486113,1.0000447551577771,0.0003939410825771872,0.0003939970469225568,0.0,590075,590080,0.9999915265726681,1.0,0.9999550916486112,0.0003939410825771871,0.99987721021611,1.0,1.0,590075,0.9999999989914239,4.3237244732483186e-08,0.9999999988623832,0.00039649237115195983,2.9900713579327516e-05,0.0,0.1866337641191935,0.18662542339018426,0.9999552324712414,1.0000446151699,0.0003928643192987037,0.00039292229963908907,0.0
model.dec.8x8_block0.norm0,0.007778019806910389,0.007777939503567542,0.9999999680627795,0.9999896436688751,1.000010292563278,0.0002527313223645651,0.0002543886873244424,0.0,1024,1024,1.0,1.0,0.9999896436688751,0.0002527313223645648,1.0,1.0,1.0,1024,1.0000000001536462,4.295332129743791e-08,0.9999999990753896,0.0002529427507335869,1.1623406025773115e-05,0.0,0.007778292259217268,0.007778209946882422,0.9999893868215132,1.0000105515618174,0.0002484498913628902,0.000250073498900805,0.0
model.dec.8x8_block0.norm1,0.005501139522405005,0.005501139522405005,1.0,1.0,1.0,0.0,3.926119009211306e-05,0.0,512,512,1.0,1.0,1.0,0.0,1.0,1.0,1.0,512,1.0000000016001627,4.202114247078731e-08,1.0000000017110158,4.205159848264511e-08,3.4486587232752527e-06,0.0,0.0055008214114336245,0.005500817617863723,0.9999993103573125,1.0000006896317613,3.3766517614575223e-06,3.8437903757755324e-05,0.0
model.dec.8x8_block0.skip,0.08809679739252597,0.08809660368948423,0.9999999983242572,0.9999977995718946,1.0000021970814545,5.7891887360457085e-05,6.874028999326006e-05,0.0,131326,131328,0.9999847709551657,1.0,0.9999977995718946,5.789188736045702e-05,0.9999961688319151,1.0,1.0,131326,0.9999999990854537,4.305699972923645e-08,0.9999999989810282,5.7933763805987516e-05,4.250688658271833e-06,0.0,0.0880967391711471,0.08809654643238442,0.9999978105230091,1.0000021861440596,5.777286179871069e-05,6.849396735042296e-05,0.0
model.dec.8x8_block1.affine,0.08765163318670864,0.08763031580582738,0.9999981779183782,0.9997549726150172,1.0002414423850554,0.001908504015726617,0.0019196398825359828,0.0,131328,131328,1.0,1.0,0.9997549726150172,0.0019085040157266174,0.9995071463775259,1.0,1.0,131328,0.9999999998731626,4.342736715981533e-08,0.9999999999735145,0.0019241690258765714,2.6390501628258232e-05,0.0,0.08765178909480956,0.087630469253022,0.9997549456281407,1.000241470698537,0.0019081600730183825,0.001919330542829421,0.0
model.dec.8x8_block1.conv0,0.2637827610254981,0.2637633138182526,0.9999997812269117,0.9999260569133311,1.0000735109761685,0.0006614239304621047,0.0006623586671043359,0.0,1179894,1179904,0.9999915247342157,1.0,0.9999260569133309,0.0006614239304621065,0.9997547817557626,1.0,1.0,1179894,0.9999999992774581,4.331911460817902e-08,0.999999999083604,0.0006655440625162997,2.883326876641878e-05,0.0,0.26378260209146903,0.2637632382150391,0.9999263731623894,1.0000731954534416,0.0006608397652401311,0.0006617733110467831,0.0
model.dec.8x8_block1.conv1,0.18669705341420673,0.18669334396556608,0.9999999667715737,0.999980097960312,1.0000198359776127,0.0002577871434796116,0.00025852306674649617,0.0,590077,590080,0.9999949159436009,1.0,0.9999800979603117,0.000257787143479612,0.9999386314820498,1.0,1.0,590077,0.9999999991119601,4.327797776943237e-08,0.9999999989025901,0.00025855414850318347,3.0476151219770004e-05,0.0,0.1866971399565328,0.1866935018373111,0.9999804804703113,1.0000194543351653,0.00025606973074018856,0.00025681794867377555,0.0
model.dec.8x8_block1.norm0,0.007779017469546422,0.007779012354467699,0.9999999999389966,0.9999993423908238,1.0000006574876017,1.1045681041894488e-05,4.015284692644025e-05,0.0,1024,1024,1.0,1.0,0.9999993423908238,1.1045681041895032e-05,1.0,1.0,1.0,1024,0.9999999995268245,4.271598504117085e-08,0.9999999973371199,1.1062359657508025e-05,9.092601894665475e-06,0.0,0.0077793684442762955,0.00777936574505771,0.9999996530230222,1.0000003469660006,3.3312734223458013e-06,3.877534439253547e-05,0.0
model.dec.8x8_block1.norm1,0.0055008952269856165,0.0055008952269856165,1.0,1.0,1.0,0.0,3.9261190092113114e-05,0.0,512,512,1.0,1.0,1.0,0.0,1.0,1.0,1.0,512,0.9999999998582662,4.4007038393807134e-08,0.9999999991782007,4.400726663546199e-08,4.6005298346783145e-07,0.0,0.005500857051419512,0.005500856184520333,0.9999998424064254,1.0000001575934006,4.46021554697897e-07,3.882392281528258e-05,0.0
model.dec.8x8_block1.skip,0.08809870095371394,0.08809860697002267,0.9999999995803439,0.9999989327803774,1.0000010663814485,2.8970850557077544e-05,4.793904741946344e-05,0.0,131328,131328,1.0,1.0,0.9999989327803774,2.8970850557076646e-05,0.9999980845150279,1.0,1.0,131328,0.999999999136269,4.3202291478794514e-08,0.9999999989595194,2.899059878159195e-05,3.1885021237636504e-06,0.0,0.08809864925752499,0.08809855575852832,0.9999989382889771,1.0000010608878371,2.8710799638705787e-05,4.756142268375783e-05,0.0
model.dec.8x8_block2.affine,0.08765196990671058,0.08763116635997487,0.9999981633154988,0.9997608211479664,1.0002355618278125,0.0019161477353303875,0.0019266243225023825,0.0,131328,131328,1.0,1.0,0.9997608211479664,0.0019161477353303897,0.9997246603394543,1.0,1.0,131328,0.9999999998787202,4.334569337640108e-08,0.9999999999684803,0.001931017453552812,2.4985204798371647e-05,0.0,0.08765213136343455,0.08763132909815503,0.9997608364193908,1.000235546978276,0.0019160358609313175,0.0019265402251865738,0.0
model.dec.8x8_block2.conv0,0.264014019430656,0.26400966661548325,0.9999999747168865,0.9999834876565704,1.0000164620490304,0.00022486564630302941,0.00022602214480829932,0.0,1179897,1179904,0.999994067313951,1.0,0.9999834876565706,0.00022486564630302917,0.9999386804022565,1.0,1.0,1179897,0.9999999992989853,4.3307941498184814e-08,0.9999999991436297,0.00022547098648098918,3.0631420608298345e-05,0.0,0.26401395668378363,0.26400974499547075,0.9999840226355841,1.000015927932222,0.00022290153675480693,0.00022409375999854185,0.0
model.dec.8x8_block2.conv1,0.18670920918567005,0.1867063167871136,0.9999999767150834,0.9999844852537801,1.000015468416376,0.00021579710312817353,0.00021710806322845986,0.0,590079,590080,0.9999983053145336,1.0,0.9999844852537801,0.00021579710312817144,0.9999386954389407,1.0,1.0,590079,0.9999999991953112,4.322171662275629e-08,0.9999999991201866,0.00021635413927274103,3.42555510306568e-05,0.0,0.18670975113522223,0.18670699420782066,0.9999852114439012,1.0000147433529383,0.00021311933845662677,0.00021449601649919567,0.0
model.dec.8x8_block2.norm0,0.007778847457629583,0.007778845042826731,0.9999999999688249,0.9999996895368664,1.0000003104008799,7.896203867438947e-06,3.974308886497453e-05,0.0,1024,1024,1.0,1.0,0.9999996895368664,7.896203867437541e-06,1.0,1.0,1.0,1024,0.9999999977383756,4.350147378631973e-08,0.9999999984188317,7.902866713518746e-06,5.432334511323698e-06,0.0,0.007779380539752042,0.007779378880615215,0.9999997867227804,1.0000002132701118,2.674523430665295e-06,3.885783277470779e-05,0.0
model.dec.8x8_block2.norm1,0.005500971908350083,0.005500971908350083,1.0,1.0,1.0,0.0,3.92611900921125e-05,0.0,512,512,1.0,1.0,1.0,0.0,1.0,1.0,1.0,512,1.0000000036311796,4.2593606409934384e-08,1.0000000073724844,4.2748108420543806e-08,7.231016817801127e-07,0.0,0.005500856155685255,0.00550085527851722,0.9999998405394707,1.0000001594600458,7.136110090651281e-07,3.8826052526390807e-05,0.0
model.dec.8x8_block2.skip,0.08809860861403145,0.08809853069123216,0.9999999999035663,0.9999991154083341,1.0000008843995807,1.3887655925802052e-05,4.0812287033558293e-05,0.0,131327,131328,0.9999923854775828,1.0,0.9999991154083341,1.388765592580153e-05,0.9999995211305915,1.0,1.0,131327,0.99999999873781,4.3155934235849315e-08,0.9999999985645707,1.3915741036007527e-05,3.7711443413059157e-06,0.0,0.0880985525058853,0.08809847784009632,0.9999991523842322,1.0000008474363868,1.342009537261691e-05,4.0424125359117046e-05,0.0
model.dec.8x8_block3.affine,0.08764780725394564,0.0876257274322321,0.9999980915385709,0.9997461767415347,1.000250069812784,0.001953201571096948,0.001965028524854278,0.0,131328,131328,1.0,1.0,0.9997461767415347,0.001953201571096949,0.9996564687412032,1.0,1.0,131328,0.9999999997349758,4.32020787728993e-08,0.9999999998401985,0.001969625054262475,2.767132770716044e-05,0.0,0.08764793091896533,0.08762584481259666,0.9997461057060031,1.0002501415090452,0.0019530415728990429,0.0019649075312464805,0.0
model.dec.8x8_block3.conv0,0.26402131654367555,0.2640174789603081,0.999999979215391,0.99998544408869,1.0000145145533648,0.00020388234228960653,0.00020538158667070502,0.0,1179896,1179904,0.9999932197873725,0.9999999999999998,0.99998544408869,0.0002038823422896074,0.9999386991969594,1.0,1.0,1179896,0.9999999991182706,4.32961100754057e-08,0.9999999989205232,0.00020440123822845755,3.339480236221007e-05,0.0,0.26402163695311287,0.2640179852664598,0.999986148753852,1.0000138109702894,0.000201161721902313,0.0002027327500686268,0.0
model.dec.8x8_block3.conv1,0.18670773142445043,0.18670473955095238,0.9999999778706108,0.999983953502423,1.0000160024955829,0.00021037433214801592,0.00021165946136755684,0.0,590078,590080,0.9999966106290672,0.9999999999999998,0.9999839535024232,0.00021037433214801432,0.9999386879215205,1.0,1.0,590078,0.9999999991848806,4.325885846247034e-08,0.9999999990088885,0.00021098540436702683,3.6834190714089384e-05,0.0,0.18670871849838283,0.18670586163119463,0.999984677272505,1.000015279903242,0.00020750196393570742,0.00020885404193208917,0.0
model.dec.8x8_block3.norm0,0.007778826530294722,0.007778826530294722,1.0,1.0,1.0,0.0,3.926119009211538e-05,0.0,1024,1024,1.0,1.0,1.0,0.0,1.0,1.0,1.0,1024,0.9999999966128029,4.3335026888991325e-08,0.9999999955458396,4.346720210489473e-08,1.5299740635684684e-06,0.0,0.007779379682130111,0.007779377877458335,0.9999997680174045,1.0000002319803576,1.5138084465244529e-06,3.877653117193488e-05,0.0
model.dec.8x8_block3.norm1,0.005501149727017819,0.005501149727017819,1.0,1.0,1.0,0.0,3.926119009211171e-05,0.0,512,512,1.0,1.0,1.0,0.0,1.0,1.0,1.0,512,0.9999999994842839,4.17457174266494e-08,0.9999999986756851,4.174890281835114e-08,4.98360502920103e-07,0.0,0.005500856121494209,0.005500855215367218,0.999999835275166,1.000000164724636,4.7468089489348664e-07,3.881713166169489e-05,0.0
model.dec.8x8_block3.skip,0.08809845668389034,0.08809836682097845,0.9999999995630251,0.9999989795348063,1.0000010195922844,2.9562612936171974e-05,4.833597713911528e-05,0.0,131327,131328,0.9999923854775828,1.0,0.9999989795348063,2.9562612936172618e-05,0.9999995211321967,1.0,1.0,131327,0.9999999989181603,4.3255946321190006e-08,0.9999999986136371,2.958035517896527e-05,4.0318320548784e-06,0.0,0.08809841352091603,0.0880983284634821,0.9999990340873176,1.0000009650522816,2.9348447860477963e-05,4.8024862958271234e-05,0.0
model.dec.8x8_block4.affine,0.08759846017622212,0.08757559959625615,0.9999979220004342,0.9997369524306987,1.0002589596932059,0.002038093696449959,0.0020504236284657677,0.0,131328,131328,1.0,1.0,0.9997369524306987,0.0020380936964499606,0.9996302846179466,1.0,1.0,131328,1.0000000000710427,4.34050796117092e-08,0.9999999999219127,0.0020549987881457637,2.849977030481033e-05,0.0,0.08759859727746737,0.08757572017603006,0.9997367647060976,1.000259148458059,0.0020378623344465222,0.0020502444136989233,0.0
model.dec.8x8_block4.conv0,0.26401872951153776,0.26401469788969884,0.9999999795495629,0.9999847093383778,1.000015249993931,0.0002022365555495611,0.0002036599947326623,0.0,1179894,1179904,0.9999915247342157,1.0,0.9999847093383778,0.0002022365555495616,0.999938691680461,1.0,1.0,1179894,0.9999999990755813,4.325964361946472e-08,0.9999999988743749,0.00020281370237784042,3.444670108437737e-05,0.0,0.26401934596229476,0.26401550919003564,0.9999854479468993,1.0000145124841782,0.00019944661647452335,0.0002009445198286779,0.0
model.dec.8x8_block4.conv1,0.1867036708739098,0.18670044691834436,0.9999999758759089,0.9999827081089037,1.000017243941095,0.0002196508944194857,0.0002207553491849764,0.0,590072,590080,0.999986442516269,1.0,0.9999827081089037,0.0002196508944194849,0.9999386710005826,1.0,1.0,590072,0.9999999990922495,4.32697596806751e-08,0.9999999988997679,0.00022033044742719114,3.88187236246117e-05,0.0,0.1867049641571936,0.18670189873174978,0.9999835580338128,1.0000163954096288,0.00021638991042531664,0.0002175686810327436,0.0
model.dec.8x8_block4.norm0,0.00777871772386104,0.00777871772386104,1.0,1.0,1.0,0.0,3.926119009211536e-05,0.0,1024,1024,1.0,1.0,1.0,0.0,1.0,1.0,1.0,1024,0.9999999993894293,4.481092257106452e-08,0.9999999988776133,4.481508203964286e-08,8.282790980755852e-07,0.0,0.007779380116865657,0.007779378412078933,0.9999997808579607,1.0000002191414448,8.016246281668708e-07,3.8768098949126825e-05,0.0
model.dec.8x8_block4.norm1,0.005501139178137688,0.005501139178137688,1.0,1.0,1.0,0.0,3.926119009211176e-05,0.0,512,512,1.0,1.0,1.0,0.0,1.0,1.0,1.0,512,0.999999999953028,4.237337505483153e-08,1.0000000015034913,4.2373401089604866e-08,1.4616531847334193e-06,0.0,0.005500848693651274,0.005500847144539888,0.9999997183858109,1.0000002816122109,1.4344880681425244e-06,3.872391583323485e-05,0.0
model.dec.8x8_block4.skip,0.0880979325535329,0.08809785606462855,0.9999999998714839,0.9999991316456115,1.00000086809811,1.6032213953593772e-05,4.160600056429702e-05,0.0,131325,131328,0.9999771564327485,0.9999999999999998,0.9999991316456117,1.603221395359425e-05,0.9999995211310502,1.0,1.0,131325,0.9999999989649593,4.3277397483800565e-08,0.9999999988899474,1.605569161301426e-05,3.987443203206718e-06,0.0,0.08809789975178912,0.0880978267377911,0.9999991710963319,1.000000828662028,1.5566843248260192e-05,4.120400284888682e-05,0.0
model.dec.8x8_in0.affine,0.0874586692830051,0.0874317771393216,0.9999972992199081,0.9996898160249978,1.000304876990069,0.002323409481365304,0.0023392437373317507,0.0,131328,131328,1.0,1.0,0.9996898160249978,0.0023234094813653038,0.9993202743619848,1.0,1.0,131328,0.9999999998397939,4.35677700624487e-08,0.9999999998811855,0.002344023466671073,3.5940420125122305e-05,0.0,0.08745876650780181,0.08743187308582409,0.9996898015575386,1.000304891079487,0.0023234926400938186,0.0023393600595551876,0.0
model.dec.8x8_in0.conv0,0.18663792076310787,0.1866299116153817,0.9999999303615982,0.9999570176076642,1.0000428449571155,0.0003731820542442146,0.00037321527452677364,0.0,590073,590080,0.9999881372017354,1.0,0.9999570176076643,0.0003731820542442164,0.9998465174816589,1.0,1.0,590073,0.9999999990793415,4.3302561900130514e-08,0.9999999988979331,0.00037564904825833345,3.817720725700786e-05,0.0,0.18663847922905866,0.18663047739931085,0.9999570576386733,1.000042806309252,0.0003713198827729284,0.00037135552518976627,0.0
model.dec.8x8_in0.conv1,0.18667728353401725,0.18667210054605504,0.999999955588264,0.9999721911616885,1.0000277207857244,0.00029802439122004484,0.0002982560032873341,0.0,590077,590080,0.9999949159436009,1.0,0.9999721911616885,0.00029802439122004576,0.999877345762296,1.0,1.0,590077,0.999999998934188,4.3252950446997154e-08,0.9999999986946102,0.00029931889727453795,3.400480510306456e-05,0.0,0.18667771434841332,0.18667260313234937,0.9999725762532524,1.0000273367888828,0.00029614648283826775,0.0002963833241088141,0.0
model.dec.8x8_in0.norm0,0.005500922534868095,0.005500913976901279,0.9999999998581217,0.9999984441251042,1.0000015555935597,1.6845047511740733e-05,4.129726498008948e-05,0.0,512,512,1.0,1.0,0.9999984441251042,1.6845047511737168e-05,1.0,1.0,1.0,512,0.9999999948176395,4.4029133631798464e-08,0.9999999950978937,1.691624746785004e-05,1.4687508664615164e-05,0.0,0.005500829514890292,0.005500826337690494,0.9999994224067498,1.0000005775782406,3.917051039268246e-06,3.860061841162137e-05,0.0
model.dec.8x8_in0.norm1,0.005500633343136375,0.005500626764183551,0.9999999998686198,0.9999988038331068,1.0000011959055632,1.620986634989447e-05,4.1372972045213835e-05,0.0,512,512,1.0,1.0,0.9999988038331068,1.620986634989355e-05,1.0,1.0,1.0,512,0.9999999974073913,3.960423931214563e-08,0.9999999956043691,1.6251844399938566e-05,1.2845942993993928e-05,0.0,0.005500802889923727,0.005500797527562299,0.9999990251165964,1.0000009747825447,1.0090034182662162e-05,3.9320779415881766e-05,0.0
model.dec.8x8_in0.norm2,0.005500860937740859,0.005500858499157921,0.999999999987412,0.999999556678089,1.0000004432969314,5.017585466338543e-06,3.9140818587371744e-05,0.0,512,512,1.0,1.0,0.999999556678089,5.017585466335857e-06,1.0,1.0,1.0,512,1.0000000009719847,4.4761735297189535e-08,1.000000000377327,5.035539034195509e-06,3.834176717754101e-06,0.0,0.005500850338922495,0.005500849002635564,0.999999757070878,1.0000002429183419,3.292311393192972e-06,3.887569332783175e-05,0.0
model.dec.8x8_in0.proj,0.0623362401899999,0.06233469709450305,0.9999999528526863,0.9999751984655209,1.0000247078526465,0.00030706669833124005,0.00030741895634919434,0.0,65792,65792,1.0,1.0,0.9999751984655209,0.0003070666983312399,0.9999386503067484,1.0,1.0,65792,0.9999999988792223,4.3390209386914615e-08,0.9999999987886032,0.0003080666650465437,1.9388670404793628e-05,0.0,0.06233625069811675,0.06233470687193049,0.9999751869338577,1.0000247197567085,0.00030646069012393303,0.0003067998069621888,0.0
model.dec.8x8_in0.qkv,0.10786210634456744,0.10785209766668258,0.9999997512935681,0.9999069598978239,1.0000925513003567,0.0007052095395876406,0.000707285027816555,0.0,197375,197376,0.9999949335278858,0.9999999999999999,0.9999069598978241,0.0007052095395876413,0.999754058042302,1.0,1.0,197375,0.999999999035719,4.338121297781239e-08,0.9999999988968888,0.0007113204153470389,2.976153788477231e-05,0.0,0.10786218527354931,0.10785217049453245,0.9999069038617846,1.0000926082673471,0.0007045567031887632,0.0007066596838732301,0.0
model.dec.8x8_in1.affine,0.08728534534114651,0.08725430582343921,0.9999965105606132,0.9996409020758731,1.0003522455481746,0.0026408150208562325,0.002660217312140841,0.0,131328,131328,1.0,1.0,0.9996409020758731,0.0026408150208562325,0.9990059642147118,1.0,1.0,131328,0.9999999999180098,4.353314956455434e-08,1.0000000000675264,0.002665118140913993,3.328937758898101e-05,0.0,0.08728543730869558,0.08725440845931833,0.999641024825782,1.0003521230154886,0.002640757742447442,0.0026601788745500266,0.0
model.dec.8x8_in1.conv0,0.18661946229416607,0.18661025613212817,0.9999999100202602,0.9999505788245943,1.0000492436496133,0.0004241953756150955,0.00042433372615827077,0.0,590071,590080,0.9999847478308026,1.0,0.9999505788245943,0.0004241953756150978,0.9997848983260353,1.0,1.0,590071,0.9999999989539415,4.328333881043633e-08,0.999999998726838,0.00042706442160252834,4.0003161576172373e-05,0.0,0.1866200223880511,0.1866108014773593,0.9999505007268115,1.0000493233243606,0.0004223418856143832,0.0004224893984024984,0.0
model.dec.8x8_in1.conv1,0.18667127888597473,0.1866658643137876,0.9999999503287252,0.9999709444101365,1.0000289570886816,0.0003151773850919049,0.0003153549038469661,0.0,590067,590080,0.9999779690889371,1.0,0.9999709444101365,0.00031517738509190626,0.9998773307163886,1.0,1.0,590067,0.99999999905547,4.3269632925172774e-08,0.9999999988690234,0.0003165137255677022,3.22837127198887e-05,0.0,0.18667145935520468,0.18666609308156162,0.9999712037058873,1.0000286988423446,0.00031348450984882125,0.0003136620203636653,0.0
model.dec.8x8_in1.norm0,0.005500740411142855,0.0055007376966158565,0.9999999999413577,0.9999995064574273,1.0000004934255315,1.0829798845285854e-05,4.025199056514949e-05,0.0,512,512,1.0,1.0,0.9999995064574273,1.082979884528502e-05,1.0,1.0,1.0,512,0.9999999969147706,4.496015897314909e-08,0.9999999955031207,1.0842713954216118e-05,9.194415527732488e-06,0.0,0.0055008220801371745,0.005500818286912597,0.9999993104129435,1.0000006895616707,5.085429743623485e-06,3.862560875174735e-05,0.0
model.dec.8x8_in1.norm1,0.0055007495550447524,0.0055007495550447524,1.0,1.0,1.0,0.0,3.926119009211745e-05,0.0,512,512,1.0,1.0,1.0,0.0,1.0,1.0,1.0,512,0.9999999970506737,4.328424500355114e-08,0.9999999985465424,4.338461006983175e-08,3.439495336710217e-06,0.0,0.005500827201374096,0.005500823848340328,0.999999390443416,1.000000609545441,3.3933288370287547e-06,3.851914966732755e-05,0.0
model.enc.16x16_block0.affine,0.08785365888374436,0.08784015825109234,0.9999990737216685,0.999845402032655,1.0001527690293213,0.0013608770985963213,0.00136580960425242,0.0,131328,131328,1.0,1.0,0.999845402032655,0.0013608770985963198,0.9998771347831429,1.0,1.0,131328,1.0000000000185383,4.3423569483047356e-08,1.0000000001531815,0.0013696301187702807,2.305491956722408e-05,0.0,0.08785376678968367,0.08784026927140548,0.9998454380962656,1.0001527338056415,0.0013605645836955332,0.0013655186229023105,0.0
model.enc.16x16_block0.conv0,0.18673240716978023,0.18673124650463915,0.9999999930117515,0.9999937773518639,1.000006208710274,0.00011822150078629479,0.0001227556509302299,0.0,590076,590080,0.9999932212581345,1.0000000000000002,0.9999937773518636,0.00011822150078629377,0.9999961689933647,1.0,1.0,590076,0.9999999992127986,4.333361308845881e-08,0.9999999990679995,0.0001183851283603509,2.2017398465759062e-05,0.0,0.1867315599629236,0.18673046085739345,0.9999941072244801,1.0000058792972633,0.00011624432515529885,0.00012086553270466898,0.0
model.enc.16x16_block0.conv1,0.18673737545271016,0.1867365968418021,0.9999999963293557,0.9999958267789198,1.0000041658971768,8.568096515327713e-05,9.259027121122181e-05,0.0,590075,590080,0.9999915265726681,1.0000000000000002,0.9999958267789196,8.56809651532772e-05,1.0,1.0,1.0,590075,0.9999999992096815,4.332921012457156e-08,0.9999999990380836,8.57825511668817e-05,1.7441487748487833e-05,0.0,0.18673626173230992,0.18673553213791497,0.9999960894119504,1.0000039035966293,8.37056217468292e-05,9.075768497184441e-05,0.0
model.enc.16x16_block0.norm0,0.005500626967357477,0.005500626967357477,1.0,1.0,1.0,0.0,3.926119009211928e-05,0.0,512,512,1.0,1.0,1.0,0.0,1.0,1.0,1.0,512,0.9999999991015456,4.1306632197831654e-08,0.9999999994656676,4.131640211673689e-08,1.6160421375318495e-07,0.0,0.005500864165436203,0.005500863908836858,0.9999999533528876,1.000000046647084,1.750771472715891e-07,3.893270498558017e-05,0.0
model.enc.16x16_block0.norm1,0.005500793902694674,0.005500793902694674,1.0,1.0,1.0,0.0,3.926119009211664e-05,0.0,512,512,1.0,1.0,1.0,0.0,1.0,1.0,1.0,512,0.999999997165622,4.304569557655787e-08,0.9999999958536281,4.3138910581840356e-08,1.1109759051286903e-07,0.0,0.00550086473908479,0.0055008645191418435,0.9999999600166505,1.0000000399833326,1.3616821118075122e-07,3.893921342718944e-05,0.0
model.enc.16x16_block0.norm2,0.005500898111165069,0.005500898098946053,0.9999999999999989,0.9999999977787224,1.0000000022212756,4.5226939066799456e-08,3.925899478042212e-05,0.0,512,512,1.0,1.0,0.9999999977787224,4.522693906795515e-08,1.0,1.0,1.0,512,0.9999999994388552,4.231695535440352e-08,0.9999999945507219,6.052087240555388e-08,6.1382064604736e-08,0.0,0.005500866590594718,0.005500866594453391,1.0000000007014629,0.9999999992985299,8.48970954481779e-08,3.8979754179327124e-05,0.0
model.enc.16x16_block0.proj,0.0623552444746193,0.06235512169089022,0.9999999993684257,0.9999980302681514,1.0000019684725774,3.554073115993664e-05,5.1515918399064925e-05,0.0,65791,65792,0.9999848005836576,1.0,0.9999980302681514,3.5540731159935326e-05,1.0,1.0,1.0,65791,0.9999999990404329,4.355537138504821e-08,0.999999999012529,3.5595405101986604e-05,1.0834402488184774e-05,0.0,0.062354795645572815,0.062354681965102514,0.9999981763125705,1.000001822562155,3.359455806021361e-05,5.009182897740378e-05,0.0
model.enc.16x16_block0.qkv,0.10799718004695069,0.10799662225023426,0.9999999924749327,0.9999948275557007,1.0000051574208413,0.00012267835609897846,0.00012733102364725966,0.0,197374,197376,0.9999898670557718,1.0,0.9999948275557007,0.00012267835609897857,0.999998084489344,1.0,1.0,197374,0.9999999992488154,4.327327802544258e-08,0.9999999990902958,0.00012278735405514066,1.1529938958674233e-05,0.0,0.1079968988378291,0.10799635436619193,0.9999949510004815,1.0000050341234503,0.00012207102428259326,0.00012670329730469633,0.0
model.enc.16x16_block1.affine,0.08789072940366784,0.08787894238146894,0.9999992494221338,0.9998651395628598,1.000133377269288,0.0012250520626285973,0.0012288248978373892,0.0,131328,131328,1.0,1.0,0.9998651395628598,0.0012250520626285986,0.9998618572524942,1.0,1.0,131328,0.9999999999596858,4.3494372754134653e-08,1.0000000000251676,0.001232452733112503,2.2109908333591433e-05,0.0,0.08789090347805217,0.08787912305487101,0.9998652149351424,1.000133301926414,0.0012250319094216785,0.0012288205684642397,0.0
model.enc.16x16_block1.conv0,0.18673549280090207,0.1867345669638565,0.9999999949149216,0.9999950369017074,1.0000049529527177,0.0001008466957814235,0.00010652323867301992,0.0,590077,590080,0.9999949159436009,1.0,0.9999950369017074,0.00010084669578142376,1.0,1.0,1.0,590077,0.9999999992303413,4.3342169566760554e-08,0.9999999990193341,0.00010096873006034963,1.963676658666605e-05,0.0,0.18673454653394206,0.1867336621702788,0.9999952591789047,1.0000047310818763,9.88005869600441e-05,0.00010456842021673683,0.0
model.enc.16x16_block1.conv1,0.186738677375936,0.18673802701061293,0.9999999962321517,0.9999965134757686,1.0000034790006647,8.680808667904861e-05,9.389383667003606e-05,0.0,590074,590080,0.9999898318872017,1.0,0.9999965134757686,8.680808667904899e-05,1.0,1.0,1.0,590074,0.9999999992267516,4.331247934140541e-08,0.9999999990530531,8.68781088843013e-05,1.532060492256686e-05,0.0,0.18673743786400113,0.18673682749771103,0.9999967277779558,1.000003264948995,8.534450852520212e-05,9.251602569638136e-05,0.0
model.enc.16x16_block1.norm0,0.005500618785735061,0.005500618785735061,1.0,1.0,1.0,0.0,3.926119009212062e-05,0.0,512,512,1.0,1.0,1.0,0.0,1.0,1.0,1.0,512,1.0000000026269589,4.5051335547001174e-08,1.0000000051469093,4.5127859993530674e-08,1.6095970090648762e-06,0.0,0.005500859842161316,0.00550085927961686,0.9999998977338728,1.0000001022635283,1.6153313561645275e-06,3.89102368691623e-05,0.0
model.enc.16x16_block1.norm1,0.005500831991870476,0.005500831993156704,1.0,1.0000000002338243,0.9999999997661757,5.285635799009687e-09,3.926142428137272e-05,0.0,512,512,1.0,1.0,1.0000000002338243,5.285635801352432e-09,1.0,1.0,1.0,512,0.9999999986816823,4.3431551916557855e-08,0.9999999981532683,4.345872220612945e-08,7.593056765668671e-08,0.0,0.005500865294729476,0.005500865171895696,0.9999999776700933,1.0000000223298964,1.0414051558705612e-07,3.895676865960236e-05,0.0
model.enc.16x16_block1.norm2,0.005500877944387607,0.0055008779353840865,0.9999999999999991,0.9999999983632567,1.0000000016367414,4.391787280040484e-08,3.9259577850894106e-05,0.0,512,512,1.0,1.0,0.9999999983632567,4.39178728004894e-08,1.0,1.0,1.0,512,0.9999999989913746,4.315688383512175e-08,0.9999999963544293,5.684250061186225e-08,5.887185903282014e-08,0.0,0.005500866651047048,0.005500866602813824,0.9999999912317004,1.0000000087682912,9.270232772964352e-08,3.8970301856945345e-05,0.0
model.enc.16x16_block1.proj,0.062354468174265085,0.062354336361344194,0.999999996602446,0.9999978826734157,1.0000021105359451,8.24322707657757e-05,9.041721772275128e-05,0.0,65790,65792,0.9999696011673151,1.0,0.9999978826734157,8.243227076577566e-05,1.0,1.0,1.0,65790,0.9999999991273277,4.3121572114237444e-08,0.999999999012529,8.245958949853394e-05,1.0099146701863952e-05,0.0,0.06235406067486868,0.06235393455425949,0.9999979739871164,1.0000020192965942,8.197775951060159e-05,8.992436516560922e-05,0.0
model.enc.16x16_block1.qkv,0.10799941337206223,0.10799896840454791,0.9999999907927344,0.999995870700816,1.000004110901628,0.0001356995924636754,0.00014017868501185645,0.0,197375,197376,0.9999949335278858,1.0,0.999995870700816,0.0001356995924636746,1.0,1.0,1.0,197375,0.999999999275616,4.338807346548493e-08,0.9999999991886204,0.00013576242046379214,1.2342672465072376e-05,0.0,0.10799878164613819,0.10799835637667518,0.9999960531340756,1.0000039285987787,0.00013521282280035973,0.00013968238828184209,0.0
model.enc.16x16_block2.affine,0.08785901513586991,0.08784563951878076,0.9999990910229316,0.9998468516094766,1.0001513536167757,0.0013481097224739803,0.0013529649652550535,0.0,131328,131328,1.0,1.0,0.9998468516094766,0.0013481097224739768,0.9998157248157248,1.0,1.0,131328,0.9999999997113881,4.3491318930966465e-08,0.9999999997074163,0.0013567808374474878,2.2673118586404058e-05,0.0,0.08785918741589308,0.08784582861320048,0.9998470430007595,1.0001511615950962,0.0013483220700727808,0.0013531838327684531,0.0
model.enc.16x16_block2.conv0,0.18673765417056007,0.18673689456897238,0.9999999964517207,0.9999959287044398,1.000004064215548,8.424073468143302e-05,9.129828066388706e-05,0.0,590076,590080,0.9999932212581345,1.0,0.9999959287044398,8.424073468143194e-05,1.0,1.0,1.0,590076,0.9999999992634885,4.3291173278163104e-08,0.9999999990949111,8.433904779142648e-05,1.861176608768812e-05,0.0,0.18673666372730927,0.18673595368703172,0.9999961942781369,1.0000037990153205,8.198139669903395e-05,8.921109587930632e-05,0.0
model.enc.16x16_block2.conv1,0.18674074978914165,0.1867402294500932,0.999999997997938,0.9999972115731862,1.0000027844304542,6.327797053896862e-05,7.303882836269125e-05,0.0,590075,590080,0.9999915265726681,1.0000000000000002,0.9999972115731861,6.327797053896907e-05,1.0,1.0,1.0,590075,0.9999999991759936,4.3326267394192063e-08,0.9999999990530531,6.333943050922138e-05,1.3653309693821499e-05,0.0,0.1867394467905607,0.18673896822604344,0.9999974353555965,1.0000025608407341,6.17269577127895e-05,7.166944584364187e-05,0.0
model.enc.16x16_block2.norm0,0.005500570830567537,0.005500570830567557,0.9999999999999982,1.0000000000000018,0.9999999999999947,5.986146967902713e-08,3.926123573281038e-05,0.0,512,512,1.0,1.0,1.0000000000000018,5.986146967644045e-08,1.0,1.0,1.0,512,0.9999999956602401,4.13027101978419e-08,0.9999999940227673,7.123740749980177e-08,1.13985076810211e-06,0.0,0.005500861592202661,0.005500861138897535,0.9999999175931535,1.0000000824055695,1.1331239558387881e-06,3.8913052889728226e-05,0.0
model.enc.16x16_block2.norm1,0.005500816089452633,0.0055008134553441715,0.9999999999414095,0.9999995210836512,1.0000004787993972,1.0825011510330243e-05,4.026479074782787e-05,0.0,512,512,1.0,1.0,0.9999995210836512,1.0825011510328774e-05,1.0,1.0,1.0,512,1.0000000010024614,4.320101743984806e-08,0.9999999990255248,1.0835475597354526e-05,1.0707869570241562e-05,0.0,0.00550086440596441,0.0055008642220375015,0.9999999665639753,1.0000000334359787,2.174090728291927e-07,3.8946129775367484e-05,0.0
model.enc.16x16_block2.norm2,0.005500866820002927,0.005500866837366894,0.9999999999999963,1.0000000031565837,0.999999996843409,8.529374521129074e-08,3.926443944856903e-05,0.0,512,512,1.0,1.0,1.0000000031565837,8.529374520606928e-08,1.0,1.0,1.0,512,1.0000000028333353,4.305743194082527e-08,1.0000000036889058,9.086296561282052e-08,9.168938829426991e-08,0.0,0.005500866557153003,0.005500866584163626,1.000000004910245,0.9999999950897474,8.631236869872612e-08,3.898396622366425e-05,0.0
model.enc.16x16_block2.proj,0.06235521285312762,0.06235510575512676,0.9999999995472435,0.9999982820003712,1.0000017170970659,3.0091689714347837e-05,4.8115142934290376e-05,0.0,65791,65792,0.9999848005836576,0.9999999999999999,0.9999982820003713,3.0091689714347535e-05,1.0,1.0,1.0,65791,0.9999999993514737,4.355851311168749e-08,0.9999999991436297,3.0140767408192703e-05,9.185367763958903e-06,0.0,0.06235501843308517,0.06235492309032695,0.9999984705633027,1.0000015286277046,2.8483823040160545e-05,4.705160755281528e-05,0.0
model.enc.16x16_block2.qkv,0.1079998887727659,0.10799943618987662,0.9999999946635488,0.9999958040769473,1.0000041852677113,0.00010330930645707563,0.00010910184357403107,0.0,197375,197376,0.9999949335278858,1.0,0.9999958040769473,0.00010330930645707456,1.0,1.0,1.0,197375,0.9999999991776796,4.3291988566407965e-08,0.999999998910871,0.00010339454065525876,1.3891296485495966e-05,0.0,0.1079991571766655,0.10799872928336807,0.9999960327642137,1.0000039567916605,0.00010227287342608403,0.00010810349714293671,0.0
model.enc.16x16_block3.affine,0.08786543718430713,0.08785269484387946,0.9999991311218903,0.9998541101698021,1.0001441731081238,0.0013180483597413585,0.0013224064363259473,0.0,131328,131328,1.0,1.0,0.9998541101698021,0.001318048359741361,0.9998772165294112,1.0,1.0,131328,0.9999999998114781,4.333022666883465e-08,0.9999999998350937,0.0013260977450281833,2.009899976506014e-05,0.0,0.08786558517288429,0.0878528587189937,0.9998542913976697,1.0001439921853617,0.0013179129772708958,0.0013222792639538707,0.0
model.enc.16x16_block3.conv0,0.18673712816279994,0.186736331907578,0.999999995330362,0.9999957312869654,1.0000042593919405,9.663951682814977e-05,0.00010278322472386535,0.0,590077,590080,0.9999949159436009,1.0,0.9999957312869654,9.663951682815034e-05,1.0,1.0,1.0,590077,0.9999999992011048,4.3377889249423305e-08,0.999999999012529,9.673375251691759e-05,1.885357319227818e-05,0.0,0.18673616646816096,0.18673541750872005,0.9999959847225118,1.0000040063174034,9.474227459744607e-05,0.00010099131910214131,0.0
model.enc.16x16_block3.conv1,0.1867413639742674,0.1867408794487546,0.9999999980883242,0.9999974034542187,1.000002592729162,6.183309907079234e-05,7.188825377435949e-05,0.0,590079,590080,0.9999983053145336,1.0000000000000002,0.9999974034542185,6.183309907079256e-05,1.0,1.0,1.0,590079,0.999999999235326,4.332269339157325e-08,0.9999999991436297,6.188765850664942e-05,1.3041070431754917e-05,0.0,0.1867403886521986,0.18673993915885992,0.9999975911217175,1.0000024052262835,6.047954227494639e-05,7.067831504775399e-05,0.0
model.enc.16x16_block3.norm0,0.005500566421512185,0.005500566421512185,1.0,1.0,1.0,0.0,3.926119009212031e-05,0.0,512,512,1.0,1.0,1.0,0.0,1.0,1.0,1.0,512,0.9999999983674581,4.290856831209468e-08,0.9999999987780079,4.29396137337144e-08,2.2696212976184172e-07,0.0,0.005500864309502343,0.005500864070911681,0.99999995662667,1.0000000433732805,2.271365832589526e-07,3.893624777261959e-05,0.0
model.enc.16x16_block3.norm1,0.005500664285485852,0.005500664285485852,1.0,1.0,1.0,0.0,3.926119009211979e-05,0.0,512,512,1.0,1.0,1.0,0.0,1.0,1.0,1.0,512,0.9999999979798032,4.20492540986632e-08,0.99999999612401,4.209775487165387e-08,3.1420872115804557e-07,0.0,0.005500864199549039,0.005500863948742683,0.9999999544059565,1.0000000455939415,3.2261734260383307e-07,3.893470115805717e-05,0.0
model.enc.16x16_block3.norm2,0.005500867461799488,0.005500867416781801,0.9999999999999918,0.9999999918162485,1.000000008183735,1.2814236813021996e-07,3.9253215197096605e-05,0.0,512,512,1.0,1.0,0.9999999918162485,1.281423681287714e-07,1.0,1.0,1.0,512,1.0000000019198254,4.2374451832316274e-08,1.0000000007282468,1.3180162645415638e-07,1.402048091412077e-07,0.0,0.0055008663101997,0.005500866281903012,0.9999999948559531,1.0000000051440374,9.742130506961599e-08,3.8973937751761566e-05,0.0
model.enc.16x16_block3.proj,0.0623549278104611,0.06235478096184128,0.9999999963598464,0.9999976413155148,1.000002351409724,8.532451592153161e-05,9.296576132221846e-05,0.0,65792,65792,1.0,1.0,0.9999976413155148,8.53245159215315e-05,1.0,1.0,1.0,65792,0.9999999992477439,4.339988969810176e-08,0.9999999987488841,8.535723634067108e-05,9.292327002553411e-06,0.0,0.06235484556100707,0.062354711157797206,0.999997840951287,1.0000021518706077,8.475092964728194e-05,9.240660000070112e-05,0.0
model.enc.16x16_block3.qkv,0.10799622335598752,0.10799558911308944,0.9999999881469896,0.9999941153222663,1.0000058610062035,0.0001539666904929842,0.00015754865725820224,0.0,197373,197376,0.9999848005836576,0.9999999999999999,0.9999941153222665,0.00015396669049298436,0.9999980844919125,1.0,1.0,197373,0.9999999992424837,4.3287165143323016e-08,0.9999999989693166,0.0001540790768042244,1.4600572328229843e-05,0.0,0.10799582012037365,0.1079952093554463,0.9999943327922707,1.0000056437235005,0.0001533491014000057,0.0001569313172304218,0.0
model.enc.16x16_down.affine,0.08792862252653207,0.08791878540121886,0.9999993961317425,0.9998875199406887,1.0001112848404863,0.0010988475470601394,0.0011013275607889578,0.0,131328,131328,1.0,1.0,0.9998875199406887,0.0010988475470601387,0.9998774059090352,1.0,1.0,131328,0.9999999998097051,4.35598752424678e-08,1.0000000000163327,0.0011045894144328062,2.085108062681703e-05,0.0,0.08792864307097323,0.0879188251514255,0.9998877385265662,1.0001110664766395,0.0010987245558142344,0.001101208758569801,0.0
model.enc.16x16_down.conv0,0.18673314492883733,0.1867320586944277,0.9999999924408814,0.9999941753996601,1.0000058095159408,0.0001229555273454114,0.00012742542554750963,0.0,590078,590080,0.9999966106290672,1.0,0.9999941753996598,0.00012295552734541127,0.999997605593162,1.0,1.0,590078,0.9999999991310091,4.3329614714900097e-08,0.9999999989776259,0.0001230934148436066,2.152832842666346e-05,0.0,0.18673238559326824,0.18673135079909353,0.9999944510886171,1.000005534297682,0.00012101342042129762,0.00012555056066844734,0.0
model.enc.16x16_down.conv1,0.18673613924424246,0.1867352962099401,0.9999999948828505,0.9999954803078923,1.0000045094781904,0.00010116425511874772,0.0001069671421340593,0.0,590075,590080,0.9999915265726681,1.0000000000000002,0.9999954803078921,0.0001011642551187476,0.999999042256826,1.0,1.0,590075,0.9999999990438153,4.3261124451372223e-08,0.9999999988872758,0.00010126516326320405,1.7810553261847642e-05,0.0,0.1867352697231499,0.18673447631648799,0.9999957462120977,1.0000042438927417,9.956469830430369e-05,0.00010545012113876664,0.0
model.enc.16x16_down.norm0,0.005500630410371257,0.005500630410371257,1.0,1.0,1.0,0.0,3.926119009211764e-05,0.0,512,512,1.0,1.0,1.0,0.0,1.0,1.0,1.0,512,1.0000000008075713,4.5505112488452936e-08,1.0000000033917535,4.551227783491661e-08,9.464241968182704e-08,0.0,0.005500865158391389,0.005500865036844054,0.999999977903953,1.0000000220960332,1.1857804724909363e-07,3.895704380091076e-05,0.0
model.enc.16x16_down.norm1,0.005500805102237808,0.005500805102237808,1.0,1.0,1.0,0.0,3.9261190092117356e-05,0.0,512,512,1.0,1.0,1.0,0.0,1.0,1.0,1.0,512,0.999999995721744,4.570169050312236e-08,0.9999999970512736,4.590150313752216e-08,1.1732221212088783e-06,0.0,0.005500859394086179,0.0055008587234157335,0.9999998780782854,1.0000001219203611,1.1696775938231942e-06,3.88746360135289e-05,0.0
model.enc.16x16_down.skip,0.06235598608061162,0.062355962923924466,0.999999999188198,0.9999996278255016,1.0000003705510325,4.029395475901519e-05,5.600075605854878e-05,0.0,65791,65792,0.9999848005836576,1.0,0.9999996278255016,4.029395475901503e-05,1.0,1.0,1.0,65791,0.9999999994058578,4.318467898184585e-08,0.9999999993697765,4.029578983454724e-05,2.4932948247351198e-06,0.0,0.06235585697774135,0.06235583348004323,0.9999996223600446,1.0000003760246936,4.019207334569892e-05,5.572781609043688e-05,0.0
model.enc.32x32_block0.affine,0.08797281569925566,0.08796516068450716,0.9999995681670033,0.9999125525203859,1.0000865913860055,0.0009292553515983001,0.0009305404690195311,0.0,131328,131328,1.0,1.0,0.9999125525203859,0.0009292553515983016,0.9999386710005826,1.0,1.0,131328,1.000000000015084,4.326154184921811e-08,1.0000000000499822,0.0009333608369604008,2.0610379414965657e-05,0.0,0.08797286967384463,0.08796522551489885,0.9999126759097496,1.000086467848341,0.0009293236939083482,0.0009306166976096829,0.0
model.enc.32x32_block0.conv0,0.13207006751759748,0.13206940937601933,0.9999999962373685,0.999995012961536,1.0000049795380344,8.674783972479594e-05,9.327637778385598e-05,0.0,295165,295168,0.9999898362966175,1.0,0.999995012961536,8.674783972479523e-05,0.9999961689654789,1.0,1.0,295165,0.9999999991842788,4.3213078657755795e-08,0.9999999989629009,8.689100045156219e-05,1.8598272005259754e-05,0.0,0.13206963578790176,0.13206900386878234,0.9999952116488131,1.0000047811554624,8.496204657494506e-05,9.15865552142365e-05,0.0
model.enc.32x32_block0.conv1,0.18673460175222292,0.18673372074723643,0.9999999949120006,0.9999952769594961,1.0000047128867642,0.00010087567938763008,0.00010662819848311922,0.0,590071,590080,0.9999847478308026,1.0,0.9999952769594961,0.00010087567938762939,0.9999961689933647,1.0,1.0,590071,0.9999999989357289,4.329028783706222e-08,0.9999999987258454,0.00010098621449958908,1.7148930062581843e-05,0.0,0.18673411741314858,0.1867332803995845,0.9999955126765285,1.0000044774596912,9.941721905533514e-05,0.0001052340958019763,0.0
model.enc.32x32_block0.norm0,0.00388971609955579,0.00388971609955579,1.0,1.0,1.0,0.0,3.926119009212279e-05,0.0,256,256,1.0,1.0,1.0,0.0,1.0,1.0,1.0,256,0.9999999956511338,4.775563695774516e-08,0.9999999950691487,4.795324283306325e-08,5.2683407613396614e-08,0.0,0.0038896997712073293,0.0038896997166376628,0.9999999859707208,1.0000000140292704,9.284796673255118e-08,3.896504103426641e-05,0.0
model.enc.32x32_block0.norm1,0.005500906582003469,0.005500906571713785,0.9999999999999991,0.9999999981294558,1.0000000018705424,4.2284514092606074e-08,3.925934224767109e-05,0.0,512,512,1.0,1.0,0.9999999981294558,4.2284514094304514e-08,1.0,1.0,1.0,512,0.9999999953133172,4.280500073487862e-08,0.9999999931075982,6.150184230885458e-08,8.376385906290423e-08,0.0,0.005500865757768486,0.005500865642652008,0.99999997907302,1.0000000209269695,1.0355665857222704e-07,3.8958170079681725e-05,0.0
model.enc.32x32_block0.skip,0.044178362445717066,0.04417833545307215,0.9999999998959405,0.999999388903513,1.0000006108887411,1.4426321987872829e-05,4.125485413234404e-05,0.0,33024,33024,1.0,1.0,0.999999388903513,1.4426321987871838e-05,1.0,1.0,1.0,33024,0.99999999884561,4.3244314313410126e-08,0.9999999987681418,1.4439371333333902e-05,5.398151690131356e-06,0.0,0.044178212148076296,0.04417818785152649,0.9999994499489961,1.0000005498828917,1.2977457705024878e-05,4.0561150802285075e-05,0.0
model.enc.32x32_block1.affine,0.08789894036195896,0.08788780151164606,0.9999992785075407,0.9998725552247522,1.0001260178511666,0.001201090629999577,0.0012043708767415786,0.0,131328,131328,1.0,1.0,0.9998725552247522,0.0012010906299995778,0.9998774059090352,1.0,1.0,131328,1.000000000102929,4.335708665131529e-08,1.0000000002713385,0.0012078331266932064,2.869649560972252e-05,0.0,0.08789896739043046,0.08788783277318293,0.9998726044863838,1.000125970706376,0.0012002042846146524,0.0012035036309341251,0.0
model.enc.32x32_block1.conv0,0.18673216179425814,0.18673102912925038,0.999999992672137,0.999993926952185,1.0000060584288821,0.00012106010134302204,0.00012553141403539642,0.0,590075,590080,0.9999915265726681,1.0,0.999993926952185,0.00012106010134302132,0.9999923381041405,1.0,1.0,590075,0.9999999988992774,4.3294550662878787e-08,0.9999999987870614,0.00012121234842372985,2.1266018751630083e-05,0.0,0.1867315408932369,0.1867304584252609,0.999994195973738,1.000005789849102,0.00011920822104792095,0.00012374275352107755,0.0
model.enc.32x32_block1.conv1,0.18673605347103683,0.18673526605443452,0.999999996224764,0.9999957794889773,1.0000042129783318,8.689308742092295e-05,9.369545936837064e-05,0.0,590071,590080,0.9999847478308026,1.0,0.9999957794889773,8.689308742092276e-05,0.999998084518697,1.0,1.0,590071,0.99999999891595,4.332734739886036e-08,0.9999999986461326,8.699556193821353e-05,1.6847157219695192e-05,0.0,0.18673548102834692,0.18673474111056562,0.9999960339797739,1.0000039587645064,8.527228494995706e-05,9.218364602390348e-05,0.0
model.enc.32x32_block1.norm0,0.00550076519857382,0.00550076519857382,1.0,1.0,1.0,0.0,3.926119009212127e-05,0.0,512,512,1.0,1.0,1.0,0.0,1.0,1.0,1.0,512,0.9999999962459561,4.418168817900749e-08,0.999999997065143,4.434088876065444e-08,2.0234787116415804e-07,0.0,0.005500863935851178,0.005500863717196293,0.9999999602507883,1.0000000397491695,2.0980812146205715e-07,3.893977474143234e-05,0.0
model.enc.32x32_block1.norm1,0.005500905635465204,0.005500904320773747,0.9999999999853527,0.9999997609898955,1.000000238980867,5.412437280801388e-06,3.93957685071969e-05,0.0,512,512,1.0,1.0,0.9999997609898955,5.412437280801986e-06,1.0,1.0,1.0,512,0.9999999962076115,4.379796179818802e-08,0.9999999959693937,5.417312370701015e-06,9.774956517311721e-07,0.0,0.005500846299046766,0.005500844555143066,0.9999996829550304,1.0000003170043679,6.379830426957494e-06,3.918479482405604e-05,0.0
model.enc.32x32_block2.affine,0.08792067821650744,0.08791024493836568,0.9999993666236248,0.9998806997554294,1.000118047575326,0.0011253673728059694,0.0011282544795305914,0.0,131328,131328,1.0,1.0,0.9998806997554294,0.0011253673728059714,0.9998773908778813,1.0,1.0,131328,0.9999999999854648,4.334673721479439e-08,1.0000000001184342,0.001131673338910703,2.3228859341969984e-05,0.0,0.08792072233319273,0.08791029009858609,0.9998807124027789,1.0001180363628484,0.0011247285864083056,0.0011276361278877648,0.0
model.enc.32x32_block2.conv0,0.18673387399429056,0.18673287978282485,0.9999999936299678,0.9999946694140764,1.0000053178742065,0.00011287129345927981,0.00011786518134413046,0.0,590074,590080,0.9999898318872017,1.0,0.9999946694140764,0.00011287129345927912,0.9999961690373941,1.0,1.0,590074,0.9999999988781291,4.3291590395398854e-08,0.9999999986474486,0.0001129971470636943,1.9798438847527547e-05,0.0,0.18673309942714314,0.18673215543881877,0.9999949385444268,1.0000050491322927,0.00011112475771548412,0.00011618975090323039,0.0
model.enc.32x32_block2.conv1,0.18673761650072457,0.18673695044764127,0.9999999969858279,0.9999964302000148,1.000003563784363,7.764213574955861e-05,8.545548509471638e-05,0.0,590071,590080,0.9999847478308026,1.0,0.9999964302000148,7.764213574955924e-05,0.9999997605664424,1.0,1.0,590071,0.9999999989582219,4.3302930974246574e-08,0.9999999988123418,7.772418737478549e-05,1.5028110416212537e-05,0.0,0.18673697480703025,0.18673635221052734,0.9999966630172719,1.000003331193616,7.615897516351843e-05,8.408913702531532e-05,0.0
model.enc.32x32_block2.norm0,0.005500793141177083,0.005500793120597301,0.9999999999999964,0.9999999962587572,1.0000000037412355,8.457076881475263e-08,3.925753980329962e-05,0.0,512,512,1.0,1.0,0.9999999962587572,8.45707688114137e-08,1.0,1.0,1.0,512,0.9999999999592534,4.404216826076112e-08,0.9999999989033805,9.422469649406482e-08,2.56331986654309e-07,0.0,0.005500863592437863,0.005500863313331888,0.9999999492613948,1.0000000507385451,2.5001537288461363e-07,3.892902255934356e-05,0.0
model.enc.32x32_block2.norm1,0.005500885263586861,0.005500885263586861,1.0,1.0,1.0,0.0,3.926119009211906e-05,0.0,512,512,1.0,1.0,1.0,0.0,1.0,1.0,1.0,512,1.0000000015684043,4.196995618070378e-08,1.0000000025419946,4.199925134999009e-08,1.0981826805885038e-07,0.0,0.0055008645313602495,0.0055008643229932565,0.9999999621210375,1.0000000378789464,1.3313867057112311e-07,3.894130740681808e-05,0.0
model.enc.32x32_block3.affine,0.08790119849468357,0.08789009469761953,0.9999992841195078,0.9998729628712746,1.0001256213268261,0.0011964107869072817,0.0011996735643867793,0.0,131328,131328,1.0,1.0,0.9998729628712746,0.0011964107869072845,0.9998773307163886,1.0,1.0,131328,1.0000000000359368,4.3307294462356474e-08,1.0000000000572618,0.0012031363154840753,2.044212449610684e-05,0.0,0.08790128553588039,0.08789019819269596,0.9998731505305858,1.0001254343172639,0.0011961197424979757,0.0011993898742724868,0.0
model.enc.32x32_block3.conv0,0.1867342590360887,0.18673328695695074,0.9999999942633981,0.9999947885816052,1.0000051999722903,0.00010711248450742757,0.00011239821292170544,0.0,590074,590080,0.9999898318872017,1.0,0.9999947885816052,0.00010711248450742673,0.9999980844783364,1.0,1.0,590074,0.9999999989452203,4.323836104891285e-08,0.9999999987866429,0.00010723921593940284,1.9600213471851804e-05,0.0,0.1867334421394012,0.18673251325876988,0.999995020072751,1.0000049688310004,0.0001054555935834176,0.00011080464900075859,0.0
model.enc.32x32_block3.conv1,0.18673814071301717,0.18673752169668148,0.9999999976730578,0.9999966827833845,1.0000033125737195,6.821915999169306e-05,7.711147188056862e-05,0.0,590070,590080,0.9999830531453362,1.0000000000000002,0.9999966827833844,6.821915999169218e-05,1.0,1.0,1.0,590070,0.9999999990307239,4.332904464890336e-08,0.9999999988189654,6.829978745168851e-05,1.426346603102557e-05,0.0,0.18673751436552152,0.18673694294240817,0.9999969377381565,1.0000030578151888,6.675321008644817e-05,7.580461128515935e-05,0.0
model.enc.32x32_block3.norm0,0.005500753723235338,0.005500753702655397,0.9999999999999982,0.9999999962587036,1.0000000037412928,5.974244698586021e-08,3.925749411082333e-05,0.0,512,512,1.0,1.0,0.9999999962587036,5.974244698376397e-08,1.0,1.0,1.0,512,1.000000000170949,4.4312396914972005e-08,1.0000000005252812,7.112315529038423e-08,3.040412646828061e-07,0.0,0.005500862895318326,0.005500862604638424,0.9999999471573526,1.000000052842557,3.054590608214684e-07,3.892731408902346e-05,0.0
model.enc.32x32_block3.norm1,0.005500802801878414,0.005500802801878414,1.0,1.0,1.0,0.0,3.9261190092118826e-05,0.0,512,512,1.0,1.0,1.0,0.0,1.0,1.0,1.0,512,0.99999999817955,4.4752241814077195e-08,0.9999999983905568,4.478925301619574e-08,1.2756557913826315e-07,0.0,0.005500864412386633,0.005500864225242624,0.9999999659791519,1.0000000340208257,1.5305819234703242e-07,3.8945238846246675e-05,0.0
model.enc.32x32_conv,0.01455394110834578,0.014553940597457833,0.9999999999992135,0.9999999648961482,1.00000003510228,1.254163222537474e-06,3.924613079669449e-05,0.0,3584,3584,1.0,1.0,0.9999999648961482,1.2541632225366504e-06,1.0,1.0,1.0,3584,0.999999998985732,4.303463334675714e-08,0.9999999995194765,1.2561713983407255e-06,1.1415869381697954e-06,0.0,0.014553918045379699,0.014553917393994358,0.9999999552431599,1.0000000447565616,5.296235043556162e-07,3.893780400411607e-05,0.0
model.enc.8x8_block0.affine,0.0878228219848226,0.0878077177692523,0.9999989426277955,0.9998269577238929,1.0001709571156245,0.0014539655928470304,0.001460164765635395,0.0,131328,131328,1.0,1.0,0.9998269577238929,0.0014539655928470314,0.999754480726737,1.0,1.0,131328,1.000000000117615,4.3388176005495114e-08,1.0000000002079248,0.0014642265193126815,2.51092800112061e-05,0.0,0.0878229344019191,0.08780784496735643,0.999827126808687,1.0001707890934313,0.0014535805753862915,0.0014597913135103377,0.0
model.enc.8x8_block0.conv0,0.18673685354908673,0.18673603032391425,0.9999999958615099,0.9999955873842683,1.0000044043581864,9.097750868237237e-05,9.742673186350308e-05,0.0,590078,590080,0.9999966106290672,1.0,0.9999955873842683,9.097750868237225e-05,1.0,1.0,1.0,590078,0.9999999992369071,4.3295625515987255e-08,0.999999999164118,9.108444129080847e-05,1.9468629332953067e-05,0.0,0.18673596519370506,0.1867351890106434,0.9999958394642634,1.0000041526424015,8.894125494156166e-05,9.551688292307371e-05,0.0
model.enc.8x8_block0.conv1,0.18673949884585317,0.18673889997041374,0.9999999971264733,0.9999967901164866,1.0000032041467448,7.580908012618225e-05,8.394733782115752e-05,0.0,590074,590080,0.9999898318872017,1.0,0.9999967901164866,7.580908012618263e-05,1.0,1.0,1.0,590074,0.9999999991945304,4.3347090856828056e-08,0.999999999012529,7.587706950726592e-05,1.4772393637994632e-05,0.0,0.18673806311851293,0.18673750279163706,0.9999969966302054,1.0000029978460863,7.438197867034246e-05,8.26277481202091e-05,0.0
model.enc.8x8_block0.norm0,0.005500501411975273,0.005500500743099975,0.999999999996337,0.9999998783937325,1.0000001215989562,2.7066553138223587e-06,3.92330626701156e-05,0.0,512,512,1.0,1.0,0.9999998783937325,2.7066553138199968e-06,1.0,1.0,1.0,512,1.0000000026931055,4.179922361472892e-08,1.0000000010568777,2.708484157959606e-06,2.8094871431915904e-06,0.0,0.005500860869098524,0.00550086036430138,0.9999999082327375,1.0000000917666172,8.08449301786077e-07,3.8895592808319285e-05,0.0
model.enc.8x8_block0.norm1,0.005500676440228562,0.005500676440228562,1.0,1.0,1.0,0.0,3.92611900921157e-05,0.0,512,512,1.0,1.0,1.0,0.0,1.0,1.0,1.0,512,1.0000000002343903,4.3608370302352376e-08,0.9999999999214301,4.3609000209020584e-08,1.1740842132649419e-07,0.0,0.005500864521714128,0.005500864278619261,0.9999999558078704,1.000000044192113,1.3512027231093202e-07,3.893500085785984e-05,0.0
model.enc.8x8_block1.affine,0.08781419990155896,0.0877990839346043,0.9999989055336359,0.9998267699288285,1.0001710707742437,0.0014792491365820787,0.0014853616784623628,0.0,131328,131328,1.0,1.0,0.9998267699288285,0.0014792491365820798,0.9997548418730081,1.0,1.0,131328,0.9999999998953978,4.331064316351639e-08,1.0000000001053264,0.0014893579109930759,2.1981704442791793e-05,0.0,0.08781430223708699,0.08779919569937591,0.9998268779130345,1.0001709635664247,0.0014789744212211503,0.0014851033813598324,0.0
model.enc.8x8_block1.conv0,0.18673596776080886,0.18673508274536407,0.9999999950820365,0.9999952556874194,1.0000047344991156,9.917577178127895e-05,0.00010501432298071323,0.0,590077,590080,0.9999949159436009,1.0,0.9999952556874194,9.917577178127966e-05,1.0,1.0,1.0,590077,0.9999999993175228,4.333796477748048e-08,0.9999999991990387,9.928917440220281e-05,2.0069264720380525e-05,0.0,0.18673509298441254,0.18673426326068587,0.9999955519917454,1.0000044386509468,9.683474536461661e-05,0.00010281086325608571,0.0
model.enc.8x8_block1.conv1,0.18673792973814304,0.18673720114719655,0.9999999950915288,0.9999960934152924,1.0000038967829887,9.908009699253566e-05,0.0001052025368304623,0.0,590076,590080,0.9999932212581345,1.0000000000000002,0.9999960934152922,9.908009699253578e-05,1.0,1.0,1.0,590076,0.9999999991891024,4.334743723171085e-08,0.999999998950943,9.915713372670577e-05,1.6002850625286077e-05,0.0,0.18673665555743618,0.18673597099763017,0.9999963293142442,1.0000036611480019,9.772984688910927e-05,0.00010391598392801148,0.0
model.enc.8x8_block1.norm0,0.005500465237239787,0.005500465237239787,1.0,1.0,1.0,0.0,3.9261190092117065e-05,0.0,512,512,1.0,1.0,1.0,0.0,1.0,1.0,1.0,512,1.0000000002623375,4.491256536624546e-08,1.000000000274675,4.491333152578048e-08,1.2193867813152713e-07,0.0,0.005500864467693246,0.005500864246464245,0.9999999597828559,1.0000000402171245,1.4491497809508487e-07,3.893901119704389e-05,0.0
model.enc.8x8_block1.norm1,0.005500580947821686,0.005500580947821686,1.0,1.0,1.0,0.0,3.9261190092118406e-05,0.0,512,512,1.0,1.0,1.0,0.0,1.0,1.0,1.0,512,0.9999999948303402,4.38409448607624e-08,0.999999994837331,4.414469197983741e-08,1.3379153248902884e-07,0.0,0.0055008645094966144,0.005500864279264295,0.999999958146145,1.0000000418538326,1.5568909659507592e-07,3.893741602589743e-05,0.0
model.enc.8x8_block2.affine,0.08777977902579535,0.08776339234195182,0.9999987311893421,0.9998120519423243,1.0001854452920524,0.001592693426637935,0.0015996816932448818,0.0,131328,131328,1.0,1.0,0.9998120519423243,0.0015926934266379336,0.9997547817557626,1.0,1.0,131328,0.9999999998525173,4.341581543063343e-08,0.9999999999655141,0.001603744490927937,2.3592566893125684e-05,0.0,0.08777991357125475,0.08776352079201187,0.9998119831246455,1.000185514807023,0.0015924825873977566,0.0015995039796991967,0.0
model.enc.8x8_block2.conv0,0.18672940174344652,0.18672806225796162,0.9999999917659093,0.999992818361714,1.0000071652215627,0.0001283274910249427,0.00013228120665558424,0.0,590072,590080,0.999986442516269,1.0,0.999992818361714,0.00012832749102494227,0.9999923373996199,1.0,1.0,590072,0.9999999993142661,4.330504692398035e-08,0.9999999990855108,0.00012852822496141474,2.3108749460271525e-05,0.0,0.18672863220657548,0.18672735477891902,0.9999931509310812,1.00000683316075,0.0001263121185143063,0.00013033920311002756,0.0
model.enc.8x8_block2.conv1,0.18673268130908158,0.18673152743877783,0.9999999942190069,0.9999938149562823,1.0000061735199148,0.00010752601214267124,0.00011250229581533192,0.0,590077,590080,0.9999949159436009,1.0,0.9999938149562825,0.00010752601214267124,0.9999923373409041,1.0,1.0,590077,0.9999999991317561,4.325697351101055e-08,0.9999999990053692,0.00010770377080340123,1.988737955021104e-05,0.0,0.18673181108664813,0.1867307124024182,0.9999941106617234,1.0000058782063062,0.0001056714601780527,0.00011073498054306839,0.0
model.enc.8x8_block2.norm0,0.005500713245382255,0.005500712586822762,0.9999999999963379,0.9999998802737742,1.0000001197189161,2.7063037006524226e-06,3.923491404925459e-05,0.0,512,512,1.0,1.0,0.9999998802737742,2.706303700651968e-06,1.0,1.0,1.0,512,0.9999999971976388,4.314653412812677e-08,0.999999996791195,2.7087578458164725e-06,2.723770679558301e-06,0.0,0.005500862185361831,0.005500861757062868,0.9999999221395728,1.0000000778602451,4.334702822907242e-07,3.8903511934863936e-05,0.0
model.enc.8x8_block2.norm1,0.005500659315624133,0.005500659315624133,1.0,1.0,1.0,0.0,3.926119009212427e-05,0.0,512,512,1.0,1.0,1.0,0.0,1.0,1.0,1.0,512,0.9999999986920404,4.5427145971416033e-08,1.0000000016188406,4.544597176581877e-08,3.57645136927675e-07,0.0,0.005500862141607886,0.00550086170623065,0.9999999208528461,1.000000079147034,3.5538756729520085e-07,3.8901433488860136e-05,0.0
model.enc.8x8_block3.affine,0.08761791093790856,0.08759585864041566,0.9999980248672674,0.9997463382691664,1.0002497748275847,0.001987026259109902,0.001998638349158118,0.0,131328,131328,1.0,1.0,0.9997463382691664,0.0019870262591099013,0.9995093228655545,1.0,1.0,131328,0.9999999997638276,4.349259393269451e-08,0.9999999998421174,0.002003152078685982,2.785168606364728e-05,0.0,0.08761798996162826,0.08759593574151191,0.9997463172203662,1.0002497972224715,0.001986690390345393,0.001998336404235657,0.0
model.enc.8x8_block3.conv0,0.18666299137752135,0.18665687477405066,0.9999999419493261,0.9999671737874612,1.0000327111849785,0.0003407253085547757,0.00034079941956551214,0.0,590074,590080,0.9999898318872017,1.0,0.9999671737874612,0.00034072530855477526,0.99987728555651,1.0,1.0,590074,0.9999999990636147,4.3354181635189306e-08,0.9999999988743749,0.00034230279218626657,3.467664638174393e-05,0.0,0.1866634427813188,0.18665736064360883,0.9999673590802257,1.000032527024859,0.0003390414962343753,0.00033911392211120997,0.0
model.enc.8x8_block3.conv1,0.18669200580401027,0.18668797825999658,0.9999999694393488,0.9999783962398258,1.000021543104285,0.0002472218931719129,0.00024786128906922395,0.0,590068,590080,0.9999796637744035,1.0000000000000002,0.9999783962398255,0.0002472218931719133,0.9998774059090352,1.0,1.0,590068,0.9999999991163984,4.333835108873999e-08,0.999999998933312,0.0002481639259355313,2.9116438035167302e-05,0.0,0.1866920722302233,0.18668809409427847,0.9999786613108841,1.000021278848548,0.0002455444174146285,0.00024618674025931106,0.0
model.enc.8x8_block3.norm0,0.005500810697890826,0.005500810594992319,0.9999999999999393,0.9999999812938771,1.0000000187060016,3.4853250136373816e-07,3.9244031073303706e-05,0.0,512,512,1.0,1.0,0.9999999812938771,3.4853250136007977e-07,1.0,1.0,1.0,512,1.000000001545783,4.3843016912777086e-08,1.000000001715874,3.5254284331963397e-07,5.063786051415264e-07,0.0,0.005500859089409146,0.005500858457240522,0.9999998850781349,1.0000001149217466,3.6306239127166116e-07,3.8865729819418415e-05,0.0
model.enc.8x8_block3.norm1,0.005500790092414973,0.005500790087270031,0.9999999999999989,0.9999999990646892,1.0000000009353085,4.73135168249468e-08,3.926028325616319e-05,0.0,512,512,1.0,1.0,0.9999999990646892,4.731351682415721e-08,1.0,1.0,1.0,512,0.9999999996323462,4.2516113086222734e-08,0.9999999990444313,6.237270362664968e-08,2.0312069986612904e-06,0.0,0.00550084501903832,0.005500843206385764,0.9999996704754202,1.000000329520657,2.007861891219866e-06,3.870154656935599e-05,0.0
model.enc.8x8_down.affine,0.08791581747055577,0.08790527872198882,0.9999993568530658,0.99987948375068,1.0001192443267442,0.0011340128257221202,0.0011369649172695822,0.0,131328,131328,1.0,1.0,0.99987948375068,0.0011340128257221194,0.9998772554314471,1.0,1.0,131328,1.0000000001253784,4.3276100738146076e-08,1.0000000001600844,0.0011403986694204532,2.197710157325554e-05,0.0,0.08791583184853234,0.08790531931887816,0.999879782175784,1.0001189461867743,0.0011338559784852167,0.001136806985069023,0.0
model.enc.8x8_down.conv0,0.18673644384373636,0.18673557021088028,0.9999999955158687,0.9999953170887006,1.0000046739649249,9.47004685472127e-05,0.0001008192819307124,0.0,590079,590080,0.9999983053145336,1.0,0.9999953170887006,9.470046854721234e-05,1.0,1.0,1.0,590079,0.9999999992784799,4.332121610592396e-08,0.9999999991039701,9.481615044103906e-05,1.9728314428007626e-05,0.0,0.18673555527073857,0.18673473133371496,0.9999955833862989,1.0000044080457122,9.266812723731822e-05,9.890700263671425e-05,0.0
model.enc.8x8_down.conv1,0.18673942974303784,0.186738751354722,0.999999996893707,0.9999963640866739,1.0000036297139372,7.88196751620817e-05,8.649959074693423e-05,0.0,590078,590080,0.9999966106290672,1.0,0.9999963640866739,7.881967516208068e-05,1.0,1.0,1.0,590078,0.9999999992141224,4.3279684118791454e-08,0.9999999990380836,7.890350315587425e-05,1.5911441704560356e-05,0.0,0.1867379860111633,0.18673735528623658,0.9999966194427161,1.0000033746402361,7.699620657018201e-05,8.482991755766006e-05,0.0
model.enc.8x8_down.norm0,0.005500458338226954,0.005500458327936431,0.9999999999999991,0.999999998129151,1.0000000018708473,4.2287953202026506e-08,3.9259341946474376e-05,0.0,512,512,1.0,1.0,0.999999998129151,4.2287953203112726e-08,1.0,1.0,1.0,512,0.9999999981277796,4.354049479610593e-08,0.9999999987166124,5.943164202612533e-08,2.0205970095953747e-07,0.0,0.005500864248402535,0.005500864023959583,0.9999999591985803,1.000000040801378,2.0824947236586166e-07,3.893871414013905e-05,0.0
model.enc.8x8_down.norm1,0.005500825602602454,0.005500822968498548,0.9999999999414098,0.9999995210853077,1.000000478797741,1.0824992826153052e-05,4.026478731982812e-05,0.0,512,512,1.0,1.0,0.9999995210853077,1.0824992826153131e-05,1.0,1.0,1.0,512,0.9999999995335762,4.385149871557108e-08,0.9999999992032567,1.0835005742628258e-05,1.0703511076393019e-05,0.0,0.005500864432973586,0.005500864232325439,0.9999999635242325,1.0000000364757304,1.9629197251441497e-07,3.894297778654284e-05,0.0
model.enc.8x8_down.skip,0.06235656410594447,0.06235654568627006,0.9999999999566541,0.9999997045639448,1.0000002953494505,9.310837960310482e-06,4.0062795641743106e-05,0.0,65792,65792,1.0,1.0,0.9999997045639448,9.310837960310025e-06,1.0,1.0,1.0,65792,0.9999999991815665,4.333623712352401e-08,0.9999999989276063,9.315571294058699e-06,2.570459630733702e-06,0.0,0.062356415298843386,0.06235639659872747,0.9999997000683108,1.0000002998500215,9.041999773972342e-06,3.9721914331388266e-05,0.0
model.map_layer0,0.061907314685669484,0.06187590651090592,0.9999971587216794,0.99948981826145,1.0005047567076364,0.0023826002687992822,0.0024287887584119147,0.0,66048,66048,1.0,1.0,0.99948981826145,0.0023826002687992822,0.9962510229510397,1.0,1.0,66048,0.9999999996807913,4.3638511812694983e-08,1.0000000006464684,0.0024366102528858634,9.108706839640495e-06,0.0,0.061907366467318134,0.061875958102181786,0.9994898157066205,1.0005047594571077,0.0023825600215014587,0.002428803822378272,0.0
model.map_layer1,0.12438558169210889,0.12437525060733175,0.9999994636939264,0.9999164068066572,1.000082527480219,0.001035583744239341,0.0010365729692343657,0.0,262656,262656,1.0,1.0,0.9999164068066572,0.0010355837442393415,0.9999079782828748,1.0,1.0,262656,0.9999999999380537,4.327362895272123e-08,0.9999999999974938,0.0010389520727629579,1.1436724411692748e-05,0.0,0.1243856174851517,0.12437528184982836,0.9999163702801624,1.000082564080331,0.0010355511005782484,0.001036553744104509,0.0
