layer,update_reference_l2,update_probe_l2,update_cosine,s_K_star_layer,c_K_star_layer,R_opt_layer,layer_residual_with_global_c_star,support_atol,support_coordinate_count,coordinate_count,support_coordinate_coverage,support_energy_coverage,h_update_weighted_mean,h_update_weighted_std,h_update_p05,h_update_p50,h_update_p95,h_moment_coordinate_count,h_moment_weighted_mean,h_moment_weighted_std,h_moment_p50,h_update_minus_moment_weighted_rmse,h_update_minus_moment_eps_weighted_rmse,off_support_candidate_energy_exact,predicted_reference_l2,predicted_probe_l2,s_K_star_predicted_layer,c_K_star_predicted_layer,R_pred_layer,predicted_layer_residual_with_global_c_star,predicted_off_support_candidate_energy_exact
model.dec.16x16_block0.affine,0.08714615970536752,0.08708331991972365,0.9999845709943697,0.9992634971535842,1.0007061651658642,0.0055509717256375804,0.005588337874793783,0.0,131068,131328,0.99802022417154,1.0,0.9992634971535842,0.005550971725637579,0.9981124025564416,1.0,1.0,131068,1.000000000041354,4.368772773221779e-08,1.0000000000528744,0.00559961824510016,3.6056940167905484e-05,0.0,0.08714625769315475,0.0870834265622321,0.9992635976948205,1.0007060653194764,0.005550896784219596,0.005588313830232566,0.0
model.dec.16x16_block0.conv0,0.26400122732100206,0.26398891491735954,0.9999998490856187,0.9999532114168875,1.0000464889295235,0.0005493638024903275,0.0005516169906787256,0.0,1179892,1179904,0.9999898296810588,1.0,0.9999532114168878,0.0005493638024903256,0.9997548418730081,1.0,1.0,1179892,0.9999999992156464,4.347207916560097e-08,0.9999999992666067,0.0005513524834160596,5.161340633370421e-05,0.0,0.264002585607679,0.2639907373132151,0.9999549709301769,1.0000447318584527,0.0005469906278691547,0.0005493608740811278,0.0
model.dec.16x16_block0.conv1,0.18669171924718778,0.18668222445737834,0.9999998416014674,0.9999489834897966,1.0000507022998175,0.0005628186366252355,0.0005646680768965895,0.0,590074,590080,0.9999898318872017,1.0,0.9999489834897968,0.0005628186366252337,0.9997548418730081,1.0,1.0,590074,0.9999999991819175,4.3498360667084655e-08,0.9999999991488497,0.0005651259454769179,5.841383478134401e-05,0.0,0.18669368336680453,0.18668451222052734,0.9999507191891847,1.0000489696489403,0.0005599502940591694,0.0005619030559605325,0.0
model.dec.16x16_block0.norm0,0.0077790655626901175,0.007779055781545091,0.999999999676053,0.9999987423084497,1.0000012570452375,2.5453728073955605e-05,9.811660248229361e-05,0.0,1024,1024,1.0,1.0,0.9999987423084497,2.5453728073955676e-05,1.0,1.0,1.0,1024,0.9999999994791348,4.322991821418546e-08,1.0000000001667844,2.548329131129991e-05,1.0188886562751761e-05,0.0,0.007779349757897869,0.007779339831352867,0.9999987236685316,1.0000012756945083,2.5270270471158505e-05,9.750254324641637e-05,0.0
model.dec.16x16_block0.norm1,0.005500963332215244,0.0055009606981772895,0.9999999999414126,0.9999995211092888,1.0000004787737657,1.0824722327355197e-05,9.614708665827371e-05,0.0,512,512,1.0,1.0,0.9999995211092888,1.0824722327354348e-05,1.0,1.0,1.0,512,1.0000000006192047,4.222845148904772e-08,1.0000000007710774,1.0837215430563354e-05,1.0718200902564853e-05,0.0,0.005500849357447,0.0055008458622599465,0.9999993646076956,1.0000006353889648,1.9347811294488107e-06,9.483100110509301e-05,0.0
model.dec.16x16_block0.skip,0.08809694186570158,0.08809653236910914,0.9999999967018546,0.9999953484520695,1.0000046449732458,8.121717422257615e-05,0.00012224820608610276,0.0,131326,131328,0.9999847709551657,1.0,0.9999953484520695,8.121717422257746e-05,0.999984676208281,1.0,1.0,131326,0.9999999991248518,4.3550339976711516e-08,0.9999999992764756,8.135017810350434e-05,1.020212188562416e-05,0.0,0.0880971342844145,0.08809675156894797,0.9999956525294124,1.0000043410366994,8.032873058259478e-05,0.00012146165163976244,0.0
model.dec.16x16_block1.affine,0.08723708962827628,0.08717906274913581,0.999986702557836,0.9993215484613541,1.0006522993846612,0.005153575423420668,0.005186882369864026,0.0,131069,131328,0.9980278386939572,1.0,0.9993215484613541,0.005153575423420668,0.9986219230273493,1.0,1.0,131069,1.0000000000131808,4.3396000821898985e-08,1.0000000000747942,0.005198041631573755,3.2150214286267464e-05,0.0,0.08723720451278973,0.08717915532212764,0.9993212937095599,1.0006525547277019,0.005153549714782718,0.0051869463237862136,0.0
model.dec.16x16_block1.conv0,0.263994198307582,0.26398095801604654,0.9999998182013925,0.9999496644888746,1.0000499744294322,0.000602959958141293,0.0006047451260305402,0.0,1179893,1179904,0.9999906772076372,1.0,0.9999496644888746,0.0006029599581412932,0.9997548418730081,1.0,1.0,1179893,0.9999999991428313,4.347486394261367e-08,0.9999999991845985,0.0006050571457732603,5.1672576887268616e-05,0.0,0.26399568913170934,0.2639828693766476,0.9999512589074381,1.0000483821905493,0.0006010200731831891,0.0006028889345666644,0.0
model.dec.16x16_block1.conv1,0.18667955981218706,0.1866681587532958,0.9999997921434439,0.999938719273265,1.000060868743747,0.0006447187703430417,0.000645715223622771,0.0,590075,590080,0.9999915265726681,0.9999999999999998,0.9999387192732653,0.0006447187703430424,0.9997547817557626,1.0,1.0,590075,0.9999999991952221,4.350327676149438e-08,0.9999999992281653,0.0006476244251446599,6.213943870785911e-05,0.0,0.18668199432641744,0.18667075251800805,0.9999395750683698,1.0000600167278966,0.0006417013648107616,0.0006427171793825818,0.0
model.dec.16x16_block1.norm0,0.0077792236519434125,0.007779222487880335,0.9999999999922142,0.9999998503547788,1.000000149629672,3.94608342121538e-06,9.594614930161287e-05,0.0,1024,1024,1.0,1.0,0.9999998503547788,3.94608342121607e-06,1.0,1.0,1.0,1024,1.0000000004615914,4.267991875702997e-08,1.0000000002125278,3.947058327813855e-06,4.458676139790666e-06,0.0,0.0077793759042192,0.007779371072023779,0.9999993788406984,1.0000006211503598,3.054105913636206e-06,9.487467196043509e-05,0.0
model.dec.16x16_block1.norm1,0.005501203697582651,0.005501203697582651,1.0,1.0,1.0,0.0,9.601461148058624e-05,0.0,512,512,1.0,1.0,1.0,0.0,1.0,1.0,1.0,512,0.9999999966765518,4.145972773052238e-08,0.9999999973320466,4.15927196913053e-08,2.7390334354876697e-06,0.0,0.005500849493383573,0.0055008460613249184,0.9999993760821462,1.0000006239111328,2.666554032890155e-06,9.486022717301568e-05,0.0
model.dec.16x16_block1.skip,0.08809716140913919,0.08809678131174577,0.9999999872046775,0.999995672679868,1.0000043017481024,0.00015997007289131056,0.00018439582905113074,0.0,131327,131328,0.9999923854775828,1.0,0.999995672679868,0.00015997007289131004,0.999984676208281,1.0,1.0,131327,0.999999998915443,4.35957218347144e-08,0.9999999989987891,0.00016002863615770238,9.396290493560353e-06,0.0,0.08809728818371038,0.0880969373260858,0.9999960046416243,1.0000039698883647,0.00015964231590105508,0.00018399406098378894,0.0
model.dec.16x16_block2.affine,0.08725863709197802,0.08720145908071386,0.9999872018945355,0.9993319397749395,1.0006428936696126,0.005055938434990461,0.005088686669255733,0.0,131070,131328,0.9980354532163743,0.9999999999999999,0.9993319397749397,0.005055938434990461,0.9985799839476446,1.0,1.0,131070,1.0000000003308802,4.370383697948375e-08,1.0000000005138823,0.005099884180594125,3.116576503471268e-05,0.0,0.08725873086980628,0.087201560017838,0.999332023943687,1.0006428122318267,0.005055658408126406,0.005088459905248552,0.0
model.dec.16x16_block2.conv0,0.2639881598698814,0.26397385530886625,0.9999998084441516,0.9999456220810888,1.000053997743536,0.0006189266048782367,0.0006203844661482937,0.0,1179894,1179904,0.9999915247342157,1.0,0.9999456220810888,0.0006189266048782375,0.9997548418730081,1.0,1.0,1179894,0.9999999990818252,4.350885972473661e-08,0.9999999990278622,0.0006213106339192395,5.246110515255576e-05,0.0,0.2639898103412234,0.2639758856600953,0.9999470627421974,1.0000525595848475,0.0006167780644856501,0.000618299625688044,0.0
model.dec.16x16_block2.conv1,0.1866741478727364,0.18666194364429087,0.9999997615210505,0.9999343843615771,1.0000651429549776,0.0006905761940806458,0.0006913109117232798,0.0,590075,590080,0.9999915265726681,1.0,0.9999343843615771,0.0006905761940806459,0.9997547216090262,1.0,1.0,590075,0.9999999990629636,4.348808710196059e-08,0.9999999991274364,0.0006936862958986439,6.353165555901809e-05,0.0,0.18667662411411745,0.18666454544647523,0.9999350598026701,1.0000644713520288,0.0006877287774666002,0.0006884703566144114,0.0
model.dec.16x16_block2.norm0,0.00777921997944407,0.0077792143338251485,0.9999999999121745,0.9999992741814538,1.0000007256434218,1.325333144512672e-05,9.620616042547059e-05,0.0,1024,1024,1.0,1.0,0.9999992741814538,1.3253331445126314e-05,1.0,1.0,1.0,1024,0.9999999987492247,4.2991708848866474e-08,0.9999999981457671,1.327453191311949e-05,1.303900533990002e-05,0.0,0.007779367532939185,0.007779361049758945,0.9999991666063889,1.0000008333698922,4.9409560212499055e-06,9.474218969022746e-05,0.0
model.dec.16x16_block2.norm1,0.005501451691228858,0.005501451032757762,0.9999999999963389,0.999999880305913,1.0000001196867792,2.7059411512176397e-06,9.593308345641271e-05,0.0,512,512,1.0,1.0,0.999999880305913,2.705941151213906e-06,1.0,1.0,1.0,512,0.9999999980756458,4.127774566603517e-08,0.9999999984174581,2.710934593659229e-06,3.4522917692923717e-06,0.0,0.00550084857032662,0.005500844931745643,0.99999933853969,1.000000661456376,2.0908608941243186e-06,9.480825037337793e-05,0.0
model.dec.16x16_block2.skip,0.088096454993252,0.08809607522170337,0.9999999907497141,0.9999956798890202,1.0000043016289917,0.00013601622032486288,0.0001640480732450695,0.0,131324,131328,0.9999695419103314,1.0,0.9999956798890202,0.00013601622032486277,0.999992337810606,1.0,1.0,131324,0.9999999989533859,4.333109227502381e-08,0.9999999989690712,0.00013608491221558315,9.322561978650488e-06,0.0,0.08809655926150119,0.0880962083030106,0.9999960069798824,1.0000039745824625,0.0001358432132624937,0.0001637699889379201,0.0
model.dec.16x16_block3.affine,0.08727964737636548,0.08722223252927304,0.9999877400168562,0.9993299217864524,1.000645991262238,0.004948491389480645,0.0049821574118789815,0.0,131069,131328,0.9980278386939572,1.0000000000000002,0.9993299217864524,0.004948491389480644,0.9980201939045958,1.0,1.0,131069,1.000000000333317,4.364271262025678e-08,1.0000000005850356,0.004993653242698373,3.054858636370053e-05,0.0,0.08727972997826476,0.08722229729105554,0.9993297192206265,1.0006461965194842,0.004948245875897879,0.004981999526739115,0.0
model.dec.16x16_block3.conv0,0.2639877317415735,0.2639733169401235,0.9999998192080608,0.9999452151598015,1.0000544262380857,0.0006012855886213139,0.0006027547177894985,0.0,1179893,1179904,0.9999906772076372,1.0,0.9999452151598015,0.0006012855886213149,0.9997548418730081,1.0,1.0,1179893,0.9999999990995329,4.3523342836894084e-08,0.9999999991471057,0.0006037760173451032,5.2515278380845e-05,0.0,0.26398931949095694,0.26397528051716584,0.9999466405124905,1.0000530034866901,0.0005989915643135826,0.0006005250152390627,0.0
model.dec.16x16_block3.conv1,0.18667385081943194,0.186661719259236,0.9999997636611829,0.9999347756766555,1.0000647558694242,0.0006874708311361453,0.000688225660932438,0.0,590072,590080,0.999986442516269,1.0,0.9999347756766552,0.0006874708311361478,0.9997547216090262,1.0,1.0,590072,0.9999999991301854,4.347166359648926e-08,0.9999999992267191,0.000690557839249732,6.414707667492826e-05,0.0,0.18667614465045296,0.18666408753692168,0.9999351772332231,1.0000643581751993,0.0006846187998408167,0.0006853683861430549,0.0
model.dec.16x16_block3.norm0,0.007779088848135014,0.007779078612728189,0.9999999998027234,0.9999986840436387,1.0000013155635392,1.9863339096524642e-05,9.675969904938385e-05,0.0,1024,1024,1.0,1.0,0.9999986840436387,1.9863339096524375e-05,1.0,1.0,1.0,1024,0.9999999977718032,4.481531157227132e-08,0.9999999974004239,1.9907653649371664e-05,1.5119394957220582e-05,0.0,0.007779338772751126,0.007779326643745504,0.9999984407385908,1.0000015590023483,1.6170684045104457e-05,9.526996489660664e-05,0.0
model.dec.16x16_block3.norm1,0.005501530409214843,0.005501527775448395,0.9999999999414246,0.9999995212080083,1.0000004786750702,1.0823608739283776e-05,9.614705936839659e-05,0.0,512,512,1.0,1.0,0.9999995212080083,1.0823608739284782e-05,1.0,1.0,1.0,512,0.999999998277808,4.469471326764456e-08,1.0000000009205814,1.0834720542418894e-05,1.1196119697865549e-05,0.0,0.005500844724571741,0.0055008403447816,0.9999992037897882,1.0000007961968105,3.746359933773554e-06,9.472455241655598e-05,0.0
model.dec.16x16_block3.skip,0.08809730815971477,0.08809701106127145,0.9999999957591238,0.9999966233695665,1.000003368160054,9.209612169742812e-05,0.00013063330321292933,0.0,131325,131328,0.9999771564327485,1.0000000000000002,0.9999966233695663,9.209612169742844e-05,0.9999923381041405,1.0,1.0,131325,0.9999999991897637,4.346529938762226e-08,0.9999999992043604,9.215815828527e-05,8.502099185212587e-06,0.0,0.08809735604014085,0.08809708520015169,0.9999969214641171,1.0000030701254734,9.175951883120733e-05,0.00013020461656862043,0.0
model.dec.16x16_block4.affine,0.08734522652638613,0.08729455201687598,0.9999892459702907,0.9994090887416681,1.0005697399803313,0.004634975163071494,0.004661769961553016,0.0,131071,131328,0.9980430677387915,1.0,0.9994090887416682,0.004634975163071493,0.9989756071853405,1.0,1.0,131071,0.9999999997852984,4.3386735064939794e-08,1.0000000000305143,0.004672490917762229,2.941875708859268e-05,0.0,0.08734530920085945,0.08729462647932365,0.9994089961396398,1.0005698344234482,0.004634788046990848,0.00466165140985229,0.0
model.dec.16x16_block4.conv0,0.2639904117939985,0.2639763034512173,0.9999998239535008,0.9999463813295755,1.0000532694336937,0.0005933425104667361,0.0005949116927795858,0.0,1179894,1179904,0.9999915247342157,0.9999999999999998,0.9999463813295757,0.0005933425104667377,0.9997548418730081,1.0,1.0,1179894,0.9999999991334252,4.34873999870337e-08,0.9999999991459043,0.0005957600736928446,5.02053766006344e-05,0.0,0.2639916341344908,0.2639778506984592,0.9999476135683874,1.000052039555325,0.0005912410242218997,0.0005928629174038263,0.0
model.dec.16x16_block4.conv1,0.18667970446336019,0.18666834769117865,0.9999998009969236,0.9999389654071411,1.0000606402879013,0.0006308388768400566,0.0006318681060661524,0.0,590070,590080,0.9999830531453362,1.0000000000000002,0.9999389654071409,0.0006308388768400575,0.9997547817557626,1.0,1.0,590070,0.9999999990697577,4.346806478350541e-08,0.9999999990122378,0.0006337843668648427,6.170007432928506e-05,0.0,0.18668158306010169,0.18667035990118572,0.9999396835767402,1.0000599256906468,0.0006279328798027577,0.0006289743293788865,0.0
model.dec.16x16_block4.norm0,0.0077791820068031665,0.007779174453619581,0.9999999998425806,0.9999990288942755,1.0000009707918285,1.7743680223120455e-05,9.668582580470444e-05,0.0,1024,1024,1.0,1.0,0.9999990288942755,1.7743680223121332e-05,1.0,1.0,1.0,1024,0.9999999999579327,4.435263649250814e-08,0.9999999994892825,1.7772532788640085e-05,6.474344496189467e-06,0.0,0.007779352634263483,0.007779343246688623,0.9999987930956986,1.0000012065562944,1.8693908466340538e-05,9.607626349172079e-05,0.0
model.dec.16x16_block4.norm1,0.0055014635210605236,0.005501463397598804,0.9999999999999286,0.9999999775583149,1.0000000224415428,3.7786992483140373e-07,9.599291151684207e-05,0.0,512,512,1.0,1.0,0.9999999775583149,3.778699248287373e-07,1.0,1.0,1.0,512,1.0000000009340495,4.144406394788792e-08,1.0000000004041376,3.8154360209540837e-07,2.5392214607519947e-06,0.0,0.005500848887495144,0.005500845377586317,0.9999993619302331,1.0000006380641602,2.452302714198797e-06,9.484029663682199e-05,0.0
model.dec.16x16_block4.norm2,0.005500903014922901,0.005500903004633211,0.9999999999999991,0.9999999981294534,1.0000000018705448,4.2284541457535084e-08,9.601275006728063e-05,0.0,512,512,1.0,1.0,0.9999999981294534,4.228454146019353e-08,1.0,1.0,1.0,512,0.9999999958649808,4.145268147401307e-08,0.9999999947256681,5.803339794286609e-08,1.980078045669658e-07,0.0,0.005500865426568098,0.005500865151318077,0.9999999499623942,1.000000050037567,2.036813808271772e-07,9.539688623150292e-05,0.0
model.dec.16x16_block4.proj,0.06235092393656426,0.06234982101183487,0.9999999561981503,0.9999822672111803,1.000017645498026,0.0002959739820503454,0.00030617837599800356,0.0,65792,65792,1.0,1.0,0.9999822672111803,0.0002959739820503462,0.9999387029545176,1.0,1.0,65792,0.9999999986253553,4.3585377638196816e-08,0.9999999985525327,0.00029650476391512783,3.9725309800503336e-05,0.0,0.0623508803745753,0.06234981172539994,0.9999828174517588,1.0000170963033417,0.0002941694940674547,0.0003044293573375281,0.0
model.dec.16x16_block4.qkv,0.10798868568499033,0.10798592316129148,0.9999998946221961,0.9999743130217698,1.0000254768770573,0.00045906950906697064,0.0004644684212772163,0.0,197374,197376,0.9999898670557718,1.0,0.9999743130217698,0.00045906950906697146,0.999938691680461,1.0,1.0,197374,0.9999999990960962,4.347563542762949e-08,0.9999999989144193,0.0004597875626497067,3.091635173712183e-05,0.0,0.10798873491677254,0.10798598729715017,0.9999744513428359,1.000025339137591,0.00045842803069533737,0.00046376909744612777,0.0
model.dec.16x16_block4.skip,0.08809800416378062,0.08809769928572778,0.9999999966234712,0.9999965359542459,1.0000034573046728,8.217670391757628e-05,0.00012377339438005906,0.0,131327,131328,0.9999923854775828,1.0000000000000002,0.9999965359542458,8.217670391757654e-05,0.9999923381628447,1.0,1.0,131327,0.9999999988900086,4.344529523920955e-08,0.9999999987261452,8.224964363729546e-05,7.928552243479612e-06,0.0,0.0880979779279077,0.08809769533170657,0.9999967889045676,1.000003204412848,8.180972641458157e-05,0.0001232942061888868,0.0
model.dec.16x16_up.affine,0.08713987820287115,0.08707553027283338,0.9999841494744248,0.9992457170664811,1.0007231275763973,0.0056261886441714565,0.005665111647609776,0.0,131067,131328,0.9980126096491229,1.0000000000000002,0.999245717066481,0.005626188644171453,0.9981747873163186,1.0,1.0,131067,0.9999999999954815,4.365625900360324e-08,1.000000000271231,0.005676525509903843,3.814449004584444e-05,0.0,0.0871399883159678,0.08707564226654448,0.9992457404708412,1.0007231059201884,0.005626030688287644,0.005665014826732661,0.0
model.dec.16x16_up.conv0,0.18669914391572798,0.18669060640076998,0.9999998637709787,0.9999541350460589,1.000045594587111,0.0005219512488368139,0.0005244043957420003,0.0,590079,590080,0.9999983053145336,1.0000000000000002,0.9999541350460587,0.0005219512488368145,0.9997548418730081,1.0,1.0,590079,0.9999999993037186,4.349724995222929e-08,0.9999999993151103,0.0005239623069293031,5.035733371580355e-05,0.0,0.18669990817859525,0.1866916346557624,0.9999555504060907,1.0000441814624532,0.0005196839098173895,0.0005222290653500576,0.0
model.dec.16x16_up.conv1,0.18668447268089863,0.18667386707054662,0.9999998064462459,0.9999429961066018,1.0000566200134884,0.0006221442672130585,0.0006234254000465559,0.0,590073,590080,0.9999881372017354,1.0,0.9999429961066018,0.0006221442672130587,0.9997548418730081,1.0,1.0,590073,0.9999999991129856,4.350140134659847e-08,0.9999999991660591,0.0006247502155614057,5.496990325089365e-05,0.0,0.1866860692169737,0.18667569980508808,0.999944263237317,1.0000553555961147,0.0006198461300154604,0.0006211755218439258,0.0
model.dec.16x16_up.norm0,0.005500614061396431,0.005500613274278149,0.999999999996269,0.9999998568998304,1.000000143092728,2.7316629667623285e-06,9.591041373128978e-05,0.0,512,512,1.0,1.0,0.9999998568998304,2.731662966762291e-06,1.0,1.0,1.0,512,1.000000000698636,4.3219016729735576e-08,0.9999999988230965,2.733810550385566e-06,2.3477291267801813e-06,0.0,0.005500854010307802,0.005500851475266936,0.9999995391534384,1.000000460843578,1.7877562734022385e-06,9.500264625098999e-05,0.0
model.dec.16x16_up.norm1,0.005501354150951577,0.005501343616832263,0.9999999990627333,0.9999980842397617,1.0000019138893717,4.3295798581922884e-05,0.00010358303598465285,0.0,512,512,1.0,1.0,0.9999980842397617,4.3295798581922756e-05,1.0,1.0,1.0,512,0.9999999996235179,4.3129742924916615e-08,1.0000000004190663,4.333539927013493e-05,4.206325589506503e-05,0.0,0.005500846047489338,0.005500841994138613,0.999999263137711,1.000000736857275,2.357354334598414e-06,9.473911719090176e-05,0.0
model.dec.16x16_up.skip,0.0623561456932345,0.062356065964278166,0.9999999992546438,0.9999987206484152,1.0000012778625071,3.860969316098529e-05,0.00010230220365651121,0.0,65792,65792,1.0,1.0,0.9999987206484152,3.86096931609856e-05,0.9999961690520702,1.0,1.0,65792,0.9999999990984542,4.336881273184176e-08,0.9999999991861925,3.8630963133970365e-05,2.6050532606638508e-06,0.0,0.06235621239123895,0.06235612933207499,0.999998667246168,1.000001331270041,3.854297585237146e-05,0.00010170180725886903,0.0
model.dec.32x32_aux_conv,0.02021565527789769,0.02021561071968422,0.999999999871568,0.9999977957276581,1.000002204020336,1.602695394593571e-05,9.516959914413013e-05,0.0,6915,6915,1.0,1.0,0.9999977957276581,1.6026953945934702e-05,0.9999923378693147,1.0,1.0,6915,0.9999999992186573,4.349742408614207e-08,0.999999999352381,1.617820727687803e-05,4.671679649675391e-06,0.0,0.020215637432937285,0.020215593501013863,0.999997826715286,1.00000217305077,1.5448815364260577e-05,9.454419515712929e-05,0.0
model.dec.32x32_aux_norm,0.005500956628924867,0.005500955834112549,0.9999999999989969,0.9999998555127972,1.0000001444852176,1.4164487543351298e-06,9.588057562095293e-05,0.0,512,512,1.0,1.0,0.9999998555127972,1.4164487543347014e-06,0.999999521133521,1.0,1.0,512,0.9999999973753141,4.4975475677048794e-08,0.9999999986078806,1.4254933891439293e-06,1.0090092922493869e-06,0.0,0.0055008591094917614,0.005500857609200559,0.9999997272610072,1.0000002727363144,1.6591748362929367e-06,9.518841003122341e-05,0.0
model.dec.32x32_block0.affine,0.08723164352394408,0.0871726673847676,0.9999863640838009,0.999310286772858,1.0006628987907462,0.005218695520906285,0.005252863004904871,0.0,131068,131328,0.99802022417154,1.0,0.9993102867728582,0.005218695520906286,0.9983932764800395,0.9999958696918005,1.0,131068,0.9999999998239607,4.370374422134771e-08,1.0000000001155576,0.005264075153835909,3.476861767914648e-05,0.0,0.08723173438731438,0.0871727436821346,0.9993101208198791,1.0006630656113948,0.005218633170858048,0.0052528810651044705,0.0
model.dec.32x32_block0.conv0,0.26394868020438433,0.26392796634851573,0.9999997213653747,0.9999212445566217,1.0000782043332221,0.0007464460536952075,0.0007467170342968655,0.0,1179888,1179904,0.9999864395747451,0.9999999999999998,0.9999212445566219,0.000746446053695208,0.9997546012269939,1.0,1.0,1179888,0.9999999990409986,4.3504622791925146e-08,0.9999999990312283,0.0007505890208004958,5.3592366543556464e-05,0.0,0.2639503096486991,0.2639295991760946,0.9999212592763811,1.0000781924465878,0.0007445447995969703,0.000744803077203108,0.0
model.dec.32x32_block0.conv1,0.1866215046659551,0.186600774983425,0.9999995526250995,0.9998884739297837,1.000110643660268,0.0009458069762592101,0.0009460251382249629,0.0,590069,590080,0.9999813584598698,1.0,0.9998884739297837,0.0009458069762592101,0.9995699717410002,1.0,1.0,590069,0.9999999990540746,4.3434285749555613e-08,0.9999999990272528,0.0009523594116194361,8.061278017935227e-05,0.0,0.1866229528960793,0.18660195395953244,0.9998870353864083,1.0001120892550421,0.0009422424521944067,0.0009424954009151032,0.0
model.dec.32x32_block0.norm0,0.007779362311620646,0.007779346580147366,0.999999999401611,0.9999979771955946,1.0000020216117167,3.4594410949791735e-05,0.00010015700865527544,0.0,1024,1024,1.0,1.0,0.9999979771955946,3.4594410949792704e-05,1.0,1.0,1.0,1024,1.0000000002858138,4.339020421232332e-08,1.0000000021800206,3.4654859596089666e-05,1.1692023217278024e-05,0.0,0.0077793045527433475,0.007779285803884104,0.9999975893233662,1.0000024095182045,3.412084420071354e-05,9.909649421400262e-05,0.0
model.dec.32x32_block0.norm1,0.00550125856060022,0.005501252965500799,0.9999999997648171,0.9999989827067461,1.0000010168239226,2.1687894095368354e-05,9.744191598565552e-05,0.0,512,512,1.0,1.0,0.9999989827067461,2.1687894095366992e-05,1.0,1.0,1.0,512,0.9999999996252981,4.292785709690978e-08,1.0000000000325053,2.171197125599749e-05,1.9229862524812073e-05,0.0,0.005500827337782184,0.005500819567293641,0.9999985873825389,1.0000014125917498,5.263735836320919e-06,9.418119567943306e-05,0.0
model.dec.32x32_block0.skip,0.08809564290169784,0.08809503320282955,0.9999999815291382,0.9999930606549956,1.0000069024511797,0.0001922009670621302,0.0002118551162297759,0.0,131326,131328,0.9999847709551657,1.0000000000000002,0.9999930606549957,0.00019220096706213044,0.9999770113180944,1.0,1.0,131326,0.9999999989628288,4.3530407332735414e-08,0.9999999990160592,0.00019232624814490544,1.0650664427015847e-05,0.0,0.08809582155268039,0.08809522143399587,0.9999931694754363,1.0000067937474382,0.00019189327486485646,0.00021138299724270045,0.0
model.dec.32x32_block1.affine,0.08727154136222225,0.08721648362677711,0.9999873410544665,0.9993564705826853,1.0006186097800878,0.005028498391442104,0.005058704581607431,0.0,131071,131328,0.9980430677387915,1.0,0.9993564705826853,0.005028498391442103,0.9989523956247112,0.9999961689640112,1.0,131071,0.9999999999971445,4.365033499361284e-08,0.9999999999226098,0.005069509448835556,2.809744745456895e-05,0.0,0.0872715822389985,0.0872165118082469,0.9993563252686752,1.0006187549925234,0.005028525957366025,0.005058806361959324,0.0
model.dec.32x32_block1.conv0,0.26395143057731923,0.26393096294798457,0.999999725829203,0.9999221826854578,1.0000772749863556,0.0007404434356797404,0.0007407379006824702,0.0,1179890,1179904,0.9999881346279019,1.0,0.9999221826854581,0.0007404434356797405,0.9997546313335787,1.0,1.0,1179890,0.9999999990710629,4.3488374122167415e-08,0.9999999990719833,0.000744521171499054,5.1436544951275105e-05,0.0,0.2639527660683162,0.26393237341112796,0.9999224684083325,1.000076991808435,0.0007386935797759676,0.0007389810962777877,0.0
model.dec.32x32_block1.conv1,0.18660588114698226,0.1865822888238055,0.9999994953814296,0.9998730668298395,1.0001259399192277,0.0010044808157888816,0.0010050533237687478,0.0,590070,590080,0.9999830531453362,1.0,0.9998730668298392,0.0010044808157888842,0.9995093228655545,1.0,1.0,590070,0.999999999062499,4.3531981777308497e-08,0.9999999989989746,0.001012468923095237,8.614487673703618e-05,0.0,0.1866069345885211,0.1865831057646477,0.9998718039431856,1.0001272106739054,0.0010007172477973917,0.001001348844182607,0.0
model.dec.32x32_block1.norm0,0.007779353238451025,0.007779347858008143,0.9999999999358516,0.9999993083047203,1.0000006915674613,1.1326804405620787e-05,9.599357701224266e-05,0.0,1024,1024,1.0,1.0,0.9999993083047203,1.1326804405618832e-05,1.0,1.0,1.0,1024,0.999999998829205,4.349771413272693e-08,0.9999999991608336,1.1348629719444121e-05,5.04148129514211e-06,0.0,0.0077793619774703185,0.007779354417667892,0.999999028187704,1.000000971741975,8.441869452348767e-06,9.485129281325692e-05,0.0
model.dec.32x32_block1.norm1,0.005501193387374772,0.0055011569811303776,0.9999999914520701,0.9999933735709087,1.0000066093770281,0.00013075027148460715,0.00015839523326091344,0.0,512,512,1.0,1.0,0.9999933735709087,0.0001307502714846085,1.0,1.0,1.0,512,1.000000001403277,4.265679038292721e-08,1.0000000029289424,0.00013091620776290003,2.0510618053838653e-05,0.0,0.005500686277059959,0.005500651456433958,0.9999936629953535,1.000006323501415,0.00011637496448210134,0.0001465815464900359,0.0
model.dec.32x32_block1.skip,0.08809553833424934,0.08809494120854551,0.9999999782255771,0.9999932000651603,1.0000067564319375,0.0002086821875830886,0.00022697083598299507,0.0,131326,131328,0.9999847709551657,1.0000000000000002,0.9999932000651602,0.00020868218758308873,0.9999827593018954,1.0,1.0,131326,0.9999999989908498,4.344677544712765e-08,0.9999999989036419,0.0002087929732909799,1.0784993191888414e-05,0.0,0.08809569445852733,0.08809510684570787,0.9999933081139221,1.0000066484881605,0.0002084270344060398,0.00022655557247289927,0.0
model.dec.32x32_block2.affine,0.0873300265382423,0.08727784356495735,0.9999891801028892,0.9993916489817039,1.0005870684848555,0.004649066985637161,0.004677662126628262,0.0,131070,131328,0.9980354532163743,0.9999999999999999,0.999391648981704,0.004649066985637163,0.9986732080594897,0.9999923379867294,1.0,131070,1.0000000000615465,4.3656364360310075e-08,1.0000000002992326,0.004688700765294553,2.4764396728956912e-05,0.0,0.08733006246024821,0.08727787000166258,0.9993915403614122,1.000587176728736,0.004649120840060915,0.004677787155144139,0.0
model.dec.32x32_block2.conv0,0.2639580967790123,0.2639388520822192,0.9999997388922073,0.9999268307601855,1.0000726523402137,0.000722592120562005,0.0007230222912150136,0.0,1179887,1179904,0.9999855920481666,1.0,0.9999268307601855,0.0007225921205620048,0.9997547216090262,1.0,1.0,1179887,0.9999999990087556,4.350311319811378e-08,0.9999999990615238,0.000726286999321706,4.908502891759404e-05,0.0,0.2639591942412616,0.2639400073802086,0.9999270512979915,1.0000724340228082,0.0007210323018496649,0.0007214517830976979,0.0
model.dec.32x32_block2.conv1,0.18658471634656337,0.18655747087960978,0.9999993889481363,0.9998533670721826,1.0001454321496055,0.0011053264095368495,0.0011065914934410192,0.0,590073,590080,0.9999881372017354,1.0,0.999853367072183,0.0011053264095368476,0.9995087202161631,1.0,1.0,590073,0.9999999991504616,4.349742541243998e-08,0.9999999991835925,0.0011150099186522664,9.05755006753032e-05,0.0,0.18658545979894098,0.18655800233980466,0.9998522356155077,1.0001465721954712,0.0011015851960279174,0.001102932553374659,0.0
model.dec.32x32_block2.norm0,0.0077793803100808835,0.007779364642565218,0.9999999997006794,0.9999979857207689,1.0000020136846461,2.4467095289637652e-05,9.713279475662072e-05,0.0,1024,1024,1.0,1.0,0.9999979857207689,2.4467095289635935e-05,1.0,1.0,1.0,1024,0.9999999992458228,4.162198764912196e-08,1.000000000462005,2.4549092142283222e-05,1.9795247273367878e-05,0.0,0.007779334382300048,0.007779321406079078,0.999998331873781,1.0000016679514334,1.3325441411064557e-05,9.472061239697142e-05,0.0
model.dec.32x32_block2.norm1,0.0055012392792350455,0.005501230700456376,0.999999999704063,0.999998440277499,1.0000015591330587,2.4328425781788257e-05,9.753811421699165e-05,0.0,512,512,1.0,1.0,0.999998440277499,2.43284257817863e-05,1.0,1.0,1.0,512,0.9999999984221752,4.348928396939333e-08,0.9999999973938993,2.437626754995184e-05,2.2700049287839932e-05,0.0,0.005500805378465935,0.005500793238002886,0.9999977929322209,1.000002207004565,8.251347868678986e-06,9.360389708020335e-05,0.0
model.dec.32x32_block2.skip,0.08809559141636185,0.08809497761314979,0.9999999705914545,0.999993003123683,1.000006938107772,0.00024252066031627863,0.0002583633163486141,0.0,131326,131328,0.9999847709551657,1.0,0.999993003123683,0.00024252066031627874,0.9999846752689491,1.0,1.0,131326,0.9999999992636295,4.332789722065732e-08,0.9999999992281653,0.00024262150681277823,1.224488472398774e-05,0.0,0.08809565890928604,0.08809505545438259,0.9999931206487865,1.0000068206871324,0.00024230187427596897,0.00025800284327484715,0.0
model.dec.32x32_block3.affine,0.0874232230849143,0.08737856459805055,0.9999910979446711,0.9994802715562633,1.0005021854123686,0.004217326920803067,0.004238966575147527,0.0,131072,131328,0.9980506822612085,0.9999999999999998,0.9994802715562635,0.004217326920803068,0.9993542832544124,0.999996169000703,1.0,131072,0.999999999834784,4.357673110739969e-08,0.9999999999072529,0.004249230923747493,2.017197187025505e-05,0.0,0.08742325214650434,0.08737858574542429,0.9994801807342336,1.0005022753962018,0.004217436753724831,0.004239139357197847,0.0
model.dec.32x32_block3.conv0,0.2639574203681964,0.263937938912268,0.9999997401846582,0.9999259349063688,1.00007355091057,0.0007208008852905587,0.0007212039654383117,0.0,1179894,1179904,0.9999915247342157,1.0,0.999925934906369,0.0007208008852905589,0.9997547216090262,1.0,1.0,1179894,0.9999999990810664,4.348325814570663e-08,0.9999999991288199,0.0007245959314027097,4.6894624516832734e-05,0.0,0.2639582394028349,0.26393875713769777,0.9999259331451552,1.0000735548232513,0.0007193074322081428,0.0007196935122851119,0.0
model.dec.32x32_block3.conv1,0.18654470134548354,0.1865106174639714,0.9999992399230403,0.9998165284583893,1.0001819847772968,0.0012327197139456417,0.0012359375026972398,0.0,590076,590080,0.9999932212581345,1.0000000000000002,0.9998165284583891,0.0012327197139456413,0.9995073891625615,1.0,1.0,590076,0.9999999990119531,4.3499368395470593e-08,0.9999999990903268,0.0012462981415035609,0.00010604994950515244,0.0,0.18654527420386238,0.1865110914824482,0.9998160048032373,1.000182519883061,0.0012281463884323957,0.0012314525743078286,0.0
model.dec.32x32_block3.norm0,0.007779426988845318,0.007779422857179877,0.9999999999408928,0.9999994688393802,1.0000005310426874,1.0872645688406964e-05,9.610055553992196e-05,0.0,1024,1024,1.0,1.0,0.9999994688393802,1.0872645688407046e-05,1.0,1.0,1.0,1024,0.9999999984908378,4.2280152516923185e-08,0.9999999992622313,1.0884607127570546e-05,8.096519551458942e-06,0.0,0.007779368355863844,0.007779362014184872,0.9999991847583691,1.0000008151430653,9.961436901557455e-06,9.515434546792458e-05,0.0
model.dec.32x32_block3.norm1,0.005501576988261302,0.00550154465751036,0.9999999960226605,0.9999941193893095,1.0000058726905465,8.918848307881918e-05,0.0001268075290158401,0.0,512,512,1.0,1.0,0.9999941193893095,8.918848307881881e-05,1.0,1.0,1.0,512,1.0000000024402391,4.4156200147453434e-08,1.000000002155168,8.938350803765419e-05,6.927162454638794e-05,0.0,0.005500768446514966,0.005500749127407327,0.9999964876765727,1.0000035118375594,2.23203786384428e-05,9.460530858619588e-05,0.0
model.dec.32x32_block3.skip,0.08809523256281522,0.08809434727630784,0.9999999860150584,0.9999899368163759,1.000010035314728,0.00016724030910861463,0.00018804832898052415,0.0,131328,131328,1.0,1.0,0.9999899368163759,0.00016724030910861387,0.9999693486590038,1.0,1.0,131328,0.9999999988026154,4.3458631431092055e-08,0.999999998866617,0.0001675427663808451,1.7781539507162142e-05,0.0,0.08809523010742183,0.08809436072744109,0.9999901174596465,1.0000098548337912,0.00016674352877871915,0.0001874293947969483,0.0
model.dec.32x32_block4.affine,0.08741133097528794,0.0873638990637081,0.9999902430176406,0.9994476194440339,1.000533161194323,0.004415053531737523,0.004439004316476502,0.0,131072,131328,0.9980506822612085,0.9999999999999999,0.9994476194440342,0.004415053531737522,0.9991380371875385,0.9999990422636482,1.0,131072,0.9999999999009161,4.3505146278308495e-08,1.0000000000675082,0.004449474381481742,2.1181711368035522e-05,0.0,0.08741136771600516,0.08736392743976289,0.9994475257611845,1.0005332585452338,0.004414649873121981,0.004438668312776789,0.0
model.dec.32x32_block4.conv0,0.22859639034061713,0.2285786363279421,0.9999997265257077,0.9999220612231483,1.0000773978606363,0.000739502234889789,0.0007397939169479368,0.0,884981,884992,0.9999875705091119,0.9999999999999999,0.9999220612231483,0.0007395022348897899,0.9997546313335787,1.0,1.0,884981,0.999999999106244,4.345837629405811e-08,0.9999999991288199,0.0007435978568662997,4.574329140437113e-05,0.0,0.22859706907911023,0.22857934072460667,0.9999221747640985,1.0000772864393357,0.0007380561636556299,0.000738336742353348,0.0
model.dec.32x32_block4.conv1,0.1861839918625626,0.18609303517529838,0.9999971798551883,0.999508650042054,1.0004859484470248,0.0023737674927827614,0.002406695149438792,0.0,590072,590080,0.999986442516269,1.0000000000000002,0.9995086500420539,0.002373767492782759,0.9980810894459919,0.9999386766419329,1.0,590072,0.9999999991124698,4.3528496569282986e-08,0.9999999991676838,0.0024240864403946146,0.00010744760525255543,0.0,0.18618411018801817,0.18609311239957818,0.9995084359533741,1.0004861754690626,0.0023710892699843806,0.0024041804650304843,0.0
model.dec.32x32_block4.norm0,0.00673716595587546,0.006737162729272892,0.9999999999560867,0.9999995210302907,1.0000004788821122,9.371576600139023e-06,9.5994236158636e-05,0.0,768,768,1.0,1.0,0.9999995210302907,9.371576600138758e-06,1.0,1.0,1.0,768,0.9999999982763426,4.3966361506031e-08,0.9999999964358679,9.384606461740607e-06,9.28694617445668e-06,0.0,0.006737145844492447,0.006737143351493716,0.9999996299600294,1.0000003700357973,2.076050316710556e-06,9.509930331401248e-05,0.0
model.dec.32x32_block4.norm1,0.00550177434685263,0.005501761556654734,0.9999999997955719,0.9999976750550267,1.0000023245415213,2.0220151537095307e-05,9.58469865244915e-05,0.0,512,512,1.0,1.0,0.9999976750550267,2.022015153709626e-05,1.0,1.0,1.0,512,0.9999999972205523,4.612189949221962e-08,0.9999999976303047,2.0356726125577875e-05,1.2184841070278052e-05,0.0,0.005500766362863763,0.00550074658162462,0.9999964037838276,1.0000035959724805,1.6019425896222762e-05,9.323690988804555e-05,0.0
model.dec.32x32_block4.skip,0.07622973087759552,0.07621490135382192,0.9999988179134783,0.9998042808729679,1.0001933928060571,0.0015372871873283495,0.0015406655930421133,0.0,98558,98560,0.9999797077922078,1.0,0.9998042808729679,0.0015372871873283473,0.9992621741269061,1.0,1.0,98558,0.999999999255584,4.3569041701435787e-08,0.999999999174873,0.0015496960207398956,6.894672292406096e-05,0.0,0.07622957568835742,0.07621479229713846,0.9998048877532155,1.0001927898871974,0.0015359231724755753,0.0015393009042174233,0.0
model.dec.32x32_up.affine,0.08731133905967542,0.0872576341684354,0.999988130681023,0.9993730415714306,1.000603598362577,0.004869219970970419,0.004898552999252293,0.0,131071,131328,0.9980430677387915,1.0000000000000002,0.9993730415714306,0.004869219970970417,0.9990145355999015,1.0,1.0,131071,1.0000000000448837,4.347008450060025e-08,1.0000000003384713,0.0049094175950960385,2.7342164128238137e-05,0.0,0.08731139921547176,0.08725769071409024,0.9993730009334638,1.00060363962257,0.004869161145427641,0.004898557731455738,0.0
model.dec.32x32_up.conv0,0.18668856893187505,0.18667863252268604,0.9999998263297286,0.9999466018204821,1.000053053671975,0.0005893246467334247,0.0005909195869051285,0.0,590068,590080,0.9999796637744035,1.0,0.9999466018204823,0.0005893246467334249,0.9997548418730081,1.0,1.0,590068,0.9999999991022521,4.3446969870851605e-08,0.9999999991077151,0.0005917388427618458,5.218664444329194e-05,0.0,0.18668963997198712,0.18667990996513428,0.9999477089187313,1.000051948862058,0.0005872816345926169,0.0005889206552607199,0.0
model.dec.32x32_up.conv1,0.18663833648364117,0.18662017281209678,0.9999996235504349,0.999902303433631,1.0000969531393695,0.0008676130767501975,0.0008676980286772444,0.0,590075,590080,0.9999915265726681,1.0000000000000002,0.9999023034336308,0.0008676130767501981,0.9997543902738548,1.0,1.0,590075,0.9999999990893196,4.344844415417042e-08,0.9999999990989533,0.0008730960905551341,6.833649242003327e-05,0.0,0.18664018362868776,0.1866218106136887,0.9999011852451097,1.0000980765274392,0.0008647378879535334,0.0008648270195227709,0.0
model.dec.32x32_up.norm0,0.005500975382358931,0.005500969407587513,0.9999999998813366,0.9999989137518773,1.0000010860119757,1.5405396703624515e-05,9.617040184967757e-05,0.0,512,512,1.0,1.0,0.9999989137518773,1.540539670362429e-05,1.0,1.0,1.0,512,1.0000000001604556,4.288300945000829e-08,1.0000000032927212,1.5441264753690247e-05,1.0659657932404178e-05,0.0,0.0055008462973463864,0.005500842261702103,0.9999992663092436,1.00000073359102,1.0013716664892165e-05,9.524093987135197e-05,0.0
model.dec.32x32_up.norm1,0.005501320111953975,0.00550131212892738,0.9999999998615963,0.9999985487505116,1.0000014509747865,1.6637509653865955e-05,9.601595160786581e-05,0.0,512,512,1.0,1.0,0.9999985487505116,1.663750965386755e-05,1.0,1.0,1.0,512,1.0000000012371253,4.321064647298415e-08,1.0000000022213071,1.6699156416680126e-05,1.5643530259666074e-05,0.0,0.005500830060082411,0.005500822812724712,0.9999986824790175,1.000001317485878,6.0696139691507715e-06,9.432458857995595e-05,0.0
model.dec.32x32_up.skip,0.06235465472179793,0.0623545613156464,0.9999999983326818,0.9999985003506661,1.0000014963169415,5.7746225499819995e-05,0.0001107624385226026,0.0,65789,65792,0.9999544017509727,1.0,0.9999985003506661,5.774622549981958e-05,0.9999961690080412,1.0,1.0,65789,0.9999999988599944,4.3521306683182114e-08,0.9999999987144838,5.776586672281209e-05,3.735108009880171e-06,0.0,0.06235470512511492,0.06235460642493138,0.999998415455932,1.0000015812238174,5.764325742695397e-05,0.00011015197438960386,0.0
model.dec.8x8_block0.affine,0.08681007058402966,0.08673389765745657,0.9999786553041323,0.9991012075590414,1.0008568736563845,0.006527943993860878,0.006577752437512118,0.0,131062,131328,0.9979745370370371,1.0,0.9991012075590413,0.006527943993860878,0.9962915585952961,0.999969347249682,1.0,131062,1.0000000001870217,4.355580042172642e-08,1.0000000003393121,0.0065895280757293055,4.2861642202328305e-05,0.0,0.08681008616904404,0.08673392975569671,0.999101399684341,1.0008566846984555,0.0065276774868816495,0.006577530032572605,0.0
model.dec.8x8_block0.conv0,0.2638078237690986,0.2637633501857739,0.9999992877337002,0.999830704592335,1.000167899300153,0.0011933364271711055,0.0011956996942357413,0.0,1179892,1179904,0.9999898296810588,1.0,0.999830704592335,0.0011933364271711048,0.9995084485407066,0.999973179832575,1.0,1179892,0.99999999918823,4.356811058948311e-08,0.9999999992281653,0.0012052851700942728,5.275205914983746e-05,0.0,0.2638085598204557,0.26376400279649886,0.9998303901963422,1.0001682166547976,0.0011921408700309058,0.001194560057264602,0.0
model.dec.8x8_block0.conv1,0.1866154765410862,0.18659286834532057,0.9999995435397125,0.9998783950376432,1.0001207067205264,0.0009553529098450255,0.0009557875911785043,0.0,590074,590080,0.9999898318872017,1.0,0.9998783950376432,0.0009553529098450267,0.9996469296503443,0.999984675034098,1.0,590074,0.9999999992218579,4.3484814844486636e-08,0.9999999992286308,0.0009630610365128977,3.9147198292108085e-05,0.0,0.18661572636412974,0.18659318213097215,0.999878738609356,1.0001203643846364,0.0009546629354952289,0.0009551032932520299,0.0
model.dec.8x8_block0.norm0,0.0077781105552627156,0.007777933119067097,0.9999998753747,0.9999770631284296,1.000022688141381,0.0004992386331612456,0.0005046058962710029,0.0,1024,1024,1.0,1.0,0.9999770631284296,0.0004992386331612477,1.0,1.0,1.0,1024,0.9999999973863375,4.458504915024534e-08,0.9999999972484004,0.0004997654155448861,2.1316554519245914e-05,0.0,0.00777839040488957,0.007778211340078391,0.9999768574104247,1.0000228995454181,0.0004935209188769417,0.000498835604903225,0.0
model.dec.8x8_block0.norm1,0.005501089489062549,0.005501077637790099,0.9999999997528479,0.9999978454027922,1.0000021541075448,2.2232904890118186e-05,9.645755766148036e-05,0.0,512,512,1.0,1.0,0.9999978454027922,2.2232904890118613e-05,1.0,1.0,1.0,512,1.0000000015705206,4.3311370461520687e-08,0.9999999985600398,2.2338304849753346e-05,1.9366394845352165e-05,0.0,0.005500775082066954,0.005500757014601737,0.9999967153009646,1.000003284373365,1.8342749890398968e-05,9.396967271212352e-05,0.0
model.dec.8x8_block0.skip,0.0880961698730025,0.08809566552738675,0.9999999880436157,0.9999942630999495,1.0000057130200568,0.00015463665333453989,0.00017907275727879478,0.0,131325,131328,0.9999771564327485,0.9999999999999998,0.9999942630999499,0.00015463665333453978,0.9999846752689491,1.0,1.0,131325,0.9999999989781971,4.353785105441464e-08,0.999999999073563,0.0001547430337283338,6.349068794832496e-06,0.0,0.0880961146354417,0.08809561432765164,0.9999943089547363,1.0000056672128572,0.0001544810273331687,0.00017867547572255848,0.0
model.dec.8x8_block1.affine,0.0873614500423118,0.08731097924791216,0.9999894060319319,0.9994116882892753,1.000567457728848,0.004600364067421748,0.0046270752947094864,0.0,131068,131328,0.99802022417154,0.9999999999999999,0.9994116882892755,0.004600364067421746,0.9989834267759227,1.0,1.0,131068,0.9999999997036927,4.372604694095838e-08,0.9999999998804954,0.0046378292880685365,3.204064240638883e-05,0.0,0.08736158396122551,0.08731111848691134,0.9994117505448624,1.0005673963490103,0.004600261522984583,0.004627024521513786,0.0
model.dec.8x8_block1.conv0,0.26373216340970135,0.26367946834227196,0.9999986128926368,0.9997988079327321,1.0001984577825973,0.0016652640355920218,0.0016687430035661117,0.0,1179895,1179904,0.9999923722607941,0.9999999999999998,0.9997988079327323,0.0016652640355920222,0.9994467496542185,1.0,1.0,1179895,0.9999999994553304,4.35164574309252e-08,0.9999999994921894,0.0016773735504589037,3.948481304671361e-05,0.0,0.26373219523271474,0.26367970085466685,0.999799569640414,1.0001976972228988,0.001664829576394945,0.0016682962022522812,0.0
model.dec.8x8_block1.conv1,0.18669336745275547,0.18668412684270175,0.9999998283483063,0.9999503321685884,1.0000493269780177,0.0005858919477276389,0.0005877779149753995,0.0,590075,590080,0.9999915265726681,1.0,0.9999503321685882,0.0005858919477276401,0.9997548418730081,1.0,1.0,590075,0.9999999993221479,4.343733775551467e-08,0.9999999994026298,0.0005879933215825078,4.294138214789393e-05,0.0,0.18669354664182125,0.18668450773741035,0.9999514134366855,1.0000482472250236,0.0005845078038320047,0.0005864384309753606,0.0
model.dec.8x8_block1.norm0,0.0077789848347980155,0.0077789708014904275,0.9999999995918724,0.9999981955894377,1.0000018035975615,2.857013076262373e-05,9.844764312520834e-05,0.0,1024,1024,1.0,1.0,0.9999981955894377,2.8570130762620644e-05,0.9999995211327242,1.0,1.0,1024,0.9999999988722752,4.501411287220767e-08,0.9999999980545737,2.8627194031858613e-05,9.584902575733875e-06,0.0,0.007779333600818897,0.00777932050213074,0.9999983158932401,1.0000016834565435,2.555483242174592e-05,9.718317737280231e-05,0.0
model.dec.8x8_block1.norm1,0.005500895144668092,0.005500889794208644,0.9999999998830088,0.9999990272305029,1.0000009725364607,1.5296473301358257e-05,9.626505597987639e-05,0.0,512,512,1.0,1.0,0.9999990272305029,1.5296473301353565e-05,1.0,1.0,1.0,512,0.9999999990967993,4.324366866895042e-08,0.9999999982788731,1.532760193339808e-05,1.5020449700573619e-05,0.0,0.005500854752417891,0.00550085233955156,0.9999995613638613,1.0000004386336565,1.6354096467076724e-06,9.502211023726181e-05,0.0
model.dec.8x8_block1.skip,0.08809786786414611,0.08809761676419202,0.9999999970698963,0.999997146831185,1.0000028473167313,7.655177279552281e-05,0.00012058317732608462,0.0,131326,131328,0.9999847709551657,1.0,0.999997146831185,7.655177279552281e-05,0.9999923379867294,1.0,1.0,131326,0.9999999992968429,4.348264582880369e-08,0.9999999993013534,7.660481477134939e-05,4.827150121379332e-06,0.0,0.08809781958126851,0.08809757128113653,0.9999971786157176,1.0000028155425418,7.648301375655302e-05,0.00012012564003620637,0.0
model.dec.8x8_block2.affine,0.08741109395740687,0.08736399901098517,0.9999906599975195,0.9994518896375726,1.0005297207901562,0.0043196984371666565,0.004343709951327082,0.0,131071,131328,0.9980430677387915,1.0,0.9994518896375726,0.004319698437166659,0.9991998769041391,1.0,1.0,131071,0.9999999998915576,4.358264262454278e-08,1.0000000000348614,0.004354333523259947,2.9090456091209146e-05,0.0,0.08741126508350688,0.08736416818345887,0.9994518697644142,1.0005297435312108,0.004319369393024716,0.004343441418404972,0.0
model.dec.8x8_block2.conv0,0.26401202549596314,0.2640017359468684,0.9999998725370395,0.9999608987525542,1.0000388478405402,0.0005048821982449552,0.0005081276311552472,0.0,1179892,1179904,0.9999898296810588,1.0,0.9999608987525543,0.0005048821982449554,0.9998466445834867,1.0,1.0,1179892,0.9999999995604728,4.3502932721617736e-08,0.9999999995712883,0.0005063939217369833,4.2171486497384566e-05,0.0,0.2640120109596537,0.26400201741553014,0.9999620208349845,1.0000377274815913,0.0005030875871160451,0.00050640649622918,0.0
model.dec.8x8_block2.conv1,0.18670963748765415,0.18670299744301205,0.9999998977089584,0.9999643342316133,1.0000354624511096,0.00045229141228626254,0.0004563423890119395,0.0,590077,590080,0.9999949159436009,1.0,0.9999643342316133,0.0004522914122862627,0.9997890704757707,1.0,1.0,590077,0.9999999994190065,4.348992973083156e-08,0.9999999994540697,0.00045369530399799746,4.7408821632359335e-05,0.0,0.18671021600612075,0.18670388044728622,0.9999659662023602,1.0000338325015194,0.0004499264716505559,0.0004541405310999002,0.0
model.dec.8x8_block2.norm0,0.007778852177619092,0.007778847212481901,0.9999999999516533,0.9999993616650426,1.0000006382386712,9.83327886601022e-06,9.58818771948411e-05,0.0,1024,1024,1.0,1.0,0.9999993616650426,9.833278866008196e-06,1.0,1.0,1.0,1024,0.9999999985676056,4.5610043209679975e-08,0.999999996712948,9.855101502066415e-06,8.832541540478648e-06,0.0,0.007779383535644032,0.00777938020677929,0.9999995720875339,1.0000004279048207,2.7979664889112234e-06,9.505995186834513e-05,0.0
model.dec.8x8_block2.norm1,0.005500950838627322,0.005500950838627322,1.0,1.0,1.0,0.0,9.601461148059816e-05,0.0,512,512,1.0,1.0,1.0,0.0,1.0,1.0,1.0,512,0.9999999959136159,4.32109910427688e-08,0.9999999940113683,4.340378189377999e-08,4.116432193975384e-06,0.0,0.005500852552694928,0.005500849714521331,0.9999994840400569,1.0000005159434942,4.088403740135397e-06,9.501871608973184e-05,0.0
model.dec.8x8_block2.skip,0.0880985372083106,0.08809834174924112,0.9999999984371697,0.9999977797956876,1.0000022170835743,5.5907484311899604e-05,0.00010919522825563778,0.0,131327,131328,0.9999923854775828,1.0,0.9999977797956876,5.5907484311899604e-05,0.9999923381628447,1.0,1.0,131327,0.9999999990826123,4.3507819192094804e-08,0.9999999992267191,5.59513324327937e-05,5.398276615148907e-06,0.0,0.08809847797821237,0.08809829066406209,0.9999978722583783,1.0000021246439683,5.5697043549047444e-05,0.00010867909199760586,0.0
model.dec.8x8_block3.affine,0.08730327549154006,0.087249202839404,0.9999881400547738,0.9993687817256283,1.0006078822309503,0.004867276085811238,0.004897084213717208,0.0,131069,131328,0.9980278386939572,1.0,0.9993687817256283,0.0048672760858112386,0.9988902589395807,1.0,1.0,131069,0.9999999998050655,4.373141116928387e-08,1.000000000055606,0.004908035501153646,3.2839730830827796e-05,0.0,0.08730342271604129,0.08724932944992257,0.9993685459193651,1.0006081168584513,0.004867425786900912,0.004897318157564144,0.0
model.dec.8x8_block3.conv0,0.2640185699011559,0.2640092907836325,0.999999882655505,0.9999647369593593,1.0000350295869143,0.0004844300570510737,0.0004882703024980356,0.0,1179894,1179904,0.9999915247342157,1.0000000000000002,0.9999647369593592,0.0004844300570510751,0.9998389702068023,1.0,1.0,1179894,0.999999999504137,4.351084337454124e-08,0.999999999581239,0.0004857116479300584,4.631722238490015e-05,0.0,0.26401901551027773,0.2640101461549932,0.9999662900736702,1.0000334784405214,0.00048228491124870456,0.0004862655371682211,0.0
model.dec.8x8_block3.conv1,0.18670335893980963,0.1866959489019834,0.9999998715343161,0.9999601827096675,1.0000395619342306,0.0005068638444352873,0.0005100176495033922,0.0,590071,590080,0.9999847478308026,1.0,0.9999601827096675,0.0005068638444352869,0.9997548418730081,1.0,1.0,590071,0.9999999994530583,4.3463342240495524e-08,0.999999999481495,0.0005084252838093056,5.138669043200266e-05,0.0,0.18670444224079227,0.18669735159535727,0.9999618948832424,1.0000378521459294,0.0005043747268106728,0.0005076712231684097,0.0
model.dec.8x8_block3.norm0,0.007778830024480917,0.007778827231150199,0.9999999999633691,0.9999996408694297,1.0000003590574373,8.559312546852137e-06,9.603770265787415e-05,0.0,1024,1024,1.0,1.0,0.9999996408694297,8.559312546852019e-06,1.0,1.0,1.0,1024,1.0000000010519656,4.360821561667952e-08,1.0000000016523445,8.567078507058708e-06,7.76881982960129e-06,0.0,0.007779380480994712,0.007779376568516972,0.9999994970583862,1.0000005029170747,4.979168294224668e-06,9.507421892777161e-05,0.0
model.dec.8x8_block3.norm1,0.005501149068510579,0.005501149068510579,1.0,1.0,1.0,0.0,9.601461148059907e-05,0.0,512,512,1.0,1.0,1.0,0.0,1.0,1.0,1.0,512,0.9999999993972973,4.4096637273067985e-08,0.9999999992295818,4.410075588105999e-08,2.4007517455166165e-06,0.0,0.005500853445180505,0.005500850807957347,0.999999520576496,1.00000047941818,2.356601821695048e-06,9.499648235862607e-05,0.0
model.dec.8x8_block3.skip,0.08809857109455521,0.08809838136084233,0.9999999990845239,0.9999978454319692,1.0000021527417167,4.278953548890083e-05,0.00010315505262399415,0.0,131327,131328,0.9999923854775828,1.0,0.9999978454319693,4.278953548890107e-05,0.9999923381628447,1.0,1.0,131327,0.9999999993293718,4.3543454610083905e-08,0.999999999242779,4.2843624679590746e-05,5.6553221773453304e-06,0.0,0.0880985276611305,0.08809834896276345,0.9999979707098213,1.000002027498348,4.237850268903695e-05,0.00010258196083593835,0.0
model.dec.8x8_block4.affine,0.08729326029619586,0.08723678969831061,0.9999878519961279,0.9993409531211337,1.0006351696252553,0.004925894439260651,0.004958444546892082,0.0,131071,131328,0.9980430677387915,1.0000000000000002,0.9993409531211335,0.004925894439260651,0.9987043635182702,1.0,1.0,131071,0.9999999998281957,4.3678049331226075e-08,0.9999999998572288,0.00496978662849227,3.434537596600061e-05,0.0,0.08729339663903705,0.08723690502671143,0.9993407150990984,1.000635411356208,0.004925548742987496,0.004958189829030888,0.0
model.dec.8x8_block4.conv0,0.2640145060133922,0.2640044273595638,0.9999998739333672,0.9999616993167144,1.0000380500073773,0.0005021095495944781,0.0005054630435724767,0.0,1179898,1179904,0.9999949148405294,0.9999999999999998,0.9999616993167146,0.0005021095495944778,0.9997548418730081,1.0,1.0,1179898,0.9999999993837845,4.352119941441675e-08,0.999999999416222,0.0005035680861960435,4.80547282692251e-05,0.0,0.26401521254409915,0.2640055770720558,0.999963379129925,1.0000363722471037,0.0004999367063052435,0.0005034327087284955,0.0
model.dec.8x8_block4.conv1,0.18670235378315883,0.18669461655222977,0.9999998777884593,0.9999584362649504,1.0000413210294397,0.0004943711239977431,0.0004974074852072776,0.0,590073,590080,0.9999881372017354,1.0000000000000002,0.9999584362649504,0.0004943711239977416,0.9997548418730081,1.0,1.0,590073,0.9999999992209393,4.3524628774388855e-08,0.999999999267633,0.0004961151341854837,5.3568638233916874e-05,0.0,0.18670372216891126,0.1866963128251638,0.999960194281348,1.000039565916718,0.0004912817174975144,0.0004944687037726127,0.0
model.dec.8x8_block4.norm0,0.007778715861119006,0.007778715861119006,1.0,1.0,1.0,0.0,9.601461148058536e-05,0.0,1024,1024,1.0,1.0,1.0,0.0,1.0,1.0,1.0,1024,1.0000000008951773,4.4096697726104377e-08,1.0000000016596515,4.410578298202928e-08,1.4872920799208302e-06,0.0,0.007779382521423125,0.007779379013134456,0.9999995490263535,1.0000004509718359,1.419179963590555e-06,9.500629673177947e-05,0.0
model.dec.8x8_block4.norm1,0.005501141812090184,0.005501141812090184,1.0,1.0,1.0,0.0,9.601461148059487e-05,0.0,512,512,1.0,1.0,1.0,0.0,1.0,1.0,1.0,512,1.000000000174999,4.3128114174043285e-08,1.000000000191559,4.312846921452248e-08,2.440591229707783e-06,0.0,0.005500853041317853,0.005500850310848608,0.9999995036251718,1.000000496369352,2.392172360957349e-06,9.498042402651036e-05,0.0
model.dec.8x8_block4.skip,0.0880988175660284,0.0880986138837119,0.9999999986094416,0.9999976866338459,1.0000023105903826,5.2736171236807995e-05,0.00010752450690925576,0.0,131328,131328,1.0,1.0,0.9999976866338459,5.273617123680755e-05,0.9999923381628447,1.0,1.0,131328,0.9999999990427396,4.343677387995398e-08,0.9999999990719833,5.278692358745852e-05,5.476025323663378e-06,0.0,0.08809877952199094,0.0880985850865777,0.9999977916074491,1.0000022056442515,5.247054556745271e-05,0.00010699078690540735,0.0
model.dec.8x8_in0.affine,0.08709919314505125,0.08703488794233269,0.9999841584338118,0.9992458716403125,1.0007229907060615,0.005624599171863401,0.005663514828255702,0.0,131071,131328,0.9980430677387915,0.9999999999999998,0.9992458716403125,0.005624599171863401,0.9979564032697548,0.999992337847299,1.0,131071,0.9999999998431439,4.351067920140477e-08,1.0000000000192757,0.005674929582272877,4.903319240831298e-05,0.0,0.08709927415581184,0.08703497094750756,0.9992458964240395,1.0007229682877206,0.005624386248314682,0.005663363251133056,0.0
model.dec.8x8_in0.conv0,0.18660696491732082,0.18658310458634259,0.9999994977989689,0.9998716337666369,1.0001273781826105,0.0010020703432830594,0.0010026890008289463,0.0,590077,590080,0.9999949159436009,0.9999999999999998,0.9998716337666369,0.0010020703432830592,0.9996315401621223,1.0,1.0,590077,0.9999999990433236,4.350751035946495e-08,0.9999999991296612,0.0010102585054003897,5.017308771035124e-05,0.0,0.186607538233319,0.1865836451543949,0.9998714599819152,1.0001275546392154,0.0010007588264179601,0.001001401717673904,0.0
model.dec.8x8_in0.conv1,0.18666039439970444,0.18664572130843732,0.9999997223678531,0.9999211139022459,1.0000783370132384,0.0007451019548309386,0.0007453701529936327,0.0,590070,590080,0.9999830531453362,1.0000000000000002,0.9999211139022459,0.0007451019548309376,0.9997546313335787,1.0,1.0,590070,0.9999999990316382,4.349732833572717e-08,0.999999999073563,0.0007492661138260637,4.645825749468653e-05,0.0,0.1866610360737777,0.18664645466927396,0.9999216064780239,1.0000778465841615,0.0007436088236087414,0.0007438751232579766,0.0
model.dec.8x8_in0.norm0,0.0055009306433926155,0.00550092579721159,0.9999999999744575,0.9999991189997026,1.0000008809499885,7.147371007686551e-06,9.54016907861589e-05,0.0,512,512,1.0,1.0,0.9999991189997026,7.147371007684802e-06,1.0,1.0,1.0,512,0.9999999999164023,4.476159189077852e-08,1.0000000009949033,7.201799588630295e-06,7.031155609764526e-06,0.0,0.005500838693976524,0.0055008331558776625,0.9999989932205615,1.0000010067686613,3.433739368740539e-06,9.450225058184959e-05,0.0
model.dec.8x8_in0.norm1,0.005500645838172029,0.005500635312384345,0.9999999996495776,0.9999980860946988,1.0000019132081182,2.6473420356152134e-05,9.775420652333927e-05,0.0,512,512,1.0,1.0,0.9999980860946988,2.6473420356150274e-05,1.0,1.0,1.0,512,0.9999999975075637,4.357371006960206e-08,0.9999999971381865,2.6540698206558826e-05,1.651829944389708e-05,0.0,0.005500810747722821,0.005500799709093394,0.9999979931308175,1.0000020065902904,1.682017377880187e-05,9.494177438146509e-05,0.0
model.dec.8x8_in0.norm2,0.005500859480846881,0.0055008563500746665,0.9999999999806639,0.9999994308382918,1.00000056912336,6.2186805334028276e-06,9.56478063761361e-05,0.0,512,512,1.0,1.0,0.9999994308382918,6.218680533400486e-06,0.9999993056430956,1.0,1.0,512,0.9999999966052251,4.3804478020272714e-08,0.9999999984778327,6.242320442270437e-06,7.266043742857111e-07,0.0,0.005500848781011475,0.005500845183302395,0.9999993459535884,1.0000006540099995,6.069568513953943e-06,9.498675773183255e-05,0.0
model.dec.8x8_in0.proj,0.06233270923508983,0.06232845631441844,0.999999765639325,0.9999315362983119,1.0000679996358999,0.0006845855213405646,0.0006852050982841541,0.0,65792,65792,1.0,1.0,0.9999315362983119,0.0006845855213405644,0.9998159452743949,1.0,1.0,65792,0.9999999991442695,4.335696991181527e-08,0.9999999991997951,0.0006880003117347447,2.6541523187977014e-05,0.0,0.06233269690885606,0.062328444413932656,0.9999315435663634,1.0000679932695677,0.0006839260312140323,0.0006845233627622093,0.0
model.dec.8x8_in0.qkv,0.10784218456229143,0.1078160653505355,0.9999986142953319,0.9997564161641607,1.0002408711007298,0.001664351260316461,0.001671041787572293,0.0,197373,197376,0.9999848005836576,1.0,0.9997564161641607,0.0016643512603164601,0.9992617201919527,0.9999693486590038,1.0,197373,0.9999999990182784,4.349877752490841e-08,0.9999999989875344,0.001682081253791299,3.6692206787235176e-05,0.0,0.10784225684873512,0.10781612754418254,0.9997563233848699,1.0002409652191135,0.0016639625645183552,0.0016707121181324942,0.0
model.dec.8x8_in1.affine,0.08700815973819596,0.08693892780326037,0.9999817792675606,0.9991860990269104,1.0007780931309624,0.006031845813675617,0.006074999911177099,0.0,131066,131328,0.9980049951267057,1.0,0.9991860990269106,0.006031845813675617,0.9975173783515392,0.9999846755037928,1.0,131066,1.000000000311098,4.3611433059167324e-08,1.00000000048205,0.006086509538724901,4.082806962969444e-05,0.0,0.08700825787432505,0.08693902046574603,0.9991860384385883,1.0007781566654743,0.0060316097853201555,0.006074836371114546,0.0
model.dec.8x8_in1.conv0,0.18659379915258364,0.18656768151642625,0.9999994371257903,0.999859466657452,1.0001394271886146,0.0010608642614651608,0.0010619002903536142,0.0,590077,590080,0.9999949159436009,0.9999999999999998,0.9998594666574522,0.0010608642614651617,0.9995699651364592,1.0,1.0,590077,0.9999999991790097,4.350585549684756e-08,0.999999999178925,0.0010701318732637606,5.111624454585852e-05,0.0,0.18659439910618372,0.18656822964451514,0.9998591907601809,1.000139705957443,0.00105954674445538,0.001060618968756535,0.0
model.dec.8x8_in1.conv1,0.18665365393565922,0.18663780969940116,0.9999996887624263,0.9999148030342732,1.00008458169678,0.0007889039083188199,0.0007890536990297604,0.0,590072,590080,0.999986442516269,1.0,0.9999148030342732,0.0007889039083188191,0.9997545409916544,1.0,1.0,590072,0.9999999990330991,4.3471916449575734e-08,0.9999999991555681,0.0007934907084095864,4.42425020615125e-05,0.0,0.186654028454416,0.18663827815745537,0.9999153073482017,1.0000840790246732,0.0007878091425439363,0.0007879576152539486,0.0
model.dec.8x8_in1.norm0,0.005500735797665004,0.0055007311483012775,0.9999999999232901,0.9999991546975062,1.0000008451497884,1.2386265029614631e-05,9.597203211731258e-05,0.0,512,512,1.0,1.0,0.9999991546975062,1.2386265029614253e-05,1.0,1.0,1.0,512,0.9999999991063877,4.171308302053294e-08,0.9999999995900064,1.2415598559284232e-05,1.1216733240883484e-05,0.0,0.005500814630387408,0.005500804378070182,0.9999981361742564,1.0000018637409782,9.393540445244593e-06,9.405306262253719e-05,0.0
model.dec.8x8_in1.norm1,0.005500709416984851,0.005500705465987261,0.9999999999268737,0.9999992816563217,1.0000007181979416,1.2093488679569764e-05,9.606063744393817e-05,0.0,512,512,1.0,1.0,0.9999992816563217,1.2093488679568202e-05,1.0,1.0,1.0,512,0.9999999973245043,4.17475331151717e-08,0.9999999976220966,1.2118430363702291e-05,2.5304173445632186e-05,0.0,0.005500797921822125,0.0055007843859598065,0.9999975390355418,1.0000024604593645,2.2608543397671957e-05,9.569508459259306e-05,0.0
model.enc.16x16_block0.affine,0.08760180436487967,0.08757167854305789,0.9999951056789786,0.9996512123699909,1.0003391172918372,0.0031276007949022724,0.003138100756932505,0.0,131072,131328,0.9980506822612085,0.9999999999999999,0.9996512123699911,0.0031276007949022746,0.9995086598697949,1.0,1.0,131072,0.9999999998524428,4.3648215369908275e-08,1.0000000000352165,0.0031469889790737018,2.8150697415374552e-05,0.0,0.08760193191555496,0.08757179586989418,0.9996510966814263,1.0003392340968664,0.003127434842221511,0.0031379886894551566,0.0
model.enc.16x16_block0.conv0,0.1867302095497866,0.18672723371467723,0.999999959554933,0.9999840230067107,1.0000158963571328,0.00028440737341597726,0.00029548073091476885,0.0,590074,590080,0.9999898318872017,0.9999999999999998,0.999984023006711,0.0002844073734159761,0.9999387029545176,1.0,1.0,590074,0.999999999354595,4.350186237792927e-08,0.9999999993368848,0.00028485562924715984,3.292104901379522e-05,0.0,0.1867295065445914,0.18672667332764953,0.9999847872638251,1.0000151331730018,0.0002824729520176861,0.00029367236618161414,0.0
model.enc.16x16_block0.conv1,0.18673474285982827,0.18673258786309077,0.9999999688165185,0.9999884284002184,1.0000115093660014,0.0002497309011158267,0.00026364357404723687,0.0,590073,590080,0.9999881372017354,0.9999999999999998,0.9999884284002184,0.00024973090111582674,0.9999693458402306,1.0,1.0,590073,0.9999999993266206,4.3510380124374075e-08,0.9999999993598314,0.0002499987974095124,2.656438263216992e-05,0.0,0.18673373407346744,0.18673169257760064,0.9999890364942142,1.0000109019270838,0.00024838855947787114,0.000262385002895568,0.0
model.enc.16x16_block0.norm0,0.005500605906647469,0.005500605906647469,1.0,1.0,1.0,0.0,9.601461148056767e-05,0.0,512,512,1.0,1.0,1.0,0.0,1.0,1.0,1.0,512,0.99999999827556,4.149981442234195e-08,0.9999999975504077,4.153562677008346e-08,1.12208443736945e-05,0.0,0.005500850137881672,0.005500846842594169,0.9999994008866091,1.0000005989881415,1.1207496235762452e-05,9.550752797880542e-05,0.0
model.enc.16x16_block0.norm1,0.005500793902694674,0.005500793902694674,1.0,1.0,1.0,0.0,9.601461148055379e-05,0.0,512,512,1.0,1.0,1.0,0.0,1.0,1.0,1.0,512,1.0000000012054528,4.089683360664634e-08,1.0000000011146861,4.091459538317323e-08,2.0590701795880106e-07,0.0,0.0055008649403773015,0.005500864564159116,0.9999999316074275,1.0000000683925339,2.0840871992927014e-07,9.537853976910361e-05,0.0
model.enc.16x16_block0.norm2,0.00550089763334034,0.005500897575460774,0.9999999999999953,0.999999989478155,1.0000000105218356,9.705951920210325e-08,9.600413769805672e-05,0.0,512,512,1.0,1.0,0.999999989478155,9.705951919871038e-08,1.0,1.0,1.0,512,1.0000000010832362,4.471824676407833e-08,1.0000000011467443,1.0419784189508416e-07,1.3430912559049406e-07,0.0,0.0055008664323901516,0.005500866340425664,0.99999998328181,1.0000000167181746,1.2590094184376055e-07,9.543007441263754e-05,0.0
model.enc.16x16_block0.proj,0.062355073404131184,0.062354758068456986,0.9999999953897643,0.9999949382924741,1.0000050525126287,9.602280029645063e-05,0.0001322667425168465,0.0,65791,65792,0.9999848005836576,1.0,0.9999949382924741,9.602280029645053e-05,0.9999923381041405,1.0,1.0,65791,0.9999999992379036,4.338225481008198e-08,0.9999999991592502,9.615613532353544e-05,1.6868694223853336e-05,0.0,0.06235465259517849,0.062354360605684354,0.9999953127944351,1.0000046782600207,9.469629540166785e-05,0.00013117281312545492,0.0
model.enc.16x16_block0.qkv,0.10799641399380486,0.10799495866050855,0.9999999413629905,0.9999864656080358,1.0000134172995436,0.00034244832386573195,0.0003522728307403613,0.0,197374,197376,0.9999898670557718,0.9999999999999999,0.9999864656080361,0.0003424483238657325,0.9999693439607603,1.0,1.0,197374,0.999999999146612,4.3601934221445165e-08,0.9999999992389811,0.0003427157097090834,1.7621564472674416e-05,0.0,0.10799616221079447,0.10799474023378898,0.9999867745485254,1.0000131085636386,0.00034213757521595533,0.0003519099245935445,0.0
model.enc.16x16_block1.affine,0.08760548162217965,0.08757538193085332,0.9999950510466968,0.9996514704646714,1.000338749717496,0.003145009031592694,0.003155433720569308,0.0,131072,131328,0.9980506822612085,1.0000000000000002,0.9996514704646711,0.0031450090315926936,0.9995084787417056,1.0,1.0,131072,0.9999999996582303,4.343252497352591e-08,0.9999999998802813,0.00316426203121805,2.730529068967475e-05,0.0,0.08760566452782528,0.08757558483433554,0.9996516997832307,1.000338520904397,0.0031449044433935606,0.0031553547777157993,0.0
model.enc.16x16_block1.conv0,0.18673336393607473,0.1867308541653999,0.9999999728939735,0.9999865324966394,1.000013413471954,0.00023283168882515004,0.0002470522564569957,0.0,590075,590080,0.9999915265726681,1.0,0.9999865324966394,0.00023283168882515007,0.9999387067116151,1.0,1.0,590075,0.9999999993282769,4.355692946845574e-08,0.9999999993098344,0.00023322080485407246,3.057585720752619e-05,0.0,0.18673253039757257,0.18673014578492075,0.9999872031452655,1.0000127437172204,0.00023086626561026,0.0002452349983573219,0.0
model.enc.16x16_block1.conv1,0.18673755857336286,0.18673576757633115,0.9999999776624985,0.9999903866782027,1.0000095687387818,0.0002113625938139707,0.00022835881541297424,0.0,590077,590080,0.9999949159436009,1.0,0.9999903866782027,0.00021136259381396985,0.9999693514772588,1.0,1.0,590077,0.9999999992588564,4.3492788297440863e-08,0.9999999992731747,0.00021158106579529303,2.3777933636838183e-05,0.0,0.18673645906239178,0.18673477371163338,0.9999909526456844,1.0000090033074043,0.00021006563410817805,0.00022715786215466187,0.0
model.enc.16x16_block1.norm0,0.005500605298343806,0.0055006000396118976,0.9999999997656183,0.9999990437377592,1.0000009557943914,2.1650923724435963e-05,9.749320398434208e-05,0.0,512,512,1.0,1.0,0.9999990437377592,2.165092372443574e-05,1.0,1.0,1.0,512,1.0000000007401195,4.227137928162491e-08,0.9999999988752941,2.16698634058617e-05,6.826604580324161e-06,0.0,0.005500844120278945,0.005500839704517755,0.9999991971453513,1.0000008026309333,1.497862334444522e-05,9.582195496345238e-05,0.0
model.enc.16x16_block1.norm1,0.0055008293551971725,0.005500829356483401,1.0000000000000002,1.0000000002338245,0.9999999997661756,5.285638327584442e-09,9.601484547294458e-05,0.0,512,512,1.0,1.0,1.0000000002338245,5.285638331499572e-09,1.0,1.0,1.0,512,1.0000000004655218,4.414563839227542e-08,0.9999999995661113,4.4423279376649876e-08,5.730207280409334e-07,0.0,0.0055008637956616745,0.005500863155776944,0.9999998836754319,1.0000001163242636,5.639541982137873e-07,9.53320438814386e-05,0.0
model.enc.16x16_block1.norm2,0.005500878306461047,0.005500878224143279,0.9999999999999355,0.9999999850354583,1.000000014964413,3.5922667340805846e-07,9.600031773432719e-05,0.0,512,512,1.0,1.0,0.9999999850354583,3.59226673406937e-07,1.0,1.0,1.0,512,0.9999999996927104,4.5353388832421126e-08,0.9999999993519204,3.610202031886134e-07,3.484393454892255e-07,0.0,0.005500866639471045,0.005500866593167151,0.9999999915824324,1.000000008417559,9.434334160409034e-08,9.543833940016736e-05,0.0
model.enc.16x16_block1.proj,0.06235482660936754,0.06235446843222371,0.9999999946712318,0.9999942504945353,1.000005738880924,0.0001032347523827001,0.0001371391644928638,0.0,65791,65792,0.9999848005836576,0.9999999999999998,0.9999942504945354,0.00010323475238270038,0.999984676208281,1.0,1.0,65791,0.9999999993958513,4.351304444857568e-08,0.999999999558253,0.00010339466775348821,1.7217458840626387e-05,0.0,0.06235446251398345,0.06235413411374895,0.9999947281661131,1.000005261529223,0.00010164788763385171,0.0001358884956848952,0.0
model.enc.16x16_block1.qkv,0.1079992338281066,0.10799810991127032,0.9999999526487899,0.9999895459380825,1.000010359467798,0.0003077343765351377,0.0003194355467205455,0.0,197376,197376,1.0,1.0,0.9999895459380825,0.00030773437653513764,0.9999693524165619,1.0,1.0,197376,0.99999999934617,4.3519230617182816e-08,0.9999999993134008,0.000307911838784753,1.9154379212631704e-05,0.0,0.1079986606601679,0.10799759742060594,0.999990107851723,1.0000097978134146,0.00030729452327124524,0.0003190099882664539,0.0
model.enc.16x16_block2.affine,0.0875912043513381,0.08756012069442808,0.9999947549358047,0.9996398848994301,1.0003497509502886,0.003237693147454786,0.0032487593513447393,0.0,131070,131328,0.9980354532163743,0.9999999999999999,0.9996398848994302,0.0032376931474547882,0.9996317662943415,1.0,1.0,131070,0.9999999997093859,4.348314698035048e-08,0.9999999999496387,0.003257658503608974,2.7937493673749263e-05,0.0,0.08759138006211546,0.08756029853288576,0.9996399112629171,1.000349727291527,0.0032372730666438082,0.0032483828513134635,0.0
model.enc.16x16_block2.conv0,0.18673422698097134,0.18673204604931498,0.9999999673229062,0.9999882879879478,1.0000116467942728,0.00025564166391589993,0.0002692061463334611,0.0,590073,590080,0.9999881372017354,1.0000000000000002,0.9999882879879475,0.00025564166391589944,0.9999693486590038,1.0,1.0,590073,0.9999999993092711,4.3509119653912576e-08,0.9999999992873678,0.0002559097580641663,2.9115238243946383e-05,0.0,0.18673336921954783,0.18673130605523536,0.9999889190578838,1.0000110166149772,0.00025386569109263834,0.0002675397108575033,0.0
model.enc.16x16_block2.conv1,0.18673857194215598,0.18673694831673962,0.9999999778181418,0.9999912831742691,1.000008672537612,0.00021062512762579875,0.0002280180279037414,0.0,590077,590080,0.9999949159436009,1.0,0.9999912831742691,0.00021062512762579907,0.9999693524165619,1.0,1.0,590077,0.9999999991355127,4.3504639750390014e-08,0.999999999174873,0.0002108054366426273,2.21410391962213e-05,0.0,0.18673742712450866,0.1867359154287891,0.9999918827630789,1.0000080734306764,0.0002094542151782331,0.00022694877197541844,0.0
model.enc.16x16_block2.norm0,0.005500570923180217,0.005500570923180217,1.0,1.0,1.0,0.0,9.601461148056949e-05,0.0,512,512,1.0,1.0,1.0,0.0,1.0,1.0,1.0,512,1.0000000016107478,4.324718746993699e-08,0.9999999993968791,4.3277173338727585e-08,5.925182931690551e-07,0.0,0.005500863566715731,0.005500862951269837,0.9999998881181417,1.0000001118815276,5.86049066273492e-07,9.533662022326439e-05,0.0
model.enc.16x16_block2.norm1,0.005500816089452633,0.0055008134553441715,0.9999999999414095,0.9999995210836512,1.0000004787993972,1.0825011510330243e-05,9.614709374548522e-05,0.0,512,512,1.0,1.0,0.9999995210836512,1.0825011510328774e-05,1.0,1.0,1.0,512,1.0000000014733839,4.484833809682566e-08,1.000000003125934,1.083258229379139e-05,1.0569997112053888e-05,0.0,0.005500863526850654,0.005500862852241962,0.9999998773629035,1.000000122636661,6.713650254066597e-07,9.532642695572064e-05,0.0
model.enc.16x16_block2.norm2,0.005500867170018838,0.005500867148153103,0.9999999999999962,0.9999999960250349,1.0000000039749577,8.611704297906718e-08,9.601067476263505e-05,0.0,512,512,1.0,1.0,0.9999999960250349,8.61170429752816e-08,1.0,1.0,1.0,512,0.9999999957660588,4.286598134963236e-08,0.9999999948435627,9.416887937297553e-08,1.1575610970674654e-07,0.0,0.005500866437534789,0.00550086633720977,0.9999999817619549,1.0000000182380342,1.0635862734734095e-07,9.542853062779649e-05,0.0
model.enc.16x16_block2.proj,0.062354682429869114,0.062354337675307986,0.9999999959727129,0.9999944670445505,1.0000055249314446,8.974678174564014e-05,0.000127447501141008,0.0,65791,65792,0.9999848005836576,1.0,0.9999944670445506,8.974678174564057e-05,0.999984675034098,1.0,1.0,65791,0.9999999990041865,4.359355963047236e-08,0.9999999990719833,8.991729389524453e-05,1.4291504231645511e-05,0.0,0.06235452485049725,0.06235420702822181,0.9999948990356042,1.000005093102031,8.881590079822145e-05,0.00012669663020172716,0.0
model.enc.16x16_block2.qkv,0.10799784116609581,0.10799671485973654,0.9999999657563778,0.9999895367856823,1.000010394835838,0.0002616979454575804,0.0002753503881054713,0.0,197370,197376,0.9999696011673151,1.0,0.9999895367856823,0.0002616979454575801,0.9999693524165619,1.0,1.0,197370,0.9999999991155625,4.3511926265470325e-08,0.9999999991447894,0.00026190707644434095,2.1307657915799437e-05,0.0,0.10799715500686174,0.10799609514556317,0.9999901521818246,1.000009779855593,0.00026087843316848196,0.0002745861591790725,0.0
model.enc.16x16_block3.affine,0.08755560763555498,0.08752160318716191,0.9999940389992488,0.9996056658657533,1.0003825630259375,0.0034514790118702777,0.00346468067736259,0.0,131069,131328,0.9980278386939572,1.0,0.9996056658657532,0.003451479011870277,0.9995700509796696,1.0,1.0,131069,0.9999999998196035,4.34631426694386e-08,1.0000000000615303,0.0034739325039097073,2.7188419079474737e-05,0.0,0.08755578276327487,0.08752178904983962,0.9996057891807723,1.0003824394787146,0.0034514991711999633,0.003464737103697433,0.0
model.enc.16x16_block3.conv0,0.18673346327164178,0.18673107404165593,0.999999967048598,0.9999871721811691,1.0000127620797379,0.0002567121274429281,0.00026987702659069565,0.0,590073,590080,0.9999881372017354,1.0,0.9999871721811691,0.00025671212744292875,0.9999540187603457,1.0,1.0,590073,0.9999999992551045,4.350179461296342e-08,0.9999999993145009,0.00025703232879455037,3.067001903741375e-05,0.0,0.18673269449935506,0.18673043485597693,0.9999878665407663,1.0000120685904696,0.00025497769389875875,0.0002682665477183774,0.0
model.enc.16x16_block3.conv1,0.18673841299745012,0.18673688915318548,0.9999999858341478,0.9999918255193064,1.0000081462155803,0.00016831886933924928,0.0001898747828290305,0.0,590074,590080,0.9999898318872017,1.0,0.9999918255193064,0.0001683188693392489,0.9999693524165619,1.0,1.0,590074,0.9999999992145185,4.3474870626240716e-08,0.9999999992529042,0.00016851718868985034,2.1788001080548325e-05,0.0,0.186737610505669,0.18673619911197145,0.9999924278900107,1.0000075442772012,0.00016700147447745205,0.00018872370057617668,0.0
model.enc.16x16_block3.norm0,0.0055005624758772504,0.00550056247459096,1.0,0.9999999997661528,1.0000000002338472,5.285894277268301e-09,9.601437775651844e-05,0.0,512,512,1.0,1.0,0.9999999997661528,5.2858942782604175e-09,1.0,1.0,1.0,512,1.0000000013438515,4.335689115158265e-08,1.0000000020266877,4.3833721860395555e-08,8.103990504758675e-07,0.0,0.005500862613004824,0.005500861757688054,0.9999998445119263,1.0000001554874574,8.005664862452672e-07,9.529457168459485e-05,0.0
model.enc.16x16_block3.norm1,0.005500662968476165,0.005500662968476165,1.0,1.0,1.0,0.0,9.601461148054665e-05,0.0,512,512,1.0,1.0,1.0,0.0,1.0,1.0,1.0,512,0.9999999977650071,4.578601255007139e-08,0.9999999998337985,4.5840529425701096e-08,2.0131990409746007e-06,0.0,0.005500861385549899,0.005500860263446592,0.9999997960111557,1.0000002039848688,2.00429140503435e-06,9.526379370432917e-05,0.0
model.enc.16x16_block3.norm2,0.005500866459864752,0.005500866434783465,0.9999999999999917,0.9999999954404759,1.0000000045595074,1.2851320366002737e-07,9.601013754520217e-05,0.0,512,512,1.0,1.0,0.9999999954404759,1.2851320365954835e-07,1.0,1.0,1.0,512,0.9999999980305947,4.311077363175225e-08,0.9999999977757559,1.3249572992532462e-07,5.702825931911146e-07,0.0,0.005500865157767198,0.005500864843938837,0.9999999429491168,1.0000000570505758,5.572097393540162e-07,9.539128254463219e-05,0.0
model.enc.16x16_block3.proj,0.062354062611380746,0.06235362558869045,0.999999987512967,0.9999929787846414,1.0000069962904152,0.0001580307436424769,0.00018137865479583883,0.0,65791,65792,0.9999848005836576,1.0000000000000002,0.9999929787846411,0.00015803074364247537,0.9999693524165619,1.0,1.0,65791,0.9999999992702909,4.3373466717048525e-08,0.9999999993092521,0.00015818655310795922,1.5158764285436438e-05,0.0,0.06235403777047706,0.06235363614318555,0.9999935466154085,1.0000064288150026,0.00015687816755326472,0.00018037505439680223,0.0
model.enc.16x16_block3.qkv,0.10799505337398646,0.10799338479917191,0.9999999458012777,0.9999844953276497,1.0000153965136265,0.00032923258038696033,0.0003389638895450213,0.0,197374,197376,0.9999898670557718,1.0,0.9999844953276499,0.000329232580386961,0.9999387067116151,1.0,1.0,197374,0.9999999992933715,4.3443783456317754e-08,0.9999999992018289,0.00032959760117602486,2.3131550241898678e-05,0.0,0.10799474414740019,0.10799312406524496,0.9999849445829051,1.0000149477878324,0.0003284068690957525,0.0003381333905842729,0.0
model.enc.16x16_down.affine,0.08766844856701585,0.0876443857749146,0.9999961751952497,0.9997217013057367,1.0002707244416507,0.002765030958874965,0.002771299630605125,0.0,131072,131328,0.9980506822612085,1.0,0.9997217013057367,0.002765030958874965,0.9997544957957405,1.0,1.0,131072,0.9999999996288141,4.3692344844041924e-08,0.9999999997294069,0.0027790011036257917,2.393783239862261e-05,0.0,0.0876685187965905,0.08764449140459163,0.9997221054413459,1.000270320329117,0.002764987835629009,0.002771265795165473,0.0
model.enc.16x16_down.conv0,0.18672964737917533,0.18672659838548838,0.9999999586699345,0.999983630285001,1.0000162873214888,0.00028750205125660944,0.00029835609941465083,0.0,590073,590080,0.9999881372017354,1.0,0.999983630285001,0.0002875020512566079,0.9999387029545176,1.0,1.0,590073,0.9999999992913963,4.3573016386810255e-08,0.9999999993151103,0.0002879676111419643,3.31898710226655e-05,0.0,0.1867290529389871,0.1867261387168969,0.9999843525221971,1.0000155661407153,0.00028561882263470587,0.00029658281236980574,0.0
model.enc.16x16_down.conv1,0.18673277798291324,0.18673035303447577,0.9999999671936074,0.9999869809981248,1.0000129535577336,0.00025614659912128645,0.00026928004719044404,0.0,590070,590080,0.9999830531453362,1.0,0.9999869809981246,0.0002561465991212862,0.9999387067116151,1.0,1.0,590070,0.9999999991859326,4.3509087224983426e-08,0.9999999992529042,0.00025647721572589745,2.761426992763869e-05,0.0,0.18673200703016796,0.1867297043265178,0.9999876359488876,1.0000122992919345,0.00025477371511347,0.00026800106274568736,0.0
model.enc.16x16_down.norm0,0.005500630471469215,0.005500630471469215,1.0,1.0,1.0,0.0,9.601461148056843e-05,0.0,512,512,1.0,1.0,1.0,0.0,1.0,1.0,1.0,512,1.0000000014135053,4.170916209404717e-08,1.0000000032408902,4.1733106765072446e-08,1.7812558998416537e-07,0.0,0.005500865065782996,0.005500864681204065,0.9999999300875381,1.0000000699124347,1.7976092929692907e-07,9.537696143101449e-05,0.0
model.enc.16x16_down.norm1,0.005500807756929998,0.005500805122817545,0.9999999999414093,0.9999995210822002,1.0000004788008476,1.0825027875762022e-05,9.614709414657533e-05,0.0,512,512,1.0,1.0,0.9999995210822002,1.0825027875762202e-05,1.0,1.0,1.0,512,1.0000000001828235,4.482489005769376e-08,0.9999999988524393,1.0834483848174093e-05,1.0574735894040245e-05,0.0,0.00550086314225577,0.0055008623917535285,0.9999998635663409,1.0000001364334428,4.848289392002801e-07,9.531149780397264e-05,0.0
model.enc.16x16_down.skip,0.062356063047483694,0.06235601576938538,0.9999999998557656,0.9999992416600748,1.0000007580520314,1.6984357121854534e-05,9.675880932993002e-05,0.0,65791,65792,0.9999848005836576,1.0,0.9999992416600749,1.6984357121854477e-05,1.0,1.0,1.0,65791,0.9999999988574716,4.335271736181049e-08,0.9999999988169671,1.7001287887018287e-05,4.681122782507834e-06,0.0,0.062355934193719764,0.06235588896650268,0.9999992745606048,1.000000725175821,1.6251155831138765e-05,9.610544565991787e-05,0.0
model.enc.32x32_block0.affine,0.08771778268577574,0.0876991272268439,0.999996949705646,0.9997842744480643,1.0002096702037524,0.002469409805487849,0.0024725475736026765,0.0,131072,131328,0.9980506822612085,1.0000000000000002,0.9997842744480641,0.0024694098054878475,0.9998466633954858,1.0,1.0,131072,0.9999999999254107,4.346732268358894e-08,1.000000000019403,0.0024788146844837815,3.185755442259826e-05,0.0,0.0877178114603375,0.08769919170932114,0.9997846823834612,1.000209263675096,0.002469091051114401,0.0024722355066465087,0.0
model.enc.32x32_block0.conv0,0.1320662023693773,0.13206414837992247,0.9999999581404491,0.9999844054151339,1.0000155111076552,0.00028933803096261614,0.0003003326702218649,0.0,295163,295168,0.9999830604943626,1.0,0.9999844054151339,0.00028933803096261673,0.9999387067116151,1.0,1.0,295163,0.9999999990615247,4.352359295265653e-08,0.999999999174873,0.0002897579468671705,2.9497980416852608e-05,0.0,0.1320658777274869,0.13206389980181918,0.9999849818318227,1.0000149356765504,0.0002875994707934573,0.00029865995003439935,0.0
model.enc.32x32_block0.conv1,0.18673413149210874,0.1867319348422068,0.999999974315803,0.9999882108003278,1.00001173796966,0.00022664329964653526,0.00024180731806332833,0.0,590073,590080,0.9999881372017354,1.0,0.9999882108003278,0.00022664329964653483,0.9999540166459742,1.0,1.0,590073,0.9999999992025719,4.351215347607224e-08,0.9999999991895634,0.0002269496864140632,2.487010574920679e-05,0.0,0.18673368653009825,0.18673157667048632,0.9999886758255375,1.0000112734780238,0.00022543946676116137,0.00024064304422179164,0.0
model.enc.32x32_block0.norm0,0.00388971609955579,0.00388971609955579,1.0,1.0,1.0,0.0,9.601461148055448e-05,0.0,256,256,1.0,1.0,1.0,0.0,1.0,1.0,1.0,256,0.9999999983900376,4.253297630470303e-08,1.000000000707388,4.25634356239718e-08,1.7295914042925834e-07,0.0,0.003889699564753356,0.003889699418325273,0.9999999623548955,1.0000000376450733,1.813487765082275e-07,9.540923481650071e-05,0.0
model.enc.32x32_block0.norm1,0.005500903897776087,0.0055009038952036635,1.0,0.9999999995323636,1.0000000004676364,1.0571133675062647e-08,9.601414438130345e-05,0.0,512,512,1.0,1.0,0.9999999995323636,1.0571133676167569e-08,1.0,1.0,1.0,512,0.9999999982581997,4.112791767138694e-08,0.9999999997170862,4.2065956304529805e-08,3.596986559131556e-07,0.0,0.005500864977040652,0.00550086456674031,0.9999999254116029,1.0000000745882718,3.61780263001132e-07,9.537280192467148e-05,0.0
model.enc.32x32_block0.skip,0.044178414429959886,0.04417835961152969,0.9999999999281325,0.9999987590861761,1.0000012407716286,1.1988934065094856e-05,9.552901824224406e-05,0.0,33024,33024,1.0,1.0,0.9999987590861761,1.1988934065091991e-05,1.0,1.0,1.0,33024,0.9999999989264741,4.3580812801632204e-08,0.9999999990583134,1.2052699855907884e-05,8.430876133222264e-06,0.0,0.0441782595805166,0.0441782117660024,0.9999989176582788,1.0000010822768277,8.128018477703853e-06,9.471373719695627e-05,0.0
model.enc.32x32_block1.affine,0.08765100965271676,0.08762532038216618,0.9999958587146245,0.9997027740797098,1.0002890292736815,0.0028770991143376823,0.0028844039984296317,0.0,131071,131328,0.9980430677387915,0.9999999999999999,0.9997027740797099,0.0028770991143376814,0.9997545108628944,1.0,1.0,131071,0.9999999998236739,4.3561733184303385e-08,0.9999999997718596,0.0028924111238099637,2.9455203891477403e-05,0.0,0.08765105910454221,0.08762537841290441,0.9997028716793873,1.0002889307342246,0.0028772526325869683,0.0028845883633351363,0.0
model.enc.32x32_block1.conv0,0.18673063257130407,0.1867278711932478,0.9999999598570232,0.9999851718283672,1.0000147481043684,0.0002833435679791472,0.0002947711008422552,0.0,590072,590080,0.999986442516269,0.9999999999999998,0.9999851718283674,0.0002833435679791484,0.9999387067116151,1.0,1.0,590072,0.9999999991607273,4.342815078176523e-08,0.9999999991997244,0.0002837312273016598,3.0169750937379762e-05,0.0,0.18673007211840956,0.18672741303467225,0.9999857200900442,1.0000142008005692,0.0002816201591215395,0.0002931089948230737,0.0
model.enc.32x32_block1.conv1,0.1867349926745437,0.1867329853598266,0.9999999766190091,0.9999892270822383,1.0000107262713336,0.0002162428634546438,0.00023245628816696625,0.0,590071,590080,0.9999847478308026,1.0,0.9999892270822383,0.00021624286345464357,0.999969347249682,1.0,1.0,590071,0.999999999066878,4.3467151119637885e-08,0.9999999990698014,0.0002165110271512698,2.4490534522161424e-05,0.0,0.18673448818034163,0.1867325854596729,0.9999897874904095,1.0000101664823926,0.00021477914998663106,0.00023109217331596,0.0
model.enc.32x32_block1.norm0,0.005500758860171585,0.005500758695539391,0.9999999999997711,0.9999999700707746,1.0000000299287686,6.765704068288693e-07,9.598706429190757e-05,0.0,512,512,1.0,1.0,0.9999999700707746,6.765704068282844e-07,1.0,1.0,1.0,512,0.9999999953303772,4.419754784188057e-08,0.9999999939982657,6.75396906047241e-07,1.6424839628168119e-06,0.0,0.005500860935277409,0.005500859779691405,0.9999997899249919,1.0000002100723617,1.640206622357412e-06,9.525074189953013e-05,0.0
model.enc.32x32_block1.norm1,0.005500924716600077,0.005500924716600077,1.0,1.0,1.0,0.0,9.601461148054971e-05,0.0,512,512,1.0,1.0,1.0,0.0,1.0,1.0,1.0,512,0.9999999997454057,4.335628348488665e-08,1.000000000609909,4.335703098598073e-08,9.99880354740906e-07,0.0,0.005500863545538789,0.005500862872875914,0.9999998777163646,1.0000001222826624,9.939168998301602e-07,9.532959829863383e-05,0.0
model.enc.32x32_block2.affine,0.08763526822736555,0.08760901531742053,0.999995583805902,0.9996960149846034,1.0002952423959677,0.002971039827690227,0.0029785964187487458,0.0,131072,131328,0.9980506822612085,0.9999999999999999,0.9996960149846036,0.002971039827690227,0.9997133169696206,1.0,1.0,131072,1.0000000000546125,4.365639891996331e-08,1.0000000002248257,0.002986550672771738,2.8754032820358006e-05,0.0,0.08763531799852538,0.08760909168606382,0.9996963191860917,1.0002949390744997,0.002970862115561849,0.0029784358535051678,0.0
model.enc.32x32_block2.conv0,0.18673310494973144,0.18673058416816418,0.9999999689354168,0.9999864695535604,1.000013468499509,0.00024925386279409323,0.0002625696900905049,0.0,590076,590080,0.9999932212581345,1.0,0.9999864695535604,0.00024925386279409404,0.9999387067116151,1.0,1.0,590076,0.9999999991868137,4.3489311475539434e-08,0.9999999991983608,0.0002496207353518717,2.926516081322779e-05,0.0,0.1867324035738052,0.1867299870068553,0.9999870280393568,1.000012910879899,0.00024748058227243156,0.0002608835199489333,0.0
model.enc.32x32_block2.conv1,0.18673671020081475,0.18673495309615318,0.9999999768052561,0.9999905672755555,1.000009386423497,0.00021538016256431543,0.0002321503589403419,0.0,590074,590080,0.9999898318872017,1.0,0.9999905672755557,0.00021538016256431505,0.999969350537898,1.0,1.0,590074,0.9999999991916099,4.349261563413452e-08,0.9999999992322599,0.00021558651641499739,2.2688168063029043e-05,0.0,0.18673613605084632,0.1867344783257352,0.9999910996633099,1.0000088544746313,0.0002143363028292164,0.0002311686584912016,0.0
model.enc.32x32_block2.norm0,0.005500788512845166,0.005500788492265484,0.9999999999999964,0.9999999962587725,1.0000000037412204,8.457084078103427e-08,9.601090714795141e-05,0.0,512,512,1.0,1.0,0.9999999962587725,8.457084078171654e-08,1.0,1.0,1.0,512,1.0000000015879429,4.242780905972325e-08,0.9999999983222563,9.644857504338602e-08,4.241380007652312e-06,0.0,0.0055008590269699734,0.0055008575033506325,0.9999997230125952,1.0000002769695482,4.234769468628021e-06,9.52638860123908e-05,0.0
model.enc.32x32_block2.norm1,0.0055008842346247686,0.005500882917546646,0.9999999999926907,0.9999997605624343,1.0000002394230045,3.823425874421357e-06,9.585145240172127e-05,0.0,512,512,1.0,1.0,0.9999997605624343,3.823425874421753e-06,1.0,1.0,1.0,512,0.999999997629312,4.3538984181844565e-08,0.9999999963472179,3.831921460146844e-06,3.812626524420282e-06,0.0,0.005500863208501168,0.005500862513951699,0.9999998737379407,1.0000001262617668,5.554427632404202e-07,9.532205562990245e-05,0.0
model.enc.32x32_block3.affine,0.08765759272000874,0.08763278389661718,0.999995889472305,0.9997128709607945,1.000278988106299,0.002866423855739048,0.0028730643649965996,0.0,131072,131328,0.9980506822612085,1.0,0.9997128709607944,0.0028664238557390472,0.999754480726737,1.0,1.0,131072,1.0000000002029361,4.3611239748960626e-08,1.0000000003810778,0.002880768795592004,2.181145562901947e-05,0.0,0.0876576821042503,0.08763288774692406,0.9997130359314136,1.0002788223491743,0.002866545126187861,0.0028732105756847947,0.0
model.enc.32x32_block3.conv0,0.18673256519198767,0.18673004721871675,0.9999999680431909,0.9999864836614609,1.000013452606752,0.0002528080179021067,0.0002659509698594852,0.0,590072,590080,0.999986442516269,1.0,0.9999864836614609,0.00025280801790210746,0.9999387067116151,1.0,1.0,590072,0.9999999991890366,4.345601556610243e-08,0.9999999991839841,0.00025316897596549837,2.9372053703532655e-05,0.0,0.18673184659562636,0.1867294399188672,0.9999870800538156,1.0000128570408315,0.00025113709229786235,0.0002643715996767082,0.0
model.enc.32x32_block3.conv1,0.18673740946452577,0.1867357273712652,0.9999999845567655,0.9999909767567781,1.0000089924378939,0.0001757438836921628,0.0001961101510828995,0.0,590074,590080,0.9999898318872017,1.0,0.9999909767567781,0.00017574388369216137,0.999969350537898,1.0,1.0,590074,0.9999999992951143,4.3515334193284994e-08,0.9999999993123007,0.0001759752875495146,2.176625802033077e-05,0.0,0.18673688269370683,0.18673531397379076,0.9999915840858693,1.0000083855496062,0.00017445510960476153,0.00019497337027210747,0.0
model.enc.32x32_block3.norm0,0.005500759078972747,0.005500759078972747,1.0,1.0,1.0,0.0,9.601461148056104e-05,0.0,512,512,1.0,1.0,1.0,0.0,1.0,1.0,1.0,512,1.0000000031974035,4.362420938855101e-08,1.0000000029796499,4.374122808663772e-08,4.1907403945334404e-07,0.0,0.005500863856746231,0.005500863320397558,0.9999999024972896,1.0000000975025516,4.104829192866834e-07,9.535008285423709e-05,0.0
model.enc.32x32_block3.norm1,0.00550080677881332,0.00550080677881332,1.0,1.0,1.0,0.0,9.601461148055599e-05,0.0,512,512,1.0,1.0,1.0,0.0,1.0,1.0,1.0,512,1.0000000000000888,4.2540957902929465e-08,1.0000000003115326,4.254095790302209e-08,2.6206748986059555e-07,0.0,0.005500864839410825,0.0055008644361828445,0.9999999266973126,1.0000000733026215,2.663206480663747e-07,9.537377335531594e-05,0.0
model.enc.32x32_conv,0.014553939904854053,0.014553937940670546,0.999999999996485,0.9999998650375997,1.0000001349553886,2.651352259437352e-06,9.591629497461153e-05,0.0,3584,3584,1.0,1.0,0.9999998650375997,2.6513522594356514e-06,1.0,1.0,1.0,3584,0.9999999993939773,4.344737337324322e-08,0.9999999993225944,2.656418799890336e-06,2.5249616015912535e-06,0.0,0.014553915695585836,0.01455391370688349,0.9999998633554676,1.0000001366430866,1.2101158994973193e-06,9.531773690740506e-05,0.0
model.enc.8x8_block0.affine,0.08755028259270506,0.08751472355470008,0.9999940693546123,0.9995879161582559,1.0004003875793932,0.003442618556941251,0.003457430153573394,0.0,131072,131328,0.9980506822612085,1.0,0.999587916158256,0.0034426185569412546,0.9994467945006683,1.0,1.0,131072,1.0000000001208997,4.361604834080364e-08,1.0000000004367529,0.003467194319716286,3.0699669897507704e-05,0.0,0.0875503991367077,0.08751483239158385,0.9995878281619893,1.0004004746327841,0.0034427654028969337,0.0034576344579663972,0.0
model.enc.8x8_block0.conv0,0.18673347911353758,0.1867310876730871,0.9999999695356432,0.9999871628317304,1.0000127764035698,0.00024683426102598314,0.00026049402064269665,0.0,590074,590080,0.9999898318872017,1.0,0.9999871628317304,0.00024683426102598227,0.9999540201698188,1.0,1.0,590074,0.9999999994623953,4.350184659400716e-08,0.9999999994624573,0.00024716776791001326,3.0499100620978716e-05,0.0,0.18673274010296725,0.18673047771973456,0.9999878543904063,1.0000120857798118,0.00024489817840374296,0.00025869953144751136,0.0
model.enc.8x8_block0.conv1,0.18673832822502942,0.18673658447316685,0.999999980621083,0.9999906426782763,1.0000093186510877,0.00019686825640730527,0.00021511365226785636,0.0,590078,590080,0.9999966106290672,1.0,0.9999906426782761,0.00019686825640730384,0.9999693514772588,1.0,1.0,590078,0.9999999992894311,4.353542657832883e-08,0.9999999993561207,0.0001970903745551823,2.390567985688748e-05,0.0,0.18673706222394154,0.1867354291630581,0.9999912356852917,1.0000087262463366,0.00019530536213906217,0.0002136940783646567,0.0
model.enc.8x8_block0.norm0,0.005500502163052782,0.005500502163052782,1.0,1.0,1.0,0.0,9.601461148057531e-05,0.0,512,512,1.0,1.0,1.0,0.0,1.0,1.0,1.0,512,0.9999999986465397,4.242699748598686e-08,0.999999998922454,4.244858031022056e-08,4.630290779099708e-07,0.0,0.005500862816839568,0.005500862009099457,0.9999998531610964,1.000000146838724,4.483828148738103e-07,9.530091322227472e-05,0.0
model.enc.8x8_block0.norm1,0.005500675781664663,0.005500675781664663,1.0,1.0,1.0,0.0,9.601461148055967e-05,0.0,512,512,1.0,1.0,1.0,0.0,1.0,1.0,1.0,512,0.9999999990018507,4.170874880125978e-08,0.9999999997693687,4.1720690652719566e-08,1.2179006484701044e-06,0.0,0.0055008623493888135,0.005500861481878452,0.9999998422948353,1.00000015770372,1.2123240157445451e-06,9.529670403351353e-05,0.0
model.enc.8x8_block1.affine,0.0875378643264413,0.08750140614128596,0.999993673939439,0.9995771918285357,1.0004103295810614,0.003555494972555409,0.0035708252166321876,0.0,131072,131328,0.9980506822612085,0.9999999999999999,0.9995771918285357,0.003555494972555411,0.999385145105755,1.0,1.0,131072,1.000000000138896,4.337159565293824e-08,1.0000000002050156,0.003580546303169226,2.8710943621858417e-05,0.0,0.08753801164250724,0.08750153902841358,0.999577028207093,1.0004104943540966,0.003555351801766183,0.0035707476344394146,0.0
model.enc.8x8_block1.conv0,0.18673378944510063,0.18673130164639734,0.9999999737020178,0.9999866509999762,1.0000132965815562,0.000229335044147634,0.00024379920850215605,0.0,590077,590080,0.9999949159436009,1.0000000000000002,0.999986650999976,0.00022933504414763363,0.9999387067116151,1.0,1.0,590077,0.999999999334041,4.3468859938456146e-08,0.9999999994049502,0.00022972306576989705,3.1448031438656096e-05,0.0,0.18673306356929104,0.18673071775169078,0.9999874118131001,1.0000125367934296,0.00022704622979389673,0.00024171298562039134,0.0
model.enc.8x8_block1.conv1,0.186735786580727,0.18673363557287284,0.9999999722201695,0.9999884532294405,1.0000114913435874,0.0002357082521701541,0.00025040702535059555,0.0,590077,590080,0.9999949159436009,1.0,0.9999884532294407,0.00023570825217015336,0.9999540194650931,1.0,1.0,590077,0.9999999992645154,4.350536648334379e-08,0.999999999284858,0.00023599089463852444,2.552100038074865e-05,0.0,0.18673466731281552,0.1867326334193759,0.9999890806208583,1.0000108645187233,0.0002344735692353335,0.000249265007059087,0.0
model.enc.8x8_block1.norm0,0.005500465216658797,0.005500465216658797,1.0,1.0,1.0,0.0,9.601461148057668e-05,0.0,512,512,1.0,1.0,1.0,0.0,1.0,1.0,1.0,512,1.0000000007956806,3.993881474976365e-08,1.000000000106121,3.994673992924042e-08,9.550306056510714e-07,0.0,0.005500862068308612,0.005500861110102097,0.9999998258074869,1.0000001741916444,9.480537058873282e-07,9.527721980309841e-05,0.0
model.enc.8x8_block1.norm1,0.005500580947821686,0.005500580947821686,1.0,1.0,1.0,0.0,9.601461148056111e-05,0.0,512,512,1.0,1.0,1.0,0.0,1.0,1.0,1.0,512,1.0000000000247304,4.277820792621664e-08,1.0000000026187568,4.277821507460896e-08,6.648196874889751e-07,0.0,0.005500862341596902,0.005500861451545546,0.9999998381976367,1.0000001618019638,6.522958870834164e-07,9.528712645042394e-05,0.0
model.enc.8x8_block2.affine,0.0874945200003139,0.08745457671653425,0.9999927743391903,0.999536254374707,1.0004495028108458,0.003799747062643237,0.003817867107949609,0.0,131071,131328,0.9980430677387915,1.0000000000000002,0.9995362543747067,0.003799747062643237,0.9993851072987764,1.0,1.0,131071,0.9999999999971942,4.3558289909072084e-08,1.0000000000945117,0.0038279418005564337,3.12391558357948e-05,0.0,0.08749465506810661,0.08745470503053154,0.999536178478692,1.0004495799565565,0.0037995916634697108,0.003817772317475488,0.0
model.enc.8x8_block2.conv0,0.18672358707587397,0.18671953862965363,0.9999999337967116,0.9999782523047495,1.0000216157587711,0.0003638692498725848,0.0003714047950010944,0.0,590070,590080,0.9999830531453362,1.0,0.9999782523047493,0.0003638692498725841,0.9999080121423972,1.0,1.0,590070,0.9999999993342602,4.3568059116902914e-08,0.9999999993504959,0.00036451846597309624,3.6551065950997386e-05,0.0,0.18672305492865438,0.18671919015519403,0.9999792365656028,1.0000206327735393,0.00036205502148150225,0.00036971091224038933,0.0
model.enc.8x8_block2.conv1,0.18672798490118692,0.18672460868115023,0.9999999612458077,0.999981880292877,1.000018042525665,0.00027839824120363575,0.00028911556486591907,0.0,590072,590080,0.999986442516269,1.0000000000000002,0.9999818802928768,0.00027839824120363656,0.9999386954389407,1.0,1.0,590072,0.9999999992018507,4.351013919356183e-08,0.9999999992740845,0.0002789871097066346,3.028554235582078e-05,0.0,0.18672728464232483,0.18672401098402963,0.9999824299490794,1.0000174937789115,0.0002767249370628512,0.00028749925649684154,0.0
model.enc.8x8_block2.norm0,0.005500715704608876,0.005500715210695162,0.999999999998972,0.9999999102081628,1.0000000897897894,1.4338286310217098e-06,9.593552850200972e-05,0.0,512,512,1.0,1.0,0.9999999102081628,1.433828631022239e-06,1.0,1.0,1.0,512,0.9999999999753666,4.320656762356732e-08,1.0000000015411437,1.4403680292809572e-06,1.4359583419778666e-06,0.0,0.0055008607929925134,0.00550085958910522,0.9999997811454144,1.0000002188541552,6.914828017328026e-07,9.52303466536263e-05,0.0
model.enc.8x8_block2.norm1,0.005500659644952491,0.005500658986426948,0.9999999999981726,0.999999880280614,1.0000001197157453,1.9117912599976725e-06,9.591393940900008e-05,0.0,512,512,1.0,1.0,0.999999880280614,1.9117912600005617e-06,1.0,1.0,1.0,512,1.0000000000572695,4.385962075314617e-08,0.9999999989768302,1.9158510487645883e-06,1.3319286796327877e-06,0.0,0.005500862184064489,0.005500861239361411,0.9999998282623094,1.0000001717368874,9.125263691727031e-07,9.527932779016699e-05,0.0
model.enc.8x8_block3.affine,0.08724367674800537,0.08718538005664858,0.9999870189920667,0.9993188223183367,1.0006556624569356,0.0050918722746625105,0.005125878913839556,0.0,131070,131328,0.9980354532163743,1.0,0.9993188223183367,0.005091872274662511,0.9982997114142533,1.0,1.0,131070,0.9999999999909964,4.3476450220090794e-08,1.000000000180965,0.005137233278895162,3.999537578304111e-05,0.0,0.08724375478295962,0.08718545689992435,0.9993188100848877,1.0006556763647458,0.0050917097257579536,0.0051257807647867365,0.0
model.enc.8x8_block3.conv0,0.186641621249774,0.1866236529300336,0.9999996290479939,0.9999033573109896,1.0000959100541411,0.0008612554982989929,0.0008613384272205338,0.0,590076,590080,0.9999932212581345,1.0,0.9999033573109896,0.0008612554982989937,0.9997544957957405,1.0,1.0,590076,0.9999999991045535,4.350323457626833e-08,0.9999999990923416,0.0008666605689255694,4.6806499317709865e-05,0.0,0.18664221846421744,0.18662427081238986,0.9999034694553304,1.000095800090378,0.000859976554005052,0.0008600593305143294,0.0
model.enc.8x8_block3.conv1,0.1866759642572,0.18666377607159518,0.9999997652572615,0.9999344746731617,1.000065060104501,0.0006851453263885588,0.0006858888238089018,0.0,590072,590080,0.999986442516269,1.0000000000000002,0.9999344746731614,0.0006851453263885588,0.9997548418730081,1.0,1.0,590072,0.9999999991174799,4.348647010192988e-08,0.9999999991447894,0.0006882713236994036,4.096789716479911e-05,0.0,0.18667624791675563,0.18666416352805035,0.9999350315865637,1.000064504694969,0.0006839946325110679,0.0006847382853858209,0.0
model.enc.8x8_block3.norm0,0.00550080351625565,0.005500801955030374,0.999999999994746,0.999999716177069,1.0000002838125035,3.2416110882049616e-06,9.578563942031164e-05,0.0,512,512,1.0,1.0,0.999999716177069,3.241611088202228e-06,1.0,1.0,1.0,512,0.9999999993466259,4.4606120846174255e-08,0.999999997886565,3.2506413883226057e-06,2.113877341735697e-06,0.0,0.005500848930929217,0.005500845431459593,0.9999993638255487,1.0000006361639755,3.2985634935938117e-06,9.486784992813324e-05,0.0
model.enc.8x8_block3.norm1,0.0055005942030784735,0.005500548846566864,0.9999999875433709,0.9999917417958445,1.0000082333588902,0.00015783804070639912,0.000180606420650086,0.0,512,512,1.0,1.0,0.9999917417958445,0.00015783804070640067,1.0,1.0,1.0,512,1.000000002437039,4.060574390971531e-08,1.0000000022284041,0.00015805208843503666,1.5179737764417046e-05,0.0,0.0055006364505155005,0.005500592427554596,0.9999919849357147,1.0000079914967535,0.00015372444811655704,0.00017686117805861988,0.0
model.enc.8x8_down.affine,0.08762303262780287,0.0875948413378913,0.9999957086202113,0.9996739762162236,1.0003175445696972,0.002928689012945504,0.0029379899779746355,0.0,131070,131328,0.9980354532163743,1.0,0.9996739762162236,0.002928689012945504,0.9996315854107822,1.0,1.0,131070,1.0000000000551605,4.36037652501391e-08,1.000000000040734,0.0029467798058734787,2.962634589300146e-05,0.0,0.08762315244557158,0.0875949751985149,0.9996741376295784,1.0003173844731545,0.0029284471597563378,0.0029377790284440177,0.0
model.enc.8x8_down.conv0,0.18673159793171787,0.18672889317786454,0.9999999557185036,0.9999854710048104,1.000014440642007,0.00029759103706031396,0.0003085726991565229,0.0,590074,590080,0.9999898318872017,1.0000000000000002,0.9999854710048102,0.0002975910370603127,0.9999387067116151,1.0,1.0,590074,0.9999999993434463,4.341202079577014e-08,0.999999999416222,0.00029794545784986754,3.0823210572763226e-05,0.0,0.18673088489144765,0.1867283075193492,0.9999861535840057,1.0000137589774516,0.0002960179657827128,0.0003070859109371756,0.0
model.enc.8x8_down.conv1,0.18673711549496386,0.18673520531079102,0.9999999806763213,0.999989751407593,1.0000102100496886,0.00019658729956000107,0.00021449855293996083,0.0,590076,590080,0.9999932212581345,1.0,0.999989751407593,0.00019658729956000088,0.9999693495984797,1.0,1.0,590076,0.9999999994053379,4.352949073079752e-08,0.999999999416222,0.00019685419022228673,2.4821405326199035e-05,0.0,0.18673583792489967,0.18673404491731438,0.9999903791482131,1.0000095829194793,0.00019499685461306178,0.00021306560645178754,0.0
model.enc.8x8_down.norm0,0.005500458338226954,0.005500458327936431,0.9999999999999991,0.999999998129151,1.0000000018708473,4.22879532020265e-08,9.601274976632498e-05,0.0,512,512,1.0,1.0,0.999999998129151,4.2287953203112726e-08,1.0,1.0,1.0,512,1.0000000004683165,4.309109923607478e-08,0.9999999992116566,5.9176854117955566e-08,3.9392651552011946e-07,0.0,0.005500863870893202,0.005500863267017333,0.9999998902215559,1.000000109778308,3.8478256617370843e-07,9.533769885180989e-05,0.0
model.enc.8x8_down.norm1,0.005500825602602454,0.005500825602602454,1.0,1.0,1.0,0.0,9.60146114805605e-05,0.0,512,512,1.0,1.0,1.0,0.0,1.0,1.0,1.0,512,1.000000000518434,4.5372175165839645e-08,1.0000000004253224,4.537513694708823e-08,4.916902348783667e-07,0.0,0.005500863908199625,0.0055008633596338175,0.9999999002763109,1.0000000997234681,4.806598102025031e-07,9.534818969070131e-05,0.0
model.enc.8x8_down.skip,0.062356080316810024,0.062356032836500826,0.9999999999106817,0.9999992384723592,1.0000007613495838,1.3365499722757573e-05,9.6186313680878e-05,0.0,65791,65792,0.9999848005836576,1.0,0.9999992384723592,1.3365499722756385e-05,1.0,1.0,1.0,65791,0.9999999992353584,4.361690884914569e-08,0.999999999272402,1.3387158326040532e-05,4.375787638116072e-06,0.0,0.06235593221143626,0.06235588659605338,0.999999268387123,1.0000007314523982,1.2689125066039683e-05,9.556140037912287e-05,0.0
model.map_layer0,0.062355869896975925,0.06233773704259867,0.999997508089178,0.9997067125438386,1.0002883882213747,0.002231796878390105,0.002240714511130568,0.0,66048,66048,1.0,1.0,0.9997067125438386,0.0022317968783901027,0.9987353095407014,1.0,1.0,66048,1.0000000003267582,4.3831870100919936e-08,0.9999999994820882,0.002250985151702047,1.1613175431950402e-05,0.0,0.06235591554127392,0.06233778397231987,0.9997067332386547,1.0002883672497873,0.0022318561809994094,0.0022408205596332604,0.0
model.map_layer1,0.1240926588735412,0.1240570610249825,0.999994542701794,0.9997076792030685,1.000281488515249,0.003302772397919635,0.0033089193802758135,0.0,262143,262656,0.998046875,1.0000000000000002,0.9997076792030684,0.003302772397919636,0.9997084190172186,1.0,1.0,262143,1.0000000000605873,4.368320640261747e-08,1.0000000002907634,0.0033156834714158433,1.2963825577791671e-05,0.0,0.12409268362120342,0.12405708774061942,0.9997076950800936,1.0002814725510516,0.0033027842574468507,0.0033089621377386754,0.0
