layer,update_reference_l2,update_probe_l2,update_cosine,s_K_star_layer,c_K_star_layer,R_opt_layer,layer_residual_with_global_c_star,support_atol,support_coordinate_count,coordinate_count,support_coordinate_coverage,support_energy_coverage,h_update_weighted_mean,h_update_weighted_std,h_update_p05,h_update_p50,h_update_p95,h_moment_coordinate_count,h_moment_weighted_mean,h_moment_weighted_std,h_moment_p50,h_update_minus_moment_weighted_rmse,h_update_minus_moment_eps_weighted_rmse,off_support_candidate_energy_exact,predicted_reference_l2,predicted_probe_l2,s_K_star_predicted_layer,c_K_star_predicted_layer,R_pred_layer,predicted_layer_residual_with_global_c_star,predicted_off_support_candidate_energy_exact
model.dec.16x16_block0.affine,0.0874025676355121,0.08731654804038769,0.9999712953562682,0.998987146625978,1.000956413617274,0.0075693803535580575,0.0076181290050775854,0.0,131071,131328,0.9980430677387915,1.0,0.9989871466259781,0.0075693803535580575,0.9981053093696084,0.9999846759734587,1.0,131071,1.0000000001466045,4.362785529109924e-08,1.0000000003840692,0.007636844341604809,3.90307735308265e-05,0.0,0.08740269128407242,0.08731665133858332,0.9989869130596776,1.0009566433741932,0.007569659802544917,0.007618527166398409,0.0
model.dec.16x16_block0.conv0,0.2640041378936231,0.2639826262972114,0.9999995749155192,0.9999180929075513,1.0000810635633486,0.0009219708454171489,0.0009257259584529535,0.0,1179891,1179904,0.9999889821544804,1.0,0.9999180929075513,0.000921970845417149,0.9997547216090262,1.0,1.0,1179891,0.9999999991389547,4.33790351548489e-08,0.9999999991111194,0.0009256018456825025,6.242039069238087e-05,0.0,0.2640054237156151,0.26398469850349376,0.9999210737085762,1.0000780857624545,0.0009200864407408339,0.0009240332619602955,0.0
model.dec.16x16_block0.conv1,0.18669140754923963,0.18667405778826493,0.9999994609912091,0.9999065282105803,1.0000924024091467,0.001038179625461836,0.0010407091943608207,0.0,590076,590080,0.9999932212581345,1.0,0.9999065282105803,0.001038179625461836,0.9997546614327772,1.0,1.0,590076,0.9999999990069404,4.3328973639707954e-08,0.9999999989849092,0.0010423789282799452,7.051423366564373e-05,0.0,0.186693339255319,0.18667647010503916,0.999909105934148,1.0000898290760813,0.0010358381991546312,0.0010384857961720224,0.0
model.dec.16x16_block0.norm0,0.0077790766468878855,0.007779067975298587,0.9999999998551962,0.9999988851227297,1.0000011145889052,1.701784483967066e-05,0.0001633053515038475,0.0,1024,1024,1.0,1.0,0.9999988851227297,1.701784483967017e-05,1.0,1.0,1.0,1024,1.0000000009441243,4.425797648713828e-08,1.000000002234882,1.7054566818481294e-05,1.7525350277237468e-05,0.0,0.007779360080110616,0.007779345442307455,0.9999981182526508,1.0000018814971285,1.5929853113716497e-05,0.00016152895891342062,0.0
model.dec.16x16_block0.norm1,0.005500966624781097,0.005500961358644584,0.9999999997656505,0.9999990424545319,1.0000009570776853,2.164944210866238e-05,0.00016400892418293338,0.0,512,512,1.0,1.0,0.9999990424545319,2.164944210865906e-05,1.0,1.0,1.0,512,0.9999999989891329,4.369443818377235e-08,1.0000000009704773,2.1672440301470392e-05,1.6658972586587488e-05,0.0,0.005500849141113327,0.005500842664921454,0.9999988226764774,1.000001177293199,5.6311185434905526e-06,0.00016154403364196452,0.0
model.dec.16x16_block0.skip,0.08809734932283296,0.08809652239569686,0.9999999685888994,0.999990582073681,1.0000093551922253,0.0002506412198149046,0.00029426507155507435,0.0,131328,131328,1.0,1.0,0.999990582073681,0.0002506412198149049,0.9999693503030489,1.0,1.0,131328,0.9999999988561814,4.326791701821894e-08,0.999999998948268,0.0002508182487662467,1.2864573157812369e-05,0.0,0.08809753466205378,0.08809675505453042,0.9999911193246588,1.0000088181388533,0.0002502272774870288,0.0002937182669976939,0.0
model.dec.16x16_block1.affine,0.0874263511547356,0.08734503442212767,0.9999724770931184,0.9990423857252291,1.0009034343601577,0.0074123348003025565,0.007455970447789311,0.0,131070,131328,0.9980354532163743,1.0000000000000002,0.9990423857252291,0.007412334800302554,0.9987690792712949,0.9999923379280224,1.0,131070,1.0000000001227922,4.369544875112596e-08,1.0000000002374312,0.007473936933278745,3.420826948696644e-05,0.0,0.08742647267782636,0.08734512650663966,0.9990420516592871,1.0009037717652007,0.0074121495714028224,0.007455911844919406,0.0
model.dec.16x16_block1.conv0,0.26399708552988127,0.2639735478738797,0.9999994884682208,0.9999103297416614,1.0000886551447716,0.0010113757336166441,0.001014233054981401,0.0,1179896,1179904,0.9999932197873725,1.0,0.9999103297416614,0.0010113757336166456,0.9997547216090262,1.0,1.0,1179896,0.9999999990866824,4.331126478680461e-08,0.9999999990719163,0.001015342987180047,6.254160679832393e-05,0.0,0.2639985388824682,0.26397567539544914,0.9999128857931884,1.000086102399539,0.0010095204152866836,0.0010125030642836423,0.0
model.dec.16x16_block1.conv1,0.18668039893772206,0.1866599363920165,0.9999993379019522,0.9998897252577016,1.0001089625624597,0.0011506108706046212,0.0011520298251695032,0.0,590074,590080,0.9999898318872017,1.0,0.9998897252577016,0.0011506108706046214,0.9997546012269939,1.0,1.0,590074,0.9999999989230886,4.325754941050014e-08,0.9999999989392778,0.001155883014871126,7.444016340188062e-05,0.0,0.1866827968123913,0.18666257021620417,0.9998909930555898,1.0001076994587335,0.0011484510490189473,0.0011498876663103522,0.0
model.dec.16x16_block1.norm0,0.007779209567250678,0.007779200254153455,0.9999999998759643,0.9999988026981352,1.0000011970552265,1.5750265416057767e-05,0.0001630960341143964,0.0,1024,1024,1.0,1.0,0.9999988026981352,1.5750265416056104e-05,1.0,1.0,1.0,1024,0.999999998732254,4.1246432867748054e-08,0.999999997773082,1.579758304779507e-05,1.7785330356109052e-05,0.0,0.007779367499993719,0.00777935546652593,0.9999984531099823,1.0000015468003358,9.59554600048813e-06,0.0001613618502888168,0.0
model.dec.16x16_block1.norm1,0.005501213573591461,0.005501210939673325,0.999999999941418,0.9999995211528558,1.0000004787302093,1.082423089177715e-05,0.00016341107571186372,0.0,512,512,1.0,1.0,0.9999995211528558,1.0824230891776037e-05,1.0,1.0,1.0,512,0.9999999961357873,4.372936799534429e-08,0.9999999973294955,1.08343597044838e-05,1.1714364067181362e-05,0.0,0.005500845396205938,0.005500837573920058,0.9999985779706928,1.0000014220031561,5.307839133062021e-06,0.00016128847110304516,0.0
model.dec.16x16_block1.skip,0.08809764165497987,0.08809700657838919,0.999999980424231,0.9999927716435382,1.0000071892568907,0.00019786604846289433,0.00025217835802824527,0.0,131327,131328,0.9999923854775828,1.0,0.9999927716435384,0.0001978660484628943,0.9999693514772588,1.0,1.0,131327,0.9999999992020123,4.3250184996901285e-08,0.9999999992786157,0.00019799813623136255,1.1844915966585126e-05,0.0,0.08809776475712365,0.08809718211802102,0.9999933669362884,1.000006594082733,0.00019754544169726062,0.00025173304389088563,0.0
model.dec.16x16_block2.affine,0.08744952543842728,0.08737176540232983,0.9999741741191358,0.9990849980202813,1.0008641415762194,0.007180479049586584,0.007220877882308261,0.0,131070,131328,0.9980354532163743,1.0000000000000002,0.9990849980202812,0.007180479049586584,0.9985228951255539,0.9999846757386294,1.0,131070,1.0000000002179266,4.358100097723237e-08,1.0000000002707032,0.007238542998469232,3.380551540851607e-05,0.0,0.08744960911907793,0.08737183492365491,0.9990848376545296,1.000864303616686,0.0071803814231984515,0.007220885454350235,0.0
model.dec.16x16_block2.conv0,0.26399066648897934,0.26396524820245676,0.9999994444496486,0.999903159710724,1.000095738460222,0.001053985977033684,0.0010562648041164179,0.0,1179890,1179904,0.9999881346279019,0.9999999999999998,0.9999031597107244,0.0010539859770336813,0.9997546614327772,1.0,1.0,1179890,0.9999999990748578,4.3336188150190554e-08,0.9999999990662691,0.0010584253416785515,6.331602814290877e-05,0.0,0.2639922763338378,0.26396746622904044,0.9999054658285668,1.0000934353960325,0.0010523307757233466,0.001054701052830996,0.0
model.dec.16x16_block2.conv1,0.18667681941644665,0.18665523004350956,0.9999993269435568,0.9998836759566065,1.0001149913072138,0.001160086674853011,0.0011612355446615522,0.0,590075,590080,0.9999915265726681,1.0,0.9998836759566065,0.0011600866748530123,0.9996932327136634,1.0,1.0,590075,0.9999999989632903,4.328316837387839e-08,0.9999999989062534,0.0011659039790970717,7.569372252130375e-05,0.0,0.18667933468878747,0.18665781549288168,0.9998840565394447,1.0001146168418407,0.0011574104258733318,0.0011585386833440456,0.0
model.dec.16x16_block2.norm0,0.007779219738879992,0.007779209903257234,0.9999999998521689,0.9999987355065036,1.000001264199433,1.719480652357025e-05,0.00016317508530581975,0.0,1024,1024,1.0,1.0,0.9999987355065036,1.7194806523571336e-05,1.0,1.0,1.0,1024,0.999999998876719,4.3495635997317815e-08,0.9999999989806161,1.7239721741167443e-05,1.4663985586946754e-05,0.0,0.007779375491922304,0.007779366341917151,0.9999988237860847,1.0000011761627101,7.251792034856341e-06,0.00016160977362389615,0.0
model.dec.16x16_block2.norm1,0.005501451670651539,0.0055014483783759815,0.9999999999378192,0.999999401500215,1.0000005983757816,1.1151742022721374e-05,0.00016331371073622795,0.0,512,512,1.0,1.0,0.999999401500215,1.1151742022719807e-05,1.0,1.0,1.0,512,0.9999999995745367,4.316216568103938e-08,0.9999999981129144,1.1165564745163307e-05,1.1075956698340401e-05,0.0,0.005500849490450378,0.005500843154015628,0.9999988480953109,1.0000011518988998,2.6675503529614324e-06,0.000161493289782498,0.0
model.dec.16x16_block2.skip,0.08809579556142985,0.08809508778472204,0.9999999847375681,0.9999919505664422,1.0000080189732425,0.0001747122581467384,0.00023389840514440098,0.0,131322,131328,0.9999543128654971,1.0,0.9999919505664422,0.00017471225814673735,0.9999693514772588,1.0,1.0,131322,0.9999999987616603,4.327378152018119e-08,0.9999999989222804,0.00017489777177261728,1.1516262426640371e-05,0.0,0.0880959053778792,0.08809524502596944,0.9999924889739445,1.0000074806894361,0.00017433402261623774,0.000233370282647162,0.0
model.dec.16x16_block3.affine,0.08743225146533895,0.0873532788555416,0.9999725189520987,0.9990693003088206,1.0008765541592703,0.007406895334148122,0.007447739564483394,0.0,131070,131328,0.9980354532163743,1.0,0.9990693003088206,0.007406895334148123,0.9985846349816455,0.9999846759734587,1.0,131070,1.0000000000202962,4.371354634142779e-08,0.999999999987613,0.007465138992641437,3.331648462368968e-05,0.0,0.08743235233140909,0.08735334241794725,0.9990688746317239,1.0008769804595719,0.007406902074845944,0.007447876990813959,0.0
model.dec.16x16_block3.conv0,0.2639855786052861,0.26395878731531824,0.9999993927278771,0.9998979050866211,1.000100890669926,0.0011019516174668087,0.0011038418778008916,0.0,1179890,1179904,0.9999881346279019,1.0000000000000002,0.9998979050866209,0.001101951617466808,0.9997546614327772,1.0,1.0,1179890,0.9999999989509653,4.33125449657381e-08,0.9999999989775747,0.0011066708757378441,6.294280065959828e-05,0.0,0.2639872366108072,0.26396095695739935,0.9998998456497684,1.0000989533492126,0.0011003047529558475,0.0011022543663914773,0.0
model.dec.16x16_block3.conv1,0.1866732346952553,0.18665091009534912,0.9999993015262935,0.9998797097468429,1.0001189076096584,0.001181783744268916,0.0011827669658385491,0.0,590071,590080,0.9999847478308026,1.0000000000000002,0.9998797097468429,0.0011817837442689159,0.9996319018404908,1.0,1.0,590071,0.9999999990218622,4.329592770535675e-08,0.9999999989898565,0.001187889887867059,7.670252348144568e-05,0.0,0.18667556854588935,0.18665324190305102,0.9998797031931411,1.000118919956095,0.0011793318898777655,0.0011802821628455807,0.0
model.dec.16x16_block3.norm0,0.007779116118885167,0.007779104460215267,0.9999999992360503,0.9999985005220946,1.0000014979522522,3.9088293048637605e-05,0.0001666809151114325,0.0,1024,1024,1.0,1.0,0.9999985005220946,3.9088293048635714e-05,1.0,1.0,1.0,1024,0.9999999976166336,4.301435933461324e-08,0.9999999966425066,3.9118337295364863e-05,9.130590625970604e-06,0.0,0.00777935092808864,0.007779332963172023,0.9999976897905404,1.000002308411685,4.246291980368506e-05,0.00016584289553659852,0.0
model.dec.16x16_block3.norm1,0.00550153633330798,0.0055015317244428135,0.9999999999233206,0.9999991621818449,1.000000837665498,1.2383805880525149e-05,0.00016316382566155686,0.0,512,512,1.0,1.0,0.9999991621818449,1.2383805880525559e-05,1.0,1.0,1.0,512,0.9999999991088871,4.246602778845732e-08,0.9999999998064422,1.2410776840299566e-05,1.180981289675289e-05,0.0,0.005500845879143591,0.005500838225317355,0.9999986085961693,1.0000013913796644,5.109022934483024e-06,0.0001613126636689491,0.0
model.dec.16x16_block3.skip,0.08809701392555173,0.088096392574993,0.9999999722191096,0.9999929191929764,1.0000070252949884,0.00023571380171115737,0.0002829407511815376,0.0,131325,131328,0.9999771564327485,1.0,0.9999929191929764,0.00023571380171115785,0.9999693524165619,1.0,1.0,131325,0.9999999987246884,4.326103581160422e-08,0.9999999987481452,0.00023582016012450456,1.0796226556500937e-05,0.0,0.08809707545496621,0.0880964954667374,0.9999933887398985,1.000006555808588,0.0002355719106258782,0.00028258027175979554,0.0
model.dec.16x16_block4.affine,0.08749727214543425,0.08742632137513878,0.9999775466151484,0.9991666735962433,1.000789077697488,0.006695779781548171,0.006730300131895831,0.0,131071,131328,0.9980430677387915,0.9999999999999998,0.9991666735962436,0.0066957797815481715,0.9989549394479621,0.9999923379867294,1.0,131071,0.9999999998373111,4.3661833412947e-08,0.9999999999149953,0.006747436467888506,3.15830679188706e-05,0.0,0.08749737003461036,0.0874264008084215,0.9991664672088394,1.000789291694889,0.006695236445020024,0.006729864278267422,0.0
model.dec.16x16_block4.conv0,0.26398237172739925,0.2639544376814488,0.9999993383659622,0.9998935205900041,1.0001051673405144,0.0011502119814559319,0.0011518130201681742,0.0,1179892,1179904,0.9999898296810588,0.9999999999999998,0.9998935205900044,0.0011502119814559312,0.999754646384101,1.0,1.0,1179892,0.9999999988854327,4.331649788084835e-08,0.9999999988989975,0.00115512997774862,6.0964464617315644e-05,0.0,0.2639837586597433,0.26395625039506704,0.9998951357461625,1.0001035552341748,0.0011487401121688453,0.0011503769901803388,0.0
model.dec.16x16_block4.conv1,0.18667776209480058,0.1866565592766947,0.9999993043528776,0.9998857246574802,1.0001128969500965,0.0011793971905061436,0.0011806172050358367,0.0,590073,590080,0.9999881372017354,1.0,0.9998857246574804,0.0011793971905061412,0.9997086202401583,1.0,1.0,590073,0.9999999990142122,4.325630641399523e-08,0.9999999989787809,0.0011849203767217587,7.440402538983652e-05,0.0,0.18667969050358807,0.1866586605945223,0.9998866548190921,1.0001119720895972,0.001177060151976198,0.0011782817059442314,0.0
model.dec.16x16_block4.norm0,0.00777917470418527,0.007779158785040303,0.9999999993525984,0.9999979529729295,1.0000020457364551,3.598330014250038e-05,0.0001654454144746768,0.0,1024,1024,1.0,1.0,0.9999979529729295,3.598330014249766e-05,1.0,1.0,1.0,1024,1.0000000000980398,4.4680822668161894e-08,1.0000000004697451,3.604122558126102e-05,9.305792015771921e-06,0.0,0.00777934153106793,0.007779320203900029,0.9999972578137726,1.0000027408477892,3.6687146830078894e-05,0.00016403726970631578,0.0
model.dec.16x16_block4.norm1,0.00550146854703244,0.005501467730382303,0.999999999996157,0.9999998515539491,1.0000001484383867,2.772412459337481e-06,0.000163406052939103,0.0,512,512,1.0,1.0,0.9999998515539491,2.7724124593389266e-06,1.0,1.0,1.0,512,0.9999999989480568,4.3193474354212483e-08,0.9999999994165741,2.7779049985706264e-06,4.232913259173575e-06,0.0,0.00550084860237437,0.005500841957296963,0.9999987919855423,1.000001208006015,3.1467205150245867e-06,0.00016144580994778042,0.0
model.dec.16x16_block4.norm2,0.005500902382114685,0.005500900879831215,0.9999999999925543,0.9999997268949122,1.0000002730902708,3.858944492564725e-06,0.00016330346090321512,0.0,512,512,1.0,1.0,0.9999997268949122,3.858944492560581e-06,1.0,1.0,1.0,512,0.9999999976467829,4.313551814993658e-08,0.9999999988990791,3.87093984342188e-06,3.7307869214605494e-06,0.0,0.005500865308239744,0.00550086470500794,0.9999998903385924,1.0000001096611184,5.487094213725111e-07,0.00016251458918076274,0.0
model.dec.16x16_block4.proj,0.06235022204851989,0.062348226130634024,0.9999999265674865,0.999967915170033,1.0000319389897023,0.00038321745656583694,0.000405191767920869,0.0,65790,65792,0.9999696011673151,1.0,0.999967915170033,0.0003832174565658363,0.9998313607653155,1.0,1.0,65790,0.9999999985164699,4.324939518804719e-08,0.9999999984055705,0.0003845581450283393,5.262504539511454e-05,0.0,0.06235021991654906,0.06234829140202365,0.99996899736815,1.000030859033252,0.00038019253937253146,0.000402387957272206,0.0
model.dec.16x16_block4.qkv,0.1079874643222124,0.10798207257867214,0.9999996269671438,0.9999496976391168,1.000049558788234,0.0008637077479610827,0.0008712370171006468,0.0,197375,197376,0.9999949335278858,1.0,0.9999496976391168,0.0008637077479610823,0.9998773708619357,1.0,1.0,197375,0.9999999990077563,4.318411496713517e-08,0.9999999990211753,0.0008651712683521342,4.131007555194531e-05,0.0,0.10798754046801644,0.10798219934865583,0.9999501673076431,1.0000490907472037,0.0008627385716185968,0.0008702182784323106,0.0
model.dec.16x16_block4.skip,0.08809769285433183,0.08809714550766465,0.9999999839340112,0.9999937709829037,1.0000061969237197,0.00017925283372748535,0.00023850719076527055,0.0,131326,131328,0.9999847709551657,1.0,0.9999937709829037,0.00017925283372748437,0.9999693524165619,1.0,1.0,131326,0.9999999988593757,4.337742261956856e-08,0.9999999988376344,0.0001793611295109626,1.0745720731992689e-05,0.0,0.08809768012084773,0.08809717966246039,0.9999943032609545,1.0000056647360838,0.00017898287105722193,0.000238056623735331,0.0
model.dec.16x16_up.affine,0.0873501207061757,0.08725581909407605,0.9999666722438569,0.9988871262915885,1.0010473849139983,0.008155400753901787,0.00821181547973482,0.0,131067,131328,0.9980126096491229,0.9999999999999999,0.9988871262915887,0.008155400753901788,0.9975622776344899,0.9999846755037928,1.0,131067,0.9999999997919412,4.342527181193196e-08,1.0000000000148066,0.008230981082708932,4.190555997960061e-05,0.0,0.08735026184242058,0.08725593565502687,0.9988868472336566,1.0010476656385652,0.00815533350954068,0.008211878515403075,0.0
model.dec.16x16_up.conv0,0.186697168145108,0.18668157522826936,0.9999995301143747,0.9999160103177613,1.0000830568871304,0.0009693369161905615,0.0009727517822602448,0.0,590071,590080,0.9999847478308026,1.0,0.9999160103177613,0.0009693369161905595,0.9997547216090262,1.0,1.0,590071,0.9999999992193026,4.3328478031740405e-08,0.999999999188849,0.0009729687366282013,6.13377099703537e-05,0.0,0.186697905036354,0.18668271734794895,0.9999181827938726,1.000080887341545,0.0009676415665480091,0.0009711654059898115,0.0
model.dec.16x16_up.conv1,0.18668645519346558,0.1866674582014455,0.9999994341951148,0.9998976754400313,1.0001012033061025,0.001063663085401374,0.0010655953266695466,0.0,590072,590080,0.999986442516269,1.0,0.9998976754400313,0.0010636630854013735,0.9997546614327772,1.0,1.0,590072,0.9999999991331211,4.336473270107139e-08,0.999999999222585,0.0010685734187468737,6.594355022970703e-05,0.0,0.18668804199162872,0.18666941681827143,0.9998996697350783,1.0000992121570547,0.001061996598412518,0.001063993432769742,0.0
model.dec.16x16_up.norm0,0.005500604023702576,0.005500600298802747,0.99999999993928,0.9999993227591353,1.0000006771198833,1.1019973843398643e-05,0.00016322618874609545,0.0,512,512,1.0,1.0,0.9999993227591353,1.1019973843396005e-05,1.0,1.0,1.0,512,0.9999999983231362,4.319480706075307e-08,0.999999999414707,1.1038834347259117e-05,1.1532024815806574e-05,0.0,0.005500847620081048,0.005500840613258771,0.9999987262145374,1.0000012737589246,5.306635927348921e-06,0.00016143661922595685,0.0
model.dec.16x16_up.norm1,0.005501335717238589,0.005501318600316879,0.9999999988236195,0.9999968874116697,1.0000031102452502,4.850511750959024e-05,0.00016759301255284923,0.0,512,512,1.0,1.0,0.9999968874116697,4.850511750958841e-05,1.0,1.0,1.0,512,0.9999999998203419,4.250589586218157e-08,0.9999999999969065,4.860563795232717e-05,4.575060279994498e-05,0.0,0.005500831523987926,0.005500818690482734,0.9999976669052671,1.0000023329344323,1.287411541705645e-05,0.00016080621390219047,0.0
model.dec.16x16_up.skip,0.06235509361482614,0.06235492062257779,0.9999999836539387,0.9999972093457709,1.0000027579698036,0.0001808091279255035,0.00024195029310020237,0.0,65790,65792,0.9999696011673151,1.0000000000000002,0.9999972093457706,0.00018080912792550372,0.9999923381628447,1.0,1.0,65790,0.9999999989050198,4.3226350158335345e-08,0.999999998832272,0.00018083080401797466,4.148662035273289e-06,0.0,0.06235516153001127,0.06235498307296139,0.9999971217183098,1.000002845616635,0.00018075690499054798,0.00024125095036554072,0.0
model.dec.32x32_aux_conv,0.02021421979770716,0.02021415065785052,0.9999999993569336,0.9999965789995177,1.0000034197260486,3.5862568029077174e-05,0.0001640779560058092,0.0,6914,6915,0.9998553868402025,1.0,0.9999965789995178,3.586256802907637e-05,0.9999904224343366,1.0,1.0,6914,0.9999999981106795,4.341524102966477e-08,0.9999999978843458,3.60252629152621e-05,4.468010295955908e-06,0.0,0.020214204077381826,0.020214133202474963,0.9999964931797881,1.0000035055786736,3.540936390805807e-05,0.00016300956058728076,0.0
model.dec.32x32_aux_norm,0.005500948483640579,0.005500944696599215,0.9999999999389693,0.9999993115047154,1.000000688373697,1.1048143674702643e-05,0.00016321686319657072,0.0,512,512,1.0,1.0,0.9999993115047154,1.1048143674703025e-05,0.9999995211340312,1.0,1.0,512,0.9999999967531007,4.4151810330188454e-08,0.9999999983216686,1.1068561239521616e-05,1.4159315933714575e-05,0.0,0.005500853031377046,0.00550084798793002,0.9999990831029614,1.0000009168001387,9.886377241840403e-06,0.00016200832787017692,0.0
model.dec.32x32_block0.affine,0.08737346427777301,0.08728557873111671,0.9999691082063957,0.9989632784337003,1.0009759507225557,0.007852286670262281,0.007901982763782636,0.0,131071,131328,0.9980430677387915,0.9999999999999999,0.9989632784337004,0.007852286670262281,0.9980276134122288,0.9999693514772588,1.0,131071,0.9999999999982827,4.366811329702538e-08,1.0000000000894709,0.007920429130096397,3.7231823535988274e-05,0.0,0.08737354474653446,0.08728566047525353,0.9989632928450585,1.0009759340549884,0.007852428176023073,0.007902215010642356,0.0
model.dec.32x32_block0.conv0,0.263939110210112,0.2638985066263631,0.9999989907267028,0.9998451539469376,1.000152851175888,0.0014205367189054395,0.001420795410733845,0.0,1179889,1179904,0.9999872871013235,1.0,0.9998451539469376,0.0014205367189054398,0.9995095635115253,1.0,1.0,1179889,0.9999999988369496,4.327959748150922e-08,0.9999999989062534,0.001428951139092649,6.322793753314199e-05,0.0,0.26394084064903883,0.26390011217984627,0.9998446837456417,1.000153325416508,0.0014191652720187398,0.0014194147400276296,0.0
model.dec.32x32_block0.conv1,0.18661018474642657,0.1865684367099639,0.999998438755405,0.9997747212164052,1.0002222063552197,0.0017666606341607376,0.001768029414331881,0.0,590075,590080,0.9999915265726681,1.0,0.9997747212164052,0.0017666606341607376,0.9993858248372436,1.0,1.0,590075,0.999999998760713,4.323808742050854e-08,0.9999999988059471,0.0017809658936441027,9.667090211581653e-05,0.0,0.18661155927728115,0.18656921023669398,0.9997715075817295,1.000225432099825,0.0017636370813396717,0.001765154701750946,0.0
model.dec.32x32_block0.norm0,0.0077794449299885505,0.0077794370344562635,0.9999999999009163,0.9999989849785977,1.000001014824265,1.4077186752602021e-05,0.00016312455275614596,0.0,1024,1024,1.0,1.0,0.9999989849785977,1.4077186752600254e-05,1.0,1.0,1.0,1024,0.9999999996126812,4.381864906719444e-08,0.9999999981900682,1.4113680031111797e-05,1.3341593433730841e-05,0.0,0.007779375468434665,0.007779366311418561,0.999998822897599,1.0000011770766795,5.206441195032024e-06,0.00016153000418519186,0.0
model.dec.32x32_block0.norm1,0.005501162222599931,0.005501081140026327,0.9999999746113062,0.999985235440152,1.0000147139997067,0.0002253350622312575,0.00027004301940399586,0.0,512,512,1.0,1.0,0.999985235440152,0.00022533506223125423,1.0,1.0,1.0,512,0.9999999989537494,4.2665176092475896e-08,0.9999999962215624,0.00022581791993353065,6.69938110460581e-05,0.0,0.005500699034219453,0.005500639094246718,0.9999890860798392,1.000010879782027,0.00018508411149947536,0.00023933758797541304,0.0
model.dec.32x32_block0.skip,0.08809512787212004,0.08809378817387319,0.9999999006219601,0.9999846932189392,1.0000151082562494,0.0004458138913219902,0.0004698773351937833,0.0,131327,131328,0.9999923854775828,1.0000000000000002,0.999984693218939,0.00044581389132199124,0.9999387067116151,1.0,1.0,131327,0.9999999987053586,4.31987901646505e-08,0.9999999987814979,0.00044607669586523523,1.3833421670533829e-05,0.0,0.0880953172136589,0.08809397802113092,0.9999846990914196,1.0000151025820134,0.0004455913077817654,0.0004693818948888983,0.0
model.dec.32x32_block1.affine,0.08738263340334182,0.08729774713552392,0.9999692887003427,0.9989978867461525,1.0009416352228537,0.007829583653966184,0.007875654042176642,0.0,131073,131328,0.9980582967836257,1.0,0.9989978867461525,0.007829583653966183,0.9985227132832697,0.9999693514772588,1.0,131073,1.0000000000278357,4.3688197443528044e-08,1.0000000001034401,0.00789345382836418,3.1545170551148945e-05,0.0,0.08738266561003735,0.0872977505091609,0.9989975592302062,1.0009419675423032,0.007829315797497486,0.007875512152437304,0.0
model.dec.32x32_block1.conv0,0.2639382117105488,0.26389688589904,0.9999989683205287,0.9998423946716961,1.0001555664885329,0.0014362143968656238,0.0014364613786282618,0.0,1179892,1179904,0.9999898296810588,1.0000000000000002,0.9998423946716959,0.0014362143968656238,0.9995095635115253,0.9999895245201234,1.0,1179892,0.9999999988497633,4.327981276489363e-08,0.9999999988704914,0.0014448359412352711,6.091284758624625e-05,0.0,0.2639396388469195,0.26389824677907175,0.9998421462111847,1.0001558184700157,0.0014350154348052747,0.001435256641691076,0.0
model.dec.32x32_block1.conv1,0.18659431591087655,0.1865473605132563,0.9999982168981757,0.9997465730382609,1.000249924098775,0.0018879634178025776,0.001890412780761442,0.0,590073,590080,0.9999881372017354,1.0,0.9997465730382609,0.001887963417802577,0.9992628992628992,0.999969350537898,1.0,590073,0.9999999987282997,4.325423065676783e-08,0.9999999987814979,0.0019048964428409264,0.00010385683340525067,0.0,0.1865952650716037,0.18654785176094524,0.9997441263275841,1.000252384151773,0.0018847528112316218,0.0018873664221176663,0.0
model.dec.32x32_block1.norm0,0.007779303836375046,0.0077792784649129585,0.9999999969778014,0.9999967355725979,1.0000032583936416,7.774546880422888e-05,0.00017813347951142552,0.0,1024,1024,1.0,1.0,0.9999967355725979,7.774546880422761e-05,1.0,1.0,1.0,1024,0.9999999993186935,4.2107728697673445e-08,0.9999999990317654,7.781333050237245e-05,1.2025915220538413e-05,0.0,0.007779315158233846,0.0077792843998397655,0.999996043120039,1.0000039508739147,7.759917619889555e-05,0.00017663078082657266,0.0
model.dec.32x32_block1.norm1,0.00550131433164969,0.005501292285841062,0.999999998125213,0.9999959907540183,1.0000040055124668,6.123351992934544e-05,0.0001708734900863709,0.0,512,512,1.0,1.0,0.9999959907540183,6.123351992934827e-05,1.0,1.0,1.0,512,0.9999999981942241,4.3434528011463314e-08,0.9999999979872711,6.136724300059637e-05,5.090525166943627e-05,0.0,0.00550081775059183,0.0055007998972318485,0.9999967542551191,1.0000032454314352,1.7999373444257026e-05,0.00016039056385626772,0.0
model.dec.32x32_block1.skip,0.08809561053418208,0.08809441123246879,0.9999999141866679,0.9999863005502665,1.000013528008403,0.00041427283760478716,0.00044059838879696164,0.0,131327,131328,0.9999923854775828,1.0,0.9999863005502665,0.0004142728376047879,0.9999387067116151,1.0,1.0,131327,0.9999999987435317,4.320668208003662e-08,0.9999999986533524,0.0004144994745561705,1.3827634561941106e-05,0.0,0.08809578138759647,0.08809458178086772,0.9999862972539773,1.000013531584038,0.0004139356692060136,0.0004399717622469123,0.0
model.dec.32x32_block2.affine,0.08744578297715022,0.0873677399187423,0.9999745202184659,0.9990820692936658,1.0008677683436942,0.007132180274011546,0.007173142912439729,0.0,131069,131328,0.9980278386939572,1.0,0.9990820692936658,0.007132180274011546,0.9985228223936768,0.9999693514772588,1.0,131069,0.9999999998190842,4.350002053134003e-08,0.9999999999142726,0.007191007686235207,2.661782957886034e-05,0.0,0.08744580519925996,0.08736774018748912,0.9990818192940479,1.0008680204296576,0.007132063859794076,0.007173142473213355,0.0
model.dec.32x32_block2.conv0,0.2639449004224002,0.2639056509581084,0.9999990693101233,0.9998503661993606,1.0001477945368102,0.0013641207214433206,0.0013644143249613376,0.0,1179886,1179904,0.9999847445215881,1.0000000000000002,0.99985036619936,0.0013641207214433217,0.9995704467353952,0.9999846757386294,1.0,1179886,0.9999999988386864,4.3267608875891924e-08,0.9999999988886825,0.0013723029443735051,5.876349133525229e-05,0.0,0.2639461604885831,0.26390687232164106,0.999850221882076,1.000147942105059,0.00136294468772475,0.001363226624485802,0.0
model.dec.32x32_block2.conv1,0.18656161870779486,0.18650435155439968,0.9999977114290283,0.9996907510653055,1.0003047660465636,0.0021387676667370776,0.002144078310625981,0.0,590077,590080,0.9999949159436009,1.0,0.9996907510653055,0.0021387676667370785,0.9990186457311089,0.9999386973180077,1.0,590077,0.9999999989616172,4.328746534447329e-08,0.9999999989361725,0.002161009310246417,0.0001090832941578945,0.0,0.18656216646611443,0.18650454246670184,0.9996888455254371,1.0003066853690272,0.002135816653009988,0.0021413250826230945,0.0
model.dec.32x32_block2.norm0,0.0077793820790318935,0.00777936523529867,0.9999999997451788,0.9999978345689414,1.0000021649261044,2.257520947703152e-05,0.00016293722013848601,0.0,1024,1024,1.0,1.0,0.9999978345689414,2.2575209477031265e-05,1.0,1.0,1.0,1024,0.9999999998842983,4.342645947665948e-08,0.9999999991724424,2.2680050473028622e-05,1.5518256969984394e-05,0.0,0.007779351659343624,0.007779333913354848,0.9999977186804567,1.0000022810167006,1.7551208734444133e-05,0.00016129969080636204,0.0
model.dec.32x32_block2.norm1,0.005501250227731855,0.005501247799711221,0.9999999999880458,0.9999995586300756,1.000000441346211,4.889613824393716e-06,0.000163162858492627,0.0,512,512,1.0,1.0,0.9999995586300756,4.889613824392385e-06,1.0,1.0,1.0,512,1.00000000323085,4.286441465203362e-08,1.0000000042845931,4.910635501859285e-06,1.2051962091721493e-05,0.0,0.005500817595430421,0.005500799720609199,0.9999967504499627,1.0000032494294153,1.1453396790281257e-05,0.00015978441733743344,0.0
model.dec.32x32_block2.skip,0.08809562069362177,0.08809433232654908,0.9999999335444368,0.9999853089016119,1.000014558401145,0.00036456444481221685,0.0003938315712756321,0.0,131327,131328,0.9999923854775828,1.0,0.9999853089016119,0.0003645644448122168,0.9999387067116151,1.0,1.0,131327,0.9999999988221154,4.3164581099070176e-08,0.9999999988043677,0.0003648604595001818,1.6437454289146573e-05,0.0,0.08809570318531965,0.08809442624463824,0.9999854387536053,1.0000144288133985,0.00036419672282697943,0.00039319725301815306,0.0
model.dec.32x32_block3.affine,0.08745265831961557,0.08737666629388446,0.9999734537265712,0.9991045263561957,1.0008431368084414,0.007280083370553715,0.0073179849609968295,0.0,131072,131328,0.9980506822612085,1.0000000000000002,0.9991045263561956,0.007280083370553716,0.9987698363882397,0.9999846757386294,1.0,131072,0.9999999999366479,4.354166831256883e-08,0.9999999999875528,0.007334949649871943,2.062343958735689e-05,0.0,0.08745268827665136,0.08737669223518178,0.999104480105956,1.0008431818767167,0.007280169515212125,0.0073181595208791405,0.0
model.dec.32x32_block3.conv0,0.26394915231026667,0.2639111793431215,0.9999990900489003,0.9998552254740031,1.0001429753238105,0.0013488431229228335,0.0013491937539839567,0.0,1179888,1179904,0.9999864395747451,1.0,0.9998552254740029,0.0013488431229228344,0.999601165822979,0.999985902836238,1.0,1179888,0.9999999989296215,4.330551066647561e-08,0.999999998935268,0.001356590211097924,5.609594733310852e-05,0.0,0.2639499976169426,0.26391201969466005,0.999855208669257,1.0001429951493053,0.001347725155665447,0.001348061961014409,0.0
model.dec.32x32_block3.conv1,0.18653482403804253,0.18646958564485341,0.9999973236390517,0.9996475861628242,1.0003471834747026,0.0023127843152311524,0.002320866083875478,0.0,590070,590080,0.9999830531453362,1.0,0.9996475861628241,0.0023127843152311554,0.9990164740595033,0.9999386991969594,1.0,590070,0.9999999989535981,4.3290116865388426e-08,0.9999999989982806,0.002339479790096732,0.00012348983239802695,0.0,0.18653545489695977,0.18647004919291163,0.9996466988421325,1.0003480882945077,0.0023091345035103888,0.0023173727556213856,0.0
model.dec.32x32_block3.norm0,0.0077794304963973715,0.007779415814948251,0.9999999998267448,0.9999981126128769,1.0000018870441745,1.8614752788695923e-05,0.00016271194956238853,0.0,1024,1024,1.0,1.0,0.9999981126128769,1.8614752788694145e-05,1.0,1.0,1.0,1024,0.9999999971825317,4.275132412066884e-08,0.9999999978159271,1.870947358082538e-05,1.745892889148083e-05,0.0,0.007779368820181697,0.007779357328496067,0.9999985227681433,1.0000014771708419,7.949638880919037e-06,0.00016134189982075075,0.0
model.dec.32x32_block3.norm1,0.005501555855427432,0.005501536445956974,0.9999999982634049,0.9999964702667918,1.0000035262724647,5.893357016083709e-05,0.00017051252379900265,0.0,512,512,1.0,1.0,0.9999964702667918,5.893357016084001e-05,1.0,1.0,1.0,512,1.0000000040669283,4.16809287711297e-08,1.0000000045984736,5.903724289750578e-05,2.6541750202391757e-05,0.0,0.005500765198669272,0.00550072833803858,0.9999932972657095,1.000006699311716,5.8884902828797956e-05,0.00016667169998465793,0.0
model.dec.32x32_block3.skip,0.08809474735176069,0.08809319196049493,0.9999998994205366,0.9999822435312119,1.000017555621597,0.0004484995133711628,0.00047166404769843814,0.0,131327,131328,0.9999923854775828,0.9999999999999999,0.9999822435312119,0.000448499513371164,0.9999387029545176,1.0,1.0,131327,0.9999999987975691,4.34938779398814e-08,0.9999999987384816,0.00044885082943160807,2.205844828780643e-05,0.0,0.0880947453681301,0.08809322254801003,0.9999826134894079,1.0000171861105782,0.0004479864753610886,0.00047100963644963333,0.0
model.dec.32x32_block4.affine,0.0875245370466342,0.08745838489422518,0.9999779886978203,0.9992221926828267,1.000734356385081,0.006629901964569833,0.006659389545898883,0.0,131068,131328,0.99802022417154,1.0000000000000002,0.9992221926828264,0.0066299019645698325,0.9990170420202369,0.999984675621212,1.0,131068,0.999999999743148,4.35952213864328e-08,0.9999999997293965,0.006675371606376657,2.2801559954157007e-05,0.0,0.08752456344533247,0.08745840550153552,0.9992221256558284,1.0007344213348286,0.006630065456969089,0.006659636305050273,0.0
model.dec.32x32_block4.conv0,0.22859052079101233,0.22855618006937561,0.9999990416795453,0.999848813714674,1.0001492922162705,0.0013842196963719119,0.0013845008750008516,0.0,884979,884992,0.9999853106016777,1.0,0.999848813714674,0.0013842196963719119,0.999570420374348,0.9999846757386294,1.0,884979,0.9999999989764774,4.3249454658158574e-08,0.9999999989499785,0.0013924514614698463,5.412243055483044e-05,0.0,0.22859121727084133,0.22855687178011339,0.9998487949100233,1.00014931422869,0.0013830630566702099,0.001383334897029222,0.0
model.dec.32x32_block4.conv1,0.18613178907376776,0.18595220068975585,0.9999899629873225,0.9990251273599711,1.0009557304308638,0.004476070468298385,0.004549757587968378,0.0,590075,590080,0.9999915265726681,1.0,0.9990251273599708,0.004476070468298384,0.9961277531674979,0.9998160242847944,1.0,590075,0.9999999990358162,4.3291905528828954e-08,0.9999999990580835,0.004581002198423043,0.00011866992433301394,0.0,0.1861318912218396,0.1859522786197211,0.9990250038322618,1.000955866328908,0.004474718454015267,0.00454860698118727,0.0
model.dec.32x32_block4.norm0,0.00673716597692038,0.006737151930060793,0.9999999997624273,0.9999979147819427,1.000002084747259,2.179778686387209e-05,0.00016291079674896042,0.0,768,768,1.0,1.0,0.9999979147819427,2.1797786863871364e-05,1.0,1.0,1.0,768,0.9999999974661448,4.282011620595331e-08,0.9999999973711011,2.189925291998903e-05,2.0969076703574497e-05,0.0,0.0067371463389643725,0.006737141888943464,0.9999993394758255,1.0000006605165612,2.8371418993327433e-06,0.0001619875658469137,0.0
model.dec.32x32_block4.norm1,0.00550162177290051,0.00550154274400009,0.9999999659782876,0.999985601323465,1.0000143308394562,0.00026084759715708846,0.0003005053587523071,0.0,512,512,1.0,1.0,0.999985601323465,0.0002608475971570888,1.0,1.0,1.0,512,0.9999999999263836,4.347286026029566e-08,1.000000003577549,0.00026124478470725967,2.5113417702318177e-05,0.0,0.005500613619276511,0.0055005236644384186,0.9999836136149494,1.0000163210824884,0.00025606222148094945,0.0002949129649083896,0.0
model.dec.32x32_block4.skip,0.07620985406008104,0.07617705000279189,0.9999951006427951,0.9995646589764916,1.0004257276698216,0.0031289385822353215,0.003141238343710125,0.0,98560,98560,1.0,1.0,0.9995646589764916,0.00312893858223532,0.9985236220472441,1.0,1.0,98560,0.9999999989144905,4.340372897219429e-08,0.9999999989898551,0.0031590786025040654,7.720917931915665e-05,0.0,0.07620973162585862,0.0761769556127303,0.9995650286048129,1.000425362397316,0.0031281936967065137,0.003140539888709779,0.0
model.dec.32x32_up.affine,0.08745528559672255,0.08737979221584624,0.9999742128953093,0.999111012534056,1.0008381590344135,0.007175273091420271,0.007213035560184662,0.0,131068,131328,0.99802022417154,1.0,0.999111012534056,0.007175273091420267,0.9987081692913385,0.9999846759734587,1.0,131068,0.9999999999734698,4.36948303604683e-08,0.9999999998902345,0.007230134244276185,2.984564288003761e-05,0.0,0.0874553720459006,0.08737985055397532,0.9991106942213611,1.0008384824229246,0.007174956255992611,0.007212837160822401,0.0
model.dec.32x32_up.conv0,0.18668799719723095,0.18666952365836342,0.9999994409494837,0.9999004869255657,1.0000984047662755,0.0010572981838830816,0.0010594061101573348,0.0,590069,590080,0.9999813584598698,1.0,0.9999004869255657,0.0010572981838830803,0.9997546614327772,1.0,1.0,590069,0.9999999989337738,4.33516664974912e-08,0.9999999989532076,0.0010619708399890327,6.342596095041384e-05,0.0,0.1866891230470023,0.1866709772923998,0.9999022452527404,1.0000966500058994,0.0010554490866286049,0.0010576109834090006,0.0
model.dec.32x32_up.conv1,0.18663606221821405,0.18660225770976913,0.9999988191406113,0.9998176940776157,1.0001799770158775,0.0015365096572973777,0.001536875973054843,0.0,590075,590080,0.9999915265726681,0.9999999999999998,0.9998176940776159,0.001536509657297378,0.9995089614534741,1.0,1.0,590075,0.9999999988773293,4.3245879205625275e-08,0.9999999989062534,0.0015472869158673175,7.993568245842884e-05,0.0,0.18663792943241933,0.18660357557358626,0.9998147562673356,1.0001829234537394,0.0015340462120433716,0.0015344628672882667,0.0
model.dec.32x32_up.norm0,0.005500928368500077,0.005500904933806742,0.999999996639844,0.9999957365056108,1.000004256792226,8.197716048425715e-05,0.00017913226289251446,0.0,512,512,1.0,1.0,0.9999957365056108,8.197716048425565e-05,1.0,1.0,1.0,512,0.9999999995838003,4.175152507138975e-08,1.000000000043407,8.208994341594154e-05,1.0520368193688755e-05,0.0,0.005500802965628512,0.0055007799551060905,0.9999958135029631,1.000004179761713,8.217521595375796e-05,0.00017848523931429658,0.0
model.dec.32x32_up.norm1,0.005501298604918518,0.005501286832223989,0.999999999058069,0.9999978590734284,1.0000021390472893,4.340338392389516e-05,0.0001671260335396046,0.0,512,512,1.0,1.0,0.9999978590734284,4.340338392389521e-05,1.0,1.0,1.0,512,0.9999999959371111,4.2184871998987725e-08,0.9999999947807302,4.3453595433997896e-05,4.2489650455388146e-05,0.0,0.005500830981686005,0.00550081789934481,0.9999976217035117,1.0000023782055003,9.83075431209239e-06,0.00016054602379554555,0.0
model.dec.32x32_up.skip,0.06235561460051268,0.06235543870929965,0.9999999985810145,0.9999971778051486,1.0000028193648374,5.327246005468991e-05,0.0001693105234562939,0.0,65791,65792,0.9999848005836576,1.0,0.9999971778051485,5.327246005469e-05,0.9999923380601117,1.0,1.0,65791,0.999999998674539,4.344098495556945e-08,0.9999999985052089,5.334693257486007e-05,5.202121110261566e-06,0.0,0.06235565893258616,0.06235547581189003,0.999997061898011,1.0000029353333304,5.2699778035904696e-05,0.00016815883322276713,0.0
model.dec.8x8_block0.affine,0.08699680197409738,0.08686648261476528,0.9999475017795219,0.9984496016861777,1.0014476490615933,0.010231293362911363,0.010326553519468566,0.0,131068,131328,0.99802022417154,1.0,0.9984496016861778,0.010231293362911361,0.9937618330174619,0.9999156997685575,1.0,131068,0.9999999999845567,4.360749953840856e-08,0.9999999998372188,0.010348096456716672,4.858220481448879e-05,0.0,0.08699682617049037,0.08686652376387968,0.998449800549035,1.0014474568042118,0.010230944968725801,0.010326294066745406,0.0
model.dec.8x8_block0.conv0,0.26382042064392497,0.26374275937981656,0.9999978902445988,0.9997035191717586,1.0002923479974666,0.002053539021037467,0.002058176475383309,0.0,1179895,1179904,0.9999923722607941,1.0,0.9997035191717584,0.0020535390210374644,0.9991398377979848,0.9999386954389407,1.0,1179895,0.9999999991759905,4.339177910038234e-08,0.9999999991912905,0.0020748307257182482,5.7402253270235076e-05,0.0,0.2638211952957904,0.2637434146624327,0.9997030692169808,1.0002928015046282,0.0020527382827939073,0.002057463616734344,0.0
model.dec.8x8_block0.conv1,0.18661514391113765,0.18657399770293448,0.9999985018534137,0.999778015210702,1.0002190371212791,0.0017305981010668637,0.001731869076918671,0.0,590076,590080,0.9999932212581345,1.0,0.9997780152107022,0.0017305981010668637,0.9993860510805501,0.9999387029545176,1.0,590076,0.9999999991321982,4.3426001104955745e-08,0.9999999991368315,0.001744776869958668,4.4469695786897286e-05,0.0,0.18661539362911073,0.1865743495952464,0.9997785637710236,1.0002184898263016,0.0017301638773680789,0.0017314456184718819,0.0
model.dec.8x8_block0.norm0,0.007776889408919384,0.00777617842978663,0.9999989812689192,0.9999075593171499,1.0000904115794345,0.001427266129132079,0.0014292678529466496,0.0,1024,1024,1.0,1.0,0.9999075593171499,0.0014272661291320795,1.0,1.0,1.0,1024,0.9999999987972866,4.2984332462348285e-08,0.999999998042162,0.0014302573690348512,2.8585333138102118e-05,0.0,0.007777130227404478,0.007776404906559844,0.9999057202087446,1.000092255321853,0.001425758742853498,0.0014276266842462508,0.0
model.dec.8x8_block0.norm1,0.005501131949154348,0.0055010868683007105,0.999999996217235,0.9999918013849924,1.0000081911166334,8.697934216118107e-05,0.00017803261573436611,0.0,512,512,1.0,1.0,0.9999918013849924,8.697934216118393e-05,1.0,1.0,1.0,512,0.9999999974337943,4.4341091523871514e-08,0.9999999983093539,8.736447134932888e-05,7.171975701683009e-05,0.0,0.005500799334896972,0.00550077475192373,0.9999955307692543,1.0000044687532343,2.2304226672184927e-05,0.00015971891964619865,0.0
model.dec.8x8_block0.skip,0.08809579857185382,0.08809485525363998,0.999999961069482,0.9999892532015427,1.0000106690520807,0.00027903291472840106,0.000318162392667656,0.0,131324,131328,0.9999695419103314,1.0,0.9999892532015427,0.00027903291472840144,0.9999693514772588,1.0,1.0,131324,0.9999999990690133,4.3383585593625674e-08,0.9999999989790336,0.0002792398692055559,8.045914011082962e-06,0.0,0.08809573736101853,0.08809480105885462,0.9999893328520688,1.000010589433402,0.000278972819278877,0.000317712615740131,0.0
model.dec.8x8_block1.affine,0.0874637887908907,0.08738819559737704,0.9999758601848608,0.9991116011611788,1.0008408668163769,0.0069423072815725665,0.006981191780082406,0.0,131071,131328,0.9980430677387915,1.0,0.9991116011611787,0.006942307281572569,0.9985225313962078,1.0,1.0,131071,1.0000000002240013,4.370120855441282e-08,1.0000000003762282,0.006998920183767394,3.747761768655521e-05,0.0,0.08746392189676812,0.08738828046105189,0.9991110503478442,1.0008414174313125,0.006942386214051945,0.006981415571095254,0.0
model.dec.8x8_block1.conv0,0.26371451457566203,0.2636103230007712,0.9999958550727481,0.999600764407405,1.0003911018970693,0.0028780702068067136,0.0028881802097875746,0.0,1179893,1179904,0.9999906772076372,1.0,0.999600764407405,0.002878070206806715,0.9987083282076517,1.0,1.0,1179893,0.9999999994259906,4.347996980136658e-08,0.9999999993855593,0.0029056283346004822,4.8344657158510467e-05,0.0,0.2637146604754832,0.26361083596951557,0.9996021572596784,1.000389709391501,0.0028778232876419414,0.0028878918521952433,0.0
model.dec.8x8_block1.conv1,0.1866900410930008,0.18667190838179162,0.9999993924829937,0.9999022651799673,1.0000965292206552,0.001102178583302306,0.0011043197045233605,0.0,590076,590080,0.9999932212581345,1.0,0.999902265179967,0.0011021785833023043,0.9997546614327772,1.0,1.0,590076,0.9999999993026111,4.3370961027521857e-08,0.999999999235081,0.0011065032753635464,5.264935543706577e-05,0.0,0.18669029491055406,0.18667250269669422,0.9999040904130276,1.000094706116866,0.0011010550491030618,0.0011032521023035965,0.0
model.dec.8x8_block1.norm0,0.007778961044987425,0.007778934293332056,0.9999999970204322,0.9999965580450811,1.0000034360076098,7.719517242730206e-05,0.00017773397064043574,0.0,1024,1024,1.0,1.0,0.9999965580450811,7.7195172427301e-05,0.9999980845229164,1.0,1.0,1024,0.9999999977423973,4.3597393776688065e-08,0.9999999975433719,7.727111577439185e-05,4.427432198346093e-06,0.0,0.007779312203906392,0.0077792803260037235,0.9999958991995358,1.0000040947744275,7.773531458073154e-05,0.00017656140394816126,0.0
model.dec.8x8_block1.norm1,0.0055008867485491315,0.00550088666623148,0.9999999999999428,0.9999999850355098,1.000000014964376,3.382773287560941e-07,0.00016351637803548724,0.0,512,512,1.0,1.0,0.9999999850355098,3.382773287562908e-07,1.0,1.0,1.0,512,0.9999999984248925,4.1773116507181554e-08,0.9999999986539303,3.386367651305627e-07,5.255181839992474e-06,0.0,0.005500848348681728,0.005500841567554192,0.9999987672448163,1.0000012327306051,5.108640497797212e-06,0.00016147124646206349,0.0
model.dec.8x8_block1.skip,0.08809854095603806,0.088098077212509,0.9999999940352047,0.9999947301168551,1.000005257981263,0.00010922208890998919,0.0001923009969665676,0.0,131328,131328,1.0,1.0,0.9999947301168551,0.00010922208890998862,0.9999846759734587,1.0,1.0,131328,0.9999999993519031,4.344789459794484e-08,0.9999999993853882,0.00010934915477972899,6.101620662120761e-06,0.0,0.08809849477303876,0.08809803399296574,0.999994763768675,1.0000052243622748,0.0001090700778579443,0.00019149565511188905,0.0
model.dec.8x8_block2.affine,0.08752814253044688,0.08746100998887917,0.9999795933454648,0.9992126266342294,1.0007471487581643,0.006383597035380621,0.006415058850061887,0.0,131070,131328,0.9980354532163743,1.0000000000000002,0.9992126266342293,0.006383597035380618,0.9989156440295501,1.0,1.0,131070,0.9999999999665546,4.344876518209244e-08,0.999999999995914,0.006431972267815781,3.3473449547761636e-05,0.0,0.08752831737802169,0.08746115963629192,0.9992123424677539,1.0007474377763463,0.006383250173315273,0.006414823785165632,0.0
model.dec.8x8_block2.conv0,0.2640099991229122,0.26399009862433226,0.9999995722719484,0.9999241944827206,1.000074955743418,0.0009248388834477979,0.0009291395550440212,0.0,1179897,1179904,0.999994067313951,1.0,0.9999241944827206,0.0009248388834477963,0.9997547817557626,1.0,1.0,1179897,0.9999999994632143,4.349343445267064e-08,0.9999999994094992,0.0009279403083042514,5.290919443992514e-05,0.0,0.26401007108520413,0.2639907471989864,0.9999263799043101,1.0000727726926177,0.0009233827894861686,0.0009278106284323565,0.0
model.dec.8x8_block2.conv1,0.18670940773254344,0.18669720880398694,0.999999682105532,0.999934345683406,1.0000650227967864,0.000797311580974207,0.0008034248141039694,0.0,590074,590080,0.9999898318872017,0.9999999999999998,0.9999343456834062,0.000797311580974207,0.9997548418730081,1.0,1.0,590074,0.9999999994886019,4.3497410571841294e-08,0.9999999994137521,0.000800009986502131,5.8697851480670115e-05,0.0,0.18670997490703672,0.18669829481870415,0.9999371264115259,1.0000622450615129,0.0007952115483953397,0.0008015703777224959,0.0
model.dec.8x8_block2.norm0,0.0077788406563929985,0.0077788367216628206,0.9999999999413407,0.9999994941165845,1.0000005057663526,1.0831374005396035e-05,0.00016338456797931105,0.0,1024,1024,1.0,1.0,0.9999994941165845,1.0831374005395659e-05,1.0,1.0,1.0,1024,0.9999999997403701,4.418027917436085e-08,0.9999999989808039,1.0843496357665133e-05,5.906319046402335e-06,0.0,0.0077793804356607685,0.007779373111619917,0.9999990585022817,1.0000009414399678,7.657464102788823e-06,0.0001618629822516131,0.0
model.dec.8x8_block2.norm1,0.005500953486232554,0.005500948220083463,0.9999999998830537,0.9999990425673622,1.0000009571996618,1.5293530097743266e-05,0.00016329139848993707,0.0,512,512,1.0,1.0,0.9999990425673622,1.5293530097738133e-05,1.0,1.0,1.0,512,0.999999997554687,4.48432562040713e-08,0.9999999990782393,1.5322856995760466e-05,2.254925518175366e-05,0.0,0.0055008378961939304,0.0055008273521219495,0.9999980829445863,1.0000019165722198,2.2065038317621465e-05,0.00016221416263676507,0.0
model.dec.8x8_block2.skip,0.08809853756943363,0.08809817789782609,0.9999999960028805,0.9999959133970164,1.0000040786254123,8.941014325808653e-05,0.00018280888802908168,0.0,131327,131328,0.9999923854775828,1.0,0.9999959133970164,8.941014325808706e-05,0.9999904583821146,1.0,1.0,131327,0.9999999991435609,4.353035721739166e-08,0.9999999991368315,8.950354875582336e-05,6.805478927282756e-06,0.0,0.08809848315730716,0.0880981379439395,0.9999960775291419,1.0000039145322384,8.918470759623367e-05,0.0001820501668043542,0.0
model.dec.8x8_block3.affine,0.08744805453274575,0.08737114640625912,0.9999743242709133,0.999094874725405,1.0008545479486113,0.007159644925282156,0.007199129379747197,0.0,131071,131328,0.9980430677387915,1.0000000000000002,0.9990948747254049,0.007159644925282152,0.9985228951255539,1.0,1.0,131071,1.0000000001583444,4.3540309402464046e-08,1.0000000002864926,0.007216631367692698,3.747147910026696e-05,0.0,0.08744818368489676,0.08737125243649534,0.9990946111901648,1.0008548110788398,0.007159703581915058,0.0071993019529835705,0.0
model.dec.8x8_block3.conv0,0.2640203053413947,0.2640035291156656,0.9999996705177062,0.9999361291162979,1.0000632159568823,0.0008117146902884791,0.0008179402832144084,0.0,1179898,1179904,0.9999949148405294,1.0,0.9999361291162979,0.0008117146902884794,0.9997548418730081,1.0,1.0,1179898,0.9999999993905115,4.352230710959131e-08,0.9999999993814536,0.0008142236096183664,5.737576909445797e-05,0.0,0.2640207521177032,0.2640046917373448,0.9999388419837715,1.0000605056292768,0.0008099429231657485,0.0008164031568479252,0.0
model.dec.8x8_block3.conv1,0.18670537883972185,0.1866923934666708,0.999999622754465,0.9999300727059711,1.0000691776405064,0.0008685539602061598,0.0008737232085345811,0.0,590070,590080,0.9999830531453362,1.0000000000000002,0.9999300727059709,0.0008685539602061599,0.9997547817557626,1.0,1.0,590070,0.9999999994147326,4.342559809154312e-08,0.9999999993817295,0.0008713642798715403,6.279889235597276e-05,0.0,0.18670641290723353,0.18669396594229667,0.9999329586722525,1.0000662950155814,0.0008664043948683124,0.0008717996221760147,0.0
model.dec.8x8_block3.norm0,0.00777881908194007,0.00777881163597605,0.9999999998389978,0.9999990426289199,1.000000957049992,1.7944466994175114e-05,0.0001635611246372205,0.0,1024,1024,1.0,1.0,0.9999990426289199,1.79444669941777e-05,1.0,1.0,1.0,1024,1.0000000001460592,4.4441265544508085e-08,1.000000001854045,1.7969666798700582e-05,7.757448005590263e-06,0.0,0.007779373674100349,0.007779363954195386,0.9999987504851003,1.0000012493780555,1.1764570107769214e-05,0.00016180202889227533,0.0
model.dec.8x8_block3.norm1,0.005501144461056585,0.0055011339317022545,0.9999999995322459,0.9999980855024655,1.0000019135656901,3.058601721013112e-05,0.00016448587015558267,0.0,512,512,1.0,1.0,0.9999980855024655,3.058601721012968e-05,1.0,1.0,1.0,512,0.9999999976414315,4.4515437723558204e-08,0.9999999990290025,3.0643184607658605e-05,1.977890152275584e-05,0.0,0.0055008438983951856,0.005500835547099141,0.9999984817400212,1.0000015181113626,1.2284972373976922e-05,0.0001615727002576141,0.0
model.dec.8x8_block3.skip,0.08809831177168723,0.08809788586937287,0.9999999817945276,0.999995147396478,1.000004816215949,0.0001908155975487854,0.00024819565231921025,0.0,131327,131328,0.9999923854775828,1.0,0.9999951473964779,0.00019081559754878473,0.9999885069360641,1.0,1.0,131327,0.999999999079341,4.329776465507762e-08,0.9999999989787809,0.00019087743792646874,7.212002527017235e-06,0.0,0.08809826489045793,0.08809785749909757,0.9999953575345343,1.0000046061229237,0.00019069239423232147,0.00024765527666525575,0.0
model.dec.8x8_block4.affine,0.0874381456340491,0.08735855836226453,0.9999728999350755,0.9990627123460404,1.000883916742774,0.007355322863855217,0.007397121519357198,0.0,131072,131328,0.9980506822612085,1.0,0.9990627123460403,0.007355322863855214,0.9986773524283634,1.0,1.0,131072,1.0000000003060174,4.366865752341459e-08,1.0000000003271077,0.007414801367999457,3.856157562545731e-05,0.0,0.0874382726548779,0.08735866326352075,0.9990624605284345,1.0008841686726409,0.007355344523917854,0.007397257736840438,0.0
model.dec.8x8_block4.conv0,0.2640163296060991,0.26399856416745654,0.9999996423946913,0.999932353252705,1.0000669360648125,0.0008456442755926876,0.0008511990450626416,0.0,1179892,1179904,0.9999898296810588,0.9999999999999998,0.9999323532527052,0.0008456442755926865,0.9997548418730081,1.0,1.0,1179892,0.9999999993020591,4.34208022776173e-08,0.9999999992658833,0.0008483454787372147,5.888739876317752e-05,0.0,0.26401699788859206,0.26399997283171306,0.9999351592231903,1.00006413273562,0.0008438647741929971,0.0008496462526301039,0.0
model.dec.8x8_block4.conv1,0.18670041166318402,0.18668575437436666,0.9999995211764247,0.999921014216164,1.000078034300515,0.0009785175335094794,0.0009823214639486618,0.0,590077,590080,0.9999949159436009,1.0,0.999921014216164,0.0009785175335094772,0.9997547817557626,1.0,1.0,590077,0.9999999992770117,4.344705295929559e-08,0.9999999991752911,0.0009817000543533223,6.561774771616102e-05,0.0,0.18670176459321336,0.18668766652773733,0.9999240121266828,1.0000750400626632,0.0009764060592673683,0.0009803991336173312,0.0
model.dec.8x8_block4.norm0,0.007778718422899432,0.0077787128346724944,0.9999999999121865,0.9999992815127493,1.0000007183121398,1.3252424861950893e-05,0.00016335102881264433,0.0,1024,1024,1.0,1.0,0.9999992815127493,1.3252424861948768e-05,1.0,1.0,1.0,1024,1.0000000008303829,4.418093748495219e-08,1.000000001303905,1.3271702373174e-05,1.3280911124719112e-05,0.0,0.007779381202491555,0.0077793741652440514,0.9999990953891736,1.0000009045949454,4.08643458206687e-06,0.00016177022205672307,0.0
model.dec.8x8_block4.norm1,0.005501139836686476,0.005501113501616025,0.9999999978983132,0.99999521069581,1.0000047851237337,6.483312073233069e-05,0.0001714741500630758,0.0,512,512,1.0,1.0,0.99999521069581,6.483312073232791e-05,1.0,1.0,1.0,512,1.0000000006155019,4.3525969435927566e-08,1.0000000004094374,6.500793280820764e-05,6.0321530887727904e-05,0.0,0.00550084508797727,0.0055008371766971,0.9999985617812056,1.0000014381704632,7.099274486783404e-06,0.00016134120543149643,0.0
model.dec.8x8_block4.skip,0.08809856677603595,0.08809822082480968,0.9999999968922613,0.9999960700267304,1.0000039237732126,7.88379895994663e-05,0.00017801613011200152,0.0,131327,131328,0.9999923854775828,1.0,0.9999960700267304,7.88379895994664e-05,0.9999885069360641,1.0,1.0,131327,0.9999999991440485,4.334753700711477e-08,0.9999999992162367,7.893598618384263e-05,7.006251267428051e-06,0.0,0.08809853032777747,0.08809820125861788,0.9999962616749024,1.0000037321689488,7.85496945998137e-05,0.00017724648606167872,0.0
model.dec.8x8_in0.affine,0.08735210226615174,0.08726461108031473,0.9999677958934081,0.998966235931005,1.0009703600162347,0.008017369970197592,0.008065782403633393,0.0,131067,131328,0.9980126096491229,1.0,0.998966235931005,0.008017369970197592,0.9982754372998276,0.9999808443980879,1.0,131067,0.999999999878846,4.354937324333397e-08,1.0000000001148155,0.008083742181112057,5.12161869269488e-05,0.0,0.0873521991722796,0.08726469553453607,0.9989660965183514,1.0009705037565864,0.008017117145915206,0.008065636744229237,0.0
model.dec.8x8_in0.conv0,0.18663925620349806,0.18660627431668134,0.999998726188685,0.9998220117853225,1.000175471825587,0.0015958448179635941,0.0015961715259680386,0.0,590068,590080,0.9999796637744035,1.0000000000000002,0.9998220117853224,0.001595844817963594,0.9995090819833088,0.9999808443063531,1.0,590068,0.9999999989819509,4.3389257095475e-08,0.9999999989898538,0.0016057397191197658,5.431116885684184e-05,0.0,0.18663981225340662,0.18660687105394752,0.9998222317574176,1.0001752546698848,0.0015949386265540762,0.001595270167175129,0.0
model.dec.8x8_in0.conv1,0.18667266789274223,0.18664962810184252,0.9999991937874769,0.9998757704037281,1.0001226324064503,0.0012696560159163046,0.001270471045686567,0.0,590074,590080,0.9999898318872017,1.0,0.9998757704037281,0.0012696560159163055,0.9996932891669734,1.0,1.0,590074,0.9999999991537416,4.331656863243078e-08,0.999999999076584,0.0012757190212487703,5.325137820571849e-05,0.0,0.18667318943389408,0.1866503707759599,0.9998769567924471,1.0001214486176393,0.0012685187706583747,0.0012693416738329766,0.0
model.dec.8x8_in0.norm0,0.005500932148041327,0.005500923832757883,0.999999999897438,0.9999984882839118,1.0000015115132495,1.432212201755191e-05,0.0001626510279370971,0.0,512,512,1.0,1.0,0.9999984882839118,1.4322122017552083e-05,1.0,1.0,1.0,512,1.0000000029896108,4.368632121049877e-08,1.0000000048537427,1.4401765380119478e-05,1.001022384873941e-05,0.0,0.005500841492463824,0.005500832265477687,0.9999983225949067,1.0000016773521334,7.4681428703466935e-06,0.00016111889409035156,0.0
model.dec.8x8_in0.norm1,0.005500684014510023,0.0055006784169087716,0.9999999998821845,0.9999989822630602,1.0000010175023444,1.5350263228771425e-05,0.00016323667660046238,0.0,512,512,1.0,1.0,0.9999989822630602,1.5350263228772933e-05,1.0,1.0,1.0,512,0.9999999991371015,4.096941001732653e-08,0.9999999982988987,1.5383041993698458e-05,1.587341797605195e-05,0.0,0.005500842055420036,0.005500833020373427,0.9999983574976221,1.0000016424688822,6.016101533709983e-06,0.00016109298529389416,0.0
model.dec.8x8_in0.norm2,0.005500862444442043,0.005500855172629553,0.9999999999088066,0.9999986779683723,1.0000013218509887,1.3505049906007382e-05,0.00016277015597000955,0.0,512,512,1.0,1.0,0.9999986779683723,1.3505049906008239e-05,0.9999980845260351,1.0,1.0,512,1.0000000003753065,4.260434859060845e-08,1.0000000003122085,1.3568954470376246e-05,3.1357538148777003e-06,0.0,0.005500847643535766,0.005500840666833338,0.9999987316211678,1.0000012682145454,1.288002101151196e-05,0.0001618681760273292,0.0
model.dec.8x8_in0.proj,0.062338709927451566,0.062332934648974596,0.9999993714640077,0.9999067279868854,1.0000920235247444,0.001121088168421362,0.0011234696082248591,0.0,65792,65792,1.0,1.0,0.9999067279868854,0.0011210881684213627,0.9997547817557626,0.9999846759734587,1.0,65792,0.9999999991991944,4.341231877515593e-08,0.999999999235081,0.0011249616519625962,2.883318207181434e-05,0.0,0.0623387108102638,0.06233292416479872,0.9999065459109415,1.0000922061645547,0.001120851586388016,0.0011231648166437588,0.0
model.dec.8x8_in0.qkv,0.10787867523552747,0.10784306751462604,0.9999960058687087,0.999665935272256,1.0003261854481673,0.0028254157407504666,0.0028310220130654037,0.0,197373,197376,0.9999848005836576,1.0,0.999665935272256,0.002825415740750465,0.9991398377979848,0.9999540231646622,1.0,197373,0.9999999989320681,4.33191539788894e-08,0.9999999989717541,0.0028450961748691284,3.88584214169492e-05,0.0,0.10787875472705294,0.10784314083191358,0.999665878830089,1.0003262430233606,0.0028252218572256656,0.0028308841336481864,0.0
model.dec.8x8_in1.affine,0.08725034059078392,0.08714717210997376,0.9999609246216591,0.9987785286703744,1.001144720342908,0.008829752271436534,0.008894362648784878,0.0,131069,131328,0.9980278386939572,1.0,0.9987785286703745,0.008829752271436534,0.9965343746704334,0.9999693495984797,1.0,131069,0.9999999998205937,4.3687607167281024e-08,0.9999999999120839,0.00891383853990907,4.5892674156012875e-05,0.0,0.08725043393611896,0.08714726406056439,0.9987785178435219,1.0011447389999768,0.008829311766352781,0.008894026433389613,0.0
model.dec.8x8_in1.conv0,0.18662682565455505,0.18658964311973353,0.9999986022914829,0.9997993678956729,1.0001978763896027,0.001671616374721874,0.0016723020709924782,0.0,590077,590080,0.9999949159436009,0.9999999999999998,0.9997993678956731,0.0016716163747218721,0.9994782435221632,0.9999693514772588,1.0,590077,0.999999999080289,4.3389588028903624e-08,0.9999999990409876,0.0016836133760769407,5.601877579634367e-05,0.0,0.18662741237184666,0.18659023003676659,0.9997993711464476,1.0001978762470842,0.001670686572916529,0.0016713911646306508,0.0
model.dec.8x8_in1.conv1,0.18665542854494452,0.18662683905282795,0.9999989381996646,0.9998457711475028,1.000152128715591,0.0014570343378368898,0.0014573021360105873,0.0,590075,590080,0.9999915265726681,1.0,0.9998457711475028,0.0014570343378368892,0.9995704467353952,1.0,1.0,590075,0.9999999990578547,4.3368288737073884e-08,0.9999999990662691,0.0014651740878446624,5.115736762318529e-05,0.0,0.18665568544152614,0.18662731196087007,0.999846929565757,1.0001509718169932,0.001456393344597541,0.0014566613498322573,0.0
model.dec.8x8_in1.norm0,0.005500734501087881,0.005500718354813418,0.9999999989466498,0.9999970636523826,1.000002934249533,4.5898671459211515e-05,0.00016702653572921183,0.0,512,512,1.0,1.0,0.9999970636523826,4.5898671459213934e-05,1.0,1.0,1.0,512,0.9999999974181419,4.300899135066954e-08,0.9999999975030991,4.5994230647442437e-05,1.456305246606894e-05,0.0,0.005500812019979056,0.005500792086428283,0.9999963755816106,1.0000036230886349,3.664527896004422e-05,0.00016316796095874027,0.0
model.dec.8x8_in1.norm1,0.005500436856220348,0.005500318497839333,0.9999999056975407,0.9999783877030709,1.0000214241550447,0.00043427732260563806,0.0004569446295939688,0.0,512,512,1.0,1.0,0.9999783877030709,0.0004342773226056378,1.0,1.0,1.0,512,0.9999999995657461,4.396828108896562e-08,0.9999999992949349,0.0004348167819453235,2.850058121567122e-05,0.0,0.005500532324186434,0.005500416803410496,0.999978904604914,1.0000209085315903,0.00043277788962165745,0.000455397423124696,0.0
model.enc.16x16_block0.affine,0.08763683849670342,0.08758827528583546,0.9999862422405524,0.9994321083445789,1.000540683375379,0.005242598906592296,0.005259031843843073,0.0,131070,131328,0.9980354532163743,1.0,0.9994321083445789,0.005242598906592296,0.999355274468869,1.0,1.0,131070,0.9999999998061215,4.366778706831224e-08,0.9999999997154303,0.005273266924878479,3.372480971160326e-05,0.0,0.08763696958867966,0.08758841965106708,0.9994322621864358,1.0005405324819125,0.005242302727403347,0.005258789737834028,0.0
model.enc.16x16_block0.conv0,0.18672703051723713,0.1867204742472914,0.9999998564756529,0.9999647449602683,1.0000349692238997,0.0005357504237464437,0.0005509769885954686,0.0,590073,590080,0.9999881372017354,1.0,0.9999647449602683,0.0005357504237464428,0.999877345762296,1.0,1.0,590073,0.9999999992584598,4.341746013732755e-08,0.9999999992786157,0.0005369090120665022,4.4751396858703295e-05,0.0,0.18672646096354503,0.1867201935190788,0.9999662925520725,1.0000334233564214,0.0005340402380788676,0.0005494630450150593,0.0
model.enc.16x16_block0.conv1,0.18673286116339508,0.18672819288481632,0.9999998860978306,0.9999748863306877,1.0000248864899777,0.0004772765820766188,0.0004970167637340526,0.0,590075,590080,0.9999915265726681,1.0,0.9999748863306877,0.00047727658207661857,0.9998774059090352,1.0,1.0,590075,0.9999999991566448,4.343015779114744e-08,0.9999999990952035,0.0004779368552634887,3.660862056776587e-05,0.0,0.1867320118162751,0.18672755680386527,0.999976028908593,1.000023745044743,0.0004760305098578942,0.0004958851887243938,0.0
model.enc.16x16_block0.norm0,0.005500627667108246,0.005500624683069354,0.999999999940517,0.9999994574499008,1.0000005424314276,1.0907141951544173e-05,0.00016335301922754532,0.0,512,512,1.0,1.0,0.9999994574499008,1.0907141951542435e-05,1.0,1.0,1.0,512,0.9999999988770706,4.335818563957634e-08,1.0000000001378444,1.091967282543938e-05,1.0505347891118125e-05,0.0,0.005500859093349461,0.005500856245770622,0.9999994823361185,1.0000005176578846,2.5029373420315976e-06,0.00016212492174668346,0.0
model.enc.16x16_block0.norm1,0.0055007932441448375,0.0055007932441448375,1.0,1.0,1.0,0.0,0.00016353099494948933,0.0,512,512,1.0,1.0,1.0,0.0,1.0,1.0,1.0,512,1.0000000009463266,4.02693780971383e-08,1.0000000004429213,4.028049585473585e-08,1.6946060256409085e-06,0.0,0.005500863129435976,0.005500861801464388,0.9999997585870964,1.0000002414101432,1.678912649208388e-06,0.00016239057160121576,0.0
model.enc.16x16_block0.norm2,0.005500897750724603,0.005500896953276361,0.9999999999962782,0.9999998550293512,1.000000144963226,2.7283238181381477e-06,0.00016340878610263007,0.0,512,512,1.0,1.0,0.9999998550293512,2.7283238181356858e-06,1.0,1.0,1.0,512,0.9999999989910694,4.312644545626102e-08,0.9999999979443054,2.733227054267298e-06,2.6671379551215704e-06,0.0,0.005500866212446844,0.005500865939768966,0.9999999504299865,1.0000000495699672,2.2108966347672976e-07,0.00016257391410260912,0.0
model.enc.16x16_block0.proj,0.06235523934684278,0.062354556901144824,0.999999985845672,0.9999890413653774,1.0000109304457494,0.0001682499223286661,0.00022714549059924574,0.0,65792,65792,1.0,1.0,0.9999890413653774,0.00016824992232866655,0.9999387067116151,1.0,1.0,65792,0.9999999994819991,4.318930453869099e-08,0.9999999994175928,0.00016860663572641643,2.2669643812045707e-05,0.0,0.06235484712035778,0.06235420618408245,0.999989707231784,1.0000102650421254,0.00016682677793822482,0.00022592990121858024,0.0
model.enc.16x16_block0.qkv,0.10799457091305548,0.10799112697346767,0.999999780022465,0.9999678900968783,1.000031670965052,0.0006632699007746329,0.0006762699014857234,0.0,197376,197376,1.0,1.0,0.9999678900968783,0.0006632699007746337,0.9999386973180077,1.0,1.0,197376,0.9999999991227295,4.3329728311920165e-08,0.9999999990768096,0.000664046681919938,2.4325910305505063e-05,0.0,0.10799437906877389,0.10799099093340887,0.999968407077251,1.0000311545609633,0.0006628110456087876,0.0006757432981675252,0.0
model.enc.16x16_block1.affine,0.08764589375300026,0.08760038842657944,0.999987100411763,0.9994679119196119,1.0005065586041086,0.005076635459192284,0.005090830567010904,0.0,131071,131328,0.9980430677387915,1.0,0.9994679119196118,0.005076635459192287,0.99950884086444,1.0,1.0,131071,0.9999999999680154,4.3844141269908154e-08,1.0000000001047744,0.005104443826057822,3.270861970257936e-05,0.0,0.08764609416892148,0.08760055602755434,0.9994675401806343,1.000506933676252,0.0050763437876475475,0.005090627797874326,0.0
model.enc.16x16_block1.conv0,0.18673002159577778,0.18672434839385577,0.9999998419204286,0.9999694600837173,1.000030224680224,0.0005622632012195908,0.0005778655655971688,0.0,590078,590080,0.9999966106290672,1.0,0.9999694600837173,0.00056226320121959,0.9998773908778813,1.0,1.0,590078,0.9999999992585454,4.3389315427826644e-08,0.9999999992542032,0.0005630919604933685,4.1518434034375645e-05,0.0,0.18672933487600618,0.1867239244398649,0.9999708680220215,1.000028818356172,0.0005607522796045673,0.0005765102586893403,0.0
model.enc.16x16_block1.conv1,0.18673560432747768,0.18673171440708294,0.9999999193671322,0.9999790882026893,1.0000207509655215,0.0004015706790375762,0.0004262053687805593,0.0,590075,590080,0.9999915265726681,1.0,0.9999790882026893,0.0004015706790375768,0.9999386991969594,1.0,1.0,590075,0.999999999202163,4.3385111255692744e-08,0.9999999991342514,0.0004021147884362788,3.2638174025278e-05,0.0,0.18673461650725054,0.18673093374971306,0.999980197974627,1.0000196421187002,0.0004003614662703752,0.0004251334497139844,0.0
model.enc.16x16_block1.norm0,0.005500624838156267,0.0055006233564958455,0.9999999999851297,0.9999997306229271,1.0000002693474046,5.453503602077778e-06,0.0001633526611881571,0.0,512,512,1.0,1.0,0.9999997306229271,5.453503602077486e-06,1.0,1.0,1.0,512,1.0000000000724518,4.347175618940113e-08,1.0000000007399528,5.460164580548253e-06,4.254912101808871e-06,0.0,0.005500862699821204,0.005500861227778188,0.9999997323967916,1.0000002676012836,1.4128946240699654e-06,0.00016236184478365666,0.0
model.enc.16x16_block1.norm1,0.005500828375060809,0.005500828375060809,1.0,1.0,1.0,0.0,0.00016353099494949261,0.0,512,512,1.0,1.0,1.0,0.0,1.0,1.0,1.0,512,0.9999999993171061,4.351858315986543e-08,0.9999999998039439,4.352394081737975e-08,9.622955943078736e-07,0.0,0.005500863769289855,0.00550086264514954,0.9999997956424993,1.0000002043566492,9.450305447075062e-07,0.00016242170125008778,0.0
model.enc.16x16_block1.norm2,0.005500875972687109,0.005500875971400892,0.9999999999999971,0.9999999997661766,1.0000000002338176,7.575183547035628e-08,0.0001635307786387115,0.0,512,512,1.0,1.0,0.9999999997661766,7.575183546526538e-08,1.0,1.0,1.0,512,0.9999999988209284,4.3555264734438135e-08,0.9999999971087427,8.464688790400514e-08,4.4139102563007744e-07,0.0,0.005500866177721951,0.005500865925626202,0.9999999541715289,1.0000000458282776,4.4221395420256246e-07,0.00016257810748068744,0.0
model.enc.16x16_block1.proj,0.06235449643772498,0.06235372972651392,0.999999972319506,0.9999876763146686,1.000012268475537,0.00023528626317117127,0.000279715523658063,0.0,65791,65792,0.9999848005836576,1.0,0.9999876763146687,0.00023528626317117043,0.9999387067116151,1.0,1.0,65791,0.9999999990887009,4.34120404771485e-08,0.9999999990309173,0.0002356088336745302,2.371769923373676e-05,0.0,0.06235415727930785,0.06235344846805905,0.9999886050853447,1.00001134022568,0.0002341301982723413,0.00027875483300906514,0.0
model.enc.16x16_block1.qkv,0.10799808007378282,0.1079957713081676,0.9999998402662585,0.9999784624302371,1.0000212185593014,0.0005652024408109228,0.0005828545456858,0.0,197376,197376,1.0,1.0,0.9999784624302371,0.000565202440810923,0.9999387067116151,1.0,1.0,197376,0.9999999991278202,4.331160641012486e-08,0.9999999989361725,0.0005656127597983556,2.5994170407709972e-05,0.0,0.10799757190130176,0.10799535790205225,0.9999793401628102,1.0000203414844528,0.0005645882738307349,0.0005822510504110459,0.0
model.enc.16x16_block2.affine,0.0876368973639119,0.08758961094817044,0.9999864208580496,0.9994468561877468,1.0005262768195116,0.005208531454723965,0.005223939325927165,0.0,131072,131328,0.9980506822612085,1.0,0.9994468561877468,0.005208531454723965,0.9995089011663597,1.0,1.0,131072,0.9999999998891084,4.367846955083538e-08,0.9999999998181615,0.005237820988197358,3.239650251068334e-05,0.0,0.08763707938203008,0.0875897806901677,0.9994467172722502,1.0005264159671965,0.0052085228584477904,0.005224004179928434,0.0
model.enc.16x16_block2.conv0,0.18673398712562223,0.1867295577826788,0.9999999123615968,0.9999761922952959,1.0000236329905527,0.00041865078980605667,0.00044141513571104105,0.0,590077,590080,0.9999949159436009,1.0,0.9999761922952959,0.0004186507898060555,0.9998774059090352,1.0,1.0,590077,0.9999999992295732,4.346167263100151e-08,0.9999999992393747,0.00041932713544939274,3.9281981407724394e-05,0.0,0.18673322177933482,0.18672902541092348,0.9999774406122601,1.0000223861785542,0.00041678099326521314,0.00043974968096502885,0.0
model.enc.16x16_block2.conv1,0.1867384309049987,0.18673535400067803,0.9999999448165402,0.9999834677360809,1.0000164221684982,0.0003322096922925624,0.0003633279652559233,0.0,590078,590080,0.9999966106290672,1.0,0.9999834677360809,0.000332209692292561,0.9999387067116151,1.0,1.0,590078,0.9999999992225281,4.347612168465583e-08,0.999999999235081,0.00033262080985089234,2.9672602178832775e-05,0.0,0.18673734399406192,0.18673447647753263,0.9999845893832829,1.0000153013804438,0.0003308605670129921,0.0003621811295464018,0.0
model.enc.16x16_block2.norm0,0.005500567651725123,0.005500567641434805,0.9999999999999991,0.9999999981292252,1.0000000018707729,4.2287114452645344e-08,0.0001635291293381508,0.0,512,512,1.0,1.0,0.9999999981292252,4.2287114453908826e-08,1.0,1.0,1.0,512,0.999999997546435,4.198276218345635e-08,0.9999999965776446,5.7025924917565605e-08,4.963234323581079e-06,0.0,0.005500860433327448,0.005500858033035493,0.9999995636393315,1.0000004363364337,4.94214162199861e-06,0.00016226221537101154,0.0
model.enc.16x16_block2.norm1,0.005500808866130137,0.005500808866130137,1.0,1.0,1.0,0.0,0.0001635309949494888,0.0,512,512,1.0,1.0,1.0,0.0,1.0,1.0,1.0,512,0.9999999990719578,4.3639790357585876e-08,0.999999999426691,4.3649657099815226e-08,1.319741830273246e-06,0.0,0.0055008630348750386,0.005500861631639331,0.999999744905417,1.0000002550929559,1.3008295853249246e-06,0.00016237341820375738,0.0
model.enc.16x16_block2.norm2,0.005500868192175151,0.0055008680500480845,0.9999999999999345,0.9999999741627282,1.0000000258371415,3.616117428394676e-07,0.0001635055534573821,0.0,512,512,1.0,1.0,0.9999999741627282,3.616117428357373e-07,1.0,1.0,1.0,512,0.9999999993188029,4.5130256156507757e-08,1.0000000008144663,3.664976267473973e-07,3.4883007234119443e-07,0.0,0.005500866413739628,0.00550086620601529,0.999999962237879,1.0000000377621059,1.2887219123628288e-07,0.0001625856246242268,0.0
model.enc.16x16_block2.proj,0.06235459371838985,0.062353931635683965,0.99999998514078,0.9999893671148007,1.0000106032795033,0.0001723885395415206,0.00023044485061155128,0.0,65791,65792,0.9999848005836576,0.9999999999999999,0.9999893671148008,0.0001723885395415205,0.9999387067116151,1.0,1.0,65791,0.9999999989139038,4.327481576858666e-08,0.9999999989251118,0.00017271600885273588,1.919831873031184e-05,0.0,0.06235445440747954,0.06235384345101975,0.999990187181573,1.0000097835183466,0.00017145118334298552,0.00022968595556790392,0.0
model.enc.16x16_block2.qkv,0.10799821157866983,0.1079960388895235,0.9999998797674525,0.9999797619446354,1.0000199979950044,0.0004903625246085105,0.0005109461555486053,0.0,197374,197376,0.9999898670557718,1.0,0.9999797619446353,0.000490362524608511,0.9999387067116151,1.0,1.0,197374,0.9999999992370673,4.3429112233173216e-08,0.9999999991507802,0.0004907799539958525,2.7901204619007355e-05,0.0,0.10799756444762258,0.10799549513882652,0.9999807194237018,1.0000190411837093,0.0004896432641622643,0.0005102693015253526,0.0
model.enc.16x16_block3.affine,0.08764824949575409,0.0876027126410255,0.9999870968101542,0.9994675625648056,1.0005069011151249,0.00507734235558067,0.005091561033653983,0.0,131070,131328,0.9980354532163743,1.0,0.9994675625648057,0.005077342355580669,0.9995693450595098,1.0,1.0,131070,0.9999999999481088,4.370181664621422e-08,1.0000000001037976,0.005105183133093622,3.0128412533636026e-05,0.0,0.08764842672148714,0.08760289328146391,0.9994676026240493,1.0005068611145835,0.005077332691434056,0.005091609711039001,0.0
model.enc.16x16_block3.conv0,0.1867328108827831,0.18672813939313074,0.9999999141445485,0.9999748971738877,1.0000249317410739,0.00041436976742999134,0.0004369435747018275,0.0,590073,590080,0.9999881372017354,1.0,0.9999748971738877,0.00041436976742999124,0.9998774059090352,1.0,1.0,590073,0.9999999993237159,4.3433395108937846e-08,0.9999999993887996,0.00041512935317848535,4.056221809910839e-05,0.0,0.18673209797949983,0.18672766773076943,0.999976189867576,1.0000236407446057,0.0004122410023642243,0.00043504707092924754,0.0
model.enc.16x16_block3.conv1,0.18673723848113002,0.18673407133606937,0.9999999408050734,0.9999829803696566,1.0000169015281515,0.0003440724253261856,0.0003740178083419616,0.0,590074,590080,0.9999898318872017,1.0,0.9999829803696568,0.00034407242532618514,0.9999387067116151,1.0,1.0,590074,0.9999999990682721,4.339269961965489e-08,0.9999999989898565,0.00034449297738630493,2.902972734790787e-05,0.0,0.18673651937664118,0.1867335500368572,0.9999840399207265,1.0000158426257097,0.000343078227279594,0.0003731625742297458,0.0
model.enc.16x16_block3.norm0,0.005500560195419298,0.0055005575631259405,0.999999999941404,0.9999995213913538,1.000000478491683,1.0825529699489836e-05,0.00016341139979006287,0.0,512,512,1.0,1.0,0.9999995213913538,1.0825529699488664e-05,1.0,1.0,1.0,512,0.9999999998989206,4.313954898849914e-08,1.0000000029368095,1.0837978039512156e-05,7.837512633750348e-07,0.0,0.005500856896034599,0.005500853281113666,0.9999993427901894,1.0000006571025555,1.0377230353209729e-05,0.00016229822927650445,0.0
model.enc.16x16_block3.norm1,0.005500668916021371,0.005500668916021371,1.0,1.0,1.0,0.0,0.00016353099494947882,0.0,512,512,1.0,1.0,1.0,0.0,1.0,1.0,1.0,512,1.0000000000051652,4.415533465530536e-08,1.0000000026041547,4.4155334957421717e-08,1.2806474191719977e-06,0.0,0.0055008635069157315,0.005500862285678321,0.9999997779908967,1.0000002220075659,1.2596431512702115e-06,0.0001624061832269152,0.0
model.enc.16x16_block3.norm2,0.005500865648052532,0.005500865243543106,0.9999999999990716,0.9999999264634769,1.000000073534672,1.3625467613670687e-06,0.000163463127110814,0.0,512,512,1.0,1.0,0.9999999264634769,1.3625467613660199e-06,1.0,1.0,1.0,512,0.9999999958744125,4.317928093946209e-08,0.999999994293848,1.3663294998044193e-06,1.1002284387230365e-06,0.0,0.005500866109550267,0.005500865811148785,0.9999999457536823,1.0000000542462302,3.002193240862136e-07,0.0001625693639558768,0.0
model.enc.16x16_block3.proj,0.06235445551387365,0.06235362492016302,0.9999999786152367,0.9999866580965019,1.00001329931141,0.00020680519053181817,0.00025561393489890365,0.0,65792,65792,1.0,1.0,0.9999866580965019,0.00020680519053181828,0.9999387067116151,1.0,1.0,65792,0.9999999991813081,4.334574624911757e-08,0.9999999991912905,0.00020723472032421362,1.917195417098788e-05,0.0,0.06235445336983565,0.06235367503056108,0.9999874963041873,1.0000124614533907,0.00020590574939338073,0.00025484557266202936,0.0
model.enc.16x16_block3.qkv,0.10799375571050293,0.10799034916556494,0.9999997784654838,0.9999682345659231,1.000031323360094,0.0006656132746764529,0.000678635940152302,0.0,197373,197376,0.9999848005836576,1.0,0.9999682345659232,0.0006656132746764534,0.9999386935597585,1.0,1.0,197373,0.9999999992330133,4.343104348160116e-08,0.9999999992393747,0.0006663707583915036,2.9789084106980324e-05,0.0,0.10799344952654172,0.10799012070731165,0.9999689546148577,1.0000306040910873,0.0006649939156392907,0.0006779912825552614,0.0
model.enc.16x16_down.affine,0.08768940808032634,0.08765009350376891,0.9999888271320375,0.9995404931979682,1.0004373621618279,0.004724995107785642,0.0047350319301201985,0.0,131073,131328,0.9980582967836257,1.0000000000000002,0.9995404931979681,0.004724995107785644,0.9996318459395429,1.0,1.0,131073,1.0000000001815577,4.3631967253454965e-08,1.0000000002335228,0.004747285993657836,2.7110159891336804e-05,0.0,0.08768951811816773,0.08765021281041553,0.9995406000406765,1.0004372563863657,0.004724872695522726,0.004734955568288407,0.0
model.enc.16x16_down.conv0,0.18672687764880913,0.18672035944608611,0.9999998323881878,0.9999649247106612,1.000034741284303,0.0005789647601184088,0.000593135084432489,0.0,590074,590080,0.9999898318872017,1.0,0.9999649247106612,0.0005789647601184096,0.9998773608045132,1.0,1.0,590074,0.9999999991337905,4.333820167823836e-08,0.9999999991748105,0.0005800262668664101,4.421264160772628e-05,0.0,0.1867263866422116,0.18672012515621364,0.9999663003201265,1.0000333673271313,0.0005774554926598289,0.0005917627966025905,0.0
model.enc.16x16_down.conv1,0.186730992723651,0.18672579086969557,0.9999998868328328,0.9999720293610178,1.000027745080708,0.00047573281563664197,0.0004947434781400953,0.0,590073,590080,0.9999881372017354,1.0,0.9999720293610176,0.00047573281563664213,0.9998774059090352,1.0,1.0,590073,0.9999999991072345,4.3346034750487564e-08,0.9999999991302716,0.0004765543747738116,3.791081164291854e-05,0.0,0.1867303786155979,0.18672539053944537,0.9999731748259562,1.0000266009717487,0.00047424029234221664,0.0004933730511828711,0.0
model.enc.16x16_down.norm0,0.005500628032785519,0.005500628032785519,1.0,1.0,1.0,0.0,0.00016353099494949484,0.0,512,512,1.0,1.0,1.0,0.0,1.0,1.0,1.0,512,0.9999999959713577,4.144275205584871e-08,0.9999999950970357,4.1638103415063755e-08,5.90353509524709e-07,0.0,0.005500864602748734,0.005500863746775197,0.9999998443927458,1.0000001556069513,5.718991156822399e-07,0.00016246871612458913,0.0
model.enc.16x16_down.norm1,0.005500808271300851,0.00550080695420454,0.9999999999926905,0.9999997605558212,1.000000239429617,3.823478466890913e-06,0.00016333628358247603,0.0,512,512,1.0,1.0,0.9999997605558212,3.823478466889705e-06,1.0,1.0,1.0,512,0.9999999991286838,4.4281625670739446e-08,0.9999999978343744,3.833262753197993e-06,4.579313380395157e-06,0.0,0.005500862241385561,0.005500860537910946,0.9999996903224223,1.000000309670737,2.633734853861281e-06,0.0001623349871674237,0.0
model.enc.16x16_down.skip,0.062355560303258555,0.06235546023363462,0.9999999996739639,0.9999983948511797,1.0000016044993236,2.5535667829837446e-05,0.00016392735663303237,0.0,65790,65792,0.9999696011673151,1.0,0.9999983948511797,2.553566782983727e-05,0.9999992817001869,1.0,1.0,65790,0.9999999990106156,4.340469254403863e-08,0.9999999988282077,2.5586210994722096e-05,6.429544143023213e-06,0.0,0.06235543620000582,0.062355343718591846,0.9999985165635423,1.0000014828320238,2.4629888309859255e-05,0.00016301171756653014,0.0
model.enc.32x32_block0.affine,0.08775607142037928,0.08772684312918937,0.9999905008400178,0.999657441108963,1.0003236715378696,0.004357244155110955,0.004361634744460042,0.0,131074,131328,0.9980659113060428,1.0000000000000002,0.9996574411089629,0.004357244155110952,0.9997546764796075,1.0,1.0,131074,0.999999999708917,4.3670049799908255e-08,0.9999999998154079,0.004370689100477197,2.697262099726584e-05,0.0,0.08775613404589924,0.08772693003552717,0.9996577188520397,1.000323395256637,0.004357056567635743,0.00436146922845434,0.0
model.enc.32x32_block0.conv0,0.1320646186548057,0.1320601193004749,0.9999998246953127,0.9999657553617705,1.000033895189614,0.0005921025712144452,0.000606146551118892,0.0,295165,295168,0.9999898362966175,1.0,0.9999657553617705,0.0005921025712144442,0.999877383360922,1.0,1.0,295165,0.9999999990265005,4.325501664115526e-08,0.9999999990222274,0.0005930918159287388,3.9108717437617065e-05,0.0,0.13206434597917302,0.13205998303551864,0.9999667888633406,1.000032862941558,0.0005909851428136055,0.0006050811235026741,0.0
model.enc.32x32_block0.conv1,0.18673273485175737,0.18672792504820443,0.9999999129111055,0.9999741552251922,1.0000256712604945,0.00041733536682286116,0.00043952486670335324,0.0,590078,590080,0.9999966106290672,1.0,0.9999741552251922,0.0004173353668228618,0.9998888692387561,1.0,1.0,590078,0.999999999054855,4.3315078206412856e-08,0.9999999990833701,0.00041813479487234635,3.4713574591901624e-05,0.0,0.18673240775003044,0.18672777376813565,0.999975097303203,1.000024730241051,0.00041600842037198293,0.00043827520939467105,0.0
model.enc.32x32_block0.norm0,0.0038897164269771725,0.0038897164269771725,1.0,1.0,1.0,0.0,0.00016353099494949305,0.0,256,256,1.0,1.0,1.0,0.0,1.0,1.0,1.0,256,0.9999999967206862,4.53159038938955e-08,0.9999999996836357,4.54344037525662e-08,8.805885050416073e-07,0.0,0.0038896989117459565,0.0038896983560543453,0.9999998571372418,1.0000001428620053,8.794369907224273e-07,0.00016248283656794437,0.0
model.enc.32x32_block0.norm1,0.005500904172907585,0.00550090351437095,0.9999999999963383,0.999999880282085,1.0000001197106057,2.706209953040347e-06,0.00016343367165738142,0.0,512,512,1.0,1.0,0.999999880282085,2.706209953037623e-06,1.0,1.0,1.0,512,0.9999999986552078,4.583214754285569e-08,0.9999999978293326,2.707204976989161e-06,2.6547961256806755e-06,0.0,0.0055008651030843524,0.005500864420104091,0.9999998758412275,1.0000001241586434,3.802663310965576e-07,0.00016249960790833666,0.0
model.enc.32x32_block0.skip,0.04417822531992555,0.04417806736131149,0.9999999959500994,0.9999964204643871,1.0000035714485958,8.999857406047751e-05,0.00018353930029277584,0.0,33024,33024,1.0,1.0,0.9999964204643871,8.999857406047742e-05,0.9999980845333731,1.0,1.0,33024,0.9999999991052909,4.3557317454083996e-08,0.9999999989225208,9.006956524748254e-05,1.0624791207358855e-05,0.0,0.04417807652016147,0.044177923627128385,0.9999965351728021,1.0000034568547351,8.935538533123772e-05,0.00018253283376723118,0.0
model.enc.32x32_block1.affine,0.08766874733606525,0.08762618495031697,0.9999869603108643,0.9995014756650663,1.000472680769562,0.005104301317935347,0.005116120507118519,0.0,131072,131328,0.9980506822612085,1.0,0.9995014756650665,0.005104301317935349,0.9995397219920832,1.0,1.0,131072,0.9999999998423308,4.3564055480160035e-08,0.9999999998942346,0.005128588201749415,3.100552437617005e-05,0.0,0.08766881360134679,0.08762626288855042,0.9995016088802898,1.0004725468277722,0.005104360407362054,0.005116225603965247,0.0
model.enc.32x32_block1.conv0,0.18672668393334121,0.18672016983473175,0.99999981250687,0.999964926773075,1.000034699457722,0.0006123398258460959,0.0006257656367786161,0.0,590076,590080,0.9999932212581345,1.0,0.9999649267730748,0.000612339825846096,0.999877375843041,1.0,1.0,590076,0.9999999989236494,4.333083577036688e-08,0.999999998948268,0.0006133434820618891,4.204267460608331e-05,0.0,0.18672628140756667,0.18671996661155277,0.9999659948909401,1.0000336329499167,0.0006109644726695947,0.0006244519447739243,0.0
model.enc.32x32_block1.conv1,0.18673203129671087,0.1867274773274348,0.9999998808032952,0.9999754930820155,1.0000242691193502,0.0004882435539872917,0.000507726619033693,0.0,590071,590080,0.9999847478308026,1.0,0.9999754930820155,0.00048824355398729177,0.9999386879215205,1.0,1.0,590071,0.9999999989749306,4.3378535802662094e-08,0.9999999989671007,0.0004888582389471497,3.384319998826e-05,0.0,0.18673161568885502,0.18672724765284324,0.9999764892492241,1.0000232738985944,0.00048722506279061053,0.0005067708822176021,0.0
model.enc.32x32_block1.norm0,0.005500762996622197,0.0055007603624883114,0.9999999999414084,0.9999995210744062,1.0000004788086398,1.082511578778365e-05,0.00016341105605825813,0.0,512,512,1.0,1.0,0.9999995210744062,1.0825115787781041e-05,1.0,1.0,1.0,512,0.9999999988160075,4.478222341544075e-08,0.9999999993581311,1.0839619335339846e-05,1.0350966018184122e-05,0.0,0.0055008636972559526,0.005500862540312035,0.9999997896792848,1.0000002103201524,7.792989804826179e-07,0.00016241485711164492,0.0
model.enc.32x32_block1.norm1,0.005500919489271247,0.005500919489271247,1.0,1.0,1.0,0.0,0.00016353099494949137,0.0,512,512,1.0,1.0,1.0,0.0,1.0,1.0,1.0,512,0.9999999999231118,4.3981692249106604e-08,0.9999999985675108,4.398175945636812e-08,6.073189846417569e-07,0.0,0.005500864121702792,0.005500863101736379,0.9999998145805272,1.0000001854191753,5.758027993146255e-07,0.0001624389130377422,0.0
model.enc.32x32_block2.affine,0.08768692656532731,0.08764699244012421,0.9999886651292305,0.9995332531981805,1.000444284557156,0.004759093348831019,0.0047695244882925624,0.0,131072,131328,0.9980506822612085,1.0000000000000002,0.9995332531981805,0.004759093348831019,0.9995857928480939,1.0,1.0,131072,1.000000000117774,4.3745431400174576e-08,1.0000000001537672,0.004781926593360316,3.3940437851991254e-05,0.0,0.08768703521636893,0.08764711192438822,0.9995333792873373,1.000444162320886,0.004758677630748332,0.004769154972481636,0.0
model.enc.32x32_block2.conv0,0.18673044147764936,0.186725021473438,0.9999998852430584,0.9999708594262366,1.0000289119024028,0.0004790621529917134,0.0004976294986799057,0.0,590074,590080,0.9999898318872017,1.0,0.9999708594262369,0.0004790621529917124,0.9998773908778813,1.0,1.0,590074,0.999999998927959,4.3273189027111484e-08,0.9999999989787809,0.00047994757720057346,4.007327233978355e-05,0.0,0.18672985828931124,0.18672463989426008,0.9999719398113885,1.0000278330405004,0.00047740587787985944,0.0004960811641587269,0.0
model.enc.32x32_block2.conv1,0.18673552306077001,0.18673172449650863,0.999999927039953,0.999979585093643,1.0000202694000662,0.0003819871098536945,0.00040797443328847023,0.0,590076,590080,0.9999932212581345,1.0,0.999979585093643,0.0003819871098536933,0.9999387029545176,1.0,1.0,590076,0.9999999990372062,4.3357459472936346e-08,0.9999999990913109,0.0003825321894559623,3.0812525260920414e-05,0.0,0.18673504684104503,0.1867314427580978,0.9999806269870892,1.0000192283908205,0.0003807742181120923,0.00040688563543119974,0.0
model.enc.32x32_block2.norm0,0.00550079488523012,0.005500794226680401,0.999999999996338,0.9999998802773279,1.0000001197153625,2.7062636137529118e-06,0.00016343366778903188,0.0,512,512,1.0,1.0,0.9999998802773279,2.7062636137521367e-06,1.0,1.0,1.0,512,1.0000000001055906,4.276161014835151e-08,1.0000000007341838,2.707756530828431e-06,2.710941453534001e-06,0.0,0.005500863807223837,0.005500862716516834,0.9999998017205692,1.000000198279055,6.442051129971077e-07,0.00016242630804285207,0.0
model.enc.32x32_block2.norm1,0.005500893171596005,0.005500893161306306,0.9999999999999956,0.9999999981294448,1.0000000018705462,9.46252610919157e-08,0.0001635291514746351,0.0,512,512,1.0,1.0,0.9999999981294448,9.462526108854261e-08,1.0,1.0,1.0,512,0.9999999999166396,4.279984967458634e-08,0.999999999935035,1.029076567767191e-07,9.842459529219304e-07,0.0,0.005500863861255521,0.0055008627763455725,0.9999998027741603,1.000000197224953,9.619633858517936e-07,0.0001624289333822239,0.0
model.enc.32x32_block3.affine,0.08769050400703746,0.08765042728989832,0.9999891047134285,0.9995320850971583,1.000446333294406,0.00466589128033508,0.00467657550885273,0.0,131071,131328,0.9980430677387915,0.9999999999999999,0.9995320850971585,0.004665891280335082,0.9996817539574556,1.0,1.0,131071,0.9999999999763595,4.366139224332009e-08,0.9999999999423834,0.004689294861190692,2.5201878075072845e-05,0.0,0.08769062447361768,0.08765056567045272,0.9995322914348403,1.0004461296226137,0.004665586750673321,0.004676313033250308,0.0
model.enc.32x32_block3.conv0,0.18673075358934352,0.1867255617760685,0.9999998843686614,0.9999720806321322,1.0000276888782598,0.00048088439825119477,0.0004997146373563865,0.0,590074,590080,0.9999898318872017,1.0,0.9999720806321322,0.00048088439825119363,0.9998774059090352,1.0,1.0,590074,0.9999999989918718,4.329703843667566e-08,0.9999999989982806,0.0004816940898118705,3.988542666769609e-05,0.0,0.18673012067038441,0.18672514469676837,0.9999732372367557,1.0000265338268108,0.00047920174567749247,0.0004981625449155295,0.0
model.enc.32x32_block3.conv1,0.18673641649731612,0.18673293468594498,0.9999999361798558,0.9999812905872378,1.0000185821201382,0.00035726114355118054,0.0003855511345163727,0.0,590076,590080,0.9999932212581345,1.0,0.9999812905872378,0.0003572611435511813,0.9999387029545176,1.0,1.0,590076,0.9999999991938472,4.335377403576864e-08,0.9999999991368315,0.0003577506422811601,2.921891001755651e-05,0.0,0.18673597452282809,0.1867326881036487,0.9999823373627266,1.0000175362353527,0.00035595954346920577,0.0003843971697854199,0.0
model.enc.32x32_block3.norm0,0.0055007552820731205,0.005500754613228693,0.9999999999963374,0.999999878404957,1.0000001215877325,2.706530648775486e-06,0.0001634317997921544,0.0,512,512,1.0,1.0,0.999999878404957,2.7065306487757636e-06,1.0,1.0,1.0,512,0.9999999995993286,4.220772941327811e-08,1.0000000021112552,2.7076336374133776e-06,2.662483083722528e-06,0.0,0.005500864526858585,0.005500863687603331,0.9999998474320221,1.0000001525678108,4.360380959904462e-07,0.00016247133431348954,0.0
model.enc.32x32_block3.norm1,0.005500806217496701,0.00550080316150545,0.9999999999404734,0.9999994443871365,1.0000005554941191,1.0911138470766386e-05,0.00016334025050130152,0.0,512,512,1.0,1.0,0.9999994443871365,1.0911138470766574e-05,1.0,1.0,1.0,512,0.9999999983474148,4.3398713736903055e-08,0.9999999992638212,1.0924969784936237e-05,1.0467424745477656e-05,0.0,0.005500864340361893,0.005500863412361815,0.9999998312990114,1.0000001687005902,6.53395403837177e-07,0.00016245592777761622,0.0
model.enc.32x32_conv,0.01455394215289583,0.01455393959059678,0.9999999999949413,0.999999823939614,1.0000001760502997,3.180738829772256e-06,0.00016338587958743568,0.0,3584,3584,1.0,1.0,0.999999823939614,3.1807388297706247e-06,1.0,1.0,1.0,3584,0.9999999996221715,4.323888687643456e-08,1.0000000000228666,3.1860273626970433e-06,2.3229678300436087e-06,0.0,0.014553916531147171,0.014553913174443378,0.9999997693594147,1.0000002306378855,1.6592001142014087e-06,0.00016240114243656117,0.0
model.enc.8x8_block0.affine,0.0876093898668501,0.0875555873531635,0.9999853064190617,0.9993711973239433,1.0005997928814503,0.0054176436710263055,0.005438477426372886,0.0,131072,131328,0.9980506822612085,1.0,0.9993711973239434,0.005417643671026308,0.9990196078431373,1.0,1.0,131072,0.9999999999675055,4.3653363737312264e-08,1.0000000000323093,0.005454012769962793,3.7878800432286064e-05,0.0,0.08760950639435632,0.08755570877742948,0.9993712537211491,1.000599735790539,0.005417701495523849,0.0054386030071520925,0.0
model.enc.8x8_block0.conv0,0.18673209231208326,0.18672713148213457,0.9999998933733947,0.9999733268129375,1.000026460639653,0.0004617811912778697,0.00048170580576832036,0.0,590075,590080,0.9999915265726681,1.0,0.9999733268129375,0.0004617811912778689,0.9998774059090352,1.0,1.0,590075,0.9999999994206837,4.3463233305039965e-08,0.9999999994211118,0.00046255083981610955,4.0932871727420846e-05,0.0,0.18673146950586314,0.1867267415409186,0.9999745745641366,1.0000252143873356,0.000460085747728047,0.0004801769252732986,0.0
model.enc.8x8_block0.conv1,0.18673583215439976,0.1867322109095323,0.9999999156879092,0.9999805233489008,1.000019308402988,0.0004106307767142758,0.00043522812876582067,0.0,590074,590080,0.9999898318872017,1.0,0.9999805233489006,0.0004106307767142747,0.9999387029545176,1.0,1.0,590074,0.9999999993382177,4.348011859177985e-08,0.9999999993686416,0.0004110924037026136,3.228568724733672e-05,0.0,0.1867346707269847,0.18673123869751315,0.9999815370539322,1.0000182957416488,0.0004093116832052285,0.00043401832104788597,0.0
model.enc.8x8_block0.norm0,0.005500497470795769,0.005500495495322129,0.9999999999817171,0.999999640837176,1.000000359126387,6.046978691569198e-06,0.00016328381898774927,0.0,512,512,1.0,1.0,0.999999640837176,6.046978691569333e-06,1.0,1.0,1.0,512,0.9999999993563264,4.3957546202109476e-08,0.999999999305786,6.059846848178026e-06,3.862431740522745e-06,0.0,0.005500861246506089,0.005500859214411318,0.9999996305823682,1.0000003694103645,2.7209657091240428e-06,0.00016227668493584813,0.0
model.enc.8x8_block0.norm1,0.005500668538385007,0.005500665905497627,0.9999999999414062,0.9999995212927908,1.0000004785902508,1.0825311701423262e-05,0.00016341128698118453,0.0,512,512,1.0,1.0,0.9999995212927908,1.0825311701425974e-05,1.0,1.0,1.0,512,0.999999995702065,4.4656210066914425e-08,0.9999999973086875,1.0835744504820024e-05,4.2374592087769655e-06,0.0,0.005500858203497936,0.005500855032527031,0.9999994235260878,1.0000005764268542,6.884050157956946e-06,0.00016219297940646603,0.0
model.enc.8x8_block1.affine,0.08760304058478252,0.08754919959143365,0.9999850065611903,0.9993704138971933,1.0005999771872895,0.005472641449692306,0.005493350891918305,0.0,131072,131328,0.9980506822612085,0.9999999999999999,0.9993704138971934,0.005472641449692305,0.9991420951545819,1.0,1.0,131072,1.000000000140348,4.374289865624681e-08,1.0000000002269287,0.005508737188909463,3.461819791429725e-05,0.0,0.08760316911605577,0.08754932308389066,0.9993703580453839,1.0006000346382014,0.005472501576393925,0.005493288351047463,0.0
model.enc.8x8_block1.conv0,0.18673048606480822,0.18672505944084342,0.999999877560665,0.9999708163001568,1.000028939665755,0.0004948377733177379,0.000512827873357036,0.0,590074,590080,0.9999898318872017,0.9999999999999998,0.9999708163001569,0.0004948377733177371,0.999877375843041,1.0,1.0,590074,0.9999999994405451,4.346075752348354e-08,0.9999999994211118,0.0004956975330376746,4.268555636647172e-05,0.0,0.18672991073195416,0.18672475485284495,0.9999722670340789,1.000027490641747,0.000493024489823369,0.0005112205096962936,0.0
model.enc.8x8_block1.conv1,0.1867333318531199,0.18672890786152113,0.9999998786243971,0.9999761871333391,1.000023570676755,0.000492686197510904,0.0005121905444833881,0.0,590073,590080,0.9999881372017354,1.0,0.9999761871333391,0.0004926861975109033,0.999938691680461,1.0,1.0,590073,0.9999999993152101,4.340611170867706e-08,0.9999999993140879,0.0004932612599044936,3.440739424207833e-05,0.0,0.18673229793730123,0.18672808945115252,0.9999773416828674,1.0000224172601768,0.0004914814389989369,0.0005110985742219786,0.0
model.enc.8x8_block1.norm0,0.005500467215579156,0.005500466555703894,0.9999999999963376,0.9999998800292083,1.0000001199634814,2.7064193296164936e-06,0.00016343342224218392,0.0,512,512,1.0,1.0,0.9999998800292083,2.7064193296162836e-06,1.0,1.0,1.0,512,1.0000000005729262,4.3613539954143325e-08,1.0000000027973401,2.7075653740445058e-06,3.828992817169353e-06,0.0,0.005500861168049782,0.0055008590465654966,0.9999996143321893,1.0000003856603976,2.749864106735725e-06,0.0001622609217323348,0.0
model.enc.8x8_block1.norm1,0.00550057172993971,0.00550056909571423,0.9999999999414043,0.9999995210410991,1.000000478841939,1.0825491463473017e-05,0.0001634110477139764,0.0,512,512,1.0,1.0,0.9999995210410991,1.082549146347241e-05,1.0,1.0,1.0,512,0.9999999973896433,4.3630491851259895e-08,0.9999999953339168,1.0839108693082225e-05,1.3019826083533295e-05,0.0,0.005500856911159903,0.005500853279345817,0.9999993397419262,1.0000006601963003,7.887289123846083e-06,0.00016215497301085805,0.0
model.enc.8x8_block2.affine,0.08754090166431475,0.08747811200099159,0.9999805452158546,0.9992632982996122,1.0006983069545063,0.006233249051740546,0.006260572260125089,0.0,131069,131328,0.9980278386939572,1.0,0.9992632982996122,0.006233249051740544,0.9991121488853905,1.0,1.0,131069,0.99999999985311,4.3906878620560595e-08,0.9999999999201414,0.0062766330584781115,3.903835910607079e-05,0.0,0.08754103963419643,0.08747825811475528,0.9992633959231331,1.0006982161319593,0.006232694037318909,0.00626008802566608,0.0
model.enc.8x8_block2.conv0,0.18672165986448622,0.1867133209693553,0.9999998058695982,0.999955146382755,1.0000444673510007,0.0006230779142515763,0.0006343781606050254,0.0,590074,590080,0.9999898318872017,1.0,0.999955146382755,0.000623077914251577,0.9997548418730081,1.0,1.0,590074,0.9999999994640928,4.343877961544648e-08,0.999999999467023,0.000624690188797257,4.838935848243266e-05,0.0,0.18672131729098904,0.18671333685654057,0.9999570672275724,1.0000425486666784,0.000621208091329597,0.000632731520145135,0.0
model.enc.8x8_block2.conv1,0.1867261138960395,0.18671911710126252,0.9999998097656084,0.9999623388768294,1.000037282058508,0.0006167983739263085,0.0006296080892481399,0.0,590078,590080,0.9999966106290672,1.0,0.9999623388768294,0.0006167983739263075,0.999877364564491,1.0,1.0,590078,0.9999999992499663,4.3429334549422077e-08,0.9999999992180123,0.0006179470079131452,4.0012646091622235e-05,0.0,0.18672549873038752,0.18671872439450196,0.999963530927797,1.000036091531872,0.0006154909150256327,0.0006283833963392046,0.0
model.enc.8x8_block2.norm0,0.005500710847618093,0.005500710819320628,0.9999999999999962,0.9999999948556674,1.000000005144325,8.774872733898007e-08,0.00016352587332649356,0.0,512,512,1.0,1.0,0.9999999948556674,8.774872734143038e-08,1.0,1.0,1.0,512,1.000000001701779,4.111942468739617e-08,1.000000001155184,9.545509811395657e-08,1.2373563485999118e-06,0.0,0.005500861019362716,0.00550085893571186,0.9999996212129737,1.0000003787857403,1.1956316521044219e-06,0.00016224890003831033,0.0
model.enc.8x8_block2.norm1,0.005500657669183883,0.005500657010617737,0.9999999999963379,0.9999998802713548,1.0000001197213353,2.7063309904282897e-06,0.00016343366293179547,0.0,512,512,1.0,1.0,0.9999998802713548,2.70633099042488e-06,1.0,1.0,1.0,512,1.000000000026297,4.378034961421502e-08,1.000000000508777,2.7070500751476875e-06,3.6760166301369263e-06,0.0,0.0055008599879179535,0.0055008574728287645,0.9999995427793726,1.0000004572144863,2.519952804488806e-06,0.0001621856311963946,0.0
model.enc.8x8_block3.affine,0.08750535020136747,0.08743890390246317,0.9999781675832117,0.9992188443181986,1.0007380678707898,0.006602883455532642,0.006632793410740472,0.0,131072,131328,0.9980506822612085,1.0,0.9992188443181986,0.006602883455532644,0.9990167158308751,1.0,1.0,131072,1.0000000000768807,4.355278242199107e-08,1.000000000255377,0.006648930281348816,3.955658932455406e-05,0.0,0.08750543688256796,0.08743898462517859,0.999218777722882,1.000738136057159,0.006602770454809935,0.00663276566093557,0.0
model.enc.8x8_block3.conv0,0.18665735932810978,0.18662935586761173,0.9999989826766188,0.9998489568104528,1.0001490310539456,0.0014261960851818677,0.001426483758196106,0.0,590077,590080,0.9999949159436009,1.0,0.9998489568104528,0.0014261960851818666,0.9996088243099582,1.0,1.0,590077,0.9999999990637685,4.3382786298711446e-08,0.9999999990639986,0.0014341719159968764,5.2824977999611696e-05,0.0,0.1866578273455271,0.18662995562882234,0.9998496642368337,1.0001483259108728,0.0014253224710861355,0.0014256070067436269,0.0
model.enc.8x8_block3.conv1,0.18668021267061716,0.18665957367805605,0.9999992539817493,0.9998886960556101,1.0001098241323039,0.001221354187000709,0.0012226691025171402,0.0,590071,590080,0.9999847478308026,0.9999999999999998,0.9998886960556104,0.0012213541870007107,0.9997546313335787,1.0,1.0,590071,0.9999999990823931,4.3364041624208066e-08,0.9999999990662691,0.0012264152108823459,4.7971525653003396e-05,0.0,0.18668039278788767,0.186659958244209,0.9998897923563713,1.0001087296178761,0.0012205254624507254,0.0012218479795215514,0.0
model.enc.8x8_block3.norm0,0.005500802118909039,0.005500800944590168,0.9999999999959298,0.9999997865145421,1.0000002134773631,2.853113149622365e-06,0.00016334240239594544,0.0,512,512,1.0,1.0,0.9999997865145421,2.8531131496225874e-06,1.0,1.0,1.0,512,0.9999999982882893,4.270466859818809e-08,1.0000000012281425,2.8625520576823303e-06,6.441247458735433e-06,0.0,0.005500853213334985,0.005500848187398973,0.9999990863181255,1.0000009136485826,5.841813738680392e-06,0.00016181503003201298,0.0
model.enc.8x8_block3.norm1,0.005500730230235907,0.005500701418167376,0.9999999951630305,0.9999947573005674,1.000005233052929,9.835566896750909e-05,0.00018636500450654956,0.0,512,512,1.0,1.0,0.9999947573005674,9.835566896750891e-05,1.0,1.0,1.0,512,0.9999999982524035,4.184602511742589e-08,0.9999999979856247,9.84947835350228e-05,1.179233231158161e-05,0.0,0.00550078487473646,0.005500755324566565,0.9999946235955569,1.0000053676074785,9.394534554768418e-05,0.0001831800290928204,0.0
model.enc.8x8_down.affine,0.08768126800265079,0.087640644675216,0.9999893588062433,0.9995260569393856,1.0004528754235003,0.004611134177397146,0.0046223280842384775,0.0,131072,131328,0.9980506822612085,1.0,0.9995260569393856,0.004611134177397147,0.9995089614534741,1.0,1.0,131072,0.9999999999500421,4.3526246674252944e-08,0.9999999998955587,0.004635426604688517,3.363736158676866e-05,0.0,0.08768137013035489,0.0876407673382869,0.9995262908445136,1.0004526396270628,0.004611316571238716,0.004622551192294361,0.0
model.enc.8x8_down.conv0,0.18673033869590142,0.18672505910825002,0.9999998703677471,0.9999715965103554,1.0000281450245725,0.0005091658166628145,0.0005268707754022743,0.0,590072,590080,0.999986442516269,1.0,0.9999715965103552,0.0005091658166628154,0.9998773908778813,1.0,1.0,590072,0.9999999993950609,4.351331023297427e-08,0.999999999407801,0.000509957416204766,4.1117998834097476e-05,0.0,0.18672974057103636,0.1867246979217028,0.9999728660390609,1.0000268768973046,0.0005077193985015263,0.000525565422009459,0.0
model.enc.8x8_down.conv1,0.18673584959124764,0.18673181854297852,0.9999999023346793,0.9999783154359437,1.0000214896994193,0.0004419527113476402,0.0004642256894280042,0.0,590079,590080,0.9999983053145336,1.0,0.9999783154359436,0.00044195271134763955,0.9999386991969594,1.0,1.0,590079,0.9999999993615112,4.3425810545356115e-08,0.9999999992975592,0.0004424842930943811,3.349832907288931e-05,0.0,0.18673466334354658,0.18673085343663046,0.9999795001305429,1.0000203061099489,0.0004406448197866,0.0004630649507159554,0.0
model.enc.8x8_down.norm0,0.0055004629179273515,0.0055004629179273515,1.0,1.0,1.0,0.0,0.00016353099494949497,0.0,512,512,1.0,1.0,1.0,0.0,1.0,1.0,1.0,512,0.9999999985121677,4.2202220179173105e-08,0.9999999995139519,4.2228438677162945e-08,4.224634283084541e-07,0.0,0.005500864456116129,0.005500863549977027,0.9999998352732457,1.0000001647266192,4.027728075570761e-07,0.00016245908769765483,0.0
model.enc.8x8_down.norm1,0.005500825602763917,0.005500825602763917,1.0,1.0,1.0,0.0,0.00016353099494949644,0.0,512,512,1.0,1.0,1.0,0.0,1.0,1.0,1.0,512,0.9999999982377903,4.2917799945747986e-08,0.999999997829283,4.2953962968047376e-08,1.7168123346619519e-06,0.0,0.005500861989202828,0.005500860205909707,0.9999996758142844,1.0000003241829998,1.6795675724585778e-06,0.00016230779653469328,0.0
model.enc.8x8_down.skip,0.062356453553176275,0.062356328488411,0.9999999974964406,0.999997991853755,1.0000020031431487,7.076085883924224e-05,0.0001763469916861232,0.0,65792,65792,1.0,1.0,0.999997991853755,7.076085883924228e-05,0.9999997605668436,1.0,1.0,65792,0.9999999990829093,4.3570859562903486e-08,0.9999999989494954,7.078919878973965e-05,6.330217099823143e-06,0.0,0.06235631036384103,0.062356192772546525,0.9999981117249315,1.0000018833209223,7.04108197094094e-05,0.00017548492554268796,0.0
model.map_layer0,0.06212704853100907,0.06204051296254843,0.9999746155146171,0.9985817701462012,1.0013694036565528,0.007115265029780443,0.007226230499728004,0.0,66048,66048,1.0,1.0,0.9985817701462012,0.007115265029780442,0.9912844570658113,1.0,1.0,66048,0.9999999995141751,4.3117985262926354e-08,0.9999999987839788,0.007255230695126913,1.3338073865033176e-05,0.0,0.06212709734875089,0.06204056751847611,0.9985818632746152,1.0013693096148581,0.007115311411993301,0.007226411094993151,0.0
model.map_layer1,0.12411617863343952,0.12405244985509782,0.9999837141450911,0.9994702618202957,1.0004974302429068,0.005704209398622076,0.0057168889123194195,0.0,262221,262656,0.998343841374269,1.0,0.9994702618202957,0.005704209398622076,0.9994739219716464,1.0,1.0,262221,1.0000000000588698,4.3757696887800513e-08,1.0000000001002896,0.005728754482303125,1.3696068959316634e-05,0.0,0.1241161975676504,0.12405246737604078,0.99947025055766,1.0004974416082157,0.005704201361343634,0.005716934643345877,0.0
