layer,update_reference_l2,update_probe_l2,update_cosine,s_K_star_layer,c_K_star_layer,R_opt_layer,layer_residual_with_global_c_star,support_atol,support_coordinate_count,coordinate_count,support_coordinate_coverage,support_energy_coverage,h_update_weighted_mean,h_update_weighted_std,h_update_p05,h_update_p50,h_update_p95,h_moment_coordinate_count,h_moment_weighted_mean,h_moment_weighted_std,h_moment_p50,h_update_minus_moment_weighted_rmse,h_update_minus_moment_eps_weighted_rmse,off_support_candidate_energy_exact,predicted_reference_l2,predicted_probe_l2,s_K_star_predicted_layer,c_K_star_predicted_layer,R_pred_layer,predicted_layer_residual_with_global_c_star,predicted_off_support_candidate_energy_exact
model.dec.16x16_block0.affine,0.008117742287201444,0.008066063804443151,0.9955766232722516,0.9892386677742739,1.0019551854319007,0.0933549953425805,0.09451130463592883,0.0,131294,131328,0.9997411062378168,1.0,0.9892386677742739,0.09335121767502096,0.4879518072289157,0.9936446063436533,1.4638471175922025,131294,0.9892393230974156,0.09336160671585451,0.9935706064482827,0.0009828714279223065,0.0009828714187355462,2.2077874686621962e-09,0.008117739514286256,0.00806606381168273,0.9892391534390869,1.0019549910313434,0.09335347103527851,0.09450979449187735,0.0
model.dec.16x16_block0.conv0,0.022397038616328753,0.02204518211192605,0.9949419635084704,0.9793114684523774,1.0108219321830891,0.09887333975391306,0.10046164496013875,0.0,1179031,1179904,0.9992601092970276,0.9999999999999998,0.9793114684523774,0.09884144938838217,0.42028985507246375,0.9817095931317655,1.5394736842105263,1179031,0.9793123090398063,0.09886978773607222,0.9816734554715617,0.0018640232269126118,0.0018640232257578306,1.5023948574263226e-07,0.02239702493385535,0.022045180886627633,0.9793125364860881,1.0108219119131927,0.09886820249549581,0.10045637408117782,0.0
model.dec.16x16_block0.conv1,0.01576125839543911,0.015487161919268844,0.9948574757228085,0.9775563870948741,1.0124647642504756,0.09952336726864182,0.1012849289294415,0.0,589530,590080,0.9990679229934925,1.0000000000000002,0.9775563870948739,0.09947676987489287,0.41008644250604737,0.9794520547945206,1.5416666666666667,589530,0.9775568890058953,0.09951873716563137,0.979413067006036,0.0022441157443046466,0.002244115743327403,1.0942108534524724e-07,0.015761262349902574,0.01548716331253379,0.9775570487543077,1.0124657754201634,0.0995153065650271,0.10127674326260136,0.0
model.dec.16x16_block0.norm0,0.0007549495374224408,0.0007484980606626262,0.9963282203689436,0.9878140243330025,1.0049158022167406,0.08488423387273357,0.08592642644596911,0.0,1024,1024,1.0,1.0,0.9878140243330025,0.08488423387273357,0.5719642857142857,0.9920382115135322,1.5343808925204272,1024,0.9877833160707721,0.08481477539937268,0.9918811314358027,0.0020862387831045532,0.002086238783332912,0.0,0.0007549541703967467,0.0007484765204981831,0.9877841246261576,1.0049555585498955,0.08482784713678408,0.08586939303938688,0.0
model.dec.16x16_block0.norm1,0.0005159295361787004,0.0005131277825859,0.9962804572359415,0.9908701595988416,1.0017202958984102,0.08570194809353243,0.0868072551317828,0.0,512,512,1.0,1.0,0.9908701595988416,0.08570194809353243,0.45454545454545453,1.0,1.6178237650200267,512,0.9908222252795217,0.08550347520383178,0.999139560614482,0.0034256146230252,0.0034256146234180863,0.0,0.0005159466456672073,0.0005131191644087748,0.9908353377064649,1.0017851809188458,0.08552779055575709,0.08662986773356454,0.0
model.dec.16x16_block0.skip,0.007394984305736627,0.0072795030495225715,0.9948539179748611,0.9793181202709917,1.010636173908492,0.09973747674950295,0.10133258417327907,0.0,131312,131328,0.9998781676413255,1.0,0.9793181202709919,0.09973363590671874,0.3692246182309285,0.9789757956160231,1.593480307396733,131312,0.9793180289379166,0.09974083096896547,0.9790105000513747,0.0006433684869926763,0.0006433684871216167,1.9901476211451765e-09,0.007394982746797528,0.007279501095962309,0.9793180137179197,1.0106361802805992,0.09973796381374181,0.10133308834402413,0.0
model.dec.16x16_block1.affine,0.008697126490602043,0.008620474941670994,0.9969187027426284,0.9881324257112288,1.00578310560217,0.0777503581488079,0.07870538818508878,0.0,131284,131328,0.9996649610136452,1.0,0.9881324257112288,0.077743901492052,0.3390433006055618,0.9862695577025578,1.5054519093471972,131284,0.9881321398692133,0.07775591557537176,0.9862685862755284,0.001034153052433225,0.0010341530543705915,3.607263528553828e-09,0.008697128465944606,0.008620472889453244,0.9881321590554873,1.0057837699420582,0.0777478689368421,0.07870288669718922,0.0
model.dec.16x16_block1.conv0,0.022373918881783496,0.022032679509441835,0.9957412898412403,0.980554583634097,1.0111632058462585,0.09078548564117518,0.0921980907855334,0.0,1178950,1179904,0.9991914596441744,1.0,0.980554583634097,0.09075209797330357,0.44776119402985076,0.9814389545103002,1.509433962264151,1178950,0.9805563300728535,0.0907798717155338,0.9813992262436113,0.0017730171844317648,0.0017730171850123537,1.4412555445905954e-07,0.022373916186389006,0.02203270547200336,0.9805563365001991,1.0111623867580586,0.0907804267431066,0.09219284657015545,0.0
model.dec.16x16_block1.conv1,0.015669835312734345,0.015406722843074256,0.9957459827362809,0.9790263951054561,1.0127511036396941,0.09059372010427681,0.09214203504525899,0.0,589522,590080,0.9990543655097613,1.0,0.9790263951054561,0.0905525389954289,0.4489795918367347,0.9802152241989105,1.5138121546961325,589522,0.9790251572852039,0.09058335781122329,0.9801664869467166,0.00208501907145342,0.002085019070084625,8.700826486346655e-08,0.015669828712361715,0.015406685729169426,0.9790252703435037,1.0127539662873788,0.09058466424025989,0.09213302085442315,0.0
model.dec.16x16_block1.norm0,0.000708945658877821,0.0007062313561982602,0.9962974242858853,0.9924829531278855,1.0001265558369623,0.08564433584076342,0.08682143364365859,0.0,1023,1024,0.9990234375,1.0,0.9924829531278855,0.0856205625974566,0.4621052631578948,0.9929742388758782,1.395266272189349,1023,0.9925350584544353,0.08559152193045522,0.9929768053939811,0.0026530150061938587,0.002653015006270993,9.720462500748037e-11,0.0007089144908916711,0.0007062395118518,0.9925360766679224,1.0000690488965596,0.0856719580231395,0.08685229463150122,0.0
model.dec.16x16_block1.norm1,0.0005464872364894501,0.0005370593115897268,0.9964086779578496,0.9792187683717353,1.0139003515635305,0.0832135648784495,0.08468937240986635,0.0,510,512,0.99609375,1.0,0.9792187683717353,0.08316523130779363,0.44427083333333345,0.9763106251752173,1.3792682926829256,510,0.9792734335654543,0.08315271546112253,0.9758344692299883,0.003174357884040029,0.003174357884242256,1.1408042796016794e-10,0.000546463639760674,0.0005370663233283986,0.9792760766841637,1.0138456548165802,0.0831918829446539,0.08466155614218651,0.0
model.dec.16x16_block1.skip,0.0073626497076706285,0.007236748002201918,0.9950716628354126,0.9780558839529754,1.0123834746293905,0.097462773799068,0.0991584421789801,0.0,131301,131328,0.9997944078947368,0.9999999999999999,0.9780558839529755,0.09745772292449975,0.3889545684850532,0.9785171102661597,1.5799373040752351,131301,0.9780565325050485,0.0974689439409066,0.9785229362088905,0.0008610800660097685,0.0008610800658451492,2.5351088287837867e-09,0.007362644973689345,0.007236748158291364,0.9780565168128799,1.0123827841592064,0.09746301016086985,0.0991586158055927,0.0
model.dec.16x16_block2.affine,0.008444439245959603,0.00836294354442,0.9972906258441323,0.9876659608042454,1.007009081883007,0.07285233455169277,0.07374707795466597,0.0,131295,131328,0.9997487207602339,1.0000000000000002,0.987665960804245,0.07284755362422439,0.6468306572807088,0.988009592326139,1.4504686122377006,131295,0.9876650805284912,0.07286199183369511,0.9879172278019104,0.0009734123798972425,0.0009734123836919416,2.359485116141589e-09,0.008444449570425092,0.00836294567224331,0.9876650858308158,1.0070101397447928,0.07285116203733463,0.07374591012486323,0.0
model.dec.16x16_block2.conv0,0.021985300136823666,0.021613343870685635,0.9958745997926667,0.9790259875210444,1.0130131693678721,0.08920500727669928,0.09074306819389641,0.0,1179008,1179904,0.9992406161857236,1.0,0.9790259875210444,0.08917479226435182,0.45,0.9801699716713881,1.5066666666666666,1179008,0.979026886491697,0.0892010033870277,0.9801519587291198,0.0017830813323271907,0.001783081331359611,1.2374779892114241e-07,0.02198529068206623,0.021613342350134297,0.9790268703406908,1.0130133540794721,0.08919921509351694,0.09073714347685022,0.0
model.dec.16x16_block2.conv1,0.015305538438336794,0.015055095587985439,0.995510023839037,0.9792206022725857,1.0120704213779648,0.09310733141000947,0.09465639945540329,0.0,589485,590080,0.9989916621475055,1.0,0.9792206022725857,0.09306104818034673,0.43388239992013583,0.9801980198019802,1.5231864862270845,589485,0.9792242852140587,0.09308847601898888,0.9801384818707956,0.0022214256896020647,0.002221425689856206,9.588066503454952e-08,0.015305508081918454,0.01505510953918152,0.9792243288896595,1.0120683826769608,0.09309837793702834,0.09464702648215857,0.0
model.dec.16x16_block2.norm0,0.0007587866979262706,0.000751367146975409,0.9974729709334627,0.9877195032591161,1.0073227515097625,0.07035226228991662,0.0712161836750656,0.0,1024,1024,1.0,1.0,0.9877195032591161,0.07035226228991663,0.5442876344086022,0.9887426077161363,1.3595714285714284,1024,0.9877236212866407,0.07030029182359097,0.9881566668393211,0.0018393939947086622,0.0018393939948635296,0.0,0.0007587798266415737,0.000751363617072858,0.9877237134609083,1.0073182660959645,0.07035388816911886,0.0712178365962317,0.0
model.dec.16x16_block2.norm1,0.0005191186698271844,0.0005137742669521957,0.9973617763826542,0.9870937905541387,1.0077365722569662,0.07184389493961817,0.07273022317093177,0.0,511,512,0.998046875,1.0,0.9870937905541387,0.07176127224514532,0.6749492108141897,0.9962546816479401,1.4212962962962963,511,0.9869710656557834,0.0719437516113274,0.9943645928974619,0.003375865216118442,0.0033758652163784694,1.518822265741881e-10,0.0005191788367040119,0.0005137627877287174,0.9869494594962371,1.007867836479156,0.07194223368851078,0.07283150298087539,0.0
model.dec.16x16_block2.skip,0.007244287749496284,0.007129482910461949,0.9941851316168829,0.978429647026484,1.0101943240701137,0.10597782966651403,0.10770388833290831,0.0,131300,131328,0.9997867933723197,1.0,0.978429647026484,0.10596963579270163,0.3404397159966798,0.9782608695652174,1.6092984657432123,131300,0.9784299768127233,0.10597873702819388,0.9782338200191567,0.0009707056930092484,0.000970705692977955,4.329254546010343e-09,0.007244281492629955,0.00712947901179052,0.978429880819966,1.0101939252756629,0.10597856703631232,0.10770461524308456,0.0
model.dec.16x16_block3.affine,0.008471991413716552,0.008500239909152534,0.9972654377466257,1.0005906592666851,0.9939512667976016,0.07414937198586563,0.07615604949711706,0.0,131295,131328,0.9997487207602339,1.0,1.0005906592666851,0.07414355122781556,0.5386067500027584,1.0,1.483585992140966,131295,1.000591718771562,0.0741526998749385,1.0000050470058082,0.000738691007244253,0.0007386910045851266,2.942898104492319e-09,0.008471983313992439,0.008500239814374543,1.0005916167692208,0.9939503395586917,0.07414927965361283,0.07615617856518306,0.0
model.dec.16x16_block3.conv0,0.021575700566461874,0.02128903739447032,0.9950517714489036,0.9818311255551265,1.0084504372417236,0.09803769210846434,0.09942953551809855,0.0,1179019,1179904,0.9992499389780863,1.0,0.9818311255551266,0.09800511674158116,0.41119914759148124,0.9826839826839827,1.551821582291452,1179019,0.9818333060695861,0.09803619905341816,0.9826576970109351,0.0018913778530706797,0.0018913778519161284,1.4121287079876582e-07,0.021575664874012596,0.021289039202755947,0.9818332095213375,1.0084490698516502,0.09803409362111713,0.09942577890542376,0.0
model.dec.16x16_block3.conv1,0.014975308508794244,0.014753239445323856,0.9953552591558468,0.9805951218210293,1.010337569382712,0.09484238608727287,0.09628894494338681,0.0,589464,590080,0.9989560737527114,1.0,0.9805951218210293,0.09479349543750058,0.41379310344827586,0.98046875,1.5393258426966292,589464,0.9805981238771272,0.09483322342992705,0.980451626567646,0.0023487031803610587,0.0023487031792382893,9.876478392630436e-08,0.014975314579793475,0.014753277658764486,0.9805981730401315,1.0103362984359177,0.09483319611036985,0.09627943778568789,0.0
model.dec.16x16_block3.norm0,0.0007470778227898543,0.00074974095194563,0.9971256462372173,1.0006801278447017,0.9935837903821052,0.07603581271178608,0.07805382296466265,0.0,1023,1024,0.9990234375,1.0,1.0006801278447017,0.0759863352891625,0.5016129032258064,1.0042918454935623,1.484817244611059,1023,1.000730220687951,0.07590193798246844,1.004346980595181,0.0018122979278060488,0.001812297927844385,1.994113434839058e-10,0.0007470536521328469,0.0007497498410221483,1.0007272796972053,0.9935427544251401,0.07600085985680533,0.0780269366306784,0.0
model.dec.16x16_block3.norm1,0.0005251580267806886,0.000526846686863811,0.9970478071665557,1.0002538418210158,0.9938520485618098,0.07703016657744687,0.0789769415498076,0.0,510,512,0.99609375,1.0,1.0002538418210158,0.07659009276585668,0.6264615384615385,1.0,1.5445652173913043,510,1.0003653044823297,0.07713819163143115,0.9997718537234521,0.005345424735629559,0.005345424735372994,8.856421389570434e-10,0.000525155652648188,0.0005269000184943887,1.0003427799762923,0.9937302339046846,0.07725664577938403,0.07921765746230354,0.0
model.dec.16x16_block3.skip,0.007170412748410043,0.007078951523059285,0.9943778054438276,0.9816941544827784,1.0072253312746284,0.1045397444436953,0.10600782162765147,0.0,131311,131328,0.9998705531189084,1.0,0.9816941544827784,0.10452517279440902,0.3466666666666667,0.9816682617978355,1.6294016267420521,131311,0.9816953964608813,0.10452519771129584,0.981712926408846,0.0010143934673854736,0.001014393467383238,7.440162475484565e-09,0.007170409243748877,0.007078956545948796,0.9816954836211297,1.007224281024097,0.10453843524679547,0.10600643030019692,0.0
model.dec.16x16_block4.affine,0.008298374131303337,0.008250243469938006,0.9964657852710419,0.9906862727407377,1.0022790145954585,0.08351243680742401,0.08458577772026471,0.0,131280,131328,0.9996345029239766,1.0,0.9906862727407377,0.08349647020672193,0.4698012736056215,0.9832532673829206,1.6446076032574948,131280,0.9906855306697674,0.0834978387767118,0.9832619466494048,0.0007397542992672226,0.0007397543024976174,8.722527714206127e-09,0.008298371048581185,0.008250232630037106,0.9906854152970773,1.002280036222525,0.08351145436184923,0.08458478217977311,0.0
model.dec.16x16_block4.conv0,0.021358079484956643,0.021059835163949225,0.9945869453417183,0.9806985286231077,1.0086720464779353,0.10245672307901207,0.10396849284171493,0.0,1179034,1179904,0.9992626518767629,1.0000000000000002,0.9806985286231076,0.10241884269052494,0.37362637362637363,0.9802136035696651,1.5878477326699045,1179034,0.9806980055161627,0.102448674276921,0.980183617190041,0.0018964462017854713,0.0018964462008882277,1.6816407575379003e-07,0.02135807198882782,0.02105980964522961,0.9806981763459358,1.0086734205848464,0.10245192677852633,0.10396368238922436,0.0
model.dec.16x16_block4.conv1,0.015019838437458029,0.014801291327506624,0.9948206148538986,0.980345414524567,1.0095095474264477,0.10016716284045567,0.10168276607428697,0.0,589493,590080,0.9990052196312365,1.0000000000000002,0.9803454145245669,0.10011759354493552,0.391304347826087,0.9803370786516854,1.5760408896493194,589493,0.9803498579927504,0.10015064132816323,0.9803218120840235,0.0022179357561669063,0.0022179357543737244,1.0638867577353684e-07,0.015019789185347528,0.014801299425060296,0.9803501491519574,1.0095066976710287,0.10015791908536494,0.10167308238629257,0.0
model.dec.16x16_block4.norm0,0.0007394328324299387,0.0007411456644462437,0.9962704732641589,0.9985782473967985,0.993968032535748,0.08648512075467696,0.0882152965435882,0.0,1023,1024,0.9990234375,1.0,0.9985782473967985,0.08623215911791565,0.35017211703958695,0.9944289693593314,1.4281385281385282,1023,0.9986008399118315,0.0863452516406787,0.993753249252831,0.002773001813996721,0.0027730018140106863,1.1347289905387118e-09,0.0007394089875783253,0.0007411341699338788,0.9985916141087904,0.9939480620350211,0.0865252212047204,0.08825729398504932,0.0
model.dec.16x16_block4.norm1,0.0005368880538587083,0.0005349221445594366,0.9969090195145378,0.9932586631732004,1.0005727913959683,0.07827698818947683,0.07942548341116681,0.0,510,512,0.99609375,1.0,0.9932586631732004,0.0778817209354534,0.5,0.9898008009569876,1.4474999999999998,510,0.9933099061019626,0.0784431731647379,0.9882783850638968,0.004422778760353403,0.004422778760288879,8.451402118705932e-10,0.0005369054635760558,0.0005349656374624538,0.9932940349952014,1.0005106147760876,0.07844783791625093,0.07960051939893047,0.0
model.dec.16x16_block4.norm2,0.0005249646456958996,0.0005210787758781834,0.9963227772670921,0.9889478413725936,1.0037527106823623,0.08504497875157006,0.0860960219867449,0.0,512,512,1.0,1.0,0.9889478413725936,0.08504497875157008,0.4183888447007358,0.991789740012779,1.5078034682080923,512,0.9889470322531944,0.08503059739016429,0.9916453016657834,0.0004796463283611602,0.00047964632835959843,0.0,0.0005249613853983513,0.0005210752080658878,0.9889464149230581,1.0037525405910197,0.08505419223370907,0.08610535265584933,0.0
model.dec.16x16_block4.proj,0.005184604505078486,0.005136868765224618,0.9955188909939299,0.9863529400031555,1.0047700190589115,0.09369221661130198,0.09485498419388999,0.0,65729,65792,0.999042436770428,1.0,0.9863529400031555,0.09365339122397663,0.39625436757512233,0.9864864864864865,1.567463617463617,65729,0.9863594909039101,0.09367833670733827,0.9863939134530902,0.002235312075695044,0.002235312075554525,9.28741423512786e-09,0.005184583689188566,0.005136877949222242,0.9863598302017094,1.004765376921219,0.09368047836469669,0.09484300900787133,0.0
model.dec.16x16_block4.qkv,0.008999452097332937,0.0088558176380833,0.9948542679840551,0.9789760397020876,1.0109900287521607,0.09969922095557901,0.10132418648682488,0.0,197267,197376,0.999447754539559,1.0,0.9789760397020876,0.09968083153298787,0.3760048780487805,0.979624450659209,1.5647058823529412,197267,0.9789779789986756,0.09969637894285127,0.9796214154883647,0.0016114087121234814,0.0016114087117442399,1.4105424995200676e-08,0.008999447986788948,0.008855826665993346,0.978977891289716,1.0109889560671785,0.09969537714789412,0.10132014723926591,0.0
model.dec.16x16_block4.skip,0.007220873454868127,0.0071203823073225205,0.9952015945845784,0.9813516149520454,1.0092470412983277,0.09648403092255219,0.09789135024943614,0.0,131312,131328,0.9998781676413255,0.9999999999999998,0.9813516149520455,0.09648015843520155,0.3832683540806459,0.9804529889751361,1.5801467164744736,131312,0.9813517230863762,0.09649491741811674,0.9804552238069817,0.0009531323643791349,0.0009531323642819258,1.8507613992886112e-09,0.007220871763644262,0.007120380746492034,0.9813517299562524,1.0092471292796275,0.0964830124360887,0.09789032087705485,0.0
model.dec.16x16_up.affine,0.007059322877781033,0.00695863283928893,0.9967012926496588,0.9824849303639931,1.011123362880954,0.07999987711597167,0.08116543423947578,0.0,131278,131328,0.9996192738791423,1.0,0.9824849303639931,0.07999082993328942,0.631578947368421,0.9872715825273133,1.425170348957257,131278,0.9824815235245892,0.0800043382532363,0.9872481577351706,0.0011697319897888915,0.0011697319973972883,3.426403043307875e-09,0.0070593266113046635,0.0069586112859367204,0.9824814547089458,1.0111271190617028,0.07999851779279515,0.08116430102831403,0.0
model.dec.16x16_up.conv0,0.015790662982015487,0.015549248456161083,0.9956310583732604,0.9804094175747167,1.0110890273265998,0.09194694133049341,0.0933818258339325,0.0,589596,590080,0.9991797722342733,1.0000000000000002,0.9804094175747164,0.09190942637541463,0.4725274725274725,0.9829711276945248,1.489482885535517,589596,0.9804127881813077,0.09193679071793837,0.9829492899473802,0.0018133318229086486,0.0018133318219807312,8.169360729783154e-08,0.015790630109010214,0.015549261819523805,0.9804128096601904,1.0110865778781775,0.09194178982301449,0.09337635339093882,0.0
model.dec.16x16_up.conv1,0.015894184556450943,0.01563869828760234,0.9952125279131009,0.9792152847349533,1.0114711148358675,0.09616345499681313,0.09773767917449441,0.0,589576,590080,0.9991458785249457,1.0,0.9792152847349533,0.09612686154008764,0.43,0.9820717131474104,1.530612244897959,589576,0.979216713401384,0.09615430962382907,0.9820078462847828,0.0018128319613109037,0.0018128319598034253,8.443871027953874e-08,0.015894182683710092,0.01563870967791024,0.9792167489886495,1.011470915575828,0.0961570631901472,0.09773110395705274,0.0
model.dec.16x16_up.norm0,0.0003993060000814678,0.00039431150955562567,0.9958390690603222,0.9833831861167387,1.0084527226695976,0.08998945706096043,0.09120753470448208,0.0,512,512,1.0,1.0,0.9833831861167387,0.08998945706096043,0.4525793650793651,0.9815865463401954,1.6406268480189234,512,0.9831935227498784,0.09005223356279964,0.9813372161384107,0.0027750021220271886,0.002775002122132701,0.0,0.000399369729249212,0.00039430129265554883,0.9832002151477878,1.0086392192246256,0.08997901746419519,0.09120640400746856,0.0
model.dec.16x16_up.norm1,0.00045221820973950896,0.0004471177235391197,0.9957059043833582,0.9844755202113478,1.007064398930956,0.09152884151494368,0.09271633964959297,0.0,509,512,0.994140625,1.0,0.9844755202113478,0.09139360090737342,0.5224650938854116,0.992831541218638,1.4,509,0.9844549623881302,0.09148433335996432,0.9924213706602979,0.004187555932264733,0.004187555932883304,2.4031143404627094e-10,0.00045223740495598354,0.0004471272393031703,0.9844596066859671,1.007090746836933,0.0914739552309254,0.09266142966369526,0.0
model.dec.16x16_up.skip,0.005341908726942813,0.005234162326944851,0.993879710107592,0.9738331375678931,1.0143389458183072,0.10823960473027233,0.11048620447468122,0.0,65788,65792,0.9999392023346303,1.0,0.9738331375678931,0.10823800675225424,0.32627448035016654,0.9757018745769581,1.637986605870618,65788,0.9738336890491582,0.10824132107339603,0.9757421381272988,0.00026898955670582144,0.0002689895566175956,4.689007771509524e-10,0.005341906054431789,0.005234162887892658,0.9738336542506398,1.0143382516473687,0.10824034421270824,0.1104868753138843,0.0
model.dec.32x32_aux_conv,0.001941843246002614,0.0019373766724311327,0.9981034145944239,0.9958076050112302,1.00040451710932,0.06141791661554913,0.06268887971485435,0.0,6913,6915,0.999710773680405,1.0,0.9958076050112301,0.061410988114909235,0.6037149389359499,1.0046104195481789,1.4705514310469023,6913,0.9958046321382126,0.06141994604285517,1.0046132138722115,0.00035864888279749145,0.00035864888265194333,1.5243069017015044e-10,0.0019418447407130851,0.0019373724301043305,0.9958047554842002,1.000407575757962,0.0614161535343313,0.06268678469218425,0.0
model.dec.32x32_aux_norm,0.0005556063115548848,0.0005613815078058099,0.998598107184068,1.008977938954969,0.9883250576364772,0.05348242281255675,0.05820251436241986,0.0,511,512,0.998046875,1.0,1.008977938954969,0.05337213366561102,0.8110146377725351,1.0225436783768551,1.299529986514206,511,1.0089680458281542,0.05329483397388071,1.023081465433735,0.001731901045034422,0.0017319010469319617,1.7280822223552067e-10,0.0005556185692184765,0.0005613836602543874,1.0089658986033787,0.988349293047756,0.0533615077205108,0.05808429516688023,0.0
model.dec.32x32_block0.affine,0.008406348941879008,0.008258299194516698,0.9956899698605987,0.9781542180724867,1.0135400919035158,0.09111080643815567,0.09275247816317607,0.0,131281,131328,0.9996421174463938,1.0,0.9781542180724867,0.09108456091625931,0.5333333333333333,0.9772036474164134,1.6183574879227054,131281,0.9781524670543554,0.09109721551349183,0.977211454783269,0.0011060203196999068,0.0011060202886785315,1.6051351585302045e-08,0.0084063583502373,0.008258294438803958,0.9781527364781522,1.0135419927481168,0.09110875772890004,0.09275057195175224,0.0
model.dec.32x32_block0.conv0,0.021596067009914687,0.021275478685812418,0.9954399319551088,0.9806628700306642,1.0104396611853035,0.09397442237056135,0.09540765310205734,0.0,1179097,1179904,0.9993160460512042,1.0000000000000002,0.980662870030664,0.09394213159058162,0.4260071748878924,0.9812206572769953,1.5410124423257734,1179097,0.9806633056741044,0.09396379176138506,0.9811960869420031,0.0017307966131482689,0.0017307966124337612,1.3443029310245326e-07,0.021596051359223805,0.02127546494144461,0.9806633832299594,1.0104400309608035,0.0939698794025246,0.09540303251759095,0.0
model.dec.32x32_block0.conv1,0.014788159521977363,0.014530444345580016,0.9950957847933537,0.977754121327447,1.0127450238400786,0.09719219804094446,0.09891708669693161,0.0,589389,590080,0.9988289723427332,1.0,0.9777541213274471,0.09713395853953076,0.3870967741935484,0.9776536312849162,1.5692307692307692,589389,0.9777552713057347,0.0971797246250366,0.9776018627254768,0.0025160199144979795,0.002516019912684044,1.1756590752039812e-07,0.014788156354813953,0.014530438665884398,0.9777549650674607,1.012746255707099,0.09718195409990964,0.09890668320308109,0.0
model.dec.32x32_block0.norm0,0.0006824811048058824,0.000670337527669206,0.9962847411512656,0.9785575681657144,1.0143330527926129,0.08458798576138403,0.08614401025131013,0.0,1022,1024,0.998046875,1.0,0.9785575681657144,0.08458361232084242,0.39469440484675705,0.9773564252084495,1.530613425925925,1022,0.9785451041890127,0.08472485972790962,0.9765598654399601,0.0019678534546710156,0.001967853454368799,1.6369528864106937e-11,0.0006824771493926825,0.0006703215440094441,0.9785337448500211,1.0143449733223444,0.08465771009120185,0.08621680206913547,0.0
model.dec.32x32_block0.norm1,0.00048470467133849963,0.0004734042306983179,0.9958326513605299,0.9726157351026803,1.0196037692224356,0.0890731700200123,0.09147967002810399,0.0,509,512,0.994140625,1.0,0.9726157351026803,0.08902256442454137,0.47142857142857153,0.9696969696969697,1.35759366688959,509,0.9725424624972377,0.08887423519831181,0.9689560520825707,0.00316379237619041,0.0031637923751928945,1.0057978559801789e-10,0.00048466654634788314,0.000473340882996914,0.9725680071839861,1.0196662247367378,0.0890035593702363,0.09141837315053698,0.0
model.dec.32x32_block0.skip,0.007143336672040035,0.007041357386040368,0.9953113197437649,0.9811021143828941,1.009726315627383,0.09534236269681444,0.0967558846901275,0.0,131301,131328,0.9997944078947368,1.0,0.9811021143828941,0.09533192976325922,0.38046272493573263,0.9800173761946134,1.57276221856123,131301,0.9811021431620345,0.09533778358671112,0.9800239850675637,0.0007134290561498968,0.0007134290558581647,4.821754131237055e-09,0.007143336481827537,0.007041357532971691,0.9811021583800619,1.0097262649945618,0.09534239398138626,0.09675591918660918,0.0
model.dec.32x32_block1.affine,0.008891077669224144,0.008725882641779117,0.995306814950775,0.9768141481752789,1.0141495777246843,0.09497157618085059,0.09678697988515576,0.0,131297,131328,0.9997639498050682,1.0,0.9768141481752789,0.09496487407343282,0.2589518380642159,0.9695845697329377,1.6408170527739225,131297,0.9768154101409806,0.09497918806897374,0.9695500888725506,0.0008715703708385546,0.0008715703648675659,4.780053387650326e-09,0.008891066947294822,0.00872588232229047,0.9768153267776064,1.0141484296707757,0.09497131278216991,0.09678657267119728,0.0
model.dec.32x32_block1.conv0,0.020998713304634462,0.020722177510002184,0.9958077574689477,0.9826937877929159,1.0090967320170974,0.09026622045526805,0.0915246591287499,0.0,1179042,1179904,0.9992694320893903,1.0,0.9826937877929159,0.0902340275520545,0.4069767441860465,0.980106100795756,1.5518125067967898,1179042,0.9826958695518923,0.09026219551402959,0.9800778739351739,0.0018124867574193066,0.0018124867557631895,1.2171036164150245e-07,0.02099868797496148,0.020722187798669012,0.9826961317255474,1.0090957024359561,0.09025907280430046,0.09151730775402196,0.0
model.dec.32x32_block1.conv1,0.014351204721016345,0.014135609445652824,0.9942783516697211,0.9793415070505163,1.0094430119442128,0.10521548122114763,0.10685670115598718,0.0,589397,590080,0.9988425298264642,0.9999999999999999,0.9793415070505164,0.10515301845407989,0.33043097707163926,0.9796264855687606,1.6354166666666667,589397,0.979341819637729,0.10519121448225072,0.9795545194544105,0.0025509602529860606,0.0025509602505629707,1.2855319831456334e-07,0.014351197994022695,0.014135586047519433,0.9793415785707462,1.0094454811190283,0.105203874098119,0.1068449901850457,0.0
model.dec.32x32_block1.norm0,0.0006188476112773056,0.0006099623261333166,0.9959668131377079,0.9816669290185572,1.010475002823417,0.08843417384325009,0.08973997870701166,0.0,1023,1024,0.9990234375,1.0,0.9816669290185572,0.08828109816006015,0.4433080808080808,0.9735973597359736,1.6266666666666658,1023,0.9817040341578197,0.08831372136073735,0.9729506103869112,0.002041778761413504,0.0020417787613015046,4.920984141003694e-10,0.0006188405975530462,0.0006099763749930839,0.9816995555941872,1.010439135652455,0.08844952972046023,0.08975318471171964,0.0
model.dec.32x32_block1.norm1,0.0004867917511223282,0.0004796994801630628,0.9957341444330358,0.9812268806196505,1.0104558955454424,0.09092440229380222,0.09228616446410541,0.0,511,512,0.998046875,1.0,0.9812268806196505,0.09091252946556695,0.3677685950413223,0.9701492537313433,1.6039651837524178,511,0.9811879936821924,0.09124147863536479,0.9722724452304066,0.005583190614214939,0.005583190613911658,2.4301156251870093e-11,0.00048673319772367667,0.00047961988341182907,0.9811991557788629,1.010519606510713,0.09073585115817896,0.09209786535135324,0.0
model.dec.32x32_block1.skip,0.006870840737838588,0.006816627076343596,0.994389266534716,0.9865431403986115,1.002297794093346,0.1049480652336273,0.10624508095232925,0.0,131301,131328,0.9997944078947368,1.0,0.9865431403986115,0.10493839334578603,0.303216583273767,0.9836359560636628,1.6587301587301588,131301,0.9865433098649475,0.10494326294069593,0.9836542618454334,0.0008643749477057913,0.000864374947581664,4.5521825845932394e-09,0.006870834255006202,0.006816622382052206,0.9865432875762957,1.00229743269942,0.10494907212694828,0.10624612011412535,0.0
model.dec.32x32_block2.affine,0.00841361546476822,0.008191655775606784,0.9908265594112706,0.964687552219803,1.0176738246240875,0.13157454429042245,0.13524175569468058,0.0,131301,131328,0.9997944078947368,1.0,0.964687552219803,0.13156533675581528,0.20555555555555555,0.9638423339540658,1.7648514851485149,131301,0.9646884604971666,0.1315849454984422,0.9638332355975785,0.0011836535444740479,0.0011836535420522837,8.147035146655261e-09,0.008413608574650573,0.00819165617323591,0.9646886015201266,1.0176731659632445,0.1315731006405734,0.13524012322686246,0.0
model.dec.32x32_block2.conv0,0.020367496464496076,0.020126665888781082,0.9943582566482074,0.9826007059922894,1.006256495171113,0.10481958555953196,0.10624056959913432,0.0,1179018,1179904,0.9992490914515079,1.0000000000000002,0.9826007059922894,0.10478629951460058,0.3106796116504854,0.978494623655914,1.6505522602397584,1179018,0.9826009777021326,0.10481494761390016,0.9784641243523071,0.0018602096931366059,0.0018602096920976832,1.374817982467347e-07,0.020367496018527498,0.020126661597415507,0.9826009429955351,1.0062571229179835,0.10481558142546253,0.10623652246175837,0.0
model.dec.32x32_block2.conv1,0.01386392064532004,0.013797123436236364,0.9939104728729498,0.9891217520366574,0.9987223777583248,0.10965971120690819,0.11101328352129834,0.0,589348,590080,0.9987594902386118,1.0,0.9891217520366571,0.1096055599207556,0.2760417910447764,0.9877944034830358,1.7,589348,0.9891247678197824,0.10965690530876765,0.987559174857607,0.002846741204849324,0.0028467412005017565,1.0840641731014282e-07,0.013863897529965526,0.013797128971404485,0.9891252428516842,0.9987217707615347,0.10964690502534626,0.11100038991916132,0.0
model.dec.32x32_block2.norm0,0.0006136466357536342,0.0006085725351095547,0.9940154364303503,0.985796155051871,1.0023032477843545,0.10833642281868533,0.10968664902139942,0.0,1023,1024,0.9990234375,1.0,0.985796155051871,0.10827997629997775,0.2654135338345865,0.9705263157894737,1.9846803717262742,1023,0.9858409508272525,0.10825947104726391,0.971076143421813,0.0028658105155556788,0.002865810515584842,2.1871040626683084e-10,0.0006136357993413833,0.0006085860357464885,0.9858324274794766,1.0022602581828284,0.1083680839945528,0.10971801743901423,0.0
model.dec.32x32_block2.norm1,0.0004027628686137346,0.00039839837646571364,0.9921671550756099,0.981415653149039,1.0030364407295,0.12356366648006063,0.12525132435095312,0.0,510,512,0.99609375,1.0,0.981415653149039,0.12351260977391894,-0.05550373134328336,0.968231741203311,1.8571428571428572,510,0.981383574266093,0.12361340322357904,0.9689370023856292,0.004315648877742335,0.00431564888038394,9.720462500748037e-11,0.00040275563186621726,0.0003983824015330092,0.9813731304575001,1.0030373762431912,0.12372605317482016,0.12541774848864948,0.0
model.dec.32x32_block2.skip,0.006749305839750061,0.006715743159670512,0.9941784514175316,0.9892346402910018,0.9991469697949595,0.10721023369500007,0.1085352900886078,0.0,131297,131328,0.9997639498050682,1.0,0.9892346402910018,0.10719194219160953,0.27403747093579617,0.9835764186787597,1.697975044255429,131297,0.9892338508558627,0.10720400910045201,0.983501533687312,0.0009402095705574556,0.0009402095705979671,8.485961258151035e-09,0.006749302590681561,0.0067157327802195525,0.9892335501729757,0.9991479952347129,0.10721046494089574,0.10853553846350053,0.0
model.dec.32x32_block3.affine,0.009325113081062415,0.009116745604073273,0.9938081163526843,0.9716017057691733,1.016522064817279,0.10862725435999887,0.11118744265863187,0.0,131303,131328,0.9998096369395711,1.0,0.9716017057691733,0.10861466756920736,0.1547918332381497,0.9570318360488492,1.747088586364017,131303,0.9716023304671622,0.10862227304222237,0.9570307795461332,0.0009336957175034863,0.0009336957252911542,1.129460641725525e-08,0.009325108424328314,0.009116748015946868,0.9716023802621161,1.016521217391099,0.10862794325970371,0.11118802256241232,0.0
model.dec.32x32_block3.conv0,0.022041181811742055,0.021902203571588185,0.9946745168747901,0.9884027064491117,1.0009861244456595,0.10241615340871606,0.10367497135994164,0.0,1179105,1179904,0.9993228262638316,1.0,0.9884027064491117,0.10238374529671986,0.32,0.9817891373801917,1.653821259646508,1179105,0.9884028897557813,0.10240580692671425,0.9817730859090922,0.0017081830697328944,0.0017081830684207175,1.531642681402827e-07,0.02204116424050248,0.021902184223060665,0.9884030177662544,1.0009866123066153,0.10241231772882241,0.10367111571670246,0.0
model.dec.32x32_block3.conv1,0.014785607333289295,0.014741393646969442,0.9942156743658598,0.9912426520902227,0.9971976135917843,0.10708084877543195,0.10844925192505721,0.0,589157,590080,0.9984358053145336,1.0,0.9912426520902227,0.10701155289153119,0.28447108274305305,0.9889196675900277,1.7216494845360826,589157,0.9912449997844752,0.10706874583490827,0.988655036872999,0.0029887614105446126,0.002988761405445495,1.5406048724848133e-07,0.014785611831329851,0.01474141224143282,0.9912453608432124,0.9971984296604286,0.1070646580010024,0.1084329895217518,0.0
model.dec.32x32_block3.norm0,0.0005355709441334039,0.0005258867371370243,0.9925940000275764,0.9746458908836323,1.010872623694647,0.11928242855676278,0.12148684814906063,0.0,1022,1024,0.998046875,1.0,0.9746458908836323,0.11927972877920359,0.13725688305127576,0.9443983064923442,1.8824476650563584,1022,0.9746571745823859,0.11914903772430506,0.9446510797315042,0.0017106972242348112,0.0017106972241042258,8.775417535397534e-12,0.0005355841026336104,0.0005259020898392526,0.9746573594942141,1.0108751685491861,0.1192260874737242,0.1214288860879832,0.0
model.dec.32x32_block3.norm1,0.00040458069696348403,0.0004072224912802727,0.9935723852824063,1.0000601240708789,0.9871267347180059,0.11393771909935596,0.11599469012188368,0.0,510,512,0.99609375,1.0,1.0000601240708789,0.11364168710953189,0.15357142857142864,0.9867340765707372,2.0134146341463404,510,0.9995101743082899,0.1136669124182979,0.9813594538352061,0.0062813786351822365,0.006281378636917057,5.23824923651422e-10,0.000404724967835619,0.0004071342662821743,0.9994695335480426,0.9876754124324733,0.11402606777144947,0.11602164602073076,0.0
model.dec.32x32_block3.skip,0.007173003566360931,0.007167527590991758,0.9952150826346636,0.994455320949183,0.9959754247764067,0.09763384820597697,0.09905702374557013,0.0,131283,131328,0.9996573464912281,1.0,0.994455320949183,0.09761755129780618,0.36517210739810707,0.9904240766073872,1.6573530086983135,131283,0.9944554020537453,0.09762570073801857,0.9903760205253301,0.0011032916564440696,0.0011032916560204953,7.776885503641751e-09,0.007173006567578372,0.007167528939681103,0.9944553417146441,0.9959759041962833,0.09763128208718734,0.09905447229594536,0.0
model.dec.32x32_block4.affine,0.008734700795910984,0.008768313571531431,0.9943688544191434,0.9981953732626051,0.9905570042937019,0.1063822469170887,0.10819428261130899,0.0,131294,131328,0.9997411062378168,1.0,0.9981953732626051,0.10637288019995453,0.12493000000000011,0.9918459089558069,1.732327742273212,131294,0.9981942140925231,0.10637635290606495,0.9916561856016917,0.0007736973097218251,0.0007736973083636925,7.2221706092653285e-09,0.008734705247156863,0.00876830828631921,0.9981943646117566,0.9905582070884587,0.10638117423355666,0.10819315107162512,0.0
model.dec.32x32_block4.conv0,0.016140983289939757,0.016128886768372416,0.9954587554977563,0.9947127298009958,0.9962053407071516,0.09512249335052882,0.09653909027398491,0.0,884020,884992,0.998901684986983,1.0000000000000002,0.9947127298009957,0.09508914370895166,0.390625,0.9879061451241286,1.6090909090909091,884020,0.99471163759934,0.09511046385400698,0.9875605392274784,0.0017448170103629775,0.0017448170098984693,7.85041232262643e-08,0.016140983632610708,0.016128862290246904,0.9947118689626179,0.9962075446769799,0.0951153413148219,0.09653184589414505,0.0
model.dec.32x32_block4.conv1,0.016432489835461854,0.0163618288811128,0.9968338123720397,0.9925473512687681,1.0011387851853737,0.07917129682809566,0.08028299020686445,0.0,588913,590080,0.9980223020607375,1.0,0.9925473512687679,0.07912500217625558,0.4276916888539852,0.9937304075235109,1.5454545454545454,588913,0.9925496846699816,0.07915705823188089,0.9929130421598682,0.002220655628204597,0.0022206556240387415,9.399669109919399e-08,0.01643244736653674,0.016361808532278036,0.9925497940428878,1.0011385644995412,0.07915746102985452,0.08026918731101759,0.0
model.dec.32x32_block4.norm0,0.0003725012314255073,0.0003774232047793627,0.995332019274367,1.0084836474135808,0.9823519014250381,0.09778517068613331,0.10116096218510948,0.0,766,768,0.9973958333333334,1.0,1.0084836474135808,0.09775309033461761,0.08418367346938775,0.9815059122446985,1.779524089306698,766,1.008484256737875,0.09840583308408249,0.981283387917185,0.005329742964779572,0.005329742964801852,4.1345717234084534e-11,0.0003724921803942473,0.0003774154795423193,1.008490584226484,0.9823511342271922,0.09775383076310744,0.10113144075457746,0.0
model.dec.32x32_block4.norm1,0.00038114620525593244,0.0003967073234599462,0.9959459414572198,1.0366075886312145,0.95687927542077,0.09362633276018428,0.10684738772235468,0.0,501,512,0.978515625,1.0,1.0366075886312145,0.09349616292799193,0.3333333333333333,1.0362537764350452,2.0,501,1.0363691300693783,0.09340317445751235,1.0451058341039299,0.008636726462540637,0.008636726460708729,1.6808299740876815e-10,0.0003812165797761657,0.0003966471014702634,1.0362375892733915,0.957181582047339,0.09383040778188254,0.10685867935588787,0.0
model.dec.32x32_block4.skip,0.007201896460801001,0.007138240965655929,0.9976389481863476,0.9888211039465058,1.006535425837964,0.06806997456881746,0.06891241621486222,0.0,98475,98560,0.9991375811688312,1.0,0.9888211039465058,0.06804124906054702,0.48381639219985073,0.9865881583251553,1.5011162825897724,98475,0.9888215574805707,0.06805575771106936,0.9864754847972937,0.001568940074196973,0.001568940061970653,9.632957507172035e-09,0.0072018896861278,0.007138234890651998,0.9888218320231833,1.0065359865290218,0.06806069103741223,0.06890304927337482,0.0
model.dec.32x32_up.affine,0.00789205663110196,0.007870633832216952,0.9958725476073124,0.9931692754059427,0.998583177749343,0.09051633347481723,0.09178446946931314,0.0,131302,131328,0.999802022417154,0.9999999999999998,0.9931692754059429,0.09050765498381384,0.3854209568918177,0.9839401831794121,1.5149216787350375,131302,0.9931679415050856,0.09051293193390417,0.983921520603672,0.0009929138815247059,0.0009929138909884644,4.647987704535542e-09,0.007892062682278914,0.007870629085361626,0.9931681458709498,0.9985847778806012,0.09051367529870612,0.09178175155306433,0.0
model.dec.32x32_up.conv0,0.014939828248370224,0.014765581883669903,0.9954178899976415,0.9838081214108657,1.0071646636809448,0.09450496985611463,0.09575364195191269,0.0,589633,590080,0.9992424755965292,1.0000000000000002,0.9838081214108654,0.0944677925029501,0.40802758620689666,0.9834710743801653,1.5474946374284377,589633,0.9838070047963495,0.09449949492165413,0.9834238507291979,0.001884072584322303,0.0018840725839339152,7.448573810755479e-08,0.014939854234352219,0.014765587257691821,0.9838069743732927,1.0071662599585889,0.09450269422121446,0.09575140272391501,0.0
model.dec.32x32_up.conv1,0.014937971688513454,0.014673420532378557,0.9955538173583722,0.9779225807441544,1.0135029324127318,0.09252628048524682,0.0942021524140149,0.0,589521,590080,0.999052670824295,1.0000000000000002,0.9779225807441543,0.09248121971844274,0.42857142857142855,0.9782383419689119,1.53,589521,0.9779251974151179,0.09252294273034282,0.9781814434572736,0.0022740878263958994,0.0022740878268199334,8.836400968612663e-08,0.014937958363458025,0.014673431544791584,0.9779249719582725,1.013502081214098,0.09251813585711896,0.09419369330793605,0.0
model.dec.32x32_up.norm0,0.0004892844463521063,0.0004932949998784565,0.996365862870131,1.0045328476469024,0.9882652767586696,0.0858748568158923,0.08855026330294759,0.0,512,512,1.0,1.0,1.0045328476469024,0.08587485681589228,0.40595238095238095,0.9928902783380396,1.4714877684082082,512,1.004543834618192,0.08584389681846323,0.9921198433529748,0.0014392509631089717,0.0014392509632292277,0.0,0.0004892681251402462,0.000493283028085053,1.0045366799457867,0.988251083324162,0.08593758272253844,0.08861340140775884,0.0
model.dec.32x32_up.norm1,0.0004895622485103745,0.00048681486242915366,0.9967170020304161,0.991123502068712,1.0023420694423484,0.0805099344425784,0.08156486616128869,0.0,510,512,0.99609375,1.0,0.991123502068712,0.08013456453588964,0.46153846153846156,0.9870629565605309,1.4545454545454546,510,0.9911865245345305,0.07992548860759893,0.9878121357284757,0.0030973168538487137,0.0030973168536640714,6.865076641153301e-10,0.0004895000676992155,0.0004867841823436415,0.991195612044327,1.00228670056989,0.0804081729302447,0.08146495059303151,0.0
model.dec.32x32_up.skip,0.004775194930403162,0.004707267589228002,0.9944587655436499,0.9803125493501241,1.0088091160540593,0.10363192754807699,0.1051829551309732,0.0,65785,65792,0.9998936040856031,1.0,0.9803125493501241,0.1036289078410951,0.3503649325372142,0.9803069888961463,1.6011496891586847,65785,0.9803134058133488,0.10363453980937998,0.9803201229245803,0.0006373389279702192,0.0006373389279599299,6.779044654674869e-10,0.004775193036811944,0.004707269919939775,0.9803135074211581,1.008808302909428,0.10363122584359369,0.1051821837289833,0.0
model.dec.8x8_block0.affine,0.00646847683051915,0.006399725088113603,0.9962303996586307,0.9856417282281716,1.0069328243520161,0.08582469685707401,0.08690772801486393,0.0,131264,131328,0.9995126705653021,1.0,0.9856417282281714,0.08581256865426205,0.37167106130520783,0.989343534344699,1.5446295968882595,131264,0.9856413685609793,0.08583067958901355,0.9893769461072935,0.0011952240845982587,0.0011952240811730049,4.137293482243555e-09,0.006468476859914232,0.006399721302012965,0.985641241375755,1.0069335275454239,0.08582348879738705,0.08690653257577921,0.0
model.dec.8x8_block0.conv0,0.020446511273167028,0.0200870839314958,0.996719054005043,0.9791978214002299,1.0145538020050935,0.07951621512498264,0.08096992040729858,0.0,1179129,1179904,0.999343166901714,1.0,0.9791978214002299,0.07949433872774601,0.4818181818181818,0.9800796812749004,1.4772727272727273,1179129,0.9791977617426244,0.07951691713456283,0.980078658207407,0.0014866676393147646,0.001486667637224369,6.907874221290436e-08,0.020446519686696113,0.020087083766605635,0.9791976307801414,1.0145544561156665,0.07951346824805816,0.0809671707059631,0.0
model.dec.8x8_block0.conv1,0.014551630719426384,0.014255998147113952,0.9963281670477395,0.9760866515385234,1.016989439296241,0.0838770967966194,0.08574084339252558,0.0,589809,590080,0.9995407402386117,1.0,0.9760866515385236,0.08385875614846199,0.4522880225210035,0.9772727272727273,1.5,589809,0.9760872920393465,0.08387568585865797,0.9772536694005082,0.0013519406114540864,0.0013519406098862125,3.094340835057579e-08,0.014551638379014326,0.01425601048868263,0.9760872540826294,1.0169893768850022,0.08387396780186394,0.08573760944779582,0.0
model.dec.8x8_block0.norm0,0.000585829283184383,0.0005790728151590334,0.9968362242996517,0.9853395438343445,1.0084670449834736,0.07856627578228167,0.07957216288961116,0.0,1023,1024,0.9990234375,1.0,0.9853395438343445,0.07846079738992683,0.42076086956521735,0.9847715736040609,1.5166666666666664,1023,0.9854093687645171,0.07842611417636093,0.9838548721782359,0.0023927593126732536,0.002392759313233648,2.7001284724300103e-10,0.0005858365132766686,0.0005791224911274859,0.9854179097453052,1.0083991254898281,0.07849676305453643,0.07949932680052976,0.0
model.dec.8x8_block0.norm1,0.0003971803250807093,0.0003909351578818209,0.9957996477442488,0.9801419353550631,1.0117074912097805,0.09011940797774301,0.091560779888476,0.0,509,512,0.994140625,1.0,0.9801419353550631,0.08991726198370446,0.6107758620689655,0.9857677533733872,1.4766566265060237,509,0.9800860059933753,0.09003996109409004,0.985762963739853,0.004483975600093907,0.004483975599738633,2.7271297571543104e-10,0.00039719628932993257,0.0003909164599912378,0.9800693264692888,1.0118106533219788,0.08996276065939694,0.09140911267250054,0.0
model.dec.8x8_block0.skip,0.007185137458244875,0.007035089737359428,0.9965307551648042,0.9757201347036535,1.017785234380709,0.08148732061994084,0.08339984741647889,0.0,131324,131328,0.9999695419103314,1.0,0.9757201347036535,0.08148714320037936,0.463045876018844,0.9764705882352941,1.4968053473366845,131324,0.9757199287165929,0.08148999712761001,0.9764811792005961,0.0005975225760926773,0.0005975225760915675,7.090803689866554e-11,0.007185137570462522,0.00703508850109872,0.975720006099038,1.0177854897296346,0.08148660939758659,0.08339913955839329,0.0
model.dec.8x8_block1.affine,0.007024122540694455,0.006891257239123307,0.9968013446625015,0.9779462762183201,1.01601994392088,0.07840748715677869,0.08000349829896528,0.0,131255,131328,0.9994441398635477,0.9999999999999999,0.9779462762183203,0.07839132932712568,0.49364654333008773,0.9805013927576601,1.501743621209797,131255,0.9779476652627591,0.07839998017794356,0.9804604190438513,0.0010329978963613104,0.0010329978927715807,5.937644641515323e-09,0.007024114253124109,0.006891257812402832,0.9779476519826736,1.0160188066525495,0.07840583306961825,0.08000165162862123,0.0
model.dec.8x8_block1.conv0,0.021600948886491517,0.021206026747396054,0.9965070673361998,0.9782882981180445,1.0150651266720665,0.0819817167077608,0.0835532981648382,0.0,1179122,1179904,0.999337234215665,1.0,0.9782882981180445,0.0819586481776565,0.5,0.982367758186398,1.4495951422086517,1179122,0.9782885251429688,0.08197739899298892,0.9823294380627065,0.0014472402950794485,0.0014472402928620658,8.382155557344843e-08,0.021600946560148482,0.021206022128357604,0.978288640662378,1.015065705653624,0.08197633437613351,0.08354783873089038,0.0
model.dec.8x8_block1.conv1,0.015390895077803498,0.015110300701864135,0.9964827321205729,0.9783156632827787,1.014987158727995,0.08227061269984202,0.08384056978145707,0.0,589657,590080,0.9992831480477223,1.0,0.9783156632827786,0.08224676432234736,0.48042411123748036,0.9809141135107986,1.4747620085749549,589657,0.9783155107913577,0.08226745839584236,0.9808844599528058,0.0015287456361366743,0.001528745637218694,4.4147143372949104e-08,0.015390894153873553,0.01511029279645549,0.9783156546659343,1.0149880899697512,0.08226528881003815,0.08383521015242072,0.0
model.dec.8x8_block1.norm0,0.0006197919262691476,0.0006045304783801271,0.9966534776024252,0.972112378457427,1.021814119879052,0.07972976871403548,0.08227008882624691,0.0,1021,1024,0.9970703125,1.0,0.972112378457427,0.07958928822257541,0.5641690229343387,0.9770621059735642,1.4615384615384615,1021,0.9721182325111017,0.07935447418918214,0.9770339401000953,0.002172115378311622,0.0021721153781506905,4.083944314550391e-10,0.0006197975544954989,0.0006045427771187849,0.9721366080034309,1.0218165699420596,0.07956857954953027,0.08210523580460193,0.0
model.dec.8x8_block1.norm1,0.0004175715344117161,0.0004098291230563022,0.9967752554397649,0.9782935261538236,1.015606137927958,0.07875609674988501,0.08031041273862016,0.0,510,512,0.99609375,1.0,0.9782935261538236,0.07834106619258421,0.6,0.9816451965984676,1.5295553618134252,510,0.9783194606142779,0.07881583111540384,0.9813644940357968,0.004707063989069316,0.004707063987656391,5.400256944860021e-10,0.0004175294447350658,0.0004097979858964167,0.9783135233876623,1.015576478192341,0.07881128367869349,0.08036341998314525,0.0
model.dec.8x8_block1.skip,0.007024043542725358,0.006897724255119506,0.9964072467147497,0.9784880164587425,1.0146546351163515,0.08316812301606401,0.08472335970829493,0.0,131305,131328,0.9998248659844055,1.0,0.9784880164587425,0.08315806637233432,0.46636837587291485,0.9793866264454499,1.506780608993118,131305,0.9784879455828043,0.08316190224866987,0.9793654383758361,0.0005468300388773576,0.0005468300388926076,3.920056536281892e-09,0.007024045409056812,0.006897725773825086,0.9784880140910278,1.0146547250581082,0.08316762292467833,0.0847228505364568,0.0
model.dec.8x8_block2.affine,0.006645053856507398,0.00654544013922708,0.9960526693399523,0.9811211862936905,1.0112113915785537,0.08743354808695761,0.08877039389880015,0.0,131263,131328,0.999505056042885,1.0,0.9811211862936905,0.08741592891688306,0.5503920648750084,0.9743567530104825,1.5041288443300365,131263,0.9811206276283224,0.0874186603080993,0.9742962264164321,0.0008244556453250495,0.0008244556466506274,6.461763120088712e-09,0.00664505676129922,0.006545438044482791,0.9811204298654964,1.0112121432630214,0.087433634000563,0.0887705423078219,0.0
model.dec.8x8_block2.conv0,0.021192500620083127,0.020853341477237032,0.9962463101838301,0.9803026492311753,1.012449279141796,0.08517844445895234,0.08656395317667405,0.0,1178964,1179904,0.9992033250162725,1.0000000000000002,0.9803026492311753,0.08515010234750474,0.4838709677419355,0.9828326180257511,1.4705780346820716,1178964,0.9803043391172133,0.08517634090288417,0.9827961535411491,0.0016700648744233343,0.0016700648736631958,1.0298839483341223e-07,0.021192483278267903,0.02085335035884687,0.9803042691154776,1.0124484327500316,0.08517394468206016,0.0865592704536378,0.0
model.dec.8x8_block2.conv1,0.014985380731232338,0.014750403505844929,0.9957617849434938,0.9801478111933858,1.0116244927860365,0.09052779985495643,0.09197217458609597,0.0,589538,590080,0.9990814804772234,1.0000000000000002,0.9801478111933857,0.09048294031084654,0.4616654178952968,0.9825174825174825,1.4923076923076923,589538,0.9801491689633192,0.0905107589062475,0.9824708390674506,0.001953601328330956,0.0019536013285397272,8.661617486378414e-08,0.014985371735059696,0.014750407565570162,0.9801493683904173,1.0116243285178181,0.09052031048041581,0.09196448833644694,0.0
model.dec.8x8_block2.norm0,0.0005758240545248293,0.0005614789858172825,0.9958441412039105,0.971035430078832,1.0212866831127303,0.08880499760561214,0.09149653974443218,0.0,1023,1024,0.9990234375,1.0,0.971035430078832,0.08878955249820578,0.4504545454545455,0.9758713136729222,1.444,1023,0.970903330295111,0.08866435584040944,0.9744148414378553,0.003025731412242946,0.0030257314122182346,4.320205555888017e-11,0.000575864756956289,0.0005614383241714973,0.9709122778636303,1.0214494639048304,0.0886193846081292,0.09133526983016009,0.0
model.dec.8x8_block2.norm1,0.0004322673864613295,0.00042536927093820377,0.9968079702849325,0.9809009258287507,1.0129729756183734,0.0785624929638484,0.07983945541252,0.0,511,512,0.998046875,1.0,0.9809009258287507,0.078523276951307,0.5,0.9743589743589743,1.2937908496732027,511,0.9808729404995914,0.07851693823492291,0.9750845340896883,0.0037582929217531208,0.003758292921621956,5.467760156670771e-11,0.0004322628730187881,0.00042534887220312026,0.9808719626139906,1.0130190696420576,0.07846166305921448,0.0797403850891123,0.0
model.dec.8x8_block2.skip,0.007329598224395801,0.007200257095245363,0.9963856907316833,0.9788030557272662,1.0142841697170624,0.08344546026480185,0.08496729286742519,0.0,131308,131328,0.9998477095516569,1.0000000000000002,0.9788030557272661,0.08343817501579479,0.4637200726768099,0.978529871751409,1.500186185289878,131308,0.9788030117676819,0.083442855320244,0.9785252165779675,0.00046793586116588307,0.00046793586118142305,3.102578138610544e-09,0.007329596114772114,0.007200254854958576,0.9788030636261682,1.0142842252030024,0.08344509795453173,0.08496692200041232,0.0
model.dec.8x8_block3.affine,0.006761270690078891,0.006563649466908756,0.9956659646185257,0.9665642269694907,1.025643910087551,0.09028325481722332,0.09390236672666182,0.0,131270,131328,0.9995583576998051,1.0000000000000002,0.9665642269694906,0.09026590868699201,0.44086479283018487,0.974605986474897,1.6818181818181819,131270,0.9665655297944578,0.09027192506818242,0.9746398619062788,0.0010701330306599642,0.0010701330315157432,6.800783787169879e-09,0.0067612572341449375,0.006563643255005725,0.9665654521213523,1.0256430691126355,0.09028103323195612,0.09389986139888554,0.0
model.dec.8x8_block3.conv0,0.02123180474910577,0.020881844344976495,0.9955760880665837,0.9791661684088636,1.0122610228053603,0.09241007540288985,0.0939587842366197,0.0,1178908,1179904,0.9991558635278802,1.0000000000000002,0.9791661684088634,0.09237176602571905,0.46153846153846156,0.9820130540026704,1.4935064935064934,1178908,0.9791665280112455,0.09240436113030195,0.9820238895974702,0.0018673889799551893,0.0018673889795488671,1.5158018860508726e-07,0.021231780573163172,0.020881820473440123,0.9791667311379408,1.0122616136755085,0.09240406543443512,0.09395267391028982,0.0
model.dec.8x8_block3.conv1,0.015299731934038474,0.015058967945521005,0.9953487760786096,0.9796854858766738,1.011262492221816,0.09482097588755893,0.09634216204645733,0.0,589558,590080,0.9991153741865509,1.0000000000000002,0.9796854858766737,0.09478096617191908,0.45454545454545453,0.9822606056465454,1.5,589558,0.9796844507470205,0.09482236967332032,0.9822101030638726,0.0020907924889698357,0.0020907924889772577,8.434903668760236e-08,0.01529973423993871,0.015058943157754271,0.9796842347476199,1.0112648347671331,0.09481554504105517,0.09633679624984903,0.0
model.dec.8x8_block3.norm0,0.0006121412000085685,0.000598350853192743,0.9954218865571192,0.9729969737371785,1.0183636321407326,0.093425395446991,0.09576355105201557,0.0,1023,1024,0.9990234375,1.0,0.9729969737371785,0.09342356874041112,0.5247619047619048,0.9753694581280788,1.7455943228858657,1023,0.9729643394299465,0.09343904778667522,0.9754462370487932,0.0033870527687965123,0.0033870527688214143,6.075289062967523e-12,0.0006121203776857923,0.0005982990285128489,0.9729560756166541,1.0184279603986923,0.09331335304986277,0.09565805663549863,0.0
model.dec.8x8_block3.norm1,0.000442878020502797,0.0004316402870732675,0.9959451900271897,0.9706737472420155,1.0218745735697594,0.08767936662853613,0.09044703409173717,0.0,511,512,0.998046875,1.0,0.9706737472420155,0.08767275572377209,0.47,0.9743589743589743,1.5272952853598016,511,0.9708229270587514,0.0877129057542346,0.9736200523204133,0.004300941185748691,0.004300941185925797,1.0800513889720042e-11,0.0004428144015683491,0.0004316424799081837,0.9708068676856901,1.0217107332594033,0.08781706179963372,0.09055799303430148,0.0
model.dec.8x8_block3.skip,0.007271168850842554,0.007154497558233014,0.995788547396842,0.9798103822113226,1.0120272750006936,0.09020863922151083,0.09168003889347198,0.0,131311,131328,0.9998705531189084,1.0,0.9798103822113227,0.09020357164740776,0.4133895788842681,0.98,1.5402045868853924,131311,0.9798111361612647,0.09020748281733916,0.9799805193250813,0.0006424999374198383,0.0006424999374078059,2.296036217108564e-09,0.007271166531921055,0.007154500735991224,0.979811108423754,1.0120264805713326,0.0902089411894173,0.09168027855681421,0.0
model.dec.8x8_block4.affine,0.0069813809308398814,0.0068540464549959185,0.9964913883618172,0.978316229338542,1.015004205491556,0.08216882537330734,0.08373815547180274,0.0,131287,131328,0.9996878045808967,1.0,0.978316229338542,0.08216270252869828,0.516160452450775,0.9771945470760607,1.486200679564524,131287,0.978316145402745,0.08216865925395714,0.9771974013883181,0.0009864184416309358,0.0009864184422198725,2.3294910132373985e-09,0.006981382806021033,0.006854047179432241,0.9783163356391114,1.0150046464725275,0.08216564880230878,0.08373494156872903,0.0
model.dec.8x8_block4.conv0,0.02171407963288282,0.021348394414096566,0.995631001826307,0.978863653318389,1.0126855649785045,0.09180257102663598,0.09337595565620396,0.0,1178938,1179904,0.9991812893252332,1.0,0.978863653318389,0.09176883382334967,0.46153846153846156,0.9817833173537871,1.4917161316834826,1178938,0.9788642614693738,0.0918009468420982,0.9817244660084106,0.0017879200081479644,0.0017879200081258291,1.387079009345151e-07,0.0217140746959089,0.021348389826676018,0.9788641696772287,1.0126860739037271,0.09179719648119408,0.09337048908400908,0.0
model.dec.8x8_block4.conv1,0.015944408454974555,0.015665214885308844,0.9958594708711769,0.9784215357265096,1.0136081939237205,0.08931426878660115,0.09091547363480822,0.0,589554,590080,0.9991085954446854,1.0,0.9784215357265096,0.08927786509153603,0.4664804469273743,0.9811320754716981,1.492063492063492,589554,0.9784209243663681,0.08931442945507172,0.9811117361169623,0.0020435260606506923,0.002043526060701886,7.851070091397587e-08,0.01594439273814488,0.015665179236322838,0.978420912634237,1.0136101634398451,0.08930715289483575,0.09090837338802019,0.0
model.dec.8x8_block4.norm0,0.0006265851160997609,0.0006137314410848836,0.9965595455355174,0.9761162694311935,1.0174309750791046,0.08117968068737037,0.08303343461487715,0.0,1021,1024,0.9970703125,1.0,0.9761162694311935,0.08110697056896803,0.5,0.975,1.435897435897436,1021,0.9761247627692491,0.08104714660141409,0.9748330227045363,0.002795423722795573,0.0027954237226654032,2.2006047050304584e-10,0.0006265798282171509,0.0006137321693760831,0.9761413736251636,1.0174375541206275,0.08099136332440342,0.08284111691124815,0.0
model.dec.8x8_block4.norm1,0.0004456481028224135,0.00043674115925714283,0.9967366409707434,0.9768153691099686,1.0170641892734138,0.07910881564359029,0.08085835441409264,0.0,511,512,0.998046875,1.0,0.9768153691099686,0.0789621498016049,0.6055555555555556,0.9806451612903225,1.3911764705882352,511,0.9768129648025693,0.07871991464161342,0.9798880169875172,0.003710888714323643,0.0037108887145247678,2.1871040626683084e-10,0.0004456209331527834,0.0004367005548821502,0.9767951629784358,1.0171082578059973,0.07896961886947011,0.08072163216850346,0.0
model.dec.8x8_block4.skip,0.0072408652008073195,0.007118123608832363,0.9948649757854457,0.9780007879375049,1.0120199617955952,0.09949541401648199,0.1012113832122637,0.0,131318,131328,0.9999238547758285,1.0,0.9780007879375049,0.09949337663618846,0.3589267917006434,0.978570061779017,1.5884401451890093,131318,0.9780009362070872,0.09949671607348184,0.9785749992541327,0.0006336530134180619,0.0006336530134164582,1.009684935153937e-09,0.007240864227218463,0.007118123274407122,0.9780008294487529,1.0120198276972552,0.09949585561173253,0.10121182447976426,0.0
model.dec.8x8_in0.affine,0.006131753168838029,0.005997674619621721,0.9959875027169348,0.9742089745008087,1.0182528918670855,0.08753556141629475,0.08968307761580666,0.0,131227,131328,0.9992309332358674,1.0,0.9742089745008087,0.08751639032552846,0.5237750885478158,0.9763313609467456,1.550453844280263,131227,0.9742096769118302,0.08752435052199564,0.9762392019888345,0.0014726389974337038,0.001472638995159131,5.993594355611247e-09,0.006131757446084568,0.005997678283671474,0.9742093606992337,1.0182534719788179,0.08753031612977104,0.08967775607604031,0.0
model.dec.8x8_in0.conv0,0.014005413423320685,0.013714614513225786,0.9964692976134506,0.9757792846212946,1.0175980129272915,0.08221471305425991,0.08411945450683801,0.0,589678,590080,0.9993187364425162,1.0,0.9757792846212945,0.08218539153064919,0.46629213483146065,0.9759615384615384,1.496844288072963,589678,0.9757787914080764,0.08221259362296142,0.9759571292909659,0.0015602329250370087,0.001560232923487584,4.4914309464645644e-08,0.014005407819644402,0.01371459782791255,0.9757789093135386,1.017599283275444,0.08220964411681345,0.08411441888832821,0.0
model.dec.8x8_in0.conv1,0.014077412501420505,0.013771056000797038,0.9962741328502193,0.9745929427188029,1.0184376515363684,0.08436614016800173,0.08645325361176255,0.0,589693,590080,0.9993441567245119,1.0,0.9745929427188029,0.08433969067321052,0.4458810913856786,0.9736842105263158,1.5,589693,0.9745952143481773,0.08436267254082767,0.9736788159156344,0.0015718292098161407,0.0015718292084128493,4.20046514182817e-08,0.014077388437127459,0.013771060679892009,0.9745952866849847,1.0184359269761627,0.08436230646860172,0.08644903502097906,0.0
model.dec.8x8_in0.norm0,0.000391932391065938,0.00038487350085866686,0.9972827078079061,0.9793211682656392,1.0155736764620746,0.07234271350071207,0.07374060713809945,0.0,510,512,0.99609375,1.0,0.9793211682656392,0.07222672915045043,0.6378237833594977,0.9850746268656716,1.4159591194968553,510,0.9792987015627244,0.07223525777947966,0.9850110394613352,0.0014055498770330502,0.0014055498772746673,1.2234957140698484e-10,0.0003919412204828646,0.0003848769863443809,0.9793057985053562,1.015585100305564,0.0723712023312791,0.07377106330712922,0.0
model.dec.8x8_in0.norm1,0.00039960171485137154,0.00039100640958455703,0.9963673722024359,0.9749358282333138,1.0182700354633094,0.0833272819797955,0.08536065217441392,0.0,510,512,0.99609375,1.0,0.9749358282333138,0.08318778896085305,0.5475,0.9673641742872512,1.4887999999999992,510,0.9748724693045356,0.08442291257096222,0.9674122939423668,0.008295597848345824,0.00829559784826173,1.7618338282605819e-10,0.0003996060314083544,0.0003909813100341601,0.9748567767903237,1.0183402024047215,0.08339047402860081,0.08543615033200677,0.0
model.dec.8x8_in0.norm2,0.0003877223717004076,0.00038218307770954537,0.9960863580484722,0.9818555176837043,1.010523457698685,0.08712259475324798,0.08840224524578749,0.0,511,512,0.998046875,1.0,0.9818555176837043,0.08712242309559809,0.28930702715868956,0.9807692307692307,1.6004311343933986,511,0.9818700895646602,0.08712732898252738,0.9806704998802696,0.00031231749396472334,0.0003123174938849124,2.13584381119952e-13,0.000387719864879057,0.00038218642522131716,0.981870379068866,1.010507983756949,0.08712490049723011,0.0884035433476292,0.0
model.dec.8x8_in0.proj,0.004315952850250504,0.004220584488122351,0.9962704696268908,0.9742561691417854,1.0187822054284958,0.08437866934502125,0.08651943323127023,0.0,65762,65792,0.9995440175097277,1.0,0.9742561691417854,0.08434737001344507,0.43680748050412105,0.9743323342835809,1.5096405488450941,65762,0.9742542123765763,0.08435819440247173,0.9742317740262978,0.001198472510454043,0.0011984725112480778,4.672774204925065e-09,0.004315958179936594,0.00422058118528801,0.9742541668095954,1.0187842222357657,0.08437892444226444,0.08651999405461702,0.0
model.dec.8x8_in0.qkv,0.006940713516419442,0.00676436231328753,0.9960575979422566,0.9707495434648235,1.022025449404138,0.08645492398845599,0.08921611542207919,0.0,197273,197376,0.9994781533722439,0.9999999999999999,0.9707495434648236,0.08643456693675253,0.4385357676247371,0.9700082850041425,1.5073968393327473,197273,0.9707499639116108,0.08645223180198834,0.9700103796153547,0.001420373102698509,0.001420373086795416,8.053709319482688e-09,0.006940703102820929,0.006764353103238992,0.9707498840866794,1.022025524283455,0.08645262434461282,0.08921374035788357,0.0
model.dec.8x8_in1.affine,0.006554376114372429,0.006447585162931242,0.9971908732466664,0.9809435660637651,1.0137072835664125,0.07368196210712259,0.07491555445980647,0.0,131240,131328,0.9993299220272904,1.0000000000000002,0.9809435660637649,0.07366075467773264,0.3163265306122449,0.9800683925796387,1.592804166000599,131240,0.9809462450026623,0.07367604959855623,0.9800444424344191,0.0012150696801058493,0.0012150696720100167,6.3765190144204955e-09,0.006554367311707053,0.006447591063349507,0.9809461515527685,1.0137053771876832,0.07367719762967047,0.0749105033336163,0.0
model.dec.8x8_in1.conv0,0.014418594857075893,0.014108392293712647,0.9967729802580182,0.9753283432020351,1.0186891225887822,0.07854521718599757,0.08051697917244077,0.0,589677,590080,0.9993170417570499,1.0,0.9753283432020351,0.07852001806875947,0.4560592866883005,0.9760705289672544,1.4814814814814814,589677,0.9753284729287554,0.07854099263044186,0.9760554817567242,0.0015175663936823555,0.0015175663923425347,3.908548557090265e-08,0.014418599823354819,0.014108395747382827,0.9753286313717482,1.0186896265747587,0.07854042414270007,0.08051212395097683,0.0
model.dec.8x8_in1.conv1,0.014932470886536358,0.014609668787949009,0.9966862392963983,0.9751404139522423,1.0187081218145972,0.07958370940460004,0.08158507058260425,0.0,589758,590080,0.9994543112798264,1.0,0.9751404139522423,0.07956004256816909,0.46808510638297873,0.9751243781094527,1.4798414171022616,589758,0.9751403366525524,0.07957782997332136,0.9751197823956377,0.0013562518787808104,0.0013562518788053175,3.9893063936982455e-08,0.014932470407248613,0.014609663091170748,0.9751404027746524,1.0187088391969519,0.07957954221745955,0.08158088913053219,0.0
model.dec.8x8_in1.norm0,0.0004300799646998797,0.00042318442877060627,0.9971497320480306,0.9811622823443441,1.0133976876360415,0.07423840386819322,0.07545612372750338,0.0,512,512,1.0,1.0,0.9811622823443441,0.07423840386819322,0.59831583552056,0.9808585555888523,1.4426470588235294,512,0.9810190088953449,0.07450137758184476,0.9810486889193467,0.0026488315391639547,0.002648831540411362,0.0,0.0004301348287713671,0.00042317976772947356,0.9810260236996163,1.0135378118909484,0.07423215059176698,0.07546235613302903,0.0
model.dec.8x8_in1.norm1,0.00040019124647021803,0.0003921558133291546,0.9965571057567224,0.9765472528046896,1.016976968786621,0.08124446477219494,0.08303698732205021,0.0,510,512,0.99609375,1.0,0.9765472528046896,0.08124268997245411,0.16666666666666666,0.9695945078367759,1.360550247496256,510,0.9765698537118879,0.08117865066254243,0.9685958184455257,0.0025677453767320646,0.00256774537191167,2.1938543838493835e-12,0.00040019705275537524,0.00039217374019444036,0.9765987563347344,1.016967135908657,0.0809938135150668,0.08277847952898583,0.0
model.enc.16x16_block0.affine,0.006768323035762821,0.006598826436686641,0.9964623760108489,0.9715083389548778,1.0220573792226644,0.08193548476062346,0.08457923661971901,0.0,131248,131328,0.9993908382066277,1.0,0.9715083389548778,0.08188145787699266,0.4225352112676056,0.9753086419753086,1.7272727272727273,131248,0.9715109658184298,0.08191579941938813,0.9753110972611418,0.0016676406047049356,0.0016676406022517755,1.9259061856238753e-08,0.006768309676393159,0.006598830383829961,0.971511388799484,1.0220553303543911,0.08192916021794029,0.08457232780802774,0.0
model.enc.16x16_block0.conv0,0.014649879415377839,0.014404773105249695,0.9964354169710171,0.9797641119445474,1.0133903947794323,0.08294770459794229,0.08436620811037107,0.0,589599,590080,0.9991848562906724,1.0,0.9797641119445473,0.0829150153389295,0.4903207934947726,0.9803312629399586,1.476923076923077,589599,0.9797643705282011,0.08293180935937823,0.9803129700052579,0.0017533131613759368,0.0017533131612492813,5.527467489129814e-08,0.01464989006561863,0.014404776982929376,0.9797640399826401,1.0133912481892184,0.08294321858658187,0.0843616926263247,0.0
model.enc.16x16_block0.conv1,0.014705664557023724,0.014442322829696978,0.9966561343001801,0.9788085119136046,1.0148291907435467,0.08024693337642302,0.08174857542818484,0.0,589678,590080,0.9993187364425162,1.0,0.9788085119136045,0.0802211927063688,0.49044382851751706,0.9783783783783784,1.467837641734512,589678,0.9788081353260486,0.08024042985451693,0.978343432031691,0.001559683019773265,0.0015596830197071414,4.2430893494584073e-08,0.014705663671964339,0.014442310516991689,0.9788081652104,1.0148304394996857,0.08024163857099943,0.08174328173896142,0.0
model.enc.16x16_block0.norm0,0.00041458934423167977,0.00040341630561621726,0.9970296266381451,0.9701600250090133,1.0246434101270698,0.07494334733598702,0.0779532325749356,0.0,512,512,1.0,1.0,0.9701600250090133,0.07494334733598701,0.44394409937888196,0.9670643528561099,1.3487333873686103,512,0.9701869631348655,0.07504686413173658,0.9669668617325727,0.0023478013020379784,0.0023478013020023576,0.0,0.0004145911115724859,0.0004034345812502404,0.9701953550193537,1.024596625419668,0.07500445339381384,0.07800518521746579,0.0
model.enc.16x16_block0.norm1,0.00043259436897392825,0.00041906198990903927,0.9965995054693281,0.9654239672488925,1.0287817663487249,0.07982040533771328,0.0839347291669476,0.0,511,512,0.998046875,1.0,0.9654239672488925,0.07977517322728736,0.4384469696969697,0.969811320754717,1.543560606060606,511,0.9654795458959342,0.07976480762859568,0.9705552004706193,0.0022898178281876434,0.0022898178280725155,6.417024072759447e-11,0.00043256115935638484,0.00041905082410216175,0.9654700333263373,1.028727717756174,0.0798525620813713,0.08395341463037945,0.0
model.enc.16x16_block0.norm2,0.0004210661296150587,0.00040818129968004703,0.9970155125275042,0.9665063491967237,1.0284877414893772,0.07483907226222271,0.0787845252676064,0.0,512,512,1.0,1.0,0.9665063491967237,0.07483907226222271,0.4876239190044295,0.9692858717214018,1.6006471475245023,512,0.9664951354954205,0.07484882948445379,0.9693036887183326,0.0003970548301470833,0.00039705483014642625,0.0,0.00042106739588979573,0.00040817777155894197,0.966495336274559,1.0284999878426457,0.07483500216941745,0.07878357889305479,0.0
model.enc.16x16_block0.proj,0.004868668321678336,0.004785531150304883,0.9968635897047455,0.9798411898168292,1.0141817131251645,0.07778763949346608,0.07916114245583983,0.0,65757,65792,0.9994680204280155,1.0,0.979841189816829,0.07776230554500708,0.5068446397681051,0.9803811659192825,1.4505516909186633,65757,0.9798421563016367,0.07778558564433011,0.9803463021114753,0.0013940781886628876,0.0013940781885306709,4.4370810387122235e-09,0.004868668810729576,0.004785534741404681,0.9798424583469307,1.0141817077598982,0.07777973285579781,0.07915304369666466,0.0
model.enc.16x16_block0.qkv,0.008513516780735862,0.00837195810679862,0.9970610549142775,0.980482401884838,1.0139200309110057,0.07533719686280273,0.07662807222566874,0.0,197280,197376,0.9995136186770428,1.0,0.980482401884838,0.07532364504479913,0.5324048109800915,0.981081081081081,1.4375,197280,0.9804828743199756,0.07533885425555924,0.9810446442707106,0.0012405684655239933,0.0012405684654607334,7.02943114084721e-09,0.00851351799081728,0.008371960766977285,0.9804828188380416,1.0139201059702239,0.07533402446371401,0.07662483011029075,0.0
model.enc.16x16_block1.affine,0.007270936533298559,0.007075645586871336,0.9971110559390518,0.9703295318650073,1.0246317619179799,0.07391735053774175,0.07690305095494986,0.0,131272,131328,0.9995735867446394,1.0,0.9703295318650073,0.07389805031654019,0.5691114058355438,0.9661476698401505,1.3754056890420525,131272,0.9703300290428233,0.07391587441999427,0.9661050826504847,0.0011695090306846397,0.0011695090302792147,7.164187064268632e-09,0.0072709251456221004,0.0070756364070538305,0.9703299672486866,1.0246316708058767,0.07391507901328652,0.07690067592298716,0.0
model.enc.16x16_block1.conv0,0.014773186960423056,0.014518630606995165,0.9966244198663622,0.9794516135695208,1.0140983183989232,0.08068148109821721,0.08211557436582927,0.0,589586,590080,0.9991628253796095,1.0000000000000002,0.9794516135695208,0.08064937672027278,0.49412011448874854,0.9794424839427118,1.4680851063829787,589586,0.9794551670352248,0.08067141515960032,0.9794330411600938,0.001754885928776941,0.001754885928575456,5.369505952305236e-08,0.014773187216423895,0.01451867450269722,0.9794550690780635,1.014095799233264,0.08067551753399592,0.0821092021153708,0.0
model.enc.16x16_block1.conv1,0.01475504197554835,0.01449768974669035,0.9965829287663629,0.9792008814373973,1.0142735292993483,0.08115757188873125,0.08262149930588553,0.0,589717,590080,0.999384829175705,1.0,0.9792008814373973,0.0811381928815959,0.4852941176470588,0.9793397968605725,1.475070130372629,589717,0.979201922725377,0.08116181665004393,0.9793403046964183,0.001579380152764537,0.0015793801525728509,3.2525489827370244e-08,0.01475503548181506,0.01449769221509102,0.9792017550121206,1.0142731960101776,0.08115429244148135,0.08261809892522491,0.0
model.enc.16x16_block1.norm0,0.0004406916856550801,0.0004304422267519033,0.9971137301983247,0.9739231946558413,1.0208564663062103,0.07415661097672269,0.07638339312047901,0.0,512,512,1.0,1.0,0.9739231946558413,0.07415661097672269,0.5938858067498844,0.9841589659902086,1.402112281488122,512,0.9741123807985494,0.07419396045789531,0.9837116815265948,0.002094654716293251,0.0020946547161339135,0.0,0.0004406860190553361,0.000430519862003166,0.9741150271299434,1.0206630748959697,0.07412300602570705,0.07631426477196909,0.0
model.enc.16x16_block1.norm1,0.0004459694560880939,0.00043544329737459287,0.9971952470316058,0.9736585781066153,1.0213008780101756,0.07307756445443322,0.07536087229064428,0.0,510,512,0.99609375,1.0,0.9736585781066153,0.07301642977789666,0.5116135427787099,0.9714285714285714,1.2343947525342873,510,0.9736576496482737,0.07282265580449353,0.9707204135606611,0.00191943903171839,0.0019194390317237955,8.437901476343783e-11,0.0004459898748849284,0.00043546406332868246,0.9736595660296365,1.021298025272679,0.07308923924109186,0.07537225520448898,0.0
model.enc.16x16_block1.norm2,0.0004543380649229027,0.0004428922781306377,0.9966211066137295,0.9715140033801325,1.0223770596123214,0.08006709241640478,0.08272420976756956,0.0,511,512,0.998046875,1.0,0.9715140033801325,0.08005552262585915,0.2372310245455871,0.9803436765978489,1.502906976744186,511,0.9715121965100623,0.08007792779399953,0.9803363446909996,0.0007000276986915054,0.0007000276986908913,1.816521977204135e-11,0.00045433747912435886,0.00044289133784857117,0.9715126417997908,1.0223773314689812,0.08007371865111541,0.08273103005312807,0.0
model.enc.16x16_block1.proj,0.004990658075736537,0.004896203242323504,0.9968656234753404,0.977998617366803,1.0160966013862693,0.07761606559039991,0.07920206311730775,0.0,65755,65792,0.9994376215953308,1.0,0.977998617366803,0.07759680735526636,0.5056179775280899,0.9777862423602334,1.4444444444444444,65755,0.9779988528404207,0.0776220136792067,0.9778408091153105,0.0015563732828294291,0.0015563732825978234,3.5364220719714994e-09,0.004990654681420243,0.0048961988505923345,0.9779988394909421,1.0160972728096858,0.07761057761637716,0.07919651281534242,0.0
model.enc.16x16_block1.qkv,0.008755678059951782,0.00857798499521283,0.99681085799247,0.976580971156873,1.0174598071828214,0.07818094067697409,0.07996180264786239,0.0,197268,197376,0.9994528210116731,1.0,0.976580971156873,0.07815871702762665,0.5,0.9767441860465116,1.4447573581394382,197268,0.9765832362785943,0.07818082339072578,0.9767400325607456,0.0013621117780759713,0.0013621117774850564,1.2652266742432122e-08,0.008755660292358892,0.00857798527250485,0.9765832004607167,1.017457934625871,0.07817840382585979,0.07995892378011758,0.0
model.enc.16x16_block2.affine,0.006868218677738528,0.006713138600773003,0.996554647135309,0.9740530672308989,1.019576035575032,0.08106603919404304,0.08324496614999383,0.0,131273,131328,0.9995812012670565,1.0,0.9740530672308989,0.08105604870855952,0.24308880308880323,0.9683453237410072,1.4205664032123515,131273,0.9740516756610359,0.08106530282322312,0.9682640608128515,0.0011166788817078164,0.0011166788828116292,3.6292864514070856e-09,0.0068682172077224836,0.00671312780650795,0.9740519259965421,1.0195776833808154,0.0810633248103752,0.08324243182421427,0.0
model.enc.16x16_block2.conv0,0.014802007597385335,0.014525755483798634,0.9968121386814415,0.9782084824984607,1.0157696008572825,0.07829543125492743,0.07985802068717987,0.0,589597,590080,0.9991814669197397,1.0,0.9782084824984607,0.07826564758726784,0.506910029218685,0.9790732436472347,1.4545454545454546,589597,0.9782097347022068,0.07828872513163587,0.9790511236154787,0.0017409538301183384,0.0017409538301959245,4.852968425559914e-08,0.014801991538768116,0.01452574880054859,0.9782095659983834,1.015769456658096,0.07828957891505028,0.07985199679810613,0.0
model.enc.16x16_block2.conv1,0.014924506723271624,0.014625731773394726,0.9967312421522655,0.9767775959489757,1.0170925021239887,0.0791714865668337,0.08092648180760961,0.0,589724,590080,0.9993966919739696,1.0000000000000002,0.9767775959489758,0.07914974158394009,0.4915254237288136,0.9767441860465116,1.4666666666666666,589724,0.9767783714489742,0.0791656798020869,0.9767006666482614,0.0014291105343491354,0.0014291105341968976,3.6425240685591525e-08,0.014924493359207038,0.01462572421146691,0.9767785924291815,1.0170927699645604,0.07916378236092131,0.08091860497012138,0.0
model.enc.16x16_block2.norm0,0.00043376568404164507,0.0004257645567160623,0.996223681404153,0.9778476023067798,1.0149450906758766,0.08522229576309544,0.08686329568453194,0.0,510,512,0.99609375,1.0,0.9778476023067798,0.08507815813454782,0.3915384615384616,0.9792504862152411,1.728872422680411,510,0.9778427578557095,0.08496096822662351,0.9789480900929358,0.00192534864240429,0.0019253486424304508,2.1938543838493834e-10,0.00043373651327030164,0.00042573167898369126,0.9778508543454694,1.0149687066118496,0.08507212573841172,0.08671193223075746,0.0
model.enc.16x16_block2.norm1,0.0004305976146056731,0.00041973903915045407,0.9967292260571328,0.9715942528421165,1.0225144366286087,0.07877575901861528,0.08142741894306955,0.0,510,512,0.99609375,1.0,0.9715942528421165,0.07872417651169364,0.5842259510401103,0.9760952380952381,1.4439655172413783,510,0.9714974455145005,0.07872740543345398,0.9757841371553054,0.0018034858537397864,0.0018034858538153958,7.155340451939528e-11,0.00043058777183265797,0.00041968292925681895,0.9714915973305297,1.0226330493344264,0.07870510570254168,0.08137845962105032,0.0
model.enc.16x16_block2.norm2,0.0003978440177785841,0.00038821835399102667,0.99586606152995,0.9717715132714384,1.020558021060405,0.08863615995338062,0.09119251885465646,0.0,512,512,1.0,1.0,0.9717715132714384,0.08863615995338062,0.24954099569318194,0.9670503668615532,1.5315711423562988,512,0.9717737314779376,0.08863665681474939,0.9670419661663412,0.00020804677111232987,0.00020804677110518245,0.0,0.0003978426403230997,0.00038821825730394065,0.971774504534708,1.0205546038748314,0.08863788415748051,0.09119367459540813,0.0
model.enc.16x16_block2.proj,0.005036363432066344,0.0049388965115928505,0.9971628833622529,0.97786515063054,1.0168414482448451,0.07381730791587314,0.07540699270524931,0.0,65761,65792,0.9995288180933852,0.9999999999999999,0.9778651506305401,0.07380055724489863,0.5119705340699816,0.9782065023222579,1.4438902743142146,65761,0.977860732548167,0.0738180450762937,0.978203844409237,0.0012473866299933137,0.0012473866299108378,2.9792674374885196e-09,0.005036373974151261,0.004938884371139064,0.9778610718342324,1.0168464628299365,0.07381204682935212,0.07540225626886943,0.0
model.enc.16x16_block2.qkv,0.008698469561000366,0.008513923281910404,0.9967984915300061,0.9756504664292326,1.018404917442394,0.07825846621904994,0.08017939492092947,0.0,197280,197376,0.9995136186770428,1.0,0.9756504664292326,0.0782419014995163,0.5039329595368702,0.9761904761904762,1.4472601812019863,197280,0.9756500493703973,0.07825540110128587,0.9761793583904572,0.0013695274390214168,0.0013695274390623875,9.317285065565169e-09,0.008698466793397683,0.008513915357170325,0.9756500790365128,1.0184057608782047,0.07825579620667984,0.08017676767810522,0.0
model.enc.16x16_block3.affine,0.006763334855534463,0.006652866247184624,0.99648600502023,0.9802099482278332,1.0130323202661227,0.08239134748154517,0.08376271828909171,0.0,131272,131328,0.9995735867446394,1.0,0.9802099482278332,0.08238231960725591,0.34782608695652173,0.9751635171310788,1.4594594594594594,131272,0.9802100983195254,0.0824027827397316,0.9751700133999182,0.0012758932043557376,0.0012758932046683434,3.2322082016878502e-09,0.006763337400326525,0.006652868854365525,0.9802100782873164,1.0130324230224745,0.08238998365687492,0.08376132939784667,0.0
model.enc.16x16_block3.conv0,0.014866985310079918,0.014589904085097138,0.9967946566711469,0.978217044682826,1.0157250816359584,0.07851154152904344,0.08007408323791106,0.0,589551,590080,0.9991035113882863,1.0,0.9782170446828261,0.07847671488051967,0.5,0.9789875835721108,1.4545454545454546,589551,0.978217746779054,0.07849849479980768,0.978976439933947,0.0017704016923105858,0.001770401692186984,5.740224939424808e-08,0.014866963529273348,0.014589886334531947,0.9782180324447981,1.0157256026346286,0.07850228110790028,0.08006464735426422,0.0
model.enc.16x16_block3.conv1,0.015007307786259404,0.014708601339094166,0.9967370355231057,0.9768979156170209,1.0169790539023633,0.07911069446813912,0.08084871498694442,0.0,589724,590080,0.9993966919739696,1.0000000000000002,0.9768979156170207,0.07908513325762526,0.4782608695652174,0.9768490561584369,1.4660615587444852,589724,0.9768998064353986,0.07910302015757811,0.9768399192873854,0.001345987005644765,0.0013459870055834804,4.3259974501193686e-08,0.015007293165126034,0.014708610756388378,0.9768997403003485,1.0169776695726025,0.07910776643256762,0.08084551213381634,0.0
model.enc.16x16_block3.norm0,0.0003959340307321484,0.00038857474586404716,0.9964226263579176,0.9779019704223071,1.0152940482257586,0.08293925566617054,0.08456189243882703,0.0,510,512,0.99609375,1.0,0.9779019704223071,0.08275523997322944,0.5156299840510368,0.9677256599720061,1.7274999999999978,510,0.9780102619449662,0.08264291903556464,0.9685016581154077,0.0030968615765086882,0.0030968615764534174,2.2704547081893167e-10,0.0003959152024580419,0.00038859871934210274,0.9780076562156045,1.015181935225927,0.08296193503881968,0.08457198097190767,0.0
model.enc.16x16_block3.norm1,0.00043116803741485035,0.00042150702581656726,0.9963740370578752,0.9740486782813789,1.0192110967951271,0.08317463355862148,0.0853505813102458,0.0,512,512,1.0,1.0,0.9740486782813789,0.08317463355862148,0.388544474393531,0.9761996630268421,1.409159292035398,512,0.9741149493595775,0.08319173568927149,0.9749046499227182,0.0017465602063775252,0.0017465602063412992,0.0,0.00043116823472669577,0.0004215332793362596,0.9741143811168835,1.019153819150521,0.0831155743265389,0.08528070230664446,0.0
model.enc.16x16_block3.norm2,0.00045617905805745795,0.0004441713898001195,0.9960507483997353,0.9698324318352094,1.0229778473280113,0.08644869222893421,0.08939493321055282,0.0,512,512,1.0,1.0,0.9698324318352094,0.0864486922289342,0.41752133874695857,0.9702339467964468,1.5266544847454522,512,0.9698499512508261,0.08645306898366129,0.9702780981769863,0.0001361749905200772,0.00013617499051271184,0.0,0.0004561755500828342,0.00044417636046502237,0.9698501675441431,1.0229579257822037,0.0864567818988519,0.08939925752995978,0.0
model.enc.16x16_block3.proj,0.005006295517640936,0.004918391373088595,0.9966213208717062,0.9791219254914004,1.0144334748888104,0.08069152599055612,0.08216099364646953,0.0,65763,65792,0.9995592169260701,1.0,0.9791219254914004,0.08067317564905391,0.48150851581508525,0.978675645342312,1.47197502274419,65763,0.9791232609667093,0.0807018173927827,0.9786968013993543,0.0012247965961350517,0.0012247965960704241,3.525249763047978e-09,0.005006289365586191,0.0049183920488222125,0.9791230947295144,1.014431914348665,0.0806936807100054,0.08216302854633611,0.0
model.enc.16x16_block3.qkv,0.008912139894371457,0.008737243702064282,0.9967856230740819,0.9772242144686926,1.0167385986310076,0.07854283549855068,0.08023433741595944,0.0,197274,197376,0.999483219844358,1.0,0.9772242144686926,0.07852375475888487,0.5030172568435405,0.9777227722772277,1.4493738553680122,197274,0.977224614489933,0.07852585032801582,0.977694294831928,0.0010690035761081085,0.0010690035750052966,1.1306996288993366e-08,0.008912126308231443,0.008737233893752196,0.9772248628881061,1.0167384560815065,0.0785396855346882,0.08023107686481103,0.0
model.enc.16x16_down.affine,0.006493111018165523,0.006393723076172599,0.9978313836083811,0.982557902622866,1.013342284923825,0.06481444065138639,0.0658303049110812,0.0,131276,131328,0.999604044834308,1.0,0.982557902622866,0.06480015084524253,0.5567047501942601,0.9820392884265139,1.4229401812688822,131276,0.9825609123948043,0.06480079444201754,0.9820115719878493,0.0008898411792196364,0.0008898411790725817,3.709284349513353e-09,0.006493105674050667,0.006393736512468507,0.9825609200800668,1.01333946983151,0.06481244812165637,0.06582804145649705,0.0
model.enc.16x16_down.conv0,0.014249645549863653,0.01400300868635072,0.9970271928323082,0.9797703664209582,1.0145879660336388,0.07571687048790844,0.07708392475378763,0.0,589599,590080,0.9991848562906724,1.0,0.9797703664209582,0.0756869203440835,0.5,0.98,1.4583333333333333,589599,0.979768019982248,0.07571031051973665,0.9800022738330427,0.00171817918221435,0.0017181791821552516,4.3736902491335065e-08,0.014249667773539509,0.014002988812036,0.9797680051582599,1.0145915655424573,0.07570943246211974,0.07707668562422039,0.0
model.enc.16x16_down.conv1,0.014608153852281728,0.014347309282024955,0.9969522659429849,0.9791505924388553,1.0150775868839796,0.07662094467936487,0.07806242363155626,0.0,589677,590080,0.9993170417570499,0.9999999999999999,0.9791505924388553,0.07659463923826591,0.5,0.9795008912655971,1.457589401475682,589677,0.9791507069735469,0.07661874287962352,0.9795012341792473,0.0015626018968447808,0.001562601896609518,4.0854832592335206e-08,0.014608149639346903,0.014347299044274172,0.9791506292603868,1.0150784882180537,0.07661512130529377,0.07805655417458937,0.0
model.enc.16x16_down.norm0,0.00032137308093483475,0.0003195380004642738,0.9962393395152104,0.9905506883356189,1.0019606601509177,0.08614922706179774,0.0872490983023829,0.0,511,512,0.998046875,1.0,0.9905506883356189,0.0861292601837253,0.31414473684210525,0.9819004524886877,1.4565756823821339,511,0.990320306127102,0.08629015054707856,0.9820029972209695,0.003340172274355432,0.0033401722743574705,1.6875802952687564e-11,0.0003214020950640489,0.0003194992277335073,0.9903439669555367,1.0021756387137042,0.08609785663550704,0.08719089129075798,0.0
model.enc.16x16_down.norm1,0.0003999325351575597,0.00039606661962353183,0.9975689692312942,0.9879260494000881,1.0073060113937493,0.06901247850486449,0.06985980670591867,0.0,512,512,1.0,1.0,0.9879260494000881,0.06901247850486449,0.5781627906976745,0.991207729468599,1.5913744740532958,512,0.9878081703813372,0.0690313248960176,0.9895229834152655,0.0028037200197144783,0.002803720019716955,0.0,0.0003999493378536259,0.0003960349156424541,0.9878154776215943,1.007439183111738,0.06886060582547301,0.06970608646881042,0.0
model.enc.16x16_down.skip,0.004813873756744165,0.0047250961374712816,0.996870017740768,0.9784857078540461,1.0155997418193357,0.07760001201443759,0.07912522455154385,0.0,65775,65792,0.999741609922179,0.9999999999999997,0.9784857078540464,0.0775877146840172,0.481930918908854,0.9780985357306745,1.4688016311748358,65775,0.9784869851973931,0.07759273692594769,0.9780832343982483,0.0007800051813986027,0.0007800051814070136,2.1006894041737027e-09,0.004813871879400004,0.004725099845440915,0.978487009390859,1.0155987066214491,0.07759818546796132,0.07912322119858696,0.0
model.enc.32x32_block0.affine,0.006094231059458283,0.006017699950382775,0.9934692205294126,0.9809932739271755,1.0061038320764142,0.112667560230201,0.11426316878312455,0.0,131286,131328,0.9996801900584795,0.9999999999999998,0.9809932739271756,0.1126531882139284,0.1463015230588987,0.9845271952968585,1.5466580310880829,131286,0.9809958919631958,0.11267679513189893,0.9844209797185322,0.001518694088183359,0.0015186940875625882,5.7129570038296344e-09,0.006094229609710536,0.006017713613626096,0.9809957020710933,1.0061012749617735,0.11266812650084701,0.11426360366383481,0.0
model.enc.32x32_block0.conv0,0.00920833803046602,0.009088689192964948,0.9944130957233048,0.9814921570582072,1.0075041332066015,0.10418691348776314,0.1056635820020264,0.0,294963,295168,0.9993054802688638,1.0,0.9814921570582072,0.1041568037290834,0.3333333333333333,0.9827497159384361,1.6486486486486487,294963,0.9814941185584077,0.10418599820840559,0.982719635942255,0.001949633777513382,0.0019496337773667164,2.5267043493078218e-08,0.009208316784553977,0.009088682061599976,0.9814942500055398,1.007503213553062,0.10418143362887032,0.10565792618335627,0.0
model.enc.32x32_block0.conv1,0.0135014558156535,0.013250509531055754,0.9959101221483027,0.9773995297826521,1.0147712794766799,0.08867018987229336,0.09038262069529632,0.0,589727,590080,0.9994017760303687,1.0,0.9773995297826521,0.08864447744317118,0.43363073209975866,0.9776760160274757,1.525,589727,0.9773995618827015,0.08866357032864883,0.9776592148415902,0.0016086627255563234,0.0016086627254299918,3.9477823928349206e-08,0.013501476330255406,0.013250523047889633,0.9773994765585748,1.0147722376426123,0.08866535242570507,0.09037775768402385,0.0
model.enc.32x32_block0.norm0,0.00020504365939078752,0.00020182949214094887,0.9916410120623986,0.9760965174214147,1.0074330552903623,0.12700495442406742,0.12911561715629355,0.0,256,256,1.0,1.0,0.9760965174214147,0.12700495442406742,0.21736272095044915,0.9812932217280403,2.6393991282689915,256,0.9761301089200949,0.12847560774188113,0.983882793675377,0.011492986212901018,0.011492986212897285,0.0,0.0002050293195552986,0.00020182103429932212,0.9761633160334258,1.0074455169747671,0.12670505243361432,0.12880710179418384,0.0
model.enc.32x32_block0.norm1,0.0003459286008712715,0.0003402632697955016,0.9942600962031849,0.9779769308152095,1.0108143737889002,0.10523781130200513,0.10699968466872394,0.0,512,512,1.0,1.0,0.9779769308152095,0.10523781130200513,0.3122957353527302,0.9750492789708476,1.4710661038261181,512,0.977962666145104,0.10518402298361691,0.9764081120934687,0.001679458411807175,0.0016794584118293662,0.0,0.00034592793925550036,0.00034025802957630735,0.9779661712755672,1.0108305208184378,0.10521379486425497,0.10697650354227191,0.0
model.enc.32x32_block0.skip,0.0029906930021879534,0.0029423424257485394,0.9951642274548816,0.9790753931900052,1.0115174444116355,0.09663704394781465,0.09822789659157591,0.0,33012,33024,0.9996366279069767,1.0,0.9790753931900055,0.09662284758678538,0.36585365853658536,0.9758653274818676,1.5656171679197985,33012,0.9790722201309542,0.0966622171313891,0.9757625599924082,0.001903225714787404,0.001903225714699573,1.1656459889168778e-09,0.002990705082891926,0.002942343943717325,0.9790724305658504,1.0115215118273835,0.0966317676551378,0.09822285117712895,0.0
model.enc.32x32_block1.affine,0.006446287107496419,0.006268243542781108,0.9946891983655027,0.9672163279041699,1.022942409883547,0.10008151607945233,0.10344535365508217,0.0,131302,131328,0.999802022417154,1.0,0.9672163279041699,0.10007529639117618,0.14963699314405124,0.9618259615274974,1.6361578361645515,131302,0.9672145460395293,0.10008325834566145,0.9617788965434406,0.0009911381719466422,0.0009911381694868973,2.457324561392954e-09,0.006446297331697801,0.006268241790283043,0.9672145954191363,1.0229443944722771,0.10008063359470214,0.1034448101986386,0.0
model.enc.32x32_block1.conv0,0.0134008830132257,0.01313908276795722,0.9958973135782416,0.9764414194629295,1.0157408723381305,0.08872272892875938,0.09055424413931555,0.0,589630,590080,0.9992373915401301,1.0,0.9764414194629295,0.0886890508327102,0.4153846153846154,0.9760399087505454,1.5286732829704228,589630,0.9764454041420746,0.08872254717574754,0.9759983540989112,0.0019354780168421373,0.0019354780164884755,5.096840621068649e-08,0.013400861792175865,0.013139105612000924,0.9764453047550918,1.0157381650335808,0.08871596484419017,0.0905469419646807,0.0
model.enc.32x32_block1.conv1,0.013490898892267645,0.013243962898008098,0.9963138627342928,0.9780774385898741,1.014890308182193,0.08421263005279574,0.08582112595612468,0.0,589667,590080,0.9993000949023861,1.0,0.9780774385898742,0.08418630230343908,0.4444444444444444,0.9773742185174159,1.50234723321502,589667,0.9780796281336662,0.08422085649005362,0.9773498892013204,0.00176635576174724,0.0017663557614060214,3.8330023112238215e-08,0.013490885652894977,0.013243972827649468,0.97807954524904,1.0148889803678043,0.08420797311063384,0.0858161901245754,0.0
model.enc.32x32_block1.norm0,0.00035469382876671823,0.00034848164229738817,0.9927869004783674,0.9753990102759242,1.010484754831386,0.11779250684174923,0.11990526618210309,0.0,510,512,0.99609375,1.0,0.9753990102759242,0.11755252526421721,0.3643126684636119,0.9660140910140911,1.73988636363636,510,0.975207709527366,0.1175101798899974,0.9653190117311494,0.0034004377238985137,0.003400437723886027,3.375160590537513e-10,0.00035471538184237556,0.0003484325479162,0.9752037832901349,1.0106900429988113,0.11775677737829894,0.11989027835486452,0.0
model.enc.32x32_block1.norm1,0.000386698826101625,0.0003778917986747327,0.9958675100997824,0.9731867262882101,1.0190768851265979,0.08874959248856126,0.0910606998768772,0.0,512,512,1.0,1.0,0.9731867262882101,0.08874959248856126,0.2317816091954023,0.9644448423691501,1.4242687499999998,512,0.9732720186691911,0.08877722642380394,0.9649095510357497,0.002077302710594889,0.002077302710496451,0.0,0.0003866762363218945,0.0003779012976012936,0.973268661972335,1.0189923863891122,0.08875023499912367,0.0910478222250983,0.0
model.enc.32x32_block2.affine,0.006104123659632467,0.006025860179575482,0.9961535052413099,0.9833814114341797,1.0090914821720391,0.0865018244687819,0.08768173458073811,0.0,131295,131328,0.9997487207602339,1.0,0.9833814114341797,0.08649708428176571,0.5049893617021277,0.9868028948488718,1.443609022556391,131295,0.9833807908092572,0.08650608518085093,0.9867533422125317,0.001041240028651399,0.0010412400258209983,1.4514087066343168e-09,0.006104128037737586,0.00602586041419088,0.9833809335975119,1.0090923607809106,0.08649961495921432,0.08767953440125055,0.0
model.enc.32x32_block2.conv0,0.013337645136490021,0.013124665816467838,0.9964570517850168,0.980545341498179,1.0126269679023627,0.0827601909558413,0.08410387715337933,0.0,589614,590080,0.9992102765726681,1.0000000000000002,0.9805453414981787,0.08272954315585783,0.46977266337309714,0.9809523809523809,1.4937770061728377,589614,0.9805483796958673,0.082750714844867,0.9809109746125892,0.0018166741463798747,0.0018166741461792609,4.285810032626228e-08,0.013337621019913933,0.01312467519380075,0.9805484814265907,1.012625101570302,0.08275250428605407,0.08409584524267957,0.0
model.enc.32x32_block2.conv1,0.013312765941373721,0.013101252229131586,0.9965055632564525,0.9806730464164125,1.0125936888239948,0.08219934659713381,0.08352699667528907,0.0,589715,590080,0.9993814398047722,1.0,0.9806730464164126,0.08217629035709477,0.458990368975681,0.9807162534435262,1.5,589715,0.9806736563326172,0.08219861170440766,0.9806951435335354,0.0015460575554688471,0.001546057555380114,3.1905588848033805e-08,0.013312752250777807,0.01310124265837561,0.9806736294422349,1.012593687606561,0.08219590016737124,0.08352346887999772,0.0
model.enc.32x32_block2.norm0,0.0003528103336111842,0.0003512887375338768,0.9927158189372609,0.9884344463354011,0.9970157361693933,0.1199598681997488,0.12143402301572423,0.0,510,512,0.99609375,1.0,0.9884344463354011,0.11993654919969439,0.12111111111111117,0.984962311557789,2.046947368421052,510,0.9884238781851228,0.1199338017386483,0.9837869923975855,0.00314914426433571,0.0031491442643835216,3.3076573787267626e-11,0.00035278457620023014,0.00035126721109915616,0.9884383918336751,0.9969963286689294,0.12002427271933469,0.12149926585174581,0.0
model.enc.32x32_block2.norm1,0.0003736374094789319,0.0003666292700420706,0.996402802140263,0.977713748005088,1.0154490986126559,0.08315397801926362,0.08480059332598551,0.0,511,512,0.998046875,1.0,0.977713748005088,0.08315382499972893,0.38415124283770974,0.9814814814814815,1.4160839160839163,511,0.9776532105258288,0.08320851547785334,0.9817908262274784,0.002612420700887282,0.002612420700922624,1.6875802952687565e-13,0.00037364722960149955,0.00036661301500954337,0.977646904457978,1.0155230966637885,0.08312223774774155,0.08477692595275031,0.0
model.enc.32x32_block3.affine,0.005995147642680529,0.005815729877544152,0.9961280312652913,0.9663167445695384,1.026859008962417,0.08528339121894628,0.08904508806414153,0.0,131261,131328,0.9994898269980507,1.0,0.9663167445695384,0.08527060784600632,0.358974358974359,0.9695084007467331,1.6481481481481481,131261,0.9663165835861901,0.0852720568233694,0.969531209150281,0.0009800354124137188,0.000980035412940369,3.7222999773433765e-09,0.005995144397373304,0.005815723511030656,0.9663164998203181,1.0268598853740112,0.08528005812903665,0.08904184116840834,0.0
model.enc.32x32_block3.conv0,0.013370365920852076,0.013138217987559682,0.9964399086901016,0.979138851499759,1.0140466697951085,0.08284224507404499,0.08432396047780931,0.0,589643,590080,0.999259422451193,1.0,0.979138851499759,0.08281204930143143,0.4526380939085115,0.978978978978979,1.5019889071166321,589643,0.9791377397751122,0.08283681907230817,0.9789627303036197,0.0018041658304969504,0.0018041658304256856,4.2475614372408695e-08,0.013370380190806018,0.013138208798970501,0.9791378488573363,1.0140492143620958,0.08283350371151647,0.08431526216797842,0.0
model.enc.32x32_block3.conv1,0.01355588157005172,0.01329659128464908,0.9967990038441249,0.9777327190835075,1.016237090844227,0.07841918157047013,0.08004267389221757,0.0,589722,590080,0.9993933026030368,1.0000000000000002,0.9777327190835073,0.07839519060979591,0.48,0.9779895910933909,1.4736842105263157,589722,0.9777331037945403,0.07841171267699992,0.9779662749567413,0.001458861855252967,0.0014588618551600574,3.283925319376809e-08,0.013555876964081105,0.01329658760473422,0.9777332076268849,1.0162374705398696,0.07841386339991847,0.08003726019335951,0.0
model.enc.32x32_block3.norm0,0.00035898221239370444,0.0003537350914240618,0.9956801625325765,0.9811266440586525,1.0104495602727028,0.09149226705201212,0.0928668865757787,0.0,512,512,1.0,1.0,0.9811266440586525,0.09149226705201213,0.3172115384615385,0.9741666666666666,1.713785529715762,512,0.9811856848109386,0.09178152110382055,0.972380741551444,0.0026254667016294394,0.0026254667015175245,0.0,0.0003589704242449626,0.0003537451018490968,0.9811743771393084,1.0103751696860062,0.09162915070643936,0.09300154648740035,0.0
model.enc.32x32_block3.norm1,0.0003748342010594308,0.000366293681832132,0.9964039583860114,0.973701101654421,1.019636155900825,0.08279932241180328,0.085034469063227,0.0,511,512,0.998046875,1.0,0.973701101654421,0.08270383293220072,0.4305555555555556,0.9746835443037974,1.3972222222222221,511,0.9736353046733816,0.08264757361547094,0.9763076771250794,0.00204075760783245,0.0020407576078336556,1.0547376845429728e-10,0.0003748494274323284,0.00036627820554243593,0.9736232426373136,1.0197236243846761,0.08275916331029404,0.08500771677043566,0.0
model.enc.32x32_conv,0.0007567654924080945,0.0007484324693871363,0.994791192260322,0.9838371807609693,1.005867165371082,0.10081129290124556,0.10213068693140273,0.0,3583,3584,0.9997209821428571,1.0,0.9838371807609693,0.10080436987756193,0.4375,0.9790665588277273,1.564455493572641,3583,0.9838273157527982,0.10079150518307929,0.9792514554263999,0.0013689412192932912,0.0013689412192925197,3.7970556643547024e-11,0.0007567680911335247,0.00074842791175072,0.9838275421989937,1.005876469889082,0.1008129575757024,0.10213277578564224,0.0
model.enc.8x8_block0.affine,0.006847243133547062,0.006656546212433107,0.9960276841968357,0.9682881386576947,1.0245619130084422,0.08656420931608244,0.08984135317267998,0.0,131205,131328,0.99906341374269,1.0,0.9682881386576948,0.08645903612466557,0.3919367500280365,0.9779005524861878,1.6666666666666667,131205,0.9682887782220648,0.08656170803991765,0.9779457715936754,0.002540819720640071,0.002540819719941941,4.0527073351271766e-08,0.0068472447984537724,0.006656551830590581,0.9682892252219639,1.0245618314941558,0.08655861496770824,0.08983555645013099,0.0
model.enc.8x8_block0.conv0,0.015012470085603424,0.014680412883472426,0.9968632923611319,0.9748139138190913,1.0194114072129423,0.07739221966907738,0.07944961557739641,0.0,589584,590080,0.9991594360086767,1.0,0.9748139138190913,0.07736045633935638,0.5151690651690654,0.9777777777777777,1.4303682393555794,589584,0.9748118736742737,0.07738110629757683,0.9777131327480045,0.001705573542678103,0.0017055735425286606,5.262265283985737e-08,0.015012462558393903,0.014680367499727585,0.9748121829948436,1.0194148778741323,0.07738201759211988,0.07943970340110686,0.0
model.enc.8x8_block0.conv1,0.015284530029446478,0.014948837245056369,0.9968941369509944,0.974999438983145,1.0192805047392932,0.07702363239819472,0.07905055443234932,0.0,589696,590080,0.999349240780911,0.9999999999999999,0.9749994389831451,0.07699740146618607,0.5068493150684932,0.976661209392208,1.4432865282696503,589696,0.974999670284533,0.07701365901177692,0.9766537253904812,0.0013985937812380795,0.001398593781080852,4.483345133731612e-08,0.015284530822945792,0.014948837536928035,0.9749997875155806,1.0192809351308574,0.07701881811074063,0.07904566949393803,0.0
model.enc.8x8_block0.norm0,0.000422014293523782,0.0004110086889969891,0.995429379406669,0.9694698272013992,1.0220840521116077,0.0930099925763951,0.09597690911737028,0.0,512,512,1.0,1.0,0.9694698272013992,0.0930099925763951,0.2591098222166183,0.962899262899263,1.3801136363636364,512,0.9694596138036052,0.09289274208937044,0.9649583678431223,0.0021223959399656617,0.0021223959399642054,0.0,0.00042199569672412245,0.0004109824588367959,0.9694634338474171,1.0221176913891952,0.09287509264862552,0.09584418819464914,0.0
model.enc.8x8_block0.norm1,0.0004400165173209432,0.0004294763160123219,0.9966297053977822,0.972756334032083,1.0210889766856153,0.08006688567993996,0.08248148852464264,0.0,512,512,1.0,1.0,0.972756334032083,0.08006688567993996,0.6115713369898141,0.98411586732407,1.5032608695652174,512,0.9726609576521484,0.0801980565091449,0.9847727741307499,0.003734564698119577,0.003734564698141029,0.0,0.00044004511424954474,0.00042946027091989036,0.9726509968799163,1.0211874190117447,0.08012890479625476,0.0825629879359736,0.0
model.enc.8x8_block1.affine,0.007653441126156078,0.0075209945171283155,0.9973471133440038,0.9800875250086867,1.014910647379989,0.07153270482226186,0.07283838729537731,0.0,131289,131328,0.999703033625731,1.0,0.9800875250086868,0.07152480599756739,0.5784313725490197,0.9784625959445526,1.4,131289,0.9800868045656206,0.07153239991647471,0.978512311394388,0.0009235374058695633,0.0009235374057143009,3.1440603125325664e-09,0.0076534328230055595,0.007520978043372878,0.980086509750502,1.0149118399759582,0.07153169119875653,0.07283747017018338,0.0
model.enc.8x8_block1.conv0,0.015543153586058345,0.015220092935871178,0.9971230244935989,0.9763980660206648,1.0182878895155651,0.07422473528986509,0.0760283618045435,0.0,589609,590080,0.9992018031453362,1.0,0.9763980660206648,0.07419630891499587,0.5352979812614701,0.9798534798534798,1.4067796610169492,589609,0.9763980284252116,0.0742149701521589,0.9797915059215128,0.001565528501629091,0.0015655285015491306,4.841717835323868e-08,0.015543156297614245,0.015220088029870332,0.976398041433674,1.0182888756258035,0.074218640751898,0.07602225072045593,0.0
model.enc.8x8_block1.conv1,0.01540840681973952,0.015055055599666883,0.9967268150845989,0.9738695112562715,1.020120593596918,0.07898947422611849,0.08120578814607425,0.0,589692,590080,0.9993424620390455,0.9999999999999999,0.9738695112562717,0.07896439692327746,0.4928909952606635,0.9753694581280788,1.4530997983870946,589692,0.9738702347012352,0.07898639873844544,0.9753578955311771,0.001387319372931647,0.001387319372848001,4.467152813158715e-08,0.015408387686112978,0.01505504368028061,0.973870261051916,1.0201204607991947,0.07898566904836779,0.08120184108714726,0.0
model.enc.8x8_block1.norm0,0.00044718398790753104,0.00043640326432242455,0.997365893305752,0.9733213695756996,1.0220044028861892,0.07078597880754006,0.07315312135637027,0.0,510,512,0.99609375,1.0,0.9733213695756996,0.07071164946948097,0.45069444444444445,0.9669189731430395,1.492582417582417,510,0.9733000727868376,0.07089314500677907,0.9654539135386172,0.002674963937158632,0.002674963937151869,9.990475347991039e-11,0.00044721400655866423,0.0004364288138069079,0.97331005962585,1.0220100690033709,0.07082601726855707,0.07319509660302652,0.0
model.enc.8x8_block1.norm1,0.00046144086787769985,0.00045031818307518,0.9969033175543062,0.9728737134346256,1.0215264435938154,0.07674149990915577,0.07915328671571374,0.0,512,512,1.0,1.0,0.9728737134346256,0.07674149990915576,0.528680981595092,0.9759683724235964,1.3729577560394306,512,0.9726999041393067,0.07671628380180821,0.9761420939807728,0.0018981900198195578,0.001898190019903337,0.0,0.0004615005842093234,0.00045029947026402887,0.9727125722153884,1.0217065257547224,0.07666285038959789,0.07910660391468533,0.0
model.enc.8x8_block2.affine,0.007000661819032887,0.006823589651932169,0.9968050845658366,0.9715922631121259,1.0226721787940347,0.07785227782958822,0.08051257263198167,0.0,131169,131328,0.9987892909356725,1.0,0.9715922631121259,0.07781893552507926,0.5610633024680735,0.9787467243251861,1.5454545454545454,131169,0.9715952644863053,0.07783564452866054,0.9787250687929485,0.001284153355875704,0.001284153357350961,1.2083322283071874e-08,0.007000644395921458,0.006823591934164405,0.9715953820626827,1.022669687206404,0.07784780623522936,0.08050746677099674,0.0
model.enc.8x8_block2.conv0,0.015540873252469592,0.01519087414955425,0.9970015214889991,0.9745478515788522,1.0199725259678047,0.07563921545146927,0.07774664823730117,0.0,589628,590080,0.9992340021691974,0.9999999999999998,0.9745478515788524,0.07561423540998155,0.5283018867924528,0.9794871794871794,1.4210526315789473,589628,0.974548333171669,0.0756383123471892,0.9794489471869703,0.001577825986668169,0.0015778259865696024,4.3346448653485807e-08,0.015540873718837868,0.01519087358459278,0.9745482847702367,1.0199731164350387,0.07563278500769414,0.07774013909412253,0.0
model.enc.8x8_block2.conv1,0.015188450699825414,0.014855165921483348,0.9967764796078954,0.9749039111262054,1.0191397726076905,0.07846825020902226,0.08050897746430848,0.0,589729,590080,0.9994051654013015,0.9999999999999999,0.9749039111262058,0.0784458237801048,0.4857142857142857,0.9767441860465116,1.4660139167743884,589729,0.974902721293747,0.07846292816877205,0.9766905996505001,0.0013589150858467857,0.0013589150854844989,3.856143717470432e-08,0.015188448497521741,0.014855142065953087,0.9749028118870546,1.0191416011678793,0.07846409792829874,0.08050499260093252,0.0
model.enc.8x8_block2.norm0,0.00046956054346317035,0.00045665192772744817,0.9968356579606624,0.9694318042097152,1.0250141625917872,0.07730481958389225,0.08044933180150823,0.0,512,512,1.0,1.0,0.9694318042097152,0.07730481958389225,0.5014096467391305,0.9780657153791482,1.4179897959183672,512,0.9694363883488137,0.07734088298528999,0.9779783174827859,0.0016808093477243824,0.0016808093478495566,0.0,0.00046955541708599923,0.00045665416661492994,0.969441613195961,1.0249921021542685,0.077375332169366,0.08051642736086519,0.0
model.enc.8x8_block2.norm1,0.00046611218806896695,0.000454277392015241,0.9971079819505163,0.9717909661933988,1.0230845544530078,0.07406822513580663,0.07672423071644839,0.0,512,512,1.0,1.0,0.9717909661933988,0.07406822513580662,0.5714015151515152,0.975792705662129,1.321476774758983,512,0.9717689316078456,0.07406678715286255,0.9759487130401535,0.0015028061943123416,0.0015028061944969214,0.0,0.00046612108599067547,0.00045427302208115574,0.9717624993162511,1.0231133285565914,0.07407355173520783,0.0767355866674977,0.0
model.enc.8x8_block3.affine,0.0056804631714261955,0.005590768366228143,0.9952799621104392,0.9795644403959296,1.0112476138661939,0.09551298405578364,0.09705062913503641,0.0,131253,131328,0.9994289108187134,0.9999999999999998,0.9795644403959298,0.09547639000535188,0.4763744461573136,0.9804956975803486,1.5838554509074734,131253,0.9795674663127526,0.09554454732045263,0.9804163625307134,0.0022287556380820675,0.0022287556242765066,1.071251448785441e-08,0.005680453344050595,0.005590772281305663,0.9795670943602646,1.011245438384382,0.09551041303068304,0.09704780602595377,0.0
model.enc.8x8_block3.conv0,0.014043740797643936,0.013752141197857743,0.9963331769739464,0.9756456436560395,1.0174593675416064,0.08378166843200886,0.0857085054687726,0.0,589725,590080,0.999398386659436,1.0000000000000002,0.9756456436560395,0.08375745432335181,0.4466836878624559,0.976027397260274,1.4927420751775466,589725,0.9756467167105286,0.08377916588854306,0.9760484379589278,0.0014509659128001254,0.001450965911482628,3.800621073255089e-08,0.014043721773417901,0.013752133932851705,0.9756467440054656,1.01745883347351,0.08377831260159584,0.085704969490744,0.0
model.enc.8x8_block3.conv1,0.01377111607058303,0.013454639376338947,0.9963461313995459,0.9734489073566973,1.0197819382739186,0.08344442128493605,0.08572131116068372,0.0,589734,590080,0.9994136388286334,1.0000000000000002,0.9734489073566971,0.08342272973273954,0.44975383281038755,0.9731097177494541,1.4927051621694176,589734,0.9734496730851121,0.08344757179807734,0.9730861966222157,0.0014715095501664276,0.001471509549591331,3.2606485935813276e-08,0.01377110726387235,0.013454638644641598,0.9734497334884245,1.0197816103295347,0.08344147726059704,0.0857182123341598,0.0
model.enc.8x8_block3.norm0,0.0003999558401732,0.0003917924027491839,0.995649195084939,0.9753271517892886,1.0163946711159053,0.09127899997656684,0.09326813968390339,0.0,511,512,0.998046875,1.0,0.9753271517892886,0.09125515219083347,0.19667832167832167,0.9740943881503518,1.5327142984216091,511,0.9753260612773534,0.09120256910013033,0.9741056057419988,0.0010901137996595317,0.0010901137996868686,3.3076573787267626e-11,0.0003999533191942826,0.00039178811684380894,0.9753238010994109,1.0164006036115114,0.09126606327641615,0.09325561798300465,0.0
model.enc.8x8_block3.norm1,0.00036788943837410507,0.0003605776291875209,0.9961773712003559,0.9763783280791367,1.0163779001977387,0.08561741015140627,0.08744596086173989,0.0,512,512,1.0,1.0,0.9763783280791367,0.08561741015140627,0.4792016806722689,0.9760524824728474,1.7244360902255635,512,0.9763655762242848,0.08557274336987557,0.9762179763698655,0.0019031111565162456,0.0019031111564949466,0.0,0.0003679003369349623,0.00036058201800684046,0.9763604960685143,1.0163948144117994,0.08562494582086445,0.08745591372707942,0.0
model.enc.8x8_down.affine,0.0064214131529123746,0.00628363065142461,0.9967668255488811,0.9753794730528257,1.0186231430574548,0.0786245697161391,0.08058816433404047,0.0,131240,131328,0.9993299220272904,1.0000000000000002,0.9753794730528255,0.07861153903537778,0.5367557388809183,0.9808429118773946,1.4246575342465753,131240,0.9753745082022282,0.07861551555705833,0.9808279571422476,0.0011132420581086342,0.001113242058187349,4.013145047475444e-09,0.006421430907431621,0.006283612533782726,0.9753741973341556,1.0186291402180119,0.07862123006163445,0.08058564589505701,0.0
model.enc.8x8_down.conv0,0.014845320322186165,0.014550457035201018,0.996946552434727,0.9771448283210283,1.0171495561402633,0.0765359568079822,0.07823282041134502,0.0,589576,590080,0.9991458785249457,1.0,0.9771448283210282,0.0765072387673548,0.5155011464133639,0.9790575916230366,1.4361880622590317,589576,0.977145157510931,0.07652573049101413,0.9790408259607399,0.0016634295981259606,0.0016634295979653779,4.6009997999002055e-08,0.014845325676709417,0.014550456492293095,0.9771451599866046,1.017150711035287,0.07652672619192118,0.07822350615231687,0.0
model.enc.8x8_down.conv1,0.014893386179760583,0.014611693457236629,0.9969289091892166,0.9780730482585455,1.016148284370761,0.07683068992544767,0.0784038964739541,0.0,589677,590080,0.9993170417570499,1.0000000000000002,0.9780730482585455,0.07680295238000578,0.5121951219512195,0.9786223277909739,1.4459586346910263,589677,0.9780723001771654,0.07682343719393352,0.9786222358392493,0.0014681384643591311,0.0014681384642841616,4.4899912295251634e-08,0.014893380433474537,0.01461167117040994,0.9780723667225435,1.0161498919973957,0.07682509094116033,0.07839835032619125,0.0
model.enc.8x8_down.norm0,0.00043839107540309647,0.00042799245159307883,0.9967742435082281,0.9731307868702789,1.02099214815392,0.07835282836491256,0.08070620259242652,0.0,511,512,0.998046875,1.0,0.9731307868702789,0.07828485120090387,0.5464344941956882,0.9663865546218487,1.3669028340080973,511,0.9731067250324765,0.07834607246813383,0.9672409787088196,0.0024164034238095622,0.0024164034238481186,9.720462500748037e-11,0.000438414810800016,0.0004280032824767932,0.9731034512065405,1.0210223480259046,0.0783415786823164,0.08070010806396427,0.0
model.enc.8x8_down.norm1,0.00040501207524173326,0.0003959216129729913,0.9964697657976493,0.9741040849657403,1.019348968425427,0.082068097623844,0.08423651748559752,0.0,510,512,0.99609375,1.0,0.9741040849657403,0.08191171605038719,0.3633333333333335,0.9730636676945402,1.4422285783836406,510,0.9741634235699229,0.08198504603290178,0.9729905580004896,0.0024364189209583748,0.0024364189208674536,1.9980950695982077e-10,0.00040498292255448356,0.00039591069980073583,0.9741545283500814,1.0193111991620623,0.08198653944562413,0.08414663686169872,0.0
model.enc.8x8_down.skip,0.00504193100033875,0.004936967123949467,0.9969530397133742,0.9761982821374843,1.0181490600633503,0.07638017694746987,0.07821566619743898,0.0,65779,65792,0.9998024075875487,1.0,0.976198282137484,0.07637564394160049,0.49652410743177655,0.9768160741885626,1.453612841575243,65779,0.97619749730402,0.07639323937761805,0.9768397018094309,0.0010664439897615189,0.0010664439897534212,8.361459362656531e-10,0.0050419317185394965,0.004936963807523152,0.9761974662628569,1.0181498670806417,0.07638038385424584,0.07821598098632745,0.0
model.map_layer0,0.005108921632836557,0.004866816965291361,0.9941756639163355,0.947063066407113,1.0436319246120938,0.10266459351382619,0.11183414913274069,0.0,66045,66048,0.9999545784883721,0.9999999999999999,0.9470630664071131,0.102664468794463,-0.018166498277751932,0.9394509213990222,1.4947313862607976,66045,0.9470661651816679,0.10266536674012627,0.9394404587833276,0.0003634794521011449,0.0003634717457437136,3.175024114895484e-11,0.005108911185878147,0.004866821771399729,0.9470657975288379,1.0436286048541068,0.102666203049574,0.11183458185835307,0.0
model.map_layer1,0.008066046009891659,0.007946135710552943,0.9936357110488514,0.9788642659815419,1.0086300630062779,0.1109668172700245,0.11269864898577489,0.0,262624,262656,0.9998781676413255,1.0,0.9788642659815419,0.11095550484745009,0.20824228791773794,0.9727958808130197,1.679016396369142,262624,0.9788644111373919,0.11096530397389046,0.9727918676088252,0.0007963622714562657,0.0007963622884259039,7.758579871915455e-09,0.00806604621886323,0.007946136093336036,0.9788643118147358,1.0086300653195561,0.11096660768590848,0.11269844120134008,0.0
