layer,update_reference_l2,update_probe_l2,update_cosine,s_K_star_layer,c_K_star_layer,R_opt_layer,layer_residual_with_global_c_star,support_atol,support_coordinate_count,coordinate_count,support_coordinate_coverage,support_energy_coverage,h_update_weighted_mean,h_update_weighted_std,h_update_p05,h_update_p50,h_update_p95,h_moment_coordinate_count,h_moment_weighted_mean,h_moment_weighted_std,h_moment_p50,h_update_minus_moment_weighted_rmse,h_update_minus_moment_eps_weighted_rmse,off_support_candidate_energy_exact,predicted_reference_l2,predicted_probe_l2,s_K_star_predicted_layer,c_K_star_predicted_layer,R_pred_layer,predicted_layer_residual_with_global_c_star,predicted_off_support_candidate_energy_exact
model.dec.16x16_block0.affine,0.08747874556015967,0.08741595186911279,0.8859447075024242,0.8853087617319253,0.886581110093233,0.4634579577134233,0.46656090446234566,0.0,131328,131328,1.0,1.0,0.8853087617319253,0.4634579577134233,-0.9979945015475293,1.0,1.000122639195487,131328,0.8857233517623307,0.4642134682239078,0.999999996577036,0.03832044469985477,4.8923288808238696e-05,0.0,0.08747888646578028,0.0874160685504589,0.8853088423411112,0.8865816801360047,0.46345720915410077,0.4665604059730996,0.0
model.dec.16x16_block0.conv0,0.26401108543423635,0.264006136362206,0.8815740456288459,0.8815575199081748,0.8815905716593088,0.47203691386277846,0.47426340775046927,0.0,1179896,1179904,0.9999932197873725,1.0,0.8815575199081748,0.47202973253944963,-0.9991418413632462,1.0,1.0001226091221187,1179882,0.8815748751821517,0.4720442133553869,0.9999999964324363,0.00569762989838243,5.3265940528970026e-05,1.4366978649978304e-07,0.26401196819152406,0.264007215113329,0.8815587503857535,0.8815904931196853,0.4720361886620604,0.47426238474696797,1.436739255779098e-07
model.dec.16x16_block0.conv1,0.18670016069444278,0.18669595680155823,0.8709437254308012,0.8709241145524999,0.8709633367506867,0.49137170611357023,0.49264071642924445,0.0,590079,590080,0.9999983053145336,1.0,0.8709241145524999,0.4913699817875378,-0.9995095635115253,1.0,1.000122624156959,590074,0.8709388440199968,0.49139142231293864,0.9999999960684947,0.005449899449021628,6.194851162786358e-05,1.795817227973e-08,0.18670183951687283,0.18669780610496597,0.870927219051667,0.8709648504114981,0.49136806224599694,0.49263678294213914,1.7956605685051998e-08
model.dec.16x16_block0.norm0,0.007779062196086409,0.0077790839917750605,0.9082083829756429,0.9082109276303386,0.9082058383280769,0.4185194315930318,0.4247389086614644,0.0,1024,1024,1.0,1.0,0.9082109276303386,0.41851943159303184,0.9999467514204939,1.0,1.0,1024,0.9082134382800855,0.4185072856948837,0.9999999960320918,0.0001166828745968166,1.9644501011683065e-05,0.0,0.007779347213736535,0.007779369944674676,0.9082179859088677,0.9082126783796356,0.41850440140976247,0.42472530879227166,0.0
model.dec.16x16_block0.norm1,0.005500963332215244,0.005500950827002269,0.9062578820434624,0.9062558218683364,0.9062599422232717,0.42272430587922877,0.4285605264713998,0.0,512,512,1.0,1.0,0.9062558218683364,0.4227243058792287,0.9998896788428536,1.0,1.0,512,0.9062580973139458,0.4227248070277552,0.9999999998685742,4.4755503874540075e-05,1.8302097184917468e-05,0.0,0.0055008546385396685,0.005500839223758269,0.9062502062494285,0.9062552853538444,0.4227350933818292,0.4285707041881327,0.0
model.dec.16x16_block0.skip,0.08809678265081537,0.08809671488660527,0.8805330160569661,0.8805323387493221,0.8805336933651311,0.4739844533457796,0.47609299992318443,0.0,131324,131328,0.9999695419103314,1.0,0.8805323387493221,0.4739523230904294,-0.9999387048331239,1.0,1.000001915470296,131321,0.8805553365113604,0.4739433503913935,0.9999999964483127,0.001238577809397985,1.2156033631269776e-05,7.186668816430088e-08,0.08809694093101912,0.08809688600482948,0.8805327377600646,0.8805338357403771,0.47398401954528296,0.4760925638303629,7.18663655004346e-08
model.dec.16x16_block1.affine,0.08752745408768874,0.08751226102667843,0.8828616129569115,0.8827083653788902,0.8830148871403452,0.4695517125727165,0.4720018876807623,0.0,131328,131328,1.0,1.0,0.8827083653788902,0.4695517125727165,-0.99851934059376,1.0,1.0001839362354383,131328,0.8829008017061553,0.4695595535598451,0.9999999965016648,0.035618120624504146,4.437644209781737e-05,0.0,0.08752759687396497,0.08751239378379505,0.8827086348666314,0.8830153586134127,0.46955096258244594,0.4720012951737072,0.0
model.dec.16x16_block1.conv0,0.26400815043845727,0.2640044404381726,0.8726964912372688,0.8726842275847052,0.8727087550621708,0.48825621749987747,0.48965760235902417,0.0,1179890,1179904,0.9999881346279019,0.9999999999999998,0.8726842275847053,0.48824408493545923,-0.9995095635115253,1.0,1.000122616639078,1179878,0.8726905186296765,0.48827375383642463,0.9999999962549795,0.005731395666793551,5.441665793404566e-05,2.510577563067107e-07,0.2640091346890281,0.26400561018091534,0.8726854449484683,0.8727087460249837,0.4882554807251268,0.4896565674034168,2.5105970876886136e-07
model.dec.16x16_block1.conv1,0.1866888190495798,0.18668285943331528,0.8549699773126852,0.8549426843392314,0.8549972711574333,0.5186609316877904,0.5190333688574896,0.0,590074,590080,0.9999898318872017,1.0,0.8549426843392313,0.5186511510820789,-0.9997545409916544,1.0,1.0002184238192682,590071,0.854962478043114,0.518689850567744,0.9999999955766581,0.0069196512078711836,6.709376443166021e-05,1.0750428894990664e-07,0.1866909627104691,0.18668514385904886,0.8549469307817599,0.8550002278635768,0.5186553863551934,0.5190275660685744,1.0750342156582325e-07
model.dec.16x16_block1.norm0,0.007779222749792447,0.007779149205040907,0.9004092277256492,0.9004007152591642,0.9004177402726119,0.43503981893085614,0.4398195640373219,0.0,1024,1024,1.0,1.0,0.9004007152591642,0.43503981893085614,0.9997548418730081,1.0,1.0,1024,0.9003896269804083,0.4350844990949844,0.9999999988134803,0.00032296050241114053,1.9243172914147443e-05,0.0,0.0077793781574669475,0.0077793041051752755,0.9004034255776222,0.9004205677933129,0.4350340598139135,0.4398143893741799,0.0
model.dec.16x16_block1.norm1,0.005501206988713029,0.005501188553174941,0.8984340162461106,0.8984310054314731,0.898437027070838,0.4391070782046683,0.4435563785102195,0.0,512,512,1.0,1.0,0.8984310054314731,0.4391070782046683,0.10017150253089868,1.0,1.0,512,0.8984305237235757,0.4391156892432926,0.9999999940247419,5.41723995995081e-05,4.005940083071447e-05,0.0,0.005500847192843069,0.005500844805636639,0.8984410421729792,0.8984418219676377,0.43909318577945083,0.44354213645163704,0.0
model.dec.16x16_block1.skip,0.08809763515424328,0.08809736391504666,0.8506748856034327,0.8506722665050636,0.8506775047098656,0.5256905337870611,0.5259032124958896,0.0,131327,131328,0.9999923854775828,1.0,0.8506722665050636,0.525683291504259,-1.0,1.0,1.000003830962606,131325,0.8506826074727936,0.5256796567490479,0.9999999956173955,0.0008680752340782433,1.2065003064461102e-05,1.7966981782800737e-08,0.08809774956407557,0.0880974881196081,0.8506723523035967,0.8506774013444923,0.5256906064485667,0.5259032390574526,1.7967587292865076e-08
model.dec.16x16_block2.affine,0.08754441918037034,0.08749590695011719,0.8566994790983185,0.8562247440692111,0.8571744773449389,0.5155300246952537,0.5162588899435712,0.0,131328,131328,1.0,1.0,0.8562247440692111,0.5155300246952537,-0.9997547817557626,1.0,1.0002452182442374,131328,0.8567341158957399,0.51575832983166,0.9999999955504626,0.03746891414291273,3.865996203198742e-05,0.0,0.08754452625190519,0.08749601117164245,0.8562250900499649,0.8571748783884695,0.5155293882684917,0.5162583089863512,0.0
model.dec.16x16_block2.conv0,0.26399931586093683,0.26399359299547726,0.8437725003852027,0.8437542094419763,0.8437907917249409,0.5366893695287343,0.5367607902967849,0.0,1179889,1179904,0.9999872871013235,0.9999999999999998,0.8437542094419764,0.5366775299337607,-0.999877383360922,1.0,1.0001839249586169,1179873,0.8437750116226586,0.5366970556190434,0.9999999951355105,0.006445900777648499,5.735672827637498e-05,2.6928033127326434e-07,0.2640006227596992,0.26399508948293327,0.8437558349794685,0.8437912052092312,0.5366881522009765,0.5367592019160028,2.6927013340782607e-07
model.dec.16x16_block2.conv1,0.18668057266472232,0.18667849882398524,0.8262420822009418,0.8262329034499648,0.8262512610538871,0.5633089483693965,0.5633957813582104,0.0,590072,590080,0.999986442516269,1.0,0.8262329034499649,0.5632969322179241,-0.9999693439607603,1.0,1.0002452182442374,590070,0.8262445234286309,0.5633116255696237,0.9999999947143442,0.007147769769790771,7.169410893084528e-05,1.4343318528000548e-07,0.1866829251964571,0.18668096978397958,0.8262378846862686,0.8262551938349468,0.5633027684962564,0.5633891694291596,1.4343125396662595e-07
model.dec.16x16_block2.norm0,0.0077791735141249105,0.0077792230052865395,0.8339877601500304,0.8339930659865641,0.8339824543472522,0.5517864532064578,0.5517858690160283,0.0,1024,1024,1.0,1.0,0.8339930659865641,0.5517864532064578,-1.0,1.0,1.0,1024,0.8339863590972598,0.5517850612085968,0.9999999943882618,0.0001647470164525567,2.2792512242244242e-05,0.0,0.007779330352163436,0.007779367544404784,0.8339921277260249,0.8339841533085228,0.5517850058894151,0.5517852868407348,0.0
model.dec.16x16_block2.norm1,0.005501453645983639,0.005501437849603327,0.8203239349224029,0.82032157951787,0.8203262903336987,0.5718975114170602,0.5721078931036566,0.0,512,512,1.0,1.0,0.82032157951787,0.5718975114170602,-1.0,1.0,1.0,512,0.820320619935811,0.5719039034037988,0.9999999931736161,4.6123995717395965e-05,1.9570649512164624e-05,0.0,0.005500847518284031,0.005500836127362461,0.8203185552357968,0.8203219526080447,0.5719032491820872,0.5721132741023348,0.0
model.dec.16x16_block2.skip,0.08809750736466077,0.08809722893037783,0.8082780796824832,0.8082755251002453,0.8082806342727952,0.5887990781972997,0.589442726131682,0.0,131327,131328,0.9999923854775828,1.0,0.8082755251002453,0.5887926116997706,-1.0,1.0,1.0000076618958595,131325,0.8082872872086688,0.5887882990850454,0.9999999939605122,0.000824139475658576,1.3192697424984312e-05,1.7968220792422602e-08,0.08809760646093315,0.0880973400405124,0.8082753570192853,0.8082802457341141,0.5887995405428654,0.5894431009764063,1.7968159478022134e-08
model.dec.16x16_block3.affine,0.08751871188347411,0.08751393923587356,0.849608114821804,0.8495617832426097,0.8496544489277308,0.5273857351722587,0.5275969532914981,0.0,131328,131328,1.0,1.0,0.8495617832426097,0.5273857351722587,-0.9998380631221091,1.0,1.0002452182442374,131328,0.8496870465282983,0.5272873249518581,0.999999995215811,0.03895646355522242,4.453934315796884e-05,0.0,0.08751881738772783,0.08751403335551873,0.8495618668320509,0.8496547534759146,0.527385354002545,0.5275966628889139,0.0
model.dec.16x16_block3.conv0,0.2639937098093075,0.2639854118555192,0.8246024194401276,0.8245765002135855,0.8246283394813985,0.5656949102647016,0.5658225780837234,0.0,1179893,1179904,0.9999906772076372,0.9999999999999998,0.8245765002135856,0.5656866849512654,-1.0,1.0,1.0002452182442374,1179879,0.8245860201735526,0.5657365953830938,0.9999999946448455,0.006788386631115514,5.8903390911179107e-05,1.9717993085343893e-07,0.263995164595252,0.26398703873780516,0.8245783753707017,0.8246291392982609,0.5656933296095951,0.5658206026501821,1.9717863520501903e-07
model.dec.16x16_block3.conv1,0.18667881438175798,0.18667234113344894,0.7995232620214457,0.7994955378652736,0.79955098713901,0.6006142975464821,0.6017266537450229,0.0,590074,590080,0.9999898318872017,0.9999999999999998,0.7994955378652738,0.6006058376879638,-1.0,1.0,1.000245248313918,590061,0.7995292326055486,0.6006271773650868,0.9999999937283108,0.007540786689961119,7.495886855718701e-05,1.0766877139668534e-07,0.18668104872514166,0.18667466531372667,0.7995002389897106,0.7995549183561045,0.600608841593273,0.6017206507368068,1.0766613118254344e-07
model.dec.16x16_block3.norm0,0.007779136175587903,0.007779132915532678,0.8164099432465584,0.8164096011081202,0.8164102853851398,0.5774725318706728,0.5777975162428864,0.0,1024,1024,1.0,1.0,0.8164096011081202,0.5774725318706728,-1.0,1.0,1.0,1024,0.8164093238118508,0.5774736488204092,0.9999999931047967,2.8309294548917378e-05,1.732108942714858e-05,0.0,0.007779374455349902,0.007779373717918234,0.8164107374240772,0.8164108922044444,0.5774714869431365,0.5777962465833999,0.0
model.dec.16x16_block3.norm1,0.005501538309154548,0.005501538967716099,0.8281443462719867,0.8281444454049918,0.8281442471389935,0.5605149569412392,0.5605668902661463,0.0,512,512,1.0,1.0,0.8281444454049918,0.5605149569412393,-1.0,1.0,1.0,512,0.8281438448626035,0.5605156308773446,0.9999999941080092,1.6914350097051712e-05,1.386508963450669e-05,0.0,0.005500849294366371,0.005500845940898924,0.8281280170595083,0.8281290267591888,0.5605379274473975,0.5605904675118002,0.0
model.dec.16x16_block3.skip,0.08809720683422613,0.08809717816478536,0.7649648823156504,0.7649646333734177,0.7649651312579643,0.6440717808045419,0.6479532366610714,0.0,131325,131328,0.9999771564327485,0.9999999999999999,0.7649646333734177,0.6440540463605474,-1.0,1.0,1.0000076618958595,131322,0.7649837852875262,0.6440495386362284,0.9999999926303532,0.0008421336807822907,1.3056445147329767e-05,5.3903148027955175e-08,0.08809726572486996,0.08809724783659786,0.764964108195699,0.7649644188498419,0.6440725945649477,0.6479539872268868,5.390353841650102e-08
model.dec.16x16_block4.affine,0.08758376441401661,0.08758514551595001,0.6961059978452571,0.6961169746894921,0.6960950211741125,0.7179503434434545,0.731401942768999,0.0,131328,131328,1.0,1.0,0.6961169746894921,0.7179503434434545,-1.0000153240265413,1.0,1.000245248313918,131328,0.6963163606894945,0.7177349968973511,0.9999999896868599,0.03619289753296331,3.700220444001399e-05,0.0,0.08758386462787332,0.08758523764364984,0.6961172754761475,0.6960954505080209,0.7179499231817186,0.7314014081474984,0.0
model.dec.16x16_block4.conv0,0.26399111395124664,0.2639840653508355,0.7420438314732499,0.7420240187970683,0.742063644678447,0.6703334662358491,0.6768701057918097,0.0,1179890,1179904,0.9999881346279019,1.0,0.7420240187970683,0.6703250171106717,-1.0,1.0,1.0002452182442374,1179877,0.7420470230929942,0.6703478318635895,0.9999999918176601,0.007184331351787552,6.177060262595046e-05,2.400062262111403e-07,0.2639923531228818,0.2639855025677861,0.7420250926710048,0.7420636050111686,0.6703333968049179,0.6768694796495511,2.4000548105457106e-07
model.dec.16x16_block4.conv1,0.18668245134387312,0.1866761377786925,0.7881133325246361,0.7880866786808558,0.7881399872698747,0.6155093406342381,0.6173708305560938,0.0,590071,590080,0.9999847478308026,1.0,0.7880866786808557,0.6154969662683814,-1.0,1.0,1.0002452182442374,590065,0.7881041172010868,0.6155419567179767,0.9999999933613449,0.0069296506521728755,7.492555153278841e-05,1.6140025113960152e-07,0.18668436742494066,0.18667817281844,0.7880902641079756,0.788142567920451,0.6155057856985526,0.6173666565471753,1.6140960614525632e-07
model.dec.16x16_block4.norm0,0.007779039636713967,0.007779206793612956,0.6250266781367019,0.6250401087818949,0.6250132477801019,0.7806201631432745,0.8085579530623385,0.0,1024,1024,1.0,1.0,0.6250401087818949,0.7806201631432745,-1.0,1.0,1.0,1024,0.6250501812773117,0.7805845707045882,0.9999999893691067,0.000562354415268176,1.702511993172886e-05,0.0,0.007779209198334972,0.007779371862754749,0.6250424291931997,0.6250162905529839,0.7806175647796791,0.8085549150023487,0.0
model.dec.16x16_block4.norm1,0.005501463737120363,0.005501464970560102,0.6718630280034992,0.6718631786366029,0.671862877370429,0.7406755818822277,0.7585965559948782,0.0,512,512,1.0,1.0,0.6718631786366029,0.7406755818822276,-1.0,1.0,1.0,512,0.6718653195804742,0.7406733387565022,0.9999999913829487,4.691716038405338e-05,3.695203802729563e-05,0.0,0.0055008450172086285,0.005500839042795674,0.6718787843568947,0.6718802438009768,0.7406596566252354,0.7585780395197895,0.0
model.dec.16x16_block4.norm2,0.00550090317955708,0.005500900848958916,0.6953111573048628,0.6953108627185278,0.6953114518913226,0.7187085339932328,0.7323070690926808,0.0,512,512,1.0,1.0,0.6953108627185278,0.7187085339932328,-1.0,1.0,1.0,512,0.695311283121251,0.718708713037979,0.9999999888047437,6.208426635389956e-06,5.6375279134446954e-06,0.0,0.005500865096019724,0.005500864858709468,0.6953127052480529,0.6953127652403791,0.7187072809145382,0.7323052260388154,0.0
model.dec.16x16_block4.proj,0.06234968417275432,0.06234952747769012,0.7326956318081149,0.7326937904228603,0.7326974731979972,0.6805547613171556,0.6883189354528304,0.0,65790,65792,0.9999696011673151,1.0,0.7326937904228602,0.6805324461533179,-1.0,1.0,1.0000613008030406,65789,0.7327145071676117,0.6805361497189926,0.9999999915390129,0.003279126332801911,6.586440367596438e-05,3.589785788155056e-08,0.062349631942372356,0.0623494826242121,0.7326913197767942,0.7326948291644042,0.6805575950827744,0.688321974908606,3.589954847934141e-08
model.dec.16x16_block4.qkv,0.1079891479283378,0.10798792699205022,0.8140346962139433,0.814025492654891,0.814043899877053,0.5808096807323514,0.5812227954248429,0.0,197375,197376,0.9999949335278858,1.0,0.814025492654891,0.5808053181995896,-1.0,1.0,1.0000613008030406,197374,0.8140234948699059,0.5808319461554278,0.9999999941428575,0.004609779064238857,4.793221971567993e-05,1.7966981782800737e-08,0.10798921059841818,0.1079880026955383,0.814024546361656,0.8140427570530007,0.5808112148014003,0.5812242811055547,1.7967329167204893e-08
model.dec.16x16_block4.skip,0.0880980442334497,0.08809837588081455,0.7708161410296144,0.7708190427869029,0.7708132392832495,0.637060069650386,0.6403617105540538,0.0,131328,131328,1.0,1.0,0.7708190427869029,0.637060069650386,-1.0,1.0,1.000003830962606,131328,0.7708226024143267,0.637049853256064,0.9999999928004428,0.00135854865137317,1.2958404017887061e-05,0.0,0.0880980181054417,0.08809836218727544,0.770818415497768,0.7708123944074919,0.6370610502030712,0.6403626286729307,0.0
model.dec.16x16_up.affine,0.0874997816479239,0.08744645806021942,0.8684715750232984,0.8679423163288488,0.8690011564520592,0.4954368567312421,0.496849533239906,0.0,131328,131328,1.0,1.0,0.8679423163288488,0.4954368567312421,-0.999724166042833,1.0,1.000122624156959,131328,0.8684334821461661,0.4958056946546017,0.9999999957694307,0.0360924568017411,5.266432187175054e-05,0.0,0.08749991451452953,0.08744658635103617,0.867942639921654,0.8690015697742473,0.49543618621540364,0.4968489526463334,0.0
model.dec.16x16_up.conv0,0.18670792222569677,0.18670455457167562,0.8844177127850958,0.8844017605275197,0.8844336653304081,0.4666877460000207,0.4692253766717014,0.0,590078,590080,0.9999966106290672,1.0,0.8844017605275197,0.4666841165718317,-0.9990191270230505,1.0,1.0001226091221187,590076,0.8844135185747571,0.46670411193040146,0.9999999965244843,0.005718926525295659,5.269990844468056e-05,3.590313651557516e-08,0.18670832352551953,0.18670506812873275,0.8844022558002558,0.8844330970129823,0.4666880958093044,0.46922544536392796,3.590421219006418e-08
model.dec.16x16_up.conv1,0.1866974822349221,0.18669246461919972,0.883190930982686,0.8831671946545464,0.8832146679487719,0.46900101888302076,0.4714061475795729,0.0,590073,590080,0.9999881372017354,1.0,0.8831671946545463,0.4689883744028107,-0.9988381690866263,1.0,1.000122624156959,590070,0.8831842207782904,0.46902625950982957,0.9999999965797344,0.0062674047606812505,5.5676450745579947e-05,1.2568684274562038e-07,0.18669865675867386,0.1866938146516622,0.8831694968427648,0.8832153093585964,0.4689986883676218,0.47140351322016744,1.2568148225348623e-07
model.dec.16x16_up.norm0,0.005500617981952353,0.005500611407619952,0.8867160123836705,0.8867149525816939,0.8867170721869139,0.4623139652570874,0.4651121864069097,0.0,512,512,1.0,1.0,0.8867149525816939,0.46231396525708746,-1.0,1.0,1.0,512,0.8867166231719866,0.46231333835652866,0.9999999939979538,2.917644537537084e-05,1.3937600534349339e-05,0.0,0.005500857182714878,0.005500850703312281,0.8867200921522937,0.8867221810727759,0.4623041449041612,0.4651030357102295,0.0
model.dec.16x16_up.norm1,0.005501344933840452,0.005501351517100745,0.9179688761786093,0.9179699746787262,0.917967777679807,0.39665289475479204,0.4050778635791992,0.0,512,512,1.0,1.0,0.9179699746787262,0.396652894754792,1.0,1.0,1.0,512,0.9179659072827716,0.39665929492530105,0.9999999992826563,4.875506189725032e-05,3.845325103504519e-05,0.0,0.005500853247094894,0.005500848241759702,0.9179709431391713,0.9179726137012938,0.3966453424829828,0.4050723418358082,0.0
model.dec.16x16_up.skip,0.06235624660697461,0.06235533040661855,0.8892473489862652,0.8892342832746148,0.8892604148898927,0.45741994235513544,0.4605423749858007,0.0,65792,65792,1.0,1.0,0.8892342832746148,0.45741994235513544,-0.9999655216007172,1.0,1.0,65790,0.8892612385810508,0.4573996606048058,0.9999999967286533,0.00017340572679626449,3.3171640568621748e-06,0.0,0.0623563198384349,0.062355400879248735,0.8892344842207279,0.8892606944994818,0.4574194550274613,0.4605420056893136,0.0
model.dec.32x32_aux_conv,0.02021549889242444,0.020215487793714564,0.6865014232041771,0.6865010463012786,0.6865018001072823,0.7271280598270707,0.7422934701436809,0.0,6915,6915,1.0,1.0,0.6865010463012786,0.7271280598270707,-1.0,1.0,1.0000057464659236,6915,0.6864936315276993,0.7271358155243974,0.9999999898586167,0.00044476524436894144,6.64075496010645e-06,0.0,0.020215481221682093,0.020215469263543066,0.6865010062793258,0.6865018184570494,0.7271280391446621,0.7422933670422247,0.0
model.dec.32x32_aux_norm,0.005500953295910662,0.005500794975314387,0.6601480515979795,0.660129052157785,0.6601670515850045,0.7511138889519631,0.7713899780483701,0.0,512,512,1.0,1.0,0.660129052157785,0.751113888951963,-1.0,1.0,1.0,512,0.6601591019403742,0.7511257950993436,0.9999999879496972,0.0006089265683400598,1.1297009692894913e-05,0.0,0.0055008559188536674,0.005500700210095402,0.6601297869712216,0.6601671601929248,0.7511138745876488,0.7713894889512528,0.0
model.dec.32x32_block0.affine,0.0874466446821419,0.08741291875816862,0.7402724798904685,0.7399869758157606,0.740558094119246,0.6720476737228707,0.6790116158204992,0.0,131328,131328,1.0,1.0,0.7399869758157606,0.6720476737228707,-1.0000306504015202,1.0,1.0003270311860275,131328,0.7403346657133719,0.6722384863865395,0.9999999915970758,0.039324940649290575,0.00017162955409315061,0.0,0.08744673639157975,0.08741299051360575,0.7399872811561882,0.740558737194621,0.672046998710506,0.6790109303851981,0.0
model.dec.32x32_block0.conv0,0.2639476312541357,0.2639403064168159,0.8056403098087433,0.8056179524033004,0.805662667834646,0.5923885661743016,0.5931700118596634,0.0,1179884,1179904,0.9999830494684313,1.0,0.8056179524033005,0.5923742568961606,-1.0,1.0,1.0002452783909737,1179868,0.8056354905215015,0.5924115599530269,0.9999999939202213,0.009048279982246662,5.898283632196246e-05,3.590861603506287e-07,0.2639493021938304,0.26394202534718625,0.8056202651139648,0.8056646874141072,0.5923857282067854,0.5931669402408463,3.5906536446040223e-07
model.dec.32x32_block0.conv1,0.18662331732352722,0.18661306782758968,0.7767990154975146,0.7767563530989043,0.7768416802393052,0.6297140060380825,0.6325002542933803,0.0,590073,590080,0.9999881372017354,1.0000000000000002,0.7767563530989041,0.6297046210231038,-1.0,1.0,1.0004906771344455,590068,0.7767770934874278,0.6297756323300384,0.999999992938292,0.011690618980301663,9.042286551947647e-05,1.2515577054784196e-07,0.1866249157822047,0.18661448646539114,0.7767588957763318,0.7768457195930374,0.6297093403123568,0.6324957807554766,1.2516030294390983e-07
model.dec.32x32_block0.norm0,0.007779421404174155,0.007779414608190633,0.7714830685665547,0.771482394610749,0.7714837425229492,0.6362492967674116,0.6394902727654765,0.0,1024,1024,1.0,1.0,0.771482394610749,0.6362492967674116,-1.0,1.0,1.0,1024,0.7714783703790002,0.6362555486742921,0.999999992633368,8.455467626071585e-05,2.806885805398666e-05,0.0,0.0077793616158637145,0.007779354631315339,0.77149207228994,0.7714934576300806,0.6362375238332907,0.6394775438822989,0.0
model.dec.32x32_block0.norm1,0.005501282263009484,0.005501229448817302,0.7500048652599816,0.7499976649566346,0.7500120656324546,0.6614259610624549,0.6669697215227532,0.0,512,512,1.0,1.0,0.7499976649566346,0.6614259610624549,-1.0,1.0,1.0,512,0.749987899972744,0.6614515508552934,0.9999999933489718,0.0001924527479913553,5.5477996959802796e-05,0.0,0.005500837331059701,0.00550077925930656,0.7500101317307489,0.7500259675354859,0.6614103783778538,0.6669530282577245,0.0
model.dec.32x32_block0.skip,0.08809622725143146,0.08809547409609887,0.7717956291469253,0.771789030884867,0.7718022274653943,0.6358652321123311,0.6390810004222887,0.0,131328,131328,1.0,1.0,0.771789030884867,0.6358652321123311,-1.0,1.0,1.0000153240265413,131326,0.7718042231600575,0.6358602370093723,0.9999999927770586,0.0013934926230897264,1.4997454490543211e-05,0.0,0.08809640561173099,0.08809565964814697,0.7717897034233122,0.7718027739753257,0.6358645442202457,0.6390801562954858,0.0
model.dec.32x32_block1.affine,0.08749402251712676,0.08742831351404294,0.6853302146850143,0.6848155239222099,0.6858452922769311,0.7276855361578807,0.743484366302092,0.0,131328,131328,1.0,1.0,0.6848155239222099,0.7276855361578807,-1.0000613008030406,1.0,1.0001532801961988,131328,0.6854937937978366,0.7280784701562772,0.9999999894779146,0.04246711532919234,6.656178159028606e-05,0.0,0.08749408304478144,0.08742836011587411,0.6848156480876308,0.6858456344024828,0.727685201460003,0.7434839694888651,0.0
model.dec.32x32_block1.conv0,0.26395214414547835,0.26393955330183183,0.7631663226244044,0.7631299186471776,0.7632027283382289,0.6461712830728442,0.6502645966988614,0.0,1179890,1179904,0.9999881346279019,0.9999999999999998,0.7631299186471778,0.646162105253613,-1.0,1.0,1.0002452783909737,1179880,0.7631607797587611,0.6462086537897999,0.9999999924247096,0.009317081470438507,5.913849542499381e-05,2.512340149012407e-07,0.2639534937180844,0.26394094076038677,0.7631316546996324,0.7632042450840735,0.6461694552803293,0.6502624597831672,2.5123378832745805e-07
model.dec.32x32_block1.conv1,0.18661152403793918,0.1865962003721289,0.7192773305256133,0.7192182668343718,0.7193363990672873,0.6946660066147862,0.7044124396353001,0.0,590075,590080,0.9999915265726681,1.0,0.7192182668343718,0.6946609010368548,-1.000122691859395,1.0,1.0004906771344455,590066,0.7192361841020463,0.6947656523533815,0.9999999909661398,0.012471802926779055,0.00010142247641543005,7.510005621434544e-08,0.186612604435539,0.18659716394012887,0.7192206965760464,0.7193397292889971,0.6946625905118531,0.704408847570125,7.509479424125541e-08
model.dec.32x32_block1.norm0,0.007779356434278028,0.00777935367112016,0.7558578614388293,0.7558575929648733,0.7558581299128807,0.6547355105501391,0.659595565655079,0.0,1024,1024,1.0,1.0,0.7558575929648733,0.6547355105501392,-1.0,1.0,1.0,1024,0.755857231456786,0.654736469749758,0.9999999915525284,3.95101025230379e-05,2.2815103575161266e-05,0.0,0.0077793697519169735,0.007779364416084682,0.7558632217417416,0.755864258628704,0.6547285072671615,0.6595880179541771,0.0
model.dec.32x32_block1.norm1,0.005500963341638347,0.005501287820733579,0.6484327374613061,0.6484709858288925,0.6483944913496998,0.7613168563433997,0.7839976146163316,0.0,512,512,1.0,1.0,0.6484709858288925,0.7613168563433997,-1.0,1.0,1.0,512,0.6484218891623571,0.7612811917692885,0.999999989677083,0.0014389893509144517,6.633539192158776e-05,0.0,0.005500478154997144,0.005500792768863768,0.6484560258351751,0.6483818520089649,0.7613272495627759,0.7840118405461974,0.0
model.dec.32x32_block1.skip,0.0880966782146362,0.08809580982550004,0.6771456775984431,0.6771390028183952,0.6771523524442864,0.7358417333239288,0.752752150040468,0.0,131328,131328,1.0,1.0,0.6771390028183952,0.7358417333239288,-1.0,1.0,1.0000153240265413,131327,0.6771434351818333,0.7358510503813265,0.9999999892959816,0.0013795378014015076,1.6773220718714946e-05,0.0,0.08809682551054045,0.08809597010545413,0.6771392893870766,0.6771524393916393,0.7358416699298901,0.7527518553129553,0.0
model.dec.32x32_block2.affine,0.08753956707573139,0.08752798973965975,0.5766243662564738,0.5765481061800507,0.5767006364198252,0.8169013364748713,0.8570930125457472,0.0,131328,131328,1.0,1.0,0.5765481061800507,0.8169013364748713,-1.0001149501480382,0.9999904225338623,1.0002744247085849,131328,0.57689002971379,0.8168218246746922,0.9999999840393083,0.03795420444746953,0.0003511380099107765,0.0,0.08753960930830652,0.08752802914887133,0.5765483810675842,0.5767009485113941,0.8169011030681013,0.8570925557374763,0.0
model.dec.32x32_block2.conv0,0.26396452686681343,0.2639514115947906,0.7008559114035273,0.700821088861135,0.7008907356761892,0.7132674339982453,0.7259436311071835,0.0,1179890,1179904,0.9999881346279019,1.0,0.700821088861135,0.7132591172534128,-1.0000613158378808,1.0,1.0002452783909737,1179878,0.7008393372088544,0.7133191597241871,0.9999999901990404,0.008357899094259815,5.9288773419036516e-05,2.5132654317179186e-07,0.263965617283067,0.26395259006050503,0.7008224496271884,0.7008916286818268,0.7132665648964551,0.7259422856810225,2.5133125866720634e-07
model.dec.32x32_block2.conv1,0.18658760036511157,0.18657051832192012,0.6627119150758362,0.6626512439833592,0.6627725917232434,0.7488058745642862,0.7685953546929765,0.0,590072,590080,0.999986442516269,1.0,0.6626512439833592,0.7487968177610728,-1.0002453385672228,1.0,1.000552181115406,590055,0.6627104399103669,0.7488757392993939,0.9999999885554899,0.013428832351921098,0.00010697617721362049,1.435658308101044e-07,0.1865882665658256,0.18657113421073204,0.6626521964135037,0.6627739013495823,0.7488046720898399,0.7685939532311454,1.4357763420487433e-07
model.dec.32x32_block2.norm0,0.007779416768910792,0.007779414035181676,0.5996047969084279,0.5996045862040602,0.5996050076128696,0.8002959686218388,0.8344174180638925,0.0,1024,1024,1.0,1.0,0.5996045862040602,0.8002959686218388,-1.0,1.0,1.0,1024,0.5996041984782513,0.8002967000441668,0.9999999876034271,2.9070076285072946e-05,2.36529725468127e-05,0.0,0.007779380792441887,0.007779367381515871,0.5996105690031356,0.5996126363537353,0.8002897711013655,0.8344101242683334,0.0
model.dec.32x32_block2.norm1,0.0055012649781696985,0.00550123642127703,0.5234880166984772,0.5234852992887241,0.5234907341223364,0.8520286142605414,0.9074599395171816,0.0,512,512,1.0,1.0,0.5234852992887241,0.8520286142605413,-1.0,1.0,1.0,512,0.5234901345466871,0.8520317393688215,0.9999999887845731,0.00011073467797095147,6.977854267505838e-05,0.0,0.0055008259223070744,0.005500815076810958,0.5234447957452698,0.5234468598117823,0.852057276587939,0.9074995358317941,0.0
model.dec.32x32_block2.skip,0.08809582196002987,0.08809550972754923,0.6307615442105609,0.6307593086420941,0.6307637797869511,0.7759739725659021,0.80260264880216,0.0,131326,131328,0.9999847709551657,1.0000000000000002,0.630759308642094,0.7759641591677507,-1.0,1.0,1.0000153240265413,131324,0.6307733091896561,0.7759671592601679,0.9999999869204139,0.0021950461255748374,2.0386105258642772e-05,3.593506490537796e-08,0.0880958856202056,0.08809558536633758,0.6307595043216135,0.6307638039310188,0.7759739887363308,0.802602425997974,3.593587798427576e-08
model.dec.32x32_block3.affine,0.08756372974445228,0.087545581162997,0.4700300965937823,0.4699326774966359,0.47012753588633305,0.8824674491292399,0.9553625660825766,0.0,131328,131328,1.0,1.0,0.4699326774966359,0.8824674491292399,-1.0001532707988474,0.999984676208281,1.0003065885887727,131328,0.4703802005302586,0.8824638615767043,0.9999999789685805,0.039208023040684985,0.0001409186085068489,0.0,0.0875637597590929,0.08754561273401633,0.4699328169823029,0.47012765864724243,0.8824673950679766,0.9553622513445527,0.0
model.dec.32x32_block3.conv0,0.2639575497868069,0.2639463971953669,0.6154332855437404,0.6154072825898647,0.6154592895963255,0.7881556796748341,0.8184001182549214,0.0,1179892,1179904,0.9999898296810588,1.0,0.6154072825898645,0.7881492608673694,-1.000122624156959,1.0,1.0002452783909737,1179879,0.6154145547962665,0.7882036068479585,0.9999999866419306,0.009042505094272894,5.96424258670683e-05,2.1432693258851325e-07,0.2639583247974458,0.2639472452436527,0.6154081120247246,0.6154597783369263,0.7881553832526726,0.8183993627019044,2.1433526057352774e-07
model.dec.32x32_block3.conv1,0.18655596374167488,0.18652787154903716,0.6634243534287554,0.6633244528715001,0.663524269031621,0.7481306881238199,0.7678092522976775,0.0,590071,590080,0.9999847478308026,1.0,0.6633244528714999,0.7481205591399223,-1.0002452783909737,1.0,1.0006750122729504,590056,0.6633763117660285,0.7482859542054395,0.9999999886713411,0.01549020530044739,0.00012169044081862541,1.603624438519395e-07,0.18655666268390952,0.18652846574350185,0.6633253160330435,0.6635258769289536,0.7481291731631851,0.7678076818782773,1.6036315007028423e-07
model.dec.32x32_block3.norm0,0.0077794430394487225,0.007779443095800622,0.3691372978579474,0.3691373005318648,0.36913729518403,0.929374880144409,1.0399483558636513,0.0,1024,1024,1.0,1.0,0.3691373005318648,0.929374880144409,-1.0,1.0,1.0,1024,0.369138040703511,0.9293745779139329,0.9999999733711298,1.8802063180996934e-05,1.8914364398237942e-05,0.0,0.007779377177059447,0.007779380797255658,0.36914284262538954,0.3691424990584028,0.929373171796384,1.0399439682054377,0.0
model.dec.32x32_block3.norm1,0.005501638382888514,0.005501616900068482,0.4844004254670969,0.48439853397833676,0.48440231696324293,0.8748429863048087,0.9427731281047671,0.0,512,512,1.0,1.0,0.48439853397833676,0.8748429863048087,-1.0,1.0,1.0,512,0.48440731185727803,0.8748425904820372,0.9999999816817342,0.00012707024981133111,3.621370522850412e-05,0.0,0.005500798456366775,0.005500774233576508,0.4843789940382439,0.48438325999649545,0.8748532352029496,0.9427898803862648,0.0
model.dec.32x32_block3.skip,0.08809485538073804,0.08809462095415893,0.6085644769053353,0.6085628574726468,0.6085660963423332,0.7935023165509701,0.8253937983304844,0.0,131326,131328,0.9999847709551657,0.9999999999999999,0.608562857472647,0.7934927295316039,-1.0,1.0,1.0000306485227413,131325,0.608565316454709,0.7935037843654374,0.9999999863551422,0.0021931466659940156,2.782790257166871e-05,3.589833083735217e-08,0.08809484597859928,0.08809461842085903,0.6085622815024808,0.6085654254683421,0.7935028565420845,0.825394299484488,3.5894740579841355e-08
model.dec.32x32_block4.affine,0.08763200042145787,0.08757812683556684,0.4554036153763834,0.45512364657879734,0.4556837563964594,0.8897377719731953,0.9679373544265363,0.0,131328,131328,1.0,1.0,0.45512364657879734,0.8897377719731953,-1.000122607243023,0.9999904225980714,1.0001533366045143,131328,0.4556676060711658,0.8901500054823442,0.9999999777798804,0.04000990220763525,2.85769388747921e-05,0.0,0.08763203522398295,0.08757816969134173,0.45512395230314057,0.455683978469557,0.8897377190851989,0.9679369459657702,0.0
model.dec.32x32_block4.conv0,0.22860722384284202,0.22860535036964436,0.5986378965859301,0.5986329906514828,0.5986428025605827,0.8010132035410765,0.8353834740412636,0.0,884983,884992,0.9999898304165461,1.0000000000000002,0.5986329906514827,0.8010068630528594,-1.0001226986337923,1.0,1.0002452783909737,884976,0.598639088548468,0.8010188772419435,0.9999999857561715,0.008267922120811278,5.622430869441746e-05,1.6139294148457928e-07,0.22860786379498557,0.22860595440567583,0.5986335544024362,0.5986435543981551,0.8010125861180771,0.8353826260082458,1.6139988270669565e-07
model.dec.32x32_block4.conv1,0.18616811665979996,0.18613597941448876,0.7408763671653938,0.7407484734852942,0.7410042829269343,0.6715254865647394,0.6782930375632997,0.0,590075,590080,0.9999915265726681,1.0,0.7407484734852943,0.6715191502396628,-1.0001841733685308,1.0,1.0017194792434292,590071,0.7408134929256516,0.6717107776058648,0.9999999916804199,0.030197806011427415,0.00011368117668531454,8.967109923796304e-08,0.18616820716668744,0.18613615026335492,0.7407483494860364,0.7410035190810912,0.6715262660099176,0.6782935596703589,8.967274003786758e-08
model.dec.32x32_block4.norm0,0.00673716535044203,0.00673716839221129,0.3749960704946855,0.3749962398020218,0.3749959011874256,0.927026818984473,1.0352292698344028,0.0,768,768,1.0,1.0,0.3749962398020218,0.9270268189844729,-1.0,1.0,1.0,768,0.37499658946518466,0.9270261904619993,0.9999999703883402,8.316684965825238e-06,6.143884946869796e-06,0.0,0.006737147722547246,0.006737149192727868,0.3750005294530897,0.37500036578788487,0.9270248321107817,1.035225409847752,0.0
model.dec.32x32_block4.norm1,0.005501625548138591,0.00550173308828633,0.35945315025146735,0.3594601764739074,0.35944612416636607,0.9331813735096289,1.0477097711405559,0.0,512,512,1.0,1.0,0.3594601764739074,0.9331813735096289,-1.0,1.0,1.0,512,0.359487985926109,0.9331497128327924,0.9999999745717671,0.0006500069833044108,0.00010859752424150759,0.0,0.005500640781919238,0.00550073717701502,0.3594196469274494,0.3594070500748438,0.9331948169532333,1.0477405088384228,0.0
model.dec.32x32_block4.skip,0.07622658510589062,0.07622229282998863,0.737704178507201,0.7376626388020731,0.7377457205515379,0.6750860801537041,0.6822038403592903,0.0,98559,98560,0.9999898538961038,1.0000000000000002,0.737662638802073,0.6750785638798008,-1.0,1.0,1.0004906771344455,98558,0.7377122286954015,0.6751152991764757,0.9999999912885849,0.019186956724985965,7.944414496991745e-05,1.792735603095806e-08,0.0762264885314625,0.07622216515159874,0.7376618212650765,0.7377455051306472,0.6750863689631191,0.6822043468014228,1.7921779697534893e-08
model.dec.32x32_up.affine,0.08751400582372228,0.08749760968825719,0.7198128041362651,0.7196779440286167,0.7199476895152849,0.6940381712471889,0.7037623907468727,0.0,131328,131328,1.0,1.0,0.7196779440286167,0.6940381712471889,-1.0000306494621019,1.0,1.0003372577875889,131328,0.7200954843208004,0.6938749836842448,0.9999999904630903,0.03863966176758659,3.7520965815128746e-05,0.0,0.087514086417931,0.08749766582247154,0.7196780623960405,0.7199482102018241,0.6940376461183567,0.7037618844942672,0.0
model.dec.32x32_up.conv0,0.18668905214121317,0.18668586216900798,0.8028488644407932,0.8028351460918427,0.8028625830241545,0.5961724199560671,0.5970906008665801,0.0,590071,590080,0.9999847478308026,1.0,0.8028351460918427,0.5961596291858934,-1.0,1.0,1.0002452182442374,590062,0.8028594318851932,0.5961683760821792,0.9999999939371533,0.007224687762998331,6.119529416694415e-05,1.6160157928099257e-07,0.18669007885956176,0.18668700852510695,0.8028368251274919,0.8028632329408184,0.5961712339374764,0.5970889707833369,1.615898972831665e-07
model.dec.32x32_up.conv1,0.18664178657542632,0.1866337964432649,0.8006093513354651,0.8005750772608099,0.8006436268774556,0.5991610197023083,0.6002158684250881,0.0,590072,590080,0.999986442516269,1.0,0.8005750772608099,0.5991497034012208,-1.0,1.0,1.0003066167903354,590065,0.8006039936439535,0.599193829668482,0.9999999938854763,0.010307783492962729,7.48156778010249e-05,1.43616947438444e-07,0.1866437341987188,0.18663566029522125,0.8005786728529872,0.8006479408026305,0.5991554670588723,0.6002103083841587,1.436168743515099e-07
model.dec.32x32_up.norm0,0.005500980047792659,0.00550098568564973,0.6953142318737349,0.6953149444889823,0.6953135192592177,0.7187066005929882,0.7323037923145517,0.0,512,512,1.0,1.0,0.6953149444889823,0.7187066005929882,-1.0,1.0,1.0,512,0.6953126060919252,0.7187074411977608,0.9999999928185965,2.576302283511773e-05,1.4287052450469815e-05,0.0,0.005500854320805374,0.005500854905590377,0.6953145270420934,0.6953143792070775,0.7187057263583666,0.732303289380254,0.0
model.dec.32x32_up.norm1,0.0055013129426347215,0.005501308736939953,0.6992611537446825,0.6992606191670268,0.6992616883227467,0.7148657618771315,0.7277849384006425,0.0,512,512,1.0,1.0,0.6992606191670268,0.7148657618771315,-1.0,1.0,1.0,512,0.6992542640939458,0.7148730465422801,0.9999999874951999,9.532781296737512e-05,5.6676313620573194e-05,0.0,0.00550082829750095,0.005500818840970258,0.699223879118255,0.6992262832104268,0.7149003627451426,0.727826111913674,0.0
model.dec.32x32_up.skip,0.062356115901857856,0.062355431331183986,0.7765390217323975,0.7765304965727768,0.776547546985612,0.6300622439121605,0.6328471316519104,0.0,65792,65792,1.0,1.0,0.7765304965727768,0.6300622439121605,-1.0,1.0,1.0000038309479298,65791,0.7765427947412177,0.6300645110088978,0.9999999930612755,0.0003995172651778543,6.438357171052901e-06,0.0,0.06235616061705386,0.06235547662357249,0.7765308001797011,0.7765478362107695,0.6300618844302288,0.6328466905781541,0.0
model.dec.8x8_block0.affine,0.08713390086120602,0.08706487861727076,0.9138804882747051,0.9131565670297485,0.9146049834212114,0.4056617207411645,0.413552988019447,0.0,131328,131328,1.0,1.0,0.9131565670297485,0.40566172074116447,0.738413027125638,1.0,1.0005524861878452,131328,0.9137774086907917,0.40621527256784146,0.9999999973616804,0.03900422068159591,0.0005008404018581429,0.0,0.08713394381957745,0.08706492402865822,0.9131566824370213,0.9146050467594043,0.40566153126121507,0.4135529053067083,0.0
model.dec.8x8_block0.conv0,0.2638417266476626,0.26382041755835406,0.8890276414919962,0.8889558394701893,0.8890994493133376,0.4578165491328485,0.46094729966262454,0.0,1179894,1179904,0.9999915247342157,1.0,0.8889558394701894,0.4578073231543005,-0.9937438665358195,1.0,1.0003679627131117,1179885,0.8890071542055005,0.45789330602796946,0.9999999966861154,0.014487308778863,4.860193275753461e-05,1.7878475946663463e-07,0.26384250242608187,0.26382116576568587,0.8889563734344024,0.8891001687753776,0.4578152846003007,0.4609462357065011,1.7877884524916722e-07
model.dec.8x8_block0.conv1,0.18662810222176143,0.18661187632869397,0.8871297281206777,0.8870525989427346,0.887206864004999,0.4614800206832982,0.46437609963745324,0.0,590076,590080,0.9999932212581345,1.0,0.8870525989427346,0.4614726900217604,-0.9959649675683572,1.0,1.0002453385672228,590068,0.8870854614519492,0.46160522527443526,0.9999999966601585,0.011758496289289074,3.7822984478499784e-05,7.16457913014854e-08,0.18662828831649303,0.18661210201699513,0.8870529931999777,0.8872068816987148,0.46147972271429005,0.4643757688354023,7.16468377090146e-08
model.dec.8x8_block0.norm0,0.007778739975691181,0.007778803114177908,0.9004192821033147,0.900426590627712,0.9004119736382389,0.43502665269961616,0.4397982992871843,0.0,1024,1024,1.0,1.0,0.900426590627712,0.43502665269961616,0.9993842330742406,1.0,1.0,1024,0.9004331765590879,0.43499436493500004,1.000000000184982,0.00026654747771318163,3.8912813847777144e-05,0.0,0.007779016005918921,0.0077790714860642984,0.9004244004602494,0.9004115568969561,0.4350289222096794,0.43980097632514586,0.0
model.dec.8x8_block0.norm1,0.005501156968415602,0.005501137876138749,0.8945457408399766,0.8945426362357923,0.8945488454549356,0.44697486594032176,0.4508233938309423,0.0,512,512,1.0,1.0,0.8945426362357923,0.44697486594032176,-0.9993504631565792,1.0,1.0,512,0.8945422777129873,0.4469833471818511,0.999999996646921,7.283113522593805e-05,4.681264606786267e-05,0.0,0.005500829200796219,0.005500816018650514,0.8945333549788977,0.8945376423003104,0.4469958434381573,0.45084233442314214,0.0
model.dec.8x8_block0.skip,0.08809723336310425,0.08809702015767164,0.8908004756056536,0.890798319766094,0.8908026314504305,0.45439356650137097,0.45771393435845087,0.0,131327,131328,0.9999923854775828,1.0,0.890798319766094,0.4543851872531269,-0.9997931288117932,1.0,1.0000076622437004,131326,0.8908079038700683,0.45438010322139244,0.999999996669608,0.0014237968581831757,7.338354203459406e-06,1.7968083122577217e-08,0.08809717718084195,0.08809696242370091,0.8907980879270156,0.8908024309935306,0.45439398223491473,0.45771439546291676,1.7968112154092123e-08
model.dec.8x8_block1.affine,0.08763961861220335,0.0875818918570589,0.8797634211124925,0.8791839356195179,0.8803432885544803,0.4750985945757791,0.4774930795020643,0.0,131328,131328,1.0,1.0,0.8791839356195179,0.4750985945757791,-0.9985033670778709,1.0,1.0001916590745135,131328,0.8795353324941616,0.4758335833292181,0.999999996464543,0.03318073970474873,9.659765597929928e-05,0.0,0.08763976342338724,0.0875820315084421,0.8791841819438185,0.8803436370150328,0.4750980171940719,0.47749261399595283,0.0
model.dec.8x8_block1.conv0,0.26375627337482915,0.26372829991748337,0.8921824912023758,0.892087868130314,0.8922771243110339,0.4516272033709658,0.4551941450489306,0.0,1179895,1179904,0.9999923722607941,0.9999999999999998,0.8920878681303143,0.4516187518443502,-0.9931012160595456,1.0,1.000245248313918,1179888,0.8921531444857363,0.4517330702881385,0.9999999968343569,0.01652597023620933,4.2967252805851804e-05,1.6145844705035023e-07,0.2637562594604877,0.2637283994445322,0.8920877450012643,0.8922762335494521,0.45162839880254546,0.45519509780152556,1.6145715848330877e-07
model.dec.8x8_block1.conv1,0.18669704871135223,0.18669212195944124,0.8877791180434044,0.8877556904236505,0.8878025462814063,0.4602575982853446,0.4632002748606348,0.0,590078,590080,0.9999966106290672,1.0,0.8877556904236507,0.4602539174964198,-0.9983448859271944,1.0,1.000122616639078,590075,0.8877759034907631,0.4602759445722181,0.9999999966670388,0.007072557865431543,4.613524397840241e-05,3.5905338958850685e-08,0.18669716396495012,0.1866923457968612,0.8877560197518728,0.8878018428722799,0.4602582267201231,0.4632006181214804,3.59058807029668e-08
model.dec.8x8_block1.norm0,0.007779029786386795,0.0077789560047557245,0.8945377366068679,0.8945292522000623,0.8945462210941462,0.44698819635700154,0.4508388877104603,0.0,1024,1024,1.0,1.0,0.8945292522000623,0.4469881963570015,-0.9999111249899119,1.0,1.0,1024,0.8945364041436551,0.44699509866438,0.9999999949751813,0.0002180641934353656,1.5235919453226748e-05,0.0,0.007779382553229626,0.007779307738030268,0.894526224894948,0.8945434306623278,0.4469939583955531,0.45084436470770334,0.0
model.dec.8x8_block1.norm1,0.005500884773013462,0.0055008879839949145,0.8671809676201592,0.8671814738118205,0.8671804614287931,0.497993432607012,0.49898215646512906,0.0,512,512,1.0,1.0,0.8671814738118205,0.49799343260701195,-1.0,1.0,1.0,512,0.8671820888784897,0.49799119218515947,0.9999999967031195,2.930259235984266e-05,2.062381847472935e-05,0.0,0.005500850407119316,0.00550085111878,0.8671921341441771,0.8671919097619885,0.49797395637139547,0.49896369821456665,0.0
model.dec.8x8_block1.skip,0.08809838767290665,0.08809794046677884,0.8885775902186418,0.8885730796100612,0.8885821008501192,0.458724023562384,0.4617552978657557,0.0,131327,131328,0.9999923854775828,1.0,0.8885730796100612,0.45871572846747743,-0.9999080572496859,1.0,1.0000038309479298,131326,0.8885833818823805,0.45871513305281236,0.9999999967015925,0.0008816788794548789,6.545039248590659e-06,1.7957621757515156e-08,0.0880983351689021,0.08809788820163024,0.8885728582422341,0.888581874667075,0.4587244582672745,0.46175576413926794,1.795770455495585e-08
model.dec.8x8_block2.affine,0.08763657958815885,0.08756975369003894,0.8661846747746156,0.8655241792475019,0.8668456743365693,0.4993429763106845,0.5006872742587597,0.0,131328,131328,1.0,1.0,0.8655241792475019,0.49934297631068447,-0.9997854526145166,1.0,1.0001686519688302,131328,0.865974700379776,0.5000878108479103,0.9999999961451062,0.03595296327472671,4.229250653547498e-05,0.0,0.08763673964320637,0.08756991367314854,0.8655246025266645,0.8668460972699417,0.49934224377338254,0.5006866018104733,0.0
model.dec.8x8_block2.conv0,0.2640121894875842,0.26400520913394027,0.8740028689830047,0.8739797607730272,0.8740259778039681,0.4859079125026849,0.4874235351351682,0.0,1179898,1179904,0.9999949148405294,0.9999999999999998,0.8739797607730274,0.48590268079791754,-0.9995095935756758,1.0,1.0001226091221187,1179888,0.8739894393873635,0.4859449144794939,0.9999999962606378,0.006410095500109155,4.942287099273863e-05,1.077424384999646e-07,0.26401219335500953,0.26400537889917813,0.873979371709171,0.8740244902648194,0.4859099054474442,0.4874251449505298,1.0775022381699922e-07
model.dec.8x8_block2.conv1,0.186710374762327,0.18670922156198128,0.876316447184231,0.8763110346921232,0.8763218597097687,0.4817329319129005,0.48343887826066395,0.0,590078,590080,0.9999966106290672,1.0,0.8763110346921232,0.48172941808563663,-0.9995095635115253,1.0,1.0001226091221187,590076,0.876312371751589,0.48174332081607046,0.9999999964145954,0.005463406892666988,5.365398170386495e-05,3.588112436924677e-08,0.18671085244651223,0.18670980290680894,0.8763112339752496,0.8763210859059266,0.4817337219183526,0.4834393810617236,3.5879819580854775e-08
model.dec.8x8_block2.norm0,0.007778842780859896,0.007778788918840192,0.8886810177767086,0.8886748643994212,0.8886871711966032,0.4585227770735221,0.46156823347247466,0.0,1024,1024,1.0,1.0,0.8886748643994212,0.4585227770735221,-0.9998774059090352,1.0,1.0,1024,0.8886663529881209,0.4585543718252769,0.9999999976282254,0.0001875756100704122,1.9187702445365073e-05,0.0,0.007779374184953242,0.007779323449465688,0.8886820407197181,0.8886936324381849,0.4585097457565875,0.4615559094605545,0.0
model.dec.8x8_block2.norm1,0.005500969274316234,0.005500971908350083,0.8827927584619629,0.8827931811703786,0.8827923357537495,0.46976287309772824,0.47210926358225574,0.0,512,512,1.0,1.0,0.8827931811703786,0.4697628730977283,-1.0,1.0,1.0,512,0.8827927005075582,0.4697627534960973,0.9999999927170177,1.0838268671810472e-05,1.1270426212077235e-05,0.0,0.005500857967828979,0.0055008585755836935,0.8828137996613694,0.8828136045884687,0.46972333995098925,0.47207226960236537,0.0
model.dec.8x8_block2.skip,0.08809884859346177,0.0880986714984458,0.8805872366125076,0.8805854664689332,0.88058900675964,0.47388312470165617,0.4759979041353425,0.0,131328,131328,1.0,1.0,0.8805854664689332,0.4738831247016561,-0.9999693524165619,1.0,1.0000009577342306,131327,0.8805937193884301,0.473872030622802,0.9999999964578781,0.0007786812739000582,7.86468168173135e-06,0.0,0.08809878657277075,0.08809861453403198,0.8805851454483359,0.8805885846603263,0.47388384234169056,0.4759986026490746,0.0
model.dec.8x8_block3.affine,0.08760802622342943,0.08756386544084471,0.9124797514867786,0.9120197956852907,0.9129399392561912,0.4089156412899467,0.416327322655912,0.0,131328,131328,1.0,1.0,0.9120197956852907,0.4089156412899467,0.8560003283007175,1.0,1.0001226236635734,131328,0.9122895790100425,0.4095457532995588,0.9999999972208393,0.03700759655435963,4.068572496620097e-05,0.0,0.08760819696216662,0.08756401112237461,0.9120196753574769,0.9129403395038569,0.4089152129691634,0.4163271857973026,0.0
model.dec.8x8_block3.conv0,0.26402554443498005,0.26402234092214905,0.8743258331460355,0.8743152246496837,0.8743364417711056,0.48533351564096494,0.48686850490847716,0.0,1179900,1179904,0.9999966098936862,1.0,0.8743152246496837,0.485330034102846,-0.9996319921491659,1.0,1.0001226091221187,1179896,0.874324020809377,0.485342669341395,0.999999996254795,0.0050495278503814005,5.234377784527906e-05,7.162188643785079e-08,0.2640257445692028,0.2640227114099422,0.8743150049885355,0.8743350938049328,0.48533524078229484,0.4868698502920449,7.162929698810176e-08
model.dec.8x8_block3.conv1,0.18671152674814065,0.18670862573620448,0.8796192927010166,0.8796056257029911,0.8796329599113951,0.47567096681453064,0.4776954764800772,0.0,590075,590080,0.9999915265726681,1.0,0.8796056257029911,0.47566206096632396,-0.9995090819833088,1.0,1.0001226091221187,590072,0.8796179586665563,0.47568082433784775,0.9999999963113891,0.005241566148842027,5.5939753688355745e-05,8.97974718338372e-08,0.1867123358316588,0.18670955782879126,0.8796063762779639,0.8796325513409066,0.4756709640038224,0.4776951761008524,8.979994627376874e-08
model.dec.8x8_block3.norm0,0.007778835843411209,0.007778820014497665,0.8710895274301235,0.8710877548768652,0.8710912999869886,0.49112325700307013,0.49239207455127776,0.0,1024,1024,1.0,1.0,0.8710877548768652,0.49112325700307013,-1.0,1.0,1.0,1024,0.871088113967895,0.49112676154385443,0.9999999933599646,3.614495927292334e-05,1.7492787207717508e-05,0.0,0.0077793875865885724,0.007779371109135414,0.8710958459472345,0.8710995360800224,0.4911087364274435,0.4923782612036173,0.0
model.dec.8x8_block3.norm1,0.005501149727017819,0.005501076238180884,0.8515729721893248,0.8515615961842355,0.851584348346386,0.5242290820378732,0.5244742704565097,0.0,512,512,1.0,1.0,0.8515615961842355,0.5242290820378731,-1.0,1.0,1.0,512,0.8515749994731199,0.5242327913028864,0.9999999946143916,0.0003033770579111239,2.1527119116889884e-05,0.0,0.005500853256629472,0.005500780911582291,0.8515516973306645,0.8515740963150349,0.5242455567164692,0.5244903367617881,0.0
model.dec.8x8_block3.skip,0.08809909336793038,0.08809822795374585,0.8872336901708483,0.8872249747052161,0.8872424057220949,0.4613157248291602,0.4641818180291655,0.0,131328,131328,1.0,1.0,0.8872249747052161,0.4613157248291602,-0.9999387067116151,1.0,1.0,131326,0.8872394174850924,0.4613092411730451,0.9999999965897897,0.0004299968263349321,7.528220923874631e-06,0.0,0.08809903422880284,0.08809817482579962,0.8872246624174897,0.8872419723619908,0.4613164733273181,0.4641825426102704,0.0
model.dec.8x8_block4.affine,0.08760249207966685,0.08754045832325819,0.8615220876975822,0.8609120199921988,0.8621325877149748,0.5073605618883469,0.5084025921595156,0.0,131328,131328,1.0,1.0,0.8609120199921988,0.5073605618883469,-0.999785383381745,1.0,1.0001532707988474,131328,0.8613354114716395,0.5080367200875573,0.9999999958500829,0.03649309325532924,7.815179654507156e-05,0.0,0.0876026393206512,0.08754060925365034,0.8609122941131377,0.8621327875015103,0.5073601820414823,0.5084022288200515,0.0
model.dec.8x8_block4.conv0,0.26402718937746605,0.26402438452686916,0.8841423307768295,0.8841329382322582,0.884151723421182,0.4672126934980339,0.469714981228578,0.0,1179897,1179904,0.999994067313951,1.0,0.8841329382322582,0.467206348488323,-0.9992643452672879,1.0,1.0000766541975838,1179890,0.8841433234906677,0.46721577839276807,0.9999999966107398,0.004599257112391152,5.183260731406885e-05,1.2565658783719462e-07,0.264027366924209,0.26402474110147595,0.884132891738627,0.8841504778768117,0.46721423277790225,0.4697161277102735,1.2566055035721273e-07
model.dec.8x8_block4.conv1,0.1867106004591999,0.18670798824809598,0.885629230870687,0.8856168403020467,0.8856416216126822,0.4643865103324319,0.4670621259342233,0.0,590075,590080,0.9999915265726681,0.9999999999999998,0.8856168403020469,0.4643774842258061,-0.9990191270230505,1.0,1.000107293917126,590072,0.8856202658005571,0.4644101041585139,0.9999999967062965,0.005432094558529836,5.652832154119848e-05,8.885006863296897e-08,0.18671153209233377,0.18670907260208405,0.8856180981644461,0.8856414305434611,0.4643858729849345,0.4670611558749711,8.884121887230186e-08
model.dec.8x8_block4.norm0,0.007778712137117949,0.007778700038812159,0.8789105571001146,0.8789091901220731,0.8789119240802822,0.4769858749503465,0.4789328083959965,0.0,1024,1024,1.0,1.0,0.8789091901220731,0.47698587495034644,-1.0,1.0,1.0,1024,0.8789088318886394,0.4769897969624282,0.9999999979629401,5.377462568227463e-05,1.6599989997246177e-05,0.0,0.007779381781188965,0.007779366470685605,0.8789108581110779,0.8789143176680838,0.47698193605575584,0.47892934399709186,0.0
model.dec.8x8_block4.norm1,0.005501141812090184,0.0055011312775642635,0.9101561768857119,0.9101544339632123,0.9101579198115491,0.41426450052976704,0.42088937439493884,0.0,512,512,1.0,1.0,0.9101544339632123,0.4142645005297671,1.0,1.0,1.0,512,0.9101563470507974,0.4142649103855891,0.999999995438299,4.3339988236320656e-05,3.945715311291719e-05,0.0,0.005500855441295878,0.005500847966407052,0.910157555219319,0.910160028776561,0.41425898537068234,0.42088419433172364,0.0
model.dec.8x8_block4.skip,0.08809875341783507,0.08809836980098293,0.8897881548288975,0.8897842803389894,0.8897920293356767,0.45637180641309805,0.4595588864331832,0.0,131327,131328,0.9999923854775828,1.0,0.8897842803389894,0.45636346428639724,-0.9999387048331239,1.0,1.0,131325,0.8897986517641617,0.45635332709021814,0.9999999967114142,0.00030398171027265757,7.144433340945145e-06,1.7966981782800737e-08,0.08809870635279032,0.08809832559994665,0.8897840130748178,0.8897917042204332,0.45637239872371627,0.45955948511408734,1.7966914018990578e-08
model.dec.8x8_in0.affine,0.08740360699426104,0.08729301556561936,0.8469779911373199,0.8459063133280266,0.8480510266540908,0.5309552883015838,0.5317692099542837,0.0,131328,131328,1.0,1.0,0.8459063133280266,0.5309552883015838,-0.9995708878024858,1.0,1.0002452182442374,131328,0.8466957539267244,0.5320773443760352,0.9999999953756653,0.03829018161051711,5.60999273783745e-05,0.0,0.08740369831091073,0.08729309595263467,0.8459066923026349,0.848051616707116,0.530954451796741,0.5317684643820894,0.0
model.dec.8x8_in0.conv0,0.1866321503305365,0.18661935917635036,0.8874448437344373,0.8873840211815823,0.8875056704561559,0.4608823388048382,0.46380694458009464,0.0,590077,590080,0.9999949159436009,1.0,0.8873840211815823,0.4608768236270983,-0.9961084247267558,1.0,1.0002453385672228,590070,0.8874016840444763,0.46099701864504,0.9999999966397679,0.011381150405780326,4.6891051402315864e-05,5.3834896487974515e-08,0.18663269116535028,0.18661992247618692,0.8873848179752565,0.8875062533331536,0.46088106624033837,0.4638057503036409,5.383314591092273e-08
model.dec.8x8_in0.conv1,0.18667562546136923,0.18666551321070107,0.8899872007545365,0.8899389899951337,0.8900354141256658,0.45596080607615025,0.4592016664429449,0.0,590079,590080,0.9999983053145336,1.0,0.8899389899951337,0.45595895053580165,-0.9967173984402005,1.0,1.0001532895947023,590074,0.8899561483487752,0.45604610931220846,0.9999999967164008,0.008807242066099652,4.4975827753985264e-05,1.792735603095806e-08,0.1866760996485968,0.1866660761938903,0.8899400276800035,0.8900356049079379,0.4559598242007668,0.459200565066993,1.7927975962322293e-08
model.dec.8x8_in0.norm0,0.005500933904768704,0.005500926672226642,0.8984448690038561,0.8984436877425617,0.8984460502667039,0.4390857665519149,0.4435356881206363,0.0,512,512,1.0,1.0,0.8984436877425617,0.4390857665519149,0.09997551124006265,1.0,1.0,512,0.8984417569860839,0.4390927155780156,0.9999999982488421,2.9968155109992252e-05,2.1675873070368363e-05,0.0,0.005500844381744413,0.005500838891044528,0.8984405995577862,0.8984423931279151,0.43909280654046606,0.4435420819596348,0.0
model.dec.8x8_in0.norm1,0.0055006879656643035,0.00550066409478258,0.8789018069666368,0.87889799286898,0.8789056210808454,0.47700066972146205,0.47894828740467477,0.0,512,512,1.0,1.0,0.87889799286898,0.47700066972146205,-0.9999915719145546,1.0,1.0,512,0.8788994012969401,0.4770071748937753,0.9999999964558567,4.9365226228642427e-05,2.8490849030874018e-05,0.0,0.005500845557935283,0.00550083221911141,0.8789084775282239,0.8789127400176543,0.4769853649736846,0.47893283211573695,0.0
model.dec.8x8_in0.norm2,0.005500868010409412,0.0055008663557185354,0.8906278052276726,0.8906275373220074,0.8906280731334184,0.4547328756017096,0.45802890674739366,0.0,512,512,1.0,1.0,0.8906275373220074,0.4547328756017096,-0.999956183604049,1.0,1.0,512,0.8906276700870353,0.4547332757030803,0.9999999944330986,9.37374097694295e-06,3.452239289537097e-06,0.0,0.0055008576244773505,0.005500855227632143,0.8906264944152951,0.8906272705470862,0.4547346215118466,0.45803066841298307,0.0
model.dec.8x8_in0.proj,0.06233520986527169,0.06233325269740867,0.8918634720685695,0.8918354698122283,0.8918914752041384,0.4522905049094023,0.45577176963789917,0.0,65792,65792,1.0,1.0,0.8918354698122283,0.4522905049094023,-0.9968121628249141,1.0,1.000122624156959,65792,0.8918575735797565,0.4523163360739693,0.9999999965379112,0.008106761684790374,2.604281907522356e-05,0.0,0.062335206776684325,0.062333242214888646,0.891835254534018,0.891891471506434,0.4522906671485086,0.4557720488271477,0.0
model.dec.8x8_in0.qkv,0.10785702061799103,0.10784553069810038,0.8905867881332457,0.8904919146535899,0.8906816717207722,0.45476488752585464,0.45811437631182483,0.0,197376,197376,1.0,1.0,0.8904919146535899,0.45476488752585464,-0.9908489568015514,1.0,1.0003684372121584,197374,0.8905475480673628,0.45489016757550205,0.9999999966561216,0.018694294008869912,3.393528735656593e-05,0.0,0.10785710945921238,0.10784561421370949,0.8904920716347904,0.8906819165460713,0.45476447176345386,0.4581140792107994,0.0
model.dec.8x8_in1.affine,0.08732695166683332,0.08724633160167232,0.9126783539280454,0.9118357711175811,0.9135217153280485,0.408301338290594,0.41599389891762456,0.0,131328,131328,1.0,1.0,0.9118357711175811,0.408301338290594,0.7684616089341956,1.0,1.0002453385672228,131328,0.9126755295532255,0.4086849370276796,0.9999999973305802,0.03718658121967113,5.319401944042484e-05,0.0,0.08732704946982872,0.08724643051732493,0.9118359336316173,0.9135218529513921,0.4083010090639427,0.4159936958420204,0.0
model.dec.8x8_in1.conv0,0.18662004473813756,0.18660899162312639,0.9037039204495064,0.9036503959560211,0.9037574481133231,0.42813258411226346,0.4335201051468279,0.0,590076,590080,0.9999932212581345,1.0,0.9036503959560211,0.4281246970347261,0.9735641611160271,1.0,1.000245308475408,590071,0.9036801126458729,0.4282081899490014,0.9999999971176807,0.012439994856362732,4.803099966210399e-05,7.150739422156888e-08,0.1866205832821425,0.18660954785680778,0.9036510964959024,0.9037579770835038,0.4281313272834848,0.43351899190420734,7.150312779596525e-08
model.dec.8x8_in1.conv1,0.1866673678563951,0.18666179623946633,0.8953124159558601,0.8952856928179568,0.895339139891415,0.44542545218581575,0.4494027366497794,0.0,590075,590080,0.9999915265726681,1.0,0.8952856928179568,0.44541594327448203,-0.9924597582252539,1.0,1.0001226843332107,590067,0.8953034915245014,0.44545668478532896,0.9999999969274986,0.009112472246976895,4.2724202223034955e-05,8.973915601334274e-08,0.18666759225348734,0.18666209651676668,0.8952862524547945,0.8953389715665634,0.4454252400019264,0.4494023990122247,8.973017319343643e-08
model.dec.8x8_in1.norm0,0.005500759912404539,0.005500754232550797,0.9179712417168091,0.9179702938582451,0.9179721895763518,0.3966465359471093,0.4050733608737167,0.0,512,512,1.0,1.0,0.9179702938582451,0.3966465359471093,1.0,1.0,1.0,512,0.9179721644448681,0.39664481047620587,0.9999999990151052,2.6717524619875806e-05,3.352114410608093e-05,0.0,0.005500836620273778,0.005500831164566893,0.917971952913209,0.9179737737974488,0.39664279909511785,0.4050701171890213,0.0
model.dec.8x8_in1.norm1,0.005500761403857022,0.005500632060022604,0.8711126785155746,0.8710921953413778,0.87113316217142,0.491071644627335,0.4923540654018815,0.0,512,512,1.0,1.0,0.8710921953413778,0.491071644627335,-1.0,1.0,1.0,512,0.8710949416201351,0.4911146524152921,0.9999999962704629,0.00038511425033623057,2.686421809753507e-05,0.0,0.005500840903730276,0.005500705106865502,0.8710960927990096,0.871139103131747,0.4910623428754866,0.4923458241429853,0.0
model.enc.16x16_block0.affine,0.08779588838605282,0.0877650197625119,0.9034984773107592,0.903180811473798,0.9038162548768255,0.4284406082098502,0.4339542030628438,0.0,131328,131328,1.0,1.0,0.903180811473798,0.4284406082098502,0.3170242104347501,1.0,1.000122616639078,131328,0.9034821668125294,0.4286256805367346,0.9999999968775514,0.030604362679055273,6.997371247766378e-05,0.0,0.08779599745104404,0.08776514335180266,0.9031810339035369,0.9038161775271589,0.4284405263234271,0.43395412583573506,0.0
model.enc.16x16_block0.conv0,0.18672877683267813,0.18672632708641596,0.880747231991128,0.8807356772255686,0.8807587869082795,0.473580435072213,0.47571777212727123,0.0,590077,590080,0.9999949159436009,1.0,0.8807356772255686,0.47357509257697455,-0.9997241303208261,1.0,1.0000229869204422,590073,0.8807397570272054,0.47360054943199054,0.9999999965323644,0.0036365421714839824,4.577525354775336e-05,5.364162586294903e-08,0.18672810463605652,0.1867257560184445,0.880733943055296,0.8807560987589655,0.47358480362846783,0.47572166484993716,5.364670967202217e-08
model.enc.16x16_block0.conv1,0.1867351810042314,0.18673386830671354,0.8837507221912888,0.883744509664152,0.8837569347620985,0.46795467967744503,0.47041095360174434,0.0,590076,590080,0.9999932212581345,1.0000000000000002,0.8837445096641519,0.4679474376770586,-0.9997547817557626,1.0,1.0000038310433272,590072,0.883749373142405,0.4679605172442058,0.9999999966794482,0.002368193609131608,3.936627989840301e-05,7.185471206650276e-08,0.18673423863058256,0.18673299823948003,0.8837425633305749,0.8837543040519641,0.46795918273548776,0.47041504141661966,7.186272400878309e-08
model.enc.16x16_block0.norm0,0.0055006215320653066,0.005500626882463386,0.9023435472089878,0.9023444249092901,0.9023426695095391,0.43101796275275006,0.4361270345169504,0.0,512,512,1.0,1.0,0.9023444249092901,0.43101796275275006,1.0,1.0,1.0,512,0.902344441324064,0.43101567632734455,0.9999999991108383,1.532802376930162e-05,1.0280147084314588e-05,0.0,0.005500858580625929,0.005500863443883797,0.9023453094835368,0.9023437139754749,0.431015905315831,0.4361252795241624,0.0
model.enc.16x16_block0.norm1,0.005500793902694674,0.005500791268575587,0.8984355795672657,0.8984351493409476,0.89843600979379,0.43910514083268953,0.44355309367318546,0.0,512,512,1.0,1.0,0.8984351493409476,0.43910514083268953,0.09986516303015591,1.0,1.0,512,0.8984356291172726,0.43910525211193885,1.0000000001735727,1.0836954763258533e-05,1.0459984987907856e-05,0.0,0.005500862960286931,0.005500861005271771,0.898437993382658,0.8984386319954889,0.4390996028734168,0.4435480050713375,0.0
model.enc.16x16_block0.norm2,0.00550089842500419,0.005500897755534119,0.8476577161554865,0.8476576129938884,0.8476578193170969,0.5305434268084148,0.5306764468688765,0.0,512,512,1.0,1.0,0.8476576129938884,0.5305434268084147,-1.0,1.0,1.0,512,0.8476575102578039,0.5305438251432928,0.9999999987112766,2.7216556938403073e-06,2.8027926104314068e-06,0.0,0.00550086612562761,0.00550086631663034,0.8476564076088831,0.8476563487437239,0.5305456475028391,0.5306785632020317,0.0
model.enc.16x16_block0.proj,0.06235560571211995,0.06235486496990379,0.8821132558996132,0.8821027769936574,0.8821237349300527,0.4710317742153787,0.47331167651676864,0.0,65792,65792,1.0,1.0,0.8821027769936574,0.4710317742153787,-0.9998774059090352,1.0,1.0,65791,0.8821152679789876,0.47103360142556144,0.9999999964770923,0.0005396169212628109,2.8509727698123257e-05,0.0,0.062355204986287424,0.06235447741982847,0.8821016764196851,0.8821222616723877,0.4710342836817884,0.4733139843045952,0.0
model.enc.16x16_block0.qkv,0.1079952508241009,0.10799476484234032,0.8777766593944835,0.8777727093740606,0.8777806094326817,0.4790679186090117,0.48090769967155966,0.0,197375,197376,0.9999949335278858,1.0,0.8777727093740606,0.4790626301743972,-0.9998774059090352,1.0,1.0000038311372617,197374,0.877779986007057,0.4790639795633402,0.9999999965717264,0.005076569398089232,2.6998097601129057e-05,1.7966981782800737e-08,0.1079950246102005,0.10799456658722165,0.8777723289158191,0.8777797744894645,0.4790691560828192,0.4809087838736008,1.7967696996832115e-08
model.enc.16x16_block1.affine,0.08783759335256083,0.08780820816991401,0.8897361765691592,0.8894385242877375,0.8900339284604787,0.4563224118566169,0.4596858847525296,0.0,131328,131328,1.0,1.0,0.8894385242877375,0.4563224118566169,-0.9992436946012441,1.0,1.0000612970454823,131328,0.8897647841178804,0.45641935634840464,0.9999999967503832,0.02780350833238846,3.2194637536431555e-05,0.0,0.08783776825599106,0.08780840202045226,0.889439019055831,0.890034038274224,0.4563219214871903,0.45968537730529596,0.0
model.enc.16x16_block1.conv0,0.1867318958316048,0.18673166479082537,0.8899097660784984,0.8899086650055132,0.889910867152846,0.45613604700509375,0.4593373581123777,0.0,590071,590080,0.9999847478308026,1.0,0.8899086650055132,0.4561193348075329,-0.9995095635115253,1.0,1.0,590067,0.8899226576340191,0.4561114594568006,0.9999999967517726,0.00284034339716895,4.3902958539329596e-05,1.616221925731105e-07,0.18673109862608564,0.18673094307046512,0.8899065798282734,0.8899080624966048,0.45614100132170027,0.45934183025489783,1.6161962563078668e-07
model.enc.16x16_block1.conv1,0.18673748266812054,0.18673594860104312,0.8900142840129088,0.8900069724566426,0.890021595629241,0.4559288967001597,0.4591478340540649,0.0,590076,590080,0.9999932212581345,1.0,0.8900069724566426,0.455921466367311,-0.9996322177271055,1.0,1.0,590066,0.8900221716107979,0.45591724475220013,0.9999999967229125,0.001831109094793682,3.5431003993466534e-05,7.183049018605214e-08,0.18673636427395976,0.1867348913678721,0.8900050878322726,0.8900191280480272,0.45593329385820486,0.45915182632531953,7.183010499498695e-08
model.enc.16x16_block1.norm0,0.005500621172331993,0.005500623806532534,0.9023411222161614,0.9023415543396249,0.9023406900929047,0.4310228266520378,0.4361317446589947,0.0,512,512,1.0,1.0,0.9023415543396249,0.4310228266520378,0.9999724180202268,1.0,1.0,512,0.9023410761737112,0.43102271698181915,0.9999999981758901,1.1491585776554703e-05,8.265076313988152e-06,0.0,0.005500861413072932,0.005500861676050116,0.9023446364991616,0.902344550223207,0.43101537396511763,0.4361252297662389,0.0
model.enc.16x16_block1.norm1,0.0055008313333252,0.0055008313333252,0.8984408412978401,0.8984408412978401,0.8984408412978401,0.4390945851272016,0.44354312243711186,0.0,512,512,1.0,1.0,0.8984408412978401,0.4390945851272016,0.10002758197977457,1.0,1.0,512,0.8984406032101635,0.4390950751482597,0.9999999994804467,3.830258045806515e-06,8.083426595109422e-06,0.0,0.0055008625848305326,0.005500863943561994,0.8984380859815942,0.8984376421473328,0.43910078531526375,0.4435487792900635,0.0
model.enc.16x16_block1.norm2,0.005500878399068669,0.005500877694868246,0.9140626984287384,0.9140625814140924,0.9140628154433995,0.4055728556334011,0.41305890995934574,0.0,512,512,1.0,1.0,0.9140625814140924,0.4055728556334011,0.9999999730637893,1.0,1.0,512,0.9140624622218594,0.4055734409555109,0.9999999991569564,2.7136639734999024e-06,2.6424904494272706e-06,0.0,0.0055008662388159905,0.005500866442036566,0.9140626989281789,0.9140626313910566,0.40557299751695614,0.4130590530744871,0.0
model.enc.16x16_block1.proj,0.06235440299286032,0.06235503048528237,0.885624820912622,0.8856337332401759,0.8856159086747548,0.4644060909289519,0.4670678715678091,0.0,65791,65792,0.9999848005836576,1.0,0.8856337332401759,0.46438972828821207,-0.9997548418730081,1.0,1.0,65791,0.8856434730947548,0.4643658457408239,0.999999996545284,0.0014222492409094113,2.7674094817353245e-05,1.7964779204509532e-08,0.06235403741880233,0.06235468444750497,0.8856327406800234,0.8856143610880086,0.46440865854249064,0.4670701737217335,1.7965404038474052e-08
model.enc.16x16_block1.qkv,0.10799890729841621,0.10799888894836626,0.8814815240823989,0.8814813743102354,0.8814816738545879,0.47221843136941366,0.4744249286589244,0.0,197375,197376,0.9999949335278858,1.0,0.8814813743102353,0.472213066588937,-0.9997876199176523,1.0,1.0,197374,0.881485286395901,0.4722114884065786,0.9999999963484559,0.0020734114369582494,2.9618695738898608e-05,1.7966981782800737e-08,0.10799835041417898,0.10799835916400363,0.8814802979117535,0.8814801550799958,0.47222097203499735,0.47442724617569726,1.796729475059029e-08
model.enc.16x16_block2.affine,0.08783053150240909,0.08778602161526818,0.871227836511757,0.8707863242948338,0.8716695725873148,0.49063009899425436,0.49218782060518573,0.0,131328,131328,1.0,1.0,0.8707863242948338,0.4906300989942544,-0.9997548118180704,1.0,1.0000651339873274,131328,0.8710623180997216,0.4911725133586749,0.9999999960602295,0.02876387541845877,0.0004238222991887389,0.0,0.08783069749355622,0.08778620713102131,0.8707868065670475,0.8716696659404489,0.4906296978500623,0.49218735753200926,0.0
model.enc.16x16_block2.conv0,0.18673583054429138,0.18673392347627527,0.8912827200547109,0.8912736176946348,0.8912918225077471,0.45344339580835713,0.45683330731018,0.0,590077,590080,0.9999949159436009,0.9999999999999998,0.891273617694635,0.45343779042011895,-0.9995095635115253,1.0,1.0,590072,0.891287219646328,0.45343918222693397,0.9999999967557374,0.0024516234066124954,4.248670973327899e-05,5.389213530526875e-08,0.18673494294842474,0.18673309097878613,0.8912711821649513,0.8912888610385309,0.4534488335676623,0.456838279538946,5.3893037743625736e-08
model.enc.16x16_block2.conv1,0.1867395784136026,0.18673876176931,0.8929447379346168,0.8929408329337056,0.8929486429526052,0.4501643283899971,0.45378186403283277,0.0,590078,590080,0.9999966106290672,0.9999999999999998,0.8929408329337057,0.4501605645265335,-0.9995096837460162,1.0,1.0,590073,0.8929476226573922,0.45016057478328375,0.9999999968599218,0.0016249179681453695,3.296877054146335e-05,3.5926908908407504e-08,0.1867383710252643,0.18673761311622855,0.8929392490972455,0.8929464974291416,0.45016816869063697,0.4537853330257913,3.592662282628236e-08
model.enc.16x16_block2.norm0,0.005500565654727222,0.005500570923180217,0.9023490149809477,0.9023498792526734,0.9023481507100497,0.43100650925209893,0.43611655802217025,0.0,512,512,1.0,1.0,0.9023498792526734,0.43100650925209893,0.9999724180202268,1.0,1.0,512,0.9023498816628364,0.43100428702040205,0.9999999989693586,1.5795204445847652e-05,1.0487185488539995e-05,0.0,0.005500861832435864,0.0055008633178397015,0.9023448883463292,0.9023444010241397,0.43101536229877846,0.4361251030622454,0.0
model.enc.16x16_block2.norm1,0.0055008134553441715,0.005500815430905453,0.8984373447075792,0.8984376673722263,0.898437022043048,0.43910189720219645,0.44354966869913753,0.0,512,512,1.0,1.0,0.8984376673722263,0.43910189720219645,0.10002758197977457,1.0,1.0,512,0.8984370691542215,0.4391023059551538,0.9999999984296674,1.1169290440790348e-05,1.0282562382974602e-05,0.0,0.005500864105639183,0.005500863341681206,0.8984381670931519,0.898438416642726,0.4390997405499747,0.4435480187399055,0.0
model.enc.16x16_block2.norm2,0.005500866065799506,0.005500865159145546,0.9335937600034513,0.9335936061283219,0.9335939138786062,0.35833315358183343,0.37144360608174454,0.0,512,512,1.0,1.0,0.9335936061283219,0.35833315358183343,1.0,1.0,1.0,512,0.9335937789532324,0.3583331536448243,0.9999999940976536,7.293458262436039e-06,2.507618053101391e-06,0.0,0.005500866397662171,0.005500864795149526,0.9335934995772365,0.9335940435264742,0.35833307816488835,0.37144374956564175,0.0
model.enc.16x16_block2.proj,0.06235486707506536,0.06235429599428345,0.8898858148577246,0.8898776647852313,0.8898939650048612,0.45617915853375773,0.4593817158512592,0.0,65791,65792,0.9999848005836576,1.0,0.8898776647852312,0.4561624979757992,-0.9997548155753406,1.0,1.0,65790,0.8898909901912024,0.45617324120257396,0.9999999968250557,0.0013182577079144352,2.1977744738439632e-05,1.7968083122577217e-08,0.062354706827251874,0.06235415330798295,0.8898772812201107,0.8898930802128723,0.4561805240890901,0.45938290525932385,1.796763891821961e-08
model.enc.16x16_block2.qkv,0.10799797588946289,0.10799848546819432,0.8887237707320927,0.8887279640952365,0.888719577388735,0.45844524501562567,0.46148969672141554,0.0,197370,197376,0.9999696011673151,1.0,0.8887279640952365,0.4584120898991824,-0.9996966834303653,1.0,1.0,197370,0.8887312520137417,0.45842857860231984,0.9999999967328828,0.0033472239232569495,3.256880761751817e-05,1.0779473252410076e-07,0.10799730660380716,0.10799785211753359,0.8887264130686823,0.8887174349043311,0.4584489776382698,0.4614930710789623,1.0779562289070868e-07
model.enc.16x16_block3.affine,0.08782921942412397,0.08778705335744816,0.8752814900333236,0.8748612747802352,0.875701907125108,0.4833816269413154,0.4852572346549677,0.0,131328,131328,1.0,1.0,0.8748612747802352,0.4833816269413154,-0.9997701407466487,1.0,1.0000613008030406,131328,0.8751961795859926,0.48376817453304094,0.9999999959845669,0.028288694103267186,2.941892008693854e-05,0.0,0.08782940015697861,0.0877872394571196,0.874861794639937,0.8757023186822396,0.48338081445188774,0.48525647282229945,0.0
model.enc.16x16_block3.conv0,0.1867351345333988,0.18673403557401133,0.8924958841030611,0.8924906316542782,0.8925011365827556,0.451052881818031,0.4546079693921994,0.0,590078,590080,0.9999966106290672,1.0,0.8924906316542784,0.4510491267552719,-0.9993257324996935,1.0,1.0,590074,0.8924990104271346,0.4510493501885641,0.9999999967969164,0.002242177407147898,4.2962106087380735e-05,3.5911943858395023e-08,0.18673431358311984,0.18673327388325184,0.8924882125084077,0.8924981509884727,0.45105837200808474,0.45461297154842956,3.5916123223396335e-08
model.enc.16x16_block3.conv1,0.18673920923392628,0.18673866667221004,0.8941043439199513,0.8941017461431409,0.8941069417043094,0.4478574066030627,0.4516408924543955,0.0,590076,590080,0.9999932212581345,1.0,0.8941017461431409,0.44784983881361534,-0.9995095635115253,1.0,1.0,590072,0.894111623756154,0.44784417393044684,0.999999996810975,0.0016608114904278373,3.093453179988679e-05,7.186544922324168e-08,0.18673835662032404,0.18673787588310664,0.8941004379866421,0.8941050415295265,0.44786075740148024,0.4516438947285168,7.186479745925596e-08
model.enc.16x16_block3.norm0,0.005500563788449349,0.005500557864751072,0.8984346831464066,0.8984337155990443,0.8984356506948109,0.4391067123430697,0.44355485338756456,0.0,512,512,1.0,1.0,0.8984337155990443,0.4391067123430697,0.09982530172968251,1.0,1.0,512,0.898434550158883,0.4391074505895144,0.9999999930112496,2.0089711210880326e-05,1.0219918597810346e-05,0.0,0.00550086373777072,0.005500859140868643,0.8984373090666474,0.8984388106611993,0.43909990929115056,0.4435485381756414,0.0
model.enc.16x16_block3.norm1,0.0055006662611410745,0.005500668236835955,0.8789025590247095,0.8789028747034298,0.8789022433461026,0.4770015253494046,0.47894662144015654,0.0,512,512,1.0,1.0,0.8789028747034298,0.4770015253494046,-1.0,1.0,1.0,512,0.8789027568695442,0.4770009942654256,0.9999999975172837,4.692015094209633e-06,5.243476042685225e-06,0.0,0.005500864213030899,0.005500863679900528,0.8789066891464833,0.8789068595095021,0.4769935407722464,0.4789393482765648,0.0
model.enc.16x16_block3.norm2,0.005500867158901544,0.005500865534459884,0.9140625077404012,0.914062237811829,0.9140627776690529,0.4055732175496547,0.4130593222944545,0.0,512,512,1.0,1.0,0.914062237811829,0.4055732175496547,0.9999993056445516,1.0,1.0,512,0.9140624092340333,0.4055735584745239,0.999999998553392,5.90405706489951e-06,3.2887654832668336e-06,0.0,0.00550086617193505,0.005500865066467717,0.9140623798927612,0.9140627472772325,0.40557312995315503,0.41305929628325827,0.0
model.enc.16x16_block3.proj,0.06235442261092032,0.062353901293547204,0.8937540500947183,0.8937465778177875,0.893761522434122,0.44855360170833475,0.45228924318414426,0.0,65791,65792,0.9999848005836576,1.0,0.8937465778177874,0.44853666181749197,-0.9995096612055038,1.0,1.0,65790,0.8937612890312512,0.44854292771584753,0.9999999965961257,0.0010953280725920162,2.0990066570414827e-05,1.796367796599481e-08,0.062354390786043386,0.06235387531749306,0.8937465825347475,0.8937613594882942,0.4485538014143682,0.4522894482721308,1.796352633071203e-08
model.enc.16x16_block3.qkv,0.10799486345625235,0.10799256262566109,0.8877675902728995,0.8877486763841806,0.8877865045645874,0.460282172185247,0.46322059700941876,0.0,197372,197376,0.9999797341115434,1.0,0.8877486763841808,0.4602601555369249,-0.9995534476778136,1.0,1.0000076620132705,197367,0.8877677738613258,0.4602916248236235,0.9999999967424394,0.0043646192917694,3.1650487676737145e-05,7.186462331439702e-08,0.10799454333591528,0.10799226618617534,0.8877477326921916,0.8877851715922778,0.46028446853456856,0.4632226906322867,7.186419098387488e-08
model.enc.16x16_down.affine,0.08790181648986305,0.08786425167319714,0.8333911057385959,0.8330349562828941,0.8337474074597384,0.5524475041110299,0.5526874258090674,0.0,131328,131328,1.0,1.0,0.8330349562828941,0.5524475041110299,-1.0,1.0,1.0000306489924145,131328,0.8332656417056599,0.552872834080306,0.9999999949986025,0.024292898643192104,5.614495271132733e-05,0.0,0.0879019005123366,0.0878643473125819,0.8330352672003053,0.8337474974951158,0.5524472751379238,0.5526871211365525,0.0
model.enc.16x16_down.conv0,0.18672785057104732,0.18672660919479922,0.872129969999327,0.8721241720349274,0.8721357680022721,0.4892710215155432,0.4906231525973684,0.0,590071,590080,0.9999847478308026,1.0,0.8721241720349274,0.48925545652663777,-0.9997548418730081,1.0,1.0000306485227413,590066,0.8721362776246834,0.4892630306364877,0.9999999961679089,0.0029766466128492287,4.7179651559615245e-05,1.614557734350516e-07,0.18672732242285126,0.18672615963632605,0.8721223862697062,0.8721332481148656,0.4892750647906561,0.4906268336948269,1.614511529206068e-07
model.enc.16x16_down.conv1,0.18673335115919854,0.1867314001549015,0.8740959578262556,0.8740868252050117,0.8741050905429189,0.4857482125130514,0.48726284343552057,0.0,590074,590080,0.9999898318872017,1.0,0.8740868252050117,0.4857377474136428,-0.9998161088635528,1.0,1.0000153242613705,590068,0.8740989670351211,0.48574787250796386,0.9999999961190971,0.002642135155032126,4.0570440345518945e-05,1.0777986990947253e-07,0.18673265825772303,0.1867307711939437,0.8740850592515107,0.8741027259979106,0.4857520951063179,0.48726640560001905,1.0777292598821659e-07
model.enc.16x16_down.norm0,0.00550062983219393,0.005500629842484132,0.824221241810213,0.8242212433521097,0.8242212402683163,0.566267909870024,0.5663858555342228,0.0,512,512,1.0,1.0,0.8242212433521097,0.566267909870024,-1.0,1.0,1.0,512,0.8242214803849671,0.5662675577678722,0.9999999953882575,3.830826349665529e-06,3.1711707991025967e-06,0.0,0.005500864702435204,0.005500864243252322,0.8242193788914941,0.8242195164943974,0.5662704729282474,0.566388490560021,0.0
model.enc.16x16_down.norm1,0.005500806769112747,0.00550080709838182,0.8632804190251216,0.8632804706996404,0.8632803673506059,0.504724626529416,0.5054732606925282,0.0,512,512,1.0,1.0,0.8632804706996404,0.5047246265294159,-1.0,1.0,1.0,512,0.8632804096421939,0.5047246116676419,0.9999999959943641,4.065336785118018e-06,5.039539637842814e-06,0.0,0.0055008628168478025,0.005500863191784458,0.8632820572034079,0.863281939521486,0.5047219294124967,0.5054706782008639,0.0
model.enc.16x16_down.skip,0.06235600214751452,0.06235646324790468,0.8694043756173202,0.8694108045525147,0.8693979467296649,0.49410488994597357,0.49524362690029244,0.0,65791,65792,0.9999848005836576,1.0,0.8694108045525147,0.49408950973735094,-1.0,1.0,1.0,65791,0.8694099568252349,0.49409141535871703,0.9999999959620571,0.00022401086717708764,8.947929667681455e-06,1.7966981782800737e-08,0.06235587520834367,0.06235633349765319,0.8694102155153468,0.8693974360614938,0.4941058351868353,0.4952445939097265,1.7966724730205067e-08
model.enc.32x32_block0.affine,0.08795256901849395,0.08794667794908828,0.8425897438600274,0.8425333071383151,0.8426461843621287,0.5385198888666031,0.5385997297783437,0.0,131328,131328,1.0,1.0,0.8425333071383151,0.5385198888666031,-0.9999846760908708,1.0,1.0000612970454823,131328,0.8425530170715191,0.5386134171204249,0.9999999950905438,0.020419968892328604,9.249321777370082e-05,0.0,0.08795260525388032,0.08794670344353706,0.8425332853313688,0.842646368330645,0.5385196962775396,0.5385996121364353,0.0
model.enc.32x32_block0.conv0,0.13206766199276448,0.13206591913602683,0.8169419469835935,0.8169311660493731,0.8169527280600882,0.5767122997822294,0.5770271157579699,0.0,295165,295168,0.9999898362966175,1.0,0.8169311660493731,0.5767034871929457,-1.0,1.0,1.0000306494621019,295161,0.8169402644427283,0.5767222938788936,0.999999994276612,0.0031053671134255566,4.236409925821684e-05,5.390094588846493e-08,0.13206729785208024,0.1320655839143707,0.8169294225654087,0.8169506268063244,0.5767151490945559,0.5770298885368994,5.390252096842204e-08
model.enc.32x32_block0.conv1,0.1867336321596683,0.18673314222952042,0.846745124096459,0.8467429025043491,0.8467473456943976,0.5319973775276252,0.5321118194194936,0.0,590074,590080,0.9999898318872017,1.0,0.8467429025043491,0.5319878231479961,-1.0,1.0,1.0000306485227413,590067,0.8467564007630217,0.5319808244410261,0.9999999953245334,0.0023850543190961043,3.736919887841872e-05,1.0776981967163818e-07,0.18673321292075062,0.18673274887317648,0.8467415009271585,0.8467457093890383,0.531999868841485,0.5321142138807062,1.07773708658273e-07
model.enc.32x32_block0.norm0,0.0038897133055559733,0.00388971423687044,0.7812527004060079,0.7812528874614244,0.7812525133506363,0.6242150308134651,0.6265918999835237,0.0,256,256,1.0,1.0,0.7812528874614244,0.6242150308134651,-1.0,1.0,1.0,256,0.7812526498245986,0.6242149464290495,0.9999999962622392,3.833570163127947e-06,3.5882344620488294e-06,0.0,0.0038896995174596953,0.0038896995620255003,0.7812502005013028,0.7812501825991265,0.6242180285216493,0.6265951830276435,0.0
model.enc.32x32_block0.norm1,0.0055009039363624395,0.0055009039479383395,0.8593747754636207,0.8593747772720575,0.8593747736551841,0.5113462588083814,0.511890352905615,0.0,512,512,1.0,1.0,0.8593747772720575,0.5113462588083814,-1.0,1.0,1.0,512,0.8593747721067229,0.5113462574414083,0.9999999934614403,5.825722731431983e-08,2.0084724422605877e-06,0.0,0.005500865414352893,0.005500865142960581,0.8593751643709361,0.8593752491677134,0.5113455076460938,0.511889675471754,0.0
model.enc.32x32_block0.skip,0.04417835991718433,0.044177656587834076,0.8143689843752469,0.814356019439253,0.8143819495176488,0.580338206057571,0.5807417643190119,0.0,33024,33024,1.0,1.0,0.814356019439253,0.580338206057571,-1.0,1.0,1.0,33023,0.8143812799707106,0.5803301914327587,0.9999999947829917,0.00012212760551840812,1.613921836163913e-05,0.0,0.044178215420191326,0.044177511228707576,0.8143548260639139,0.8143807879747511,0.5803398469346693,0.5807434384215819,0.0
model.enc.32x32_block1.affine,0.08785882225974376,0.08784714124651583,0.857312092957001,0.8571981115304268,0.8574260895396579,0.5147285800337023,0.5152518089093713,0.0,131328,131328,1.0,1.0,0.8571981115304268,0.5147285800337023,-0.9999387048331239,1.0,1.0000613008030406,131328,0.8573811737468888,0.5146819632503555,0.9999999957657442,0.02819896102564604,4.07705847675945e-05,0.0,0.08785886590564121,0.08784720195002657,0.8571982863096899,0.8574259312729585,0.5147286662299256,0.5152518112532792,0.0
model.enc.32x32_block1.conv0,0.18673066863785398,0.18672986511258707,0.8493504464181679,0.8493467915576721,0.8493541012943912,0.5278270753198641,0.5280038712461478,0.0,590074,590080,0.9999898318872017,1.0000000000000002,0.849346791557672,0.5278174427711886,-0.9999923380454354,1.0,1.0000306489924145,590072,0.8493507538434151,0.5278288518262262,0.9999999953705841,0.002586822305824969,4.4063969406502115e-05,1.0779638571937193e-07,0.18673015033214518,0.18672937508959492,0.8493451563802902,0.8493522088311604,0.5278299934678676,0.5280066737555142,1.0779470117058418e-07
model.enc.32x32_block1.conv1,0.18673440001488087,0.18673316281574281,0.8575285458107867,0.8575228642996262,0.8575342273595901,0.5144329755666857,0.5148961604830778,0.0,590077,590080,0.9999949159436009,1.0,0.8575228642996263,0.5144280338593006,-0.9999693514772588,1.0,1.0000153242613705,590069,0.8575340875933518,0.5144271460491284,0.9999999957305391,0.002814687564037568,3.6733600368732846e-05,5.390094534840221e-08,0.1867339096507413,0.18673270392016003,0.8575214784200407,0.8575325524653148,0.5144356132695633,0.5148986613548413,5.38997655329173e-08
model.enc.32x32_block1.norm0,0.005500765136834277,0.005500765857127014,0.7929634699325937,0.7929635737664812,0.7929633660987199,0.6092692611380509,0.6107717700174703,0.0,512,512,1.0,1.0,0.7929635737664812,0.6092692611380509,-1.0,1.0,1.0,512,0.7929637036544973,0.6092688746935713,0.9999999922257855,2.7170936569472052e-06,2.692718832472837e-06,0.0,0.005500864533934047,0.005500864968673244,0.7929692234924827,0.7929690981540889,0.6092618227460758,0.6107639418193922,0.0
model.enc.32x32_block1.norm1,0.005500924510808076,0.005500923399531647,0.8906285785275545,0.8906283986060622,0.8906287584490832,0.45473140595722766,0.4580274857941334,0.0,512,512,1.0,1.0,0.8906283986060622,0.4547314059572277,-0.9999662886913883,1.0,1.0,512,0.8906281964684839,0.4547322464315425,0.9999999969286988,3.878207492000996e-06,4.035240423304301e-06,0.0,0.00550086430179066,0.00550086449277663,0.8906254061517146,0.8906253443079974,0.4547377874727655,0.45803337163761465,0.0
model.enc.32x32_block2.affine,0.08786924956091087,0.08785334223992536,0.8596256659316006,0.8594700444660288,0.8597813155750487,0.5108318778773505,0.5114876286265889,0.0,131328,131328,1.0,1.0,0.8594700444660288,0.5108318778773505,-0.9999387029545176,1.0,1.0000613008030406,131328,0.8596521352472758,0.5108798355320966,0.9999999956706505,0.024818436773707906,3.5244016975517044e-05,0.0,0.08786931413547902,0.08785343005711659,0.8594702848417355,0.8597811008791,0.5108319914234127,0.5114876224335281,0.0
model.enc.32x32_block2.conv0,0.18673108726138382,0.18672931761973616,0.8709511489005631,0.8709428949378794,0.8709594029414701,0.4913649559563672,0.49262734401492314,0.0,590070,590080,0.9999830531453362,1.0000000000000002,0.8709428949378792,0.4913479472318622,-0.999877383360922,1.0,1.0000153244962071,590059,0.8709644401266204,0.49134605319385904,0.9999999961752595,0.002836379380709903,4.327119440013932e-05,1.7719262548919716e-07,0.18673044508478126,0.1867287444674929,0.8709412458546104,0.8709571099840322,0.49136863114779206,0.49263070429666944,1.7719260831638194e-07
model.enc.32x32_block2.conv1,0.18673568333039164,0.1867342469174905,0.8625986268727,0.8625919915699337,0.8626052622265067,0.5058850380160347,0.506599665104481,0.0,590072,590080,0.999986442516269,1.0,0.8625919915699337,0.5058716402033193,-0.9999387029545176,1.0,1.0000076620132705,590062,0.8626116945286599,0.5058666469600391,0.9999999959047343,0.002169002611580359,3.491110245364882e-05,1.4370722354619558e-07,0.18673516567563564,0.1867337792834976,0.8625906994841869,0.862603508022718,0.5058877706229976,0.5066021945577607,1.4371474322434944e-07
model.enc.32x32_block2.norm0,0.005495416303906637,0.005500790548217099,0.873896078530469,0.8747507055083449,0.8730422865187917,0.4865881834818354,0.4875416681159722,0.0,511,512,0.998046875,1.0,0.8747507055083449,0.4845729661696492,-1.0,1.0,1.0,511,0.8747505900491751,0.4845734283305166,0.9999999996138549,1.300474683031705e-05,1.0873698431223557e-05,1.796918449610762e-08,0.00549548740224241,0.005500862820062712,0.8747559090320426,0.8730471294525581,0.4865792421328816,0.48753307707714777,1.7968215406383404e-08
model.enc.32x32_block2.norm1,0.005500885294617484,0.005500886611573942,0.8593736153409842,0.8593738210819827,0.8593734096000352,0.5113483298644826,0.5118922379292691,0.0,512,512,1.0,1.0,0.8593738210819827,0.5113483298644825,-1.0,1.0,1.0,512,0.8593740622052016,0.5113474581110021,0.9999999994916325,5.420340238200216e-06,2.905501277551481e-06,0.0,0.005500863101138979,0.0055008632998194374,0.8593758500763954,0.8593757879984356,0.5113445223541345,0.511888672508442,0.0
model.enc.32x32_block3.affine,0.0878702587390079,0.08786592120460815,0.8552872303065625,0.8552450108134556,0.8553294518838507,0.5181286018290702,0.5185228225660574,0.0,131328,131328,1.0,1.0,0.8552450108134556,0.5181286018290702,-0.9999387029545176,1.0,1.0000613008030406,131328,0.8554676181563221,0.5178563068857425,0.9999999956951542,0.026136797760576792,5.017534950213115e-05,0.0,0.08787036600794527,0.08786604157446436,0.8552454489234038,0.8553296348728184,0.5181281665222397,0.518522337598214,0.0
model.enc.32x32_block3.conv0,0.18673188693527545,0.18672963554039138,0.8591521446835307,0.8591417860309463,0.859162503461009,0.5117140588043829,0.5122541801698053,0.0,590075,590080,0.9999915265726681,1.0,0.8591417860309463,0.5117057800346764,-0.9999386991969594,1.0,1.0000306485227413,590069,0.8591546162050316,0.5117160788244152,0.999999995631382,0.002854166605597155,4.484832320123925e-05,8.98194912710123e-08,0.1867312192113111,0.18672903047510944,0.8591397781287934,0.859159918985848,0.5117180856057821,0.5122579382501846,8.982979501349001e-08
model.enc.32x32_block3.conv1,0.18673722298642534,0.18673646174182768,0.8531479200164029,0.853144442111812,0.8531513979351719,0.5216669510328794,0.5219582433518654,0.0,590074,590080,0.9999898318872017,1.0,0.853144442111812,0.5216572055694045,-0.9999846760908708,1.0,1.0000076619545646,590071,0.8531491088584354,0.5216671333756847,0.9999999956267221,0.0016803638377928256,3.380801777850222e-05,1.077947325072238e-07,0.18673674375283805,0.18673604861557855,0.8531432679115254,0.853149619687537,0.5216695499325988,0.5219606151730266,1.0779228906590397e-07
model.enc.32x32_block3.norm0,0.0055007578596247995,0.005500759022377988,0.8632830402385175,0.8632832227197562,0.8632828577573175,0.5047202196581037,0.5054689197133015,0.0,512,512,1.0,1.0,0.8632832227197562,0.5047202196581037,-1.0,1.0,1.0,512,0.8632833180143675,0.5047196443477147,1.0000000015757546,3.104159407922836e-06,2.761029596994127e-06,0.0,0.005500863391139104,0.00550086446769221,0.8632819427706976,0.8632816048715285,0.504722377845981,0.5054710436722397,0.0
model.enc.32x32_block3.norm1,0.00550080677881332,0.005495431302721943,0.8543499325099053,0.8535150481337508,0.8551856335464376,0.5191903173898973,0.5200596659192122,0.0,512,512,1.0,1.0,0.8535150481337508,0.5191903173898974,-1.0,1.0,1.0,511,0.8551856413924456,0.5183218212269932,0.9999999924189206,3.446751283423224e-07,3.4841059260053252e-06,0.0,0.005500863971219409,0.005495487900310015,0.853516441690697,0.8551871975630867,0.5191878379488808,0.5200573149188263,0.0
model.enc.32x32_conv,0.014553943507190734,0.014553942780655011,0.6272323669733134,0.6272323356617502,0.6272323982848781,0.7788321367662705,0.8062700768736771,0.0,3584,3584,1.0,1.0,0.6272323356617502,0.7788321367662705,-1.0,1.0,1.0,3584,0.627232303275331,0.7788322267631672,0.9999999870259555,7.447343596248271e-06,5.281490808213172e-06,0.0,0.01455391830308565,0.014553919049273454,0.6272328099964947,0.6272327456793221,0.7788318846869715,0.8062695337369348,0.0
model.enc.8x8_block0.affine,0.08782571541603737,0.08779432548569692,0.8900531538072052,0.8897350384765761,0.8903713828765982,0.4556938290456399,0.4591116746143338,0.0,131328,131328,1.0,1.0,0.8897350384765761,0.4556938290456399,-0.9989984872793787,1.0,1.000061298924204,131328,0.8900056604089075,0.4559494756941834,0.9999999966674791,0.02467338112349979,3.339785738966161e-05,0.0,0.08782581164948693,0.08779442530053502,0.8897350181681268,0.8903712892143433,0.4556939590108793,0.45911183810623657,0.0
model.enc.8x8_block0.conv0,0.18673501379540405,0.18673395721884148,0.8939888934847163,0.8939838351526294,0.8939939518454245,0.4480865833720741,0.4518547833552213,0.0,590078,590080,0.9999966106290672,1.0,0.8939838351526294,0.4480828017078497,-0.9992643452672879,1.0,1.0,590075,0.8939878734557991,0.4480911535174445,0.9999999966876921,0.002886977885859074,4.208113204349944e-05,3.592845737302786e-08,0.1867341832393576,0.18673319595218796,0.8939815965650451,0.8939910498268386,0.44809187760861385,0.45185956683227624,3.592788730289707e-08
model.enc.8x8_block0.conv1,0.18673903441439535,0.1867377058206184,0.8962419917590742,0.8962356152586461,0.8962483683048695,0.4435622758709011,0.4476680993599271,0.0,590075,590080,0.9999915265726681,1.0,0.8962356152586461,0.4435527262708627,-0.9990192472722815,1.0,1.0,590070,0.8962457335968871,0.4435578712087469,0.9999999969918949,0.0018393285727416068,3.4063994521354994e-05,8.981509013114636e-08,0.18673764643691348,0.18673638587101782,0.8962338848062413,0.8962459849192181,0.4435665934684731,0.4476719710255317,8.981346950753552e-08
model.enc.8x8_block0.norm0,0.005500501494177586,0.005500497532538356,0.8789121735779194,0.8789115405569212,0.8789128065993734,0.4769832946882284,0.47892992463919076,0.0,512,512,1.0,1.0,0.8789115405569212,0.4769832946882284,-1.0,1.0,1.0,512,0.8789103438334184,0.4769870084582371,0.9999999954570714,1.5795721188661393e-05,1.4107938211860536e-05,0.0,0.005500861308274774,0.00550086180851568,0.8789083865238726,0.8789082266704086,0.4769908070134191,0.4789366602256536,0.0
model.enc.8x8_block0.norm1,0.0055006705133120995,0.005500675781664663,0.9140597399592357,0.9140606154141394,0.9140588645051706,0.4055799636085162,0.4130647240789053,0.0,512,512,1.0,1.0,0.9140606154141394,0.4055799636085161,1.0,1.0,1.0,512,0.9140606154643267,0.4055776013910716,0.9999999975952685,1.532595589803532e-05,4.44862181595125e-06,0.0,0.005500860459600097,0.0055008640934059655,0.9140642647308272,0.9140630570911052,0.4055710062612788,0.4130569394922856,0.0
model.enc.8x8_block1.affine,0.0878058403964557,0.08777085451656293,0.8563660839245054,0.8560248683422486,0.8567074355169156,0.5161634350428459,0.5167927639438263,0.0,131328,131328,1.0,1.0,0.8560248683422486,0.5161634350428458,-0.9998161088635528,1.0,1.0001098055967272,131328,0.8562237796723925,0.5166051094971514,0.9999999956077561,0.02840124793895195,3.6331338500362555e-05,0.0,0.08780593414181713,0.08777096729297919,0.8560252412361816,0.8567074364654657,0.516163237183588,0.5167924760624545,0.0
model.enc.8x8_block1.conv0,0.18673378238307733,0.1867329357019047,0.8923386553687572,0.8923346093609622,0.8923427013948978,0.45136446097769695,0.4548967945082166,0.0,590075,590080,0.9999915265726681,1.0,0.8923346093609621,0.4513550775356674,-0.9992645256190242,1.0,1.0,590073,0.8923349493117078,0.451373834156344,0.9999999968159106,0.002785184639488859,4.294426554322771e-05,8.979968062284968e-08,0.18673299349209296,0.18673221154976602,0.892332396709688,0.8923398700205413,0.4513696033431938,0.4549014589863847,8.97934905857765e-08
model.enc.8x8_block1.conv1,0.18673687052206892,0.18673664535350287,0.8965703211273246,0.8965692400368415,0.8965714022191114,0.44290087627803665,0.4470540333390037,0.0,590074,590080,0.9999898318872017,1.0,0.8965692400368415,0.442889398609722,-0.9986514649993871,1.0,1.0,590071,0.8965749707949133,0.4428919977129913,0.9999999969140384,0.002174411372167427,3.5017776185555486e-05,1.0778509694974464e-07,0.18673565422434343,0.18673549341733447,0.8965674922855872,0.8965690364419359,0.44290519243033905,0.44705791245457865,1.0778384291858038e-07
model.enc.8x8_block1.norm0,0.005500465093173617,0.005500464547779103,0.8711008815754878,0.8711007952021296,0.8711009679488545,0.4911040686959527,0.4923726857830489,0.0,512,512,1.0,1.0,0.8711007952021296,0.49110406869595274,-1.0,1.0,1.0,512,0.8711006537927586,0.4911045225018023,0.9999999964713678,2.7550051291105045e-06,3.755710296798049e-06,0.0,0.005500862384058366,0.005500863115249853,0.8710946815316591,0.8710944499545558,0.49111538527458565,0.49238343115591093,0.0
model.enc.8x8_block1.norm1,0.005500580947821686,0.005500580947821686,0.832032066407187,0.832032066407187,0.832032066407187,0.5547275371479105,0.5547401946357612,0.0,512,512,1.0,1.0,0.832032066407187,0.5547275371479106,-1.0,1.0,1.0,512,0.8320320641934551,0.5547275368043071,0.9999999924150635,4.365340486258216e-08,9.967971490359048e-06,0.0,0.005500861993910139,0.005500863326822242,0.8320329657609091,0.8320325625417745,0.5547266250203986,0.5547391411390035,0.0
model.enc.8x8_block2.affine,0.08774304801565237,0.08771335188913318,0.911049482203071,0.9107411427813094,0.9113579260158551,0.4121574904948405,0.4191623520426412,0.0,131328,131328,1.0,1.0,0.9107411427813094,0.4121574904948405,0.9190279717463904,1.0,1.0001226091221187,131328,0.9111743467329709,0.4120210064830608,0.9999999973671347,0.030739178138443637,0.00015558478770178063,0.0,0.08774318034416893,0.08771348168450337,0.9107412793520047,0.9113581143880238,0.4121571199311044,0.4191621293936538,0.0
model.enc.8x8_block2.conv0,0.1867266631230796,0.18672602913082215,0.8957932512520588,0.8957902097689838,0.8957962927454608,0.4444694697073612,0.4485046765786565,0.0,590074,590080,0.9999898318872017,1.0,0.8957902097689837,0.44445804110329146,-0.9979158365770681,1.0,1.0000306485227413,590072,0.8957939772431369,0.444469515605661,0.9999999969283349,0.003842235772461673,4.451170431839993e-05,1.0769268204623299e-07,0.18672601197664712,0.186725478276161,0.895788761085434,0.8957938817961681,0.44447359777501355,0.44850828462228237,1.0769606250129244e-07
model.enc.8x8_block2.conv1,0.18673000343556084,0.18672874695426928,0.897681763248907,0.8976757228680333,0.897687803670426,0.44064139488402965,0.4449719558108912,0.0,590076,590080,0.9999932212581345,1.0,0.8976757228680333,0.44063371626116027,-0.9969041433766359,1.0,1.0000153244962071,590071,0.897685251827957,0.44063725294439554,0.9999999969857984,0.003360306032202926,3.726649491937825e-05,7.173598062790884e-08,0.18672919199207755,0.18672799618783098,0.8976744761546267,0.897685973588431,0.44064467204684005,0.44497488235399846,7.173435619325162e-08
model.enc.8x8_block2.norm0,0.005500713307122538,0.005500715941278958,0.910161733943826,0.9101621697979126,0.9101612980899482,0.4142532829318721,0.4208779857707605,0.0,512,512,1.0,1.0,0.9101621697979126,0.41425328293187214,1.0,1.0,1.0,512,0.9101626492324749,0.41425107355787416,0.999999998122497,1.149390588612677e-05,7.849571503339794e-06,0.0,0.005500862493391437,0.00550086279111274,0.9101571389868791,0.9101570404666389,0.41426331070532757,0.42088736593552745,0.0
model.enc.8x8_block2.norm1,0.005500658986426948,0.005500658657138918,0.8945393399366721,0.8945392863865251,0.8945393934868223,0.44698920052315944,0.4508348886932813,0.0,512,512,1.0,1.0,0.8945392863865251,0.4469892005231595,-1.0,1.0,1.0,512,0.8945394657407582,0.4469889750787804,0.9999999923765832,3.0288101931016856e-06,5.277981973253987e-06,0.0,0.005500861327436762,0.005500861796907446,0.8945325807699281,0.8945324280822875,0.44700294476768354,0.45084761478527247,0.0
model.enc.8x8_block3.affine,0.08757377615687274,0.08755173771797646,0.8437916145584701,0.8435792695991147,0.8440040129690937,0.5365358961496011,0.5367339379780565,0.0,131328,131328,1.0,1.0,0.8435792695991147,0.5365358961496011,-0.9998774059090352,1.0,1.0002452783909737,131328,0.8438160458380299,0.536632537908301,0.9999999949481946,0.03707993927455657,4.741596111544217e-05,0.0,0.08757385566083478,0.0875518282590914,0.8435795252956616,0.8440040556111696,0.5365357293925517,0.5367337123352502,0.0
model.enc.8x8_block3.conv0,0.18665844422686023,0.18664904881034458,0.8897613285019775,0.8897165425384203,0.8898061167199411,0.4564031188058918,0.45961218699818157,0.0,590076,590080,0.9999932212581345,1.0,0.8897165425384203,0.4563956965051873,-0.9962586442158932,1.0,1.0002452182442374,590073,0.8897322886083386,0.4564826990447008,0.9999999967051009,0.009543212281368984,4.4708469758481855e-05,7.176668440861957e-08,0.1866589214886584,0.1866495790784785,0.8897174166124112,0.8898064852630343,0.45640203732703943,0.4596110925188806,7.176661529515992e-08
model.enc.8x8_block3.conv1,0.18668995797077154,0.18668449202410187,0.8933144651828581,0.893288310539732,0.8933406205917674,0.4494190012697877,0.4531030321206088,0.0,590073,590080,0.9999881372017354,1.0,0.8932883105397321,0.44940581612346703,-0.996073041372643,1.0,1.000122624156959,590066,0.8933183196933332,0.4494244982678855,0.9999999968694272,0.007606991377748363,4.0133245391282676e-05,1.2557867914882895e-07,0.1866900729356268,0.1866846696488903,0.8932886625594059,0.8933403729075754,0.4494190484179133,0.45310296856241905,1.2557601455867398e-07
model.enc.8x8_block3.norm0,0.005500585249943117,0.0055008008770702325,0.8671849732769631,0.8672189675877443,0.8671509802987324,0.49800568803430173,0.4989734167295977,0.0,512,512,1.0,1.0,0.8672189675877443,0.4980056880343018,-1.0,1.0,1.0,512,0.8671781935774994,0.4979979721794186,0.999999994997543,0.0008979857208269782,1.2073327665785846e-05,0.0,0.005500631172447084,0.005500846385805101,0.8672198615719233,0.8671520052332841,0.49800397955132913,0.4989718473552861,0.0
model.enc.8x8_block3.norm1,0.005500794700922645,0.005500754921538977,0.8671897003106256,0.8671834291673314,0.8671959714992704,0.4979743337655602,0.49896794047897547,0.0,512,512,1.0,1.0,0.8671834291673314,0.49797433376556016,-1.0,1.0,1.0,512,0.8671887572584195,0.49797957840941615,0.9999999984212142,0.00015889899081923485,2.040352106226347e-05,0.0,0.00550084678075472,0.005500806696396759,0.8671854876817581,0.86719812608266,0.49797063780998274,0.49896444876771856,0.0
model.enc.8x8_down.affine,0.08788886315651642,0.0878478062448591,0.8945852210926667,0.8941673193805131,0.8950033181170816,0.44668862937644765,0.45080092004985484,0.0,131328,131328,1.0,1.0,0.8941673193805131,0.44668862937644765,-0.9911216159132411,1.0,1.0000306494621019,131328,0.8942993912973938,0.44746910379531324,0.9999999969998249,0.024913026575909304,3.451534999870694e-05,0.0,0.08788894157502095,0.08784789956101687,0.8941676186229782,0.8950033133352007,0.4466884105886483,0.4508006990236927,0.0
model.enc.8x8_down.conv0,0.18673389839404722,0.18673271678506967,0.889306188942988,0.8893005616188348,0.8893118163027497,0.45730936531676514,0.46043477014741274,0.0,590075,590080,0.9999915265726681,1.0,0.8893005616188349,0.4573001011464067,-0.9995095635115253,1.0,1.0,590073,0.8893061127348868,0.45731240719376065,0.9999999967013163,0.0026602774783397007,4.2976238789086936e-05,8.982609887087023e-08,0.18673312516487828,0.1867320100901962,0.8892982458919858,0.889308866855356,0.4573146476031453,0.46043957665787516,8.982816034171132e-08
model.enc.8x8_down.conv1,0.18673743350020902,0.1867374953901249,0.8931175442158824,0.8931178402195741,0.8931172482122889,0.44982350576262825,0.453462980386913,0.0,590075,590080,0.9999915265726681,1.0,0.893117840219574,0.44981408800440276,-0.9995095169039353,1.0,1.0,590070,0.8931243208737722,0.449809901624525,0.9999999968581839,0.0020667014445795596,3.5238642124313354e-05,8.982389629257903e-08,0.18673605465831786,0.18673618267704278,0.8931159283943191,0.8931147038268943,0.4498280889054671,0.4534671175781245,8.982559212287812e-08
model.enc.8x8_down.norm0,0.0055004589968168874,0.005500458986526366,0.9101565561162331,0.9101565544134688,0.9101565578189975,0.41426445987618454,0.4208883387831037,0.0,512,512,1.0,1.0,0.9101565544134688,0.41426445987618454,1.0,1.0,1.0,512,0.9101565546877525,0.4142644630826595,0.999999997579946,6.120461142928677e-08,1.9988383507396743e-06,0.0,0.005500864139066161,0.005500864139066658,0.9101566153365488,0.9101566153363845,0.4142643305418632,0.42088831595078635,0.0
model.enc.8x8_down.norm1,0.005500822968498548,0.005500822968498548,0.9101512063596613,0.9101512063596613,0.9101512063596613,0.41427621409158083,0.42089896165765117,0.0,512,512,1.0,1.0,0.9101512063596613,0.41427621409158083,1.0,1.0,1.0,512,0.9101512052649425,0.4142762128415002,0.9999999958036185,1.5322623653347308e-05,4.157907300768674e-06,0.0,0.005500862719871716,0.005500861894218461,0.9101578647633318,0.9101581379841013,0.4142612231660298,0.42088558578743096,0.0
model.enc.8x8_down.skip,0.0623560824771355,0.062356535562633174,0.8983436925912228,0.898350220045849,0.8983371651840253,0.43929649941162213,0.4437252882146656,0.0,65791,65792,0.9999848005836576,1.0000000000000002,0.898350220045849,0.4392791990867956,-0.9997701543944709,1.0,1.0,65791,0.89834983379539,0.43928074863153654,0.9999999968604671,0.00014471183268894569,8.483267996251039e-06,1.7968220792422602e-08,0.06235593203835325,0.062356389224918846,0.8983496689349048,0.8983364958856213,0.4392977761720137,0.44372650564630844,1.796810570083377e-08
model.map_layer0,0.06236698463050463,0.06235919279627235,0.3058105821988741,0.3057723756801994,0.30584879349148586,0.9519734236828453,1.089603712177921,0.0,66048,66048,1.0,1.0,0.3057723756801994,0.9519734236828453,-1.0,0.9999597684168788,1.0,66048,0.30591288932173677,0.9520595068128969,0.9999999699281035,0.005375553512782112,1.2579039420780167e-05,0.0,0.06236702151876614,0.062359224851827946,0.30577127177700764,0.30584773667228154,0.9519736969445308,1.0896042477991519,0.0
model.map_layer1,0.12435152036388555,0.12431780241707345,0.7432799277265154,0.7430783871824493,0.7434815229331737,0.6687991353979684,0.6753141801330114,0.0,262656,262656,1.0,1.0,0.7430783871824493,0.6687991353979684,-1.0,1.0,1.000061298924204,262656,0.7431669289347405,0.6691060574234095,0.999999991779124,0.02109674819366063,1.4485643953788762e-05,0.0,0.12435154300621824,0.12431782248079083,0.7430784578870409,0.7434816244454605,0.6687990259172988,0.6753139977698313,0.0
