layer,update_reference_l2,update_probe_l2,update_cosine,s_K_star_layer,c_K_star_layer,R_opt_layer,layer_residual_with_global_c_star,support_atol,support_coordinate_count,coordinate_count,support_coordinate_coverage,support_energy_coverage,h_update_weighted_mean,h_update_weighted_std,h_update_p05,h_update_p50,h_update_p95,h_moment_coordinate_count,h_moment_weighted_mean,h_moment_weighted_std,h_moment_p50,h_update_minus_moment_weighted_rmse,h_update_minus_moment_eps_weighted_rmse,off_support_candidate_energy_exact,predicted_reference_l2,predicted_probe_l2,s_K_star_predicted_layer,c_K_star_predicted_layer,R_pred_layer,predicted_layer_residual_with_global_c_star,predicted_off_support_candidate_energy_exact
model.dec.16x16_block0.affine,0.08764886807649425,0.08763614980092807,0.8225211097643529,0.8224017579648083,0.8226404788849354,0.5686520551782065,0.5703516928879742,0.0,131328,131328,1.0,1.0,0.8224017579648083,0.5686520551782065,-0.9998161135131185,1.0,1.00024534609133,131328,0.8226452406709718,0.5685550179320062,0.9999999945608328,0.03385065082715744,6.050975971125053e-05,0.0,0.08764898314586081,0.08763626851709264,0.8224023222639619,0.8226409745694847,0.5686513125628193,0.5703508832106223,0.0
model.dec.16x16_block0.conv0,0.26399415409135474,0.26398778558410596,0.8697278777657861,0.8697068967394711,0.8697488592982526,0.49351967236407607,0.4935493061700807,0.0,1179894,1179904,0.9999915247342157,1.0,0.8697068967394711,0.49351124538590235,-0.9995093830491844,1.0,1.000122639195487,1179882,0.8697269697040195,0.4935331784738924,0.9999999961372681,0.006864703189969065,5.5858388319174125e-05,1.7622677926294293e-07,0.2639957719750776,0.263989646557716,0.8697094125666325,0.8697497732020625,0.4935171048820826,0.4935462929073438,1.7622960074026163e-07
model.dec.16x16_block0.conv1,0.18668654414117225,0.1866813415973176,0.8673094767142208,0.8672853067044919,0.8673336473975336,0.49775542382268245,0.4977724354470444,0.0,590075,590080,0.9999915265726681,1.0,0.8672853067044919,0.49774691167420443,-0.9995093228655545,1.0,1.0001686030471169,590068,0.8673103986071925,0.4977676891153157,0.9999999959844037,0.007205105948514773,6.426829286751171e-05,8.978177035569742e-08,0.18668867040063244,0.18668365045929464,0.8672895698847503,0.8673362135119697,0.497749961271406,0.49776649525541783,8.977820860462084e-08
model.dec.16x16_block0.norm0,0.007779075199132378,0.007779091526344055,0.8300780430901904,0.8300797853101294,0.830076300873908,0.5576484087214154,0.5587753900966391,0.0,1024,1024,1.0,1.0,0.8300797853101294,0.5576484087214155,-1.0,1.0,1.0,1024,0.8300817167180364,0.5576417694468714,0.9999999935428114,8.107320093506527e-05,2.618022902654752e-05,0.0,0.007779354529139033,0.007779365317968425,0.8300892727427708,0.8300869703222089,0.5576330092340445,0.5587597318879942,0.0
model.dec.16x16_block0.norm1,0.005500924503297902,0.00550091134721105,0.8125140442464475,0.8125121010266616,0.8125159874708807,0.5829402220325829,0.5853504708087155,0.0,512,512,1.0,1.0,0.8125121010266616,0.5829402220325829,-1.0,1.0,1.0,512,0.8125087416211431,0.5829490025192047,0.9999999905182857,0.0001763861826272747,5.728773820560876e-05,0.0,0.005500811020694172,0.0055008167130501965,0.8125208403181847,0.8125191586931648,0.5829339188039766,0.5853419235421591,0.0
model.dec.16x16_block0.skip,0.08809676279746939,0.08809665689760525,0.8606955318599823,0.8606944972301389,0.8606965664910694,0.5091194145460195,0.5091433085770902,0.0,131326,131328,0.9999847709551657,1.0,0.8606944972301389,0.5091044584591538,-0.999984676208281,1.0,1.0000076618958595,131325,0.8607012877549058,0.5091102958835796,0.999999996061598,0.0009282594886840956,1.3011341355694685e-05,3.593038020121937e-08,0.08809696418243693,0.08809687069272737,0.8606952339512731,0.8606970607174115,0.5091184457738623,0.5091422623698523,3.593011575491793e-08
model.dec.16x16_block1.affine,0.0876837141508566,0.08765531965869361,0.8356033448458547,0.8353327526058206,0.8358740247397732,0.5491553879730835,0.5501345904806865,0.0,131328,131328,1.0,1.0,0.8353327526058206,0.5491553879730835,-0.9999386954389407,1.0,1.0001532942943863,131328,0.8355572093645302,0.549403449647537,0.9999999951284125,0.03218040327698721,4.8474784300105374e-05,0.0,0.08768383942308512,0.08765541014099901,0.8353329045735177,0.8358748395396021,0.5491544353856749,0.5501338059732286,0.0
model.dec.16x16_block1.conv0,0.2639913435495145,0.2639846514828823,0.859251324028993,0.8592295423787433,0.8592731062314123,0.5115407070892075,0.5115923722743221,0.0,1179887,1179904,0.9999855920481666,1.0,0.8592295423787434,0.5115266373720667,-0.9996322177271055,1.0,1.0001532942943863,1179870,0.8592452529000779,0.5115638721824727,0.9999999957659186,0.0068575622401575555,5.684987238053815e-05,3.049647335677909e-07,0.26399297043445197,0.2639865060080233,0.8592319757946585,0.8592740575660675,0.5115383056429816,0.5115895168105364,3.0495244901690977e-07
model.dec.16x16_block1.conv1,0.18667828223028338,0.1866725870361378,0.8599198081798846,0.8598935736859803,0.8599460434741768,0.5104135839922626,0.5104600873333528,0.0,590076,590080,0.9999932212581345,1.0,0.8598935736859802,0.51040697512161,-0.9995095635115253,1.0,1.0002452182442374,590071,0.8599072151303271,0.5104503710421487,0.999999995782205,0.007986428591277552,6.790330963064736e-05,7.147347708802032e-08,0.1866807503042337,0.18667518089130594,0.8598983256646834,0.8599496361845923,0.5104068990810999,0.5104530178239746,7.147841275428797e-08
model.dec.16x16_block1.norm0,0.007779171546540496,0.007779211997066524,0.837906477176613,0.8379108341647012,0.8379021202111804,0.545816666763369,0.5465144192558383,0.0,1024,1024,1.0,1.0,0.8379108341647012,0.545816666763369,-1.0,1.0,1.0,1024,0.8379155470675824,0.5457999039463336,0.9999999959856115,0.00013324919035347734,2.614215317511452e-05,0.0,0.00777933210252971,0.0077793675038378635,0.8379067346172973,0.8378991085662055,0.5458217707992027,0.5465200166218157,0.0
model.dec.16x16_block1.norm1,0.005501193828781084,0.005501175395782135,0.8906253609208775,0.8906223766783926,0.890628345173362,0.45473627600716676,0.45542793556019695,0.0,512,512,1.0,1.0,0.8906223766783926,0.4547362760071667,-0.9998651630301545,1.0,1.0,512,0.8906295574400732,0.4547295845446714,0.9999999991564009,0.0001201653390814881,5.185567089078389e-05,0.0,0.005500831310678675,0.005500832256922641,0.890631719138159,0.8906314127282274,0.45472572491750624,0.4554159806421728,0.0
model.dec.16x16_block1.skip,0.08809769089304989,0.08809700142687991,0.8523823814122754,0.8523757105357757,0.852389052340983,0.522914903058041,0.5230849778128204,0.0,131328,131328,1.0,1.0,0.8523757105357757,0.522914903058041,-0.9999923381041405,1.0,1.0000047887683845,131327,0.8523811141851332,0.5229210612627835,0.9999999956747547,0.0009123554871613191,1.2673033939898852e-05,0.0,0.0880978281460967,0.08809715269900532,0.8523760579785588,0.8523891284835314,0.5229146410457812,0.5230846280804593,0.0
model.dec.16x16_block2.affine,0.08770338992427594,0.08770266090770111,0.8190850032185923,0.8190781947412454,0.8190918117525338,0.5736674004818991,0.5755515030847789,0.0,131328,131328,1.0,1.0,0.8190781947412454,0.573667400481899,-0.9999693514772588,1.0,1.0003065791894046,131328,0.8190743119662417,0.5736874338216321,0.9999999943822342,0.030364655896587527,3.3882303259055344e-05,0.0,0.08770350248225646,0.08770276633165203,0.8190783962784423,0.819092146530852,0.5736669709541393,0.5755510853325684,0.0
model.dec.16x16_block2.conv0,0.26399038917769885,0.2639817221942323,0.8467045407550314,0.8466767428708788,0.8467323395518374,0.5320458935123741,0.5323965517449558,0.0,1179892,1179904,0.9999898296810588,1.0,0.8466767428708788,0.532036336870451,-0.9997547817557626,1.0,1.0001839418743677,1179875,0.8466929003529787,0.5320818851062983,0.9999999953532741,0.006992157081160867,5.7580387277896304e-05,2.154454841514438e-07,0.26399206008686127,0.2639836094840555,0.8466792423090699,0.8467334507087214,0.5320434568941983,0.5323936380089064,2.1545047959991567e-07
model.dec.16x16_block2.conv1,0.1866764018607558,0.18666944928535553,0.8507311068623377,0.8506994222353208,0.8507627926694605,0.525581588719656,0.525809556777692,0.0,590072,590080,0.999986442516269,1.0,0.8506994222353208,0.5255686896155134,-0.999729600398719,1.0,1.0002452182442374,590063,0.8507114718409123,0.5256329438447094,0.9999999954314723,0.00833284384066198,6.947441841283803e-05,1.4364279927083105e-07,0.18667891126795272,0.18667203738185115,0.8507041492048346,0.8507668018782035,0.5255747405770479,0.5258023736258687,1.4364648071200598e-07
model.dec.16x16_block2.norm0,0.007779218675815432,0.007779216944005157,0.8613299744277017,0.8613297826783548,0.8613301661770912,0.5080458249323085,0.5080635923504441,0.0,1024,1024,1.0,1.0,0.8613297826783548,0.5080458249323085,-1.0,1.0,1.0,1024,0.8613292569724215,0.5080471547961944,0.9999999948393874,2.5811919911240997e-05,2.0650012184093365e-05,0.0,0.00777937347428044,0.007779376094376431,0.8613311808171279,0.8613306006240721,0.5080445556770173,0.5080620344289044,0.0
model.dec.16x16_block2.norm1,0.005501447719904489,0.0055014219624731795,0.7851566436031934,0.7851529675492991,0.7851603196742988,0.6192943191218272,0.6244949882161419,0.0,512,512,1.0,1.0,0.7851529675492991,0.6192943191218272,-1.0,1.0,1.0,512,0.7851471186418456,0.6193092955674524,0.9999999929194818,6.857610300334593e-05,5.8525173638966154e-05,0.0,0.005500846134760262,0.005500831177787987,0.785161928219332,0.7851661979963085,0.6192861280699663,0.6244849092846596,0.0
model.dec.16x16_block2.skip,0.08809793582190505,0.08809670510587642,0.8478861704979741,0.8478743256449619,0.8478980155164594,0.5301709048813813,0.5304725968238959,0.0,131328,131328,1.0,1.0,0.8478743256449619,0.5301709048813813,-1.0,1.0,1.0000043098377303,131326,0.8478861704688275,0.5301783116524436,0.9999999954774301,0.0009658217160549949,1.2617689423344271e-05,0.0,0.08809804947969341,0.08809683246756007,0.84787449369273,0.8478979197489199,0.5301709295625274,0.5304725387104883,0.0
model.dec.16x16_block3.affine,0.08772273141408135,0.08772677898957719,0.8179562940149699,0.8179940349721763,0.8179185547990719,0.5753069111252576,0.5772503352684524,0.0,131328,131328,1.0,1.0,0.8179940349721763,0.5753069111252576,-0.9999820898984939,1.0,1.0003066167903354,131328,0.8179852099285169,0.5752392512389863,0.9999999941436484,0.031438794333964015,4.582897926675569e-05,0.0,0.08772286094354075,0.08772686912460569,0.8179941340429474,0.8179193885577397,0.5753059895184678,0.5772495947597235,0.0
model.dec.16x16_block3.conv0,0.26398769634176145,0.2639812675456247,0.8498471547660817,0.8498264587481191,0.8498678512880594,0.5270163994922247,0.5272629516771751,0.0,1179893,1179904,0.9999906772076372,1.0,0.8498264587481191,0.5270075854260401,-0.9997547817557626,1.0,1.0001839475136427,1179876,0.8498545862763279,0.5270172502870297,0.9999999954210538,0.007292276008158566,5.697518393015848e-05,1.9682253984985164e-07,0.26398926000018536,0.26398303203276974,0.8498287444067515,0.8498688437125426,0.5270141575382715,0.5272602773907585,1.9681842758144259e-07
model.dec.16x16_block3.conv1,0.1866752445339447,0.18666775234607785,0.8551866018793274,0.8551522790707595,0.8552209260654922,0.5182994418847933,0.518423455521756,0.0,590073,590080,0.9999881372017354,1.0,0.8551522790707596,0.518287997344981,-0.9995096476800909,1.0,1.0002452182442374,590068,0.8551577751345664,0.5183678033680634,0.9999999957180038,0.008294588798354973,7.068804859737432e-05,1.2567774871984056e-07,0.1866775577884307,0.18667014972143453,0.8551567567409324,0.8552246324485384,0.5182929243771939,0.5184166292484734,1.2568409395274101e-07
model.dec.16x16_block3.norm0,0.007779127766605381,0.007779137574026493,0.8652339027594903,0.8652349935904291,0.8652328119299268,0.5013690530325877,0.5013685313721277,0.0,1024,1024,1.0,1.0,0.8652349935904291,0.5013690530325877,-1.0,1.0,1.0,1024,0.8652345647167442,0.501367279255889,0.999999995695305,4.703720288567394e-05,3.1398024172971025e-05,0.0,0.007779374334988186,0.007779373887536378,0.8652363833764374,0.8652364829092793,0.501364025281275,0.5013641620571287,0.0
model.dec.16x16_block3.norm1,0.005501506048421331,0.005501530407196817,0.8749961885847534,0.8750000627667539,0.8749923144199062,0.4841319504943853,0.484221575393622,0.0,512,512,1.0,1.0,0.8750000627667539,0.4841319504943853,-1.0,1.0,1.0,512,0.8750030557672509,0.4841174008639034,0.9999999989283325,6.868250051995987e-05,4.4464630598859615e-05,0.0,0.005500836151472566,0.0055008514462162655,0.8750074538626723,0.8750025880718879,0.4841151893630988,0.4842058167407762,0.0
model.dec.16x16_block3.skip,0.08809792388170273,0.08809765796473597,0.8503912315774582,0.8503886647353932,0.8503937984272711,0.5261492963493091,0.5263695800607876,0.0,131327,131328,0.9999923854775828,1.0,0.8503886647353933,0.5261420602069753,-1.0,1.0,1.0000038309479298,131326,0.850394418610529,0.5261457331765409,0.9999999953257035,0.0006542661905275229,1.1619426017459857e-05,1.796615367945259e-08,0.0880979809844406,0.08809773096573482,0.8503886040245818,0.8503934307858969,0.5261497374603091,0.5263699336151155,1.796622793408206e-08
model.dec.16x16_block4.affine,0.08773676579294341,0.08775816092672693,0.8471001205659,0.8473066909841704,0.8468936005087776,0.5315629246019287,0.5317614113508816,0.0,131328,131328,1.0,1.0,0.8473066909841704,0.5315629246019287,-0.9999310406388999,1.0,1.0001840132367248,131328,0.8474346663270488,0.5308996949730096,0.9999999951738558,0.02776817868090129,7.735973429266559e-05,0.0,0.08773686922939573,0.0877582482451519,0.8473068358996302,0.8468940569281629,0.5315623473813251,0.5317609123444262,0.0
model.dec.16x16_block4.conv0,0.26398836121365354,0.2639804498330454,0.8556738627054046,0.855648219296077,0.8556995068832541,0.5174999404536977,0.5176094804399566,0.0,1179895,1179904,0.9999923722607941,1.0,0.8556482192960769,0.5174925731356793,-0.9997546614327772,1.0,1.0001590207694784,1179883,0.8556569311831446,0.5175434436305084,0.9999999956379753,0.007513072650765922,5.4534625849108774e-05,1.6154623617024536e-07,0.26398963724553987,0.26398191453647196,0.8556501045468052,0.8557001688361678,0.5174982046118691,0.5176073604223016,1.6154492982075795e-07
model.dec.16x16_block4.conv1,0.1866814387984652,0.18667720746982563,0.8541067967492872,0.8540874375319297,0.8541261564054515,0.5200858751084425,0.5202234464340452,0.0,590074,590080,0.9999898318872017,1.0,0.8540874375319297,0.5200760969726208,-0.9996934396076027,1.0,1.0002452182442374,590073,0.8541009974921144,0.5201071872161713,0.9999999956607197,0.007412870398925417,6.891217485606843e-05,1.0775563111755103e-07,0.18668332391270354,0.1866792075778818,0.8540910996373269,0.854128766003511,0.5200810459479983,0.5202182383007342,1.0775478891178875e-07
model.dec.16x16_block4.norm0,0.00777921304876586,0.007779200019967592,0.9062530079713973,0.9062514901587925,0.9062545257865441,0.42273500794645263,0.42468938099670794,0.0,1024,1024,1.0,1.0,0.9062514901587925,0.42273500794645263,0.9999479007048728,1.0,1.0,1024,0.9062530448341263,0.4227356374087238,0.9999999973942758,3.859593119575836e-05,1.1766231653446026e-05,0.0,0.007779385620635194,0.007779373436727842,0.9062503200403608,0.9062531587467613,0.42273777341512586,0.42469196791670094,0.0
model.dec.16x16_block4.norm1,0.0055014349944114945,0.005501444609084503,0.8554790459738782,0.8554805410658498,0.8554775508845196,0.5178383330668992,0.5179356818955203,0.0,512,512,1.0,1.0,0.8554805410658498,0.5178383330668992,-1.0,1.0,1.0,512,0.8554804763249997,0.5178350616114167,0.999999996170897,0.0001177640163109914,6.667972015037318e-05,0.0,0.005500828546316579,0.0055008417495976125,0.8554756201200842,0.855471513449873,0.5178477226519937,0.5179448474504975,0.0
model.dec.16x16_block4.norm2,0.0055008821793639685,0.005500902304933275,0.8203134952302367,0.8203164964354186,0.8203104940360351,0.5719162201795734,0.5737018453053981,0.0,512,512,1.0,1.0,0.8203164964354186,0.5719162201795734,-1.0,1.0,1.0,512,0.8203130918093097,0.5719147049295223,0.9999999943295614,7.615678818453302e-05,4.915169319972911e-06,0.0,0.005500844353704697,0.0055008653236706725,0.8203154809888891,0.8203092267165428,0.5719179451076905,0.5737035692503002,0.0
model.dec.16x16_block4.proj,0.06235092524364856,0.062349061699974784,0.8539271255207936,0.8539016033575473,0.8539526484468689,0.5203770524357493,0.5205221574636794,0.0,65792,65792,1.0,1.0,0.8539016033575473,0.5203770524357493,-0.9999616892071297,1.0,1.0000306485227413,65790,0.85392292077805,0.5203995051329636,0.999999995274288,0.0033416043008218407,6.102286907691044e-05,0.0,0.062350871213893155,0.0623490626987071,0.8539003677305856,0.8539499054176868,0.5203807759010731,0.5205254799457127,0.0
model.dec.16x16_block4.qkv,0.10798578823594929,0.10798646651911899,0.8424876494499514,0.842492941305506,0.8424823576276357,0.5387190421197195,0.5392099798399045,0.0,197375,197376,0.9999949335278858,0.9999999999999999,0.8424929413055062,0.5387143384425228,-0.9999693510075857,1.0,1.0000613008030406,197375,0.8424946670706405,0.5387046832721174,0.9999999950594323,0.00631333165380425,4.4689999421387295e-05,1.796560305603985e-08,0.10798582584353295,0.1079865258045968,0.8424924177294283,0.8424814958116542,0.5387202335663457,0.5392110945731348,1.7965118092465723e-08
model.dec.16x16_block4.skip,0.08809706295503228,0.08809817025119758,0.8585449284763346,0.8585557195682865,0.8585341375200146,0.5127447851021805,0.512786552289997,0.0,131324,131328,0.9999695419103314,1.0,0.8585557195682865,0.512715082153113,-0.9999923380454354,1.0,1.0000009577342306,131324,0.8585580823657968,0.5127163140366929,0.9999999953614443,0.0007669834308479533,1.1526982091457385e-05,7.186571602370066e-08,0.08809703337687752,0.08809815906902492,0.8585554090891508,0.8585334684965731,0.5127457122398927,0.5127873799717783,7.18662345402404e-08
model.dec.16x16_up.affine,0.08764487093341254,0.08757625958872733,0.8619527768894903,0.8612780113447676,0.8626280710771534,0.5065916826398311,0.5069970669191082,0.0,131328,131328,1.0,1.0,0.8612780113447676,0.5065916826398311,-0.9992642550582465,1.0,1.0001839531532637,131328,0.8616857061315897,0.507442355327965,0.999999995705517,0.03246883263708043,4.475028339404329e-05,0.0,0.08764499545073438,0.08757635476981569,0.8612778835623106,0.862628519098575,0.5065912418764084,0.5069967918539281,0.0
model.dec.16x16_up.conv0,0.18669363105330297,0.1866879276001324,0.869289932373661,0.8692633757397095,0.869316489818937,0.4942874517222053,0.4943167829853163,0.0,590069,590080,0.9999813584598698,1.0,0.8692633757397094,0.49426862919190945,-0.9995095635115253,1.0,1.0001226316757619,590056,0.8692771539959903,0.4943250241780462,0.9999999961262286,0.006338538181650028,5.620349916447692e-05,1.97160077499372e-07,0.18669453069774286,0.18668895854898884,0.8692651337862933,0.8693170248778171,0.49428578311633703,0.4943147715623735,1.971551267049618e-07
model.dec.16x16_up.conv1,0.1866800113300042,0.18667288272273577,0.8696749279399846,0.8696417183265487,0.869708138821619,0.49360602784916463,0.4936422583188455,0.0,590071,590080,0.9999847478308026,1.0000000000000002,0.8696417183265486,0.49359066485542724,-0.9993254585731519,1.0,1.0002146449159819,590063,0.8696828007349672,0.4936110067047192,0.9999999960015391,0.007628689970649225,5.850323160732068e-05,1.6067778671174164e-07,0.18668177941642303,0.18667476638177877,0.8696451309286402,0.8697104741575193,0.49360127034821366,0.4936372155675163,1.6067313534090012e-07
model.dec.16x16_up.norm0,0.005500594589786026,0.005500605196642912,0.878908511388985,0.8789102061979085,0.8789068165833294,0.47699130607046414,0.4771769251506185,0.0,512,512,1.0,1.0,0.8789102061979085,0.4769913060704641,-1.0,1.0,1.0,512,0.8789100124967263,0.47698761752947577,0.9999999940365267,3.22911887888798e-05,1.9525804080327166e-05,0.0,0.005500841953745723,0.005500852430250719,0.87891395603384,0.8789106082117346,0.4769843466484543,0.47717008886496043,0.0
model.dec.16x16_up.norm1,0.0055013225588658055,0.005501301511151463,0.8437730773270854,0.8437698491043242,0.8437763055621976,0.5366980434870313,0.5371422184228621,0.0,512,512,1.0,1.0,0.8437698491043242,0.5366980434870313,-1.0,1.0,1.0,512,0.843762181563138,0.5367172303716982,0.9999999981302095,0.000174027480739156,5.478550967634331e-05,0.0,0.00550082556829357,0.005500802436557519,0.8437698859257241,0.8437769823097704,0.5366972790545919,0.5371416257634399,0.0
model.dec.16x16_up.skip,0.06235617942170671,0.06235516044555627,0.8676352382464688,0.8676210600267118,0.8676494166979193,0.4971931355336877,0.4972056270676531,0.0,65792,65792,1.0,1.0,0.8676210600267118,0.4971931355336877,-0.9999885071562107,1.0,1.0000009577354805,65790,0.8676473437131939,0.49718013520369464,0.9999999960510741,0.00018442773379250118,3.872781984090957e-06,0.0,0.062356246750535256,0.06235522481468425,0.8676213176617309,0.8676497566769987,0.497192590522726,0.4972051075242926,0.0
model.dec.32x32_aux_conv,0.020215806794936744,0.020215737427883868,0.8921217583423013,0.892118697180419,0.8921248195146878,0.45179350094703247,0.45257502877565653,0.0,6915,6915,1.0,1.0,0.892118697180419,0.45179350094703247,-0.9999387067116151,1.0,1.0,6915,0.892121600753412,0.4517953628037231,0.9999999972407327,0.0002481358199944005,5.358804804328272e-06,0.0,0.02021579016597091,0.020215722583755594,0.8921190645487609,0.8921250293598861,0.4517929709477841,0.45257447871189765,0.0
model.dec.32x32_aux_norm,0.005500958227503722,0.005500956599231465,0.8984323186307228,0.898432052696615,0.8984325845649096,0.43911189313382465,0.4403403322540172,0.0,512,512,1.0,1.0,0.898432052696615,0.4391118931338246,0.09993430130274217,1.0,1.0,512,0.898432358617666,0.43911193547047844,0.9999999915691291,5.698503652925034e-06,3.6972652996835642e-06,0.0,0.005500862903108023,0.005500861966079908,0.8984383895526146,0.8984386956363183,0.43909921372519867,0.4403280978130645,0.0
model.dec.32x32_block0.affine,0.08763365126308094,0.08765626192306335,0.8725053020654131,0.8727304201614128,0.8722802420379258,0.4887307102888846,0.48865080356743,0.0,131328,131328,1.0,1.0,0.8727304201614128,0.4887307102888846,-0.9996321388062904,1.0,1.0004599533913896,131328,0.8727753006112303,0.4881221923514949,0.999999996178289,0.03196577286342125,3.612660498028228e-05,0.0,0.08763373366627056,0.08765635209598639,0.8727307401525523,0.872280407651759,0.48873031983975423,0.4886503738515349,0.0
model.dec.32x32_block0.conv0,0.2639425653671263,0.2639324295536811,0.8658767667287004,0.8658435156865207,0.865910019047822,0.5002381479294101,0.5002574771743136,0.0,1179890,1179904,0.9999881346279019,1.0,0.8658435156865207,0.5002262890068818,-0.9992643452672879,1.0,1.0002452783909737,1179876,0.8658873332048372,0.5002390689520891,0.9999999958969801,0.009345445739326892,5.516328587861661e-05,2.512733401804679e-07,0.26394429219018,0.2639341527499721,0.8658453596073367,0.8659118864724248,0.5002349293771079,0.5002542666121038,2.5128092123255746e-07
model.dec.32x32_block0.conv1,0.18661603508486851,0.1866032397135203,0.855904579215849,0.8558458939216045,0.8559632685341403,0.5170983273023853,0.5172229142384701,0.0,590073,590080,0.9999881372017354,1.0000000000000002,0.8558458939216043,0.5170868836376096,-0.9992641648270787,1.0,1.0004906771344455,590062,0.8558948941427355,0.5171498139954126,0.9999999955766172,0.011318061557382875,8.619517113173314e-05,1.2529739006660596e-07,0.1866174916676285,0.1866045265915326,0.8558473020219217,0.8559662328010743,0.5170942392975346,0.5172192393971131,1.2530197903473528e-07
model.dec.32x32_block0.norm0,0.007779423885921124,0.0077794434952576505,0.8828239470370053,0.8828261723421339,0.882821721737486,0.4697052168838998,0.47002090855348766,0.0,1024,1024,1.0,1.0,0.8828261723421339,0.4697052168838999,-1.0,1.0,1.0,1024,0.882828424558043,0.4696956196715374,0.9999999971657996,7.173777009927537e-05,3.37305486600345e-05,0.0,0.007779356143100383,0.007779364999603362,0.8828216215406784,0.8828196114260043,0.4697108274949609,0.47002708981456076,0.0
model.dec.32x32_block0.norm1,0.005501253448872251,0.005501281594174279,0.8281415594080094,0.8281457963141121,0.8281373225235831,0.5605218750385914,0.5617672528282905,0.0,512,512,1.0,1.0,0.8281457963141121,0.5605218750385914,-1.0,1.0,1.0,512,0.828151659006724,0.5605040844040562,0.9999999929047406,8.378931619313399e-05,5.309405826551744e-05,0.0,0.005500807818646877,0.00550082874985815,0.8281392467119623,0.8281329444163098,0.560529212710288,0.5617755885838103,0.0
model.dec.32x32_block0.skip,0.08809489729541031,0.08809482611367672,0.857719200449002,0.8577185074016009,0.857719893496963,0.5141180273414226,0.5141783035810993,0.0,131325,131328,0.9999771564327485,1.0,0.8577185074016009,0.5140958100026282,-0.9999841013514487,1.0,1.0000118282485648,131322,0.8577476589013142,0.5140709616515499,0.9999999955543193,0.00239410100095296,1.3623903636800593e-05,5.389613813545766e-08,0.08809508659660939,0.08809501473221817,0.8577191521930679,0.8577205515796289,0.5141169365457198,0.5141772051907115,5.389574791576558e-08
model.dec.32x32_block1.affine,0.08767646002374099,0.08769118563353426,0.8625840184414616,0.8627288928543432,0.8624391683567273,0.5059988078925803,0.5059235009967552,0.0,131327,131328,0.9999923854775828,1.0,0.8627288928543432,0.5059986621079756,-0.9997010965132469,1.0,1.0002452783909737,131327,0.8627243548276903,0.5056744874392219,0.9999999956706233,0.03176033668119037,3.0949013591294456e-05,3.447765838381384e-10,0.08767650201347661,0.0876912191226109,0.8627289433569375,0.8624393861882906,0.5059985299835654,0.5059232702005148,0.0
model.dec.32x32_block1.conv0,0.26394785431667195,0.2639396133839777,0.8622413701325894,0.8622144493867632,0.8622682917189565,0.5064817870380237,0.5065083326668726,0.0,1179883,1179904,0.9999822019418529,1.0,0.8622144493867632,0.5064642422038704,-0.9995089011663597,1.0,1.0002452783909737,1179865,0.862233798690557,0.5065104898905104,0.9999999958093041,0.009466209027805154,5.3538549341079775e-05,3.764025039751869e-07,0.26394928972820436,0.26394104630720516,0.8622159599339462,0.8622698183257498,0.5064791972563886,0.5065057369043517,3.7641633220281157e-07
model.dec.32x32_block1.conv1,0.18660358083040654,0.18658767336093196,0.8443798317256044,0.8443078505431514,0.8444518190447888,0.5356993242342087,0.5361608104495915,0.0,590077,590080,0.9999949159436009,1.0,0.8443078505431514,0.5356945875671122,-0.9995093228655545,1.0,1.0004906771344455,590069,0.8443357535849174,0.5358144596076005,0.9999999952492319,0.012709852645267044,9.188557763697549e-05,5.372082109437283e-08,0.18660464128876691,0.18658854259115457,0.8443085710113831,0.8444542697188389,0.535696276803531,0.5361582118778508,5.3719901832008746e-08
model.dec.32x32_block1.norm0,0.007779359637351245,0.0077793605956642765,0.8671911899759288,0.8671912968022817,0.867191083149589,0.4979754021270882,0.49797799378112195,0.0,1024,1024,1.0,1.0,0.8671912968022817,0.4979754021270882,-1.0,1.0,1.0,1024,0.8671905449931765,0.49797646179876903,0.9999999949869707,3.6016288883482174e-05,2.2785533154607315e-05,0.0,0.007779373055331229,0.0077793763402706564,0.8671902219930595,0.8671894896292748,0.4979778744134101,0.4979803122792339,0.0
model.dec.32x32_block1.norm1,0.005501343959083862,0.005501323919446142,0.8476736497745058,0.8476705619703305,0.8476767375899289,0.5305161006241066,0.5308195473212785,0.0,512,512,1.0,1.0,0.8476705619703305,0.5305161006241066,-1.0,1.0,1.0,512,0.8476665451985157,0.5305293919324704,0.9999999947743925,6.541086879821334e-05,3.887548160912172e-05,0.0,0.005500835051210841,0.00550082679197554,0.8476614148038938,0.8476639602540964,0.5305347518801643,0.5308374810526086,0.0
model.dec.32x32_block1.skip,0.08809579970187538,0.08809565515315493,0.8385995647635017,0.8385981887785573,0.8386009407507039,0.5447474608975332,0.5454153090496369,0.0,131326,131328,0.9999847709551657,0.9999999999999999,0.8385981887785574,0.5447334923378097,-1.0,1.0,1.0000114932400592,131325,0.8386024050894311,0.5447439820032752,0.9999999948576082,0.0015718625725177058,1.4242489421412016e-05,3.590561204944249e-08,0.08809595691370063,0.08809581712376773,0.8385987458735111,0.8386014072428988,0.5447467024576648,0.5454144937701235,3.590489864453506e-08
model.dec.32x32_block2.affine,0.08767254746681913,0.08764553201520815,0.8117022627312891,0.8114521444920576,0.8119524580658046,0.5838914551530142,0.5865253893426143,0.0,131328,131328,1.0,1.0,0.8114521444920576,0.5838914551530142,-0.9999731818722097,1.0,1.0001839249586169,131328,0.8117392748358284,0.5840199911310333,0.9999999941931237,0.036749540872478066,4.6891701062977936e-05,0.0,0.08767258272430704,0.0876455581250811,0.8114522816490737,0.8119527645939771,0.583891086113922,0.5865250439071724,0.0
model.dec.32x32_block2.conv0,0.2639529451892213,0.2639420296551046,0.8417483308000855,0.8417135210630091,0.8417831419767462,0.5398477952051479,0.5403936575866298,0.0,1179890,1179904,0.9999881346279019,1.0,0.8417135210630091,0.5398368821689706,-0.9997547817557626,1.0,1.0002452783909737,1179864,0.841737446814557,0.539887090462474,0.9999999950981123,0.009120140289135945,5.301379620632267e-05,2.495607118957021e-07,0.2639541374032003,0.263943260057152,0.8417149647523027,0.8417843418873697,0.5398458125757815,0.5403915412194122,2.4956889617154704e-07
model.dec.32x32_block2.conv1,0.18658338493288634,0.18657333368040332,0.8335011510590522,0.8334562503273114,0.8335460542097273,0.5524879560976601,0.5534446410779351,0.0,590078,590080,0.9999966106290672,1.0,0.8334562503273114,0.5524848843388825,-0.9996321275291232,1.0,1.0004907975460122,590074,0.8334893999473894,0.5525354469934505,0.9999999949071836,0.013759064256298043,9.649775931850634e-05,3.592239674499982e-08,0.18658411359886845,0.1865739459608615,0.8334569571259355,0.833547800673255,0.5524857612734083,0.5534426852973546,3.592366143235446e-08
model.dec.32x32_block2.norm0,0.007779410968501241,0.0077793682179740755,0.8242321796129827,0.8242276501749148,0.8242367090759413,0.5662488764072556,0.5677581975313453,0.0,1024,1024,1.0,1.0,0.8242276501749148,0.5662488764072556,-1.0,1.0,1.0,1024,0.8242258478767509,0.5662612025634614,0.9999999935686379,0.00011642325090147139,2.6498147126712292e-05,0.0,0.0077793726875708,0.007779335443497244,0.8242270422555734,0.8242349343554309,0.5662510112604909,0.5677600503902456,0.0
model.dec.32x32_block2.norm1,0.005501256792482591,0.005501289321116828,0.8398599668537818,0.8398649329003967,0.8398550008365306,0.5428063378509277,0.5434117018972222,0.0,512,512,1.0,1.0,0.8398649329003967,0.5428063378509277,-1.0,1.0,1.0,512,0.8398625933206058,0.5427990540349397,0.9999999887435987,0.00012407280097756547,6.259807337068045e-05,0.0,0.005500814480345849,0.005500834294972632,0.8398582888447571,0.8398522383267156,0.5428123606953913,0.5434190936321667,0.0
model.dec.32x32_block2.skip,0.0880961160956876,0.08809601771125807,0.8221413798030057,0.8221404616477653,0.8221422979592715,0.5692827309454004,0.5709370620309715,0.0,131326,131328,0.9999847709551657,1.0,0.8221404616477653,0.5692693549931516,-1.0,1.0,1.0000076620719776,131325,0.8221442109192086,0.5692792780684327,0.9999999946093887,0.0013006244207894426,1.7920504583701866e-05,3.59312061120797e-08,0.08809618116060712,0.08809609142958902,0.822140623405895,0.8221422982033018,0.569282669885518,0.5709369374143719,3.593266665653167e-08
model.dec.32x32_block3.affine,0.08771595760491861,0.08772966108803476,0.8261783688063075,0.826307439064867,0.8260493187086841,0.5634966653554782,0.5647931707629479,0.0,131328,131328,1.0,1.0,0.826307439064867,0.5634966653554782,-1.0,1.0,1.0001226504768037,131328,0.8263426618094303,0.5631676528091939,0.9999999946482279,0.03217308604858001,2.9704167203104442e-05,0.0,0.08771598956563226,0.08772968516508228,0.8263075189717579,0.8260495471474558,0.5634963885555206,0.5647929213645723,0.0
model.dec.32x32_block3.conv0,0.26396011584226203,0.26395138561566145,0.8281718270898781,0.8281444361043437,0.8281992189813728,0.5604557484490577,0.5617184146617036,0.0,1179895,1179904,0.9999923722607941,1.0,0.8281444361043437,0.5604489507713093,-0.9999077910185092,1.0,1.000245248313918,1179878,0.8281592638563657,0.560492848871894,0.9999999946674516,0.008449889849932892,5.152454756870227e-05,1.6139368638681784e-07,0.26396090518873766,0.26395218039344265,0.8281453014400532,0.8282000501269905,0.5604545066923166,0.5617171015752066,1.6138941365447473e-07
model.dec.32x32_block3.conv1,0.1865609397683948,0.18654909588112012,0.8378423998444736,0.8377892091232538,0.8378955939427395,0.5458775269227841,0.546612883058032,0.0,590073,590080,0.9999881372017354,1.0,0.8377892091232537,0.5458668171437207,-0.9996319695761516,1.0,1.000491038546526,590069,0.837812081385683,0.545958712801047,0.9999999949105935,0.015225494647759397,0.00010946187311669204,1.237153426555865e-07,0.1865616069756846,0.18654972889799518,0.837790101284358,0.837896792972223,0.5458758223789069,0.5466112139377033,1.2373205406063713e-07
model.dec.32x32_block3.norm0,0.007779428911142131,0.007779446600043456,0.8359472190876827,0.8359491198683234,0.8359453183113638,0.5488110937342342,0.5496085977982683,0.0,1024,1024,1.0,1.0,0.8359491198683234,0.5488110937342343,-1.0,1.0,1.0,1024,0.8359508808057196,0.5488042640781727,0.9999999923246438,6.221145400070939e-05,1.2250698510677855e-05,0.0,0.007779368685635421,0.007779382505173762,0.8359449226542409,0.8359419526594782,0.5488165806174243,0.5496145239943612,0.0
model.dec.32x32_block3.norm1,0.005501601953990268,0.005501589332517053,0.8125183438739764,0.8125164798389918,0.8125202079132373,0.5829342859234635,0.5853441205179831,0.0,512,512,1.0,1.0,0.8125164798389918,0.5829342859234635,-1.0,1.0,1.0,512,0.8125068105226385,0.5829516966219114,0.9999999948663977,0.0001498814622006446,9.703523221949383e-05,0.0,0.005500801333844135,0.00550080036366086,0.8125111907646656,0.8125114773719901,0.5829452908632952,0.5853546422780066,0.0
model.dec.32x32_block3.skip,0.08809610896412434,0.08809570991263124,0.835829746124985,0.8358259600428061,0.8358335322243137,0.548986252178674,0.5497932539881034,0.0,131328,131328,1.0,1.0,0.8358259600428061,0.548986252178674,-1.0,1.0,1.0000153240265413,131328,0.8358351841426735,0.5489804597096759,0.9999999951363221,0.002112773490489756,2.2998490123132644e-05,0.0,0.08809607887383665,0.08809569036625316,0.8358255294050446,0.8358329015085229,0.5489871258292296,0.549794089166159,0.0
model.dec.32x32_block4.affine,0.08778485871976836,0.0877858895510629,0.7472422101969529,0.7472509848383444,0.7472334356585983,0.6645595919078973,0.6750051144012991,0.0,131328,131328,1.0,1.0,0.7472509848383444,0.6645595919078973,-1.0000038322758509,1.0,1.000153275497379,131328,0.7472873553641584,0.6645010225219491,0.9999999920578864,0.029020154867029763,2.788748444135311e-05,0.0,0.08778489970774127,0.0877859211905885,0.7472511447726953,0.7472337547453269,0.6645592518171661,0.6750047720199613,0.0
model.dec.32x32_block4.conv0,0.22860177527090206,0.22859237013591263,0.7961913861775687,0.7961586292689422,0.7962241444339355,0.6050199622547103,0.6090050209873077,0.0,884977,884992,0.9999830506942435,1.0000000000000002,0.7961586292689421,0.60500597741347,-1.0,1.0,1.0002452783909737,884971,0.7961842218482698,0.6050542823614166,0.9999999934914444,0.00941575766202085,5.100374322946721e-05,2.688388796565666e-07,0.22860242493324442,0.22859306429335938,0.7961596768717244,0.7962248819700197,0.6050189055780252,0.6090037592352586,2.6883082584978764e-07
model.dec.32x32_block4.conv1,0.1863390996930834,0.18629894887345783,0.8640026035362267,0.8638164353474367,0.8641888118476552,0.5033788522264985,0.5034892210917336,0.0,590074,590080,0.9999898318872017,1.0,0.8638164353474369,0.503368738946659,-0.9978352280882901,1.0,1.0009819565484228,590068,0.8639016397499587,0.5036605569039897,0.9999999957480785,0.0243274810939814,0.00010663447434923091,1.0747346916957055e-07,0.18633938951242582,0.18629928044523172,0.8638171201439813,0.8641891090047273,0.503378122784615,0.5034883773793674,1.07467881209216e-07
model.dec.32x32_block4.norm0,0.006737169191501858,0.00673716758156523,0.7499997985308676,0.7499996193083912,0.7499999777533869,0.6614378981511365,0.6714578945640661,0.0,768,768,1.0,1.0,0.7499996193083912,0.6614378981511365,-1.0,1.0,1.0,768,0.7499993796993197,0.6614385297956746,0.99999999204358,1.1057548023319354e-05,8.157364795533221e-06,0.0,0.006737150865724779,0.006737148597331007,0.7500007653114298,0.750001270361104,0.6614364509413166,0.6714562894743299,0.0
model.dec.32x32_block4.norm1,0.005501802379429659,0.005501746801257982,0.8789236955337364,0.8789148168120609,0.8789325743451042,0.4769575885410123,0.477149672917686,0.0,512,512,1.0,1.0,0.8789148168120609,0.4769575885410122,-1.0,1.0,1.0,512,0.8789034482726085,0.4769997176182776,0.9999999971630309,0.00020541775445112405,7.397613556209592e-05,0.0,0.0055008158852017965,0.005500763576476843,0.878921195482485,0.8789379115129156,0.47694707640240197,0.4771390351122672,0.0
model.dec.32x32_block4.skip,0.07624468644461134,0.07623620574832178,0.8512354391155535,0.8511407561997113,0.8513301325641478,0.5247256097359019,0.5249769805145291,0.0,98559,98560,0.9999898538961038,1.0,0.8511407561997113,0.524715921672575,-0.9999387067116151,1.0,1.0002452783909737,98558,0.8512075376899274,0.5248292364625913,0.999999995220771,0.017163093666705948,7.108249037700474e-05,1.7967805600317803e-08,0.07624446460709632,0.07623600825321657,0.8511397113884511,0.8513285444072068,0.5247279122480495,0.5249791553299948,1.7966793622358472e-08
model.dec.32x32_up.affine,0.08771023836012871,0.08770864069894165,0.8722814673158275,0.872265578518002,0.8722973564030762,0.48899522536191553,0.489050464619067,0.0,131328,131328,1.0,1.0,0.872265578518002,0.4889952253619155,-0.9997547667218442,1.0,1.0002452182442374,131328,0.872261055739029,0.4890405412353592,0.999999996239218,0.03076205490043064,3.3521178882064705e-05,0.0,0.08771031221164165,0.0877087159085505,0.8722658074316303,0.8722975582846932,0.4889948487229804,0.4890500847095387,0.0
model.dec.32x32_up.conv0,0.1866875802080928,0.1866825929808661,0.8595654213883452,0.8595424587034795,0.8595883846866594,0.5110120681629464,0.5110606728215441,0.0,590075,590080,0.9999915265726681,1.0,0.8595424587034796,0.5110037749999246,-0.9996627282524712,1.0,1.0001839249586169,590065,0.8595641480308994,0.5110278617593057,0.9999999957779634,0.007445981983812302,5.691340138142374e-05,8.980268924425484e-08,0.1866886747625624,0.18668380357545897,0.8595445092503424,0.8595893664546028,0.511009835678992,0.5110581100162852,8.980410360425886e-08
model.dec.32x32_up.conv1,0.18663754030150054,0.18662906947721186,0.8621138977238076,0.8620747693933944,0.8621530278301995,0.5066915442751271,0.5067260322941839,0.0,590074,590080,0.9999898318872017,1.0,0.8620747693933944,0.5066817572217561,-0.9992488510480534,1.0,1.0002453987730062,590066,0.8621035413206841,0.506732162044829,0.9999999958439882,0.010554051509968496,7.15839767812335e-05,1.0502678652094868e-07,0.1866394143202704,0.18663080919529307,0.8620770559545655,0.862156554638182,0.5066862347572413,0.5067210625614983,1.0502181810084451e-07
model.dec.32x32_up.norm0,0.005500978752165271,0.00550098280516187,0.8710956260246181,0.8710962678281533,0.8710949842215558,0.49111380120204723,0.4911445659683842,0.0,512,512,1.0,1.0,0.8710962678281533,0.49111380120204723,-1.0,1.0,1.0,512,0.8710976793512407,0.4911098002124696,0.9999999976361736,3.012423639119028e-05,1.70797324739963e-05,0.0,0.005500852184785904,0.005500857302990262,0.871098244380588,0.8710966233762568,0.49111068967679267,0.49114137923496815,0.0
model.dec.32x32_up.norm1,0.00550129663665867,0.005501287915336862,0.8437492762513086,0.8437479386377512,0.8437506138669864,0.5367366629966653,0.5371806493634121,0.0,512,512,1.0,1.0,0.8437479386377512,0.5367366629966653,-1.0,1.0,1.0,512,0.8437475490798964,0.5367402235508817,0.9999999932414776,0.0001059865229187997,4.99966096781147e-05,0.0,0.005500813647092959,0.005500814173935756,0.8437569295876451,0.8437567679653014,0.5367256611376996,0.5371685021976634,0.0
model.dec.32x32_up.skip,0.062356002875989885,0.06235505823562862,0.8514664932003488,0.8514535942078116,0.8514793923882977,0.5244010667825271,0.5245981563235994,0.0,65792,65792,1.0,1.0,0.8514535942078116,0.5244010667825271,-0.9999961690520702,1.0,1.000001915470296,65790,0.8514803917209859,0.5243864438022534,0.9999999955428909,0.0002577309225363395,5.6553994427532685e-06,0.0,0.06235604560063953,0.062355100197407747,0.8514538292712283,0.851479648275661,0.5244006618076787,0.5245977480976077,0.0
model.dec.8x8_block0.affine,0.08719485244757802,0.08718135970771074,0.8468380785967319,0.8467070368484694,0.8469691406258459,0.5317684956034946,0.532175712678145,0.0,131328,131328,1.0,1.0,0.8467070368484694,0.5317684956034946,-0.9992641873869454,1.0,1.0015968382605873,131328,0.8470690489553389,0.5314828557017747,0.9999999949191609,0.03845578670019665,4.470130221382191e-05,0.0,0.08719489191072936,0.08718139976732478,0.846707246093402,0.8469693382276012,0.531768175427145,0.5321753782717382,0.0
model.dec.8x8_block0.conv0,0.26379276721419587,0.26376428300175647,0.8788139360631283,0.8787190421692816,0.8789088402046771,0.47711308678192327,0.47735109713342805,0.0,1179894,1179904,0.9999915247342157,0.9999999999999998,0.8787190421692818,0.4771042410228905,-0.9968043264503441,1.0,1.0004907975460122,1179883,0.8787579324852771,0.47726774040248504,0.9999999963632838,0.01563482663121973,5.029546185897223e-05,1.7856191263278447e-07,0.26379353253037163,0.2637650105590067,0.8787196357004546,0.8789096849515338,0.4771116943284698,0.4773497998039801,1.7855081443454594e-07
model.dec.8x8_block0.conv1,0.18659178015398578,0.18657819191421582,0.8805033416370365,0.8804392204280822,0.8805674675158526,0.4740054195067419,0.47427722823966223,0.0,590074,590080,0.9999898318872017,1.0000000000000002,0.8804392204280822,0.4739947233038814,-0.9970854313714307,1.0,1.0003679627131117,590066,0.8804729663333403,0.4740963567790676,0.9999999963758891,0.013458473151486848,3.905139006949003e-05,1.073256947101745e-07,0.1865920932405543,0.18657853327198257,0.8804398360084215,0.880567816115586,0.4740045959780465,0.4742763477536342,1.0732498455331253e-07
model.dec.8x8_block0.norm0,0.007776793236340333,0.007776345078546337,0.8690889180201051,0.8690388345267615,0.8691390043998057,0.49462738727274186,0.4946687987604289,0.0,1024,1024,1.0,1.0,0.8690388345267615,0.4946273872727418,-1.0,1.0,1.0,1024,0.8690912697375611,0.49465176259731514,0.9999999971068398,0.001847664434703089,4.576150519870043e-05,0.0,0.0077770618986079225,0.007776612429019396,0.8690364990141645,0.8691369583772158,0.4946311536773986,0.4946726337459984,0.0
model.dec.8x8_block0.norm1,0.0055011332654463065,0.005501093433241977,0.8945400036321246,0.8945335265121411,0.8945464807990073,0.44698466253790103,0.44792640284753754,0.0,512,512,1.0,1.0,0.8945335265121411,0.44698466253790103,-0.9990196078431373,1.0,1.0,512,0.8945327464521563,0.4470024188323456,0.9999999920111562,9.013238718459768e-05,7.664272844870973e-05,0.0,0.0055008127659028775,0.0055007804027855005,0.8945386190909856,0.8945491449223659,0.44697750762416877,0.44791883938175886,0.0
model.dec.8x8_block0.skip,0.0880965411527216,0.08809583026981291,0.8798250884298083,0.8798179888024015,0.879832188114505,0.4752937701255873,0.47551166820650526,0.0,131327,131328,0.9999923854775828,1.0,0.8798179888024015,0.47528575971146747,-0.9998927318142115,1.0,1.0000153240265413,131325,0.8798303758599294,0.47528781792477137,0.9999999964669977,0.001982788905275783,8.10892393080654e-06,1.796560305603985e-08,0.08809648295069716,0.08809577648814192,0.8798177784847542,0.8798318895087541,0.4752942650019373,0.4755121333581512,1.7965442868150366e-08
model.dec.8x8_block1.affine,0.08760069666640519,0.08761454150283433,0.8634279269698705,0.8635643872820843,0.8632914882210941,0.5045519434492334,0.5044773414686915,0.0,131328,131328,1.0,1.0,0.8635643872820843,0.5045519434492334,-0.9995708680725846,1.0,1.0004295486518462,131328,0.863707669402008,0.5039931161823906,0.999999995572951,0.03435548684716225,4.699473787526531e-05,0.0,0.08760082078179353,0.08761466785540815,0.8635648747861719,0.8632919318704475,0.5045511592423474,0.5044765421344236,0.0
model.dec.8x8_block1.conv0,0.2636684864156035,0.26363838491425035,0.8826208854885781,0.8825201217828355,0.882721660699242,0.47003182794933324,0.4703983805398752,0.0,1179894,1179904,0.9999915247342157,1.0,0.8825201217828353,0.4700230537070423,-0.9975469152459218,1.0,1.0003679627131117,1179887,0.8825998311381958,0.4701250240126349,0.9999999965258435,0.019865829554649723,4.4823022149983305e-05,1.7432510784427814e-07,0.2636688092640124,0.2636388277924143,0.882520450168245,0.8827211851398724,0.47003218007508263,0.4703985054423168,1.743190354272162e-07
model.dec.8x8_block1.conv1,0.18668012089268707,0.18667226558902705,0.8845666811403802,0.8845294595023467,0.8846039043447268,0.46639412425664356,0.4668021143041156,0.0,590076,590080,0.9999932212581345,1.0,0.8845294595023467,0.4663869305160405,-0.998373172487505,1.0,1.0001532825457164,590069,0.8845356982636787,0.4664725053991634,0.9999999964504712,0.007986549615110018,4.7425274887361755e-05,7.109045531986178e-08,0.18668056952683146,0.18667282844280716,0.8845303650652746,0.8846037272777395,0.466393718855564,0.46680142172379313,7.109001588557141e-08
model.dec.8x8_block1.norm0,0.00777871164231731,0.007778999442524444,0.9004716358945782,0.9005049519416622,0.9004383210800905,0.43493083332904575,0.4363107046945657,0.0,1024,1024,1.0,1.0,0.9005049519416622,0.43493083332904575,0.9983089976158271,1.0,1.0,1024,0.9005458396970535,0.4347610695911219,0.9999999974263604,0.0012456921571443742,1.2316032443124959e-05,0.0,0.007779060484143877,0.007779349607201143,0.9005046589910655,0.9004377249065728,0.43493182705650124,0.43631158372618783,0.0
model.dec.8x8_block1.norm1,0.0055008678192071175,0.005500848703917705,0.9179705379160337,0.917967348006172,0.9179737278369801,0.3966471959926783,0.4000958465434565,0.0,512,512,1.0,1.0,0.917967348006172,0.3966471959926782,1.0,1.0,1.0,512,0.9179736989795552,0.3966412498166388,0.9999999897561893,0.00013865237891139598,3.903763196996519e-05,0.0,0.005500838618175898,0.00550080626441708,0.9179665263706941,0.9179773246986156,0.39664303005084606,0.40009313175168265,0.0
model.dec.8x8_block1.skip,0.08809838541051902,0.08809667155620055,0.8814954588198186,0.8814783103239434,0.8815126076493048,0.4721833129959795,0.47246169568149915,0.0,131328,131328,1.0,1.0,0.8814783103239434,0.4721833129959795,-0.9999387038938351,1.0,1.0000076619545646,131325,0.8815052239637604,0.4721742687160552,0.9999999964973808,0.0017911449279426922,7.087813757263412e-06,0.0,0.08809834419771216,0.08809662807882307,0.88147802159604,0.8815123642456975,0.4721837975399877,0.4724621875403805,0.0
model.dec.8x8_block2.affine,0.08769855940776326,0.08769173452929972,0.8870424280724227,0.8869733966447175,0.8871114648727105,0.46165198545445535,0.4621903111452001,0.0,131328,131328,1.0,1.0,0.8869733966447175,0.46165198545445535,-0.9987739087788131,1.0,1.000245248313918,131328,0.8870697151479501,0.46163548461333614,0.9999999964204063,0.031411146396587104,0.00012312661535210509,0.0,0.08769869268649458,0.08769186093287004,0.8869737035623882,0.8871119107298457,0.4616512262266337,0.4621896145650543,0.0
model.dec.8x8_block2.conv0,0.26399580581829185,0.2639898388591471,0.8800577029677269,0.8800378114836849,0.8800775949013758,0.47485602651304787,0.4750884428320541,0.0,1179894,1179904,0.9999915247342157,1.0,0.8800378114836848,0.4748471139581824,-0.99920309810918,1.0,1.000122624156959,1179878,0.8800653558036344,0.4748525767091744,0.9999999965224602,0.0073246995553925545,5.03274920690443e-05,1.7933489517143632e-07,0.2639962378385024,0.263990463824109,0.8800382415819206,0.8800767384955578,0.4748567685893475,0.4750888151452578,1.793380132996187e-07
model.dec.8x8_block2.conv1,0.18669974749315374,0.18669631571127224,0.875438050702022,0.8754219590228358,0.8754541426769993,0.4833214576468966,0.4834314837349615,0.0,590077,590080,0.9999949159436009,1.0,0.8754219590228358,0.4833162053338693,-0.9994481439239816,1.0,1.000122616639078,590076,0.8754368924836274,0.48333243956088723,0.9999999962225192,0.006425234488531081,5.5637795116089935e-05,5.380001953470886e-08,0.18670069317664556,0.18669741560267894,0.8754235014179028,0.8754542387524772,0.48332037305454395,0.4834300045284927,5.3795913601609845e-08
model.dec.8x8_block2.norm0,0.0077788492925354984,0.007778552466864226,0.8769459037687329,0.8769124412286108,0.876979367585769,0.4805707604371142,0.48072460564802333,0.0,1024,1024,1.0,1.0,0.8769124412286108,0.4805707604371142,-1.0,1.0,1.0,1024,0.8769504419610791,0.4805808210678369,0.9999999974951115,0.001241480205614235,1.7624512457013943e-05,0.0,0.00777938626923071,0.007779087213519413,0.8769152063927943,0.8769826311521369,0.4805651237188697,0.48071918677023756,0.0
model.dec.8x8_block2.norm1,0.005500974545611838,0.005500982445764531,0.8632736165788087,0.8632748563579297,0.8632723768014682,0.5047369559048726,0.5047414404559529,0.0,512,512,1.0,1.0,0.8632748563579297,0.5047369559048724,-1.0,1.0,1.0,512,0.863274377885899,0.504734928786367,0.9999999992815161,2.422738976899021e-05,1.3420585858902317e-05,0.0,0.005500848177788005,0.005500856660385709,0.8632843454627138,0.8632816830089859,0.5047209357523846,0.5047253243462253,0.0
model.dec.8x8_block2.skip,0.0880982204552857,0.08809844292376898,0.8765562250844051,0.8765584385926108,0.8765540115817888,0.48130069000918757,0.48142489602322797,0.0,131327,131328,0.9999923854775828,1.0,0.8765584385926108,0.4812927798730432,-0.9999693514772588,1.0,1.0000038309479298,131327,0.8765581036045456,0.48129605364931194,0.9999999964497462,0.0006194387642876782,8.296457159553552e-06,1.796560305603985e-08,0.08809817500728183,0.08809840368107802,0.8765581369498698,0.8765535864561438,0.4813013857177775,0.4814255504558562,1.796555686296087e-08
model.dec.8x8_block3.affine,0.08769037301985075,0.08766139596163604,0.8939650425478203,0.8936696340988911,0.8942605486459795,0.4479886152898154,0.44905384961489214,0.0,131328,131328,1.0,1.0,0.8936696340988911,0.4479886152898154,-0.9892500491851471,1.0,1.0001226091221187,131328,0.8938379658549666,0.44839010971522375,0.9999999965167643,0.029886128755378997,8.27152420919829e-05,0.0,0.0876904810824357,0.08766150393639226,0.8936698190508393,0.8942607347835996,0.44798824501212586,0.4490534990764496,0.0
model.dec.8x8_block3.conv0,0.2640107262406916,0.2640030646813445,0.8765223457429102,0.8764969091704399,0.8765477830535684,0.4813472024419492,0.4814864268118013,0.0,1179898,1179904,0.9999949148405294,0.9999999999999998,0.8764969091704403,0.4813419212433759,-0.9994328002417848,1.0,1.0001226091221187,1179885,0.8765173308906381,0.4813703030216847,0.9999999963501837,0.005715597885990076,5.389239799097922e-05,1.0773141509533999e-07,0.2640116309267853,0.2640042064531549,0.8764981947550915,0.8765474941910801,0.4813467272636672,0.48148551564820047,1.0773656546938644e-07
model.dec.8x8_block3.conv1,0.18670019280119815,0.18669480503189612,0.8786736550799117,0.8786482984325815,0.878699012459002,0.47740910418700055,0.4776034809019454,0.0,590071,590080,0.9999847478308026,1.0000000000000002,0.8786482984325814,0.4773931402741685,-0.9992641648270787,1.0,1.000122616639078,590068,0.8786601070139666,0.47744781524382157,0.9999999963467981,0.0056039096932631715,5.8589271467683684e-05,1.615187594320655e-07,0.18670156359090026,0.18669635467911713,0.8786507892835878,0.878699819467439,0.4774065269057166,0.477600472749567,1.6151229511007385e-07
model.dec.8x8_block3.norm0,0.0077787205934688845,0.0077788278686485605,0.8593781953556587,0.8593900469126351,0.8593663439621232,0.5113475619971783,0.5113780880433618,0.0,1024,1024,1.0,1.0,0.8593900469126351,0.5113475619971782,-1.0,1.0,1.0,1024,0.8593806139488896,0.5113364397150498,0.9999999947118923,0.00033047362955982383,1.8472250498892102e-05,0.0,0.0077792772428991,0.007779379736227913,0.8593904379829851,0.8593677931939437,0.5113457006999927,0.5113765227681664,0.0
model.dec.8x8_block3.norm1,0.005501144461056585,0.005501149068510579,0.9023463239051683,0.9023470796604849,0.9023455681504847,0.43101209138277413,0.43257817969908263,0.0,512,512,1.0,1.0,0.9023470796604849,0.4310120913827742,0.9999724180202268,1.0,1.0,512,0.9023462450924005,0.4310118996585724,0.9999999992020794,2.184052118378856e-05,2.2607226910808782e-05,0.0,0.005500845828896535,0.005500850196228111,0.9023463780292443,0.9023449452164518,0.43101345911063244,0.43257951735742983,0.0
model.dec.8x8_block3.skip,0.08809862413879563,0.0880977515023452,0.8753788527536955,0.8753701819316217,0.8753875236616566,0.4834327608247588,0.4835373127524204,0.0,131328,131328,1.0,1.0,0.8753701819316217,0.4834327608247588,-0.9999693524165619,1.0,1.0000038309479298,131326,0.8753831515144177,0.48342976588116615,0.9999999965487107,0.0006681472501735377,8.383246054187427e-06,0.0,0.08809858926294063,0.08809772203459323,0.8753698664153032,0.8753871006702095,0.4834334591135928,0.4835379748673074,0.0
model.dec.8x8_block4.affine,0.08771851622610331,0.0877064101919606,0.8510568513886511,0.8509393970159193,0.8511743219735005,0.5250010872500843,0.5252706795939477,0.0,131328,131328,1.0,1.0,0.8509393970159193,0.5250010872500843,-0.9998773908778813,1.0,1.0002759551113019,131328,0.8512478853647604,0.5247637925415221,0.9999999957894041,0.02768826115152039,3.944690006627767e-05,0.0,0.08771864224844678,0.08770654362773507,0.8509399636600836,0.8511747445447276,0.5250003301469695,0.5252698636778217,0.0
model.dec.8x8_block4.conv0,0.26400808878097504,0.26400263462511986,0.8730643061529941,0.8730462694753327,0.8730823432032838,0.48759500990619276,0.4876630155350527,0.0,1179888,1179904,0.9999864395747451,1.0,0.8730462694753327,0.4875811051182156,-0.9995095635115253,1.0,1.0001226091221187,1179873,0.8730701762956099,0.48759457260405675,0.9999999962300685,0.005801765240121292,5.51063966473528e-05,2.8731781257113474e-07,0.26400912539348337,0.26400389816310255,0.8730477066463492,0.8730822793682468,0.48759419956576533,0.4876617869565066,2.873145266649338e-07
model.dec.8x8_block4.conv1,0.18669800854046517,0.1866928280007568,0.8731401404414655,0.87311591234603,0.8731643692092065,0.4874557496979097,0.4875284951134237,0.0,590074,590080,0.9999898318872017,1.0,0.8731159123460301,0.48744534124563493,-0.9995092626671574,1.0,1.000122624156959,590069,0.8731362220240722,0.4874762944793975,0.9999999961441738,0.006246504858028358,6.0691057159861295e-05,1.0752432898089412e-07,0.18669959862209726,0.1866946003449396,0.8731188781653386,0.8731656299037965,0.48745244053619585,0.48752473177418665,1.075275281476286e-07
model.dec.8x8_block4.norm0,0.007774915872158647,0.007778713072086158,0.8705490433261789,0.8709742117548238,0.8701240824446578,0.4923219914228574,0.4921027976080327,0.0,1023,1024,0.9990234375,1.0,0.8709742117548238,0.4913283664462494,-1.0,1.0,1.0,1023,0.8709734322986145,0.4913301096274426,0.9999999950701571,4.272695781711158e-05,1.7689926071716524e-05,1.796119837249991e-08,0.007775572441794988,0.007779367265214842,0.8709745604432094,0.8701250341513594,0.4923206696328488,0.4921016569417263,1.7962076957981442e-08
model.dec.8x8_block4.norm1,0.005501142470638657,0.005501142470638657,0.8515497089025332,0.8515497089025332,0.8515497089025332,0.5242738723873342,0.5244611881750878,0.0,512,512,1.0,1.0,0.8515497089025332,0.5242738723873342,-1.0,1.0,1.0,512,0.8515497062316245,0.5242738711866803,0.9999999916117429,4.3120155227654535e-08,1.1270566844153727e-05,0.0,0.005500850472003685,0.005500851387630144,0.8515666476851671,0.8515663641956364,0.5242466761495708,0.5244334667157156,0.0
model.dec.8x8_block4.skip,0.08809791507770275,0.08809704682954567,0.8731098207455026,0.8731012158200385,0.8731184257557735,0.48751877507423624,0.48758208055361085,0.0,131326,131328,0.9999847709551657,1.0,0.8731012158200385,0.4875031562625973,-0.9999693524165619,1.0,1.0000038309479298,131322,0.8731300197168212,0.4874874036453407,0.9999999961420389,0.0009612290937610645,8.050333423245567e-06,3.593141260647269e-08,0.0880978867031383,0.08809702421105778,0.8731009899272684,0.8731180857686385,0.48751931363923545,0.48758258363887,3.59310707246387e-08
model.dec.8x8_in0.affine,0.0875702416559378,0.08755561818190667,0.9195920651274909,0.9194385011949344,0.9197456547081809,0.392808970977115,0.3965916463634606,0.0,131328,131328,1.0,1.0,0.9194385011949344,0.392808970977115,0.9615758282093786,1.0,1.0003373265643858,131328,0.9197328397693929,0.3925449063491878,0.9999999975452333,0.032410177257805595,4.933114972533143e-05,0.0,0.08757034571817776,0.08755571721200947,0.9194386039340853,0.9197458628386583,0.39280858473759905,0.39659132884277554,0.0
model.dec.8x8_in0.conv0,0.1866297002982174,0.18661621245280444,0.8705597123951941,0.8704967964991455,0.8706226328385426,0.4920272261310799,0.4920887696793951,0.0,590074,590080,0.9999898318872017,0.9999999999999998,0.8704967964991457,0.4920169404573484,-0.9987736080451313,1.0,1.0002453686664212,590062,0.8705264625693159,0.49212160902366225,0.9999999962201505,0.011800303978932251,4.8288704558890304e-05,1.0717401753441785e-07,0.18663032290764717,0.1866168418591873,0.8704976453954699,0.8706234180180933,0.49202579876063596,0.4920873334311505,1.0717145280529196e-07
model.dec.8x8_in0.conv1,0.18666666287019154,0.18665419136734748,0.8720599530165021,0.8720016892750443,0.872118220650915,0.48936636083591467,0.48944291772501586,0.0,590077,590080,0.9999949159436009,1.0,0.8720016892750442,0.48936116562601106,-0.9990188864361049,1.0,1.000245248313918,590066,0.8720260461655894,0.48945947220436364,0.9999999962672308,0.008893147128781987,4.600863918836647e-05,5.3861579800119165e-08,0.18666729364026058,0.18665486726726196,0.8720028093803855,0.8721189187861194,0.4893648593848136,0.48944130870553004,5.3859727782789346e-08
model.dec.8x8_in0.norm0,0.005500922580376668,0.005500720733793709,0.8907081135864623,0.8906754306343729,0.8907407977378383,0.45455900845017744,0.4552722278856817,0.0,512,512,1.0,1.0,0.8906754306343729,0.4545590084501775,-0.9999387067116151,1.0,1.0,512,0.8906369606263056,0.4547150750656746,0.9999999955486937,0.000894588430610301,2.1250274636433005e-05,0.0,0.005500836898375006,0.005500628649523711,0.8906718270328328,0.8907392683773617,0.4545635078064235,0.4552771689064203,0.0
model.dec.8x8_in0.norm1,0.005500640447212469,0.00550067990052981,0.8593882784673654,0.8593944424256891,0.8593821145532524,0.511327231203007,0.5113609514056761,0.0,512,512,1.0,1.0,0.8593944424256891,0.511327231203007,-1.0,1.0,1.0,512,0.859391112140646,0.5113188055889404,0.9999999967729953,0.00015271649745946864,2.852832721497261e-05,0.0,0.005500796273478737,0.005500826471807058,0.8593851926303461,0.8593757569845938,0.5113394863870218,0.5113741414265414,0.0
model.dec.8x8_in0.norm2,0.00550086677332485,0.005500872455553663,0.8828167128018803,0.8828176247248133,0.8828158008798895,0.4697181148473479,0.4700342778388,0.0,512,512,1.0,1.0,0.8828176247248133,0.4697181148473479,-0.9999923381467012,1.0,1.0,512,0.8828188393269252,0.4697136262946906,0.9999999914725654,1.9644138121041595e-05,5.3170313856892204e-06,0.0,0.005500852508145906,0.005500858335694073,0.8828172187493052,0.8828153482568017,0.46971893410940346,0.47003507154831964,0.0
model.dec.8x8_in0.proj,0.06233697981780134,0.06233489665581392,0.870259682131073,0.8702306000052737,0.8702887652287641,0.49257676398609396,0.49261586723100553,0.0,65792,65792,1.0,1.0,0.8702306000052737,0.49257676398609396,-0.9993869543894066,1.0,1.000122639195487,65792,0.8702418475983955,0.49262473175528365,0.9999999959771566,0.006899835068435259,2.7325231159035002e-05,0.0,0.06233696536371282,0.06233488731876721,0.8702305202196264,0.870288542568093,0.4925770715689545,0.49261613329190246,0.0
model.dec.8x8_in0.qkv,0.10785452604134324,0.10784739170170698,0.8766856291041357,0.8766276382783279,0.8767436237661629,0.4810319039125658,0.4811935575856929,0.0,197375,197376,0.9999949335278858,1.0,0.8766276382783279,0.48102666241056036,-0.9980380134886573,1.0,1.00036814333047,197369,0.8766768648374259,0.48107969677239865,0.9999999963410737,0.017548717999469297,3.421950384514531e-05,1.7832600287744374e-08,0.10785460997935066,0.10784748406221874,0.8766278735145281,0.8767437220020728,0.4810316376578229,0.48119325863246243,1.7831988834032997e-08
model.dec.8x8_in1.affine,0.08748792883074452,0.08747621461191435,0.8806423005518339,0.880524386723519,0.8807602301703655,0.47371830426581885,0.47402526732154754,0.0,131328,131328,1.0,1.0,0.880524386723519,0.47371830426581885,-0.9982211697947913,1.0,1.0004912797838368,131328,0.8806612871206303,0.4737464484529063,0.999999996438061,0.03171494036746004,4.34780770172435e-05,0.0,0.08748804499134523,0.08747630527372474,0.8805243641274008,0.880760720727142,0.47371773147503454,0.47402485176586745,0.0
model.dec.8x8_in1.conv0,0.1866139001893424,0.18660194823916137,0.8739706765385036,0.8739147018550795,0.874026654807135,0.485947533346392,0.4860522988044324,0.0,590072,590080,0.999986442516269,0.9999999999999998,0.8739147018550797,0.4859336094944764,-0.9985279685966634,1.0,1.0003066355942598,590063,0.8739083371487425,0.48609075107495797,0.9999999962424962,0.012874466762603096,4.9404122302934697e-05,1.432653579433173e-07,0.18661450196860102,0.18660255740107792,0.8739155728505862,0.8740274563939227,0.485946048798748,0.4860508109163244,1.432736022544189e-07
model.dec.8x8_in1.conv1,0.1866461373355114,0.18664082918711225,0.8749890979662422,0.8749642135938895,0.8750139830463174,0.48412885316285026,0.4842348042927901,0.0,590074,590080,0.9999898318872017,1.0,0.8749642135938895,0.4841183475377741,-0.9988960441582336,1.0,1.0002452783909737,590068,0.8749789596538008,0.48416094465266046,0.999999996441221,0.01077031207338813,4.456862315577463e-05,1.0772755901857083e-07,0.18664649371950903,0.18664127509610492,0.8749651405978415,0.875014070582852,0.4841281686237092,0.48423389157822266,1.0773011104424804e-07
model.dec.8x8_in1.norm0,0.005500766661683952,0.005500701495667474,0.8671987532305191,0.8671884797737961,0.8672090268089502,0.4979562704268236,0.4979648815427276,0.0,512,512,1.0,1.0,0.8671884797737961,0.4979562704268236,-1.0,1.0,1.0,512,0.8671811795700701,0.4979927804266399,1.0000000015387929,0.00011786574076205902,2.856399729031375e-05,0.0,0.005500845276118094,0.005500783792874582,0.8671968840326819,0.867216269770124,0.49794297900599466,0.49795128089926816,0.0
model.dec.8x8_in1.norm1,0.005500739013510836,0.0055007403325609975,0.886730737475104,0.8867309501087737,0.8867305248414852,0.4622863849492138,0.46277052016613274,0.0,512,512,1.0,1.0,0.8867309501087737,0.46228638494921376,-0.9999662886913883,1.0,1.0,512,0.8867295126872143,0.46228861987927894,0.9999999932274763,3.490288595574911e-05,2.9054625747744863e-05,0.0,0.005500829585715447,0.0055008276006396776,0.886724285878641,0.8867249258605999,0.4622978683665676,0.4627820173264647,0.0
model.enc.16x16_block0.affine,0.0878470476090971,0.08782286594811042,0.8778634210381171,0.8776217715323236,0.8781051370810973,0.4787792412068864,0.47907511722845625,0.0,131328,131328,1.0,1.0,0.8776217715323236,0.4787792412068865,-0.9993256911665542,1.0,1.000122612880483,131328,0.8776844541340182,0.4792389784191339,0.9999999958847354,0.027451741006165098,3.393798448951206e-05,0.0,0.08784716980552891,0.08782298270776571,0.8776221748424184,0.8781056486608225,0.47877837349304275,0.47907429523868605,0.0
model.enc.16x16_block0.conv0,0.18672577041966093,0.1867233914073045,0.8709611270380198,0.870950030405356,0.8709722238120637,0.4913456658496334,0.49138167064353583,0.0,590076,590080,0.9999932212581345,1.0,0.870950030405356,0.49133877637367396,-0.9997548418730081,1.0,1.0000536394357131,590069,0.8709617866740327,0.4913507567547214,0.9999999961923111,0.003526372440649855,4.8763129192227656e-05,7.176115958491092e-08,0.18672527314612272,0.18672300085574028,0.8709482771114095,0.8709694749223534,0.4913499368247783,0.49138563160672216,7.176833086000338e-08
model.enc.16x16_block0.conv1,0.18673157641801696,0.1867304133982931,0.8727394453984748,0.8727340097179741,0.8727448811128309,0.48818325629450615,0.48823908300380836,0.0,590073,590080,0.9999881372017354,1.0,0.8727340097179741,0.4881711084895787,-0.9998161088635528,1.0,1.0000306485227413,590067,0.8727501789068417,0.4881671077034964,0.9999999960912536,0.0025705060207762654,4.206525033941495e-05,1.2572494869332775e-07,0.1867307921083162,0.18672967800650214,0.8727317993710756,0.8727422135161845,0.4881877443117596,0.4882434051088923,1.2572803875590759e-07
model.enc.16x16_block0.norm0,0.005500625506235818,0.00550062027449661,0.8671912035908588,0.86719037879044,0.8671920283920622,0.49797484344082527,0.497977973152404,0.0,512,512,1.0,1.0,0.86719037879044,0.4979748434408253,-1.0,1.0,1.0,512,0.8671903719295764,0.4979767658594399,0.9999999975096528,2.654137119791172e-05,1.3072769445545696e-05,0.0,0.005500861998825176,0.005500856313208186,0.8671877021529746,0.8671894947828492,0.49797933899169616,0.49798250183766873,0.0
model.enc.16x16_block0.norm1,0.005500793902694674,0.005500791186256507,0.863281619217144,0.863281192905746,0.8632820455287524,0.504722294259272,0.5047277092105753,0.0,512,512,1.0,1.0,0.863281192905746,0.5047222942592718,-1.0,1.0,1.0,512,0.8632807277857256,0.504724063459679,0.9999999940787259,1.084256335853858e-05,9.458841098205183e-06,0.0,0.00550086387604072,0.005500863032926289,0.8632820383075807,0.8632823029371836,0.504721523017014,0.5047267644373756,0.0
model.enc.16x16_block0.norm2,0.005500898585472835,0.005500898265208477,0.8867185773159766,0.8867185256908919,0.8867186289410642,0.46230957134352313,0.4627932757540038,0.0,512,512,1.0,1.0,0.8867185256908919,0.46230957134352313,-1.0,1.0,1.0,512,0.8867184951690059,0.4623097544581984,0.9999999942295,1.0567046344945987e-06,3.4309123484559825e-07,0.0,0.005500866431103576,0.005500866076109335,0.8867188591689098,0.8867189736163784,0.46230891806854496,0.46279264680315113,0.0
model.enc.16x16_block0.proj,0.06235452441766326,0.06235469826351837,0.8747589922408977,0.8747614310891841,0.8747565533994109,0.4845596090604294,0.48464541673515604,0.0,65791,65792,0.9999848005836576,1.0000000000000002,0.874761431089184,0.48454392897120774,-0.9998774059090352,1.0,1.0,65791,0.8747561759106526,0.48456334286514385,0.99999999652245,0.001425190145395744,3.05956412688481e-05,1.796119837249991e-08,0.06235415064890761,0.062354345773776215,0.8747601621673655,0.874754687418412,0.48456260410345137,0.484648212632356,1.796474385127748e-08
model.enc.16x16_block0.qkv,0.10799290259691335,0.10799188899498299,0.8737497184899803,0.8737415176325163,0.8737579194244167,0.4863712458745816,0.4864447991387242,0.0,197376,197376,1.0,1.0,0.8737415176325163,0.4863712458745816,-0.9998774059090352,1.0,1.0000153242613705,197375,0.8737551005211557,0.48636614227497155,0.9999999963048203,0.005178921841898945,2.8444182417204518e-05,0.0,0.10799270897878373,0.10799171798396572,0.8737411308903488,0.8737571668775899,0.4863723710078244,0.48644581151643995,0.0
model.enc.16x16_block1.affine,0.08783960712295989,0.08783701648278776,0.7789797060581662,0.7789567317281814,0.7790026810657495,0.6270306414118737,0.6329955062928875,0.0,131328,131328,1.0,1.0,0.7789567317281814,0.6270306414118737,-1.0,1.0,1.0001226091221187,131328,0.7790752559168794,0.6269304149510375,0.9999999927653036,0.026629337863676626,3.499059250927587e-05,0.0,0.08783977953089145,0.087837201826584,0.7789573320003293,0.7790030518340874,0.6270301306454483,0.6329948449489649,0.0
model.enc.16x16_block1.conv0,0.18672787030306182,0.18672647664313316,0.8674991556166364,0.8674926809601785,0.8675056303214187,0.4974349418364529,0.4974424376193505,0.0,590073,590080,0.9999881372017354,1.0000000000000002,0.8674926809601785,0.4974230184409818,-0.9998773908778813,1.0,1.0000306485227413,590066,0.8675058643369561,0.49742695461976133,0.9999999960532351,0.003610277205320531,4.795696982495611e-05,1.2573609675306728e-07,0.18672723773967148,0.18672592813434627,0.8674903746448744,0.8675025430031681,0.4974398687415665,0.4974471290105958,1.2573757575889692e-07
model.enc.16x16_block1.conv1,0.18673364027229272,0.18673217941620696,0.8692249139091168,0.8692181137819222,0.8692317140895107,0.4944130098600186,0.4944304697030781,0.0,590071,590080,0.9999847478308026,0.9999999999999998,0.8692181137819225,0.4943976085427677,-0.9998774059090352,1.0,1.0000153240265413,590060,0.8692362816403668,0.49439689165582884,0.9999999959736622,0.0021437601450074776,3.967025547051669e-05,1.6143465656912534e-07,0.186732730189075,0.18673133567756484,0.869216049790101,0.8692290324671431,0.4944173570317939,0.49443462208835676,1.6143735343748794e-07
model.enc.16x16_block1.norm0,0.0055006240972646095,0.005500623809145454,0.8671879335052318,0.8671878880824851,0.8671879789279809,0.49798098558511966,0.4979836545128039,0.0,512,512,1.0,1.0,0.8671878880824851,0.4979809855851197,-1.0,1.0,1.0,512,0.8671881781552047,0.49798058188630223,0.9999999942361355,4.13952055041995e-06,6.872298480165684e-06,0.0,0.005500862708876005,0.005500862895947331,0.8671885836599375,0.8671885246778768,0.49797994777414534,0.49798257582219463,0.0
model.enc.16x16_block1.norm1,0.005500831009162126,0.005500825742895783,0.8593783329044663,0.8593775101714678,0.8593791556382525,0.511339789470526,0.5113777006319745,0.0,512,512,1.0,1.0,0.8593775101714678,0.511339789470526,-1.0,1.0,1.0,512,0.8593784683394898,0.5113400527441593,0.9999999962589003,2.1670909124705673e-05,2.315238177511641e-06,0.0,0.005500864101764599,0.005500858088593696,0.8593745627466165,0.8593764415694678,0.511344477472025,0.5113824892295205,0.0
model.enc.16x16_block1.norm2,0.005500876571417886,0.005500876264656094,0.8203117049185782,0.820311659173089,0.8203117506640697,0.571916663765561,0.573704292808538,0.0,512,512,1.0,1.0,0.820311659173089,0.571916663765561,-1.0,1.0,1.0,512,0.820311690418166,0.5719167139959174,0.999999991466373,8.440834778793417e-07,5.176222226830246e-07,0.0,0.005500866293478308,0.005500866199584768,0.820312589761716,0.8203126177653249,0.5719153966634389,0.5737029307443613,0.0
model.enc.16x16_block1.proj,0.062354261952569705,0.06235430198916056,0.8783001495794076,0.8783007135207107,0.8782995856384667,0.4781099672614637,0.4782792096301531,0.0,65791,65792,0.9999848005836576,1.0,0.8783007135207108,0.4780940716118389,-0.9998774059090352,1.0,1.0,65791,0.8783088875270387,0.47809360831052083,0.9999999967238749,0.0015400798521397262,2.957931290117451e-05,1.796560305603985e-08,0.06235391773152471,0.06235397594007207,0.8782998797630717,0.8782982399466683,0.478112108449909,0.4782811779398522,1.7965498790087686e-08
model.enc.16x16_block1.qkv,0.1079974027420506,0.10799528906063147,0.8704583928851733,0.8704413566261111,0.8704754294776689,0.4922323657258817,0.4922664846778305,0.0,197376,197376,1.0,1.0,0.8704413566261111,0.4922323657258817,-0.9998774059090352,1.0,1.000003830955268,197373,0.8704514687995327,0.4922542435774179,0.9999999961747645,0.004326634673337269,3.205361166570627e-05,0.0,0.10799691912703017,0.10799482927873023,0.870440003071434,0.870473691816973,0.49223520742525445,0.49226920147661796,0.0
model.enc.16x16_block2.affine,0.0878144756970893,0.08782570925993331,0.8638987396085971,0.8640092528321313,0.8637882405205279,0.5037299623977677,0.5036686683182398,0.0,131328,131328,1.0,1.0,0.8640092528321313,0.5037299623977677,-0.9999386991969594,1.0,1.0001226091221187,131328,0.8640320896661056,0.5034367364375711,0.9999999955968167,0.02808461202388908,3.893366412661217e-05,0.0,0.08781464674413045,0.08782589944552273,0.8640098949777058,0.8637885064678259,0.5037292931921985,0.5036678882510947,0.0
model.enc.16x16_block2.conv0,0.18673271005890688,0.18672984415268404,0.8776809641038505,0.8776674937732593,0.8776944346411827,0.47923801532362065,0.4793988212924285,0.0,590075,590080,0.9999915265726681,1.0,0.8776674937732593,0.4792291758192628,-0.9997548118180704,1.0,1.0000153240265413,590068,0.8776808163528027,0.47924564115890705,0.9999999963352655,0.00236660091441513,4.664157032311865e-05,8.981039870612459e-08,0.1867320290122868,0.18672924072613495,0.8776650734399937,0.8776912846496754,0.47924331508024814,0.4794038435085364,8.980105965686688e-08
model.enc.16x16_block2.conv1,0.18673637816064453,0.1867350340465985,0.8743014745208336,0.8742951813662595,0.8743077677207057,0.48537978949047755,0.4854620030465803,0.0,590073,590080,0.9999881372017354,1.0,0.8742951813662594,0.485367569353069,-0.9998774021515923,1.0,1.000001915484972,590068,0.8743019579347083,0.48538241227478385,0.9999999961472881,0.0020781539297964023,3.654478674073815e-05,1.2575371616225364e-07,0.18673536410297653,0.18673410320866393,0.8742933941120026,0.8743052012245879,0.4853839268514993,0.4854658793241169,1.2574759821547866e-07
model.enc.16x16_block2.norm0,0.005500514357512198,0.005500572250663722,0.8906280660816394,0.8906374399805568,0.8906186922813817,0.4547372875652067,0.45542213337779397,0.0,512,512,1.0,1.0,0.8906374399805568,0.4547372875652067,-1.0,1.0,1.0,512,0.8906279303262274,0.4547327711075791,1.000000000684422,0.00022785160130644355,9.56825264643614e-06,0.0,0.0055008071546848525,0.0055008627004437755,0.8906337836293189,0.8906157971125274,0.45474350908405553,0.4554283855657896,0.0
model.enc.16x16_block2.norm1,0.005500811500240796,0.005500806890606863,0.8867182775129836,0.886717534450499,0.886719020576091,0.4623097858746808,0.46279386732718797,0.0,512,512,1.0,1.0,0.886717534450499,0.4623097858746808,-1.0,1.0,1.0,512,0.8867181324517263,0.4623104483231073,0.9999999977198244,1.2413919260111392e-05,9.986977886617382e-06,0.0,0.005500864112054481,0.005500861037533076,0.886718495347427,0.8867194865507089,0.4623085465108206,0.4627925269196038,0.0
model.enc.16x16_block2.norm2,0.005500867093790852,0.005500868344592402,0.8750003892651815,0.875000588225059,0.8750001903053493,0.48412232480137124,0.4842141372406094,0.0,512,512,1.0,1.0,0.875000588225059,0.4841223248013712,-1.0,1.0,1.0,512,0.8750005656659618,0.48412189416950524,0.9999999949049689,3.846145667573651e-06,5.964998304575248e-07,0.0,0.005500864946851009,0.005500866184150094,0.8750005805641538,0.8750001869398555,0.4841223335776183,0.48421414925892936,0.0
model.enc.16x16_block2.proj,0.062354815718981306,0.062353893654503605,0.8754398632016697,0.8754269177380207,0.8754528088567508,0.4833199118124925,0.48342817494106777,0.0,65792,65792,1.0,1.0,0.8754269177380207,0.4833199118124925,-0.9998774059090352,1.0,1.0000009577378997,65791,0.8754393710292722,0.48332795021291963,0.9999999962218832,0.00133430983843675,2.38532530900786e-05,0.0,0.06235469146480291,0.062353789115163184,0.875427010593908,0.8754523481708097,0.48332039772198115,0.4834285008544911,0.0
model.enc.16x16_block2.qkv,0.10799799945506475,0.10799725619424207,0.8803396309735718,0.8803335723246926,0.880345689664148,0.47434063408181265,0.4745741067328079,0.0,197374,197376,0.9999898670557718,1.0000000000000002,0.8803335723246923,0.47432995343156414,-0.9997548418730081,1.0,1.0000019154757993,197374,0.8803347252518342,0.47435300315294293,0.9999999963488087,0.002709477112926841,3.5208710891179445e-05,3.59273520519525e-08,0.10799742233224717,0.10799671432148393,0.8803320535029984,0.8803435961988314,0.47434414088803006,0.4745773954760875,3.592831132113129e-08
model.enc.16x16_block3.affine,0.08783275915327358,0.08780416106537683,0.8522928551562216,0.8520153511108005,0.852570449585572,0.5228945910705092,0.5232261963096825,0.0,131328,131328,1.0,1.0,0.8520153511108005,0.5228945910705092,-0.9998774059090352,1.0,1.0000613139581225,131328,0.8522160185303888,0.523190078540578,0.9999999957616559,0.028365599082933263,0.00039165890703666217,0.0,0.08783293486893849,0.08780435438276335,0.8520159975403441,0.8525707535035008,0.5228939221357384,0.5232254120176414,0.0
model.enc.16x16_block3.conv0,0.18673124476762548,0.18672937931656805,0.8785494132284288,0.8785406364919275,0.878558190052611,0.4776467000500786,0.4778281417697841,0.0,590076,590080,0.9999932212581345,1.0,0.8785406364919275,0.47763960899357016,-0.9997547817557626,1.0,1.0000153242613705,590072,0.8785486769094927,0.47765282604747084,0.9999999963432737,0.0029356594310202305,4.7223610378451706e-05,7.180573679292522e-08,0.18673062884352326,0.18672883847493227,0.87853825198002,0.8785550990278111,0.47765192761039765,0.47783309454023243,7.180836961584894e-08
model.enc.16x16_block3.conv1,0.18673596207317264,0.18673573363247586,0.876801941979498,0.8768008693567191,0.8768030146035891,0.4808511087916615,0.48098298740744067,0.0,590075,590080,0.9999915265726681,1.0,0.8768008693567193,0.4808422976282413,-0.9998773908778813,1.0,1.0000038310359887,590073,0.8768063618852372,0.4808436374393638,0.9999999962811351,0.0021122415604754394,3.449544036765392e-05,8.982691405868728e-08,0.18673531511284083,0.18673515628878498,0.8767994986486608,0.8768009901397603,0.4808543834774192,0.4809860373346456,8.982805104030527e-08
model.enc.16x16_block3.norm0,0.005500568083947346,0.005500567429229343,0.8476568387530667,0.8476567378587255,0.8476569396474201,0.5305448300643709,0.5308470618050828,0.0,512,512,1.0,1.0,0.8476567378587255,0.5305448300643708,-1.0,1.0,1.0,512,0.8476568549804614,0.5305448608768866,0.999999991569197,4.694900949919438e-06,9.966736947392417e-06,0.0,0.0055008637859965265,0.005500858452913676,0.8476564725574528,0.8476581161643286,0.5305436509223961,0.5308462904134743,0.0
model.enc.16x16_block3.norm1,0.005500657722023727,0.005500668257456571,0.8437553760507251,0.8437569920989417,0.8437537600056039,0.5367289529140543,0.5371709436352713,0.0,512,512,1.0,1.0,0.8437569920989417,0.5367289529140543,-1.0,1.0,1.0,512,0.8437591456162683,0.5367219966412967,0.9999999936991946,4.3513694651441344e-05,3.499438211191065e-05,0.0,0.005500860271690709,0.00550086350946577,0.8437518700285569,0.8437508767743328,0.5367345330908769,0.537177342184278,0.0
model.enc.16x16_block3.norm2,0.005500865911570206,0.005500863705152292,0.8203129937876524,0.8203126647570391,0.8203133228183977,0.5719146176064026,0.5737023246707711,0.0,512,512,1.0,1.0,0.8203126647570391,0.5719146176064026,-1.0,1.0,1.0,512,0.8203122833194839,0.5719158669387447,0.9999999955047059,6.11120977414924e-06,1.0084210785448376e-06,0.0,0.005500866029160416,0.0055008640246839565,0.8203130598940043,0.8203136577268213,0.5719141150397428,0.573701767864986,0.0
model.enc.16x16_block3.proj,0.06235331211680526,0.06235278621857549,0.871876567924308,0.8718692143719773,0.8718839215386603,0.4897215584065008,0.4897664454357845,0.0,65791,65792,0.9999848005836576,1.0,0.8718692143719773,0.48970603919151867,-0.9999080544317764,1.0,1.0000076620132705,65790,0.8718834457548815,0.4897134437776779,0.9999999962907817,0.0025081787099995776,2.2872267601474282e-05,1.796560305603985e-08,0.06235333758119304,0.0623528331110982,0.8718695596295573,0.8718836675337769,0.4897216454716279,0.4897663623638731,1.7965303063687848e-08
model.enc.16x16_block3.qkv,0.10799210823390278,0.107990597475864,0.8692227478591608,0.8692105878478849,0.8692349080405516,0.49441376914851465,0.4944343011947958,0.0,197372,197376,0.9999797341115434,1.0,0.8692105878478849,0.4943932703671707,-0.9998773908778813,1.0,1.0000306485227413,197368,0.8692411394056934,0.4943883512629547,0.9999999962855274,0.004422922245759078,3.479102324480132e-05,7.186282573094919e-08,0.10799187158340191,0.10799037167531987,0.8692095933435535,0.8692337388951944,0.49441572069077283,0.4944361951874448,7.185838418312073e-08
model.enc.16x16_down.affine,0.08792703206554231,0.08791771385464425,0.8310886033456305,0.8310005273728719,0.8311766886533736,0.556081092529684,0.5572020087671736,0.0,131328,131328,1.0,1.0,0.8310005273728719,0.556081092529684,-1.0,1.0,1.000061298924204,131328,0.8309867984216814,0.5562921363523204,0.9999999947554914,0.022562226210236444,2.8373846048317573e-05,0.0,0.08792714769453593,0.08791783416846682,0.8310007025329837,0.831176775037998,0.5560809268278315,0.5572018017720444,0.0
model.enc.16x16_down.conv0,0.1867264161848564,0.18672461847479807,0.8754923377401888,0.8754839089307376,0.8755007666307892,0.4832273484397619,0.4833341210768124,0.0,590073,590080,0.9999881372017354,1.0,0.8754839089307376,0.4832151012060477,-0.9997547817557626,1.0,1.0000306504015202,590065,0.875505328714075,0.48320846376588306,0.9999999962569646,0.003619195782360827,4.8066096649962925e-05,1.25460260618536e-07,0.1867259841113472,0.1867242676425576,0.8754821908376703,0.8754982867076115,0.48323136147786155,0.48333787446937,1.2545846776092886e-07
model.enc.16x16_down.conv1,0.18673043013385515,0.18672879817884452,0.8713096763643895,0.8713020614395423,0.8713172913557891,0.4907292925290574,0.4907672864837113,0.0,590076,590080,0.9999932212581345,1.0,0.8713020614395423,0.4907223900365406,-0.9998161088635528,1.0,1.0000306485227413,590075,0.871300009643815,0.49075074435952215,0.9999999961114376,0.0033738003762646606,4.1969856024679015e-05,7.181013150294722e-08,0.18672983233496018,0.1867282561908222,0.8713000939829273,0.8713148030618793,0.49073339477813405,0.4907712139754138,7.181083720607336e-08
model.enc.16x16_down.norm0,0.005500627353635421,0.005500625378006591,0.8593751876557477,0.8593748789988823,0.8593754963127239,0.5113453813394987,0.5113830305616118,0.0,512,512,1.0,1.0,0.8593748789988823,0.5113453813394987,-1.0,1.0,1.0,512,0.8593745195339668,0.5113466855545806,0.9999999958841235,1.116890300560314e-05,8.549837786613408e-06,0.0,0.005500864811113467,0.005500863058678586,0.8593753662982098,0.8593759138485092,0.5113446417545177,0.5113822639077704,0.0
model.enc.16x16_down.norm1,0.005500807777509607,0.005500808436057703,0.8554664552307616,0.8554665576458665,0.855466352815669,0.5178582896762539,0.5179566954706306,0.0,512,512,1.0,1.0,0.8554665576458665,0.5178582896762539,-1.0,1.0,1.0,512,0.855466197233663,0.5178586497786366,0.9999999956700036,8.128614194970917e-06,3.2051931225901123e-06,0.0,0.005500861685680869,0.005500861555199287,0.8554702505275474,0.8554702911114132,0.5178519122509061,0.5179503145980073,0.0
model.enc.16x16_down.skip,0.06235649648246151,0.06235639755834346,0.871996962128238,0.871995578767477,0.8719983454911933,0.48951050831994847,0.489553550067452,0.0,65792,65792,1.0,1.0,0.871995578767477,0.4895105083199484,-0.9999923381041405,1.0,1.0,65792,0.8719955858007892,0.4895137361833901,0.9999999961324065,0.00015412579140624795,9.686845878948905e-06,0.0,0.062356367884029894,0.06235627351117241,0.8719949350119592,0.8719975744485828,0.4895118041765772,0.48955480139635826,0.0
model.enc.32x32_block0.affine,0.08797265890231633,0.08797843870527026,0.8554899389189311,0.8555461446007615,0.855433736929571,0.5178534529753864,0.517918557434925,0.0,131328,131328,1.0,1.0,0.8555461446007615,0.5178534529753864,-0.9999387029545176,1.0,1.0000306501666603,131328,0.8555926986594604,0.5176496245965723,0.9999999952691825,0.0176547470929226,3.871628304948579e-05,0.0,0.0879727115712592,0.08797850087752879,0.8555463421658971,0.8554337497304764,0.5178533351184356,0.5179183813456893,0.0
model.enc.32x32_block0.conv0,0.13206411057618064,0.1320639586211107,0.8645102056186645,0.8645092108994469,0.8645112003390268,0.5026146864542177,0.5026163706988045,0.0,295163,295168,0.9999830604943626,1.0,0.8645092108994469,0.5025978390380766,-0.9998774059090352,1.0,1.0000306504015202,295160,0.8645075386218571,0.5026198518920347,0.9999999959418119,0.003915205670462079,4.248204967243394e-05,8.979279185243291e-08,0.13206386873290207,0.1320637566595929,0.8645079811305578,0.864509448426564,0.5026174025071863,0.5026189384153977,8.978759666930439e-08
model.enc.32x32_block0.conv1,0.18673205891887587,0.1867313342505664,0.8719093013326528,0.8719059176338756,0.8719126850445614,0.4896655074903463,0.48970854156658233,0.0,590073,590080,0.9999881372017354,1.0,0.8719059176338756,0.4896533990521414,-0.999877398393919,1.0,1.0000153244962071,590069,0.8719113300957275,0.48966379529132864,0.9999999962417535,0.0028776201054616646,3.6703631312564905e-05,1.2569867469617723e-07,0.18673170762773592,0.1867310354693369,0.8719047858487973,0.8719110628897646,0.48966809701901914,0.48971097361706556,1.2569943178989207e-07
model.enc.32x32_block0.norm0,0.003889716295101609,0.003889712716386104,0.8437647498897447,0.8437639735878851,0.8437655261923185,0.5367126948240277,0.5371557393360317,0.0,256,256,1.0,1.0,0.8437639735878851,0.5367126948240277,-1.0,1.0,1.0,256,0.8437629779917946,0.536715971145834,0.9999999947185771,1.5336536665878712e-05,6.6520899642943785e-06,0.0,0.003889699085453561,0.00388969560780613,0.843751409253561,0.8437529179943615,0.5367324950583563,0.5371760167669649,0.0
model.enc.32x32_block0.norm1,0.0055009048211544535,0.005500901531124032,0.8710929092888658,0.8710923882978171,0.8710934302802262,0.4911179643141255,0.4911493667737169,0.0,512,512,1.0,1.0,0.8710923882978171,0.4911179643141254,-1.0,1.0,1.0,512,0.8710920285943995,0.49111982069373206,0.9999999970627768,1.116850818164322e-05,9.470278733042328e-06,0.0,0.0055008650162701265,0.005500864922378609,0.8710941984922357,0.8710942282287804,0.49111593663428227,0.4911470641340436,0.0
model.enc.32x32_block0.skip,0.04417816111972919,0.04417821582339283,0.8920995290966667,0.892100633740032,0.8920984244546692,0.4518395022402151,0.4526173038893821,0.0,33024,33024,1.0,1.0,0.892100633740032,0.4518395022402151,-0.9999222306621682,1.0,1.0,33024,0.8921028623133088,0.45183236117444403,0.9999999970735782,0.0008393504939062771,1.4793769464692359e-05,0.0,0.044178012087041536,0.044178059895940994,0.8920996660228252,0.892097735187462,0.45184106747666475,0.45261890256225384,0.0
model.enc.32x32_block1.affine,0.0879055066247629,0.08790492979520749,0.881806613065639,0.8818008267146344,0.8818123994546136,0.47160807689603945,0.4718909332058877,0.0,131328,131328,1.0,1.0,0.8818008267146344,0.47160807689603945,-0.999661464457096,1.0,1.0000613026819924,131328,0.8819612745379374,0.4713218753555996,0.9999999963754516,0.02311382119306457,0.0003934648195101728,0.0,0.08790555035111132,0.08790498669145738,0.8818009137824592,0.8818122222920247,0.4716082317800855,0.4718910151161344,0.0
model.enc.32x32_block1.conv0,0.18672772139015534,0.18672654709453004,0.8805520578966506,0.8805465202698766,0.8805575955582499,0.47394646116960715,0.47418649395225676,0.0,590070,590080,0.9999830531453362,1.0,0.8805465202698766,0.4739285902228553,-0.9997547516860822,1.0,1.0000306485227413,590064,0.8805593472894776,0.47393589856640694,0.9999999964645008,0.003392163470459536,4.3088624025820856e-05,1.795547534851873e-07,0.18672724647844693,0.18672612781850523,0.8805454133979037,0.8805559639710124,0.47394914624468754,0.47418898856697106,1.7955105326849367e-07
model.enc.32x32_block1.conv1,0.18673225365092394,0.18673130736326335,0.8880478536014373,0.8880433533144786,0.888052353911202,0.45974870029658393,0.4603006187305237,0.0,590069,590080,0.9999813584598698,1.0,0.8880433533144786,0.459728427914072,-0.9995709206816231,1.0,1.0000153240265413,590062,0.8880557395348547,0.4597357972464609,0.9999999965985058,0.002760527611357862,3.616621955588976e-05,1.975900443531507e-07,0.1867318643694868,0.18673096005198564,0.8880422725348494,0.8880508739377789,0.4597512767589436,0.46030302219182856,1.97589040180092e-07
model.enc.32x32_block1.norm0,0.005500762965752429,0.0055007518131059705,0.8359475300622504,0.8359458352014978,0.8359492249264393,0.548808259475096,0.549607907417438,0.0,512,512,1.0,1.0,0.8359458352014978,0.548808259475096,-1.0,1.0,1.0,512,0.835943556694282,0.5488154302554823,1.0000000001559943,4.359393882828766e-05,3.548795958477689e-05,0.0,0.0055008642702612685,0.005500861626625539,0.8359383625135415,0.8359391659938703,0.5488224602796108,0.5496217785996418,0.0
model.enc.32x32_block1.norm1,0.005500918943922587,0.005500919664195225,0.8593767269106677,0.8593768394346928,0.8593766143866574,0.5113430450459104,0.5113804303509286,0.0,512,512,1.0,1.0,0.8593768394346928,0.5113430450459104,-1.0,1.0,1.0,512,0.8593767392886269,0.5113429558161271,0.9999999954602701,2.7311932840111757e-06,2.614958066470664e-06,0.0,0.005500864694713971,0.005500865053563503,0.8593753646713849,0.859375252548497,0.511345395076709,0.5113828289633751,0.0
model.enc.32x32_block2.affine,0.08793070737983553,0.08792952679323829,0.896388772906522,0.8963767376960391,0.8964008082785957,0.4432627794433935,0.44433990772541276,0.0,131328,131328,1.0,1.0,0.8963767376960391,0.4432627794433935,-0.9946631450842043,1.0,1.0000612970454823,131328,0.8964572590680002,0.44313020993940716,0.9999999971265322,0.02234940705767717,4.189983039486924e-05,0.0,0.08793078278338468,0.08792961183372469,0.8963767995472215,0.8964006736227589,0.4432629016393798,0.4443399796056548,0.0
model.enc.32x32_block2.conv0,0.18673105397182166,0.18673035143011765,0.884897734989221,0.8848944057220778,0.8849010642688901,0.4657836043688857,0.46618650426794783,0.0,590075,590080,0.9999915265726681,0.9999999999999998,0.8848944057220779,0.4657745079845883,-0.9996322177271055,1.0,1.0000153245549175,590071,0.884899613667001,0.4657817875309919,0.9999999965598512,0.002940370630951015,4.217639013559343e-05,8.98240241034491e-08,0.1867304161086475,0.18672976488824272,0.8848927993691676,0.8848989715105205,0.46578724612996875,0.46618993294977135,8.982013419037569e-08
model.enc.32x32_block2.conv1,0.18673506251565034,0.18673371122677387,0.8858940042438889,0.8858875935639794,0.8859004149701889,0.4638843593284912,0.46433319156175185,0.0,590074,590080,0.9999898318872017,1.0,0.8858875935639794,0.4638734333363239,-0.9997547817557626,1.0,1.0000076620719776,590069,0.8858937079715352,0.4638882818455533,0.9999999965734242,0.0023911130322657927,3.457027204774331e-05,1.0745531384226762e-07,0.18673460495636157,0.1867333240715959,0.8858866033209088,0.8858987567225763,0.4638870631212566,0.46433565054310333,1.0745219981988326e-07
model.enc.32x32_block2.norm0,0.0055007955540696514,0.005500796675662656,0.906245185334497,0.9062453701147257,0.9062450005543061,0.42275257177062947,0.4247051683397313,0.0,512,512,1.0,1.0,0.9062453701147257,0.42275257177062947,0.9999917156078479,1.0,1.0,512,0.9062454081639945,0.4227520150587563,1.0000000032944,5.4708416951421986e-06,4.8265396126342765e-06,0.0,0.005500863982148545,0.005500863957066128,0.906250358533735,0.9062503667982366,0.42274138493650054,0.4246946443210516,0.0
model.enc.32x32_block2.norm1,0.0055008931664511495,0.005500886869496547,0.8750069084882368,0.8750059068547542,0.875007910122866,0.4841098775492143,0.4842025067032242,0.0,512,512,1.0,1.0,0.8750059068547542,0.4841098775492143,-1.0,1.0,1.0,512,0.8750070514222422,0.4841101730763765,0.9999999967241546,1.3817456371311845e-05,1.3416370918195792e-05,0.0,0.005500864173806017,0.005500857006896718,0.8749992307842364,0.8750015108086763,0.4841216173538182,0.48421419818751604,0.0
model.enc.32x32_block3.affine,0.0879192229830697,0.08791076211867713,0.872018126101474,0.8719342078539909,0.8721020524255667,0.4894264780242778,0.4895172162481338,0.0,131328,131328,1.0,1.0,0.8719342078539909,0.4894264780242778,-0.9998161088635528,1.0,1.0000612970454823,131328,0.8720715800467812,0.48937833931195157,0.9999999960122231,0.02286375742125125,2.6231249753603314e-05,0.0,0.08791931224447927,0.08791085943660805,0.8719344723271616,0.8721021569329661,0.48942619426562106,0.48951689044325,0.0
model.enc.32x32_block3.conv0,0.18673142972141246,0.18673158658169273,0.8921132825584537,0.8921140319616995,0.8921125331558374,0.45181216676924063,0.45259102179003724,0.0,590074,590080,0.9999898318872017,1.0,0.8921140319616995,0.4518009171000668,-0.9991723808144666,1.0,1.0000153242613705,590071,0.8921194255521722,0.4517996573644198,0.9999999967502922,0.00246319313962487,4.175640435478162e-05,1.0775508281454221e-07,0.1867307676788248,0.1867309726126078,0.8921124853690746,0.8921105272162988,0.4518157903561735,0.45259441214834706,1.0776030548299668e-07
model.enc.32x32_block3.conv1,0.18673478953337888,0.18673486508688825,0.881294343652734,0.8812947002273209,0.8812939870782911,0.47256794279550046,0.47282942256670074,0.0,590071,590080,0.9999847478308026,1.0,0.881294700227321,0.47255180849071976,-0.9997548418730081,1.0,1.0000076619839176,590065,0.8813056693306182,0.4725466294586568,0.9999999963349578,0.002275575485610596,3.2793307215561126e-05,1.616472152560208e-07,0.18673436883574027,0.1867345116579632,0.8812937030970743,0.8812923549983593,0.47257056464123204,0.47283182233988624,1.6165414640258912e-07
model.enc.32x32_block3.norm0,0.005500755276926246,0.0055007553592458635,0.9374966821234654,0.9374966961532422,0.9374966680936889,0.3479942163773014,0.35535060523498335,0.0,512,512,1.0,1.0,0.9374966961532422,0.3479942163773014,1.0,1.0,1.0,512,0.9374966820062317,0.34799421604378933,0.9999999994295292,3.4133140271748794e-07,3.008636318261379e-06,0.0,0.00550086404517591,0.005500863626520417,0.9375001842190688,0.9375003269201584,0.34798455766710307,0.35534193890413945,0.0
model.enc.32x32_block3.norm1,0.0055008023164087845,0.005500802829012356,0.9101574837501086,0.9101575685650047,0.9101573989352203,0.41426246119816235,0.41665547576816636,0.0,512,512,1.0,1.0,0.9101575685650047,0.41426246119816235,1.0,1.0,1.0,512,0.9101577135870117,0.4142619138101942,0.9999999952735587,1.3561634425772335e-05,8.785381916859498e-06,0.0,0.005500863607871818,0.005500862384187975,0.9101570818728215,0.9101574868073794,0.41426276855483396,0.41665593091847364,0.0
model.enc.32x32_conv,0.01455394168392882,0.014553940063719463,0.8755574441148092,0.8755573466438701,0.8755575415857593,0.48311397215262253,0.48321734378577563,0.0,3584,3584,1.0,1.0,0.8755573466438701,0.48311397215262253,-1.0,1.0,1.0,3584,0.8755577073118976,0.4831135479794641,0.9999999950451153,1.1180052795574842e-05,4.081087907382969e-06,0.0,0.014553918124958357,0.014553915954810573,0.8755585216991457,0.875558782809837,0.48311176435503556,0.4832151826230636,0.0
model.enc.8x8_block0.affine,0.08782489626019231,0.08781218684268215,0.9097669214355731,0.9096352661973228,0.9098985957288256,0.4150593657890397,0.4174793362197209,0.0,131328,131328,1.0,1.0,0.9096352661973228,0.4150593657890397,0.9378690714600463,1.0,1.000061383491949,131328,0.9099183748226365,0.41478735690333096,0.9999999973464395,0.027280408209619387,9.226408221796782e-05,0.0,0.08782504042168228,0.08781230415577233,0.909635052273354,0.9098989377091365,0.4150590987700708,0.4174792432054655,0.0
model.enc.8x8_block0.conv0,0.18673203856747875,0.18672887351167322,0.8818420210576716,0.8818270740821567,0.8818569682865377,0.47153696807631307,0.4718262924446628,0.0,590076,590080,0.9999932212581345,1.0,0.8818270740821567,0.4715297807975708,-0.9997547667218442,1.0,1.0000153240265413,590071,0.8818333810645526,0.47156111792656435,0.9999999963905126,0.0028660766711488053,4.6850173947565865e-05,7.184974915134128e-08,0.18673146413103342,0.18672838823278,0.8818248673788969,0.8818539194789572,0.47154210726811396,0.47183110243779247,7.185078794572468e-08
model.enc.8x8_block0.conv1,0.18673472005177505,0.18673370194809766,0.884388998060315,0.8843841762484371,0.8843938198984822,0.4667480311182947,0.46713017337089724,0.0,590071,590080,0.9999847478308026,1.0000000000000002,0.884384176248437,0.46673169330600234,-0.9997547817557626,1.0,1.0000038310800197,590066,0.8843902508784124,0.4667482021651179,0.9999999965843837,0.0026724309067743366,3.8589073073069384e-05,1.6167006006612159e-07,0.18673360543742362,0.18673265413476425,0.884382062697271,0.8843910736242035,0.46675280216675336,0.4671346677221354,1.6166581461772286e-07
model.enc.8x8_block0.norm0,0.005500480342248357,0.005500495983794344,0.8515508532137883,0.8515532747426371,0.8515484316918256,0.524273504596006,0.5244593653910731,0.0,512,512,1.0,1.0,0.8515532747426371,0.524273504596006,-1.0,1.0,1.0,512,0.8515494166979498,0.5242743489472702,0.999999999882232,6.68046841181684e-05,1.2743927667276763e-05,0.0,0.005500847042633375,0.005500859832322347,0.8515658890498741,0.85156192921431,0.5242520259302246,0.52443780256236,0.0
model.enc.8x8_block0.norm1,0.005500677757436857,0.005500677098832749,0.8828176259548064,0.8828175202537745,0.882817731655851,0.469715857162707,0.47003263288797004,0.0,512,512,1.0,1.0,0.8828175202537745,0.469715857162707,-1.0,1.0,1.0,512,0.8828171600411865,0.46971678772518255,0.9999999966746776,6.056341003555693e-06,1.0002758507756569e-05,0.0,0.005500862434226439,0.005500860866400212,0.8828135528290221,0.8828140560587793,0.4697229618745889,0.4700396793964894,0.0
model.enc.8x8_block1.affine,0.08779569172100138,0.08779738324525015,0.8747484159540201,0.8747652693796057,0.8747315628531364,0.484586686830431,0.4846640354623316,0.0,131328,131328,1.0,1.0,0.8747652693796057,0.484586686830431,-0.9995401262812248,1.0,1.0001226091221187,131328,0.8748494172328639,0.4843949808247586,0.999999996186941,0.029232735886531063,0.00013983607111450684,0.0,0.08779583197720396,0.08779752394186681,0.8747653755624762,0.8747316603100203,0.48458650543987547,0.4846638555958382,0.0
model.enc.8x8_block1.conv0,0.18672966415957293,0.18672748364440417,0.8856243758785874,0.885614034097092,0.885634717780849,0.4643968431912933,0.4648356975821633,0.0,590075,590080,0.9999915265726681,0.9999999999999998,0.885614034097092,0.4643877249169498,-0.9995096236361407,1.0,1.000015324731051,590071,0.8856271580754065,0.4643969605837785,0.9999999966808939,0.003265080659099731,4.705388585169057e-05,8.977076711843134e-08,0.18672914911526484,0.18672704050650704,0.8856119779304972,0.8856319795297454,0.46440159344749143,0.4648401516314195,8.977202166657362e-08
model.enc.8x8_block1.conv1,0.18673330349625164,0.18673130081389505,0.8874212149122916,0.8874116974733737,0.8874307324532835,0.46095447676386253,0.4614776939074348,0.0,590076,590080,0.9999932212581345,1.0,0.8874116974733737,0.4609471297035056,-0.9995708943787164,1.0,1.0000153240265413,590069,0.8874244929000092,0.4609531097529868,0.9999999967178652,0.00246588594448284,3.879588761259071e-05,7.179966180248318e-08,0.18673234934858765,0.18673040086444756,0.887409886226221,0.8874284061148136,0.4609585932210867,0.4614815674120327,7.179773799934049e-08
model.enc.8x8_block1.norm0,0.005500469845351335,0.005500469186119544,0.8945288477298158,0.8945287405204554,0.894528954939189,0.4470101706703415,0.44794756108694567,0.0,512,512,1.0,1.0,0.8945287405204554,0.4470101706703415,-0.9999662886913883,1.0,1.0,512,0.8945286195134544,0.4470106791386095,0.9999999950704067,4.692163900346788e-06,1.1387574111853313e-05,0.0,0.005500860121159019,0.005500861021330968,0.8945322494196432,0.8945319566535583,0.4470037830179201,0.44794126201344464,0.0
model.enc.8x8_block1.norm1,0.005500576337873441,0.00550057502080233,0.8945293274684928,0.8945291132802581,0.8945295416567788,0.44700915718732726,0.4479466407839953,0.0,512,512,1.0,1.0,0.8945291132802581,0.44700915718732714,-0.9998651630301545,1.0,1.0,512,0.8945286355142665,0.44701065027473025,0.9999999985264995,1.1494434797521411e-05,1.5552288464453726e-05,0.0,0.005500863090157654,0.005500858727736426,0.8945324833046703,0.8945339021118909,0.4470011747493674,0.44793920996632475,0.0
model.enc.8x8_block2.affine,0.08772852868383811,0.08773926986078144,0.9197707942067799,0.9198834077544604,0.9196581944454238,0.3925040180632506,0.3961671536613443,0.0,131328,131328,1.0,1.0,0.9198834077544604,0.3925040180632506,0.9840613825739515,1.0,1.000122624156959,131328,0.9200147897536027,0.3918836393744614,0.9999999977467344,0.028466345474963888,4.312456552600712e-05,0.0,0.08772866412444565,0.08773940121046664,0.9198835276779717,0.919658400446873,0.3925036177054957,0.3961668179635734,0.0
model.enc.8x8_block2.conv0,0.1867197678845204,0.18671657302058234,0.889268640722589,0.8892534249136594,0.8892838567918728,0.457377443280608,0.45799980572581117,0.0,590077,590080,0.9999949159436009,1.0,0.8892534249136594,0.4573718875350681,-0.9989884127238052,1.0,1.0000613008030406,590074,0.8892682770274596,0.4573859763867632,0.9999999967285951,0.004315756194830969,4.789982336937827e-05,5.386488076454873e-08,0.1867195184094784,0.1867164532862125,0.8892527668683881,0.8892819629212179,0.45738024178536757,0.4580021915647404,5.385921917364611e-08
model.enc.8x8_block2.conv1,0.1867242606740611,0.1867217491365685,0.8897956813498138,0.8897837131395427,0.8898076497210657,0.45635298068739744,0.45700252472106956,0.0,590075,590080,0.9999915265726681,1.0,0.8897837131395427,0.45634370137758345,-0.9990192472722815,1.0,1.0000612970454823,590070,0.8897952827957579,0.45635989591236265,0.9999999966613653,0.0038142476958932824,4.0323632013228875e-05,8.976856902932893e-08,0.18672369058880237,0.18672125718476879,0.8897826761692207,0.8898058681174177,0.45635591936024983,0.45700518043268556,8.976465239549115e-08
model.enc.8x8_block2.norm0,0.005500713863264579,0.005500709659883412,0.8984469612100783,0.8984462746600905,0.8984476477605907,0.43908172729699263,0.4403115790441268,0.0,512,512,1.0,1.0,0.8984462746600905,0.43908172729699263,0.10007660984853606,1.0,1.0,512,0.8984453621893509,0.43908533254482335,0.9999999970036214,1.3835635565045738e-05,1.0047442404806024e-05,0.0,0.005500860232269097,0.005500857062433928,0.8984384635065129,0.8984394989461275,0.4390981380116642,0.44032726181134385,0.0
model.enc.8x8_block2.norm1,0.005500655693555849,0.005500646475233993,0.8750065848787445,0.8750051184913218,0.8750080512686247,0.48411020532451027,0.48420309415518387,0.0,512,512,1.0,1.0,0.8750051184913218,0.4841102053245103,-1.0,1.0,1.0,512,0.8750022409211696,0.48411886183181435,0.9999999941155351,4.6134459294210726e-05,2.1809285460464366e-05,0.0,0.005500858609759346,0.005500851015565884,0.8750028643077283,0.8750052802777665,0.4841148896298463,0.4842075827880904,0.0
model.enc.8x8_block3.affine,0.08771531198676973,0.0877300492856508,0.8611743267892513,0.8613190151356203,0.8610296627482991,0.508395129873155,0.5083299719038455,0.0,131328,131328,1.0,1.0,0.8613190151356203,0.508395129873155,-0.999754796787838,1.0,1.0002452495356577,131328,0.8613664029233901,0.507984172997009,0.9999999958135068,0.02916981349180722,8.283465311135132e-05,0.0,0.08771537991957068,0.087730118782134,0.8613190099327823,0.8610296270776423,0.5083951735024654,0.5083300058777124,0.0
model.enc.8x8_block3.conv0,0.18664269004398948,0.1866326285339672,0.8708288554401987,0.8707819109107633,0.8708758025004503,0.49155981405627625,0.4916149915928338,0.0,590075,590080,0.9999915265726681,1.0,0.8707819109107633,0.4915512102128189,-0.9990191270230505,1.0,1.0002452783909737,590072,0.8707896055933223,0.4916558375753894,0.9999999960533332,0.010868412805997473,4.6560401959884006e-05,8.957724371006071e-08,0.18664320622280609,0.18663320849465015,0.8707830044340309,0.8708763006379877,0.49155857237744544,0.4916135884330795,8.957842213368266e-08
model.enc.8x8_block3.conv1,0.18667288545685537,0.18666306405940308,0.871490576228952,0.8714447246029693,0.8715364302674474,0.490386448606548,0.49044859348294734,0.0,590075,590080,0.9999915265726681,1.0,0.8714447246029693,0.49037781098132915,-0.9992636229749632,1.0,1.0001839587932304,590063,0.8714662612408358,0.4904554571513229,0.9999999961287757,0.00823157256880975,4.229804237523751e-05,8.974331898773358e-08,0.1866731564129499,0.18666341256609942,0.8714454340240194,0.8715364154579541,0.49038603519429447,0.4904479774877244,8.974135256668728e-08
model.enc.8x8_block3.norm0,0.0055007502051306004,0.00550080699165392,0.894536106901848,0.8945453415686846,0.894526872330344,0.4470003118711835,0.447932949488943,0.0,512,512,1.0,1.0,0.8945453415686846,0.44700031187118344,-0.9999387046452115,1.0,1.0,512,0.8945431301169431,0.44698164680894936,0.999999998400066,0.00017375670310663689,1.4952243113363381e-05,0.0,0.005500799174352571,0.005500854565869697,0.8945493430526309,0.8945313275987828,0.4469917363766573,0.44792479984260963,0.0
model.enc.8x8_block3.norm1,0.00550079310645681,0.005500782201690792,0.8593804411142068,0.8593787374793945,0.8593821447523962,0.5113357221772397,0.5113741215063805,0.0,512,512,1.0,1.0,0.8593787374793945,0.5113357221772395,-1.0,1.0,1.0,512,0.8593803630893379,0.5113368685014889,0.9999999965980251,3.9184951416660424e-05,2.812503328220402e-05,0.0,0.005500841883489694,0.005500829990144078,0.8593779186073932,0.8593816347337481,0.5113367469913058,0.5113752429637577,0.0
model.enc.8x8_down.affine,0.08788527146502338,0.08786953727379539,0.8221805009145292,0.8220333050874052,0.8223277230989935,0.5691249557931379,0.5708660673198818,0.0,131328,131328,1.0,1.0,0.8220333050874052,0.5691249557931379,-1.0,1.0,1.0000613083195389,131328,0.8221771880567905,0.5692316501474846,0.9999999944134008,0.02690205427865554,6.079996169588817e-05,0.0,0.08788538125008495,0.08786966848806439,0.8220335931139895,0.8223276097705662,0.5691249685210992,0.5708659426000695,0.0
model.enc.8x8_down.conv0,0.18672961778180458,0.1867268184198818,0.8721199234006514,0.8721068489921312,0.8721329980051795,0.48928484660137544,0.4893362534063269,0.0,590078,590080,0.9999966106290672,1.0,0.8721068489921312,0.4892813834776647,-0.9997548418730081,1.0,1.0000306485227413,590074,0.8721148172259328,0.48930128290201286,0.9999999961187258,0.0031104849915558883,4.764450942000935e-05,3.592239674499982e-08,0.18672907364504285,0.1867263601514053,0.8721044063812162,0.8721297532786827,0.48929014005199045,0.4893412794580249,3.592852416369824e-08
model.enc.8x8_down.conv1,0.18673351180068745,0.1867317802557733,0.8758466028278785,0.8758384812662152,0.8758547244648524,0.48258513155038874,0.4826992778652664,0.0,590073,590080,0.9999881372017354,0.9999999999999998,0.8758384812662157,0.4825728502632202,-0.9997548418730081,1.0,1.000007662447723,590062,0.8758560264871487,0.4825725033630902,0.9999999963343789,0.002448014499872409,4.025080163796548e-05,1.2565144320343064e-07,0.18673241174768335,0.18673073678656962,0.8758362251047732,0.8758519375495872,0.4825898539973781,0.48270379609634656,1.2564968116914096e-07
model.enc.8x8_down.norm0,0.005500462923072607,0.005500458313146551,0.8593688671273421,0.8593681468921568,0.8593695873631311,0.5113557586574896,0.5113937235329256,0.0,512,512,1.0,1.0,0.8593681468921568,0.5113557586574896,-1.0,1.0,1.0,512,0.8593673067873884,0.5113588041423429,0.9999999946830573,1.241601424386413e-05,1.042255025093371e-05,0.0,0.005500863717185306,0.005500860757206297,0.8593758703681112,0.8593767952179973,0.5113433653058784,0.5113810891102925,0.0
model.enc.8x8_down.norm1,0.005500824944217876,0.00550081770077134,0.8710912870136176,0.8710901399669057,0.87109243406184,0.49112048874855885,0.4911522327422816,0.0,512,512,1.0,1.0,0.8710901399669057,0.4911204887485589,-1.0,1.0,1.0,512,0.8710895405653373,0.4911242304028934,0.9999999935088435,1.8960029214713065e-05,1.3490727584104362e-05,0.0,0.005500863735200586,0.005500859107999182,0.8710950066289198,0.8710964721213651,0.4911128251963891,0.49114438281135897,0.0
model.enc.8x8_down.skip,0.06235644946774794,0.062355522762700254,0.8829244115496871,0.8829112900439585,0.8829375332504227,0.46950818023182705,0.4698364175861754,0.0,65792,65792,1.0,1.0,0.8829112900439585,0.46950818023182705,-0.9999387067116151,1.0,1.0,65790,0.8829376816178895,0.4694902028269361,0.9999999966955138,0.00020442931944933504,9.669721693802275e-06,0.0,0.06235630782367756,0.0623553849257672,0.8829104348454088,0.8829365702698428,0.4695099183963912,0.4698380944184657,0.0
model.map_layer0,0.06184726745167172,0.0617471188727381,0.7127282515966799,0.7115741388200884,0.7138842362461072,0.700304426471144,0.717601016554296,0.0,66048,66048,1.0,1.0,0.7115741388200884,0.700304426471144,-1.0,0.9999980845333731,1.0009133703042068,66048,0.7130447359083215,0.7011185393922841,0.9999999909991624,0.05955442713799344,1.65185501672628e-05,0.0,0.06184730232829021,0.061747138982289,0.7115742495367018,0.7138846874727459,0.7003039748797907,0.7176006121400881,0.0
model.map_layer1,0.1243312970854682,0.12429764241751234,0.8241771633249942,0.8239540705927642,0.8244003164615222,0.5661787632956257,0.567825382559709,0.0,262656,262656,1.0,1.0,0.8239540705927642,0.5661787632956257,-0.9999980845333731,1.0,1.0000615138561706,262656,0.8239314598090559,0.5666894650649058,0.9999999946681462,0.01999550245288067,6.524396690802476e-05,0.0,0.12433131988879492,0.12429765903809654,0.8239541238253679,0.8244004516547763,0.566178598107342,0.5678252279953877,0.0
