evidence_group,evidence_status,source_pr,source_commit,source_file,seed,arm,budget_kimg,nfe,fid50k_full,kid50k_full
formal,formal deterministic replay,79,deddffa61fc6010c12f8ccfe59ed9a1d87dd80e3,results/q256_target_weight_replay_curve_seed3_5/fidkid50k-final-20260823/evaluation_results.csv,3,A,256,1,331.88461674585875,0.3535317573723724
formal,formal deterministic replay,79,deddffa61fc6010c12f8ccfe59ed9a1d87dd80e3,results/q256_target_weight_replay_curve_seed3_5/fidkid50k-final-20260823/evaluation_results.csv,3,A,256,2,238.7743077133635,0.2527617811186186
formal,formal deterministic replay,79,deddffa61fc6010c12f8ccfe59ed9a1d87dd80e3,results/q256_target_weight_replay_curve_seed3_5/fidkid50k-final-20260823/evaluation_results.csv,3,A,384,1,259.99023471585383,0.2682266729154152
formal,formal deterministic replay,79,deddffa61fc6010c12f8ccfe59ed9a1d87dd80e3,results/q256_target_weight_replay_curve_seed3_5/fidkid50k-final-20260823/evaluation_results.csv,3,A,384,2,108.93945261250435,0.1011484919419418
formal,formal deterministic replay,79,deddffa61fc6010c12f8ccfe59ed9a1d87dd80e3,results/q256_target_weight_replay_curve_seed3_5/fidkid50k-final-20260823/evaluation_results.csv,3,A,512,1,23.892576660764625,0.0172081078428428
formal,formal deterministic replay,79,deddffa61fc6010c12f8ccfe59ed9a1d87dd80e3,results/q256_target_weight_replay_curve_seed3_5/fidkid50k-final-20260823/evaluation_results.csv,3,A,512,2,13.73743199051474,0.0091083840090089
formal,formal deterministic replay,79,deddffa61fc6010c12f8ccfe59ed9a1d87dd80e3,results/q256_target_weight_replay_curve_seed3_5/fidkid50k-final-20260823/evaluation_results.csv,3,A,640,1,15.047251143677371,0.0102034547722722
formal,formal deterministic replay,79,deddffa61fc6010c12f8ccfe59ed9a1d87dd80e3,results/q256_target_weight_replay_curve_seed3_5/fidkid50k-final-20260823/evaluation_results.csv,3,A,640,2,4.270274590715882,0.0014637498023022
formal,formal deterministic replay,79,deddffa61fc6010c12f8ccfe59ed9a1d87dd80e3,results/q256_target_weight_replay_curve_seed3_5/fidkid50k-final-20260823/evaluation_results.csv,3,A,768,1,12.677410137806897,0.0083152244319319
formal,formal deterministic replay,79,deddffa61fc6010c12f8ccfe59ed9a1d87dd80e3,results/q256_target_weight_replay_curve_seed3_5/fidkid50k-final-20260823/evaluation_results.csv,3,A,768,2,3.32183165127187,0.0016107859934935
formal,formal deterministic replay,79,deddffa61fc6010c12f8ccfe59ed9a1d87dd80e3,results/q256_target_weight_replay_curve_seed3_5/fidkid50k-final-20260823/evaluation_results.csv,3,A,896,1,10.836304442869498,0.0068704816791791
formal,formal deterministic replay,79,deddffa61fc6010c12f8ccfe59ed9a1d87dd80e3,results/q256_target_weight_replay_curve_seed3_5/fidkid50k-final-20260823/evaluation_results.csv,3,A,896,2,3.064295375608123,0.0013766696546546
formal,formal deterministic replay,79,deddffa61fc6010c12f8ccfe59ed9a1d87dd80e3,results/q256_target_weight_replay_curve_seed3_5/fidkid50k-final-20260823/evaluation_results.csv,3,A,1024,1,9.669405820296213,0.0059991077352352
formal,formal deterministic replay,79,deddffa61fc6010c12f8ccfe59ed9a1d87dd80e3,results/q256_target_weight_replay_curve_seed3_5/fidkid50k-final-20260823/evaluation_results.csv,3,A,1024,2,2.866395993060456,0.0010535892067066
formal,formal deterministic replay,79,deddffa61fc6010c12f8ccfe59ed9a1d87dd80e3,results/q256_target_weight_replay_curve_seed3_5/fidkid50k-final-20260823/evaluation_results.csv,3,B,256,1,310.50756280404903,0.3136369202802803
formal,formal deterministic replay,79,deddffa61fc6010c12f8ccfe59ed9a1d87dd80e3,results/q256_target_weight_replay_curve_seed3_5/fidkid50k-final-20260823/evaluation_results.csv,3,B,256,2,100.49738349413276,0.0882065039039039
formal,formal deterministic replay,79,deddffa61fc6010c12f8ccfe59ed9a1d87dd80e3,results/q256_target_weight_replay_curve_seed3_5/fidkid50k-final-20260823/evaluation_results.csv,3,B,384,1,246.58832288648017,0.2487853326951951
formal,formal deterministic replay,79,deddffa61fc6010c12f8ccfe59ed9a1d87dd80e3,results/q256_target_weight_replay_curve_seed3_5/fidkid50k-final-20260823/evaluation_results.csv,3,B,384,2,43.51187332074544,0.0323729063838838
formal,formal deterministic replay,79,deddffa61fc6010c12f8ccfe59ed9a1d87dd80e3,results/q256_target_weight_replay_curve_seed3_5/fidkid50k-final-20260823/evaluation_results.csv,3,B,512,1,23.48012958590614,0.0164621701601601
formal,formal deterministic replay,79,deddffa61fc6010c12f8ccfe59ed9a1d87dd80e3,results/q256_target_weight_replay_curve_seed3_5/fidkid50k-final-20260823/evaluation_results.csv,3,B,512,2,4.872803567215304,0.002257252585085
formal,formal deterministic replay,79,deddffa61fc6010c12f8ccfe59ed9a1d87dd80e3,results/q256_target_weight_replay_curve_seed3_5/fidkid50k-final-20260823/evaluation_results.csv,3,B,640,1,12.80566299436846,0.0082750412812812
formal,formal deterministic replay,79,deddffa61fc6010c12f8ccfe59ed9a1d87dd80e3,results/q256_target_weight_replay_curve_seed3_5/fidkid50k-final-20260823/evaluation_results.csv,3,B,640,2,3.63406789419328,0.0021414387862862
formal,formal deterministic replay,79,deddffa61fc6010c12f8ccfe59ed9a1d87dd80e3,results/q256_target_weight_replay_curve_seed3_5/fidkid50k-final-20260823/evaluation_results.csv,3,B,768,1,10.834847321922702,0.006892717525025
formal,formal deterministic replay,79,deddffa61fc6010c12f8ccfe59ed9a1d87dd80e3,results/q256_target_weight_replay_curve_seed3_5/fidkid50k-final-20260823/evaluation_results.csv,3,B,768,2,3.006762653715344,0.00129154753003
formal,formal deterministic replay,79,deddffa61fc6010c12f8ccfe59ed9a1d87dd80e3,results/q256_target_weight_replay_curve_seed3_5/fidkid50k-final-20260823/evaluation_results.csv,3,B,896,1,9.538515208681597,0.0060562180705705
formal,formal deterministic replay,79,deddffa61fc6010c12f8ccfe59ed9a1d87dd80e3,results/q256_target_weight_replay_curve_seed3_5/fidkid50k-final-20260823/evaluation_results.csv,3,B,896,2,2.848806275331812,0.0010487446121121
formal,formal deterministic replay,79,deddffa61fc6010c12f8ccfe59ed9a1d87dd80e3,results/q256_target_weight_replay_curve_seed3_5/fidkid50k-final-20260823/evaluation_results.csv,3,B,1024,1,8.686351455868186,0.0054362528603603
formal,formal deterministic replay,79,deddffa61fc6010c12f8ccfe59ed9a1d87dd80e3,results/q256_target_weight_replay_curve_seed3_5/fidkid50k-final-20260823/evaluation_results.csv,3,B,1024,2,2.8315297837924347,0.000989391066066
formal,formal deterministic replay,79,deddffa61fc6010c12f8ccfe59ed9a1d87dd80e3,results/q256_target_weight_replay_curve_seed3_5/fidkid50k-final-20260823/evaluation_results.csv,3,C,256,1,318.17492909507325,0.3437222127627628
formal,formal deterministic replay,79,deddffa61fc6010c12f8ccfe59ed9a1d87dd80e3,results/q256_target_weight_replay_curve_seed3_5/fidkid50k-final-20260823/evaluation_results.csv,3,C,256,2,294.1033972824922,0.3122039176501501
formal,formal deterministic replay,79,deddffa61fc6010c12f8ccfe59ed9a1d87dd80e3,results/q256_target_weight_replay_curve_seed3_5/fidkid50k-final-20260823/evaluation_results.csv,3,C,384,1,46.8479738649154,0.0406471382782782
formal,formal deterministic replay,79,deddffa61fc6010c12f8ccfe59ed9a1d87dd80e3,results/q256_target_weight_replay_curve_seed3_5/fidkid50k-final-20260823/evaluation_results.csv,3,C,384,2,155.09414869672676,0.1610858221996997
formal,formal deterministic replay,79,deddffa61fc6010c12f8ccfe59ed9a1d87dd80e3,results/q256_target_weight_replay_curve_seed3_5/fidkid50k-final-20260823/evaluation_results.csv,3,C,512,1,30.198733114738125,0.0234524012237237
formal,formal deterministic replay,79,deddffa61fc6010c12f8ccfe59ed9a1d87dd80e3,results/q256_target_weight_replay_curve_seed3_5/fidkid50k-final-20260823/evaluation_results.csv,3,C,512,2,38.03046029566098,0.028246237585085
formal,formal deterministic replay,79,deddffa61fc6010c12f8ccfe59ed9a1d87dd80e3,results/q256_target_weight_replay_curve_seed3_5/fidkid50k-final-20260823/evaluation_results.csv,3,C,640,1,19.49960014041373,0.0143675806756756
formal,formal deterministic replay,79,deddffa61fc6010c12f8ccfe59ed9a1d87dd80e3,results/q256_target_weight_replay_curve_seed3_5/fidkid50k-final-20260823/evaluation_results.csv,3,C,640,2,8.736602336437295,0.0050329700725725
formal,formal deterministic replay,79,deddffa61fc6010c12f8ccfe59ed9a1d87dd80e3,results/q256_target_weight_replay_curve_seed3_5/fidkid50k-final-20260823/evaluation_results.csv,3,C,768,1,14.93462509128731,0.0104744864264264
formal,formal deterministic replay,79,deddffa61fc6010c12f8ccfe59ed9a1d87dd80e3,results/q256_target_weight_replay_curve_seed3_5/fidkid50k-final-20260823/evaluation_results.csv,3,C,768,2,3.5892582263905437,0.0013319054304304
formal,formal deterministic replay,79,deddffa61fc6010c12f8ccfe59ed9a1d87dd80e3,results/q256_target_weight_replay_curve_seed3_5/fidkid50k-final-20260823/evaluation_results.csv,3,C,896,1,12.057970915426967,0.0079890176876876
formal,formal deterministic replay,79,deddffa61fc6010c12f8ccfe59ed9a1d87dd80e3,results/q256_target_weight_replay_curve_seed3_5/fidkid50k-final-20260823/evaluation_results.csv,3,C,896,2,3.271691840476438,0.0017216944644644
formal,formal deterministic replay,79,deddffa61fc6010c12f8ccfe59ed9a1d87dd80e3,results/q256_target_weight_replay_curve_seed3_5/fidkid50k-final-20260823/evaluation_results.csv,3,C,1024,1,10.672001795929289,0.0068147115315315
formal,formal deterministic replay,79,deddffa61fc6010c12f8ccfe59ed9a1d87dd80e3,results/q256_target_weight_replay_curve_seed3_5/fidkid50k-final-20260823/evaluation_results.csv,3,C,1024,2,3.084804855317648,0.0013548854829829
formal,formal deterministic replay,79,deddffa61fc6010c12f8ccfe59ed9a1d87dd80e3,results/q256_target_weight_replay_curve_seed3_5/fidkid50k-final-20260823/evaluation_results.csv,3,D,256,1,329.2346175418478,0.3450168130030031
formal,formal deterministic replay,79,deddffa61fc6010c12f8ccfe59ed9a1d87dd80e3,results/q256_target_weight_replay_curve_seed3_5/fidkid50k-final-20260823/evaluation_results.csv,3,D,256,2,194.67010904240104,0.2027555608108108
formal,formal deterministic replay,79,deddffa61fc6010c12f8ccfe59ed9a1d87dd80e3,results/q256_target_weight_replay_curve_seed3_5/fidkid50k-final-20260823/evaluation_results.csv,3,D,384,1,270.36046341640906,0.2744540346321322
formal,formal deterministic replay,79,deddffa61fc6010c12f8ccfe59ed9a1d87dd80e3,results/q256_target_weight_replay_curve_seed3_5/fidkid50k-final-20260823/evaluation_results.csv,3,D,384,2,73.6247171358762,0.0592847641391391
formal,formal deterministic replay,79,deddffa61fc6010c12f8ccfe59ed9a1d87dd80e3,results/q256_target_weight_replay_curve_seed3_5/fidkid50k-final-20260823/evaluation_results.csv,3,D,512,1,54.7367036369794,0.0457245903778779
formal,formal deterministic replay,79,deddffa61fc6010c12f8ccfe59ed9a1d87dd80e3,results/q256_target_weight_replay_curve_seed3_5/fidkid50k-final-20260823/evaluation_results.csv,3,D,512,2,14.35674276246164,0.0093895828328328
formal,formal deterministic replay,79,deddffa61fc6010c12f8ccfe59ed9a1d87dd80e3,results/q256_target_weight_replay_curve_seed3_5/fidkid50k-final-20260823/evaluation_results.csv,3,D,640,1,12.659450594994295,0.0082975331981982
formal,formal deterministic replay,79,deddffa61fc6010c12f8ccfe59ed9a1d87dd80e3,results/q256_target_weight_replay_curve_seed3_5/fidkid50k-final-20260823/evaluation_results.csv,3,D,640,2,3.722394975417609,0.0016994332582582
formal,formal deterministic replay,79,deddffa61fc6010c12f8ccfe59ed9a1d87dd80e3,results/q256_target_weight_replay_curve_seed3_5/fidkid50k-final-20260823/evaluation_results.csv,3,D,768,1,11.337760552443488,0.0073062521496496
formal,formal deterministic replay,79,deddffa61fc6010c12f8ccfe59ed9a1d87dd80e3,results/q256_target_weight_replay_curve_seed3_5/fidkid50k-final-20260823/evaluation_results.csv,3,D,768,2,3.287218031657286,0.001568186594094
formal,formal deterministic replay,79,deddffa61fc6010c12f8ccfe59ed9a1d87dd80e3,results/q256_target_weight_replay_curve_seed3_5/fidkid50k-final-20260823/evaluation_results.csv,3,D,896,1,9.861019175816434,0.0061202613313313
formal,formal deterministic replay,79,deddffa61fc6010c12f8ccfe59ed9a1d87dd80e3,results/q256_target_weight_replay_curve_seed3_5/fidkid50k-final-20260823/evaluation_results.csv,3,D,896,2,2.970605221349395,0.0011277874799799
formal,formal deterministic replay,79,deddffa61fc6010c12f8ccfe59ed9a1d87dd80e3,results/q256_target_weight_replay_curve_seed3_5/fidkid50k-final-20260823/evaluation_results.csv,3,D,1024,1,8.809199227910838,0.0053119561161161
formal,formal deterministic replay,79,deddffa61fc6010c12f8ccfe59ed9a1d87dd80e3,results/q256_target_weight_replay_curve_seed3_5/fidkid50k-final-20260823/evaluation_results.csv,3,D,1024,2,2.8512938747604104,0.0009555485885885
formal,formal deterministic replay,79,deddffa61fc6010c12f8ccfe59ed9a1d87dd80e3,results/q256_target_weight_replay_curve_seed3_5/fidkid50k-final-20260823/evaluation_results.csv,4,A,256,1,310.2347909306416,0.3155922972072073
formal,formal deterministic replay,79,deddffa61fc6010c12f8ccfe59ed9a1d87dd80e3,results/q256_target_weight_replay_curve_seed3_5/fidkid50k-final-20260823/evaluation_results.csv,4,A,256,2,113.81654569504906,0.1039103179554554
formal,formal deterministic replay,79,deddffa61fc6010c12f8ccfe59ed9a1d87dd80e3,results/q256_target_weight_replay_curve_seed3_5/fidkid50k-final-20260823/evaluation_results.csv,4,A,384,1,258.3484552716787,0.2605600842867869
formal,formal deterministic replay,79,deddffa61fc6010c12f8ccfe59ed9a1d87dd80e3,results/q256_target_weight_replay_curve_seed3_5/fidkid50k-final-20260823/evaluation_results.csv,4,A,384,2,43.18646475708533,0.0310640128853853
formal,formal deterministic replay,79,deddffa61fc6010c12f8ccfe59ed9a1d87dd80e3,results/q256_target_weight_replay_curve_seed3_5/fidkid50k-final-20260823/evaluation_results.csv,4,A,512,1,32.76883034937084,0.0245362978003003
formal,formal deterministic replay,79,deddffa61fc6010c12f8ccfe59ed9a1d87dd80e3,results/q256_target_weight_replay_curve_seed3_5/fidkid50k-final-20260823/evaluation_results.csv,4,A,512,2,5.61748788679813,0.0024688068118118
formal,formal deterministic replay,79,deddffa61fc6010c12f8ccfe59ed9a1d87dd80e3,results/q256_target_weight_replay_curve_seed3_5/fidkid50k-final-20260823/evaluation_results.csv,4,A,640,1,11.74599719860936,0.0071262504054053
formal,formal deterministic replay,79,deddffa61fc6010c12f8ccfe59ed9a1d87dd80e3,results/q256_target_weight_replay_curve_seed3_5/fidkid50k-final-20260823/evaluation_results.csv,4,A,640,2,3.770238426294504,0.0019480942442442
formal,formal deterministic replay,79,deddffa61fc6010c12f8ccfe59ed9a1d87dd80e3,results/q256_target_weight_replay_curve_seed3_5/fidkid50k-final-20260823/evaluation_results.csv,4,A,768,1,10.198653922411369,0.0062175776951951
formal,formal deterministic replay,79,deddffa61fc6010c12f8ccfe59ed9a1d87dd80e3,results/q256_target_weight_replay_curve_seed3_5/fidkid50k-final-20260823/evaluation_results.csv,4,A,768,2,3.028551820629916,0.0012113451601601
formal,formal deterministic replay,79,deddffa61fc6010c12f8ccfe59ed9a1d87dd80e3,results/q256_target_weight_replay_curve_seed3_5/fidkid50k-final-20260823/evaluation_results.csv,4,A,896,1,8.943642353203634,0.0053986971546546
formal,formal deterministic replay,79,deddffa61fc6010c12f8ccfe59ed9a1d87dd80e3,results/q256_target_weight_replay_curve_seed3_5/fidkid50k-final-20260823/evaluation_results.csv,4,A,896,2,2.800151963437917,0.000965339562062
formal,formal deterministic replay,79,deddffa61fc6010c12f8ccfe59ed9a1d87dd80e3,results/q256_target_weight_replay_curve_seed3_5/fidkid50k-final-20260823/evaluation_results.csv,4,A,1024,1,8.293418813661093,0.0049997911786786
formal,formal deterministic replay,79,deddffa61fc6010c12f8ccfe59ed9a1d87dd80e3,results/q256_target_weight_replay_curve_seed3_5/fidkid50k-final-20260823/evaluation_results.csv,4,A,1024,2,2.7133168501776064,0.0008854795895895
formal,formal deterministic replay,79,deddffa61fc6010c12f8ccfe59ed9a1d87dd80e3,results/q256_target_weight_replay_curve_seed3_5/fidkid50k-final-20260823/evaluation_results.csv,4,B,256,1,306.77335397595016,0.3101226576226227
formal,formal deterministic replay,79,deddffa61fc6010c12f8ccfe59ed9a1d87dd80e3,results/q256_target_weight_replay_curve_seed3_5/fidkid50k-final-20260823/evaluation_results.csv,4,B,256,2,112.89269919047312,0.1022706254054053
formal,formal deterministic replay,79,deddffa61fc6010c12f8ccfe59ed9a1d87dd80e3,results/q256_target_weight_replay_curve_seed3_5/fidkid50k-final-20260823/evaluation_results.csv,4,B,384,1,250.55440000201585,0.2521207655955955
formal,formal deterministic replay,79,deddffa61fc6010c12f8ccfe59ed9a1d87dd80e3,results/q256_target_weight_replay_curve_seed3_5/fidkid50k-final-20260823/evaluation_results.csv,4,B,384,2,40.8416445492728,0.0291405798423423
formal,formal deterministic replay,79,deddffa61fc6010c12f8ccfe59ed9a1d87dd80e3,results/q256_target_weight_replay_curve_seed3_5/fidkid50k-final-20260823/evaluation_results.csv,4,B,512,1,28.403680839522742,0.0207175354054054
formal,formal deterministic replay,79,deddffa61fc6010c12f8ccfe59ed9a1d87dd80e3,results/q256_target_weight_replay_curve_seed3_5/fidkid50k-final-20260823/evaluation_results.csv,4,B,512,2,4.897133613712015,0.0021755507407407
formal,formal deterministic replay,79,deddffa61fc6010c12f8ccfe59ed9a1d87dd80e3,results/q256_target_weight_replay_curve_seed3_5/fidkid50k-final-20260823/evaluation_results.csv,4,B,640,1,12.09621474798674,0.0073878686561561
formal,formal deterministic replay,79,deddffa61fc6010c12f8ccfe59ed9a1d87dd80e3,results/q256_target_weight_replay_curve_seed3_5/fidkid50k-final-20260823/evaluation_results.csv,4,B,640,2,3.669307508700868,0.0018027853653653
formal,formal deterministic replay,79,deddffa61fc6010c12f8ccfe59ed9a1d87dd80e3,results/q256_target_weight_replay_curve_seed3_5/fidkid50k-final-20260823/evaluation_results.csv,4,B,768,1,10.523527837144677,0.0064529464464464
formal,formal deterministic replay,79,deddffa61fc6010c12f8ccfe59ed9a1d87dd80e3,results/q256_target_weight_replay_curve_seed3_5/fidkid50k-final-20260823/evaluation_results.csv,4,B,768,2,3.0753346404388107,0.0011947284984984
formal,formal deterministic replay,79,deddffa61fc6010c12f8ccfe59ed9a1d87dd80e3,results/q256_target_weight_replay_curve_seed3_5/fidkid50k-final-20260823/evaluation_results.csv,4,B,896,1,9.19198463741483,0.005531677555055
formal,formal deterministic replay,79,deddffa61fc6010c12f8ccfe59ed9a1d87dd80e3,results/q256_target_weight_replay_curve_seed3_5/fidkid50k-final-20260823/evaluation_results.csv,4,B,896,2,2.872384019392004,0.0010118344694694
formal,formal deterministic replay,79,deddffa61fc6010c12f8ccfe59ed9a1d87dd80e3,results/q256_target_weight_replay_curve_seed3_5/fidkid50k-final-20260823/evaluation_results.csv,4,B,1024,1,8.522227290963617,0.0051559650900901
formal,formal deterministic replay,79,deddffa61fc6010c12f8ccfe59ed9a1d87dd80e3,results/q256_target_weight_replay_curve_seed3_5/fidkid50k-final-20260823/evaluation_results.csv,4,B,1024,2,2.7361113690415646,0.0009235460985986
formal,formal deterministic replay,79,deddffa61fc6010c12f8ccfe59ed9a1d87dd80e3,results/q256_target_weight_replay_curve_seed3_5/fidkid50k-final-20260823/evaluation_results.csv,4,C,256,1,304.566349502312,0.3072177928528528
formal,formal deterministic replay,79,deddffa61fc6010c12f8ccfe59ed9a1d87dd80e3,results/q256_target_weight_replay_curve_seed3_5/fidkid50k-final-20260823/evaluation_results.csv,4,C,256,2,103.0894889919684,0.0917466509409409
formal,formal deterministic replay,79,deddffa61fc6010c12f8ccfe59ed9a1d87dd80e3,results/q256_target_weight_replay_curve_seed3_5/fidkid50k-final-20260823/evaluation_results.csv,4,C,384,1,252.3030818925729,0.2549298555755755
formal,formal deterministic replay,79,deddffa61fc6010c12f8ccfe59ed9a1d87dd80e3,results/q256_target_weight_replay_curve_seed3_5/fidkid50k-final-20260823/evaluation_results.csv,4,C,384,2,39.50285293843516,0.0280915036611611
formal,formal deterministic replay,79,deddffa61fc6010c12f8ccfe59ed9a1d87dd80e3,results/q256_target_weight_replay_curve_seed3_5/fidkid50k-final-20260823/evaluation_results.csv,4,C,512,1,30.21181457863429,0.0221696360585585
formal,formal deterministic replay,79,deddffa61fc6010c12f8ccfe59ed9a1d87dd80e3,results/q256_target_weight_replay_curve_seed3_5/fidkid50k-final-20260823/evaluation_results.csv,4,C,512,2,5.002997522441148,0.0024441892217217
formal,formal deterministic replay,79,deddffa61fc6010c12f8ccfe59ed9a1d87dd80e3,results/q256_target_weight_replay_curve_seed3_5/fidkid50k-final-20260823/evaluation_results.csv,4,C,640,1,13.614055489937982,0.0087123679204204
formal,formal deterministic replay,79,deddffa61fc6010c12f8ccfe59ed9a1d87dd80e3,results/q256_target_weight_replay_curve_seed3_5/fidkid50k-final-20260823/evaluation_results.csv,4,C,640,2,3.7539879080539857,0.00196034505005
formal,formal deterministic replay,79,deddffa61fc6010c12f8ccfe59ed9a1d87dd80e3,results/q256_target_weight_replay_curve_seed3_5/fidkid50k-final-20260823/evaluation_results.csv,4,C,768,1,11.547573607240697,0.0073087932857857
formal,formal deterministic replay,79,deddffa61fc6010c12f8ccfe59ed9a1d87dd80e3,results/q256_target_weight_replay_curve_seed3_5/fidkid50k-final-20260823/evaluation_results.csv,4,C,768,2,3.1045646018982462,0.0012185997422422
formal,formal deterministic replay,79,deddffa61fc6010c12f8ccfe59ed9a1d87dd80e3,results/q256_target_weight_replay_curve_seed3_5/fidkid50k-final-20260823/evaluation_results.csv,4,C,896,1,9.822884137310307,0.0061110613613613
formal,formal deterministic replay,79,deddffa61fc6010c12f8ccfe59ed9a1d87dd80e3,results/q256_target_weight_replay_curve_seed3_5/fidkid50k-final-20260823/evaluation_results.csv,4,C,896,2,2.836131744509292,0.0009953877852852
formal,formal deterministic replay,79,deddffa61fc6010c12f8ccfe59ed9a1d87dd80e3,results/q256_target_weight_replay_curve_seed3_5/fidkid50k-final-20260823/evaluation_results.csv,4,C,1024,1,9.200975862483872,0.0057650240615615
formal,formal deterministic replay,79,deddffa61fc6010c12f8ccfe59ed9a1d87dd80e3,results/q256_target_weight_replay_curve_seed3_5/fidkid50k-final-20260823/evaluation_results.csv,4,C,1024,2,2.756843917243887,0.0009285650175175
formal,formal deterministic replay,79,deddffa61fc6010c12f8ccfe59ed9a1d87dd80e3,results/q256_target_weight_replay_curve_seed3_5/fidkid50k-final-20260823/evaluation_results.csv,4,D,256,1,324.72233901409925,0.3391429953953954
formal,formal deterministic replay,79,deddffa61fc6010c12f8ccfe59ed9a1d87dd80e3,results/q256_target_weight_replay_curve_seed3_5/fidkid50k-final-20260823/evaluation_results.csv,4,D,256,2,176.96046030663268,0.1801213983333333
formal,formal deterministic replay,79,deddffa61fc6010c12f8ccfe59ed9a1d87dd80e3,results/q256_target_weight_replay_curve_seed3_5/fidkid50k-final-20260823/evaluation_results.csv,4,D,384,1,269.52472904358206,0.2725460883158159
formal,formal deterministic replay,79,deddffa61fc6010c12f8ccfe59ed9a1d87dd80e3,results/q256_target_weight_replay_curve_seed3_5/fidkid50k-final-20260823/evaluation_results.csv,4,D,384,2,64.24104765240764,0.049414534034034
formal,formal deterministic replay,79,deddffa61fc6010c12f8ccfe59ed9a1d87dd80e3,results/q256_target_weight_replay_curve_seed3_5/fidkid50k-final-20260823/evaluation_results.csv,4,D,512,1,57.68866711495715,0.0486907308783784
formal,formal deterministic replay,79,deddffa61fc6010c12f8ccfe59ed9a1d87dd80e3,results/q256_target_weight_replay_curve_seed3_5/fidkid50k-final-20260823/evaluation_results.csv,4,D,512,2,12.089786006086785,0.0074471809059058
formal,formal deterministic replay,79,deddffa61fc6010c12f8ccfe59ed9a1d87dd80e3,results/q256_target_weight_replay_curve_seed3_5/fidkid50k-final-20260823/evaluation_results.csv,4,D,640,1,13.114636186583516,0.0083930223548548
formal,formal deterministic replay,79,deddffa61fc6010c12f8ccfe59ed9a1d87dd80e3,results/q256_target_weight_replay_curve_seed3_5/fidkid50k-final-20260823/evaluation_results.csv,4,D,640,2,3.8134252650643328,0.0017664371621621
formal,formal deterministic replay,79,deddffa61fc6010c12f8ccfe59ed9a1d87dd80e3,results/q256_target_weight_replay_curve_seed3_5/fidkid50k-final-20260823/evaluation_results.csv,4,D,768,1,11.136399517822138,0.006925479532032
formal,formal deterministic replay,79,deddffa61fc6010c12f8ccfe59ed9a1d87dd80e3,results/q256_target_weight_replay_curve_seed3_5/fidkid50k-final-20260823/evaluation_results.csv,4,D,768,2,3.1315400829179074,0.0013153494219219
formal,formal deterministic replay,79,deddffa61fc6010c12f8ccfe59ed9a1d87dd80e3,results/q256_target_weight_replay_curve_seed3_5/fidkid50k-final-20260823/evaluation_results.csv,4,D,896,1,9.478844645515082,0.0056949835235235
formal,formal deterministic replay,79,deddffa61fc6010c12f8ccfe59ed9a1d87dd80e3,results/q256_target_weight_replay_curve_seed3_5/fidkid50k-final-20260823/evaluation_results.csv,4,D,896,2,2.8723197695169995,0.0010372613813814
formal,formal deterministic replay,79,deddffa61fc6010c12f8ccfe59ed9a1d87dd80e3,results/q256_target_weight_replay_curve_seed3_5/fidkid50k-final-20260823/evaluation_results.csv,4,D,1024,1,8.594107335274355,0.0051251031306306
formal,formal deterministic replay,79,deddffa61fc6010c12f8ccfe59ed9a1d87dd80e3,results/q256_target_weight_replay_curve_seed3_5/fidkid50k-final-20260823/evaluation_results.csv,4,D,1024,2,2.7378472465880206,0.0009169883758758
formal,formal deterministic replay,79,deddffa61fc6010c12f8ccfe59ed9a1d87dd80e3,results/q256_target_weight_replay_curve_seed3_5/fidkid50k-final-20260823/evaluation_results.csv,5,A,256,1,318.63897820926275,0.3294352697172172
formal,formal deterministic replay,79,deddffa61fc6010c12f8ccfe59ed9a1d87dd80e3,results/q256_target_weight_replay_curve_seed3_5/fidkid50k-final-20260823/evaluation_results.csv,5,A,256,2,75.2661948473377,0.0621500363338338
formal,formal deterministic replay,79,deddffa61fc6010c12f8ccfe59ed9a1d87dd80e3,results/q256_target_weight_replay_curve_seed3_5/fidkid50k-final-20260823/evaluation_results.csv,5,A,384,1,213.02194705991937,0.2155141935585585
formal,formal deterministic replay,79,deddffa61fc6010c12f8ccfe59ed9a1d87dd80e3,results/q256_target_weight_replay_curve_seed3_5/fidkid50k-final-20260823/evaluation_results.csv,5,A,384,2,42.88808337825546,0.0342731480405405
formal,formal deterministic replay,79,deddffa61fc6010c12f8ccfe59ed9a1d87dd80e3,results/q256_target_weight_replay_curve_seed3_5/fidkid50k-final-20260823/evaluation_results.csv,5,A,512,1,19.725624472339653,0.0141802375075074
formal,formal deterministic replay,79,deddffa61fc6010c12f8ccfe59ed9a1d87dd80e3,results/q256_target_weight_replay_curve_seed3_5/fidkid50k-final-20260823/evaluation_results.csv,5,A,512,2,4.655834727263966,0.0019519279879879
formal,formal deterministic replay,79,deddffa61fc6010c12f8ccfe59ed9a1d87dd80e3,results/q256_target_weight_replay_curve_seed3_5/fidkid50k-final-20260823/evaluation_results.csv,5,A,640,1,11.868543461529708,0.0076093209309309
formal,formal deterministic replay,79,deddffa61fc6010c12f8ccfe59ed9a1d87dd80e3,results/q256_target_weight_replay_curve_seed3_5/fidkid50k-final-20260823/evaluation_results.csv,5,A,640,2,3.653128714080012,0.0022032733708708
formal,formal deterministic replay,79,deddffa61fc6010c12f8ccfe59ed9a1d87dd80e3,results/q256_target_weight_replay_curve_seed3_5/fidkid50k-final-20260823/evaluation_results.csv,5,A,768,1,10.157980098289096,0.0062977594594594
formal,formal deterministic replay,79,deddffa61fc6010c12f8ccfe59ed9a1d87dd80e3,results/q256_target_weight_replay_curve_seed3_5/fidkid50k-final-20260823/evaluation_results.csv,5,A,768,2,3.074021130226909,0.0013953035985985
formal,formal deterministic replay,79,deddffa61fc6010c12f8ccfe59ed9a1d87dd80e3,results/q256_target_weight_replay_curve_seed3_5/fidkid50k-final-20260823/evaluation_results.csv,5,A,896,1,9.041343881541234,0.0055311909959959
formal,formal deterministic replay,79,deddffa61fc6010c12f8ccfe59ed9a1d87dd80e3,results/q256_target_weight_replay_curve_seed3_5/fidkid50k-final-20260823/evaluation_results.csv,5,A,896,2,2.8946782736437364,0.0010754583658658
formal,formal deterministic replay,79,deddffa61fc6010c12f8ccfe59ed9a1d87dd80e3,results/q256_target_weight_replay_curve_seed3_5/fidkid50k-final-20260823/evaluation_results.csv,5,A,1024,1,8.379453301226578,0.0050541166216216
formal,formal deterministic replay,79,deddffa61fc6010c12f8ccfe59ed9a1d87dd80e3,results/q256_target_weight_replay_curve_seed3_5/fidkid50k-final-20260823/evaluation_results.csv,5,A,1024,2,2.8623330982260384,0.0010308451651651
formal,formal deterministic replay,79,deddffa61fc6010c12f8ccfe59ed9a1d87dd80e3,results/q256_target_weight_replay_curve_seed3_5/fidkid50k-final-20260823/evaluation_results.csv,5,B,256,1,308.8550257374393,0.3261255791166166
formal,formal deterministic replay,79,deddffa61fc6010c12f8ccfe59ed9a1d87dd80e3,results/q256_target_weight_replay_curve_seed3_5/fidkid50k-final-20260823/evaluation_results.csv,5,B,256,2,70.23595119561487,0.0561185696771771
formal,formal deterministic replay,79,deddffa61fc6010c12f8ccfe59ed9a1d87dd80e3,results/q256_target_weight_replay_curve_seed3_5/fidkid50k-final-20260823/evaluation_results.csv,5,B,384,1,147.36838487561118,0.1363833103678679
formal,formal deterministic replay,79,deddffa61fc6010c12f8ccfe59ed9a1d87dd80e3,results/q256_target_weight_replay_curve_seed3_5/fidkid50k-final-20260823/evaluation_results.csv,5,B,384,2,24.02604409635081,0.0149414071296295
formal,formal deterministic replay,79,deddffa61fc6010c12f8ccfe59ed9a1d87dd80e3,results/q256_target_weight_replay_curve_seed3_5/fidkid50k-final-20260823/evaluation_results.csv,5,B,512,1,25.331948729454204,0.0201229943343343
formal,formal deterministic replay,79,deddffa61fc6010c12f8ccfe59ed9a1d87dd80e3,results/q256_target_weight_replay_curve_seed3_5/fidkid50k-final-20260823/evaluation_results.csv,5,B,512,2,6.42421940059645,0.0047204261411411
formal,formal deterministic replay,79,deddffa61fc6010c12f8ccfe59ed9a1d87dd80e3,results/q256_target_weight_replay_curve_seed3_5/fidkid50k-final-20260823/evaluation_results.csv,5,B,640,1,10.88757966830422,0.0069231381881882
formal,formal deterministic replay,79,deddffa61fc6010c12f8ccfe59ed9a1d87dd80e3,results/q256_target_weight_replay_curve_seed3_5/fidkid50k-final-20260823/evaluation_results.csv,5,B,640,2,3.605789559663875,0.0017827501651651
formal,formal deterministic replay,79,deddffa61fc6010c12f8ccfe59ed9a1d87dd80e3,results/q256_target_weight_replay_curve_seed3_5/fidkid50k-final-20260823/evaluation_results.csv,5,B,768,1,9.185658182810707,0.0056246605905906
formal,formal deterministic replay,79,deddffa61fc6010c12f8ccfe59ed9a1d87dd80e3,results/q256_target_weight_replay_curve_seed3_5/fidkid50k-final-20260823/evaluation_results.csv,5,B,768,2,3.026766441711365,0.0011448176526526
formal,formal deterministic replay,79,deddffa61fc6010c12f8ccfe59ed9a1d87dd80e3,results/q256_target_weight_replay_curve_seed3_5/fidkid50k-final-20260823/evaluation_results.csv,5,B,896,1,8.364264480973786,0.0051683922747747
formal,formal deterministic replay,79,deddffa61fc6010c12f8ccfe59ed9a1d87dd80e3,results/q256_target_weight_replay_curve_seed3_5/fidkid50k-final-20260823/evaluation_results.csv,5,B,896,2,2.852106620746224,0.0009895922597597
formal,formal deterministic replay,79,deddffa61fc6010c12f8ccfe59ed9a1d87dd80e3,results/q256_target_weight_replay_curve_seed3_5/fidkid50k-final-20260823/evaluation_results.csv,5,B,1024,1,7.783214036417319,0.0047530835835835
formal,formal deterministic replay,79,deddffa61fc6010c12f8ccfe59ed9a1d87dd80e3,results/q256_target_weight_replay_curve_seed3_5/fidkid50k-final-20260823/evaluation_results.csv,5,B,1024,2,2.7611816139838266,0.0009382003453453
formal,formal deterministic replay,79,deddffa61fc6010c12f8ccfe59ed9a1d87dd80e3,results/q256_target_weight_replay_curve_seed3_5/fidkid50k-final-20260823/evaluation_results.csv,5,C,256,1,308.4143121109219,0.3257359569519519
formal,formal deterministic replay,79,deddffa61fc6010c12f8ccfe59ed9a1d87dd80e3,results/q256_target_weight_replay_curve_seed3_5/fidkid50k-final-20260823/evaluation_results.csv,5,C,256,2,70.485689154033,0.0565074206381381
formal,formal deterministic replay,79,deddffa61fc6010c12f8ccfe59ed9a1d87dd80e3,results/q256_target_weight_replay_curve_seed3_5/fidkid50k-final-20260823/evaluation_results.csv,5,C,384,1,146.47929947783544,0.1354929371571571
formal,formal deterministic replay,79,deddffa61fc6010c12f8ccfe59ed9a1d87dd80e3,results/q256_target_weight_replay_curve_seed3_5/fidkid50k-final-20260823/evaluation_results.csv,5,C,384,2,23.34579109368203,0.0145460057507507
formal,formal deterministic replay,79,deddffa61fc6010c12f8ccfe59ed9a1d87dd80e3,results/q256_target_weight_replay_curve_seed3_5/fidkid50k-final-20260823/evaluation_results.csv,5,C,512,1,25.07244153159195,0.0201930934559559
formal,formal deterministic replay,79,deddffa61fc6010c12f8ccfe59ed9a1d87dd80e3,results/q256_target_weight_replay_curve_seed3_5/fidkid50k-final-20260823/evaluation_results.csv,5,C,512,2,6.4008379863739595,0.0047667615865865
formal,formal deterministic replay,79,deddffa61fc6010c12f8ccfe59ed9a1d87dd80e3,results/q256_target_weight_replay_curve_seed3_5/fidkid50k-final-20260823/evaluation_results.csv,5,C,640,1,10.468658583460895,0.0066255678853853
formal,formal deterministic replay,79,deddffa61fc6010c12f8ccfe59ed9a1d87dd80e3,results/q256_target_weight_replay_curve_seed3_5/fidkid50k-final-20260823/evaluation_results.csv,5,C,640,2,3.555726412464465,0.0017757393618618
formal,formal deterministic replay,79,deddffa61fc6010c12f8ccfe59ed9a1d87dd80e3,results/q256_target_weight_replay_curve_seed3_5/fidkid50k-final-20260823/evaluation_results.csv,5,C,768,1,8.882883577478811,0.0053762031056056
formal,formal deterministic replay,79,deddffa61fc6010c12f8ccfe59ed9a1d87dd80e3,results/q256_target_weight_replay_curve_seed3_5/fidkid50k-final-20260823/evaluation_results.csv,5,C,768,2,2.997338318081991,0.0010896484384384
formal,formal deterministic replay,79,deddffa61fc6010c12f8ccfe59ed9a1d87dd80e3,results/q256_target_weight_replay_curve_seed3_5/fidkid50k-final-20260823/evaluation_results.csv,5,C,896,1,8.103217452679331,0.0049054300050049
formal,formal deterministic replay,79,deddffa61fc6010c12f8ccfe59ed9a1d87dd80e3,results/q256_target_weight_replay_curve_seed3_5/fidkid50k-final-20260823/evaluation_results.csv,5,C,896,2,2.8135397447394492,0.0009174401751751
formal,formal deterministic replay,79,deddffa61fc6010c12f8ccfe59ed9a1d87dd80e3,results/q256_target_weight_replay_curve_seed3_5/fidkid50k-final-20260823/evaluation_results.csv,5,C,1024,1,7.642574268375872,0.0046101991891891
formal,formal deterministic replay,79,deddffa61fc6010c12f8ccfe59ed9a1d87dd80e3,results/q256_target_weight_replay_curve_seed3_5/fidkid50k-final-20260823/evaluation_results.csv,5,C,1024,2,2.7530927749018868,0.000907381046046
formal,formal deterministic replay,79,deddffa61fc6010c12f8ccfe59ed9a1d87dd80e3,results/q256_target_weight_replay_curve_seed3_5/fidkid50k-final-20260823/evaluation_results.csv,5,D,256,1,315.20046909386485,0.3297562160585586
formal,formal deterministic replay,79,deddffa61fc6010c12f8ccfe59ed9a1d87dd80e3,results/q256_target_weight_replay_curve_seed3_5/fidkid50k-final-20260823/evaluation_results.csv,5,D,256,2,75.4079805426709,0.0621093134559559
formal,formal deterministic replay,79,deddffa61fc6010c12f8ccfe59ed9a1d87dd80e3,results/q256_target_weight_replay_curve_seed3_5/fidkid50k-final-20260823/evaluation_results.csv,5,D,384,1,183.4151264669092,0.1789684156156155
formal,formal deterministic replay,79,deddffa61fc6010c12f8ccfe59ed9a1d87dd80e3,results/q256_target_weight_replay_curve_seed3_5/fidkid50k-final-20260823/evaluation_results.csv,5,D,384,2,32.32303673684555,0.0223717135935935
formal,formal deterministic replay,79,deddffa61fc6010c12f8ccfe59ed9a1d87dd80e3,results/q256_target_weight_replay_curve_seed3_5/fidkid50k-final-20260823/evaluation_results.csv,5,D,512,1,27.527849446286854,0.0212689074049048
formal,formal deterministic replay,79,deddffa61fc6010c12f8ccfe59ed9a1d87dd80e3,results/q256_target_weight_replay_curve_seed3_5/fidkid50k-final-20260823/evaluation_results.csv,5,D,512,2,6.133229063513137,0.0040853276551551
formal,formal deterministic replay,79,deddffa61fc6010c12f8ccfe59ed9a1d87dd80e3,results/q256_target_weight_replay_curve_seed3_5/fidkid50k-final-20260823/evaluation_results.csv,5,D,640,1,11.701485910281338,0.0076033815815815
formal,formal deterministic replay,79,deddffa61fc6010c12f8ccfe59ed9a1d87dd80e3,results/q256_target_weight_replay_curve_seed3_5/fidkid50k-final-20260823/evaluation_results.csv,5,D,640,2,3.758038482987416,0.0021830745695695
formal,formal deterministic replay,79,deddffa61fc6010c12f8ccfe59ed9a1d87dd80e3,results/q256_target_weight_replay_curve_seed3_5/fidkid50k-final-20260823/evaluation_results.csv,5,D,768,1,9.462263398112936,0.0057231226276276
formal,formal deterministic replay,79,deddffa61fc6010c12f8ccfe59ed9a1d87dd80e3,results/q256_target_weight_replay_curve_seed3_5/fidkid50k-final-20260823/evaluation_results.csv,5,D,768,2,3.048156858836167,0.0011716967342342
formal,formal deterministic replay,79,deddffa61fc6010c12f8ccfe59ed9a1d87dd80e3,results/q256_target_weight_replay_curve_seed3_5/fidkid50k-final-20260823/evaluation_results.csv,5,D,896,1,8.287153874416738,0.004924678028028
formal,formal deterministic replay,79,deddffa61fc6010c12f8ccfe59ed9a1d87dd80e3,results/q256_target_weight_replay_curve_seed3_5/fidkid50k-final-20260823/evaluation_results.csv,5,D,896,2,2.804730221712354,0.000913431493994
formal,formal deterministic replay,79,deddffa61fc6010c12f8ccfe59ed9a1d87dd80e3,results/q256_target_weight_replay_curve_seed3_5/fidkid50k-final-20260823/evaluation_results.csv,5,D,1024,1,7.793688236910658,0.0045959776801801
formal,formal deterministic replay,79,deddffa61fc6010c12f8ccfe59ed9a1d87dd80e3,results/q256_target_weight_replay_curve_seed3_5/fidkid50k-final-20260823/evaluation_results.csv,5,D,1024,2,2.756321127782452,0.0008926420020019
secondary_ab,descriptive secondary precision extension,78,a6ed00df6f3ba7c5ebc9c6105a84bb693ecf9371,analysis/q256_target_weight_factorial/seed6_7_ab_128k_streaming_results/reports/learning_curve_seed6_7_ab_nfe1_nfe2_128k.csv,6,A,384,1,245.86207685132865,0.2532177117842841
secondary_ab,descriptive secondary precision extension,78,a6ed00df6f3ba7c5ebc9c6105a84bb693ecf9371,analysis/q256_target_weight_factorial/seed6_7_ab_128k_streaming_results/reports/learning_curve_seed6_7_ab_nfe1_nfe2_128k.csv,6,A,384,2,31.036316308898428,0.020702339562062
secondary_ab,descriptive secondary precision extension,78,a6ed00df6f3ba7c5ebc9c6105a84bb693ecf9371,analysis/q256_target_weight_factorial/seed6_7_ab_128k_streaming_results/reports/learning_curve_seed6_7_ab_nfe1_nfe2_128k.csv,6,A,512,1,38.08783499628684,0.0290867193493493
secondary_ab,descriptive secondary precision extension,78,a6ed00df6f3ba7c5ebc9c6105a84bb693ecf9371,analysis/q256_target_weight_factorial/seed6_7_ab_128k_streaming_results/reports/learning_curve_seed6_7_ab_nfe1_nfe2_128k.csv,6,A,512,2,6.704017296562357,0.0046604650425425
secondary_ab,descriptive secondary precision extension,78,a6ed00df6f3ba7c5ebc9c6105a84bb693ecf9371,analysis/q256_target_weight_factorial/seed6_7_ab_128k_streaming_results/reports/learning_curve_seed6_7_ab_nfe1_nfe2_128k.csv,6,A,640,1,15.00808140808985,0.0100447828478478
secondary_ab,descriptive secondary precision extension,78,a6ed00df6f3ba7c5ebc9c6105a84bb693ecf9371,analysis/q256_target_weight_factorial/seed6_7_ab_128k_streaming_results/reports/learning_curve_seed6_7_ab_nfe1_nfe2_128k.csv,6,A,640,2,4.109335476975026,0.0019167444069068
secondary_ab,descriptive secondary precision extension,78,a6ed00df6f3ba7c5ebc9c6105a84bb693ecf9371,analysis/q256_target_weight_factorial/seed6_7_ab_128k_streaming_results/reports/learning_curve_seed6_7_ab_nfe1_nfe2_128k.csv,6,A,768,1,11.53490443034983,0.0075665148798799
secondary_ab,descriptive secondary precision extension,78,a6ed00df6f3ba7c5ebc9c6105a84bb693ecf9371,analysis/q256_target_weight_factorial/seed6_7_ab_128k_streaming_results/reports/learning_curve_seed6_7_ab_nfe1_nfe2_128k.csv,6,A,768,2,3.561027796988839,0.0014147190465465
secondary_ab,descriptive secondary precision extension,78,a6ed00df6f3ba7c5ebc9c6105a84bb693ecf9371,analysis/q256_target_weight_factorial/seed6_7_ab_128k_streaming_results/reports/learning_curve_seed6_7_ab_nfe1_nfe2_128k.csv,6,A,896,1,9.573036566472028,0.0060522539664664
secondary_ab,descriptive secondary precision extension,78,a6ed00df6f3ba7c5ebc9c6105a84bb693ecf9371,analysis/q256_target_weight_factorial/seed6_7_ab_128k_streaming_results/reports/learning_curve_seed6_7_ab_nfe1_nfe2_128k.csv,6,A,896,2,3.139272377065579,0.0011147803503503
secondary_ab,descriptive secondary precision extension,78,a6ed00df6f3ba7c5ebc9c6105a84bb693ecf9371,analysis/q256_target_weight_factorial/seed6_7_ab_128k_streaming_results/reports/learning_curve_seed6_7_ab_nfe1_nfe2_128k.csv,6,A,1024,1,8.608455056024479,0.0054177423123122
secondary_ab,descriptive secondary precision extension,78,a6ed00df6f3ba7c5ebc9c6105a84bb693ecf9371,analysis/q256_target_weight_factorial/seed6_7_ab_128k_streaming_results/reports/learning_curve_seed6_7_ab_nfe1_nfe2_128k.csv,6,A,1024,2,2.982469336294808,0.0010846282157157
secondary_ab,descriptive secondary precision extension,78,a6ed00df6f3ba7c5ebc9c6105a84bb693ecf9371,analysis/q256_target_weight_factorial/seed6_7_ab_128k_streaming_results/reports/learning_curve_seed6_7_ab_nfe1_nfe2_128k.csv,6,B,384,1,172.0276739375327,0.1668972932982983
secondary_ab,descriptive secondary precision extension,78,a6ed00df6f3ba7c5ebc9c6105a84bb693ecf9371,analysis/q256_target_weight_factorial/seed6_7_ab_128k_streaming_results/reports/learning_curve_seed6_7_ab_nfe1_nfe2_128k.csv,6,B,384,2,21.740524759190222,0.0153275699049049
secondary_ab,descriptive secondary precision extension,78,a6ed00df6f3ba7c5ebc9c6105a84bb693ecf9371,analysis/q256_target_weight_factorial/seed6_7_ab_128k_streaming_results/reports/learning_curve_seed6_7_ab_nfe1_nfe2_128k.csv,6,B,512,1,38.98650478471191,0.0338860587187187
secondary_ab,descriptive secondary precision extension,78,a6ed00df6f3ba7c5ebc9c6105a84bb693ecf9371,analysis/q256_target_weight_factorial/seed6_7_ab_128k_streaming_results/reports/learning_curve_seed6_7_ab_nfe1_nfe2_128k.csv,6,B,512,2,7.698557019627024,0.0045210860910911
secondary_ab,descriptive secondary precision extension,78,a6ed00df6f3ba7c5ebc9c6105a84bb693ecf9371,analysis/q256_target_weight_factorial/seed6_7_ab_128k_streaming_results/reports/learning_curve_seed6_7_ab_nfe1_nfe2_128k.csv,6,B,640,1,11.9783914071155,0.008059498566066
secondary_ab,descriptive secondary precision extension,78,a6ed00df6f3ba7c5ebc9c6105a84bb693ecf9371,analysis/q256_target_weight_factorial/seed6_7_ab_128k_streaming_results/reports/learning_curve_seed6_7_ab_nfe1_nfe2_128k.csv,6,B,640,2,3.691535065274027,0.0012923976926926
secondary_ab,descriptive secondary precision extension,78,a6ed00df6f3ba7c5ebc9c6105a84bb693ecf9371,analysis/q256_target_weight_factorial/seed6_7_ab_128k_streaming_results/reports/learning_curve_seed6_7_ab_nfe1_nfe2_128k.csv,6,B,768,1,9.749020297876816,0.006450138591091
secondary_ab,descriptive secondary precision extension,78,a6ed00df6f3ba7c5ebc9c6105a84bb693ecf9371,analysis/q256_target_weight_factorial/seed6_7_ab_128k_streaming_results/reports/learning_curve_seed6_7_ab_nfe1_nfe2_128k.csv,6,B,768,2,3.312814440535808,0.0011570831831832
secondary_ab,descriptive secondary precision extension,78,a6ed00df6f3ba7c5ebc9c6105a84bb693ecf9371,analysis/q256_target_weight_factorial/seed6_7_ab_128k_streaming_results/reports/learning_curve_seed6_7_ab_nfe1_nfe2_128k.csv,6,B,896,1,9.027501541437676,0.0059184714314314
secondary_ab,descriptive secondary precision extension,78,a6ed00df6f3ba7c5ebc9c6105a84bb693ecf9371,analysis/q256_target_weight_factorial/seed6_7_ab_128k_streaming_results/reports/learning_curve_seed6_7_ab_nfe1_nfe2_128k.csv,6,B,896,2,3.2184848952865153,0.0011571293218217
secondary_ab,descriptive secondary precision extension,78,a6ed00df6f3ba7c5ebc9c6105a84bb693ecf9371,analysis/q256_target_weight_factorial/seed6_7_ab_128k_streaming_results/reports/learning_curve_seed6_7_ab_nfe1_nfe2_128k.csv,6,B,1024,1,8.18673278440934,0.0053320160160159
secondary_ab,descriptive secondary precision extension,78,a6ed00df6f3ba7c5ebc9c6105a84bb693ecf9371,analysis/q256_target_weight_factorial/seed6_7_ab_128k_streaming_results/reports/learning_curve_seed6_7_ab_nfe1_nfe2_128k.csv,6,B,1024,2,3.078720129386102,0.001118357067067
secondary_ab,descriptive secondary precision extension,78,a6ed00df6f3ba7c5ebc9c6105a84bb693ecf9371,analysis/q256_target_weight_factorial/seed6_7_ab_128k_streaming_results/reports/learning_curve_seed6_7_ab_nfe1_nfe2_128k.csv,7,A,384,1,259.8410330795713,0.2691677231981981
secondary_ab,descriptive secondary precision extension,78,a6ed00df6f3ba7c5ebc9c6105a84bb693ecf9371,analysis/q256_target_weight_factorial/seed6_7_ab_128k_streaming_results/reports/learning_curve_seed6_7_ab_nfe1_nfe2_128k.csv,7,A,384,2,122.46054254093534,0.1181140733083083
secondary_ab,descriptive secondary precision extension,78,a6ed00df6f3ba7c5ebc9c6105a84bb693ecf9371,analysis/q256_target_weight_factorial/seed6_7_ab_128k_streaming_results/reports/learning_curve_seed6_7_ab_nfe1_nfe2_128k.csv,7,A,512,1,23.405597863266564,0.0169141004529529
secondary_ab,descriptive secondary precision extension,78,a6ed00df6f3ba7c5ebc9c6105a84bb693ecf9371,analysis/q256_target_weight_factorial/seed6_7_ab_128k_streaming_results/reports/learning_curve_seed6_7_ab_nfe1_nfe2_128k.csv,7,A,512,2,14.309356470795771,0.009783876041041
secondary_ab,descriptive secondary precision extension,78,a6ed00df6f3ba7c5ebc9c6105a84bb693ecf9371,analysis/q256_target_weight_factorial/seed6_7_ab_128k_streaming_results/reports/learning_curve_seed6_7_ab_nfe1_nfe2_128k.csv,7,A,640,1,16.220878014008726,0.0110901558358358
secondary_ab,descriptive secondary precision extension,78,a6ed00df6f3ba7c5ebc9c6105a84bb693ecf9371,analysis/q256_target_weight_factorial/seed6_7_ab_128k_streaming_results/reports/learning_curve_seed6_7_ab_nfe1_nfe2_128k.csv,7,A,640,2,4.603463619922151,0.0016846916941941
secondary_ab,descriptive secondary precision extension,78,a6ed00df6f3ba7c5ebc9c6105a84bb693ecf9371,analysis/q256_target_weight_factorial/seed6_7_ab_128k_streaming_results/reports/learning_curve_seed6_7_ab_nfe1_nfe2_128k.csv,7,A,768,1,12.825417103223534,0.0083815031731732
secondary_ab,descriptive secondary precision extension,78,a6ed00df6f3ba7c5ebc9c6105a84bb693ecf9371,analysis/q256_target_weight_factorial/seed6_7_ab_128k_streaming_results/reports/learning_curve_seed6_7_ab_nfe1_nfe2_128k.csv,7,A,768,2,3.623598173063562,0.001854196011011
secondary_ab,descriptive secondary precision extension,78,a6ed00df6f3ba7c5ebc9c6105a84bb693ecf9371,analysis/q256_target_weight_factorial/seed6_7_ab_128k_streaming_results/reports/learning_curve_seed6_7_ab_nfe1_nfe2_128k.csv,7,A,896,1,10.931086687845124,0.0069619857832832
secondary_ab,descriptive secondary precision extension,78,a6ed00df6f3ba7c5ebc9c6105a84bb693ecf9371,analysis/q256_target_weight_factorial/seed6_7_ab_128k_streaming_results/reports/learning_curve_seed6_7_ab_nfe1_nfe2_128k.csv,7,A,896,2,3.244156041162418,0.0014152651526526
secondary_ab,descriptive secondary precision extension,78,a6ed00df6f3ba7c5ebc9c6105a84bb693ecf9371,analysis/q256_target_weight_factorial/seed6_7_ab_128k_streaming_results/reports/learning_curve_seed6_7_ab_nfe1_nfe2_128k.csv,7,A,1024,1,9.76113399886719,0.0061490647697697
secondary_ab,descriptive secondary precision extension,78,a6ed00df6f3ba7c5ebc9c6105a84bb693ecf9371,analysis/q256_target_weight_factorial/seed6_7_ab_128k_streaming_results/reports/learning_curve_seed6_7_ab_nfe1_nfe2_128k.csv,7,A,1024,2,3.037461922998093,0.0010474994894894
secondary_ab,descriptive secondary precision extension,78,a6ed00df6f3ba7c5ebc9c6105a84bb693ecf9371,analysis/q256_target_weight_factorial/seed6_7_ab_128k_streaming_results/reports/learning_curve_seed6_7_ab_nfe1_nfe2_128k.csv,7,B,384,1,269.72103282392163,0.2733034478253255
secondary_ab,descriptive secondary precision extension,78,a6ed00df6f3ba7c5ebc9c6105a84bb693ecf9371,analysis/q256_target_weight_factorial/seed6_7_ab_128k_streaming_results/reports/learning_curve_seed6_7_ab_nfe1_nfe2_128k.csv,7,B,384,2,77.28816344585806,0.0636604093843844
secondary_ab,descriptive secondary precision extension,78,a6ed00df6f3ba7c5ebc9c6105a84bb693ecf9371,analysis/q256_target_weight_factorial/seed6_7_ab_128k_streaming_results/reports/learning_curve_seed6_7_ab_nfe1_nfe2_128k.csv,7,B,512,1,58.07857948502185,0.0488181681206206
secondary_ab,descriptive secondary precision extension,78,a6ed00df6f3ba7c5ebc9c6105a84bb693ecf9371,analysis/q256_target_weight_factorial/seed6_7_ab_128k_streaming_results/reports/learning_curve_seed6_7_ab_nfe1_nfe2_128k.csv,7,B,512,2,14.590522943844558,0.0096230609884885
secondary_ab,descriptive secondary precision extension,78,a6ed00df6f3ba7c5ebc9c6105a84bb693ecf9371,analysis/q256_target_weight_factorial/seed6_7_ab_128k_streaming_results/reports/learning_curve_seed6_7_ab_nfe1_nfe2_128k.csv,7,B,640,1,11.95793023770501,0.0075638812062062
secondary_ab,descriptive secondary precision extension,78,a6ed00df6f3ba7c5ebc9c6105a84bb693ecf9371,analysis/q256_target_weight_factorial/seed6_7_ab_128k_streaming_results/reports/learning_curve_seed6_7_ab_nfe1_nfe2_128k.csv,7,B,640,2,3.632723608909061,0.0014048226126125
secondary_ab,descriptive secondary precision extension,78,a6ed00df6f3ba7c5ebc9c6105a84bb693ecf9371,analysis/q256_target_weight_factorial/seed6_7_ab_128k_streaming_results/reports/learning_curve_seed6_7_ab_nfe1_nfe2_128k.csv,7,B,768,1,10.990670394264644,0.0069415550425425
secondary_ab,descriptive secondary precision extension,78,a6ed00df6f3ba7c5ebc9c6105a84bb693ecf9371,analysis/q256_target_weight_factorial/seed6_7_ab_128k_streaming_results/reports/learning_curve_seed6_7_ab_nfe1_nfe2_128k.csv,7,B,768,2,3.2896362925216645,0.0016373246046045
secondary_ab,descriptive secondary precision extension,78,a6ed00df6f3ba7c5ebc9c6105a84bb693ecf9371,analysis/q256_target_weight_factorial/seed6_7_ab_128k_streaming_results/reports/learning_curve_seed6_7_ab_nfe1_nfe2_128k.csv,7,B,896,1,9.95691649510886,0.0062115590465465
secondary_ab,descriptive secondary precision extension,78,a6ed00df6f3ba7c5ebc9c6105a84bb693ecf9371,analysis/q256_target_weight_factorial/seed6_7_ab_128k_streaming_results/reports/learning_curve_seed6_7_ab_nfe1_nfe2_128k.csv,7,B,896,2,2.9325546935724045,0.0011813640465465
secondary_ab,descriptive secondary precision extension,78,a6ed00df6f3ba7c5ebc9c6105a84bb693ecf9371,analysis/q256_target_weight_factorial/seed6_7_ab_128k_streaming_results/reports/learning_curve_seed6_7_ab_nfe1_nfe2_128k.csv,7,B,1024,1,9.145345402103668,0.0056967454479479
secondary_ab,descriptive secondary precision extension,78,a6ed00df6f3ba7c5ebc9c6105a84bb693ecf9371,analysis/q256_target_weight_factorial/seed6_7_ab_128k_streaming_results/reports/learning_curve_seed6_7_ab_nfe1_nfe2_128k.csv,7,B,1024,2,2.794581748088466,0.0009533304154154
secondary_factorial,post-preregistration secondary sensitivity evidence,80,2ed14cb1829ad2cda6c8db7ca5485a7bd055e075,analysis/q256_target_weight_factorial/seed14_18_learning_curve_results/q256_seed14_18_learning_curve_results.csv,14,A,384,1,272.94914065688647,0.2785002064664665
secondary_factorial,post-preregistration secondary sensitivity evidence,80,2ed14cb1829ad2cda6c8db7ca5485a7bd055e075,analysis/q256_target_weight_factorial/seed14_18_learning_curve_results/q256_seed14_18_learning_curve_results.csv,14,A,384,2,76.56546735962782,0.0625669433158158
secondary_factorial,post-preregistration secondary sensitivity evidence,80,2ed14cb1829ad2cda6c8db7ca5485a7bd055e075,analysis/q256_target_weight_factorial/seed14_18_learning_curve_results/q256_seed14_18_learning_curve_results.csv,14,A,512,1,59.473583004253925,0.0504137592942943
secondary_factorial,post-preregistration secondary sensitivity evidence,80,2ed14cb1829ad2cda6c8db7ca5485a7bd055e075,analysis/q256_target_weight_factorial/seed14_18_learning_curve_results/q256_seed14_18_learning_curve_results.csv,14,A,512,2,15.302892121115608,0.0101345769319319
secondary_factorial,post-preregistration secondary sensitivity evidence,80,2ed14cb1829ad2cda6c8db7ca5485a7bd055e075,analysis/q256_target_weight_factorial/seed14_18_learning_curve_results/q256_seed14_18_learning_curve_results.csv,14,A,640,1,11.81422237562797,0.0075994368843843
secondary_factorial,post-preregistration secondary sensitivity evidence,80,2ed14cb1829ad2cda6c8db7ca5485a7bd055e075,analysis/q256_target_weight_factorial/seed14_18_learning_curve_results/q256_seed14_18_learning_curve_results.csv,14,A,640,2,3.56126026394249,0.0013215259159159
secondary_factorial,post-preregistration secondary sensitivity evidence,80,2ed14cb1829ad2cda6c8db7ca5485a7bd055e075,analysis/q256_target_weight_factorial/seed14_18_learning_curve_results/q256_seed14_18_learning_curve_results.csv,14,A,768,1,10.318622053598002,0.006470250482983
secondary_factorial,post-preregistration secondary sensitivity evidence,80,2ed14cb1829ad2cda6c8db7ca5485a7bd055e075,analysis/q256_target_weight_factorial/seed14_18_learning_curve_results/q256_seed14_18_learning_curve_results.csv,14,A,768,2,3.14793862472075,0.0014606631381381
secondary_factorial,post-preregistration secondary sensitivity evidence,80,2ed14cb1829ad2cda6c8db7ca5485a7bd055e075,analysis/q256_target_weight_factorial/seed14_18_learning_curve_results/q256_seed14_18_learning_curve_results.csv,14,A,896,1,9.27868689784493,0.005721557117117
secondary_factorial,post-preregistration secondary sensitivity evidence,80,2ed14cb1829ad2cda6c8db7ca5485a7bd055e075,analysis/q256_target_weight_factorial/seed14_18_learning_curve_results/q256_seed14_18_learning_curve_results.csv,14,A,896,2,2.77110859445422,0.0010903642667667
secondary_factorial,post-preregistration secondary sensitivity evidence,80,2ed14cb1829ad2cda6c8db7ca5485a7bd055e075,analysis/q256_target_weight_factorial/seed14_18_learning_curve_results/q256_seed14_18_learning_curve_results.csv,14,A,1024,1,8.815092234994792,0.0053850636911911
secondary_factorial,post-preregistration secondary sensitivity evidence,80,2ed14cb1829ad2cda6c8db7ca5485a7bd055e075,analysis/q256_target_weight_factorial/seed14_18_learning_curve_results/q256_seed14_18_learning_curve_results.csv,14,A,1024,2,2.7057606899910436,0.0009122609859859
secondary_factorial,post-preregistration secondary sensitivity evidence,80,2ed14cb1829ad2cda6c8db7ca5485a7bd055e075,analysis/q256_target_weight_factorial/seed14_18_learning_curve_results/q256_seed14_18_learning_curve_results.csv,14,B,384,1,124.33451940843008,0.1106696228453453
secondary_factorial,post-preregistration secondary sensitivity evidence,80,2ed14cb1829ad2cda6c8db7ca5485a7bd055e075,analysis/q256_target_weight_factorial/seed14_18_learning_curve_results/q256_seed14_18_learning_curve_results.csv,14,B,384,2,22.447301627276076,0.014038424542042
secondary_factorial,post-preregistration secondary sensitivity evidence,80,2ed14cb1829ad2cda6c8db7ca5485a7bd055e075,analysis/q256_target_weight_factorial/seed14_18_learning_curve_results/q256_seed14_18_learning_curve_results.csv,14,B,512,1,24.72849191628388,0.0190983698423423
secondary_factorial,post-preregistration secondary sensitivity evidence,80,2ed14cb1829ad2cda6c8db7ca5485a7bd055e075,analysis/q256_target_weight_factorial/seed14_18_learning_curve_results/q256_seed14_18_learning_curve_results.csv,14,B,512,2,6.436424846422232,0.0046645307007007
secondary_factorial,post-preregistration secondary sensitivity evidence,80,2ed14cb1829ad2cda6c8db7ca5485a7bd055e075,analysis/q256_target_weight_factorial/seed14_18_learning_curve_results/q256_seed14_18_learning_curve_results.csv,14,B,640,1,10.177122097679966,0.0062783229129128
secondary_factorial,post-preregistration secondary sensitivity evidence,80,2ed14cb1829ad2cda6c8db7ca5485a7bd055e075,analysis/q256_target_weight_factorial/seed14_18_learning_curve_results/q256_seed14_18_learning_curve_results.csv,14,B,640,2,3.436557392718352,0.0015045887837837
secondary_factorial,post-preregistration secondary sensitivity evidence,80,2ed14cb1829ad2cda6c8db7ca5485a7bd055e075,analysis/q256_target_weight_factorial/seed14_18_learning_curve_results/q256_seed14_18_learning_curve_results.csv,14,B,768,1,8.83374118360619,0.0054365166466466
secondary_factorial,post-preregistration secondary sensitivity evidence,80,2ed14cb1829ad2cda6c8db7ca5485a7bd055e075,analysis/q256_target_weight_factorial/seed14_18_learning_curve_results/q256_seed14_18_learning_curve_results.csv,14,B,768,2,3.0265010789725286,0.0010581799999999
secondary_factorial,post-preregistration secondary sensitivity evidence,80,2ed14cb1829ad2cda6c8db7ca5485a7bd055e075,analysis/q256_target_weight_factorial/seed14_18_learning_curve_results/q256_seed14_18_learning_curve_results.csv,14,B,896,1,7.977308692218575,0.004919649044044
secondary_factorial,post-preregistration secondary sensitivity evidence,80,2ed14cb1829ad2cda6c8db7ca5485a7bd055e075,analysis/q256_target_weight_factorial/seed14_18_learning_curve_results/q256_seed14_18_learning_curve_results.csv,14,B,896,2,2.800520893020887,0.0009669376376376
secondary_factorial,post-preregistration secondary sensitivity evidence,80,2ed14cb1829ad2cda6c8db7ca5485a7bd055e075,analysis/q256_target_weight_factorial/seed14_18_learning_curve_results/q256_seed14_18_learning_curve_results.csv,14,B,1024,1,7.548731153010589,0.0045910917367367
secondary_factorial,post-preregistration secondary sensitivity evidence,80,2ed14cb1829ad2cda6c8db7ca5485a7bd055e075,analysis/q256_target_weight_factorial/seed14_18_learning_curve_results/q256_seed14_18_learning_curve_results.csv,14,B,1024,2,2.7300055327054267,0.0009400149049048
secondary_factorial,post-preregistration secondary sensitivity evidence,80,2ed14cb1829ad2cda6c8db7ca5485a7bd055e075,analysis/q256_target_weight_factorial/seed14_18_learning_curve_results/q256_seed14_18_learning_curve_results.csv,14,C,384,1,266.5904218700309,0.2696025042917917
secondary_factorial,post-preregistration secondary sensitivity evidence,80,2ed14cb1829ad2cda6c8db7ca5485a7bd055e075,analysis/q256_target_weight_factorial/seed14_18_learning_curve_results/q256_seed14_18_learning_curve_results.csv,14,C,384,2,48.832238828961465,0.0348496280055055
secondary_factorial,post-preregistration secondary sensitivity evidence,80,2ed14cb1829ad2cda6c8db7ca5485a7bd055e075,analysis/q256_target_weight_factorial/seed14_18_learning_curve_results/q256_seed14_18_learning_curve_results.csv,14,C,512,1,51.99071495209654,0.0430734459159158
secondary_factorial,post-preregistration secondary sensitivity evidence,80,2ed14cb1829ad2cda6c8db7ca5485a7bd055e075,analysis/q256_target_weight_factorial/seed14_18_learning_curve_results/q256_seed14_18_learning_curve_results.csv,14,C,512,2,8.22263292266399,0.0042538027102102
secondary_factorial,post-preregistration secondary sensitivity evidence,80,2ed14cb1829ad2cda6c8db7ca5485a7bd055e075,analysis/q256_target_weight_factorial/seed14_18_learning_curve_results/q256_seed14_18_learning_curve_results.csv,14,C,640,1,11.196656030476303,0.0071081812062062
secondary_factorial,post-preregistration secondary sensitivity evidence,80,2ed14cb1829ad2cda6c8db7ca5485a7bd055e075,analysis/q256_target_weight_factorial/seed14_18_learning_curve_results/q256_seed14_18_learning_curve_results.csv,14,C,640,2,3.660612473590085,0.0019040825700701
secondary_factorial,post-preregistration secondary sensitivity evidence,80,2ed14cb1829ad2cda6c8db7ca5485a7bd055e075,analysis/q256_target_weight_factorial/seed14_18_learning_curve_results/q256_seed14_18_learning_curve_results.csv,14,C,768,1,9.799769881919485,0.0060839131681681
secondary_factorial,post-preregistration secondary sensitivity evidence,80,2ed14cb1829ad2cda6c8db7ca5485a7bd055e075,analysis/q256_target_weight_factorial/seed14_18_learning_curve_results/q256_seed14_18_learning_curve_results.csv,14,C,768,2,3.0296450646582045,0.0011919978353353
secondary_factorial,post-preregistration secondary sensitivity evidence,80,2ed14cb1829ad2cda6c8db7ca5485a7bd055e075,analysis/q256_target_weight_factorial/seed14_18_learning_curve_results/q256_seed14_18_learning_curve_results.csv,14,C,896,1,8.498692707063269,0.0051506391941942
secondary_factorial,post-preregistration secondary sensitivity evidence,80,2ed14cb1829ad2cda6c8db7ca5485a7bd055e075,analysis/q256_target_weight_factorial/seed14_18_learning_curve_results/q256_seed14_18_learning_curve_results.csv,14,C,896,2,2.7401602879255504,0.0009149509984984
secondary_factorial,post-preregistration secondary sensitivity evidence,80,2ed14cb1829ad2cda6c8db7ca5485a7bd055e075,analysis/q256_target_weight_factorial/seed14_18_learning_curve_results/q256_seed14_18_learning_curve_results.csv,14,C,1024,1,8.053548226442366,0.0048673194269269
secondary_factorial,post-preregistration secondary sensitivity evidence,80,2ed14cb1829ad2cda6c8db7ca5485a7bd055e075,analysis/q256_target_weight_factorial/seed14_18_learning_curve_results/q256_seed14_18_learning_curve_results.csv,14,C,1024,2,2.7265116289968137,0.0008707779879879
secondary_factorial,post-preregistration secondary sensitivity evidence,80,2ed14cb1829ad2cda6c8db7ca5485a7bd055e075,analysis/q256_target_weight_factorial/seed14_18_learning_curve_results/q256_seed14_18_learning_curve_results.csv,14,D,384,1,124.5784127496727,0.1110617531631631
secondary_factorial,post-preregistration secondary sensitivity evidence,80,2ed14cb1829ad2cda6c8db7ca5485a7bd055e075,analysis/q256_target_weight_factorial/seed14_18_learning_curve_results/q256_seed14_18_learning_curve_results.csv,14,D,384,2,21.354691178821653,0.0133393020645645
secondary_factorial,post-preregistration secondary sensitivity evidence,80,2ed14cb1829ad2cda6c8db7ca5485a7bd055e075,analysis/q256_target_weight_factorial/seed14_18_learning_curve_results/q256_seed14_18_learning_curve_results.csv,14,D,512,1,24.289509179394265,0.018422864542042
secondary_factorial,post-preregistration secondary sensitivity evidence,80,2ed14cb1829ad2cda6c8db7ca5485a7bd055e075,analysis/q256_target_weight_factorial/seed14_18_learning_curve_results/q256_seed14_18_learning_curve_results.csv,14,D,512,2,6.21771503901132,0.0043956966641642
secondary_factorial,post-preregistration secondary sensitivity evidence,80,2ed14cb1829ad2cda6c8db7ca5485a7bd055e075,analysis/q256_target_weight_factorial/seed14_18_learning_curve_results/q256_seed14_18_learning_curve_results.csv,14,D,640,1,9.262512563817692,0.0055445987012012
secondary_factorial,post-preregistration secondary sensitivity evidence,80,2ed14cb1829ad2cda6c8db7ca5485a7bd055e075,analysis/q256_target_weight_factorial/seed14_18_learning_curve_results/q256_seed14_18_learning_curve_results.csv,14,D,640,2,3.354442853184654,0.0014162873073073
secondary_factorial,post-preregistration secondary sensitivity evidence,80,2ed14cb1829ad2cda6c8db7ca5485a7bd055e075,analysis/q256_target_weight_factorial/seed14_18_learning_curve_results/q256_seed14_18_learning_curve_results.csv,14,D,768,1,8.022343648189235,0.0047276181781781
secondary_factorial,post-preregistration secondary sensitivity evidence,80,2ed14cb1829ad2cda6c8db7ca5485a7bd055e075,analysis/q256_target_weight_factorial/seed14_18_learning_curve_results/q256_seed14_18_learning_curve_results.csv,14,D,768,2,2.8842139371839535,0.0009388823498498
secondary_factorial,post-preregistration secondary sensitivity evidence,80,2ed14cb1829ad2cda6c8db7ca5485a7bd055e075,analysis/q256_target_weight_factorial/seed14_18_learning_curve_results/q256_seed14_18_learning_curve_results.csv,14,D,896,1,7.4927420765310035,0.0045000052377377
secondary_factorial,post-preregistration secondary sensitivity evidence,80,2ed14cb1829ad2cda6c8db7ca5485a7bd055e075,analysis/q256_target_weight_factorial/seed14_18_learning_curve_results/q256_seed14_18_learning_curve_results.csv,14,D,896,2,2.712252135064306,0.0008734742342342
secondary_factorial,post-preregistration secondary sensitivity evidence,80,2ed14cb1829ad2cda6c8db7ca5485a7bd055e075,analysis/q256_target_weight_factorial/seed14_18_learning_curve_results/q256_seed14_18_learning_curve_results.csv,14,D,1024,1,7.36199066645228,0.0045017915515515
secondary_factorial,post-preregistration secondary sensitivity evidence,80,2ed14cb1829ad2cda6c8db7ca5485a7bd055e075,analysis/q256_target_weight_factorial/seed14_18_learning_curve_results/q256_seed14_18_learning_curve_results.csv,14,D,1024,2,2.6834046893013337,0.0008863443393393
secondary_factorial,post-preregistration secondary sensitivity evidence,80,2ed14cb1829ad2cda6c8db7ca5485a7bd055e075,analysis/q256_target_weight_factorial/seed14_18_learning_curve_results/q256_seed14_18_learning_curve_results.csv,15,A,384,1,230.41366250872065,0.23442400496997
secondary_factorial,post-preregistration secondary sensitivity evidence,80,2ed14cb1829ad2cda6c8db7ca5485a7bd055e075,analysis/q256_target_weight_factorial/seed14_18_learning_curve_results/q256_seed14_18_learning_curve_results.csv,15,A,384,2,42.995528381783586,0.0325800836636636
secondary_factorial,post-preregistration secondary sensitivity evidence,80,2ed14cb1829ad2cda6c8db7ca5485a7bd055e075,analysis/q256_target_weight_factorial/seed14_18_learning_curve_results/q256_seed14_18_learning_curve_results.csv,15,A,512,1,26.003153012813268,0.0190321738188188
secondary_factorial,post-preregistration secondary sensitivity evidence,80,2ed14cb1829ad2cda6c8db7ca5485a7bd055e075,analysis/q256_target_weight_factorial/seed14_18_learning_curve_results/q256_seed14_18_learning_curve_results.csv,15,A,512,2,5.469127311708567,0.0026667770145145
secondary_factorial,post-preregistration secondary sensitivity evidence,80,2ed14cb1829ad2cda6c8db7ca5485a7bd055e075,analysis/q256_target_weight_factorial/seed14_18_learning_curve_results/q256_seed14_18_learning_curve_results.csv,15,A,640,1,13.19431335246235,0.008756352077077
secondary_factorial,post-preregistration secondary sensitivity evidence,80,2ed14cb1829ad2cda6c8db7ca5485a7bd055e075,analysis/q256_target_weight_factorial/seed14_18_learning_curve_results/q256_seed14_18_learning_curve_results.csv,15,A,640,2,3.6488807218209582,0.0020259181106106
secondary_factorial,post-preregistration secondary sensitivity evidence,80,2ed14cb1829ad2cda6c8db7ca5485a7bd055e075,analysis/q256_target_weight_factorial/seed14_18_learning_curve_results/q256_seed14_18_learning_curve_results.csv,15,A,768,1,10.58129861155231,0.0068022228578578
secondary_factorial,post-preregistration secondary sensitivity evidence,80,2ed14cb1829ad2cda6c8db7ca5485a7bd055e075,analysis/q256_target_weight_factorial/seed14_18_learning_curve_results/q256_seed14_18_learning_curve_results.csv,15,A,768,2,3.0468617355562513,0.001352114567067
secondary_factorial,post-preregistration secondary sensitivity evidence,80,2ed14cb1829ad2cda6c8db7ca5485a7bd055e075,analysis/q256_target_weight_factorial/seed14_18_learning_curve_results/q256_seed14_18_learning_curve_results.csv,15,A,896,1,9.08149416263251,0.0057739598998998
secondary_factorial,post-preregistration secondary sensitivity evidence,80,2ed14cb1829ad2cda6c8db7ca5485a7bd055e075,analysis/q256_target_weight_factorial/seed14_18_learning_curve_results/q256_seed14_18_learning_curve_results.csv,15,A,896,2,2.710830858956788,0.00096751507007
secondary_factorial,post-preregistration secondary sensitivity evidence,80,2ed14cb1829ad2cda6c8db7ca5485a7bd055e075,analysis/q256_target_weight_factorial/seed14_18_learning_curve_results/q256_seed14_18_learning_curve_results.csv,15,A,1024,1,8.33294771234127,0.0052101088488488
secondary_factorial,post-preregistration secondary sensitivity evidence,80,2ed14cb1829ad2cda6c8db7ca5485a7bd055e075,analysis/q256_target_weight_factorial/seed14_18_learning_curve_results/q256_seed14_18_learning_curve_results.csv,15,A,1024,2,2.690477973864317,0.0009249289139139
secondary_factorial,post-preregistration secondary sensitivity evidence,80,2ed14cb1829ad2cda6c8db7ca5485a7bd055e075,analysis/q256_target_weight_factorial/seed14_18_learning_curve_results/q256_seed14_18_learning_curve_results.csv,15,B,384,1,186.34827240978373,0.1823192007532532
secondary_factorial,post-preregistration secondary sensitivity evidence,80,2ed14cb1829ad2cda6c8db7ca5485a7bd055e075,analysis/q256_target_weight_factorial/seed14_18_learning_curve_results/q256_seed14_18_learning_curve_results.csv,15,B,384,2,27.886766142113093,0.0173979877552552
secondary_factorial,post-preregistration secondary sensitivity evidence,80,2ed14cb1829ad2cda6c8db7ca5485a7bd055e075,analysis/q256_target_weight_factorial/seed14_18_learning_curve_results/q256_seed14_18_learning_curve_results.csv,15,B,512,1,27.36049005719667,0.0211863109834834
secondary_factorial,post-preregistration secondary sensitivity evidence,80,2ed14cb1829ad2cda6c8db7ca5485a7bd055e075,analysis/q256_target_weight_factorial/seed14_18_learning_curve_results/q256_seed14_18_learning_curve_results.csv,15,B,512,2,6.733771961318045,0.0048278477852852
secondary_factorial,post-preregistration secondary sensitivity evidence,80,2ed14cb1829ad2cda6c8db7ca5485a7bd055e075,analysis/q256_target_weight_factorial/seed14_18_learning_curve_results/q256_seed14_18_learning_curve_results.csv,15,B,640,1,12.13334812532395,0.0079072737312312
secondary_factorial,post-preregistration secondary sensitivity evidence,80,2ed14cb1829ad2cda6c8db7ca5485a7bd055e075,analysis/q256_target_weight_factorial/seed14_18_learning_curve_results/q256_seed14_18_learning_curve_results.csv,15,B,640,2,3.489705735308976,0.0015224476676676
secondary_factorial,post-preregistration secondary sensitivity evidence,80,2ed14cb1829ad2cda6c8db7ca5485a7bd055e075,analysis/q256_target_weight_factorial/seed14_18_learning_curve_results/q256_seed14_18_learning_curve_results.csv,15,B,768,1,10.010929377999222,0.0063328371696696
secondary_factorial,post-preregistration secondary sensitivity evidence,80,2ed14cb1829ad2cda6c8db7ca5485a7bd055e075,analysis/q256_target_weight_factorial/seed14_18_learning_curve_results/q256_seed14_18_learning_curve_results.csv,15,B,768,2,3.03186523171357,0.0011011868643643
secondary_factorial,post-preregistration secondary sensitivity evidence,80,2ed14cb1829ad2cda6c8db7ca5485a7bd055e075,analysis/q256_target_weight_factorial/seed14_18_learning_curve_results/q256_seed14_18_learning_curve_results.csv,15,B,896,1,8.932076667881445,0.0057723899449449
secondary_factorial,post-preregistration secondary sensitivity evidence,80,2ed14cb1829ad2cda6c8db7ca5485a7bd055e075,analysis/q256_target_weight_factorial/seed14_18_learning_curve_results/q256_seed14_18_learning_curve_results.csv,15,B,896,2,2.798745140554284,0.0009969394294294
secondary_factorial,post-preregistration secondary sensitivity evidence,80,2ed14cb1829ad2cda6c8db7ca5485a7bd055e075,analysis/q256_target_weight_factorial/seed14_18_learning_curve_results/q256_seed14_18_learning_curve_results.csv,15,B,1024,1,8.260731470158076,0.0053387231806806
secondary_factorial,post-preregistration secondary sensitivity evidence,80,2ed14cb1829ad2cda6c8db7ca5485a7bd055e075,analysis/q256_target_weight_factorial/seed14_18_learning_curve_results/q256_seed14_18_learning_curve_results.csv,15,B,1024,2,2.761591438780781,0.0009775403103103
secondary_factorial,post-preregistration secondary sensitivity evidence,80,2ed14cb1829ad2cda6c8db7ca5485a7bd055e075,analysis/q256_target_weight_factorial/seed14_18_learning_curve_results/q256_seed14_18_learning_curve_results.csv,15,C,384,1,190.81300142446395,0.1885472152627628
secondary_factorial,post-preregistration secondary sensitivity evidence,80,2ed14cb1829ad2cda6c8db7ca5485a7bd055e075,analysis/q256_target_weight_factorial/seed14_18_learning_curve_results/q256_seed14_18_learning_curve_results.csv,15,C,384,2,25.19015558569047,0.0154836569919919
secondary_factorial,post-preregistration secondary sensitivity evidence,80,2ed14cb1829ad2cda6c8db7ca5485a7bd055e075,analysis/q256_target_weight_factorial/seed14_18_learning_curve_results/q256_seed14_18_learning_curve_results.csv,15,C,512,1,28.471158220834333,0.0222355927002002
secondary_factorial,post-preregistration secondary sensitivity evidence,80,2ed14cb1829ad2cda6c8db7ca5485a7bd055e075,analysis/q256_target_weight_factorial/seed14_18_learning_curve_results/q256_seed14_18_learning_curve_results.csv,15,C,512,2,6.639422833161503,0.0048184032132132
secondary_factorial,post-preregistration secondary sensitivity evidence,80,2ed14cb1829ad2cda6c8db7ca5485a7bd055e075,analysis/q256_target_weight_factorial/seed14_18_learning_curve_results/q256_seed14_18_learning_curve_results.csv,15,C,640,1,12.045212546516836,0.0078857252727727
secondary_factorial,post-preregistration secondary sensitivity evidence,80,2ed14cb1829ad2cda6c8db7ca5485a7bd055e075,analysis/q256_target_weight_factorial/seed14_18_learning_curve_results/q256_seed14_18_learning_curve_results.csv,15,C,640,2,3.500783077845718,0.0015886268918918
secondary_factorial,post-preregistration secondary sensitivity evidence,80,2ed14cb1829ad2cda6c8db7ca5485a7bd055e075,analysis/q256_target_weight_factorial/seed14_18_learning_curve_results/q256_seed14_18_learning_curve_results.csv,15,C,768,1,9.846891897637324,0.0063046174299299
secondary_factorial,post-preregistration secondary sensitivity evidence,80,2ed14cb1829ad2cda6c8db7ca5485a7bd055e075,analysis/q256_target_weight_factorial/seed14_18_learning_curve_results/q256_seed14_18_learning_curve_results.csv,15,C,768,2,2.9762208973138446,0.0010992673473473
secondary_factorial,post-preregistration secondary sensitivity evidence,80,2ed14cb1829ad2cda6c8db7ca5485a7bd055e075,analysis/q256_target_weight_factorial/seed14_18_learning_curve_results/q256_seed14_18_learning_curve_results.csv,15,C,896,1,8.902523928730353,0.0057605081356356
secondary_factorial,post-preregistration secondary sensitivity evidence,80,2ed14cb1829ad2cda6c8db7ca5485a7bd055e075,analysis/q256_target_weight_factorial/seed14_18_learning_curve_results/q256_seed14_18_learning_curve_results.csv,15,C,896,2,2.7430613901929775,0.0009969598923923
secondary_factorial,post-preregistration secondary sensitivity evidence,80,2ed14cb1829ad2cda6c8db7ca5485a7bd055e075,analysis/q256_target_weight_factorial/seed14_18_learning_curve_results/q256_seed14_18_learning_curve_results.csv,15,C,1024,1,8.358418647717368,0.0053639751326326
secondary_factorial,post-preregistration secondary sensitivity evidence,80,2ed14cb1829ad2cda6c8db7ca5485a7bd055e075,analysis/q256_target_weight_factorial/seed14_18_learning_curve_results/q256_seed14_18_learning_curve_results.csv,15,C,1024,2,2.7381198076779563,0.0009716990515515
secondary_factorial,post-preregistration secondary sensitivity evidence,80,2ed14cb1829ad2cda6c8db7ca5485a7bd055e075,analysis/q256_target_weight_factorial/seed14_18_learning_curve_results/q256_seed14_18_learning_curve_results.csv,15,D,384,1,225.51284010045345,0.2286288748123123
secondary_factorial,post-preregistration secondary sensitivity evidence,80,2ed14cb1829ad2cda6c8db7ca5485a7bd055e075,analysis/q256_target_weight_factorial/seed14_18_learning_curve_results/q256_seed14_18_learning_curve_results.csv,15,D,384,2,40.892483423086816,0.0300727502452452
secondary_factorial,post-preregistration secondary sensitivity evidence,80,2ed14cb1829ad2cda6c8db7ca5485a7bd055e075,analysis/q256_target_weight_factorial/seed14_18_learning_curve_results/q256_seed14_18_learning_curve_results.csv,15,D,512,1,27.49416277913362,0.0204785398648648
secondary_factorial,post-preregistration secondary sensitivity evidence,80,2ed14cb1829ad2cda6c8db7ca5485a7bd055e075,analysis/q256_target_weight_factorial/seed14_18_learning_curve_results/q256_seed14_18_learning_curve_results.csv,15,D,512,2,5.988632719620535,0.0034314911361361
secondary_factorial,post-preregistration secondary sensitivity evidence,80,2ed14cb1829ad2cda6c8db7ca5485a7bd055e075,analysis/q256_target_weight_factorial/seed14_18_learning_curve_results/q256_seed14_18_learning_curve_results.csv,15,D,640,1,12.856561570678174,0.0084482926101101
secondary_factorial,post-preregistration secondary sensitivity evidence,80,2ed14cb1829ad2cda6c8db7ca5485a7bd055e075,analysis/q256_target_weight_factorial/seed14_18_learning_curve_results/q256_seed14_18_learning_curve_results.csv,15,D,640,2,3.724244049527518,0.0021366492117117
secondary_factorial,post-preregistration secondary sensitivity evidence,80,2ed14cb1829ad2cda6c8db7ca5485a7bd055e075,analysis/q256_target_weight_factorial/seed14_18_learning_curve_results/q256_seed14_18_learning_curve_results.csv,15,D,768,1,10.604847513854049,0.0067828051401401
secondary_factorial,post-preregistration secondary sensitivity evidence,80,2ed14cb1829ad2cda6c8db7ca5485a7bd055e075,analysis/q256_target_weight_factorial/seed14_18_learning_curve_results/q256_seed14_18_learning_curve_results.csv,15,D,768,2,3.0833727868873932,0.0013897080605605
secondary_factorial,post-preregistration secondary sensitivity evidence,80,2ed14cb1829ad2cda6c8db7ca5485a7bd055e075,analysis/q256_target_weight_factorial/seed14_18_learning_curve_results/q256_seed14_18_learning_curve_results.csv,15,D,896,1,9.289274332579865,0.0059844416916917
secondary_factorial,post-preregistration secondary sensitivity evidence,80,2ed14cb1829ad2cda6c8db7ca5485a7bd055e075,analysis/q256_target_weight_factorial/seed14_18_learning_curve_results/q256_seed14_18_learning_curve_results.csv,15,D,896,2,2.7706075640821433,0.0010830516766766
secondary_factorial,post-preregistration secondary sensitivity evidence,80,2ed14cb1829ad2cda6c8db7ca5485a7bd055e075,analysis/q256_target_weight_factorial/seed14_18_learning_curve_results/q256_seed14_18_learning_curve_results.csv,15,D,1024,1,8.400500919853512,0.0053112116791791
secondary_factorial,post-preregistration secondary sensitivity evidence,80,2ed14cb1829ad2cda6c8db7ca5485a7bd055e075,analysis/q256_target_weight_factorial/seed14_18_learning_curve_results/q256_seed14_18_learning_curve_results.csv,15,D,1024,2,2.6982009708857935,0.0009456035260259
secondary_factorial,post-preregistration secondary sensitivity evidence,80,2ed14cb1829ad2cda6c8db7ca5485a7bd055e075,analysis/q256_target_weight_factorial/seed14_18_learning_curve_results/q256_seed14_18_learning_curve_results.csv,16,A,384,1,280.60711602872163,0.3104330163313312
secondary_factorial,post-preregistration secondary sensitivity evidence,80,2ed14cb1829ad2cda6c8db7ca5485a7bd055e075,analysis/q256_target_weight_factorial/seed14_18_learning_curve_results/q256_seed14_18_learning_curve_results.csv,16,A,384,2,309.28236180625436,0.3505642831506507
secondary_factorial,post-preregistration secondary sensitivity evidence,80,2ed14cb1829ad2cda6c8db7ca5485a7bd055e075,analysis/q256_target_weight_factorial/seed14_18_learning_curve_results/q256_seed14_18_learning_curve_results.csv,16,A,512,1,79.61114891298317,0.0637222503078077
secondary_factorial,post-preregistration secondary sensitivity evidence,80,2ed14cb1829ad2cda6c8db7ca5485a7bd055e075,analysis/q256_target_weight_factorial/seed14_18_learning_curve_results/q256_seed14_18_learning_curve_results.csv,16,A,512,2,242.61950018195148,0.2639846454254254
secondary_factorial,post-preregistration secondary sensitivity evidence,80,2ed14cb1829ad2cda6c8db7ca5485a7bd055e075,analysis/q256_target_weight_factorial/seed14_18_learning_curve_results/q256_seed14_18_learning_curve_results.csv,16,A,640,1,21.769403895629445,0.0137544758608608
secondary_factorial,post-preregistration secondary sensitivity evidence,80,2ed14cb1829ad2cda6c8db7ca5485a7bd055e075,analysis/q256_target_weight_factorial/seed14_18_learning_curve_results/q256_seed14_18_learning_curve_results.csv,16,A,640,2,106.49976717211004,0.101966841981982
secondary_factorial,post-preregistration secondary sensitivity evidence,80,2ed14cb1829ad2cda6c8db7ca5485a7bd055e075,analysis/q256_target_weight_factorial/seed14_18_learning_curve_results/q256_seed14_18_learning_curve_results.csv,16,A,768,1,18.988793795498616,0.0124731129879879
secondary_factorial,post-preregistration secondary sensitivity evidence,80,2ed14cb1829ad2cda6c8db7ca5485a7bd055e075,analysis/q256_target_weight_factorial/seed14_18_learning_curve_results/q256_seed14_18_learning_curve_results.csv,16,A,768,2,24.539005451679863,0.0177975762487487
secondary_factorial,post-preregistration secondary sensitivity evidence,80,2ed14cb1829ad2cda6c8db7ca5485a7bd055e075,analysis/q256_target_weight_factorial/seed14_18_learning_curve_results/q256_seed14_18_learning_curve_results.csv,16,A,896,1,15.48364682527802,0.0097973340265265
secondary_factorial,post-preregistration secondary sensitivity evidence,80,2ed14cb1829ad2cda6c8db7ca5485a7bd055e075,analysis/q256_target_weight_factorial/seed14_18_learning_curve_results/q256_seed14_18_learning_curve_results.csv,16,A,896,2,6.892002881988443,0.0036116398948949
secondary_factorial,post-preregistration secondary sensitivity evidence,80,2ed14cb1829ad2cda6c8db7ca5485a7bd055e075,analysis/q256_target_weight_factorial/seed14_18_learning_curve_results/q256_seed14_18_learning_curve_results.csv,16,A,1024,1,13.128048244505033,0.0081909822397397
secondary_factorial,post-preregistration secondary sensitivity evidence,80,2ed14cb1829ad2cda6c8db7ca5485a7bd055e075,analysis/q256_target_weight_factorial/seed14_18_learning_curve_results/q256_seed14_18_learning_curve_results.csv,16,A,1024,2,3.5809443190617207,0.0014717219969969
secondary_factorial,post-preregistration secondary sensitivity evidence,80,2ed14cb1829ad2cda6c8db7ca5485a7bd055e075,analysis/q256_target_weight_factorial/seed14_18_learning_curve_results/q256_seed14_18_learning_curve_results.csv,16,B,384,1,123.67010478999516,0.1112009438188188
secondary_factorial,post-preregistration secondary sensitivity evidence,80,2ed14cb1829ad2cda6c8db7ca5485a7bd055e075,analysis/q256_target_weight_factorial/seed14_18_learning_curve_results/q256_seed14_18_learning_curve_results.csv,16,B,384,2,278.96708571152647,0.3036725022247247
secondary_factorial,post-preregistration secondary sensitivity evidence,80,2ed14cb1829ad2cda6c8db7ca5485a7bd055e075,analysis/q256_target_weight_factorial/seed14_18_learning_curve_results/q256_seed14_18_learning_curve_results.csv,16,B,512,1,29.843645904300313,0.0187943698098098
secondary_factorial,post-preregistration secondary sensitivity evidence,80,2ed14cb1829ad2cda6c8db7ca5485a7bd055e075,analysis/q256_target_weight_factorial/seed14_18_learning_curve_results/q256_seed14_18_learning_curve_results.csv,16,B,512,2,172.20847921596453,0.1820148067517518
secondary_factorial,post-preregistration secondary sensitivity evidence,80,2ed14cb1829ad2cda6c8db7ca5485a7bd055e075,analysis/q256_target_weight_factorial/seed14_18_learning_curve_results/q256_seed14_18_learning_curve_results.csv,16,B,640,1,16.4919664073048,0.0101005714564564
secondary_factorial,post-preregistration secondary sensitivity evidence,80,2ed14cb1829ad2cda6c8db7ca5485a7bd055e075,analysis/q256_target_weight_factorial/seed14_18_learning_curve_results/q256_seed14_18_learning_curve_results.csv,16,B,640,2,48.39465668421272,0.0389921351751751
secondary_factorial,post-preregistration secondary sensitivity evidence,80,2ed14cb1829ad2cda6c8db7ca5485a7bd055e075,analysis/q256_target_weight_factorial/seed14_18_learning_curve_results/q256_seed14_18_learning_curve_results.csv,16,B,768,1,14.126497825278,0.0087301553453453
secondary_factorial,post-preregistration secondary sensitivity evidence,80,2ed14cb1829ad2cda6c8db7ca5485a7bd055e075,analysis/q256_target_weight_factorial/seed14_18_learning_curve_results/q256_seed14_18_learning_curve_results.csv,16,B,768,2,9.613149792320334,0.0055353485135135
secondary_factorial,post-preregistration secondary sensitivity evidence,80,2ed14cb1829ad2cda6c8db7ca5485a7bd055e075,analysis/q256_target_weight_factorial/seed14_18_learning_curve_results/q256_seed14_18_learning_curve_results.csv,16,B,896,1,12.292178885773112,0.0074736859359359
secondary_factorial,post-preregistration secondary sensitivity evidence,80,2ed14cb1829ad2cda6c8db7ca5485a7bd055e075,analysis/q256_target_weight_factorial/seed14_18_learning_curve_results/q256_seed14_18_learning_curve_results.csv,16,B,896,2,3.778793753315769,0.0015127478753753
secondary_factorial,post-preregistration secondary sensitivity evidence,80,2ed14cb1829ad2cda6c8db7ca5485a7bd055e075,analysis/q256_target_weight_factorial/seed14_18_learning_curve_results/q256_seed14_18_learning_curve_results.csv,16,B,1024,1,10.915400791045837,0.0066040826776776
secondary_factorial,post-preregistration secondary sensitivity evidence,80,2ed14cb1829ad2cda6c8db7ca5485a7bd055e075,analysis/q256_target_weight_factorial/seed14_18_learning_curve_results/q256_seed14_18_learning_curve_results.csv,16,B,1024,2,3.284341831457189,0.0016580397672672
secondary_factorial,post-preregistration secondary sensitivity evidence,80,2ed14cb1829ad2cda6c8db7ca5485a7bd055e075,analysis/q256_target_weight_factorial/seed14_18_learning_curve_results/q256_seed14_18_learning_curve_results.csv,16,C,384,1,241.2418829241552,0.2611870008258258
secondary_factorial,post-preregistration secondary sensitivity evidence,80,2ed14cb1829ad2cda6c8db7ca5485a7bd055e075,analysis/q256_target_weight_factorial/seed14_18_learning_curve_results/q256_seed14_18_learning_curve_results.csv,16,C,384,2,295.2153647438438,0.3296402775325325
secondary_factorial,post-preregistration secondary sensitivity evidence,80,2ed14cb1829ad2cda6c8db7ca5485a7bd055e075,analysis/q256_target_weight_factorial/seed14_18_learning_curve_results/q256_seed14_18_learning_curve_results.csv,16,C,512,1,56.007924829876075,0.0404872856581581
secondary_factorial,post-preregistration secondary sensitivity evidence,80,2ed14cb1829ad2cda6c8db7ca5485a7bd055e075,analysis/q256_target_weight_factorial/seed14_18_learning_curve_results/q256_seed14_18_learning_curve_results.csv,16,C,512,2,209.569858889606,0.2266202106006006
secondary_factorial,post-preregistration secondary sensitivity evidence,80,2ed14cb1829ad2cda6c8db7ca5485a7bd055e075,analysis/q256_target_weight_factorial/seed14_18_learning_curve_results/q256_seed14_18_learning_curve_results.csv,16,C,640,1,18.847631301106947,0.0112747753128127
secondary_factorial,post-preregistration secondary sensitivity evidence,80,2ed14cb1829ad2cda6c8db7ca5485a7bd055e075,analysis/q256_target_weight_factorial/seed14_18_learning_curve_results/q256_seed14_18_learning_curve_results.csv,16,C,640,2,74.42052648977446,0.0662743403203203
secondary_factorial,post-preregistration secondary sensitivity evidence,80,2ed14cb1829ad2cda6c8db7ca5485a7bd055e075,analysis/q256_target_weight_factorial/seed14_18_learning_curve_results/q256_seed14_18_learning_curve_results.csv,16,C,768,1,15.46264973408794,0.0095165494519519
secondary_factorial,post-preregistration secondary sensitivity evidence,80,2ed14cb1829ad2cda6c8db7ca5485a7bd055e075,analysis/q256_target_weight_factorial/seed14_18_learning_curve_results/q256_seed14_18_learning_curve_results.csv,16,C,768,2,15.337338559481022,0.0099972052402402
secondary_factorial,post-preregistration secondary sensitivity evidence,80,2ed14cb1829ad2cda6c8db7ca5485a7bd055e075,analysis/q256_target_weight_factorial/seed14_18_learning_curve_results/q256_seed14_18_learning_curve_results.csv,16,C,896,1,14.133853657575902,0.0088929334184184
secondary_factorial,post-preregistration secondary sensitivity evidence,80,2ed14cb1829ad2cda6c8db7ca5485a7bd055e075,analysis/q256_target_weight_factorial/seed14_18_learning_curve_results/q256_seed14_18_learning_curve_results.csv,16,C,896,2,4.834723445509005,0.002095300035035
secondary_factorial,post-preregistration secondary sensitivity evidence,80,2ed14cb1829ad2cda6c8db7ca5485a7bd055e075,analysis/q256_target_weight_factorial/seed14_18_learning_curve_results/q256_seed14_18_learning_curve_results.csv,16,C,1024,1,12.952898348362517,0.0082875903828828
secondary_factorial,post-preregistration secondary sensitivity evidence,80,2ed14cb1829ad2cda6c8db7ca5485a7bd055e075,analysis/q256_target_weight_factorial/seed14_18_learning_curve_results/q256_seed14_18_learning_curve_results.csv,16,C,1024,2,3.5058503048188587,0.0016921038588588
secondary_factorial,post-preregistration secondary sensitivity evidence,80,2ed14cb1829ad2cda6c8db7ca5485a7bd055e075,analysis/q256_target_weight_factorial/seed14_18_learning_curve_results/q256_seed14_18_learning_curve_results.csv,16,D,384,1,199.36551641918567,0.2084654621946947
secondary_factorial,post-preregistration secondary sensitivity evidence,80,2ed14cb1829ad2cda6c8db7ca5485a7bd055e075,analysis/q256_target_weight_factorial/seed14_18_learning_curve_results/q256_seed14_18_learning_curve_results.csv,16,D,384,2,287.4622250792006,0.3168241126876876
secondary_factorial,post-preregistration secondary sensitivity evidence,80,2ed14cb1829ad2cda6c8db7ca5485a7bd055e075,analysis/q256_target_weight_factorial/seed14_18_learning_curve_results/q256_seed14_18_learning_curve_results.csv,16,D,512,1,40.32055638898393,0.0262919746696696
secondary_factorial,post-preregistration secondary sensitivity evidence,80,2ed14cb1829ad2cda6c8db7ca5485a7bd055e075,analysis/q256_target_weight_factorial/seed14_18_learning_curve_results/q256_seed14_18_learning_curve_results.csv,16,D,512,2,196.5686868898682,0.2105186385785786
secondary_factorial,post-preregistration secondary sensitivity evidence,80,2ed14cb1829ad2cda6c8db7ca5485a7bd055e075,analysis/q256_target_weight_factorial/seed14_18_learning_curve_results/q256_seed14_18_learning_curve_results.csv,16,D,640,1,16.787054659618,0.0099347519719719
secondary_factorial,post-preregistration secondary sensitivity evidence,80,2ed14cb1829ad2cda6c8db7ca5485a7bd055e075,analysis/q256_target_weight_factorial/seed14_18_learning_curve_results/q256_seed14_18_learning_curve_results.csv,16,D,640,2,68.78089330745891,0.0599464383283283
secondary_factorial,post-preregistration secondary sensitivity evidence,80,2ed14cb1829ad2cda6c8db7ca5485a7bd055e075,analysis/q256_target_weight_factorial/seed14_18_learning_curve_results/q256_seed14_18_learning_curve_results.csv,16,D,768,1,15.01932457303904,0.0092581606331331
secondary_factorial,post-preregistration secondary sensitivity evidence,80,2ed14cb1829ad2cda6c8db7ca5485a7bd055e075,analysis/q256_target_weight_factorial/seed14_18_learning_curve_results/q256_seed14_18_learning_curve_results.csv,16,D,768,2,15.02630187748544,0.009661919597097
secondary_factorial,post-preregistration secondary sensitivity evidence,80,2ed14cb1829ad2cda6c8db7ca5485a7bd055e075,analysis/q256_target_weight_factorial/seed14_18_learning_curve_results/q256_seed14_18_learning_curve_results.csv,16,D,896,1,13.346356789922602,0.0082762088038037
secondary_factorial,post-preregistration secondary sensitivity evidence,80,2ed14cb1829ad2cda6c8db7ca5485a7bd055e075,analysis/q256_target_weight_factorial/seed14_18_learning_curve_results/q256_seed14_18_learning_curve_results.csv,16,D,896,2,4.822217252965749,0.0020582940565565
secondary_factorial,post-preregistration secondary sensitivity evidence,80,2ed14cb1829ad2cda6c8db7ca5485a7bd055e075,analysis/q256_target_weight_factorial/seed14_18_learning_curve_results/q256_seed14_18_learning_curve_results.csv,16,D,1024,1,11.635468716455229,0.0071638788888888
secondary_factorial,post-preregistration secondary sensitivity evidence,80,2ed14cb1829ad2cda6c8db7ca5485a7bd055e075,analysis/q256_target_weight_factorial/seed14_18_learning_curve_results/q256_seed14_18_learning_curve_results.csv,16,D,1024,2,3.239096130216269,0.0013379992592592
secondary_factorial,post-preregistration secondary sensitivity evidence,80,2ed14cb1829ad2cda6c8db7ca5485a7bd055e075,analysis/q256_target_weight_factorial/seed14_18_learning_curve_results/q256_seed14_18_learning_curve_results.csv,17,A,384,1,268.7678931844031,0.2716214554604605
secondary_factorial,post-preregistration secondary sensitivity evidence,80,2ed14cb1829ad2cda6c8db7ca5485a7bd055e075,analysis/q256_target_weight_factorial/seed14_18_learning_curve_results/q256_seed14_18_learning_curve_results.csv,17,A,384,2,50.49303204828779,0.0364012090665665
secondary_factorial,post-preregistration secondary sensitivity evidence,80,2ed14cb1829ad2cda6c8db7ca5485a7bd055e075,analysis/q256_target_weight_factorial/seed14_18_learning_curve_results/q256_seed14_18_learning_curve_results.csv,17,A,512,1,68.82353854978001,0.0603058421521521
secondary_factorial,post-preregistration secondary sensitivity evidence,80,2ed14cb1829ad2cda6c8db7ca5485a7bd055e075,analysis/q256_target_weight_factorial/seed14_18_learning_curve_results/q256_seed14_18_learning_curve_results.csv,17,A,512,2,9.883707847700355,0.0054673144544544
secondary_factorial,post-preregistration secondary sensitivity evidence,80,2ed14cb1829ad2cda6c8db7ca5485a7bd055e075,analysis/q256_target_weight_factorial/seed14_18_learning_curve_results/q256_seed14_18_learning_curve_results.csv,17,A,640,1,11.700098950891888,0.0072435193743743
secondary_factorial,post-preregistration secondary sensitivity evidence,80,2ed14cb1829ad2cda6c8db7ca5485a7bd055e075,analysis/q256_target_weight_factorial/seed14_18_learning_curve_results/q256_seed14_18_learning_curve_results.csv,17,A,640,2,3.772228315992331,0.0019233164614614
secondary_factorial,post-preregistration secondary sensitivity evidence,80,2ed14cb1829ad2cda6c8db7ca5485a7bd055e075,analysis/q256_target_weight_factorial/seed14_18_learning_curve_results/q256_seed14_18_learning_curve_results.csv,17,A,768,1,10.241212368909617,0.0063249058258258
secondary_factorial,post-preregistration secondary sensitivity evidence,80,2ed14cb1829ad2cda6c8db7ca5485a7bd055e075,analysis/q256_target_weight_factorial/seed14_18_learning_curve_results/q256_seed14_18_learning_curve_results.csv,17,A,768,2,3.1589123794154412,0.0013013099449449
secondary_factorial,post-preregistration secondary sensitivity evidence,80,2ed14cb1829ad2cda6c8db7ca5485a7bd055e075,analysis/q256_target_weight_factorial/seed14_18_learning_curve_results/q256_seed14_18_learning_curve_results.csv,17,A,896,1,8.87234269281641,0.0052954624799799
secondary_factorial,post-preregistration secondary sensitivity evidence,80,2ed14cb1829ad2cda6c8db7ca5485a7bd055e075,analysis/q256_target_weight_factorial/seed14_18_learning_curve_results/q256_seed14_18_learning_curve_results.csv,17,A,896,2,2.9112036039643328,0.0009916774174174
secondary_factorial,post-preregistration secondary sensitivity evidence,80,2ed14cb1829ad2cda6c8db7ca5485a7bd055e075,analysis/q256_target_weight_factorial/seed14_18_learning_curve_results/q256_seed14_18_learning_curve_results.csv,17,A,1024,1,7.938111750384575,0.0045652882207207
secondary_factorial,post-preregistration secondary sensitivity evidence,80,2ed14cb1829ad2cda6c8db7ca5485a7bd055e075,analysis/q256_target_weight_factorial/seed14_18_learning_curve_results/q256_seed14_18_learning_curve_results.csv,17,A,1024,2,2.722472930504241,0.0008303739164164
secondary_factorial,post-preregistration secondary sensitivity evidence,80,2ed14cb1829ad2cda6c8db7ca5485a7bd055e075,analysis/q256_target_weight_factorial/seed14_18_learning_curve_results/q256_seed14_18_learning_curve_results.csv,17,B,384,1,265.1177377110324,0.271428198063063
secondary_factorial,post-preregistration secondary sensitivity evidence,80,2ed14cb1829ad2cda6c8db7ca5485a7bd055e075,analysis/q256_target_weight_factorial/seed14_18_learning_curve_results/q256_seed14_18_learning_curve_results.csv,17,B,384,2,91.41173274245004,0.079884408551051
secondary_factorial,post-preregistration secondary sensitivity evidence,80,2ed14cb1829ad2cda6c8db7ca5485a7bd055e075,analysis/q256_target_weight_factorial/seed14_18_learning_curve_results/q256_seed14_18_learning_curve_results.csv,17,B,512,1,29.652482678224565,0.0222080107632632
secondary_factorial,post-preregistration secondary sensitivity evidence,80,2ed14cb1829ad2cda6c8db7ca5485a7bd055e075,analysis/q256_target_weight_factorial/seed14_18_learning_curve_results/q256_seed14_18_learning_curve_results.csv,17,B,512,2,15.663461719818054,0.0117321302227227
secondary_factorial,post-preregistration secondary sensitivity evidence,80,2ed14cb1829ad2cda6c8db7ca5485a7bd055e075,analysis/q256_target_weight_factorial/seed14_18_learning_curve_results/q256_seed14_18_learning_curve_results.csv,17,B,640,1,15.086514135831624,0.0101825042367367
secondary_factorial,post-preregistration secondary sensitivity evidence,80,2ed14cb1829ad2cda6c8db7ca5485a7bd055e075,analysis/q256_target_weight_factorial/seed14_18_learning_curve_results/q256_seed14_18_learning_curve_results.csv,17,B,640,2,4.141130946518469,0.0014873982557557
secondary_factorial,post-preregistration secondary sensitivity evidence,80,2ed14cb1829ad2cda6c8db7ca5485a7bd055e075,analysis/q256_target_weight_factorial/seed14_18_learning_curve_results/q256_seed14_18_learning_curve_results.csv,17,B,768,1,12.29577405774366,0.0081187529529529
secondary_factorial,post-preregistration secondary sensitivity evidence,80,2ed14cb1829ad2cda6c8db7ca5485a7bd055e075,analysis/q256_target_weight_factorial/seed14_18_learning_curve_results/q256_seed14_18_learning_curve_results.csv,17,B,768,2,3.4880125086724085,0.0018098651101101
secondary_factorial,post-preregistration secondary sensitivity evidence,80,2ed14cb1829ad2cda6c8db7ca5485a7bd055e075,analysis/q256_target_weight_factorial/seed14_18_learning_curve_results/q256_seed14_18_learning_curve_results.csv,17,B,896,1,10.340971428787384,0.0066450755555555
secondary_factorial,post-preregistration secondary sensitivity evidence,80,2ed14cb1829ad2cda6c8db7ca5485a7bd055e075,analysis/q256_target_weight_factorial/seed14_18_learning_curve_results/q256_seed14_18_learning_curve_results.csv,17,B,896,2,3.0523209828358224,0.0012660214139139
secondary_factorial,post-preregistration secondary sensitivity evidence,80,2ed14cb1829ad2cda6c8db7ca5485a7bd055e075,analysis/q256_target_weight_factorial/seed14_18_learning_curve_results/q256_seed14_18_learning_curve_results.csv,17,B,1024,1,9.18587267698279,0.0056572794194194
secondary_factorial,post-preregistration secondary sensitivity evidence,80,2ed14cb1829ad2cda6c8db7ca5485a7bd055e075,analysis/q256_target_weight_factorial/seed14_18_learning_curve_results/q256_seed14_18_learning_curve_results.csv,17,B,1024,2,2.804406929354299,0.0009474917992993
secondary_factorial,post-preregistration secondary sensitivity evidence,80,2ed14cb1829ad2cda6c8db7ca5485a7bd055e075,analysis/q256_target_weight_factorial/seed14_18_learning_curve_results/q256_seed14_18_learning_curve_results.csv,17,C,384,1,274.11298578022627,0.2783407915415416
secondary_factorial,post-preregistration secondary sensitivity evidence,80,2ed14cb1829ad2cda6c8db7ca5485a7bd055e075,analysis/q256_target_weight_factorial/seed14_18_learning_curve_results/q256_seed14_18_learning_curve_results.csv,17,C,384,2,74.99310986969468,0.0608080892767767
secondary_factorial,post-preregistration secondary sensitivity evidence,80,2ed14cb1829ad2cda6c8db7ca5485a7bd055e075,analysis/q256_target_weight_factorial/seed14_18_learning_curve_results/q256_seed14_18_learning_curve_results.csv,17,C,512,1,73.59638455553569,0.0652576218268268
secondary_factorial,post-preregistration secondary sensitivity evidence,80,2ed14cb1829ad2cda6c8db7ca5485a7bd055e075,analysis/q256_target_weight_factorial/seed14_18_learning_curve_results/q256_seed14_18_learning_curve_results.csv,17,C,512,2,15.220782707638056,0.0100341478928929
secondary_factorial,post-preregistration secondary sensitivity evidence,80,2ed14cb1829ad2cda6c8db7ca5485a7bd055e075,analysis/q256_target_weight_factorial/seed14_18_learning_curve_results/q256_seed14_18_learning_curve_results.csv,17,C,640,1,12.471622836706503,0.008055725457958
secondary_factorial,post-preregistration secondary sensitivity evidence,80,2ed14cb1829ad2cda6c8db7ca5485a7bd055e075,analysis/q256_target_weight_factorial/seed14_18_learning_curve_results/q256_seed14_18_learning_curve_results.csv,17,C,640,2,3.8376286529073713,0.0016313884834834
secondary_factorial,post-preregistration secondary sensitivity evidence,80,2ed14cb1829ad2cda6c8db7ca5485a7bd055e075,analysis/q256_target_weight_factorial/seed14_18_learning_curve_results/q256_seed14_18_learning_curve_results.csv,17,C,768,1,11.190094949214314,0.0072235914939939
secondary_factorial,post-preregistration secondary sensitivity evidence,80,2ed14cb1829ad2cda6c8db7ca5485a7bd055e075,analysis/q256_target_weight_factorial/seed14_18_learning_curve_results/q256_seed14_18_learning_curve_results.csv,17,C,768,2,3.3348566845854775,0.0015790506156156
secondary_factorial,post-preregistration secondary sensitivity evidence,80,2ed14cb1829ad2cda6c8db7ca5485a7bd055e075,analysis/q256_target_weight_factorial/seed14_18_learning_curve_results/q256_seed14_18_learning_curve_results.csv,17,C,896,1,9.732169123643262,0.0060580506231231
secondary_factorial,post-preregistration secondary sensitivity evidence,80,2ed14cb1829ad2cda6c8db7ca5485a7bd055e075,analysis/q256_target_weight_factorial/seed14_18_learning_curve_results/q256_seed14_18_learning_curve_results.csv,17,C,896,2,2.97565050015473,0.0011084741366366
secondary_factorial,post-preregistration secondary sensitivity evidence,80,2ed14cb1829ad2cda6c8db7ca5485a7bd055e075,analysis/q256_target_weight_factorial/seed14_18_learning_curve_results/q256_seed14_18_learning_curve_results.csv,17,C,1024,1,8.68772467772148,0.005199163018018
secondary_factorial,post-preregistration secondary sensitivity evidence,80,2ed14cb1829ad2cda6c8db7ca5485a7bd055e075,analysis/q256_target_weight_factorial/seed14_18_learning_curve_results/q256_seed14_18_learning_curve_results.csv,17,C,1024,2,2.8149525992542705,0.0009471303428428
secondary_factorial,post-preregistration secondary sensitivity evidence,80,2ed14cb1829ad2cda6c8db7ca5485a7bd055e075,analysis/q256_target_weight_factorial/seed14_18_learning_curve_results/q256_seed14_18_learning_curve_results.csv,17,D,384,1,127.71849883500325,0.1176552406831832
secondary_factorial,post-preregistration secondary sensitivity evidence,80,2ed14cb1829ad2cda6c8db7ca5485a7bd055e075,analysis/q256_target_weight_factorial/seed14_18_learning_curve_results/q256_seed14_18_learning_curve_results.csv,17,D,384,2,20.032906097430356,0.0135274121621621
secondary_factorial,post-preregistration secondary sensitivity evidence,80,2ed14cb1829ad2cda6c8db7ca5485a7bd055e075,analysis/q256_target_weight_factorial/seed14_18_learning_curve_results/q256_seed14_18_learning_curve_results.csv,17,D,512,1,53.570072341590425,0.0452837647697697
secondary_factorial,post-preregistration secondary sensitivity evidence,80,2ed14cb1829ad2cda6c8db7ca5485a7bd055e075,analysis/q256_target_weight_factorial/seed14_18_learning_curve_results/q256_seed14_18_learning_curve_results.csv,17,D,512,2,9.360132531082977,0.0055256917517517
secondary_factorial,post-preregistration secondary sensitivity evidence,80,2ed14cb1829ad2cda6c8db7ca5485a7bd055e075,analysis/q256_target_weight_factorial/seed14_18_learning_curve_results/q256_seed14_18_learning_curve_results.csv,17,D,640,1,19.043854904897664,0.0143383164314314
secondary_factorial,post-preregistration secondary sensitivity evidence,80,2ed14cb1829ad2cda6c8db7ca5485a7bd055e075,analysis/q256_target_weight_factorial/seed14_18_learning_curve_results/q256_seed14_18_learning_curve_results.csv,17,D,640,2,5.013956669446639,0.0023454007257257
secondary_factorial,post-preregistration secondary sensitivity evidence,80,2ed14cb1829ad2cda6c8db7ca5485a7bd055e075,analysis/q256_target_weight_factorial/seed14_18_learning_curve_results/q256_seed14_18_learning_curve_results.csv,17,D,768,1,10.496245284764766,0.0067803011761761
secondary_factorial,post-preregistration secondary sensitivity evidence,80,2ed14cb1829ad2cda6c8db7ca5485a7bd055e075,analysis/q256_target_weight_factorial/seed14_18_learning_curve_results/q256_seed14_18_learning_curve_results.csv,17,D,768,2,3.532968294203,0.0013226307557557
secondary_factorial,post-preregistration secondary sensitivity evidence,80,2ed14cb1829ad2cda6c8db7ca5485a7bd055e075,analysis/q256_target_weight_factorial/seed14_18_learning_curve_results/q256_seed14_18_learning_curve_results.csv,17,D,896,1,8.734530201117671,0.00555829759009
secondary_factorial,post-preregistration secondary sensitivity evidence,80,2ed14cb1829ad2cda6c8db7ca5485a7bd055e075,analysis/q256_target_weight_factorial/seed14_18_learning_curve_results/q256_seed14_18_learning_curve_results.csv,17,D,896,2,3.1175319479253987,0.0010809009809809
secondary_factorial,post-preregistration secondary sensitivity evidence,80,2ed14cb1829ad2cda6c8db7ca5485a7bd055e075,analysis/q256_target_weight_factorial/seed14_18_learning_curve_results/q256_seed14_18_learning_curve_results.csv,17,D,1024,1,7.991873732045355,0.0049809407307307
secondary_factorial,post-preregistration secondary sensitivity evidence,80,2ed14cb1829ad2cda6c8db7ca5485a7bd055e075,analysis/q256_target_weight_factorial/seed14_18_learning_curve_results/q256_seed14_18_learning_curve_results.csv,17,D,1024,2,2.8725202783770447,0.0009404256681681
secondary_factorial,post-preregistration secondary sensitivity evidence,80,2ed14cb1829ad2cda6c8db7ca5485a7bd055e075,analysis/q256_target_weight_factorial/seed14_18_learning_curve_results/q256_seed14_18_learning_curve_results.csv,18,A,384,1,207.60117516437447,0.210377533008008
secondary_factorial,post-preregistration secondary sensitivity evidence,80,2ed14cb1829ad2cda6c8db7ca5485a7bd055e075,analysis/q256_target_weight_factorial/seed14_18_learning_curve_results/q256_seed14_18_learning_curve_results.csv,18,A,384,2,27.20095940711848,0.0183605893268268
secondary_factorial,post-preregistration secondary sensitivity evidence,80,2ed14cb1829ad2cda6c8db7ca5485a7bd055e075,analysis/q256_target_weight_factorial/seed14_18_learning_curve_results/q256_seed14_18_learning_curve_results.csv,18,A,512,1,24.422435836870537,0.0177967968868868
secondary_factorial,post-preregistration secondary sensitivity evidence,80,2ed14cb1829ad2cda6c8db7ca5485a7bd055e075,analysis/q256_target_weight_factorial/seed14_18_learning_curve_results/q256_seed14_18_learning_curve_results.csv,18,A,512,2,5.321580080931895,0.0034618871746746
secondary_factorial,post-preregistration secondary sensitivity evidence,80,2ed14cb1829ad2cda6c8db7ca5485a7bd055e075,analysis/q256_target_weight_factorial/seed14_18_learning_curve_results/q256_seed14_18_learning_curve_results.csv,18,A,640,1,12.352330845522344,0.0079584992842842
secondary_factorial,post-preregistration secondary sensitivity evidence,80,2ed14cb1829ad2cda6c8db7ca5485a7bd055e075,analysis/q256_target_weight_factorial/seed14_18_learning_curve_results/q256_seed14_18_learning_curve_results.csv,18,A,640,2,3.658342745319589,0.0018927429679679
secondary_factorial,post-preregistration secondary sensitivity evidence,80,2ed14cb1829ad2cda6c8db7ca5485a7bd055e075,analysis/q256_target_weight_factorial/seed14_18_learning_curve_results/q256_seed14_18_learning_curve_results.csv,18,A,768,1,9.638867551892185,0.0059452659634634
secondary_factorial,post-preregistration secondary sensitivity evidence,80,2ed14cb1829ad2cda6c8db7ca5485a7bd055e075,analysis/q256_target_weight_factorial/seed14_18_learning_curve_results/q256_seed14_18_learning_curve_results.csv,18,A,768,2,3.032031693145596,0.0012089007457457
secondary_factorial,post-preregistration secondary sensitivity evidence,80,2ed14cb1829ad2cda6c8db7ca5485a7bd055e075,analysis/q256_target_weight_factorial/seed14_18_learning_curve_results/q256_seed14_18_learning_curve_results.csv,18,A,896,1,8.47806932834661,0.0051682255655655
secondary_factorial,post-preregistration secondary sensitivity evidence,80,2ed14cb1829ad2cda6c8db7ca5485a7bd055e075,analysis/q256_target_weight_factorial/seed14_18_learning_curve_results/q256_seed14_18_learning_curve_results.csv,18,A,896,2,2.7933803399403256,0.0010102114989989
secondary_factorial,post-preregistration secondary sensitivity evidence,80,2ed14cb1829ad2cda6c8db7ca5485a7bd055e075,analysis/q256_target_weight_factorial/seed14_18_learning_curve_results/q256_seed14_18_learning_curve_results.csv,18,A,1024,1,7.6660773776351085,0.0044651474574574
secondary_factorial,post-preregistration secondary sensitivity evidence,80,2ed14cb1829ad2cda6c8db7ca5485a7bd055e075,analysis/q256_target_weight_factorial/seed14_18_learning_curve_results/q256_seed14_18_learning_curve_results.csv,18,A,1024,2,2.6843852836463675,0.0008924085935935
secondary_factorial,post-preregistration secondary sensitivity evidence,80,2ed14cb1829ad2cda6c8db7ca5485a7bd055e075,analysis/q256_target_weight_factorial/seed14_18_learning_curve_results/q256_seed14_18_learning_curve_results.csv,18,B,384,1,154.71070875133424,0.1482526800250251
secondary_factorial,post-preregistration secondary sensitivity evidence,80,2ed14cb1829ad2cda6c8db7ca5485a7bd055e075,analysis/q256_target_weight_factorial/seed14_18_learning_curve_results/q256_seed14_18_learning_curve_results.csv,18,B,384,2,24.779707681592264,0.0169777296646647
secondary_factorial,post-preregistration secondary sensitivity evidence,80,2ed14cb1829ad2cda6c8db7ca5485a7bd055e075,analysis/q256_target_weight_factorial/seed14_18_learning_curve_results/q256_seed14_18_learning_curve_results.csv,18,B,512,1,54.921492185683945,0.045876489049049
secondary_factorial,post-preregistration secondary sensitivity evidence,80,2ed14cb1829ad2cda6c8db7ca5485a7bd055e075,analysis/q256_target_weight_factorial/seed14_18_learning_curve_results/q256_seed14_18_learning_curve_results.csv,18,B,512,2,10.284569292949492,0.006065790085085
secondary_factorial,post-preregistration secondary sensitivity evidence,80,2ed14cb1829ad2cda6c8db7ca5485a7bd055e075,analysis/q256_target_weight_factorial/seed14_18_learning_curve_results/q256_seed14_18_learning_curve_results.csv,18,B,640,1,18.239053044366138,0.0131344523173173
secondary_factorial,post-preregistration secondary sensitivity evidence,80,2ed14cb1829ad2cda6c8db7ca5485a7bd055e075,analysis/q256_target_weight_factorial/seed14_18_learning_curve_results/q256_seed14_18_learning_curve_results.csv,18,B,640,2,4.991612899845351,0.0022248178978979
secondary_factorial,post-preregistration secondary sensitivity evidence,80,2ed14cb1829ad2cda6c8db7ca5485a7bd055e075,analysis/q256_target_weight_factorial/seed14_18_learning_curve_results/q256_seed14_18_learning_curve_results.csv,18,B,768,1,10.443110360254703,0.0064773870045044
secondary_factorial,post-preregistration secondary sensitivity evidence,80,2ed14cb1829ad2cda6c8db7ca5485a7bd055e075,analysis/q256_target_weight_factorial/seed14_18_learning_curve_results/q256_seed14_18_learning_curve_results.csv,18,B,768,2,3.60307558878811,0.0013120814164163
secondary_factorial,post-preregistration secondary sensitivity evidence,80,2ed14cb1829ad2cda6c8db7ca5485a7bd055e075,analysis/q256_target_weight_factorial/seed14_18_learning_curve_results/q256_seed14_18_learning_curve_results.csv,18,B,896,1,8.84056845339962,0.0054280928103103
secondary_factorial,post-preregistration secondary sensitivity evidence,80,2ed14cb1829ad2cda6c8db7ca5485a7bd055e075,analysis/q256_target_weight_factorial/seed14_18_learning_curve_results/q256_seed14_18_learning_curve_results.csv,18,B,896,2,3.1450740934158588,0.0010561411561561
secondary_factorial,post-preregistration secondary sensitivity evidence,80,2ed14cb1829ad2cda6c8db7ca5485a7bd055e075,analysis/q256_target_weight_factorial/seed14_18_learning_curve_results/q256_seed14_18_learning_curve_results.csv,18,B,1024,1,8.600283053220378,0.0053363647347347
secondary_factorial,post-preregistration secondary sensitivity evidence,80,2ed14cb1829ad2cda6c8db7ca5485a7bd055e075,analysis/q256_target_weight_factorial/seed14_18_learning_curve_results/q256_seed14_18_learning_curve_results.csv,18,B,1024,2,3.0202515509725645,0.0010472102627627
secondary_factorial,post-preregistration secondary sensitivity evidence,80,2ed14cb1829ad2cda6c8db7ca5485a7bd055e075,analysis/q256_target_weight_factorial/seed14_18_learning_curve_results/q256_seed14_18_learning_curve_results.csv,18,C,384,1,140.36505818670423,0.1299081083633633
secondary_factorial,post-preregistration secondary sensitivity evidence,80,2ed14cb1829ad2cda6c8db7ca5485a7bd055e075,analysis/q256_target_weight_factorial/seed14_18_learning_curve_results/q256_seed14_18_learning_curve_results.csv,18,C,384,2,20.838966653332513,0.0152632589964965
secondary_factorial,post-preregistration secondary sensitivity evidence,80,2ed14cb1829ad2cda6c8db7ca5485a7bd055e075,analysis/q256_target_weight_factorial/seed14_18_learning_curve_results/q256_seed14_18_learning_curve_results.csv,18,C,512,1,36.1853749752417,0.0301621909359359
secondary_factorial,post-preregistration secondary sensitivity evidence,80,2ed14cb1829ad2cda6c8db7ca5485a7bd055e075,analysis/q256_target_weight_factorial/seed14_18_learning_curve_results/q256_seed14_18_learning_curve_results.csv,18,C,512,2,8.113681960967181,0.0058015984434434
secondary_factorial,post-preregistration secondary sensitivity evidence,80,2ed14cb1829ad2cda6c8db7ca5485a7bd055e075,analysis/q256_target_weight_factorial/seed14_18_learning_curve_results/q256_seed14_18_learning_curve_results.csv,18,C,640,1,11.810228954148656,0.0073968874874874
secondary_factorial,post-preregistration secondary sensitivity evidence,80,2ed14cb1829ad2cda6c8db7ca5485a7bd055e075,analysis/q256_target_weight_factorial/seed14_18_learning_curve_results/q256_seed14_18_learning_curve_results.csv,18,C,640,2,3.765196647781848,0.0014564822772772
secondary_factorial,post-preregistration secondary sensitivity evidence,80,2ed14cb1829ad2cda6c8db7ca5485a7bd055e075,analysis/q256_target_weight_factorial/seed14_18_learning_curve_results/q256_seed14_18_learning_curve_results.csv,18,C,768,1,9.127204523582058,0.0055079760385385
secondary_factorial,post-preregistration secondary sensitivity evidence,80,2ed14cb1829ad2cda6c8db7ca5485a7bd055e075,analysis/q256_target_weight_factorial/seed14_18_learning_curve_results/q256_seed14_18_learning_curve_results.csv,18,C,768,2,3.282412744836586,0.0011053427477477
secondary_factorial,post-preregistration secondary sensitivity evidence,80,2ed14cb1829ad2cda6c8db7ca5485a7bd055e075,analysis/q256_target_weight_factorial/seed14_18_learning_curve_results/q256_seed14_18_learning_curve_results.csv,18,C,896,1,8.28785203714815,0.0050524327752752
secondary_factorial,post-preregistration secondary sensitivity evidence,80,2ed14cb1829ad2cda6c8db7ca5485a7bd055e075,analysis/q256_target_weight_factorial/seed14_18_learning_curve_results/q256_seed14_18_learning_curve_results.csv,18,C,896,2,3.062094958389946,0.0010303078803803
secondary_factorial,post-preregistration secondary sensitivity evidence,80,2ed14cb1829ad2cda6c8db7ca5485a7bd055e075,analysis/q256_target_weight_factorial/seed14_18_learning_curve_results/q256_seed14_18_learning_curve_results.csv,18,C,1024,1,7.888370707791537,0.0047624796571571
secondary_factorial,post-preregistration secondary sensitivity evidence,80,2ed14cb1829ad2cda6c8db7ca5485a7bd055e075,analysis/q256_target_weight_factorial/seed14_18_learning_curve_results/q256_seed14_18_learning_curve_results.csv,18,C,1024,2,2.9507134984600496,0.0010139209259259
secondary_factorial,post-preregistration secondary sensitivity evidence,80,2ed14cb1829ad2cda6c8db7ca5485a7bd055e075,analysis/q256_target_weight_factorial/seed14_18_learning_curve_results/q256_seed14_18_learning_curve_results.csv,18,D,384,1,128.77943344405787,0.1192751961861862
secondary_factorial,post-preregistration secondary sensitivity evidence,80,2ed14cb1829ad2cda6c8db7ca5485a7bd055e075,analysis/q256_target_weight_factorial/seed14_18_learning_curve_results/q256_seed14_18_learning_curve_results.csv,18,D,384,2,19.91560506770906,0.0140927162187186
secondary_factorial,post-preregistration secondary sensitivity evidence,80,2ed14cb1829ad2cda6c8db7ca5485a7bd055e075,analysis/q256_target_weight_factorial/seed14_18_learning_curve_results/q256_seed14_18_learning_curve_results.csv,18,D,512,1,49.6018122568052,0.0412425984159159
secondary_factorial,post-preregistration secondary sensitivity evidence,80,2ed14cb1829ad2cda6c8db7ca5485a7bd055e075,analysis/q256_target_weight_factorial/seed14_18_learning_curve_results/q256_seed14_18_learning_curve_results.csv,18,D,512,2,9.004539262825794,0.0053751928853853
secondary_factorial,post-preregistration secondary sensitivity evidence,80,2ed14cb1829ad2cda6c8db7ca5485a7bd055e075,analysis/q256_target_weight_factorial/seed14_18_learning_curve_results/q256_seed14_18_learning_curve_results.csv,18,D,640,1,16.93992992295878,0.0119657788613613
secondary_factorial,post-preregistration secondary sensitivity evidence,80,2ed14cb1829ad2cda6c8db7ca5485a7bd055e075,analysis/q256_target_weight_factorial/seed14_18_learning_curve_results/q256_seed14_18_learning_curve_results.csv,18,D,640,2,4.6911758719207235,0.0020146239214214
secondary_factorial,post-preregistration secondary sensitivity evidence,80,2ed14cb1829ad2cda6c8db7ca5485a7bd055e075,analysis/q256_target_weight_factorial/seed14_18_learning_curve_results/q256_seed14_18_learning_curve_results.csv,18,D,768,1,9.91635904610071,0.0060795791491491
secondary_factorial,post-preregistration secondary sensitivity evidence,80,2ed14cb1829ad2cda6c8db7ca5485a7bd055e075,analysis/q256_target_weight_factorial/seed14_18_learning_curve_results/q256_seed14_18_learning_curve_results.csv,18,D,768,2,3.4903303573801057,0.0012511436186185
secondary_factorial,post-preregistration secondary sensitivity evidence,80,2ed14cb1829ad2cda6c8db7ca5485a7bd055e075,analysis/q256_target_weight_factorial/seed14_18_learning_curve_results/q256_seed14_18_learning_curve_results.csv,18,D,896,1,8.310599206245676,0.0050067531981981
secondary_factorial,post-preregistration secondary sensitivity evidence,80,2ed14cb1829ad2cda6c8db7ca5485a7bd055e075,analysis/q256_target_weight_factorial/seed14_18_learning_curve_results/q256_seed14_18_learning_curve_results.csv,18,D,896,2,3.132534139560839,0.0010547717292292
secondary_factorial,post-preregistration secondary sensitivity evidence,80,2ed14cb1829ad2cda6c8db7ca5485a7bd055e075,analysis/q256_target_weight_factorial/seed14_18_learning_curve_results/q256_seed14_18_learning_curve_results.csv,18,D,1024,1,7.911985647902372,0.0048503559909909
secondary_factorial,post-preregistration secondary sensitivity evidence,80,2ed14cb1829ad2cda6c8db7ca5485a7bd055e075,analysis/q256_target_weight_factorial/seed14_18_learning_curve_results/q256_seed14_18_learning_curve_results.csv,18,D,1024,2,2.9558178675839244,0.0010159749899899
