attempted_iteration,successful_optimizer_steps,processed_nimg,processed_kimg,loss,grad_scale,step_skipped,schedule,stage,next_loop_cur_tick,loss_ema,loss_reference,correction,signal_updates,adaptive_active,r_over_t_mean,gap_mean,gap_over_sigmoid_gap_mean,lower_gap_clip_rate,upper_gap_clip_rate,elapsed_sec,peak_vram_gb
1,0,128.0,0.128000,17.34298038,65536,1,sigmoid,0,1,,,0,0,0,0.970468799852,0.0295312001479,1,0,0,10.783905,5.777984
2,0,256.0,0.256000,14.82715929,32768,1,sigmoid,0,1,,,0,0,0,0.970882314628,0.0291176853723,1,0,0,12.492908,2.089655
3,0,384.0,0.384000,15.05893040,16384,1,sigmoid,0,1,,,0,0,0,0.970726368543,0.029273631457,1,0,0,13.573587,2.089655
4,0,512.0,0.512000,17.17825377,8192,1,sigmoid,0,1,,,0,0,0,0.969898454871,0.0301015451293,1,0,0,14.654126,2.089655
5,0,640.0,0.640000,14.48168385,4096,1,sigmoid,0,1,,,0,0,0,0.971563955625,0.0284360443754,1,0,0,15.729782,2.089655
6,0,768.0,0.768000,13.90481830,2048,1,sigmoid,0,1,,,0,0,0,0.971982922285,0.0280170777147,1,0,0,16.806211,2.089655
7,0,896.0,0.896000,13.17128706,1024,1,sigmoid,0,1,,,0,0,0,0.972696772421,0.0273032275792,1,0,0,17.885028,2.089655
8,1,1024.0,1.024000,16.39347816,512,0,sigmoid,0,1,,,0,0,0,0.969987310751,0.0300126892493,1,0,0,19.050816,2.089655
9,2,1152.0,1.152000,16.46631622,512,0,sigmoid,0,2,,,0,0,0,0.97141755952,0.0285824404803,1,0,0,20.162428,2.507949
10,3,1280.0,1.280000,18.57465160,512,0,sigmoid,0,2,,,0,0,0,0.97214190751,0.0278580924898,1,0,0,21.236193,2.507949
11,3,1408.0,1.408000,23.65135932,512,1,sigmoid,0,2,,,0,0,0,0.970343303616,0.0296566963837,1,0,0,22.302293,2.507949
12,4,1536.0,1.536000,22.77597380,256,0,sigmoid,0,2,,,0,0,0,0.971922437602,0.0280775623981,1,0,0,23.395995,2.507949
13,5,1664.0,1.664000,16.95927703,256,0,sigmoid,0,2,,,0,0,0,0.971310699303,0.0286893006968,1,0,0,24.472456,2.507949
14,6,1792.0,1.792000,19.99184442,256,0,sigmoid,0,2,,,0,0,0,0.971336916599,0.0286630834006,1,0,0,25.550615,2.507949
15,6,1920.0,1.920000,19.99109578,256,1,sigmoid,0,2,,,0,0,0,0.972071756449,0.0279282435515,1,0,0,26.599656,2.507949
16,7,2048.0,2.048000,22.87491608,128,0,sigmoid,0,2,,,0,0,0,0.969357143974,0.0306428560255,1,0,0,27.690064,2.507949
17,8,2176.0,2.176000,19.36403561,128,0,sigmoid,0,3,,,0,0,0,0.971942301712,0.0280576982885,1,0,0,28.759705,2.507949
18,9,2304.0,2.304000,19.03779685,128,0,sigmoid,0,3,,,0,0,0,0.972682138182,0.0273178618184,1,0,0,29.833528,2.507949
19,10,2432.0,2.432000,20.18289375,128,0,sigmoid,0,3,,,0,0,0,0.971286968128,0.028713031872,1,0,0,30.901098,2.507949
20,11,2560.0,2.560000,20.76751876,128,0,sigmoid,0,3,,,0,0,0,0.971224509414,0.0287754905865,1,0,0,31.984677,2.507949
21,12,2688.0,2.688000,20.23658180,128,0,sigmoid,0,3,,,0,0,0,0.971416125782,0.0285838742176,1,0,0,33.073410,2.507949
22,13,2816.0,2.816000,18.51901758,128,0,sigmoid,0,3,,,0,0,0,0.973367189445,0.0266328105546,1,0,0,34.152352,2.507949
23,14,2944.0,2.944000,21.50564551,128,0,sigmoid,0,3,,,0,0,0,0.970135577084,0.0298644229159,1,0,0,35.248430,2.507949
24,15,3072.0,3.072000,21.61179733,128,0,sigmoid,0,3,,,0,0,0,0.970241149612,0.0297588503884,1,0,0,36.336530,2.507949
25,16,3200.0,3.200000,20.06591249,128,0,sigmoid,0,4,,,0,0,0,0.971988990216,0.0280110097841,1,0,0,37.419379,2.507949
26,17,3328.0,3.328000,18.86971641,128,0,sigmoid,0,4,,,0,0,0,0.972939240949,0.0270607590515,1,0,0,38.503292,2.507949
27,18,3456.0,3.456000,20.83767903,128,0,sigmoid,0,4,,,0,0,0,0.971540242674,0.0284597573265,1,0,0,39.589485,2.507949
28,19,3584.0,3.584000,23.26504040,128,0,sigmoid,0,4,,,0,0,0,0.970130036059,0.029869963941,1,0,0,40.672621,2.507949
29,20,3712.0,3.712000,21.97389340,128,0,sigmoid,0,4,,,0,0,0,0.969775751198,0.0302242488024,1,0,0,41.757690,2.507949
30,21,3840.0,3.840000,20.97688437,128,0,sigmoid,0,4,,,0,0,0,0.970833933837,0.0291660661627,1,0,0,42.844283,2.507949
31,22,3968.0,3.968000,21.69502687,128,0,sigmoid,0,4,,,0,0,0,0.9707295429,0.0292704571,1,0,0,43.926369,2.507949
32,23,4096.0,4.096000,19.85720682,128,0,sigmoid,0,4,,,0,0,0,0.97194965581,0.0280503441901,1,0,0,45.017993,2.507949
33,24,4224.0,4.224000,21.95436859,128,0,sigmoid,0,5,,,0,0,0,0.969913866677,0.0300861333232,1,0,0,46.106715,2.507949
34,25,4352.0,4.352000,22.66975784,128,0,sigmoid,0,5,,,0,0,0,0.969906470571,0.0300935294291,1,0,0,47.194492,2.507949
35,26,4480.0,4.480000,20.18713570,128,0,sigmoid,0,5,,,0,0,0,0.971040835325,0.0289591646747,1,0,0,48.283278,2.507949
36,27,4608.0,4.608000,20.76311767,128,0,sigmoid,0,5,,,0,0,0,0.970989122749,0.0290108772512,1,0,0,49.367880,2.507949
37,28,4736.0,4.736000,20.16146612,128,0,sigmoid,0,5,,,0,0,0,0.971816936424,0.0281830635755,1,0,0,50.459807,2.507949
38,29,4864.0,4.864000,17.47177887,128,0,sigmoid,0,5,,,0,0,0,0.972885072566,0.0271149274345,1,0,0,51.552566,2.507949
39,30,4992.0,4.992000,20.15674019,128,0,sigmoid,0,5,,,0,0,0,0.971819370197,0.0281806298035,1,0,0,52.643863,2.507949
40,31,5120.0,5.120000,22.70698833,128,0,sigmoid,0,5,,,0,0,0,0.969399817938,0.0306001820616,1,0,0,53.727064,2.507949
41,32,5248.0,5.248000,22.28516841,128,0,sigmoid,0,6,,,0,0,0,0.970343140089,0.0296568599112,1,0,0,54.809247,2.507949
42,33,5376.0,5.376000,20.29832315,128,0,sigmoid,0,6,,,0,0,0,0.970808523937,0.0291914760628,1,0,0,55.892802,2.507949
43,34,5504.0,5.504000,21.09623241,128,0,sigmoid,0,6,,,0,0,0,0.969553264744,0.0304467352557,1,0,0,56.979190,2.507949
44,35,5632.0,5.632000,22.09281111,128,0,sigmoid,0,6,,,0,0,0,0.969800550751,0.0301994492494,1,0,0,58.066769,2.507949
45,36,5760.0,5.760000,22.55158854,128,0,sigmoid,0,6,,,0,0,0,0.968242848507,0.0317571514932,1,0,0,59.153738,2.507949
46,37,5888.0,5.888000,21.11171794,128,0,sigmoid,0,6,,,0,0,0,0.971388487297,0.0286115127032,1,0,0,60.237998,2.507949
47,38,6016.0,6.016000,19.64427280,128,0,sigmoid,0,6,,,0,0,0,0.970746883128,0.0292531168717,1,0,0,61.321446,2.507949
48,39,6144.0,6.144000,20.27088857,128,0,sigmoid,0,6,,,0,0,0,0.97051015221,0.02948984779,1,0,0,62.408465,2.507949
49,40,6272.0,6.272000,18.92818761,128,0,sigmoid,0,7,,,0,0,0,0.971832913901,0.0281670860995,1,0,0,63.497694,2.507949
50,41,6400.0,6.400000,20.56917036,128,0,sigmoid,0,7,,,0,0,0,0.971207841536,0.0287921584641,1,0,0,64.581561,2.507949
51,42,6528.0,6.528000,21.21282959,128,0,sigmoid,0,7,,,0,0,0,0.970484706014,0.0295152939857,1,0,0,65.665710,2.507949
52,43,6656.0,6.656000,21.23053479,128,0,sigmoid,0,7,,,0,0,0,0.97009214747,0.0299078525295,1,0,0,66.758185,2.507949
53,44,6784.0,6.784000,19.66011357,128,0,sigmoid,0,7,,,0,0,0,0.97066802189,0.02933197811,1,0,0,67.845147,2.507949
54,45,6912.0,6.912000,22.02895582,128,0,sigmoid,0,7,,,0,0,0,0.969544956273,0.0304550437274,1,0,0,68.932753,2.507949
55,46,7040.0,7.040000,20.52771115,128,0,sigmoid,0,7,,,0,0,0,0.970631882732,0.0293681172676,1,0,0,70.023387,2.507949
56,47,7168.0,7.168000,21.57418299,128,0,sigmoid,0,7,,,0,0,0,0.970153658462,0.0298463415378,1,0,0,71.105526,2.507949
57,48,7296.0,7.296000,19.99095941,128,0,sigmoid,0,8,,,0,0,0,0.971073597876,0.028926402124,1,0,0,72.190259,2.507949
58,49,7424.0,7.424000,18.59527147,128,0,sigmoid,0,8,,,0,0,0,0.972387270823,0.0276127291773,1,0,0,73.271005,2.507949
59,50,7552.0,7.552000,20.14064217,128,0,sigmoid,0,8,,,0,0,0,0.971801980905,0.0281980190951,1,0,0,74.355155,2.507949
60,51,7680.0,7.680000,20.64044070,128,0,sigmoid,0,8,,,0,0,0,0.969799442908,0.0302005570923,1,0,0,75.438555,2.507949
61,52,7808.0,7.808000,19.27206087,128,0,sigmoid,0,8,,,0,0,0,0.970729936822,0.029270063178,1,0,0,76.523300,2.507949
62,53,7936.0,7.936000,20.14718866,128,0,sigmoid,0,8,,,0,0,0,0.970375797705,0.0296242022948,1,0,0,77.602884,2.507949
63,54,8064.0,8.064000,21.22748518,128,0,sigmoid,0,8,,,0,0,0,0.970187554756,0.0298124452443,1,0,0,78.684249,2.507949
64,55,8192.0,8.192000,19.19211102,128,0,sigmoid,0,8,,,0,0,0,0.971500163817,0.0284998361827,1,0,0,79.770785,2.507949
65,56,8320.0,8.320000,18.99027133,128,0,sigmoid,0,9,,,0,0,0,0.970848386184,0.0291516138158,1,0,0,80.847028,2.507949
66,57,8448.0,8.448000,20.16337085,128,0,sigmoid,0,9,,,0,0,0,0.970476236169,0.0295237638313,1,0,0,81.927109,2.507949
67,58,8576.0,8.576000,19.49692416,128,0,sigmoid,0,9,,,0,0,0,0.971723016434,0.0282769835658,1,0,0,83.010249,2.507949
68,59,8704.0,8.704000,19.35182703,128,0,sigmoid,0,9,,,0,0,0,0.970921539521,0.0290784604792,1,0,0,84.086457,2.507949
69,60,8832.0,8.832000,19.18695605,128,0,sigmoid,0,9,,,0,0,0,0.971444766006,0.0285552339937,1,0,0,85.170623,2.507949
70,61,8960.0,8.960000,20.73844588,128,0,sigmoid,0,9,,,0,0,0,0.969383105085,0.0306168949146,1,0,0,86.246048,2.507949
71,62,9088.0,9.088000,19.44012451,128,0,sigmoid,0,9,,,0,0,0,0.971641372809,0.0283586271909,1,0,0,87.334394,2.507949
72,63,9216.0,9.216000,19.37550128,128,0,sigmoid,0,9,,,0,0,0,0.971293751323,0.0287062486773,1,0,0,88.412289,2.507949
73,64,9344.0,9.344000,18.19676745,128,0,sigmoid,0,10,,,0,0,0,0.972132577236,0.0278674227641,1,0,0,89.490918,2.507949
74,65,9472.0,9.472000,18.13160372,128,0,sigmoid,0,10,,,0,0,0,0.972154323189,0.0278456768107,1,0,0,90.565873,2.507949
75,66,9600.0,9.600000,18.18749642,128,0,sigmoid,0,10,,,0,0,0,0.972069617699,0.027930382301,1,0,0,91.646672,2.507949
76,67,9728.0,9.728000,19.08957279,128,0,sigmoid,0,10,,,0,0,0,0.971379370152,0.0286206298484,1,0,0,92.722098,2.507949
77,68,9856.0,9.856000,19.39424527,128,0,sigmoid,0,10,,,0,0,0,0.970610309962,0.0293896900377,1,0,0,93.794454,2.507949
78,69,9984.0,9.984000,18.99561739,128,0,sigmoid,0,10,,,0,0,0,0.97176768586,0.0282323141404,1,0,0,94.866723,2.507949
79,70,10112.0,10.112000,19.81033444,128,0,sigmoid,0,10,,,0,0,0,0.970612514072,0.0293874859283,1,0,0,95.947863,2.507949
80,71,10240.0,10.240000,17.56175470,128,0,sigmoid,0,10,,,0,0,0,0.972223941878,0.0277760581221,1,0,0,97.019229,2.507949
81,72,10368.0,10.368000,17.63147104,128,0,sigmoid,0,11,,,0,0,0,0.97224647062,0.0277535293802,1,0,0,98.077809,2.507949
82,73,10496.0,10.496000,16.63340902,128,0,sigmoid,0,11,,,0,0,0,0.973348365669,0.0266516343309,1,0,0,99.176108,2.507949
83,74,10624.0,10.624000,16.84596193,128,0,sigmoid,0,11,,,0,0,0,0.973054478114,0.0269455218858,1,0,0,100.253463,2.507949
84,75,10752.0,10.752000,17.00853169,128,0,sigmoid,0,11,,,0,0,0,0.972736501309,0.0272634986912,1,0,0,101.339609,2.507949
85,76,10880.0,10.880000,20.20439029,128,0,sigmoid,0,11,,,0,0,0,0.969587939713,0.0304120602865,1,0,0,102.427026,2.507949
86,77,11008.0,11.008000,18.03861189,128,0,sigmoid,0,11,,,0,0,0,0.971885938466,0.0281140615337,1,0,0,103.510610,2.507949
87,78,11136.0,11.136000,19.98360538,128,0,sigmoid,0,11,,,0,0,0,0.969793329004,0.0302066709963,1,0,0,104.595511,2.507949
88,79,11264.0,11.264000,17.42758524,128,0,sigmoid,0,11,,,0,0,0,0.971985241521,0.0280147584788,1,0,0,105.668352,2.507949
89,80,11392.0,11.392000,18.63616037,128,0,sigmoid,0,12,,,0,0,0,0.971324896758,0.0286751032421,1,0,0,106.753941,2.507949
90,81,11520.0,11.520000,20.11440730,128,0,sigmoid,0,12,,,0,0,0,0.96982213305,0.0301778669499,1,0,0,107.836721,2.507949
91,82,11648.0,11.648000,18.69456887,128,0,sigmoid,0,12,,,0,0,0,0.970257445908,0.0297425540923,1,0,0,108.918287,2.507949
92,83,11776.0,11.776000,18.54855847,128,0,sigmoid,0,12,,,0,0,0,0.970146958763,0.0298530412366,1,0,0,110.004267,2.507949
93,84,11904.0,11.904000,17.16396308,128,0,sigmoid,0,12,,,0,0,0,0.971940054037,0.0280599459633,1,0,0,111.096989,2.507949
94,85,12032.0,12.032000,16.94366503,128,0,sigmoid,0,12,,,0,0,0,0.972076407217,0.0279235927827,1,0,0,112.181903,2.507949
95,86,12160.0,12.160000,18.19572115,128,0,sigmoid,0,12,,,0,0,0,0.9709983084,0.0290016915999,1,0,0,113.268352,2.507949
96,87,12288.0,12.288000,20.08778715,128,0,sigmoid,0,12,,,0,0,0,0.970144824479,0.0298551755206,1,0,0,114.354758,2.507949
97,88,12416.0,12.416000,19.91021705,128,0,sigmoid,0,13,,,0,0,0,0.969195498206,0.0308045017935,1,0,0,115.440372,2.507949
98,89,12544.0,12.544000,18.85171819,128,0,sigmoid,0,13,,,0,0,0,0.970354117035,0.0296458829649,1,0,0,116.524914,2.507949
99,90,12672.0,12.672000,19.19832456,128,0,sigmoid,0,13,,,0,0,0,0.970561417981,0.0294385820186,1,0,0,117.609255,2.507949
100,91,12800.0,12.800000,17.78602719,128,0,sigmoid,0,13,,,0,0,0,0.971613643273,0.0283863567266,1,0,0,118.695044,2.507949
101,92,12928.0,12.928000,18.23166966,128,0,sigmoid,0,13,,,0,0,0,0.97063198544,0.0293680145603,1,0,0,119.781704,2.507949
102,93,13056.0,13.056000,18.64503860,128,0,sigmoid,0,13,,,0,0,0,0.970921742502,0.0290782574982,1,0,0,120.864467,2.507949
103,94,13184.0,13.184000,16.29416621,128,0,sigmoid,0,13,,,0,0,0,0.972052054061,0.0279479459388,1,0,0,121.951163,2.507949
104,95,13312.0,13.312000,17.63244057,128,0,sigmoid,0,13,,,0,0,0,0.970750266964,0.0292497330358,1,0,0,123.031546,2.507949
105,96,13440.0,13.440000,17.97167516,128,0,sigmoid,0,14,,,0,0,0,0.972104325085,0.0278956749153,1,0,0,124.120245,2.507949
106,97,13568.0,13.568000,18.96860719,128,0,sigmoid,0,14,,,0,0,0,0.969597864118,0.0304021358821,1,0,0,125.202246,2.507949
107,98,13696.0,13.696000,18.46641970,128,0,sigmoid,0,14,,,0,0,0,0.969871405725,0.0301285942751,1,0,0,126.283978,2.507949
108,99,13824.0,13.824000,18.46917486,128,0,sigmoid,0,14,,,0,0,0,0.971746270361,0.0282537296387,1,0,0,127.371632,2.507949
109,100,13952.0,13.952000,19.27244759,128,0,sigmoid,0,14,,,0,0,0,0.969809567031,0.0301904329692,1,0,0,128.454069,2.507949
110,101,14080.0,14.080000,16.98196828,128,0,sigmoid,0,14,,,0,0,0,0.971976322655,0.0280236773452,1,0,0,129.535954,2.507949
111,102,14208.0,14.208000,18.46628845,128,0,sigmoid,0,14,,,0,0,0,0.970107888719,0.0298921112806,1,0,0,130.614864,2.507949
112,103,14336.0,14.336000,17.51636934,128,0,sigmoid,0,14,,,0,0,0,0.971402865863,0.0285971341366,1,0,0,131.690277,2.507949
113,104,14464.0,14.464000,17.50641882,128,0,sigmoid,0,15,,,0,0,0,0.971599337989,0.0284006620109,1,0,0,132.780420,2.507949
114,105,14592.0,14.592000,17.19516563,128,0,sigmoid,0,15,,,0,0,0,0.971680511428,0.0283194885721,1,0,0,133.860668,2.507949
115,106,14720.0,14.720000,16.87643373,128,0,sigmoid,0,15,,,0,0,0,0.972169364008,0.0278306359917,1,0,0,134.941065,2.507949
116,107,14848.0,14.848000,18.69749308,128,0,sigmoid,0,15,,,0,0,0,0.970919256829,0.0290807431714,1,0,0,136.018285,2.507949
117,108,14976.0,14.976000,17.95444310,128,0,sigmoid,0,15,,,0,0,0,0.970390305824,0.0296096941761,1,0,0,137.103876,2.507949
118,109,15104.0,15.104000,17.66691327,128,0,sigmoid,0,15,,,0,0,0,0.970567902429,0.0294320975708,1,0,0,138.182567,2.507949
119,110,15232.0,15.232000,17.39264441,128,0,sigmoid,0,15,,,0,0,0,0.971014931032,0.0289850689682,1,0,0,139.266483,2.507949
120,111,15360.0,15.360000,19.65378356,128,0,sigmoid,0,15,,,0,0,0,0.969686933071,0.0303130669287,1,0,0,140.345526,2.507949
121,112,15488.0,15.488000,16.70440876,128,0,sigmoid,0,16,,,0,0,0,0.972201330805,0.0277986691954,1,0,0,141.419362,2.507949
122,113,15616.0,15.616000,17.29971695,128,0,sigmoid,0,16,,,0,0,0,0.971358390829,0.0286416091705,1,0,0,142.504169,2.507949
123,114,15744.0,15.744000,18.59083486,128,0,sigmoid,0,16,,,0,0,0,0.970835281984,0.029164718016,1,0,0,143.586631,2.507949
124,115,15872.0,15.872000,16.27546597,128,0,sigmoid,0,16,,,0,0,0,0.971868470995,0.0281315290046,1,0,0,144.670482,2.507949
125,116,16000.0,16.000000,16.03847790,128,0,sigmoid,0,16,,,0,0,0,0.971822855169,0.0281771448309,1,0,0,145.751735,2.507949
126,117,16128.0,16.128000,18.78331327,128,0,sigmoid,0,16,,,0,0,0,0.969950951512,0.0300490484881,1,0,0,146.836810,2.507949
127,118,16256.0,16.256000,18.07420516,128,0,sigmoid,0,16,,,0,0,0,0.970468344763,0.0295316552373,1,0,0,147.918739,2.507949
128,119,16384.0,16.384000,18.46750081,128,0,sigmoid,0,16,,,0,0,0,0.970833926152,0.0291660738478,1,0,0,149.003223,2.507949
129,120,16512.0,16.512000,18.06297755,128,0,sigmoid,0,17,,,0,0,0,0.970411116369,0.0295888836308,1,0,0,150.087407,2.507949
130,121,16640.0,16.640000,16.99683392,128,0,sigmoid,0,17,,,0,0,0,0.97161207816,0.0283879218402,1,0,0,151.173777,2.507949
131,122,16768.0,16.768000,16.30527198,128,0,sigmoid,0,17,,,0,0,0,0.971562609713,0.0284373902868,1,0,0,152.256531,2.507949
132,123,16896.0,16.896000,16.60045326,128,0,sigmoid,0,17,,,0,0,0,0.97184924708,0.0281507529197,1,0,0,153.342933,2.507949
133,124,17024.0,17.024000,17.35062659,128,0,sigmoid,0,17,,,0,0,0,0.970905212956,0.0290947870436,1,0,0,154.427071,2.507949
134,125,17152.0,17.152000,17.84098911,128,0,sigmoid,0,17,,,0,0,0,0.970493647796,0.0295063522045,1,0,0,155.512383,2.507949
135,126,17280.0,17.280000,16.86919379,128,0,sigmoid,0,17,,,0,0,0,0.972028749068,0.027971250932,1,0,0,156.597272,2.507949
136,127,17408.0,17.408000,16.32496762,128,0,sigmoid,0,17,,,0,0,0,0.971464133822,0.0285358661778,1,0,0,157.692815,2.507949
137,128,17536.0,17.536000,18.12855792,128,0,sigmoid,0,18,,,0,0,0,0.969568360933,0.0304316390666,1,0,0,158.771442,2.507949
138,129,17664.0,17.664000,17.90290749,128,0,sigmoid,0,18,,,0,0,0,0.969730268546,0.0302697314542,1,0,0,159.847131,2.507949
139,130,17792.0,17.792000,15.95067525,128,0,sigmoid,0,18,,,0,0,0,0.972191195408,0.0278088045919,1,0,0,160.921158,2.507949
140,131,17920.0,17.920000,15.95370603,128,0,sigmoid,0,18,,,0,0,0,0.971766443227,0.0282335567725,1,0,0,161.986576,2.507949
141,132,18048.0,18.048000,17.91904306,128,0,sigmoid,0,18,,,0,0,0,0.970658741887,0.0293412581133,1,0,0,163.060184,2.507949
142,133,18176.0,18.176000,17.18114233,128,0,sigmoid,0,18,,,0,0,0,0.97151307015,0.0284869298505,1,0,0,164.129233,2.507949
143,134,18304.0,18.304000,17.57409191,128,0,sigmoid,0,18,,,0,0,0,0.970339240486,0.0296607595142,1,0,0,165.226680,2.507949
144,135,18432.0,18.432000,18.28462207,128,0,sigmoid,0,18,,,0,0,0,0.970309943955,0.0296900560445,1,0,0,166.299931,2.507949
145,136,18560.0,18.560000,17.61741018,128,0,sigmoid,0,19,,,0,0,0,0.970781464114,0.0292185358857,1,0,0,167.382056,2.507949
146,137,18688.0,18.688000,17.26844335,128,0,sigmoid,0,19,,,0,0,0,0.970027704715,0.0299722952846,1,0,0,168.464013,2.507949
147,138,18816.0,18.816000,16.94536376,128,0,sigmoid,0,19,,,0,0,0,0.97040519232,0.0295948076804,1,0,0,169.552908,2.507949
148,139,18944.0,18.944000,16.89523053,128,0,sigmoid,0,19,,,0,0,0,0.971447704094,0.0285522959058,1,0,0,170.642252,2.507949
149,140,19072.0,19.072000,17.69042122,128,0,sigmoid,0,19,,,0,0,0,0.970316583917,0.0296834160828,1,0,0,171.727524,2.507949
150,141,19200.0,19.200000,16.92561138,128,0,sigmoid,0,19,,,0,0,0,0.970789015252,0.0292109847484,1,0,0,172.816537,2.507949
151,142,19328.0,19.328000,17.53020132,128,0,sigmoid,0,19,,,0,0,0,0.971755404758,0.0282445952423,1,0,0,173.904052,2.507949
152,143,19456.0,19.456000,15.68471062,128,0,sigmoid,0,19,,,0,0,0,0.97229136928,0.0277086307202,1,0,0,174.990317,2.507949
153,144,19584.0,19.584000,17.91382122,128,0,sigmoid,0,20,,,0,0,0,0.970533443773,0.0294665562271,1,0,0,176.081227,2.507949
154,145,19712.0,19.712000,15.33530390,128,0,sigmoid,0,20,,,0,0,0,0.972030210357,0.0279697896427,1,0,0,177.172582,2.507949
155,146,19840.0,19.840000,15.66428983,128,0,sigmoid,0,20,,,0,0,0,0.972905809628,0.0270941903716,1,0,0,178.262822,2.507949
156,147,19968.0,19.968000,16.78762293,128,0,sigmoid,0,20,,,0,0,0,0.970685486995,0.0293145130054,1,0,0,179.346977,2.507949
157,148,20096.0,20.096000,16.59383488,128,0,sigmoid,0,20,,,0,0,0,0.970312132635,0.0296878673654,1,0,0,180.430593,2.507949
158,149,20224.0,20.224000,18.68964505,128,0,sigmoid,0,20,,,0,0,0,0.969255878576,0.0307441214243,1,0,0,181.517699,2.507949
159,150,20352.0,20.352000,15.96009052,128,0,sigmoid,0,20,,,0,0,0,0.972152092087,0.0278479079126,1,0,0,182.602627,2.507949
160,151,20480.0,20.480000,16.74359488,128,0,sigmoid,0,20,,,0,0,0,0.970491061347,0.0295089386529,1,0,0,183.682996,2.507949
161,152,20608.0,20.608000,16.32827997,128,0,sigmoid,0,21,,,0,0,0,0.971534281649,0.028465718351,1,0,0,184.767815,2.507949
162,153,20736.0,20.736000,15.27710414,128,0,sigmoid,0,21,,,0,0,0,0.97184303703,0.02815696297,1,0,0,185.849192,2.507949
163,154,20864.0,20.864000,17.35971069,128,0,sigmoid,0,21,,,0,0,0,0.970692715303,0.0293072846973,1,0,0,186.935920,2.507949
164,155,20992.0,20.992000,16.08923137,128,0,sigmoid,0,21,,,0,0,0,0.9718606166,0.0281393833997,1,0,0,188.027369,2.507949
165,156,21120.0,21.120000,17.09393752,128,0,sigmoid,0,21,,,0,0,0,0.971504802666,0.0284951973345,1,0,0,189.109934,2.507949
166,157,21248.0,21.248000,16.82816446,128,0,sigmoid,0,21,,,0,0,0,0.970233603033,0.0297663969667,1,0,0,190.191089,2.507949
167,158,21376.0,21.376000,16.02822590,128,0,sigmoid,0,21,,,0,0,0,0.971882752286,0.0281172477142,1,0,0,191.272257,2.507949
168,159,21504.0,21.504000,14.65992594,128,0,sigmoid,0,21,,,0,0,0,0.97279603248,0.0272039675195,1,0,0,192.354588,2.507949
169,160,21632.0,21.632000,16.57198370,128,0,sigmoid,0,22,,,0,0,0,0.970797778055,0.0292022219446,1,0,0,193.435689,2.507949
170,161,21760.0,21.760000,17.15905154,128,0,sigmoid,0,22,,,0,0,0,0.970559030059,0.0294409699412,1,0,0,194.521631,2.507949
171,162,21888.0,21.888000,15.30968964,128,0,sigmoid,0,22,,,0,0,0,0.971843946533,0.0281560534668,1,0,0,195.608128,2.507949
172,163,22016.0,22.016000,16.33084548,128,0,sigmoid,0,22,,,0,0,0,0.972027133655,0.0279728663446,1,0,0,196.692120,2.507949
173,164,22144.0,22.144000,16.02154279,128,0,sigmoid,0,22,,,0,0,0,0.970758256041,0.0292417439589,1,0,0,197.778299,2.507949
174,165,22272.0,22.272000,17.37020576,128,0,sigmoid,0,22,,,0,0,0,0.971377803736,0.0286221962641,1,0,0,198.858656,2.507949
175,166,22400.0,22.400000,16.58343792,128,0,sigmoid,0,22,,,0,0,0,0.971784744397,0.0282152556031,1,0,0,199.941776,2.507949
176,167,22528.0,22.528000,17.09668994,128,0,sigmoid,0,22,,,0,0,0,0.970322330441,0.0296776695587,1,0,0,201.020609,2.507949
177,168,22656.0,22.656000,16.42749107,128,0,sigmoid,0,23,,,0,0,0,0.972051493208,0.027948506792,1,0,0,202.105287,2.507949
178,169,22784.0,22.784000,16.99231100,128,0,sigmoid,0,23,,,0,0,0,0.971490329856,0.028509670144,1,0,0,203.183890,2.507949
179,170,22912.0,22.912000,18.07142019,128,0,sigmoid,0,23,,,0,0,0,0.969789921706,0.0302100782937,1,0,0,204.261442,2.507949
180,171,23040.0,23.040000,15.91331351,128,0,sigmoid,0,23,,,0,0,0,0.970414637058,0.0295853629423,1,0,0,205.346807,2.507949
181,172,23168.0,23.168000,16.12628722,128,0,sigmoid,0,23,,,0,0,0,0.971461785044,0.028538214956,1,0,0,206.424892,2.507949
182,173,23296.0,23.296000,16.91106701,128,0,sigmoid,0,23,,,0,0,0,0.971112997754,0.0288870022461,1,0,0,207.514643,2.507949
183,174,23424.0,23.424000,16.86268187,128,0,sigmoid,0,23,,,0,0,0,0.969434069449,0.0305659305511,1,0,0,208.599128,2.507949
184,175,23552.0,23.552000,17.34992564,128,0,sigmoid,0,23,,,0,0,0,0.971215648361,0.0287843516392,1,0,0,209.673695,2.507949
185,176,23680.0,23.680000,16.42348814,128,0,sigmoid,0,24,,,0,0,0,0.970898040384,0.0291019596159,1,0,0,210.750973,2.507949
186,177,23808.0,23.808000,14.45583987,128,0,sigmoid,0,24,,,0,0,0,0.972800927559,0.0271990724415,1,0,0,211.832292,2.507949
187,178,23936.0,23.936000,17.29570305,128,0,sigmoid,0,24,,,0,0,0,0.971632388561,0.0283676114391,1,0,0,212.911973,2.507949
188,179,24064.0,24.064000,17.25934744,128,0,sigmoid,0,24,,,0,0,0,0.970466038162,0.0295339618382,1,0,0,213.995928,2.507949
189,180,24192.0,24.192000,15.19176841,128,0,sigmoid,0,24,,,0,0,0,0.972385479692,0.0276145203084,1,0,0,215.078152,2.507949
190,181,24320.0,24.320000,16.96508026,128,0,sigmoid,0,24,,,0,0,0,0.970357676045,0.0296423239549,1,0,0,216.163600,2.507949
191,182,24448.0,24.448000,15.40024948,128,0,sigmoid,0,24,,,0,0,0,0.971351223425,0.0286487765751,1,0,0,217.242736,2.507949
192,183,24576.0,24.576000,17.42939734,128,0,sigmoid,0,24,,,0,0,0,0.969745060312,0.0302549396881,1,0,0,218.315851,2.507949
193,184,24704.0,24.704000,17.30839431,128,0,sigmoid,0,25,,,0,0,0,0.971006842091,0.0289931579092,1,0,0,219.387973,2.507949
194,185,24832.0,24.832000,16.39220524,128,0,sigmoid,0,25,,,0,0,0,0.971682117193,0.028317882807,1,0,0,220.476515,2.507949
195,186,24960.0,24.960000,17.63172877,128,0,sigmoid,0,25,,,0,0,0,0.97019168397,0.0298083160298,1,0,0,221.554386,2.507949
196,187,25088.0,25.088000,15.97952569,128,0,sigmoid,0,25,,,0,0,0,0.971851698321,0.0281483016788,1,0,0,222.629066,2.507949
197,188,25216.0,25.216000,16.11919761,128,0,sigmoid,0,25,,,0,0,0,0.971344059165,0.0286559408351,1,0,0,223.703517,2.507949
198,189,25344.0,25.344000,17.35538089,128,0,sigmoid,0,25,,,0,0,0,0.971056048826,0.0289439511738,1,0,0,224.784496,2.507949
199,190,25472.0,25.472000,16.24003088,128,0,sigmoid,0,25,,,0,0,0,0.971197154879,0.028802845121,1,0,0,225.855026,2.507949
200,191,25600.0,25.600000,15.44700694,128,0,sigmoid,0,25,,,0,0,0,0.971875869696,0.0281241303038,1,0,0,226.925068,2.507949
201,192,25728.0,25.728000,15.37207305,128,0,sigmoid,0,26,,,0,0,0,0.971914905164,0.0280850948362,1,0,0,227.990325,2.507949
202,193,25856.0,25.856000,16.78792930,128,0,sigmoid,0,26,,,0,0,0,0.971032300901,0.0289676990987,1,0,0,229.060820,2.507949
203,194,25984.0,25.984000,15.94965386,128,0,sigmoid,0,26,,,0,0,0,0.971568138409,0.028431861591,1,0,0,230.125875,2.507949
204,195,26112.0,26.112000,16.58635223,128,0,sigmoid,0,26,,,0,0,0,0.97102404873,0.02897595127,1,0,0,231.187707,2.507949
205,196,26240.0,26.240000,16.84256256,128,0,sigmoid,0,26,,,0,0,0,0.970108754693,0.0298912453073,1,0,0,232.284965,2.507949
206,197,26368.0,26.368000,14.83953202,128,0,sigmoid,0,26,,,0,0,0,0.972782044748,0.0272179552524,1,0,0,233.370826,2.507949
207,198,26496.0,26.496000,16.46894503,128,0,sigmoid,0,26,,,0,0,0,0.971407020576,0.0285929794241,1,0,0,234.458054,2.507949
208,199,26624.0,26.624000,17.76228631,128,0,sigmoid,0,26,,,0,0,0,0.969911192957,0.0300888070433,1,0,0,235.539554,2.507949
209,200,26752.0,26.752000,17.32591915,128,0,sigmoid,0,27,,,0,0,0,0.970359707015,0.0296402929854,1,0,0,236.622963,2.507949
210,201,26880.0,26.880000,16.18201566,128,0,sigmoid,0,27,,,0,0,0,0.97148241171,0.0285175882904,1,0,0,237.703942,2.507949
211,202,27008.0,27.008000,16.22734380,128,0,sigmoid,0,27,,,0,0,0,0.970327893321,0.0296721066785,1,0,0,238.789037,2.507949
212,203,27136.0,27.136000,16.39393866,128,0,sigmoid,0,27,,,0,0,0,0.971782074898,0.0282179251016,1,0,0,239.874352,2.507949
213,204,27264.0,27.264000,16.07479990,128,0,sigmoid,0,27,,,0,0,0,0.972426094515,0.027573905485,1,0,0,240.960922,2.507949
214,205,27392.0,27.392000,16.44017780,128,0,sigmoid,0,27,,,0,0,0,0.971806802929,0.0281931970714,1,0,0,242.050735,2.507949
215,206,27520.0,27.520000,17.83726358,128,0,sigmoid,0,27,,,0,0,0,0.97008807528,0.0299119247196,1,0,0,243.140172,2.507949
216,207,27648.0,27.648000,17.38960004,128,0,sigmoid,0,27,,,0,0,0,0.97022172802,0.0297782719802,1,0,0,244.222181,2.507949
217,208,27776.0,27.776000,16.36005950,128,0,sigmoid,0,28,,,0,0,0,0.971161863408,0.0288381365922,1,0,0,245.303496,2.507949
218,209,27904.0,27.904000,16.73230422,128,0,sigmoid,0,28,,,0,0,0,0.970247150604,0.0297528493956,1,0,0,246.388501,2.507949
219,210,28032.0,28.032000,15.29348767,128,0,sigmoid,0,28,,,0,0,0,0.971672970262,0.0283270297381,1,0,0,247.479759,2.507949
220,211,28160.0,28.160000,16.24215662,128,0,sigmoid,0,28,,,0,0,0,0.971858481394,0.028141518606,1,0,0,248.580890,2.507949
221,212,28288.0,28.288000,17.85427356,128,0,sigmoid,0,28,,,0,0,0,0.969115479225,0.030884520775,1,0,0,249.669572,2.507949
222,213,28416.0,28.416000,15.91392708,128,0,sigmoid,0,28,,,0,0,0,0.971233661285,0.0287663387152,1,0,0,250.758216,2.507949
223,214,28544.0,28.544000,17.24778306,128,0,sigmoid,0,28,,,0,0,0,0.969943671592,0.0300563284077,1,0,0,251.836391,2.507949
224,215,28672.0,28.672000,17.60793030,128,0,sigmoid,0,28,,,0,0,0,0.969238952102,0.0307610478982,1,0,0,252.923357,2.507949
225,216,28800.0,28.800000,16.25358975,128,0,sigmoid,0,29,,,0,0,0,0.972638015571,0.0273619844288,1,0,0,254.006657,2.507949
226,217,28928.0,28.928000,15.77395260,128,0,sigmoid,0,29,,,0,0,0,0.971704157323,0.028295842677,1,0,0,255.097758,2.507949
227,218,29056.0,29.056000,17.03500533,128,0,sigmoid,0,29,,,0,0,0,0.970126214883,0.0298737851169,1,0,0,256.200476,2.507949
228,219,29184.0,29.184000,16.25011384,128,0,sigmoid,0,29,,,0,0,0,0.971900140909,0.0280998590915,1,0,0,257.300579,2.507949
229,220,29312.0,29.312000,17.79802561,128,0,sigmoid,0,29,,,0,0,0,0.970109155959,0.0298908440409,1,0,0,258.401984,2.507949
230,221,29440.0,29.440000,16.19747436,128,0,sigmoid,0,29,,,0,0,0,0.970740002515,0.0292599974855,1,0,0,259.489091,2.507949
231,222,29568.0,29.568000,14.65874398,128,0,sigmoid,0,29,,,0,0,0,0.973047796574,0.0269522034259,1,0,0,260.574513,2.507949
232,223,29696.0,29.696000,18.66725898,128,0,sigmoid,0,29,,,0,0,0,0.96970177206,0.0302982279396,1,0,0,261.657849,2.507949
233,224,29824.0,29.824000,16.05307448,128,0,sigmoid,0,30,,,0,0,0,0.97048558072,0.0295144192804,1,0,0,262.746673,2.507949
234,225,29952.0,29.952000,16.71990955,128,0,sigmoid,0,30,,,0,0,0,0.971040340151,0.028959659849,1,0,0,263.832100,2.507949
235,226,30080.0,30.080000,16.18160093,128,0,sigmoid,0,30,,,0,0,0,0.972099824857,0.0279001751425,1,0,0,264.918864,2.507949
236,227,30208.0,30.208000,16.62237751,128,0,sigmoid,0,30,,,0,0,0,0.971585898438,0.0284141015624,1,0,0,265.997583,2.507949
237,228,30336.0,30.336000,16.18788195,128,0,sigmoid,0,30,,,0,0,0,0.971491527294,0.0285084727061,1,0,0,267.083633,2.507949
238,229,30464.0,30.464000,16.60781312,128,0,sigmoid,0,30,,,0,0,0,0.971928407554,0.0280715924457,1,0,0,268.160384,2.507949
239,230,30592.0,30.592000,16.36342883,128,0,sigmoid,0,30,,,0,0,0,0.970907576781,0.0290924232192,1,0,0,269.245170,2.507949
240,231,30720.0,30.720000,16.47650719,128,0,sigmoid,0,30,,,0,0,0,0.970511791318,0.0294882086824,1,0,0,270.329262,2.507949
241,232,30848.0,30.848000,15.06130254,128,0,sigmoid,0,31,,,0,0,0,0.972034701864,0.0279652981358,1,0,0,271.413380,2.507949
242,233,30976.0,30.976000,16.32211745,128,0,sigmoid,0,31,,,0,0,0,0.971422046273,0.0285779537268,1,0,0,272.502090,2.507949
243,234,31104.0,31.104000,16.52578962,128,0,sigmoid,0,31,,,0,0,0,0.972265072634,0.0277349273659,1,0,0,273.590996,2.507949
244,235,31232.0,31.232000,17.01116550,128,0,sigmoid,0,31,,,0,0,0,0.969807377464,0.0301926225359,1,0,0,274.673636,2.507949
245,236,31360.0,31.360000,17.37462103,128,0,sigmoid,0,31,,,0,0,0,0.971231396084,0.0287686039157,1,0,0,275.756719,2.507949
246,237,31488.0,31.488000,16.36287308,128,0,sigmoid,0,31,,,0,0,0,0.972160697719,0.0278393022808,1,0,0,276.840189,2.507949
247,238,31616.0,31.616000,17.44277906,128,0,sigmoid,0,31,,,0,0,0,0.969342691839,0.0306573081612,1,0,0,277.920126,2.507949
248,239,31744.0,31.744000,16.82894802,128,0,sigmoid,0,31,,,0,0,0,0.971096454822,0.0289035451778,1,0,0,279.002908,2.507949
249,240,31872.0,31.872000,17.18461967,128,0,sigmoid,0,32,,,0,0,0,0.971188425335,0.0288115746646,1,0,0,280.084098,2.507949
250,241,32000.0,32.000000,17.63562155,128,0,sigmoid,0,32,,,0,0,0,0.971071743864,0.0289282561357,1,0,0,281.164257,2.507949
251,242,32128.0,32.128000,16.87281191,128,0,sigmoid,0,32,,,0,0,0,0.970808847202,0.0291911527976,1,0,0,282.249871,2.507949
252,243,32256.0,32.256000,15.46677375,128,0,sigmoid,0,32,,,0,0,0,0.971191713629,0.0288082863712,1,0,0,283.331742,2.507949
253,244,32384.0,32.384000,15.84567189,128,0,sigmoid,0,32,,,0,0,0,0.971940413974,0.028059586026,1,0,0,284.420806,2.507949
254,245,32512.0,32.512000,16.34118426,128,0,sigmoid,0,32,,,0,0,0,0.972205057169,0.0277949428315,1,0,0,285.502945,2.507949
255,246,32640.0,32.640000,15.71317923,128,0,sigmoid,0,32,,,0,0,0,0.971279327889,0.0287206721114,1,0,0,286.580724,2.507949
256,247,32768.0,32.768000,16.34201264,128,0,sigmoid,0,32,,,0,0,0,0.970711631155,0.0292883688448,1,0,0,287.657907,2.507949
257,248,32896.0,32.896000,14.91408861,128,0,sigmoid,0,33,,,0,0,0,0.972591817038,0.0274081829625,1,0,0,288.735111,2.507949
258,249,33024.0,33.024000,15.13876700,128,0,sigmoid,0,33,,,0,0,0,0.971609878591,0.0283901214089,1,0,0,289.826010,2.507949
259,250,33152.0,33.152000,16.26424909,128,0,sigmoid,0,33,,,0,0,0,0.97062201068,0.02937798932,1,0,0,290.905313,2.507949
260,251,33280.0,33.280000,17.70397973,128,0,sigmoid,0,33,,,0,0,0,0.970401273885,0.029598726115,1,0,0,291.981187,2.507949
261,252,33408.0,33.408000,15.74066782,128,0,sigmoid,0,33,,,0,0,0,0.971178645872,0.0288213541279,1,0,0,293.057669,2.507949
262,253,33536.0,33.536000,17.44804001,128,0,sigmoid,0,33,,,0,0,0,0.970167845823,0.0298321541767,1,0,0,294.131986,2.507949
263,254,33664.0,33.664000,18.41716981,128,0,sigmoid,0,33,,,0,0,0,0.969433172189,0.030566827811,1,0,0,295.197793,2.507949
264,255,33792.0,33.792000,18.21604085,128,0,sigmoid,0,33,,,0,0,0,0.970213847592,0.029786152408,1,0,0,296.262643,2.507949
265,256,33920.0,33.920000,16.58633351,128,0,sigmoid,0,34,,,0,0,0,0.971277919667,0.0287220803326,1,0,0,297.361407,2.507949
266,257,34048.0,34.048000,15.97974479,128,0,sigmoid,0,34,,,0,0,0,0.971313514566,0.0286864854342,1,0,0,298.446841,2.507949
267,258,34176.0,34.176000,17.60552526,128,0,sigmoid,0,34,,,0,0,0,0.969250281191,0.0307497188086,1,0,0,299.533686,2.507949
268,259,34304.0,34.304000,17.75940669,128,0,sigmoid,0,34,,,0,0,0,0.969917224559,0.0300827754415,1,0,0,300.629822,2.507949
269,260,34432.0,34.432000,18.92791414,128,0,sigmoid,0,34,,,0,0,0,0.969874433725,0.0301255662748,1,0,0,301.725970,2.507949
270,261,34560.0,34.560000,15.89462554,128,0,sigmoid,0,34,,,0,0,0,0.971049224846,0.0289507751543,1,0,0,302.813654,2.507949
271,262,34688.0,34.688000,16.57369220,128,0,sigmoid,0,34,,,0,0,0,0.969881546182,0.0301184538181,1,0,0,303.898597,2.507949
272,263,34816.0,34.816000,17.92334580,128,0,sigmoid,0,34,,,0,0,0,0.968984690276,0.0310153097239,1,0,0,304.982113,2.507949
273,264,34944.0,34.944000,16.40150380,128,0,sigmoid,0,35,,,0,0,0,0.971352003623,0.028647996377,1,0,0,306.070003,2.507949
274,265,35072.0,35.072000,17.02871835,128,0,sigmoid,0,35,,,0,0,0,0.970566241414,0.029433758586,1,0,0,307.159509,2.507949
275,266,35200.0,35.200000,14.85547996,128,0,sigmoid,0,35,,,0,0,0,0.972420742051,0.0275792579494,1,0,0,308.247857,2.507949
276,267,35328.0,35.328000,15.44352019,128,0,sigmoid,0,35,,,0,0,0,0.971500650712,0.0284993492882,1,0,0,309.332490,2.507949
277,268,35456.0,35.456000,17.40006304,128,0,sigmoid,0,35,,,0,0,0,0.97095122284,0.0290487771602,1,0,0,310.417276,2.507949
278,269,35584.0,35.584000,16.73621070,128,0,sigmoid,0,35,,,0,0,0,0.970296807147,0.029703192853,1,0,0,311.505250,2.507949
279,270,35712.0,35.712000,15.59197974,128,0,sigmoid,0,35,,,0,0,0,0.972705375783,0.0272946242171,1,0,0,312.592412,2.507949
280,271,35840.0,35.840000,16.43060398,128,0,sigmoid,0,35,,,0,0,0,0.970923581412,0.0290764185882,1,0,0,313.676099,2.507949
281,272,35968.0,35.968000,17.28574121,128,0,sigmoid,0,36,,,0,0,0,0.971395609487,0.028604390513,1,0,0,314.763225,2.507949
282,273,36096.0,36.096000,15.93745267,128,0,sigmoid,0,36,,,0,0,0,0.971223959835,0.0287760401652,1,0,0,315.850560,2.507949
283,274,36224.0,36.224000,14.21788859,128,0,sigmoid,0,36,,,0,0,0,0.972057519074,0.0279424809259,1,0,0,316.928977,2.507949
284,275,36352.0,36.352000,16.18621361,128,0,sigmoid,0,36,,,0,0,0,0.971965141969,0.0280348580305,1,0,0,318.018895,2.507949
285,276,36480.0,36.480000,17.27864623,128,0,sigmoid,0,36,,,0,0,0,0.969729679606,0.0302703203944,1,0,0,319.105021,2.507949
286,277,36608.0,36.608000,18.23223507,128,0,sigmoid,0,36,,,0,0,0,0.970171771183,0.029828228817,1,0,0,320.187418,2.507949
287,278,36736.0,36.736000,16.00713503,128,0,sigmoid,0,36,,,0,0,0,0.97037795746,0.02962204254,1,0,0,321.270867,2.507949
288,279,36864.0,36.864000,16.37622225,128,0,sigmoid,0,36,,,0,0,0,0.971309761362,0.0286902386383,1,0,0,322.359432,2.507949
289,280,36992.0,36.992000,15.92410791,128,0,sigmoid,0,37,,,0,0,0,0.97200862726,0.0279913727403,1,0,0,323.445735,2.507949
290,281,37120.0,37.120000,17.44611228,128,0,sigmoid,0,37,,,0,0,0,0.971334166905,0.0286658330951,1,0,0,324.527865,2.507949
291,282,37248.0,37.248000,17.69054675,128,0,sigmoid,0,37,,,0,0,0,0.969400170158,0.0305998298419,1,0,0,325.620351,2.507949
292,283,37376.0,37.376000,16.25809085,128,0,sigmoid,0,37,,,0,0,0,0.97195068901,0.0280493109902,1,0,0,326.721691,2.507949
293,284,37504.0,37.504000,15.52566898,128,0,sigmoid,0,37,,,0,0,0,0.972230155235,0.0277698447653,1,0,0,327.831181,2.507949
294,285,37632.0,37.632000,15.92076218,128,0,sigmoid,0,37,,,0,0,0,0.972206763023,0.0277932369768,1,0,0,328.909404,2.507949
295,286,37760.0,37.760000,15.45897758,128,0,sigmoid,0,37,,,0,0,0,0.973008896856,0.0269911031444,1,0,0,329.956258,2.507949
296,287,37888.0,37.888000,15.49295878,128,0,sigmoid,0,37,,,0,0,0,0.971698900021,0.0283010999792,1,0,0,331.047439,2.507949
297,288,38016.0,38.016000,16.70684707,128,0,sigmoid,0,38,,,0,0,0,0.971297106477,0.0287028935228,1,0,0,332.139335,2.507949
298,289,38144.0,38.144000,15.79524136,128,0,sigmoid,0,38,,,0,0,0,0.971287649532,0.0287123504681,1,0,0,333.226243,2.507949
299,290,38272.0,38.272000,16.06746638,128,0,sigmoid,0,38,,,0,0,0,0.970724781274,0.0292752187265,1,0,0,334.329080,2.507949
300,291,38400.0,38.400000,15.79839492,128,0,sigmoid,0,38,,,0,0,0,0.971890172175,0.0281098278245,1,0,0,335.504295,2.507949
301,292,38528.0,38.528000,16.84988546,128,0,sigmoid,0,38,,,0,0,0,0.969868610257,0.0301313897432,1,0,0,336.614650,2.507949
302,293,38656.0,38.656000,16.50785971,128,0,sigmoid,0,38,,,0,0,0,0.970771350925,0.0292286490745,1,0,0,337.724578,2.507949
303,294,38784.0,38.784000,17.74471259,128,0,sigmoid,0,38,,,0,0,0,0.970390252556,0.0296097474438,1,0,0,338.841657,2.507949
304,295,38912.0,38.912000,17.05317628,128,0,sigmoid,0,38,,,0,0,0,0.971758441891,0.0282415581086,1,0,0,339.954177,2.507949
305,296,39040.0,39.040000,16.96106994,128,0,sigmoid,0,39,,,0,0,0,0.970826894457,0.0291731055429,1,0,0,341.083655,2.507949
306,297,39168.0,39.168000,16.30958343,128,0,sigmoid,0,39,,,0,0,0,0.971852111682,0.0281478883184,1,0,0,342.204818,2.507949
307,298,39296.0,39.296000,15.04032481,128,0,sigmoid,0,39,,,0,0,0,0.971902965813,0.0280970341867,1,0,0,343.374632,2.507949
308,299,39424.0,39.424000,15.32619214,128,0,sigmoid,0,39,,,0,0,0,0.972660583123,0.0273394168766,1,0,0,344.478592,2.507949
309,300,39552.0,39.552000,14.25774717,128,0,sigmoid,0,39,,,0,0,0,0.972996815314,0.0270031846857,1,0,0,345.672678,2.507949
310,301,39680.0,39.680000,15.47418118,128,0,sigmoid,0,39,,,0,0,0,0.971595906925,0.0284040930746,1,0,0,346.778406,2.507949
311,302,39808.0,39.808000,16.45652664,128,0,sigmoid,0,39,,,0,0,0,0.971471588732,0.028528411268,1,0,0,347.857574,2.507949
312,303,39936.0,39.936000,17.80633593,128,0,sigmoid,0,39,,,0,0,0,0.971003036132,0.0289969638675,1,0,0,348.942367,2.507949
313,304,40064.0,40.064000,16.79262578,128,0,sigmoid,0,40,,,0,0,0,0.970238844935,0.029761155065,1,0,0,350.037969,2.507949
314,305,40192.0,40.192000,16.63266528,128,0,sigmoid,0,40,,,0,0,0,0.971847636651,0.0281523633487,1,0,0,351.157226,2.507949
315,306,40320.0,40.320000,16.55898452,128,0,sigmoid,0,40,,,0,0,0,0.971041502153,0.0289584978468,1,0,0,352.238035,2.507949
316,307,40448.0,40.448000,17.43311679,128,0,sigmoid,0,40,,,0,0,0,0.971050817749,0.0289491822511,1,0,0,353.297112,2.507949
317,308,40576.0,40.576000,17.01309443,128,0,sigmoid,0,40,,,0,0,0,0.970696396246,0.0293036037535,1,0,0,354.391002,2.507949
318,309,40704.0,40.704000,16.09074187,128,0,sigmoid,0,40,,,0,0,0,0.971004090494,0.0289959095058,1,0,0,355.424984,2.507949
319,310,40832.0,40.832000,16.55764687,128,0,sigmoid,0,40,,,0,0,0,0.970163793516,0.0298362064837,1,0,0,356.448058,2.507949
320,311,40960.0,40.960000,15.04288340,128,0,sigmoid,0,40,,,0,0,0,0.971477719986,0.0285222800143,1,0,0,357.469859,2.507949
321,312,41088.0,41.088000,16.58782697,128,0,sigmoid,0,41,,,0,0,0,0.971396451092,0.0286035489076,1,0,0,358.492307,2.507949
322,313,41216.0,41.216000,15.38795352,128,0,sigmoid,0,41,,,0,0,0,0.971940419623,0.0280595803768,1,0,0,359.523484,2.507949
323,314,41344.0,41.344000,15.31001163,128,0,sigmoid,0,41,,,0,0,0,0.970504401579,0.0294955984205,1,0,0,360.545398,2.507949
324,315,41472.0,41.472000,17.40145922,128,0,sigmoid,0,41,,,0,0,0,0.970569947244,0.0294300527565,1,0,0,361.606844,2.507949
325,316,41600.0,41.600000,14.75550652,128,0,sigmoid,0,41,,,0,0,0,0.972804557885,0.0271954421149,1,0,0,362.664196,2.507949
326,317,41728.0,41.728000,16.80458760,128,0,sigmoid,0,41,,,0,0,0,0.970444046173,0.0295559538272,1,0,0,363.779828,2.507949
327,318,41856.0,41.856000,16.06802332,128,0,sigmoid,0,41,,,0,0,0,0.970758297277,0.0292417027235,1,0,0,364.872058,2.507949
328,319,41984.0,41.984000,17.42513287,128,0,sigmoid,0,41,,,0,0,0,0.969562790394,0.0304372096064,1,0,0,365.971121,2.507949
329,320,42112.0,42.112000,16.28081739,128,0,sigmoid,0,42,,,0,0,0,0.97166954617,0.0283304538295,1,0,0,367.096941,2.507949
330,321,42240.0,42.240000,17.41035306,128,0,sigmoid,0,42,,,0,0,0,0.970875916351,0.0291240836488,1,0,0,368.273625,2.507949
331,322,42368.0,42.368000,16.49273801,128,0,sigmoid,0,42,,,0,0,0,0.971288404436,0.0287115955641,1,0,0,369.447208,2.507949
332,323,42496.0,42.496000,15.39880109,128,0,sigmoid,0,42,,,0,0,0,0.971890392076,0.0281096079243,1,0,0,370.615710,2.507949
333,324,42624.0,42.624000,15.66722751,128,0,sigmoid,0,42,,,0,0,0,0.971561934629,0.0284380653706,1,0,0,371.795134,2.507949
334,325,42752.0,42.752000,18.33204401,128,0,sigmoid,0,42,,,0,0,0,0.968426707052,0.031573292948,1,0,0,372.974346,2.507949
335,326,42880.0,42.880000,16.12619436,128,0,sigmoid,0,42,,,0,0,0,0.970397191821,0.0296028081789,1,0,0,374.153556,2.507949
336,327,43008.0,43.008000,14.97894871,128,0,sigmoid,0,42,,,0,0,0,0.971781785714,0.0282182142856,1,0,0,375.332835,2.507949
337,328,43136.0,43.136000,16.01542962,128,0,sigmoid,0,43,,,0,0,0,0.971131652625,0.0288683473754,1,0,0,376.447599,2.507949
338,329,43264.0,43.264000,15.99157953,128,0,sigmoid,0,43,,,0,0,0,0.971704059857,0.0282959401427,1,0,0,377.632684,2.507949
339,330,43392.0,43.392000,16.78776395,128,0,sigmoid,0,43,,,0,0,0,0.971069705887,0.0289302941129,1,0,0,378.725413,2.507949
340,331,43520.0,43.520000,16.23710680,128,0,sigmoid,0,43,,,0,0,0,0.970860658999,0.0291393410013,1,0,0,379.818708,2.507949
341,332,43648.0,43.648000,16.07568932,128,0,sigmoid,0,43,,,0,0,0,0.9717749594,0.0282250405996,1,0,0,380.926054,2.507949
342,333,43776.0,43.776000,16.63034499,128,0,sigmoid,0,43,,,0,0,0,0.971206398786,0.028793601214,1,0,0,382.020481,2.507949
343,334,43904.0,43.904000,15.84774184,128,0,sigmoid,0,43,,,0,0,0,0.971473873401,0.0285261265991,1,0,0,383.120389,2.507949
344,335,44032.0,44.032000,16.98976529,128,0,sigmoid,0,43,,,0,0,0,0.970300853514,0.0296991464865,1,0,0,384.208624,2.507949
345,336,44160.0,44.160000,15.59379554,128,0,sigmoid,0,44,,,0,0,0,0.97157868629,0.0284213137097,1,0,0,385.294175,2.507949
346,337,44288.0,44.288000,16.00614059,128,0,sigmoid,0,44,,,0,0,0,0.97085176667,0.0291482333299,1,0,0,386.381241,2.507949
347,338,44416.0,44.416000,16.33805358,128,0,sigmoid,0,44,,,0,0,0,0.970705687428,0.0292943125722,1,0,0,387.467764,2.507949
348,339,44544.0,44.544000,14.94493949,128,0,sigmoid,0,44,,,0,0,0,0.972350244297,0.0276497557035,1,0,0,388.552437,2.507949
349,340,44672.0,44.672000,16.04235721,128,0,sigmoid,0,44,,,0,0,0,0.970923545696,0.0290764543038,1,0,0,389.641167,2.507949
350,341,44800.0,44.800000,16.08960664,128,0,sigmoid,0,44,,,0,0,0,0.971645387315,0.0283546126854,1,0,0,390.734026,2.507949
351,342,44928.0,44.928000,17.71183634,128,0,sigmoid,0,44,,,0,0,0,0.970444911187,0.0295550888131,1,0,0,391.817945,2.507949
352,343,45056.0,45.056000,15.81690741,128,0,sigmoid,0,44,,,0,0,0,0.971094733995,0.0289052660054,1,0,0,392.911186,2.507949
353,344,45184.0,45.184000,15.27136707,128,0,sigmoid,0,45,,,0,0,0,0.972441178048,0.0275588219519,1,0,0,394.002212,2.507949
354,345,45312.0,45.312000,16.09091103,128,0,sigmoid,0,45,,,0,0,0,0.970301343085,0.0296986569154,1,0,0,395.086390,2.507949
355,346,45440.0,45.440000,17.43580699,128,0,sigmoid,0,45,,,0,0,0,0.969349478603,0.0306505213968,1,0,0,396.175772,2.507949
356,347,45568.0,45.568000,17.82958865,128,0,sigmoid,0,45,,,0,0,0,0.969840073194,0.0301599268061,1,0,0,397.266027,2.507949
357,348,45696.0,45.696000,17.18257320,128,0,sigmoid,0,45,,,0,0,0,0.969844385433,0.030155614567,1,0,0,398.357212,2.507949
358,349,45824.0,45.824000,15.14207697,128,0,sigmoid,0,45,,,0,0,0,0.972434514825,0.0275654851749,1,0,0,399.447836,2.507949
359,350,45952.0,45.952000,15.58695948,128,0,sigmoid,0,45,,,0,0,0,0.972000850342,0.0279991496583,1,0,0,400.528550,2.507949
360,351,46080.0,46.080000,16.43444395,128,0,sigmoid,0,45,,,0,0,0,0.970787129984,0.0292128700157,1,0,0,401.612590,2.507949
361,352,46208.0,46.208000,15.63007891,128,0,sigmoid,0,46,,,0,0,0,0.97181324251,0.02818675749,1,0,0,402.699668,2.507949
362,353,46336.0,46.336000,14.67483628,128,0,sigmoid,0,46,,,0,0,0,0.971251562194,0.0287484378064,1,0,0,403.787377,2.507949
363,354,46464.0,46.464000,16.75956845,128,0,sigmoid,0,46,,,0,0,0,0.971536173603,0.0284638263974,1,0,0,404.888482,2.507949
364,355,46592.0,46.592000,15.79357207,128,0,sigmoid,0,46,,,0,0,0,0.971568637995,0.0284313620054,1,0,0,405.971158,2.507949
365,356,46720.0,46.720000,15.50629795,128,0,sigmoid,0,46,,,0,0,0,0.972812462721,0.0271875372795,1,0,0,407.060235,2.507949
366,357,46848.0,46.848000,16.80709028,128,0,sigmoid,0,46,,,0,0,0,0.971631894207,0.0283681057931,1,0,0,408.143973,2.507949
367,358,46976.0,46.976000,16.70561028,128,0,sigmoid,0,46,,,0,0,0,0.970899493329,0.0291005066705,1,0,0,409.234630,2.507949
368,359,47104.0,47.104000,15.72245610,128,0,sigmoid,0,46,,,0,0,0,0.9710172392,0.0289827607996,1,0,0,410.315885,2.507949
369,360,47232.0,47.232000,15.96920300,128,0,sigmoid,0,47,,,0,0,0,0.971183615516,0.028816384484,1,0,0,411.401267,2.507949
370,361,47360.0,47.360000,15.91479230,128,0,sigmoid,0,47,,,0,0,0,0.971368413197,0.0286315868032,1,0,0,412.487343,2.507949
371,362,47488.0,47.488000,14.68240571,128,0,sigmoid,0,47,,,0,0,0,0.97219894548,0.0278010545199,1,0,0,413.575521,2.507949
372,363,47616.0,47.616000,15.21372938,128,0,sigmoid,0,47,,,0,0,0,0.971594961152,0.0284050388483,1,0,0,414.654684,2.507949
373,364,47744.0,47.744000,16.61171913,128,0,sigmoid,0,47,,,0,0,0,0.969516071178,0.0304839288222,1,0,0,415.734853,2.507949
374,365,47872.0,47.872000,14.65501809,128,0,sigmoid,0,47,,,0,0,0,0.971512513649,0.0284874863512,1,0,0,416.818666,2.507949
375,366,48000.0,48.000000,16.15243506,128,0,sigmoid,0,47,,,0,0,0,0.971196771036,0.0288032289642,1,0,0,417.894555,2.507949
376,367,48128.0,48.128000,14.19857371,128,0,sigmoid,0,47,,,0,0,0,0.972175861894,0.0278241381056,1,0,0,418.974837,2.507949
377,368,48256.0,48.256000,14.60795236,128,0,sigmoid,0,48,,,0,0,0,0.971487752784,0.0285122472164,1,0,0,420.050452,2.507949
378,369,48384.0,48.384000,16.10347474,128,0,sigmoid,0,48,,,0,0,0,0.971179961402,0.0288200385984,1,0,0,421.132076,2.507949
379,370,48512.0,48.512000,15.11852133,128,0,sigmoid,0,48,,,0,0,0,0.971132861498,0.0288671385016,1,0,0,422.208709,2.507949
380,371,48640.0,48.640000,16.09456336,128,0,sigmoid,0,48,,,0,0,0,0.971550289102,0.0284497108984,1,0,0,423.282814,2.507949
381,372,48768.0,48.768000,17.13679743,128,0,sigmoid,0,48,,,0,0,0,0.970751680521,0.0292483194788,1,0,0,424.353362,2.507949
382,373,48896.0,48.896000,16.53781104,128,0,sigmoid,0,48,,,0,0,0,0.970749847138,0.0292501528618,1,0,0,425.424607,2.507949
383,374,49024.0,49.024000,17.55966258,128,0,sigmoid,0,48,,,0,0,0,0.969540894596,0.0304591054044,1,0,0,426.495990,2.507949
384,375,49152.0,49.152000,15.32041597,128,0,sigmoid,0,48,,,0,0,0,0.970616409354,0.0293835906464,1,0,0,427.592963,2.507949
385,376,49280.0,49.280000,15.96383238,128,0,sigmoid,0,49,,,0,0,0,0.971683184969,0.028316815031,1,0,0,428.789951,2.507949
386,377,49408.0,49.408000,15.19244885,128,0,sigmoid,0,49,,,0,0,0,0.971435309447,0.0285646905531,1,0,0,429.877753,2.507949
387,378,49536.0,49.536000,14.94406855,128,0,sigmoid,0,49,,,0,0,0,0.971067241907,0.0289327580929,1,0,0,431.021871,2.507949
388,379,49664.0,49.664000,14.89507353,128,0,sigmoid,0,49,,,0,0,0,0.971131382348,0.0288686176516,1,0,0,432.113200,2.507949
389,380,49792.0,49.792000,17.84426951,128,0,sigmoid,0,49,,,0,0,0,0.968905278207,0.0310947217932,1,0,0,433.193029,2.507949
390,381,49920.0,49.920000,16.10927188,128,0,sigmoid,0,49,,,0,0,0,0.971183045905,0.0288169540948,1,0,0,434.271391,2.507949
391,382,50048.0,50.048000,16.38817799,128,0,sigmoid,0,49,,,0,0,0,0.969474114016,0.0305258859837,1,0,0,435.354150,2.507949
392,383,50176.0,50.176000,16.45276535,128,0,sigmoid,0,49,,,0,0,0,0.970933871851,0.0290661281491,1,0,0,436.440483,2.507949
393,384,50304.0,50.304000,16.63728809,128,0,sigmoid,0,50,,,0,0,0,0.97113783411,0.02886216589,1,0,0,437.532155,2.507949
394,385,50432.0,50.432000,15.94451594,128,0,sigmoid,0,50,,,0,0,0,0.971097634814,0.0289023651863,1,0,0,438.617924,2.507949
395,386,50560.0,50.560000,16.86749732,128,0,sigmoid,0,50,,,0,0,0,0.970272552387,0.0297274476126,1,0,0,439.702243,2.507949
396,387,50688.0,50.688000,16.80314732,128,0,sigmoid,0,50,,,0,0,0,0.971171694619,0.0288283053814,1,0,0,440.784912,2.507949
397,388,50816.0,50.816000,16.38693178,128,0,sigmoid,0,50,,,0,0,0,0.970787123112,0.0292128768877,1,0,0,441.872460,2.507949
398,389,50944.0,50.944000,16.24292517,128,0,sigmoid,0,50,,,0,0,0,0.971301449376,0.0286985506242,1,0,0,442.965837,2.507949
399,390,51072.0,51.072000,14.74707377,128,0,sigmoid,0,50,,,0,0,0,0.971721772056,0.0282782279439,1,0,0,444.074154,2.507949
400,391,51200.0,51.200000,15.40956867,128,0,sigmoid,0,50,,,0,0,0,0.971228936197,0.0287710638032,1,0,0,445.189562,2.507949
401,392,51328.0,51.328000,14.49008751,128,0,sigmoid,0,51,,,0,0,0,0.973473233059,0.0265267669406,1,0,0,446.293590,2.507949
402,393,51456.0,51.456000,17.14433408,128,0,sigmoid,0,51,,,0,0,0,0.970477296475,0.029522703525,1,0,0,447.382479,2.507949
403,394,51584.0,51.584000,16.04505682,128,0,sigmoid,0,51,,,0,0,0,0.971442499399,0.0285575006013,1,0,0,448.467576,2.507949
404,395,51712.0,51.712000,15.61919224,128,0,sigmoid,0,51,,,0,0,0,0.972407543956,0.0275924560435,1,0,0,449.555153,2.507949
405,396,51840.0,51.840000,17.48620903,128,0,sigmoid,0,51,,,0,0,0,0.969572005112,0.0304279948884,1,0,0,450.639904,2.507949
406,397,51968.0,51.968000,16.25302541,128,0,sigmoid,0,51,,,0,0,0,0.970562817566,0.0294371824337,1,0,0,451.727916,2.507949
407,398,52096.0,52.096000,16.87173986,128,0,sigmoid,0,51,,,0,0,0,0.970589709223,0.0294102907767,1,0,0,452.813271,2.507949
408,399,52224.0,52.224000,16.42060649,128,0,sigmoid,0,51,,,0,0,0,0.970608449455,0.0293915505449,1,0,0,453.914116,2.507949
409,400,52352.0,52.352000,14.26005113,128,0,sigmoid,0,52,,,0,0,0,0.973829486812,0.026170513188,1,0,0,455.008210,2.507949
410,401,52480.0,52.480000,16.12673199,128,0,sigmoid,0,52,,,0,0,0,0.970215037131,0.0297849628693,1,0,0,456.063069,2.507949
411,402,52608.0,52.608000,17.28687859,128,0,sigmoid,0,52,,,0,0,0,0.970445521484,0.0295544785162,1,0,0,457.093657,2.507949
412,403,52736.0,52.736000,16.10456252,128,0,sigmoid,0,52,,,0,0,0,0.971069971877,0.0289300281232,1,0,0,458.133470,2.507949
413,404,52864.0,52.864000,17.02641654,128,0,sigmoid,0,52,,,0,0,0,0.970715798063,0.0292842019375,1,0,0,459.175074,2.507949
414,405,52992.0,52.992000,16.35008276,128,0,sigmoid,0,52,,,0,0,0,0.970540789536,0.0294592104642,1,0,0,460.223313,2.507949
415,406,53120.0,53.120000,14.47486842,128,0,sigmoid,0,52,,,0,0,0,0.971126756477,0.0288732435231,1,0,0,461.269022,2.507949
416,407,53248.0,53.248000,15.14399374,128,0,sigmoid,0,52,,,0,0,0,0.972500050002,0.0274999499977,1,0,0,462.320444,2.507949
417,408,53376.0,53.376000,17.89366150,128,0,sigmoid,0,53,,,0,0,0,0.970227285673,0.0297727143269,1,0,0,463.366568,2.507949
418,409,53504.0,53.504000,15.39840508,128,0,sigmoid,0,53,,,0,0,0,0.972241349348,0.0277586506521,1,0,0,464.430889,2.507949
419,410,53632.0,53.632000,16.87771201,128,0,sigmoid,0,53,,,0,0,0,0.971256588217,0.0287434117825,1,0,0,465.558257,2.507949
420,411,53760.0,53.760000,16.36150265,128,0,sigmoid,0,53,,,0,0,0,0.970496224837,0.0295037751628,1,0,0,466.667323,2.507949
421,412,53888.0,53.888000,16.27323520,128,0,sigmoid,0,53,,,0,0,0,0.97121326578,0.0287867342203,1,0,0,467.752319,2.507949
422,413,54016.0,54.016000,14.68003225,128,0,sigmoid,0,53,,,0,0,0,0.972012755801,0.0279872441994,1,0,0,468.811598,2.507949
423,414,54144.0,54.144000,17.57562041,128,0,sigmoid,0,53,,,0,0,0,0.969052527192,0.030947472808,1,0,0,469.904837,2.507949
424,415,54272.0,54.272000,16.75627983,128,0,sigmoid,0,53,,,0,0,0,0.970995769558,0.029004230442,1,0,0,470.989527,2.507949
425,416,54400.0,54.400000,14.84095728,128,0,sigmoid,0,54,,,0,0,0,0.97176120287,0.0282387971303,1,0,0,472.074032,2.507949
426,417,54528.0,54.528000,15.58141744,128,0,sigmoid,0,54,,,0,0,0,0.9715901959,0.0284098040995,1,0,0,473.164243,2.507949
427,418,54656.0,54.656000,16.66472781,128,0,sigmoid,0,54,,,0,0,0,0.971126793652,0.0288732063482,1,0,0,474.249857,2.507949
428,419,54784.0,54.784000,14.50402248,128,0,sigmoid,0,54,,,0,0,0,0.972386543431,0.0276134565691,1,0,0,475.337646,2.507949
429,420,54912.0,54.912000,18.13775623,128,0,sigmoid,0,54,,,0,0,0,0.970521913007,0.0294780869929,1,0,0,476.427779,2.507949
430,421,55040.0,55.040000,16.79625916,128,0,sigmoid,0,54,,,0,0,0,0.970531714823,0.0294682851773,1,0,0,477.517106,2.507949
431,422,55168.0,55.168000,17.19440830,128,0,sigmoid,0,54,,,0,0,0,0.970757423941,0.0292425760586,1,0,0,478.610574,2.507949
432,423,55296.0,55.296000,14.62678885,128,0,sigmoid,0,54,,,0,0,0,0.972468966254,0.0275310337463,1,0,0,479.696050,2.507949
433,424,55424.0,55.424000,14.48421764,128,0,sigmoid,0,55,,,0,0,0,0.97168247001,0.0283175299899,1,0,0,480.779431,2.507949
434,425,55552.0,55.552000,17.00326228,128,0,sigmoid,0,55,,,0,0,0,0.971156806996,0.0288431930041,1,0,0,481.867960,2.507949
435,426,55680.0,55.680000,16.20686698,128,0,sigmoid,0,55,,,0,0,0,0.970887053725,0.0291129462747,1,0,0,482.951232,2.507949
436,427,55808.0,55.808000,17.65787780,128,0,sigmoid,0,55,,,0,0,0,0.970768920583,0.029231079417,1,0,0,484.030174,2.507949
437,428,55936.0,55.936000,16.01380813,128,0,sigmoid,0,55,,,0,0,0,0.972627782585,0.0273722174153,1,0,0,485.108614,2.507949
438,429,56064.0,56.064000,16.67363870,128,0,sigmoid,0,55,,,0,0,0,0.970174405359,0.0298255946415,1,0,0,486.186438,2.507949
439,430,56192.0,56.192000,16.35931385,128,0,sigmoid,0,55,,,0,0,0,0.971260417516,0.0287395824845,1,0,0,487.263481,2.507949
440,431,56320.0,56.320000,17.54983771,128,0,sigmoid,0,55,,,0,0,0,0.969719760177,0.0302802398232,1,0,0,488.335459,2.507949
441,432,56448.0,56.448000,15.38008428,128,0,sigmoid,0,56,,,0,0,0,0.972018266185,0.0279817338154,1,0,0,489.408054,2.507949
442,433,56576.0,56.576000,15.24542463,128,0,sigmoid,0,56,,,0,0,0,0.971696278476,0.0283037215243,1,0,0,490.478326,2.507949
443,434,56704.0,56.704000,17.42391288,128,0,sigmoid,0,56,,,0,0,0,0.969852199652,0.0301478003479,1,0,0,491.548099,2.507949
444,435,56832.0,56.832000,15.82456005,128,0,sigmoid,0,56,,,0,0,0,0.97091617583,0.0290838241704,1,0,0,492.619821,2.507949
445,436,56960.0,56.960000,16.15866470,128,0,sigmoid,0,56,,,0,0,0,0.971428040388,0.0285719596117,1,0,0,493.727180,2.507949
446,437,57088.0,57.088000,15.77779031,128,0,sigmoid,0,56,,,0,0,0,0.970983882888,0.0290161171122,1,0,0,494.809346,2.507949
447,438,57216.0,57.216000,17.14291143,128,0,sigmoid,0,56,,,0,0,0,0.96974121384,0.0302587861603,1,0,0,495.896692,2.507949
448,439,57344.0,57.344000,15.61470366,128,0,sigmoid,0,56,,,0,0,0,0.972035293498,0.0279647065023,1,0,0,496.981580,2.507949
449,440,57472.0,57.472000,16.79020667,128,0,sigmoid,0,57,,,0,0,0,0.970160035004,0.0298399649959,1,0,0,498.068689,2.507949
450,441,57600.0,57.600000,17.76677942,128,0,sigmoid,0,57,,,0,0,0,0.970585333202,0.0294146667982,1,0,0,499.156883,2.507949
451,442,57728.0,57.728000,15.89594626,128,0,sigmoid,0,57,,,0,0,0,0.972484891691,0.0275151083092,1,0,0,500.247284,2.507949
452,443,57856.0,57.856000,16.02537298,128,0,sigmoid,0,57,,,0,0,0,0.970360999126,0.0296390008743,1,0,0,501.341817,2.507949
453,444,57984.0,57.984000,15.97806442,128,0,sigmoid,0,57,,,0,0,0,0.969824174081,0.0301758259191,1,0,0,502.433842,2.507949
454,445,58112.0,58.112000,14.40403700,128,0,sigmoid,0,57,,,0,0,0,0.971787457265,0.0282125427345,1,0,0,503.525009,2.507949
455,446,58240.0,58.240000,15.54975045,128,0,sigmoid,0,57,,,0,0,0,0.97107451108,0.0289254889196,1,0,0,504.614020,2.507949
456,447,58368.0,58.368000,17.28894758,128,0,sigmoid,0,57,,,0,0,0,0.969919755838,0.0300802441619,1,0,0,505.652051,2.507949
457,448,58496.0,58.496000,16.06887770,128,0,sigmoid,0,58,,,0,0,0,0.971790741384,0.0282092586158,1,0,0,506.693196,2.507949
458,449,58624.0,58.624000,16.14205599,128,0,sigmoid,0,58,,,0,0,0,0.971583803181,0.0284161968186,1,0,0,507.808224,2.507949
459,450,58752.0,58.752000,16.69714773,128,0,sigmoid,0,58,,,0,0,0,0.970854172026,0.0291458279736,1,0,0,508.897990,2.507949
460,451,58880.0,58.880000,16.39605463,128,0,sigmoid,0,58,,,0,0,0,0.970894260697,0.0291057393028,1,0,0,509.919301,2.507949
461,452,59008.0,59.008000,18.30014634,128,0,sigmoid,0,58,,,0,0,0,0.970288760124,0.0297112398765,1,0,0,511.005179,2.507949
462,453,59136.0,59.136000,15.70284724,128,0,sigmoid,0,58,,,0,0,0,0.970195783355,0.029804216645,1,0,0,511.913459,2.507949
463,454,59264.0,59.264000,14.78793514,128,0,sigmoid,0,58,,,0,0,0,0.971834726215,0.0281652737849,1,0,0,512.740902,2.507949
464,455,59392.0,59.392000,14.76723337,128,0,sigmoid,0,58,,,0,0,0,0.971582186412,0.0284178135884,1,0,0,513.614987,2.507949
465,456,59520.0,59.520000,16.92090690,128,0,sigmoid,0,59,,,0,0,0,0.970990437608,0.029009562392,1,0,0,514.707586,2.507949
466,457,59648.0,59.648000,18.10877514,128,0,sigmoid,0,59,,,0,0,0,0.969651897081,0.030348102919,1,0,0,515.794936,2.507949
467,458,59776.0,59.776000,17.05761135,128,0,sigmoid,0,59,,,0,0,0,0.970384753917,0.029615246083,1,0,0,516.882495,2.507949
468,459,59904.0,59.904000,17.34620273,128,0,sigmoid,0,59,,,0,0,0,0.969213524675,0.0307864753245,1,0,0,517.965993,2.507949
469,460,60032.0,60.032000,15.58700478,128,0,sigmoid,0,59,,,0,0,0,0.972137696505,0.0278623034952,1,0,0,519.048470,2.507949
470,461,60160.0,60.160000,16.13115394,128,0,sigmoid,0,59,,,0,0,0,0.971198769575,0.0288012304251,1,0,0,520.132127,2.507949
471,462,60288.0,60.288000,15.39252496,128,0,sigmoid,0,59,,,0,0,0,0.970771796472,0.0292282035277,1,0,0,521.214846,2.507949
472,463,60416.0,60.416000,15.34087849,128,0,sigmoid,0,59,,,0,0,0,0.971472096563,0.0285279034367,1,0,0,522.295194,2.507949
473,464,60544.0,60.544000,17.03107464,128,0,sigmoid,0,60,,,0,0,0,0.970838611001,0.0291613889989,1,0,0,523.375232,2.507949
474,465,60672.0,60.672000,16.12354410,128,0,sigmoid,0,60,,,0,0,0,0.971932322615,0.0280676773854,1,0,0,524.471117,2.507949
475,466,60800.0,60.800000,16.02220333,128,0,sigmoid,0,60,,,0,0,0,0.971797992082,0.0282020079177,1,0,0,525.558160,2.507949
476,467,60928.0,60.928000,15.92379665,128,0,sigmoid,0,60,,,0,0,0,0.971286104171,0.0287138958294,1,0,0,526.639781,2.507949
477,468,61056.0,61.056000,16.59921813,128,0,sigmoid,0,60,,,0,0,0,0.970872278344,0.0291277216556,1,0,0,527.720608,2.507949
478,469,61184.0,61.184000,15.89244425,128,0,sigmoid,0,60,,,0,0,0,0.970488445437,0.0295115545632,1,0,0,528.801167,2.507949
479,470,61312.0,61.312000,16.08691168,128,0,sigmoid,0,60,,,0,0,0,0.971090488587,0.0289095114132,1,0,0,529.886651,2.507949
480,471,61440.0,61.440000,13.14448225,128,0,sigmoid,0,60,,,0,0,0,0.973382385001,0.026617614999,1,0,0,530.968709,2.507949
481,472,61568.0,61.568000,16.56845438,128,0,sigmoid,0,61,,,0,0,0,0.971002086825,0.0289979131753,1,0,0,532.052296,2.507949
482,473,61696.0,61.696000,15.80497026,128,0,sigmoid,0,61,,,0,0,0,0.971754394872,0.0282456051276,1,0,0,533.143103,2.507949
483,474,61824.0,61.824000,16.58334196,128,0,sigmoid,0,61,,,0,0,0,0.970143015974,0.0298569840258,1,0,0,534.227542,2.507949
484,475,61952.0,61.952000,16.47750306,128,0,sigmoid,0,61,,,0,0,0,0.971089539047,0.0289104609535,1,0,0,535.308165,2.507949
485,476,62080.0,62.080000,17.04580784,128,0,sigmoid,0,61,,,0,0,0,0.969539435761,0.0304605642393,1,0,0,536.393153,2.507949
486,477,62208.0,62.208000,16.02616858,128,0,sigmoid,0,61,,,0,0,0,0.971383162565,0.0286168374355,1,0,0,537.477798,2.507949
487,478,62336.0,62.336000,16.16454029,128,0,sigmoid,0,61,,,0,0,0,0.970125649053,0.0298743509472,1,0,0,538.563801,2.507949
488,479,62464.0,62.464000,17.07234359,128,0,sigmoid,0,61,,,0,0,0,0.970066601723,0.0299333982768,1,0,0,539.650045,2.507949
489,480,62592.0,62.592000,16.52434754,128,0,sigmoid,0,62,,,0,0,0,0.971951473104,0.0280485268963,1,0,0,540.740981,2.507949
490,481,62720.0,62.720000,15.41143382,128,0,sigmoid,0,62,,,0,0,0,0.971782652734,0.0282173472657,1,0,0,541.836185,2.507949
491,482,62848.0,62.848000,17.84068298,128,0,sigmoid,0,62,,,0,0,0,0.969198349932,0.030801650068,1,0,0,542.923772,2.507949
492,483,62976.0,62.976000,15.27732730,128,0,sigmoid,0,62,,,0,0,0,0.971652919916,0.0283470800839,1,0,0,544.008546,2.507949
493,484,63104.0,63.104000,14.83804989,128,0,sigmoid,0,62,,,0,0,0,0.972276647835,0.0277233521648,1,0,0,545.092763,2.507949
494,485,63232.0,63.232000,16.37200654,128,0,sigmoid,0,62,,,0,0,0,0.970561974664,0.0294380253356,1,0,0,546.180563,2.507949
495,486,63360.0,63.360000,15.19382572,128,0,sigmoid,0,62,,,0,0,0,0.970497297786,0.0295027022141,1,0,0,547.272604,2.507949
496,487,63488.0,63.488000,17.08332372,128,0,sigmoid,0,62,,,0,0,0,0.971056986704,0.0289430132964,1,0,0,548.366697,2.507949
497,488,63616.0,63.616000,16.44786954,128,0,sigmoid,0,63,,,0,0,0,0.970507497826,0.029492502174,1,0,0,549.454838,2.507949
498,489,63744.0,63.744000,17.19928348,128,0,sigmoid,0,63,,,0,0,0,0.970139131129,0.0298608688713,1,0,0,550.543823,2.507949
499,490,63872.0,63.872000,15.86783707,128,0,sigmoid,0,63,,,0,0,0,0.97155034644,0.0284496535604,1,0,0,551.619402,2.507949
500,491,64000.0,64.000000,15.99620533,128,0,sigmoid,0,63,,,0,0,0,0.971908210696,0.0280917893036,1,0,0,552.693937,2.507949
501,492,64128.0,64.128000,15.17625713,128,0,sigmoid,0,63,,,0,0,0,0.97152957907,0.0284704209303,1,0,0,553.764648,2.507949
502,493,64256.0,64.256000,15.89160919,128,0,sigmoid,0,63,,,0,0,0,0.971804123177,0.028195876823,1,0,0,554.829982,2.507949
503,494,64384.0,64.384000,14.54163265,128,0,sigmoid,0,63,,,0,0,0,0.97229895741,0.0277010425902,1,0,0,555.901240,2.507949
504,495,64512.0,64.512000,16.14673519,128,0,sigmoid,0,63,,,0,0,0,0.971396314177,0.0286036858227,1,0,0,556.958451,2.507949
505,496,64640.0,64.640000,14.64179158,128,0,sigmoid,0,64,,,0,0,0,0.972871982833,0.0271280171666,1,0,0,558.042225,2.507949
506,497,64768.0,64.768000,16.53005850,128,0,sigmoid,0,64,,,0,0,0,0.970029514573,0.0299704854267,1,0,0,559.139111,2.507949
507,498,64896.0,64.896000,15.64141440,128,0,sigmoid,0,64,,,0,0,0,0.971298501182,0.0287014988184,1,0,0,560.231925,2.507949
508,499,65024.0,65.024000,15.51464331,128,0,sigmoid,0,64,,,0,0,0,0.971927711405,0.0280722885951,1,0,0,561.333472,2.507949
509,500,65152.0,65.152000,14.83981633,128,0,sigmoid,0,64,,,0,0,0,0.972383670135,0.0276163298648,1,0,0,562.424777,2.507949
510,501,65280.0,65.280000,15.69402885,128,0,sigmoid,0,64,,,0,0,0,0.971111954647,0.0288880453527,1,0,0,563.504127,2.507949
511,502,65408.0,65.408000,16.40566647,128,0,sigmoid,0,64,,,0,0,0,0.970728470639,0.0292715293611,1,0,0,564.590722,2.507949
512,503,65536.0,65.536000,16.25375426,128,0,sigmoid,0,64,,,0,0,0,0.970520837071,0.0294791629292,1,0,0,565.681016,2.507949
513,504,65664.0,65.664000,14.33920908,128,0,sigmoid,0,65,,,0,0,0,0.973371215843,0.0266287841569,1,0,0,566.765349,2.507949
514,505,65792.0,65.792000,16.12077856,128,0,sigmoid,0,65,,,0,0,0,0.97096315067,0.0290368493295,1,0,0,569.899332,2.507949
515,506,65920.0,65.920000,16.70463037,128,0,sigmoid,0,65,,,0,0,0,0.970019695711,0.029980304289,1,0,0,570.934926,2.507949
516,507,66048.0,66.048000,15.50389218,128,0,sigmoid,0,65,,,0,0,0,0.971234919156,0.0287650808435,1,0,0,572.039232,2.507949
517,508,66176.0,66.176000,16.17472398,128,0,sigmoid,0,65,,,0,0,0,0.970929610231,0.0290703897693,1,0,0,573.124599,2.507949
518,509,66304.0,66.304000,17.54281354,128,0,sigmoid,0,65,,,0,0,0,0.970734657698,0.0292653423021,1,0,0,574.211174,2.507949
519,510,66432.0,66.432000,14.87192702,128,0,sigmoid,0,65,,,0,0,0,0.971352512164,0.0286474878361,1,0,0,575.243671,2.507949
520,511,66560.0,66.560000,15.29938591,128,0,sigmoid,0,65,,,0,0,0,0.971625488002,0.0283745119978,1,0,0,576.303574,2.507949
521,512,66688.0,66.688000,16.81212091,128,0,sigmoid,0,66,,,0,0,0,0.970158299932,0.0298417000685,1,0,0,577.362129,2.507949
522,513,66816.0,66.816000,16.17689610,128,0,sigmoid,0,66,,,0,0,0,0.971096243104,0.0289037568964,1,0,0,578.441636,2.507949
523,514,66944.0,66.944000,16.14148724,128,0,sigmoid,0,66,,,0,0,0,0.971010895567,0.0289891044326,1,0,0,579.501175,2.507949
524,515,67072.0,67.072000,16.38358343,128,0,sigmoid,0,66,,,0,0,0,0.970652471962,0.0293475280382,1,0,0,580.570340,2.507949
525,516,67200.0,67.200000,15.94981825,128,0,sigmoid,0,66,,,0,0,0,0.972515749926,0.0274842500745,1,0,0,581.638808,2.507949
526,517,67328.0,67.328000,16.63959253,128,0,sigmoid,0,66,,,0,0,0,0.970085965381,0.0299140346188,1,0,0,582.703713,2.507949
527,518,67456.0,67.456000,15.60736012,128,0,sigmoid,0,66,,,0,0,0,0.972196005849,0.0278039941508,1,0,0,583.772049,2.507949
528,519,67584.0,67.584000,15.53967965,128,0,sigmoid,0,66,,,0,0,0,0.971412063929,0.0285879360714,1,0,0,584.837987,2.507949
529,520,67712.0,67.712000,17.03530872,128,0,sigmoid,0,67,,,0,0,0,0.970498892195,0.0295011078048,1,0,0,585.903911,2.507949
530,521,67840.0,67.840000,16.53008831,128,0,sigmoid,0,67,,,0,0,0,0.971025212105,0.0289747878947,1,0,0,586.972176,2.507949
531,522,67968.0,67.968000,17.21239269,128,0,sigmoid,0,67,,,0,0,0,0.970347515971,0.0296524840291,1,0,0,588.038734,2.507949
532,523,68096.0,68.096000,15.38070440,128,0,sigmoid,0,67,,,0,0,0,0.972307887827,0.0276921121729,1,0,0,589.121491,2.507949
533,524,68224.0,68.224000,15.50099146,128,0,sigmoid,0,67,,,0,0,0,0.973162104627,0.0268378953731,1,0,0,590.189948,2.507949
534,525,68352.0,68.352000,14.18510520,128,0,sigmoid,0,67,,,0,0,0,0.971728395515,0.0282716044853,1,0,0,591.245659,2.507949
535,526,68480.0,68.480000,15.07613575,128,0,sigmoid,0,67,,,0,0,0,0.972964580955,0.0270354190452,1,0,0,592.327938,2.507949
536,527,68608.0,68.608000,16.07439244,128,0,sigmoid,0,67,,,0,0,0,0.970968805445,0.0290311945549,1,0,0,593.401616,2.507949
537,528,68736.0,68.736000,15.35593057,128,0,sigmoid,0,68,,,0,0,0,0.971629937134,0.0283700628659,1,0,0,594.469093,2.507949
538,529,68864.0,68.864000,14.64254045,128,0,sigmoid,0,68,,,0,0,0,0.971553802427,0.0284461975728,1,0,0,595.538381,2.507949
539,530,68992.0,68.992000,16.04995704,128,0,sigmoid,0,68,,,0,0,0,0.971691889493,0.0283081105066,1,0,0,596.606863,2.507949
540,531,69120.0,69.120000,15.22409987,128,0,sigmoid,0,68,,,0,0,0,0.971935884106,0.028064115894,1,0,0,597.674062,2.507949
541,532,69248.0,69.248000,15.97087169,128,0,sigmoid,0,68,,,0,0,0,0.972081074789,0.0279189252115,1,0,0,598.740384,2.507949
542,533,69376.0,69.376000,16.95576954,128,0,sigmoid,0,68,,,0,0,0,0.969503904091,0.0304960959091,1,0,0,599.800649,2.507949
543,534,69504.0,69.504000,15.56209970,128,0,sigmoid,0,68,,,0,0,0,0.971934640925,0.0280653590753,1,0,0,600.876572,2.507949
544,535,69632.0,69.632000,14.28516340,128,0,sigmoid,0,68,,,0,0,0,0.972779779428,0.0272202205721,1,0,0,601.924640,2.507949
545,536,69760.0,69.760000,17.05149102,128,0,sigmoid,0,69,,,0,0,0,0.970071916813,0.0299280831873,1,0,0,603.011001,2.507949
546,537,69888.0,69.888000,16.61045611,128,0,sigmoid,0,69,,,0,0,0,0.970579184842,0.0294208151579,1,0,0,604.101809,2.507949
547,538,70016.0,70.016000,17.24261856,128,0,sigmoid,0,69,,,0,0,0,0.969109715355,0.030890284645,1,0,0,605.192078,2.507949
548,539,70144.0,70.144000,15.67861009,128,0,sigmoid,0,69,,,0,0,0,0.971373139091,0.0286268609091,1,0,0,606.280580,2.507949
549,540,70272.0,70.272000,17.06814897,128,0,sigmoid,0,69,,,0,0,0,0.970108708547,0.0298912914534,1,0,0,607.406746,2.507949
550,541,70400.0,70.400000,15.90426397,128,0,sigmoid,0,69,,,0,0,0,0.971422594438,0.0285774055616,1,0,0,608.491800,2.507949
551,542,70528.0,70.528000,15.55849040,128,0,sigmoid,0,69,,,0,0,0,0.971477107768,0.0285228922317,1,0,0,609.560606,2.507949
552,543,70656.0,70.656000,14.25714827,128,0,sigmoid,0,69,,,0,0,0,0.971830042539,0.0281699574612,1,0,0,610.629750,2.507949
553,544,70784.0,70.784000,17.16052663,128,0,sigmoid,0,70,,,0,0,0,0.971495546577,0.0285044534226,1,0,0,611.745095,2.507949
554,545,70912.0,70.912000,15.95476091,128,0,sigmoid,0,70,,,0,0,0,0.971795261333,0.0282047386668,1,0,0,612.797802,2.507949
555,546,71040.0,71.040000,16.20177186,128,0,sigmoid,0,70,,,0,0,0,0.971552775977,0.028447224023,1,0,0,613.884981,2.507949
556,547,71168.0,71.168000,16.61663961,128,0,sigmoid,0,70,,,0,0,0,0.970739594295,0.0292604057051,1,0,0,614.974820,2.507949
557,548,71296.0,71.296000,15.98748302,128,0,sigmoid,0,70,,,0,0,0,0.971287794742,0.0287122052577,1,0,0,616.067941,2.507949
558,549,71424.0,71.424000,15.26413500,128,0,sigmoid,0,70,,,0,0,0,0.971852282151,0.0281477178494,1,0,0,617.156819,2.507949
559,550,71552.0,71.552000,15.10537088,128,0,sigmoid,0,70,,,0,0,0,0.971969116732,0.0280308832684,1,0,0,618.249870,2.507949
560,551,71680.0,71.680000,15.98098695,128,0,sigmoid,0,70,,,0,0,0,0.970956570751,0.0290434292492,1,0,0,619.344417,2.507949
561,552,71808.0,71.808000,17.06676412,128,0,sigmoid,0,71,,,0,0,0,0.969770319786,0.0302296802135,1,0,0,620.432145,2.507949
562,553,71936.0,71.936000,15.81915784,128,0,sigmoid,0,71,,,0,0,0,0.970789082824,0.0292109171757,1,0,0,621.518012,2.507949
563,554,72064.0,72.064000,15.73768318,128,0,sigmoid,0,71,,,0,0,0,0.971836993881,0.0281630061186,1,0,0,622.606841,2.507949
564,555,72192.0,72.192000,18.15649486,128,0,sigmoid,0,71,,,0,0,0,0.969181982761,0.0308180172385,1,0,0,623.689755,2.507949
565,556,72320.0,72.320000,15.83459187,128,0,sigmoid,0,71,,,0,0,0,0.972144717464,0.027855282536,1,0,0,624.782475,2.507949
566,557,72448.0,72.448000,17.16183877,128,0,sigmoid,0,71,,,0,0,0,0.970602032263,0.0293979677369,1,0,0,625.868173,2.507949
567,558,72576.0,72.576000,18.06503487,128,0,sigmoid,0,71,,,0,0,0,0.970482171325,0.0295178286745,1,0,0,626.952566,2.507949
568,559,72704.0,72.704000,16.82031560,128,0,sigmoid,0,71,,,0,0,0,0.970707876506,0.0292921234938,1,0,0,627.982223,2.507949
569,560,72832.0,72.832000,14.70661581,128,0,sigmoid,0,72,,,0,0,0,0.973160150661,0.0268398493391,1,0,0,629.076138,2.507949
570,561,72960.0,72.960000,17.29762280,128,0,sigmoid,0,72,,,0,0,0,0.97014673403,0.0298532659701,1,0,0,630.179085,2.507949
571,562,73088.0,73.088000,16.41397154,128,0,sigmoid,0,72,,,0,0,0,0.970400584245,0.029599415755,1,0,0,631.266428,2.507949
572,563,73216.0,73.216000,17.17753375,128,0,sigmoid,0,72,,,0,0,0,0.970394818523,0.029605181477,1,0,0,632.359061,2.507949
573,564,73344.0,73.344000,15.20332587,128,0,sigmoid,0,72,,,0,0,0,0.970930601001,0.0290693989989,1,0,0,633.386019,2.507949
574,565,73472.0,73.472000,15.60958028,128,0,sigmoid,0,72,,,0,0,0,0.97150644432,0.02849355568,1,0,0,634.437437,2.507949
575,566,73600.0,73.600000,16.14177203,128,0,sigmoid,0,72,,,0,0,0,0.970512772891,0.0294872271091,1,0,0,635.539347,2.507949
576,567,73728.0,73.728000,14.34404588,128,0,sigmoid,0,72,,,0,0,0,0.973057917668,0.0269420823317,1,0,0,636.585481,2.507949
577,568,73856.0,73.856000,16.09590375,128,0,sigmoid,0,73,,,0,0,0,0.971861708696,0.0281382913037,1,0,0,637.635366,2.507949
578,569,73984.0,73.984000,14.95643628,128,0,sigmoid,0,73,,,0,0,0,0.97169724118,0.0283027588203,1,0,0,638.718671,2.507949
579,570,74112.0,74.112000,16.51917112,128,0,sigmoid,0,73,,,0,0,0,0.970854050118,0.0291459498821,1,0,0,639.798337,2.507949
580,571,74240.0,74.240000,15.86125791,128,0,sigmoid,0,73,,,0,0,0,0.971115381975,0.0288846180253,1,0,0,640.884176,2.507949
581,572,74368.0,74.368000,16.89529276,128,0,sigmoid,0,73,,,0,0,0,0.969630556528,0.030369443472,1,0,0,641.970438,2.507949
582,573,74496.0,74.496000,14.97590172,128,0,sigmoid,0,73,,,0,0,0,0.971988469442,0.0280115305585,1,0,0,643.058007,2.507949
583,574,74624.0,74.624000,14.10874438,128,0,sigmoid,0,73,,,0,0,0,0.973093080681,0.026906919319,1,0,0,644.149705,2.507949
584,575,74752.0,74.752000,14.63876820,128,0,sigmoid,0,73,,,0,0,0,0.971796776979,0.0282032230214,1,0,0,645.236179,2.507949
585,576,74880.0,74.880000,15.16636872,128,0,sigmoid,0,74,,,0,0,0,0.971199590683,0.0288004093165,1,0,0,646.326821,2.507949
586,577,75008.0,75.008000,16.54053414,128,0,sigmoid,0,74,,,0,0,0,0.970843858437,0.0291561415635,1,0,0,647.414860,2.507949
587,578,75136.0,75.136000,16.97203457,128,0,sigmoid,0,74,,,0,0,0,0.970663014422,0.0293369855781,1,0,0,648.500878,2.507949
588,579,75264.0,75.264000,16.29180622,128,0,sigmoid,0,74,,,0,0,0,0.970216919524,0.0297830804757,1,0,0,649.591015,2.507949
589,580,75392.0,75.392000,16.80216491,128,0,sigmoid,0,74,,,0,0,0,0.970578951006,0.0294210489939,1,0,0,650.682646,2.507949
590,581,75520.0,75.520000,16.61177719,128,0,sigmoid,0,74,,,0,0,0,0.971474292228,0.0285257077724,1,0,0,651.768259,2.507949
591,582,75648.0,75.648000,15.53549230,128,0,sigmoid,0,74,,,0,0,0,0.970514952144,0.0294850478563,1,0,0,652.848619,2.507949
592,583,75776.0,75.776000,16.65601993,128,0,sigmoid,0,74,,,0,0,0,0.971006552266,0.028993447734,1,0,0,653.933630,2.507949
593,584,75904.0,75.904000,15.57118022,128,0,sigmoid,0,75,,,0,0,0,0.972171758792,0.0278282412085,1,0,0,655.011762,2.507949
594,585,76032.0,76.032000,14.89887154,128,0,sigmoid,0,75,,,0,0,0,0.972708516598,0.0272914834018,1,0,0,656.098022,2.507949
595,586,76160.0,76.160000,16.24756265,128,0,sigmoid,0,75,,,0,0,0,0.970640810259,0.0293591897406,1,0,0,657.179049,2.507949
596,587,76288.0,76.288000,16.01897764,128,0,sigmoid,0,75,,,0,0,0,0.970677500668,0.0293224993315,1,0,0,658.264857,2.507949
597,588,76416.0,76.416000,15.78998077,128,0,sigmoid,0,75,,,0,0,0,0.971399426018,0.0286005739821,1,0,0,659.356091,2.507949
598,589,76544.0,76.544000,14.69389057,128,0,sigmoid,0,75,,,0,0,0,0.972674160887,0.0273258391126,1,0,0,660.446090,2.507949
599,590,76672.0,76.672000,15.67224789,128,0,sigmoid,0,75,,,0,0,0,0.971558095393,0.028441904607,1,0,0,661.528225,2.507949
600,591,76800.0,76.800000,17.67521513,128,0,sigmoid,0,75,,,0,0,0,0.969118895951,0.0308811040485,1,0,0,662.604539,2.507949
601,592,76928.0,76.928000,16.52597916,128,0,sigmoid,0,76,,,0,0,0,0.971504206566,0.0284957934344,1,0,0,663.680720,2.507949
602,593,77056.0,77.056000,16.60464764,128,0,sigmoid,0,76,,,0,0,0,0.970559061463,0.0294409385368,1,0,0,664.759161,2.507949
603,594,77184.0,77.184000,16.29508996,128,0,sigmoid,0,76,,,0,0,0,0.970922567088,0.0290774329121,1,0,0,665.833888,2.507949
604,595,77312.0,77.312000,15.47775018,128,0,sigmoid,0,76,,,0,0,0,0.972083760829,0.0279162391706,1,0,0,666.919440,2.507949
605,596,77440.0,77.440000,17.92067766,128,0,sigmoid,0,76,,,0,0,0,0.969193644892,0.0308063551079,1,0,0,667.993037,2.507949
606,597,77568.0,77.568000,16.27603173,128,0,sigmoid,0,76,,,0,0,0,0.971187046339,0.0288129536605,1,0,0,669.063942,2.507949
607,598,77696.0,77.696000,16.29249525,128,0,sigmoid,0,76,,,0,0,0,0.970519316864,0.0294806831358,1,0,0,670.135654,2.507949
608,599,77824.0,77.824000,15.51144636,128,0,sigmoid,0,76,,,0,0,0,0.972476143806,0.0275238561938,1,0,0,671.233613,2.507949
609,600,77952.0,77.952000,16.68431962,128,0,sigmoid,0,77,,,0,0,0,0.969682971903,0.0303170280974,1,0,0,672.313861,2.507949
610,601,78080.0,78.080000,16.52112734,128,0,sigmoid,0,77,,,0,0,0,0.971440062928,0.0285599370719,1,0,0,673.408758,2.507949
611,602,78208.0,78.208000,16.58408463,128,0,sigmoid,0,77,,,0,0,0,0.970977563622,0.0290224363776,1,0,0,674.497416,2.507949
612,603,78336.0,78.336000,16.19301569,128,0,sigmoid,0,77,,,0,0,0,0.971545755162,0.0284542448384,1,0,0,675.593527,2.507949
613,604,78464.0,78.464000,15.82077074,128,0,sigmoid,0,77,,,0,0,0,0.971223902231,0.0287760977694,1,0,0,676.686376,2.507949
614,605,78592.0,78.592000,15.79612601,128,0,sigmoid,0,77,,,0,0,0,0.97094428805,0.0290557119496,1,0,0,677.779176,2.507949
615,606,78720.0,78.720000,17.46924829,128,0,sigmoid,0,77,,,0,0,0,0.969380569751,0.0306194302494,1,0,0,678.870308,2.507949
616,607,78848.0,78.848000,15.43884385,128,0,sigmoid,0,77,,,0,0,0,0.972824589556,0.027175410444,1,0,0,679.981148,2.507949
617,608,78976.0,78.976000,16.42762172,128,0,sigmoid,0,78,,,0,0,0,0.971854670901,0.028145329099,1,0,0,681.074400,2.507949
618,609,79104.0,79.104000,16.69284928,128,0,sigmoid,0,78,,,0,0,0,0.970861107972,0.0291388920278,1,0,0,682.159065,2.507949
619,610,79232.0,79.232000,15.19505525,128,0,sigmoid,0,78,,,0,0,0,0.97138844681,0.0286115531898,1,0,0,683.219836,2.507949
620,611,79360.0,79.360000,16.03363729,128,0,sigmoid,0,78,,,0,0,0,0.970643361781,0.0293566382187,1,0,0,684.311944,2.507949
621,612,79488.0,79.488000,18.04501843,128,0,sigmoid,0,78,,,0,0,0,0.970104876706,0.0298951232936,1,0,0,685.412579,2.507949
622,613,79616.0,79.616000,15.37536502,128,0,sigmoid,0,78,,,0,0,0,0.971627154996,0.0283728450039,1,0,0,686.498179,2.507949
623,614,79744.0,79.744000,14.78509307,128,0,sigmoid,0,78,,,0,0,0,0.971808597208,0.0281914027918,1,0,0,687.584834,2.507949
624,615,79872.0,79.872000,15.57110775,128,0,sigmoid,0,78,,,0,0,0,0.972032705527,0.0279672944732,1,0,0,688.669731,2.507949
625,616,80000.0,80.000000,16.68600810,128,0,sigmoid,0,79,,,0,0,0,0.970464502275,0.0295354977253,1,0,0,689.752333,2.507949
626,617,80128.0,80.128000,16.47581577,128,0,sigmoid,0,79,,,0,0,0,0.970335796018,0.0296642039819,1,0,0,690.841496,2.507949
627,618,80256.0,80.256000,15.10384452,128,0,sigmoid,0,79,,,0,0,0,0.972632894466,0.027367105534,1,0,0,691.933876,2.507949
628,619,80384.0,80.384000,14.46535981,128,0,sigmoid,0,79,,,0,0,0,0.972399318803,0.0276006811974,1,0,0,693.023560,2.507949
629,620,80512.0,80.512000,16.84358454,128,0,sigmoid,0,79,,,0,0,0,0.970733552707,0.0292664472926,1,0,0,694.108017,2.507949
630,621,80640.0,80.640000,16.18894613,128,0,sigmoid,0,79,,,0,0,0,0.970440512758,0.0295594872424,1,0,0,695.195304,2.507949
631,622,80768.0,80.768000,15.75372684,128,0,sigmoid,0,79,,,0,0,0,0.971105380167,0.0288946198328,1,0,0,696.278594,2.507949
632,623,80896.0,80.896000,17.34386849,128,0,sigmoid,0,79,,,0,0,0,0.969942347084,0.0300576529163,1,0,0,697.371032,2.507949
633,624,81024.0,81.024000,14.91298151,128,0,sigmoid,0,80,,,0,0,0,0.972570577799,0.0274294222006,1,0,0,698.456787,2.507949
634,625,81152.0,81.152000,18.08037579,128,0,sigmoid,0,80,,,0,0,0,0.969644594305,0.0303554056947,1,0,0,699.538997,2.507949
635,626,81280.0,81.280000,15.44587874,128,0,sigmoid,0,80,,,0,0,0,0.971064826572,0.0289351734284,1,0,0,700.633228,2.507949
636,627,81408.0,81.408000,15.47874701,128,0,sigmoid,0,80,,,0,0,0,0.972052643592,0.0279473564085,1,0,0,701.738724,2.507949
637,628,81536.0,81.536000,17.27053714,128,0,sigmoid,0,80,,,0,0,0,0.971079238595,0.0289207614049,1,0,0,702.819864,2.507949
638,629,81664.0,81.664000,16.08000016,128,0,sigmoid,0,80,,,0,0,0,0.971897196522,0.0281028034778,1,0,0,703.902471,2.507949
639,630,81792.0,81.792000,17.57039320,128,0,sigmoid,0,80,,,0,0,0,0.969936660573,0.0300633394267,1,0,0,704.985712,2.507949
640,631,81920.0,81.920000,15.45404029,128,0,sigmoid,0,80,,,0,0,0,0.971471497038,0.0285285029616,1,0,0,706.069144,2.507949
641,632,82048.0,82.048000,16.46941376,128,0,sigmoid,0,81,,,0,0,0,0.971430909957,0.0285690900427,1,0,0,707.148897,2.507949
642,633,82176.0,82.176000,15.62824583,128,0,sigmoid,0,81,,,0,0,0,0.972239405554,0.0277605944459,1,0,0,708.237279,2.507949
643,634,82304.0,82.304000,17.75028753,128,0,sigmoid,0,81,,,0,0,0,0.969492717857,0.0305072821434,1,0,0,709.337390,2.507949
644,635,82432.0,82.432000,17.30910170,128,0,sigmoid,0,81,,,0,0,0,0.970010750339,0.0299892496606,1,0,0,710.414883,2.507949
645,636,82560.0,82.560000,15.66064715,128,0,sigmoid,0,81,,,0,0,0,0.971272330763,0.028727669237,1,0,0,711.495014,2.507949
646,637,82688.0,82.688000,14.64076459,128,0,sigmoid,0,81,,,0,0,0,0.972583695041,0.0274163049585,1,0,0,712.575817,2.507949
647,638,82816.0,82.816000,15.54928899,128,0,sigmoid,0,81,,,0,0,0,0.972019919741,0.0279800802594,1,0,0,713.666399,2.507949
648,639,82944.0,82.944000,16.15653563,128,0,sigmoid,0,81,,,0,0,0,0.969717315425,0.0302826845747,1,0,0,714.750011,2.507949
649,640,83072.0,83.072000,14.67119467,128,0,sigmoid,0,82,,,0,0,0,0.971930155954,0.0280698440459,1,0,0,715.825682,2.507949
650,641,83200.0,83.200000,15.60841620,128,0,sigmoid,0,82,,,0,0,0,0.972354463844,0.0276455361559,1,0,0,716.906638,2.507949
651,642,83328.0,83.328000,14.27288902,128,0,sigmoid,0,82,,,0,0,0,0.972403005959,0.0275969940414,1,0,0,717.987225,2.507949
652,643,83456.0,83.456000,18.99165273,128,0,sigmoid,0,82,,,0,0,0,0.968031596959,0.0319684030413,1,0,0,719.064185,2.507949
653,644,83584.0,83.584000,15.21771204,128,0,sigmoid,0,82,,,0,0,0,0.971963787612,0.0280362123884,1,0,0,720.144993,2.507949
654,645,83712.0,83.712000,16.32462156,128,0,sigmoid,0,82,,,0,0,0,0.972075991849,0.027924008151,1,0,0,721.223905,2.507949
655,646,83840.0,83.840000,16.56727278,128,0,sigmoid,0,82,,,0,0,0,0.970603946693,0.0293960533067,1,0,0,722.313275,2.507949
656,647,83968.0,83.968000,17.46799934,128,0,sigmoid,0,82,,,0,0,0,0.969426714901,0.0305732850991,1,0,0,723.394000,2.507949
657,648,84096.0,84.096000,16.03882098,128,0,sigmoid,0,83,,,0,0,0,0.971474976314,0.0285250236858,1,0,0,724.476930,2.507949
658,649,84224.0,84.224000,16.44775522,128,0,sigmoid,0,83,,,0,0,0,0.971780018608,0.0282199813923,1,0,0,725.562616,2.507949
659,650,84352.0,84.352000,15.44684541,128,0,sigmoid,0,83,,,0,0,0,0.97151307547,0.0284869245295,1,0,0,726.648046,2.507949
660,651,84480.0,84.480000,17.54073501,128,0,sigmoid,0,83,,,0,0,0,0.971013811898,0.0289861881022,1,0,0,727.727581,2.507949
661,652,84608.0,84.608000,16.39696300,128,0,sigmoid,0,83,,,0,0,0,0.971451327555,0.0285486724447,1,0,0,728.811437,2.507949
662,653,84736.0,84.736000,15.05713272,128,0,sigmoid,0,83,,,0,0,0,0.972003047798,0.0279969522017,1,0,0,729.889248,2.507949
663,654,84864.0,84.864000,18.01504946,128,0,sigmoid,0,83,,,0,0,0,0.969382259505,0.0306177404953,1,0,0,730.965005,2.507949
664,655,84992.0,84.992000,17.35996020,128,0,sigmoid,0,83,,,0,0,0,0.970401391691,0.0295986083087,1,0,0,732.037521,2.507949
665,656,85120.0,85.120000,15.97117269,128,0,sigmoid,0,84,,,0,0,0,0.971643286239,0.0283567137615,1,0,0,733.113342,2.507949
666,657,85248.0,85.248000,17.36198807,128,0,sigmoid,0,84,,,0,0,0,0.969362899752,0.030637100248,1,0,0,734.184339,2.507949
667,658,85376.0,85.376000,16.18053150,128,0,sigmoid,0,84,,,0,0,0,0.971330216421,0.028669783579,1,0,0,735.248666,2.507949
668,659,85504.0,85.504000,15.77046347,128,0,sigmoid,0,84,,,0,0,0,0.970218873118,0.0297811268823,1,0,0,736.326807,2.507949
669,660,85632.0,85.632000,17.68964279,128,0,sigmoid,0,84,,,0,0,0,0.969692458875,0.0303075411253,1,0,0,737.417961,2.507949
670,661,85760.0,85.760000,16.84265316,128,0,sigmoid,0,84,,,0,0,0,0.969826320937,0.0301736790631,1,0,0,738.504841,2.507949
671,662,85888.0,85.888000,16.17806983,128,0,sigmoid,0,84,,,0,0,0,0.969732253234,0.030267746766,1,0,0,739.593300,2.507949
672,663,86016.0,86.016000,14.98424673,128,0,sigmoid,0,84,,,0,0,0,0.97104096019,0.0289590398102,1,0,0,740.678006,2.507949
673,664,86144.0,86.144000,17.34423208,128,0,sigmoid,0,85,,,0,0,0,0.970310320454,0.0296896795464,1,0,0,741.761501,2.507949
674,665,86272.0,86.272000,16.83893275,128,0,sigmoid,0,85,,,0,0,0,0.971152054007,0.0288479459934,1,0,0,742.847762,2.507949
675,666,86400.0,86.400000,14.96358454,128,0,sigmoid,0,85,,,0,0,0,0.972068798919,0.0279312010807,1,0,0,743.930407,2.507949
676,667,86528.0,86.528000,15.69086409,128,0,sigmoid,0,85,,,0,0,0,0.971806165019,0.0281938349812,1,0,0,745.013968,2.507949
677,668,86656.0,86.656000,16.16183639,128,0,sigmoid,0,85,,,0,0,0,0.971910747321,0.0280892526791,1,0,0,746.097126,2.507949
678,669,86784.0,86.784000,16.35104585,128,0,sigmoid,0,85,,,0,0,0,0.971749979262,0.0282500207379,1,0,0,747.177851,2.507949
679,670,86912.0,86.912000,16.24513161,128,0,sigmoid,0,85,,,0,0,0,0.97155559513,0.0284444048696,1,0,0,748.265183,2.507949
680,671,87040.0,87.040000,15.99306679,128,0,sigmoid,0,85,,,0,0,0,0.970941269899,0.0290587301013,1,0,0,749.353448,2.507949
681,672,87168.0,87.168000,16.04685962,128,0,sigmoid,0,86,,,0,0,0,0.971006648356,0.0289933516441,1,0,0,750.431377,2.507949
682,673,87296.0,87.296000,15.45602441,128,0,sigmoid,0,86,,,0,0,0,0.971464119118,0.0285358808822,1,0,0,751.512103,2.507949
683,674,87424.0,87.424000,17.69939899,128,0,sigmoid,0,86,,,0,0,0,0.970331595662,0.029668404338,1,0,0,752.607718,2.507949
684,675,87552.0,87.552000,14.09029996,128,0,sigmoid,0,86,,,0,0,0,0.972368372263,0.0276316277372,1,0,0,753.691439,2.507949
685,676,87680.0,87.680000,14.62037265,128,0,sigmoid,0,86,,,0,0,0,0.972321904623,0.0276780953765,1,0,0,754.777928,2.507949
686,677,87808.0,87.808000,17.41817522,128,0,sigmoid,0,86,,,0,0,0,0.971941645182,0.0280583548182,1,0,0,755.864790,2.507949
687,678,87936.0,87.936000,16.08298743,128,0,sigmoid,0,86,,,0,0,0,0.970389733203,0.0296102667971,1,0,0,756.951678,2.507949
688,679,88064.0,88.064000,14.93824863,128,0,sigmoid,0,86,,,0,0,0,0.971269476518,0.0287305234817,1,0,0,758.037146,2.507949
689,680,88192.0,88.192000,16.01486325,128,0,sigmoid,0,87,,,0,0,0,0.969762769257,0.030237230743,1,0,0,759.121839,2.507949
690,681,88320.0,88.320000,17.40204024,128,0,sigmoid,0,87,,,0,0,0,0.970293093271,0.0297069067288,1,0,0,760.208380,2.507949
691,682,88448.0,88.448000,17.99028707,128,0,sigmoid,0,87,,,0,0,0,0.970443137514,0.0295568624858,1,0,0,761.289804,2.507949
692,683,88576.0,88.576000,15.93597078,128,0,sigmoid,0,87,,,0,0,0,0.97210456179,0.0278954382101,1,0,0,762.376912,2.507949
693,684,88704.0,88.704000,15.33399928,128,0,sigmoid,0,87,,,0,0,0,0.972367247807,0.0276327521929,1,0,0,763.462831,2.507949
694,685,88832.0,88.832000,16.59433424,128,0,sigmoid,0,87,,,0,0,0,0.971229096393,0.0287709036068,1,0,0,764.547662,2.507949
695,686,88960.0,88.960000,16.72438574,128,0,sigmoid,0,87,,,0,0,0,0.97101009111,0.0289899088901,1,0,0,765.633093,2.507949
696,687,89088.0,89.088000,16.68434155,128,0,sigmoid,0,87,,,0,0,0,0.970796308338,0.0292036916616,1,0,0,766.717688,2.507949
697,688,89216.0,89.216000,16.23918688,128,0,sigmoid,0,88,,,0,0,0,0.969774069005,0.0302259309948,1,0,0,767.803542,2.507949
698,689,89344.0,89.344000,15.53403151,128,0,sigmoid,0,88,,,0,0,0,0.970741271865,0.0292587281349,1,0,0,768.889251,2.507949
699,690,89472.0,89.472000,16.67913568,128,0,sigmoid,0,88,,,0,0,0,0.970999387377,0.0290006126232,1,0,0,769.976168,2.507949
700,691,89600.0,89.600000,14.67024267,128,0,sigmoid,0,88,,,0,0,0,0.972913928055,0.0270860719452,1,0,0,771.052449,2.507949
701,692,89728.0,89.728000,15.90370858,128,0,sigmoid,0,88,,,0,0,0,0.971534326227,0.0284656737729,1,0,0,772.131122,2.507949
702,693,89856.0,89.856000,15.56464612,128,0,sigmoid,0,88,,,0,0,0,0.970782239927,0.0292177600732,1,0,0,773.211755,2.507949
703,694,89984.0,89.984000,15.08877361,128,0,sigmoid,0,88,,,0,0,0,0.9732367897,0.0267632102998,1,0,0,774.293071,2.507949
704,695,90112.0,90.112000,15.96822274,128,0,sigmoid,0,88,,,0,0,0,0.971495820461,0.0285041795391,1,0,0,775.376606,2.507949
705,696,90240.0,90.240000,14.67037165,128,0,sigmoid,0,89,,,0,0,0,0.973339032393,0.0266609676075,1,0,0,776.463004,2.507949
706,697,90368.0,90.368000,16.23653662,128,0,sigmoid,0,89,,,0,0,0,0.970540565251,0.0294594347493,1,0,0,777.547778,2.507949
707,698,90496.0,90.496000,17.48930752,128,0,sigmoid,0,89,,,0,0,0,0.970693613869,0.0293063861313,1,0,0,778.627759,2.507949
708,699,90624.0,90.624000,14.73415828,128,0,sigmoid,0,89,,,0,0,0,0.972647540136,0.0273524598643,1,0,0,779.710741,2.507949
709,700,90752.0,90.752000,16.17898548,128,0,sigmoid,0,89,,,0,0,0,0.971307119921,0.0286928800793,1,0,0,780.786968,2.507949
710,701,90880.0,90.880000,15.69743145,128,0,sigmoid,0,89,,,0,0,0,0.971846243932,0.0281537560677,1,0,0,781.875348,2.507949
711,702,91008.0,91.008000,15.39393973,128,0,sigmoid,0,89,,,0,0,0,0.972160446403,0.0278395535975,1,0,0,782.959310,2.507949
712,703,91136.0,91.136000,17.39278305,128,0,sigmoid,0,89,,,0,0,0,0.969441370323,0.0305586296768,1,0,0,784.039891,2.507949
713,704,91264.0,91.264000,16.97479069,128,0,sigmoid,0,90,,,0,0,0,0.970612624476,0.0293873755238,1,0,0,785.124562,2.507949
714,705,91392.0,91.392000,15.10427272,128,0,sigmoid,0,90,,,0,0,0,0.972243596734,0.0277564032661,1,0,0,786.204105,2.507949
715,706,91520.0,91.520000,16.46117365,128,0,sigmoid,0,90,,,0,0,0,0.970957556624,0.0290424433756,1,0,0,787.281077,2.507949
716,707,91648.0,91.648000,14.58057463,128,0,sigmoid,0,90,,,0,0,0,0.9729758724,0.0270241276005,1,0,0,788.358993,2.507949
717,708,91776.0,91.776000,16.90821934,128,0,sigmoid,0,90,,,0,0,0,0.971475944385,0.0285240556149,1,0,0,789.439126,2.507949
718,709,91904.0,91.904000,15.89704537,128,0,sigmoid,0,90,,,0,0,0,0.971452511739,0.0285474882609,1,0,0,790.519609,2.507949
719,710,92032.0,92.032000,16.63992977,128,0,sigmoid,0,90,,,0,0,0,0.969589489094,0.0304105109064,1,0,0,791.594486,2.507949
720,711,92160.0,92.160000,16.43989515,128,0,sigmoid,0,90,,,0,0,0,0.969376812569,0.0306231874313,1,0,0,792.673931,2.507949
721,712,92288.0,92.288000,14.71576381,128,0,sigmoid,0,91,,,0,0,0,0.971986664121,0.0280133358793,1,0,0,793.751084,2.507949
722,713,92416.0,92.416000,16.99769676,128,0,sigmoid,0,91,,,0,0,0,0.969666360125,0.0303336398753,1,0,0,794.827403,2.507949
723,714,92544.0,92.544000,15.73148775,128,0,sigmoid,0,91,,,0,0,0,0.970525503901,0.029474496099,1,0,0,795.898234,2.507949
724,715,92672.0,92.672000,15.72350204,128,0,sigmoid,0,91,,,0,0,0,0.970766075276,0.0292339247239,1,0,0,796.972073,2.507949
725,716,92800.0,92.800000,15.75845492,128,0,sigmoid,0,91,,,0,0,0,0.971165694578,0.0288343054223,1,0,0,798.038736,2.507949
726,717,92928.0,92.928000,18.26476777,128,0,sigmoid,0,91,,,0,0,0,0.970011721217,0.0299882787833,1,0,0,799.105911,2.507949
727,718,93056.0,93.056000,14.78878379,128,0,sigmoid,0,91,,,0,0,0,0.970954839136,0.0290451608638,1,0,0,800.171605,2.507949
728,719,93184.0,93.184000,17.24229360,128,0,sigmoid,0,91,,,0,0,0,0.971069466845,0.028930533155,1,0,0,801.269408,2.507949
729,720,93312.0,93.312000,15.87606251,128,0,sigmoid,0,92,,,0,0,0,0.971749464436,0.0282505355642,1,0,0,802.350657,2.507949
730,721,93440.0,93.440000,15.93349397,128,0,sigmoid,0,92,,,0,0,0,0.972186386581,0.0278136134194,1,0,0,803.439033,2.507949
731,722,93568.0,93.568000,17.09383452,128,0,sigmoid,0,92,,,0,0,0,0.969974033104,0.0300259668956,1,0,0,804.524273,2.507949
732,723,93696.0,93.696000,16.67127538,128,0,sigmoid,0,92,,,0,0,0,0.970587454624,0.0294125453764,1,0,0,805.610739,2.507949
733,724,93824.0,93.824000,14.84588552,128,0,sigmoid,0,92,,,0,0,0,0.971652337369,0.0283476626308,1,0,0,806.692474,2.507949
734,725,93952.0,93.952000,16.91384959,128,0,sigmoid,0,92,,,0,0,0,0.97232773179,0.0276722682097,1,0,0,807.784987,2.507949
735,726,94080.0,94.080000,17.21139967,128,0,sigmoid,0,92,,,0,0,0,0.970205812513,0.0297941874865,1,0,0,808.869101,2.507949
736,727,94208.0,94.208000,16.54859602,128,0,sigmoid,0,92,,,0,0,0,0.971131484499,0.0288685155015,1,0,0,809.960147,2.507949
737,728,94336.0,94.336000,15.61417782,128,0,sigmoid,0,93,,,0,0,0,0.970127594306,0.0298724056944,1,0,0,811.046638,2.507949
738,729,94464.0,94.464000,17.01528621,128,0,sigmoid,0,93,,,0,0,0,0.970160140219,0.0298398597805,1,0,0,812.131245,2.507949
739,730,94592.0,94.592000,15.93515754,128,0,sigmoid,0,93,,,0,0,0,0.970927635683,0.0290723643168,1,0,0,813.237650,2.507949
740,731,94720.0,94.720000,16.07864285,128,0,sigmoid,0,93,,,0,0,0,0.971063101673,0.028936898327,1,0,0,814.345447,2.507949
741,732,94848.0,94.848000,16.07770753,128,0,sigmoid,0,93,,,0,0,0,0.970229199746,0.0297708002535,1,0,0,815.438420,2.507949
742,733,94976.0,94.976000,17.43170846,128,0,sigmoid,0,93,,,0,0,0,0.970626473879,0.0293735261215,1,0,0,816.523653,2.507949
743,734,95104.0,95.104000,17.59683490,128,0,sigmoid,0,93,,,0,0,0,0.970252280586,0.0297477194142,1,0,0,817.611867,2.507949
744,735,95232.0,95.232000,16.60567582,128,0,sigmoid,0,93,,,0,0,0,0.970537538615,0.0294624613846,1,0,0,818.696016,2.507949
745,736,95360.0,95.360000,17.05202913,128,0,sigmoid,0,94,,,0,0,0,0.969752446098,0.0302475539017,1,0,0,819.778975,2.507949
746,737,95488.0,95.488000,14.85914791,128,0,sigmoid,0,94,,,0,0,0,0.971187060332,0.0288129396676,1,0,0,820.857695,2.507949
747,738,95616.0,95.616000,14.91027141,128,0,sigmoid,0,94,,,0,0,0,0.972406584864,0.0275934151358,1,0,0,821.941813,2.507949
748,739,95744.0,95.744000,16.92736995,128,0,sigmoid,0,94,,,0,0,0,0.97032272325,0.0296772767504,1,0,0,823.025038,2.507949
749,740,95872.0,95.872000,16.25623548,128,0,sigmoid,0,94,,,0,0,0,0.971220196045,0.0287798039555,1,0,0,824.115260,2.507949
750,741,96000.0,96.000000,14.65536714,128,0,sigmoid,0,94,,,0,0,0,0.971605210657,0.0283947893425,1,0,0,825.195565,2.507949
751,742,96128.0,96.128000,15.78137898,128,0,sigmoid,0,94,,,0,0,0,0.971890857459,0.0281091425414,1,0,0,826.277088,2.507949
752,743,96256.0,96.256000,15.07933724,128,0,sigmoid,0,94,,,0,0,0,0.971915236068,0.028084763932,1,0,0,827.369838,2.507949
753,744,96384.0,96.384000,16.20552433,128,0,sigmoid,0,95,,,0,0,0,0.971284965231,0.0287150347693,1,0,0,828.462547,2.507949
754,745,96512.0,96.512000,16.73203635,128,0,sigmoid,0,95,,,0,0,0,0.971768556839,0.0282314431611,1,0,0,829.653610,2.507949
755,746,96640.0,96.640000,16.06761873,128,0,sigmoid,0,95,,,0,0,0,0.970241839796,0.0297581602036,1,0,0,830.788069,2.507949
756,747,96768.0,96.768000,15.28791606,128,0,sigmoid,0,95,,,0,0,0,0.971310466365,0.0286895336352,1,0,0,831.879974,2.507949
757,748,96896.0,96.896000,14.69603264,128,0,sigmoid,0,95,,,0,0,0,0.973420753915,0.0265792460846,1,0,0,832.980665,2.507949
758,749,97024.0,97.024000,16.19807243,128,0,sigmoid,0,95,,,0,0,0,0.970203765531,0.0297962344689,1,0,0,834.070397,2.507949
759,750,97152.0,97.152000,14.35110390,128,0,sigmoid,0,95,,,0,0,0,0.973162357065,0.0268376429352,1,0,0,835.160279,2.507949
760,751,97280.0,97.280000,16.62557578,128,0,sigmoid,0,95,,,0,0,0,0.970290127661,0.0297098723393,1,0,0,836.242264,2.507949
761,752,97408.0,97.408000,15.12574887,128,0,sigmoid,0,96,,,0,0,0,0.972353590355,0.0276464096448,1,0,0,837.348939,2.507949
762,753,97536.0,97.536000,14.48883259,128,0,sigmoid,0,96,,,0,0,0,0.971507958779,0.0284920412215,1,0,0,838.437127,2.507949
763,754,97664.0,97.664000,15.57803214,128,0,sigmoid,0,96,,,0,0,0,0.970789240549,0.0292107594512,1,0,0,839.530283,2.507949
764,755,97792.0,97.792000,15.64628994,128,0,sigmoid,0,96,,,0,0,0,0.97105564773,0.0289443522696,1,0,0,840.617462,2.507949
765,756,97920.0,97.920000,13.92920589,128,0,sigmoid,0,96,,,0,0,0,0.973694280005,0.0263057199946,1,0,0,841.710573,2.507949
766,757,98048.0,98.048000,15.24596846,128,0,sigmoid,0,96,,,0,0,0,0.972392365411,0.0276076345891,1,0,0,842.804270,2.507949
767,758,98176.0,98.176000,15.19578457,128,0,sigmoid,0,96,,,0,0,0,0.972157184709,0.0278428152905,1,0,0,843.887848,2.507949
768,759,98304.0,98.304000,16.03615999,128,0,sigmoid,0,96,,,0,0,0,0.970546354716,0.0294536452842,1,0,0,844.987561,2.507949
769,760,98432.0,98.432000,15.37805533,128,0,sigmoid,0,97,,,0,0,0,0.970265357309,0.0297346426913,1,0,0,846.079951,2.507949
770,761,98560.0,98.560000,14.99271584,128,0,sigmoid,0,97,,,0,0,0,0.971600395105,0.028399604895,1,0,0,847.164854,2.507949
771,762,98688.0,98.688000,13.96373153,128,0,sigmoid,0,97,,,0,0,0,0.972653429089,0.0273465709112,1,0,0,848.246950,2.507949
772,763,98816.0,98.816000,17.88450730,128,0,sigmoid,0,97,,,0,0,0,0.96938211789,0.0306178821099,1,0,0,849.340605,2.507949
773,764,98944.0,98.944000,15.78558397,128,0,sigmoid,0,97,,,0,0,0,0.97106842314,0.0289315768602,1,0,0,850.422348,2.507949
774,765,99072.0,99.072000,16.10046995,128,0,sigmoid,0,97,,,0,0,0,0.970710079227,0.0292899207726,1,0,0,851.513198,2.507949
775,766,99200.0,99.200000,15.31084847,128,0,sigmoid,0,97,,,0,0,0,0.971643053939,0.0283569460607,1,0,0,852.600951,2.507949
776,767,99328.0,99.328000,15.52234101,128,0,sigmoid,0,97,,,0,0,0,0.97125983856,0.02874016144,1,0,0,853.689784,2.507949
777,768,99456.0,99.456000,15.88706362,128,0,sigmoid,0,98,,,0,0,0,0.971691649168,0.0283083508318,1,0,0,854.789048,2.507949
778,769,99584.0,99.584000,15.76343286,128,0,sigmoid,0,98,,,0,0,0,0.972411187837,0.027588812163,1,0,0,855.877227,2.507949
779,770,99712.0,99.712000,16.47480702,128,0,sigmoid,0,98,,,0,0,0,0.971278470128,0.0287215298718,1,0,0,856.970042,2.507949
780,771,99840.0,99.840000,16.41751587,128,0,sigmoid,0,98,,,0,0,0,0.971463175409,0.0285368245908,1,0,0,858.056078,2.507949
781,772,99968.0,99.968000,16.46070933,128,0,sigmoid,0,98,,,0,0,0,0.970470478069,0.0295295219312,1,0,0,859.144556,2.507949
782,773,100096.0,100.096000,15.39391768,128,0,sigmoid,0,98,,,0,0,0,0.971371582088,0.0286284179123,1,0,0,860.215779,2.507949
783,774,100224.0,100.224000,15.02830791,128,0,sigmoid,0,98,,,0,0,0,0.972340770178,0.0276592298222,1,0,0,861.301780,2.507949
784,775,100352.0,100.352000,14.16505456,128,0,sigmoid,0,98,,,0,0,0,0.972395316286,0.0276046837141,1,0,0,862.379035,2.507949
785,776,100480.0,100.480000,17.70410335,128,0,sigmoid,0,99,,,0,0,0,0.970273744544,0.0297262554563,1,0,0,863.453737,2.507949
786,777,100608.0,100.608000,15.70181441,128,0,sigmoid,0,99,,,0,0,0,0.971943449865,0.0280565501352,1,0,0,864.525078,2.507949
787,778,100736.0,100.736000,16.16077447,128,0,sigmoid,0,99,,,0,0,0,0.971467179769,0.0285328202306,1,0,0,865.595307,2.507949
788,779,100864.0,100.864000,16.67943764,128,0,sigmoid,0,99,,,0,0,0,0.970994115852,0.0290058841483,1,0,0,866.690159,2.507949
789,780,100992.0,100.992000,14.94224668,128,0,sigmoid,0,99,,,0,0,0,0.971432992616,0.028567007384,1,0,0,867.730567,2.507949
790,781,101120.0,101.120000,15.15588558,128,0,sigmoid,0,99,,,0,0,0,0.97239853648,0.0276014635205,1,0,0,868.815853,2.507949
791,782,101248.0,101.248000,17.78873861,128,0,sigmoid,0,99,,,0,0,0,0.970299199346,0.029700800654,1,0,0,869.904615,2.507949
792,783,101376.0,101.376000,15.35474479,128,0,sigmoid,0,99,,,0,0,0,0.970726814964,0.0292731850364,1,0,0,870.990135,2.507949
793,784,101504.0,101.504000,17.21330047,128,0,sigmoid,0,100,,,0,0,0,0.970146738301,0.029853261699,1,0,0,872.074153,2.507949
794,785,101632.0,101.632000,15.19387150,128,0,sigmoid,0,100,,,0,0,0,0.971431953941,0.0285680460592,1,0,0,873.114357,2.507949
795,786,101760.0,101.760000,17.73650968,128,0,sigmoid,0,100,,,0,0,0,0.969749098223,0.0302509017771,1,0,0,874.217546,2.507949
796,787,101888.0,101.888000,17.13700223,128,0,sigmoid,0,100,,,0,0,0,0.971395013612,0.028604986388,1,0,0,875.298391,2.507949
797,788,102016.0,102.016000,15.77183211,128,0,sigmoid,0,100,,,0,0,0,0.97122174423,0.0287782557702,1,0,0,876.385888,2.507949
798,789,102144.0,102.144000,16.62970436,128,0,sigmoid,0,100,,,0,0,0,0.970041939776,0.0299580602242,1,0,0,877.472644,2.507949
799,790,102272.0,102.272000,15.56061041,128,0,sigmoid,0,100,,,0,0,0,0.971535105292,0.0284648947075,1,0,0,878.557367,2.507949
800,791,102400.0,102.400000,17.46616375,128,0,sigmoid,0,100,,,0,0,0,0.97067061208,0.02932938792,1,0,0,879.643117,2.507949
801,792,102528.0,102.528000,16.00640416,128,0,sigmoid,0,101,,,0,0,0,0.971910544147,0.028089455853,1,0,0,880.729131,2.507949
802,793,102656.0,102.656000,15.62961125,128,0,sigmoid,0,101,,,0,0,0,0.971722119506,0.0282778804935,1,0,0,881.820961,2.507949
803,794,102784.0,102.784000,15.74574137,128,0,sigmoid,0,101,,,0,0,0,0.970890641355,0.0291093586448,1,0,0,882.909969,2.507949
804,795,102912.0,102.912000,16.38993931,128,0,sigmoid,0,101,,,0,0,0,0.971376343252,0.0286236567483,1,0,0,883.999820,2.507949
805,796,103040.0,103.040000,15.22975743,128,0,sigmoid,0,101,,,0,0,0,0.971584167293,0.0284158327073,1,0,0,885.094232,2.507949
806,797,103168.0,103.168000,16.43115795,128,0,sigmoid,0,101,,,0,0,0,0.970213279309,0.0297867206909,1,0,0,886.180892,2.507949
807,798,103296.0,103.296000,15.93431640,128,0,sigmoid,0,101,,,0,0,0,0.971771632599,0.0282283674009,1,0,0,887.272789,2.507949
808,799,103424.0,103.424000,14.80974722,128,0,sigmoid,0,101,,,0,0,0,0.970862417197,0.0291375828032,1,0,0,888.360074,2.507949
809,800,103552.0,103.552000,14.14572895,128,0,sigmoid,0,102,,,0,0,0,0.973374382742,0.0266256172584,1,0,0,889.453954,2.507949
810,801,103680.0,103.680000,16.77667952,128,0,sigmoid,0,102,,,0,0,0,0.970919977778,0.0290800222222,1,0,0,890.548447,2.507949
811,802,103808.0,103.808000,18.75908780,128,0,sigmoid,0,102,,,0,0,0,0.96995650115,0.0300434988505,1,0,0,891.633284,2.507949
812,803,103936.0,103.936000,15.73802483,128,0,sigmoid,0,102,,,0,0,0,0.970833640755,0.0291663592451,1,0,0,892.720782,2.507949
813,804,104064.0,104.064000,17.20612943,128,0,sigmoid,0,102,,,0,0,0,0.969848652171,0.0301513478289,1,0,0,893.807045,2.507949
814,805,104192.0,104.192000,16.31289101,128,0,sigmoid,0,102,,,0,0,0,0.970952932814,0.0290470671858,1,0,0,894.897404,2.507949
815,806,104320.0,104.320000,17.09108257,128,0,sigmoid,0,102,,,0,0,0,0.970671804722,0.0293281952779,1,0,0,895.986113,2.507949
816,807,104448.0,104.448000,16.30620754,128,0,sigmoid,0,102,,,0,0,0,0.970126980832,0.0298730191681,1,0,0,897.072900,2.507949
817,808,104576.0,104.576000,15.39970720,128,0,sigmoid,0,103,,,0,0,0,0.970934502305,0.0290654976952,1,0,0,898.160500,2.507949
818,809,104704.0,104.704000,13.86978304,128,0,sigmoid,0,103,,,0,0,0,0.973731601971,0.0262683980292,1,0,0,899.252355,2.507949
819,810,104832.0,104.832000,15.25811708,128,0,sigmoid,0,103,,,0,0,0,0.972192837596,0.0278071624042,1,0,0,900.338664,2.507949
820,811,104960.0,104.960000,15.73165095,128,0,sigmoid,0,103,,,0,0,0,0.970344186752,0.0296558132481,1,0,0,901.425479,2.507949
821,812,105088.0,105.088000,16.77281272,128,0,sigmoid,0,103,,,0,0,0,0.970841372876,0.0291586271238,1,0,0,902.460709,2.507949
822,813,105216.0,105.216000,15.29593766,128,0,sigmoid,0,103,,,0,0,0,0.972006332315,0.0279936676851,1,0,0,903.547855,2.507949
823,814,105344.0,105.344000,17.39984071,128,0,sigmoid,0,103,,,0,0,0,0.969992251291,0.0300077487093,1,0,0,904.635090,2.507949
824,815,105472.0,105.472000,16.73859560,128,0,sigmoid,0,103,,,0,0,0,0.970226001715,0.0297739982849,1,0,0,905.721254,2.507949
825,816,105600.0,105.600000,16.43165493,128,0,sigmoid,0,104,,,0,0,0,0.970625917211,0.0293740827892,1,0,0,906.808865,2.507949
826,817,105728.0,105.728000,14.78016222,128,0,sigmoid,0,104,,,0,0,0,0.972312877714,0.0276871222861,1,0,0,907.886272,2.507949
827,818,105856.0,105.856000,15.97329473,128,0,sigmoid,0,104,,,0,0,0,0.971415192345,0.0285848076551,1,0,0,908.970394,2.507949
828,819,105984.0,105.984000,14.20340455,128,0,sigmoid,0,104,,,0,0,0,0.972107476808,0.0278925231924,1,0,0,910.051731,2.507949
829,820,106112.0,106.112000,15.46928191,128,0,sigmoid,0,104,,,0,0,0,0.97224746174,0.02775253826,1,0,0,911.138720,2.507949
830,821,106240.0,106.240000,17.19732606,128,0,sigmoid,0,104,,,0,0,0,0.969957735207,0.0300422647927,1,0,0,912.221880,2.507949
831,822,106368.0,106.368000,17.11668074,128,0,sigmoid,0,104,,,0,0,0,0.970316915071,0.0296830849289,1,0,0,913.311149,2.507949
832,823,106496.0,106.496000,17.66181481,128,0,sigmoid,0,104,,,0,0,0,0.969295352,0.030704648,1,0,0,914.394224,2.507949
833,824,106624.0,106.624000,15.28052592,128,0,sigmoid,0,105,,,0,0,0,0.971622444477,0.028377555523,1,0,0,915.479514,2.507949
834,825,106752.0,106.752000,17.77199888,128,0,sigmoid,0,105,,,0,0,0,0.968606997807,0.0313930021926,1,0,0,916.561648,2.507949
835,826,106880.0,106.880000,17.19164479,128,0,sigmoid,0,105,,,0,0,0,0.970831705841,0.0291682941594,1,0,0,917.647232,2.507949
836,827,107008.0,107.008000,17.82971799,128,0,sigmoid,0,105,,,0,0,0,0.970150026721,0.0298499732795,1,0,0,918.732972,2.507949
837,828,107136.0,107.136000,16.43512321,128,0,sigmoid,0,105,,,0,0,0,0.971719251982,0.0282807480185,1,0,0,919.818882,2.507949
838,829,107264.0,107.264000,16.61575818,128,0,sigmoid,0,105,,,0,0,0,0.970276046545,0.0297239534552,1,0,0,920.909696,2.507949
839,830,107392.0,107.392000,14.81598556,128,0,sigmoid,0,105,,,0,0,0,0.97128040603,0.0287195939704,1,0,0,922.000860,2.507949
840,831,107520.0,107.520000,15.37791395,128,0,sigmoid,0,105,,,0,0,0,0.972042192556,0.0279578074438,1,0,0,923.087939,2.507949
841,832,107648.0,107.648000,15.30116928,128,0,sigmoid,0,106,,,0,0,0,0.970669470212,0.0293305297879,1,0,0,924.172434,2.507949
842,833,107776.0,107.776000,16.23330951,128,0,sigmoid,0,106,,,0,0,0,0.970818607332,0.0291813926681,1,0,0,925.257120,2.507949
843,834,107904.0,107.904000,15.23813963,128,0,sigmoid,0,106,,,0,0,0,0.971487089442,0.0285129105583,1,0,0,926.332321,2.507949
844,835,108032.0,108.032000,15.75880957,128,0,sigmoid,0,106,,,0,0,0,0.972060214206,0.0279397857943,1,0,0,927.404035,2.507949
845,836,108160.0,108.160000,17.38450503,128,0,sigmoid,0,106,,,0,0,0,0.969638738383,0.0303612616166,1,0,0,928.474675,2.507949
846,837,108288.0,108.288000,16.98669696,128,0,sigmoid,0,106,,,0,0,0,0.969221548197,0.030778451803,1,0,0,929.553653,2.507949
847,838,108416.0,108.416000,16.01490438,128,0,sigmoid,0,106,,,0,0,0,0.971207115541,0.0287928844587,1,0,0,930.689992,2.507949
848,839,108544.0,108.544000,15.82167482,128,0,sigmoid,0,106,,,0,0,0,0.971166981116,0.0288330188838,1,0,0,931.851175,2.507949
849,840,108672.0,108.672000,16.56750417,128,0,sigmoid,0,107,,,0,0,0,0.970640805782,0.0293591942178,1,0,0,932.930149,2.507949
850,841,108800.0,108.800000,14.06770957,128,0,sigmoid,0,107,,,0,0,0,0.974036172956,0.0259638270441,1,0,0,934.017118,2.507949
851,842,108928.0,108.928000,15.47539306,128,0,sigmoid,0,107,,,0,0,0,0.971473083932,0.0285269160676,1,0,0,935.104977,2.507949
852,843,109056.0,109.056000,15.02886689,128,0,sigmoid,0,107,,,0,0,0,0.97263840087,0.0273615991301,1,0,0,936.198232,2.507949
853,844,109184.0,109.184000,16.42752767,128,0,sigmoid,0,107,,,0,0,0,0.970303392488,0.0296966075122,1,0,0,937.282168,2.507949
854,845,109312.0,109.312000,17.95199859,128,0,sigmoid,0,107,,,0,0,0,0.969454578776,0.030545421224,1,0,0,938.326565,2.507949
855,846,109440.0,109.440000,16.66980815,128,0,sigmoid,0,107,,,0,0,0,0.970128606371,0.0298713936286,1,0,0,939.379602,2.507949
856,847,109568.0,109.568000,16.12684369,128,0,sigmoid,0,107,,,0,0,0,0.970281785664,0.0297182143362,1,0,0,940.435733,2.507949
857,848,109696.0,109.696000,15.26776922,128,0,sigmoid,0,108,,,0,0,0,0.971909839167,0.0280901608327,1,0,0,941.623448,2.507949
858,849,109824.0,109.824000,15.43977523,128,0,sigmoid,0,108,,,0,0,0,0.971615076751,0.0283849232488,1,0,0,942.714036,2.507949
859,850,109952.0,109.952000,15.90124118,128,0,sigmoid,0,108,,,0,0,0,0.970234971073,0.0297650289267,1,0,0,943.813807,2.507949
860,851,110080.0,110.080000,15.41215539,128,0,sigmoid,0,108,,,0,0,0,0.971973086167,0.0280269138329,1,0,0,944.906799,2.507949
861,852,110208.0,110.208000,15.46153998,128,0,sigmoid,0,108,,,0,0,0,0.971986889868,0.0280131101324,1,0,0,945.993827,2.507949
862,853,110336.0,110.336000,16.66672969,128,0,sigmoid,0,108,,,0,0,0,0.969955850737,0.0300441492626,1,0,0,947.081616,2.507949
863,854,110464.0,110.464000,17.04350340,128,0,sigmoid,0,108,,,0,0,0,0.970854325797,0.0291456742035,1,0,0,948.174402,2.507949
864,855,110592.0,110.592000,15.06151164,128,0,sigmoid,0,108,,,0,0,0,0.972414498105,0.0275855018948,1,0,0,949.269412,2.507949
865,856,110720.0,110.720000,15.53278649,128,0,sigmoid,0,109,,,0,0,0,0.971270472359,0.0287295276409,1,0,0,950.357176,2.507949
866,857,110848.0,110.848000,15.49263227,128,0,sigmoid,0,109,,,0,0,0,0.971985505525,0.0280144944745,1,0,0,951.452926,2.507949
867,858,110976.0,110.976000,16.37062526,128,0,sigmoid,0,109,,,0,0,0,0.970439449054,0.0295605509461,1,0,0,952.542226,2.507949
868,859,111104.0,111.104000,14.28587174,128,0,sigmoid,0,109,,,0,0,0,0.97258297021,0.0274170297896,1,0,0,953.629208,2.507949
869,860,111232.0,111.232000,15.55268002,128,0,sigmoid,0,109,,,0,0,0,0.970761187341,0.0292388126591,1,0,0,954.722493,2.507949
870,861,111360.0,111.360000,16.13917553,128,0,sigmoid,0,109,,,0,0,0,0.971503045124,0.0284969548756,1,0,0,955.810148,2.507949
871,862,111488.0,111.488000,15.68838763,128,0,sigmoid,0,109,,,0,0,0,0.972236547404,0.0277634525965,1,0,0,956.899319,2.507949
872,863,111616.0,111.616000,14.85002995,128,0,sigmoid,0,109,,,0,0,0,0.972366440071,0.0276335599292,1,0,0,957.989927,2.507949
873,864,111744.0,111.744000,16.38557601,128,0,sigmoid,0,110,,,0,0,0,0.970500315537,0.0294996844633,1,0,0,959.097903,2.507949
874,865,111872.0,111.872000,14.99637771,128,0,sigmoid,0,110,,,0,0,0,0.971883681111,0.028116318889,1,0,0,960.191436,2.507949
875,866,112000.0,112.000000,15.23989308,128,0,sigmoid,0,110,,,0,0,0,0.971380684523,0.0286193154766,1,0,0,961.276413,2.507949
876,867,112128.0,112.128000,17.20203614,128,0,sigmoid,0,110,,,0,0,0,0.969960635149,0.0300393648507,1,0,0,962.377239,2.507949
877,868,112256.0,112.256000,17.64670599,128,0,sigmoid,0,110,,,0,0,0,0.970284166845,0.0297158331549,1,0,0,963.460148,2.507949
878,869,112384.0,112.384000,17.26483071,128,0,sigmoid,0,110,,,0,0,0,0.969595894533,0.0304041054674,1,0,0,964.548970,2.507949
879,870,112512.0,112.512000,15.17309225,128,0,sigmoid,0,110,,,0,0,0,0.970690198254,0.0293098017461,1,0,0,965.643411,2.507949
880,871,112640.0,112.640000,15.94372392,128,0,sigmoid,0,110,,,0,0,0,0.971505560107,0.0284944398932,1,0,0,966.735765,2.507949
881,872,112768.0,112.768000,18.08267438,128,0,sigmoid,0,111,,,0,0,0,0.96896479664,0.0310352033603,1,0,0,967.820791,2.507949
882,873,112896.0,112.896000,15.08606362,128,0,sigmoid,0,111,,,0,0,0,0.971580936785,0.0284190632149,1,0,0,968.915583,2.507949
883,874,113024.0,113.024000,16.08294833,128,0,sigmoid,0,111,,,0,0,0,0.971374003819,0.0286259961813,1,0,0,970.000986,2.507949
884,875,113152.0,113.152000,15.05403280,128,0,sigmoid,0,111,,,0,0,0,0.971328383454,0.0286716165461,1,0,0,971.084013,2.507949
885,876,113280.0,113.280000,14.50551367,128,0,sigmoid,0,111,,,0,0,0,0.971452990876,0.0285470091236,1,0,0,972.173241,2.507949
886,877,113408.0,113.408000,14.19524765,128,0,sigmoid,0,111,,,0,0,0,0.972123975799,0.0278760242014,1,0,0,973.256739,2.507949
887,878,113536.0,113.536000,16.08994365,128,0,sigmoid,0,111,,,0,0,0,0.970479029395,0.0295209706052,1,0,0,974.337344,2.507949
888,879,113664.0,113.664000,14.81252539,128,0,sigmoid,0,111,,,0,0,0,0.973251072032,0.0267489279685,1,0,0,975.430269,2.507949
889,880,113792.0,113.792000,14.94308937,128,0,sigmoid,0,112,,,0,0,0,0.969951806482,0.0300481935184,1,0,0,976.524788,2.507949
890,881,113920.0,113.920000,14.35404956,128,0,sigmoid,0,112,,,0,0,0,0.972248843747,0.0277511562532,1,0,0,977.611685,2.507949
891,882,114048.0,114.048000,16.15354061,128,0,sigmoid,0,112,,,0,0,0,0.971063446346,0.0289365536537,1,0,0,978.697207,2.507949
892,883,114176.0,114.176000,16.19865453,128,0,sigmoid,0,112,,,0,0,0,0.970529449332,0.0294705506685,1,0,0,979.781946,2.507949
893,884,114304.0,114.304000,17.00411201,128,0,sigmoid,0,112,,,0,0,0,0.97037995141,0.0296200485905,1,0,0,980.868301,2.507949
894,885,114432.0,114.432000,16.42862558,128,0,sigmoid,0,112,,,0,0,0,0.97101336105,0.0289866389497,1,0,0,981.898365,2.507949
895,886,114560.0,114.560000,15.03451550,128,0,sigmoid,0,112,,,0,0,0,0.971635599489,0.0283644005112,1,0,0,982.985523,2.507949
896,887,114688.0,114.688000,16.48317552,128,0,sigmoid,0,112,,,0,0,0,0.971017661021,0.0289823389792,1,0,0,984.122454,2.507949
897,888,114816.0,114.816000,16.65445805,128,0,sigmoid,0,113,,,0,0,0,0.970675063092,0.0293249369084,1,0,0,985.207411,2.507949
898,889,114944.0,114.944000,15.96588707,128,0,sigmoid,0,113,,,0,0,0,0.971374073877,0.0286259261229,1,0,0,986.365394,2.507949
899,890,115072.0,115.072000,16.21115816,128,0,sigmoid,0,113,,,0,0,0,0.971996309942,0.0280036900581,1,0,0,987.449639,2.507949
900,891,115200.0,115.200000,15.92325258,128,0,sigmoid,0,113,,,0,0,0,0.971723782884,0.0282762171161,1,0,0,988.529379,2.507949
901,892,115328.0,115.328000,15.36096573,128,0,sigmoid,0,113,,,0,0,0,0.971465699455,0.0285343005453,1,0,0,989.611053,2.507949
902,893,115456.0,115.456000,14.10940409,128,0,sigmoid,0,113,,,0,0,0,0.972996318852,0.0270036811481,1,0,0,990.692856,2.507949
903,894,115584.0,115.584000,14.87066054,128,0,sigmoid,0,113,,,0,0,0,0.972918400943,0.0270815990573,1,0,0,991.770082,2.507949
904,895,115712.0,115.712000,15.83230305,128,0,sigmoid,0,113,,,0,0,0,0.971873763133,0.0281262368675,1,0,0,992.845481,2.507949
905,896,115840.0,115.840000,17.25104785,128,0,sigmoid,0,114,,,0,0,0,0.970844867808,0.0291551321916,1,0,0,993.921302,2.507949
906,897,115968.0,115.968000,14.17796862,128,0,sigmoid,0,114,,,0,0,0,0.972127125237,0.0278728747626,1,0,0,994.962524,2.507949
907,898,116096.0,116.096000,14.90070224,128,0,sigmoid,0,114,,,0,0,0,0.971246337361,0.0287536626394,1,0,0,996.034231,2.507949
908,899,116224.0,116.224000,16.18912482,128,0,sigmoid,0,114,,,0,0,0,0.971338324957,0.0286616750427,1,0,0,997.186223,2.507949
909,900,116352.0,116.352000,16.57646000,128,0,sigmoid,0,114,,,0,0,0,0.970569585755,0.0294304142454,1,0,0,998.197842,2.507949
910,901,116480.0,116.480000,15.74430096,128,0,sigmoid,0,114,,,0,0,0,0.971502868088,0.0284971319119,1,0,0,999.361587,2.507949
911,902,116608.0,116.608000,14.05362141,128,0,sigmoid,0,114,,,0,0,0,0.972030736893,0.0279692631074,1,0,0,1000.449268,2.507949
912,903,116736.0,116.736000,17.65776265,128,0,sigmoid,0,114,,,0,0,0,0.970357160766,0.0296428392336,1,0,0,1001.534729,2.507949
913,904,116864.0,116.864000,15.84296191,128,0,sigmoid,0,115,,,0,0,0,0.971282589846,0.0287174101537,1,0,0,1002.626468,2.507949
914,905,116992.0,116.992000,15.52869475,128,0,sigmoid,0,115,,,0,0,0,0.972489152071,0.0275108479292,1,0,0,1003.716561,2.507949
915,906,117120.0,117.120000,15.56490242,128,0,sigmoid,0,115,,,0,0,0,0.972716963814,0.0272830361865,1,0,0,1004.799937,2.507949
916,907,117248.0,117.248000,15.08717442,128,0,sigmoid,0,115,,,0,0,0,0.972958393842,0.0270416061582,1,0,0,1005.889368,2.507949
917,908,117376.0,117.376000,15.19997585,128,0,sigmoid,0,115,,,0,0,0,0.971416628183,0.0285833718169,1,0,0,1006.980151,2.507949
918,909,117504.0,117.504000,15.70988250,128,0,sigmoid,0,115,,,0,0,0,0.970761758316,0.0292382416836,1,0,0,1008.059631,2.507949
919,910,117632.0,117.632000,16.51615834,128,0,sigmoid,0,115,,,0,0,0,0.970704420122,0.0292955798783,1,0,0,1009.149402,2.507949
920,911,117760.0,117.760000,14.72468090,128,0,sigmoid,0,115,,,0,0,0,0.971500138077,0.0284998619232,1,0,0,1010.358204,2.507949
921,912,117888.0,117.888000,16.48852932,128,0,sigmoid,0,116,,,0,0,0,0.97068466263,0.0293153373696,1,0,0,1011.419888,2.507949
922,913,118016.0,118.016000,15.81659043,128,0,sigmoid,0,116,,,0,0,0,0.972770559996,0.0272294400044,1,0,0,1012.517031,2.507949
923,914,118144.0,118.144000,16.65038669,128,0,sigmoid,0,116,,,0,0,0,0.970892938858,0.0291070611417,1,0,0,1013.599159,2.507949
924,915,118272.0,118.272000,15.97782385,128,0,sigmoid,0,116,,,0,0,0,0.970960800698,0.0290391993022,1,0,0,1014.684379,2.507949
925,916,118400.0,118.400000,13.66604078,128,0,sigmoid,0,116,,,0,0,0,0.971962413019,0.0280375869811,1,0,0,1015.766579,2.507949
926,917,118528.0,118.528000,17.13587439,128,0,sigmoid,0,116,,,0,0,0,0.971008154608,0.0289918453924,1,0,0,1016.851204,2.507949
927,918,118656.0,118.656000,15.34711277,128,0,sigmoid,0,116,,,0,0,0,0.972564456721,0.0274355432795,1,0,0,1017.931293,2.507949
928,919,118784.0,118.784000,16.73478734,128,0,sigmoid,0,116,,,0,0,0,0.970137015558,0.0298629844416,1,0,0,1019.031154,2.507949
929,920,118912.0,118.912000,15.93110681,128,0,sigmoid,0,117,,,0,0,0,0.97104953163,0.0289504683702,1,0,0,1020.122072,2.507949
930,921,119040.0,119.040000,16.41314876,128,0,sigmoid,0,117,,,0,0,0,0.97093356886,0.0290664311395,1,0,0,1021.206287,2.507949
931,922,119168.0,119.168000,16.99461198,128,0,sigmoid,0,117,,,0,0,0,0.970319766412,0.0296802335885,1,0,0,1022.291697,2.507949
932,923,119296.0,119.296000,15.18110406,128,0,sigmoid,0,117,,,0,0,0,0.972860975063,0.0271390249374,1,0,0,1023.378174,2.507949
933,924,119424.0,119.424000,16.98332918,128,0,sigmoid,0,117,,,0,0,0,0.969183067105,0.0308169328955,1,0,0,1024.462261,2.507949
934,925,119552.0,119.552000,14.89323735,128,0,sigmoid,0,117,,,0,0,0,0.972547247588,0.0274527524116,1,0,0,1025.547924,2.507949
935,926,119680.0,119.680000,15.80795383,128,0,sigmoid,0,117,,,0,0,0,0.970825291533,0.0291747084673,1,0,0,1026.638996,2.507949
936,927,119808.0,119.808000,14.46336651,128,0,sigmoid,0,117,,,0,0,0,0.973861197187,0.0261388028127,1,0,0,1027.724388,2.507949
937,928,119936.0,119.936000,16.59979272,128,0,sigmoid,0,118,,,0,0,0,0.970066952158,0.0299330478417,1,0,0,1028.810786,2.507949
938,929,120064.0,120.064000,14.82853484,128,0,sigmoid,0,118,,,0,0,0,0.972187344404,0.027812655596,1,0,0,1029.895260,2.507949
939,930,120192.0,120.192000,15.63285911,128,0,sigmoid,0,118,,,0,0,0,0.970969627731,0.0290303722688,1,0,0,1030.975841,2.507949
940,931,120320.0,120.320000,17.16141009,128,0,sigmoid,0,118,,,0,0,0,0.969325114877,0.0306748851227,1,0,0,1032.057735,2.507949
941,932,120448.0,120.448000,16.36191535,128,0,sigmoid,0,118,,,0,0,0,0.971564474293,0.0284355257069,1,0,0,1033.136345,2.507949
942,933,120576.0,120.576000,15.08035278,128,0,sigmoid,0,118,,,0,0,0,0.971207654333,0.0287923456672,1,0,0,1034.234304,2.507949
943,934,120704.0,120.704000,14.86093748,128,0,sigmoid,0,118,,,0,0,0,0.972196850882,0.0278031491176,1,0,0,1035.327762,2.507949
944,935,120832.0,120.832000,15.78822601,128,0,sigmoid,0,118,,,0,0,0,0.971247908043,0.0287520919566,1,0,0,1036.427250,2.507949
945,936,120960.0,120.960000,15.35533154,128,0,sigmoid,0,119,,,0,0,0,0.971001642264,0.0289983577362,1,0,0,1037.539161,2.507949
946,937,121088.0,121.088000,16.36695385,128,0,sigmoid,0,119,,,0,0,0,0.971112748697,0.028887251303,1,0,0,1038.649848,2.507949
947,938,121216.0,121.216000,14.47925925,128,0,sigmoid,0,119,,,0,0,0,0.971490355674,0.0285096443256,1,0,0,1039.736348,2.507949
948,939,121344.0,121.344000,17.24676466,128,0,sigmoid,0,119,,,0,0,0,0.969961656786,0.0300383432138,1,0,0,1040.816324,2.507949
949,940,121472.0,121.472000,16.46234906,128,0,sigmoid,0,119,,,0,0,0,0.971706034556,0.0282939654442,1,0,0,1041.917636,2.507949
950,941,121600.0,121.600000,16.78725457,128,0,sigmoid,0,119,,,0,0,0,0.970438825107,0.0295611748926,1,0,0,1043.025722,2.507949
951,942,121728.0,121.728000,16.98679757,128,0,sigmoid,0,119,,,0,0,0,0.971412403972,0.0285875960285,1,0,0,1044.122612,2.507949
952,943,121856.0,121.856000,14.71397293,128,0,sigmoid,0,119,,,0,0,0,0.971603256458,0.028396743542,1,0,0,1045.211497,2.507949
953,944,121984.0,121.984000,14.35892069,128,0,sigmoid,0,120,,,0,0,0,0.972767050302,0.0272329496984,1,0,0,1046.299359,2.507949
954,945,122112.0,122.112000,15.69063306,128,0,sigmoid,0,120,,,0,0,0,0.971821949013,0.0281780509868,1,0,0,1047.388844,2.507949
955,946,122240.0,122.240000,15.32862222,128,0,sigmoid,0,120,,,0,0,0,0.971992216988,0.0280077830123,1,0,0,1048.469033,2.507949
956,947,122368.0,122.368000,14.88421881,128,0,sigmoid,0,120,,,0,0,0,0.971982046198,0.0280179538024,1,0,0,1049.561104,2.507949
957,948,122496.0,122.496000,15.37818921,128,0,sigmoid,0,120,,,0,0,0,0.97114689262,0.0288531073805,1,0,0,1050.650850,2.507949
958,949,122624.0,122.624000,14.96032703,128,0,sigmoid,0,120,,,0,0,0,0.97242688603,0.0275731139696,1,0,0,1051.745058,2.507949
959,950,122752.0,122.752000,16.66317987,128,0,sigmoid,0,120,,,0,0,0,0.97131433846,0.0286856615402,1,0,0,1052.835077,2.507949
960,951,122880.0,122.880000,14.60009432,128,0,sigmoid,0,120,,,0,0,0,0.972273022691,0.0277269773092,1,0,0,1053.928640,2.507949
961,952,123008.0,123.008000,14.25015879,128,0,sigmoid,0,121,,,0,0,0,0.972794226592,0.0272057734077,1,0,0,1055.016479,2.507949
962,953,123136.0,123.136000,15.63628030,128,0,sigmoid,0,121,,,0,0,0,0.971350398919,0.0286496010807,1,0,0,1056.099398,2.507949
963,954,123264.0,123.264000,17.41352344,128,0,sigmoid,0,121,,,0,0,0,0.9695402793,0.0304597206996,1,0,0,1057.173503,2.507949
964,955,123392.0,123.392000,16.41618407,128,0,sigmoid,0,121,,,0,0,0,0.970998844688,0.0290011553121,1,0,0,1058.243346,2.507949
965,956,123520.0,123.520000,16.89884913,128,0,sigmoid,0,121,,,0,0,0,0.971193403978,0.0288065960222,1,0,0,1059.313186,2.507949
966,957,123648.0,123.648000,17.44091249,128,0,sigmoid,0,121,,,0,0,0,0.970070294487,0.0299297055135,1,0,0,1060.382652,2.507949
967,958,123776.0,123.776000,17.48593736,128,0,sigmoid,0,121,,,0,0,0,0.970134529333,0.0298654706673,1,0,0,1061.447906,2.507949
968,959,123904.0,123.904000,17.31767547,128,0,sigmoid,0,121,,,0,0,0,0.970030162386,0.0299698376136,1,0,0,1062.545407,2.507949
969,960,124032.0,124.032000,17.22626829,128,0,sigmoid,0,122,,,0,0,0,0.970060580273,0.0299394197271,1,0,0,1063.630810,2.507949
970,961,124160.0,124.160000,16.89901078,128,0,sigmoid,0,122,,,0,0,0,0.970746810163,0.0292531898368,1,0,0,1064.718210,2.507949
971,962,124288.0,124.288000,14.38734078,128,0,sigmoid,0,122,,,0,0,0,0.972354738515,0.0276452614854,1,0,0,1065.811760,2.507949
972,963,124416.0,124.416000,15.86233592,128,0,sigmoid,0,122,,,0,0,0,0.970796801318,0.029203198682,1,0,0,1066.901057,2.507949
973,964,124544.0,124.544000,15.73581362,128,0,sigmoid,0,122,,,0,0,0,0.970729022534,0.0292709774656,1,0,0,1067.992376,2.507949
974,965,124672.0,124.672000,15.51201212,128,0,sigmoid,0,122,,,0,0,0,0.971040499857,0.0289595001431,1,0,0,1069.100121,2.507949
975,966,124800.0,124.800000,16.12568688,128,0,sigmoid,0,122,,,0,0,0,0.97154856799,0.02845143201,1,0,0,1070.277144,2.507949
976,967,124928.0,124.928000,16.64906764,128,0,sigmoid,0,122,,,0,0,0,0.970458240197,0.0295417598029,1,0,0,1071.227507,2.507949
977,968,125056.0,125.056000,18.22782147,128,0,sigmoid,0,123,,,0,0,0,0.970472349653,0.0295276503474,1,0,0,1072.180105,2.507949
978,969,125184.0,125.184000,16.24321342,128,0,sigmoid,0,123,,,0,0,0,0.971466594803,0.0285334051966,1,0,0,1073.084372,2.507949
979,970,125312.0,125.312000,14.98862958,128,0,sigmoid,0,123,,,0,0,0,0.970999267212,0.0290007327882,1,0,0,1074.179758,2.507949
980,971,125440.0,125.440000,16.32054412,128,0,sigmoid,0,123,,,0,0,0,0.97034522827,0.0296547717299,1,0,0,1075.266800,2.507949
981,972,125568.0,125.568000,13.78809011,128,0,sigmoid,0,123,,,0,0,0,0.972451701134,0.0275482988665,1,0,0,1076.357028,2.507949
982,973,125696.0,125.696000,16.74382877,128,0,sigmoid,0,123,,,0,0,0,0.970849912665,0.0291500873347,1,0,0,1077.445319,2.507949
983,974,125824.0,125.824000,15.24859548,128,0,sigmoid,0,123,,,0,0,0,0.971329754295,0.028670245705,1,0,0,1078.538054,2.507949
984,975,125952.0,125.952000,16.53233862,128,0,sigmoid,0,123,,,0,0,0,0.969859773672,0.0301402263281,1,0,0,1079.634464,2.507949
985,976,126080.0,126.080000,16.39990187,128,0,sigmoid,0,124,,,0,0,0,0.970581009702,0.0294189902984,1,0,0,1080.721746,2.507949
986,977,126208.0,126.208000,15.69604158,128,0,sigmoid,0,124,,,0,0,0,0.971489795154,0.0285102048457,1,0,0,1081.826695,2.507949
987,978,126336.0,126.336000,15.61483216,128,0,sigmoid,0,124,,,0,0,0,0.9710049455,0.0289950544997,1,0,0,1082.978859,2.507949
988,979,126464.0,126.464000,16.50271583,128,0,sigmoid,0,124,,,0,0,0,0.972053039459,0.0279469605408,1,0,0,1084.074898,2.507949
989,980,126592.0,126.592000,16.55134904,128,0,sigmoid,0,124,,,0,0,0,0.970196351036,0.0298036489639,1,0,0,1085.166020,2.507949
990,981,126720.0,126.720000,16.49190712,128,0,sigmoid,0,124,,,0,0,0,0.971481578456,0.0285184215444,1,0,0,1086.256564,2.507949
991,982,126848.0,126.848000,16.90129364,128,0,sigmoid,0,124,,,0,0,0,0.971254829494,0.0287451705064,1,0,0,1087.408174,2.507949
992,983,126976.0,126.976000,16.87849867,128,0,sigmoid,0,124,,,0,0,0,0.97036458155,0.0296354184496,1,0,0,1088.505306,2.507949
993,984,127104.0,127.104000,15.54978395,128,0,sigmoid,0,125,,,0,0,0,0.971298441975,0.0287015580248,1,0,0,1089.593955,2.507949
994,985,127232.0,127.232000,13.97497153,128,0,sigmoid,0,125,,,0,0,0,0.972794630616,0.0272053693836,1,0,0,1090.685827,2.507949
995,986,127360.0,127.360000,15.57096171,128,0,sigmoid,0,125,,,0,0,0,0.970887386873,0.0291126131266,1,0,0,1091.776428,2.507949
996,987,127488.0,127.488000,16.35531688,128,0,sigmoid,0,125,,,0,0,0,0.970888317906,0.0291116820941,1,0,0,1092.870445,2.507949
997,988,127616.0,127.616000,15.16553569,128,0,sigmoid,0,125,,,0,0,0,0.971487311861,0.0285126881388,1,0,0,1093.958810,2.507949
998,989,127744.0,127.744000,13.34124100,128,0,sigmoid,0,125,,,0,0,0,0.972726839073,0.0272731609273,1,0,0,1095.043004,2.507949
999,990,127872.0,127.872000,16.36615670,128,0,sigmoid,0,125,,,0,0,0,0.969841772916,0.0301582270838,1,0,0,1096.128693,2.507949
1000,991,128000.0,128.000000,13.92345464,128,0,sigmoid,0,125,,,0,0,0,0.973108380413,0.0268916195867,1,0,0,1097.222181,2.507949
1001,992,128128.0,128.128000,15.11202800,128,0,sigmoid,0,126,,,0,0,0,0.971807723951,0.0281922760486,1,0,0,1098.316052,2.507949
1002,993,128256.0,128.256000,15.31719589,128,0,sigmoid,0,126,,,0,0,0,0.972259857131,0.0277401428685,1,0,0,1099.405886,2.507949
1003,994,128384.0,128.384000,14.63222206,128,0,sigmoid,0,126,,,0,0,0,0.971839816716,0.0281601832836,1,0,0,1100.497375,2.507949
1004,995,128512.0,128.512000,14.79657340,128,0,sigmoid,0,126,,,0,0,0,0.972902525596,0.0270974744042,1,0,0,1101.579334,2.507949
1005,996,128640.0,128.640000,14.48121142,128,0,sigmoid,0,126,,,0,0,0,0.972339417482,0.0276605825177,1,0,0,1102.668586,2.507949
1006,997,128768.0,128.768000,15.41381097,128,0,sigmoid,0,126,,,0,0,0,0.971544176527,0.0284558234734,1,0,0,1103.753864,2.507949
1007,998,128896.0,128.896000,15.23136997,128,0,sigmoid,0,126,,,0,0,0,0.971294451312,0.0287055486879,1,0,0,1104.855474,2.507949
1008,999,129024.0,129.024000,14.51107621,128,0,sigmoid,0,126,,,0,0,0,0.971786808752,0.0282131912484,1,0,0,1106.012088,2.507949
1009,1000,129152.0,129.152000,17.01668036,128,0,sigmoid,0,127,,,0,0,0,0.970818111365,0.0291818886347,1,0,0,1107.104262,2.507949
1010,1001,129280.0,129.280000,17.41099811,128,0,sigmoid,0,127,,,0,0,0,0.970350706219,0.0296492937811,1,0,0,1108.191404,2.507949
1011,1002,129408.0,129.408000,17.36673951,128,0,sigmoid,0,127,,,0,0,0,0.971138540627,0.0288614593732,1,0,0,1109.282165,2.507949
1012,1003,129536.0,129.536000,16.92802095,128,0,sigmoid,0,127,,,0,0,0,0.969955294363,0.0300447056368,1,0,0,1110.365577,2.507949
1013,1004,129664.0,129.664000,15.91495550,128,0,sigmoid,0,127,,,0,0,0,0.9714278453,0.0285721547003,1,0,0,1111.451512,2.507949
1014,1005,129792.0,129.792000,15.66689968,128,0,sigmoid,0,127,,,0,0,0,0.971266670809,0.0287333291909,1,0,0,1112.548483,2.507949
1015,1006,129920.0,129.920000,16.31725967,128,0,sigmoid,0,127,,,0,0,0,0.971149291794,0.0288507082062,1,0,0,1113.636969,2.507949
1016,1007,130048.0,130.048000,16.70336604,128,0,sigmoid,0,127,,,0,0,0,0.970214013141,0.0297859868588,1,0,0,1114.720505,2.507949
1017,1008,130176.0,130.176000,16.66380501,128,0,sigmoid,0,128,,,0,0,0,0.970769476112,0.0292305238882,1,0,0,1115.804027,2.507949
1018,1009,130304.0,130.304000,15.61180067,128,0,sigmoid,0,128,,,0,0,0,0.970821601729,0.0291783982715,1,0,0,1116.893024,2.507949
1019,1010,130432.0,130.432000,15.98565292,128,0,sigmoid,0,128,,,0,0,0,0.970429771011,0.0295702289889,1,0,0,1117.976143,2.507949
1020,1011,130560.0,130.560000,14.40329301,128,0,sigmoid,0,128,,,0,0,0,0.97152735758,0.0284726424203,1,0,0,1119.057028,2.507949
1021,1012,130688.0,130.688000,15.92323232,128,0,sigmoid,0,128,,,0,0,0,0.971218087956,0.0287819120437,1,0,0,1120.138713,2.507949
1022,1013,130816.0,130.816000,17.20059431,128,0,sigmoid,0,128,,,0,0,0,0.969697488299,0.0303025117011,1,0,0,1121.275519,2.507949
1023,1014,130944.0,130.944000,15.48480558,128,0,sigmoid,0,128,,,0,0,0,0.971566984129,0.0284330158706,1,0,0,1122.357662,2.507949
1024,1015,131072.0,131.072000,15.34996903,128,0,sigmoid,0,128,,,0,0,0,0.971641753271,0.0283582467292,1,0,0,1123.494918,2.507949
1025,1016,131200.0,131.200000,16.35062933,128,0,sigmoid,0,129,,,0,0,0,0.97186862467,0.0281313753304,1,0,0,1124.568911,2.507949
1026,1017,131328.0,131.328000,14.49252224,128,0,sigmoid,0,129,,,0,0,0,0.972183122841,0.0278168771586,1,0,0,1128.250688,2.507949
1027,1018,131456.0,131.456000,16.06232905,128,0,sigmoid,0,129,,,0,0,0,0.970848530267,0.0291514697333,1,0,0,1129.350218,2.507949
1028,1019,131584.0,131.584000,15.61126077,128,0,sigmoid,0,129,,,0,0,0,0.971407443686,0.0285925563135,1,0,0,1130.440780,2.507949
1029,1020,131712.0,131.712000,16.53060949,128,0,sigmoid,0,129,,,0,0,0,0.971813715245,0.0281862847548,1,0,0,1131.533427,2.507949
1030,1021,131840.0,131.840000,16.21992254,128,0,sigmoid,0,129,,,0,0,0,0.971353176064,0.0286468239357,1,0,0,1132.620107,2.507949
1031,1022,131968.0,131.968000,16.81318092,128,0,sigmoid,0,129,,,0,0,0,0.969922426309,0.0300775736909,1,0,0,1133.706430,2.507949
1032,1023,132096.0,132.096000,15.73492384,128,0,sigmoid,0,129,,,0,0,0,0.971395208702,0.0286047912977,1,0,0,1134.794689,2.507949
1033,1024,132224.0,132.224000,14.06363118,128,0,sigmoid,0,130,,,0,0,0,0.972702644856,0.0272973551435,1,0,0,1135.886058,2.507949
1034,1025,132352.0,132.352000,15.85189426,128,0,sigmoid,0,130,,,0,0,0,0.970306026272,0.0296939737284,1,0,0,1136.974127,2.507949
1035,1026,132480.0,132.480000,14.50530565,128,0,sigmoid,0,130,,,0,0,0,0.972254201508,0.0277457984924,1,0,0,1138.058641,2.507949
1036,1027,132608.0,132.608000,16.20524406,128,0,sigmoid,0,130,,,0,0,0,0.972082031676,0.027917968324,1,0,0,1139.145432,2.507949
1037,1028,132736.0,132.736000,17.00383127,128,0,sigmoid,0,130,,,0,0,0,0.970750837421,0.0292491625793,1,0,0,1140.233179,2.507949
1038,1029,132864.0,132.864000,15.60073841,128,0,sigmoid,0,130,,,0,0,0,0.972287142384,0.027712857616,1,0,0,1141.320314,2.507949
1039,1030,132992.0,132.992000,16.88034689,128,0,sigmoid,0,130,,,0,0,0,0.96964547274,0.0303545272601,1,0,0,1142.408283,2.507949
1040,1031,133120.0,133.120000,15.24481642,128,0,sigmoid,0,130,,,0,0,0,0.971484011828,0.0285159881716,1,0,0,1143.496974,2.507949
1041,1032,133248.0,133.248000,15.19944525,128,0,sigmoid,0,131,,,0,0,0,0.970852665669,0.0291473343306,1,0,0,1144.580684,2.507949
1042,1033,133376.0,133.376000,15.00289869,128,0,sigmoid,0,131,,,0,0,0,0.973107713531,0.0268922864689,1,0,0,1145.670894,2.507949
1043,1034,133504.0,133.504000,14.47442019,128,0,sigmoid,0,131,,,0,0,0,0.972042941567,0.027957058433,1,0,0,1146.764857,2.507949
1044,1035,133632.0,133.632000,15.42081797,128,0,sigmoid,0,131,,,0,0,0,0.972406669324,0.0275933306761,1,0,0,1147.848151,2.507949
1045,1036,133760.0,133.760000,16.35529399,128,0,sigmoid,0,131,,,0,0,0,0.971032207202,0.0289677927978,1,0,0,1148.936987,2.507949
1046,1037,133888.0,133.888000,14.20808649,128,0,sigmoid,0,131,,,0,0,0,0.972043992215,0.0279560077851,1,0,0,1150.022411,2.507949
1047,1038,134016.0,134.016000,16.62906063,128,0,sigmoid,0,131,,,0,0,0,0.970846202342,0.0291537976579,1,0,0,1151.107382,2.507949
1048,1039,134144.0,134.144000,15.56625009,128,0,sigmoid,0,131,,,0,0,0,0.97147332167,0.0285266783298,1,0,0,1152.164552,2.507949
1049,1040,134272.0,134.272000,15.13422120,128,0,sigmoid,0,132,,,0,0,0,0.971879341161,0.0281206588392,1,0,0,1153.224321,2.507949
1050,1041,134400.0,134.400000,18.31486773,128,0,sigmoid,0,132,,,0,0,0,0.969548637693,0.0304513623069,1,0,0,1154.254849,2.507949
1051,1042,134528.0,134.528000,15.41876090,128,0,sigmoid,0,132,,,0,0,0,0.971324556808,0.0286754431924,1,0,0,1155.296254,2.507949
1052,1043,134656.0,134.656000,14.04231131,128,0,sigmoid,0,132,,,0,0,0,0.971915887129,0.0280841128706,1,0,0,1156.336838,2.507949
1053,1044,134784.0,134.784000,16.27490616,128,0,sigmoid,0,132,,,0,0,0,0.971081998278,0.0289180017219,1,0,0,1157.383094,2.507949
1054,1045,134912.0,134.912000,15.72112250,128,0,sigmoid,0,132,,,0,0,0,0.970293821019,0.0297061789809,1,0,0,1158.427670,2.507949
1055,1046,135040.0,135.040000,17.41639233,128,0,sigmoid,0,132,,,0,0,0,0.970256289397,0.0297437106031,1,0,0,1159.539757,2.507949
1056,1047,135168.0,135.168000,13.97990203,128,0,sigmoid,0,132,,,0,0,0,0.971595691346,0.0284043086543,1,0,0,1160.630588,2.507949
1057,1048,135296.0,135.296000,15.67726362,128,0,sigmoid,0,133,,,0,0,0,0.971058455803,0.0289415441971,1,0,0,1161.713801,2.507949
1058,1049,135424.0,135.424000,15.29310167,128,0,sigmoid,0,133,,,0,0,0,0.971089188467,0.028910811533,1,0,0,1162.815507,2.507949
1059,1050,135552.0,135.552000,14.70135105,128,0,sigmoid,0,133,,,0,0,0,0.970876060928,0.0291239390721,1,0,0,1163.903325,2.507949
1060,1051,135680.0,135.680000,15.40940952,128,0,sigmoid,0,133,,,0,0,0,0.97123414918,0.02876585082,1,0,0,1164.989478,2.507949
1061,1052,135808.0,135.808000,16.26970398,128,0,sigmoid,0,133,,,0,0,0,0.970453854008,0.0295461459922,1,0,0,1166.084371,2.507949
1062,1053,135936.0,135.936000,16.58406007,128,0,sigmoid,0,133,,,0,0,0,0.971096376332,0.0289036236679,1,0,0,1167.181542,2.507949
1063,1054,136064.0,136.064000,14.38406336,128,0,sigmoid,0,133,,,0,0,0,0.972031861678,0.027968138322,1,0,0,1168.267710,2.507949
1064,1055,136192.0,136.192000,16.80980992,128,0,sigmoid,0,133,,,0,0,0,0.971564979132,0.0284350208683,1,0,0,1169.355829,2.507949
1065,1056,136320.0,136.320000,14.92321885,128,0,sigmoid,0,134,,,0,0,0,0.971184288704,0.0288157112965,1,0,0,1170.440260,2.507949
1066,1057,136448.0,136.448000,15.02772677,128,0,sigmoid,0,134,,,0,0,0,0.971795208159,0.0282047918408,1,0,0,1171.526469,2.507949
1067,1058,136576.0,136.576000,14.41137981,128,0,sigmoid,0,134,,,0,0,0,0.972819900587,0.0271800994126,1,0,0,1172.613782,2.507949
1068,1059,136704.0,136.704000,17.70698667,128,0,sigmoid,0,134,,,0,0,0,0.969281428453,0.0307185715473,1,0,0,1173.654870,2.507949
1069,1060,136832.0,136.832000,14.67705703,128,0,sigmoid,0,134,,,0,0,0,0.971810412179,0.0281895878207,1,0,0,1174.701740,2.507949
1070,1061,136960.0,136.960000,17.66378248,128,0,sigmoid,0,134,,,0,0,0,0.96915704731,0.03084295269,1,0,0,1175.776755,2.507949
1071,1062,137088.0,137.088000,16.13804972,128,0,sigmoid,0,134,,,0,0,0,0.97104167617,0.0289583238297,1,0,0,1176.823397,2.507949
1072,1063,137216.0,137.216000,15.06652653,128,0,sigmoid,0,134,,,0,0,0,0.971236318226,0.028763681774,1,0,0,1177.852647,2.507949
1073,1064,137344.0,137.344000,16.25695348,128,0,sigmoid,0,135,,,0,0,0,0.969842629496,0.0301573705037,1,0,0,1178.887512,2.507949
1074,1065,137472.0,137.472000,16.07294858,128,0,sigmoid,0,135,,,0,0,0,0.971682046837,0.0283179531635,1,0,0,1179.918431,2.507949
1075,1066,137600.0,137.600000,16.63812411,128,0,sigmoid,0,135,,,0,0,0,0.970554718629,0.0294452813713,1,0,0,1180.957586,2.507949
1076,1067,137728.0,137.728000,14.65710759,128,0,sigmoid,0,135,,,0,0,0,0.971561167732,0.0284388322677,1,0,0,1182.007160,2.507949
1077,1068,137856.0,137.856000,16.63950467,128,0,sigmoid,0,135,,,0,0,0,0.969813165556,0.0301868344442,1,0,0,1183.042639,2.507949
1078,1069,137984.0,137.984000,15.85609043,128,0,sigmoid,0,135,,,0,0,0,0.971282097981,0.0287179020185,1,0,0,1184.075791,2.507949
1079,1070,138112.0,138.112000,17.16093040,128,0,sigmoid,0,135,,,0,0,0,0.969669470189,0.0303305298108,1,0,0,1185.126922,2.507949
1080,1071,138240.0,138.240000,16.53557456,128,0,sigmoid,0,135,,,0,0,0,0.971433777956,0.0285662220439,1,0,0,1186.208585,2.507949
1081,1072,138368.0,138.368000,17.74826396,128,0,sigmoid,0,136,,,0,0,0,0.970288683008,0.029711316992,1,0,0,1187.250312,2.507949
1082,1073,138496.0,138.496000,15.54615486,128,0,sigmoid,0,136,,,0,0,0,0.971949982814,0.0280500171858,1,0,0,1188.335491,2.507949
1083,1074,138624.0,138.624000,14.72006500,128,0,sigmoid,0,136,,,0,0,0,0.970515882771,0.0294841172295,1,0,0,1189.423738,2.507949
1084,1075,138752.0,138.752000,15.55908334,128,0,sigmoid,0,136,,,0,0,0,0.972179753812,0.0278202461876,1,0,0,1190.517604,2.507949
1085,1076,138880.0,138.880000,16.52970135,128,0,sigmoid,0,136,,,0,0,0,0.970504448642,0.0294955513576,1,0,0,1191.569939,2.507949
1086,1077,139008.0,139.008000,15.93454981,128,0,sigmoid,0,136,,,0,0,0,0.97073240901,0.0292675909897,1,0,0,1192.599482,2.507949
1087,1078,139136.0,139.136000,14.76935780,128,0,sigmoid,0,136,,,0,0,0,0.971538596251,0.0284614037491,1,0,0,1193.636149,2.507949
1088,1079,139264.0,139.264000,16.28053629,128,0,sigmoid,0,136,,,0,0,0,0.970805932511,0.0291940674888,1,0,0,1194.680365,2.507949
1089,1080,139392.0,139.392000,17.58343267,128,0,sigmoid,0,137,,,0,0,0,0.970742673993,0.0292573260071,1,0,0,1195.722247,2.507949
1090,1081,139520.0,139.520000,16.86253679,128,0,sigmoid,0,137,,,0,0,0,0.970779960851,0.0292200391485,1,0,0,1196.791302,2.507949
1091,1082,139648.0,139.648000,13.78313971,128,0,sigmoid,0,137,,,0,0,0,0.973197124445,0.0268028755548,1,0,0,1197.822339,2.507949
1092,1083,139776.0,139.776000,16.34853339,128,0,sigmoid,0,137,,,0,0,0,0.970221478334,0.0297785216659,1,0,0,1198.911227,2.507949
1093,1084,139904.0,139.904000,17.47130978,128,0,sigmoid,0,137,,,0,0,0,0.969492451294,0.0305075487065,1,0,0,1200.015046,2.507949
1094,1085,140032.0,140.032000,14.94225931,128,0,sigmoid,0,137,,,0,0,0,0.97233239912,0.0276676008803,1,0,0,1201.101689,2.507949
1095,1086,140160.0,140.160000,16.26577282,128,0,sigmoid,0,137,,,0,0,0,0.970881558178,0.0291184418221,1,0,0,1202.184666,2.507949
1096,1087,140288.0,140.288000,15.03118491,128,0,sigmoid,0,137,,,0,0,0,0.97136986668,0.0286301333201,1,0,0,1203.272293,2.507949
1097,1088,140416.0,140.416000,15.21520340,128,0,sigmoid,0,138,,,0,0,0,0.971975049293,0.0280249507066,1,0,0,1204.361106,2.507949
1098,1089,140544.0,140.544000,16.02515066,128,0,sigmoid,0,138,,,0,0,0,0.970717471493,0.0292825285074,1,0,0,1205.453163,2.507949
1099,1090,140672.0,140.672000,16.41358995,128,0,sigmoid,0,138,,,0,0,0,0.970894983325,0.0291050166755,1,0,0,1206.547105,2.507949
1100,1091,140800.0,140.800000,16.78570175,128,0,sigmoid,0,138,,,0,0,0,0.971168654881,0.028831345119,1,0,0,1207.639465,2.507949
1101,1092,140928.0,140.928000,16.31215358,128,0,sigmoid,0,138,,,0,0,0,0.969753609883,0.0302463901171,1,0,0,1208.719639,2.507949
1102,1093,141056.0,141.056000,15.22486687,128,0,sigmoid,0,138,,,0,0,0,0.972296422973,0.0277035770274,1,0,0,1209.801768,2.507949
1103,1094,141184.0,141.184000,15.17712045,128,0,sigmoid,0,138,,,0,0,0,0.971779574112,0.0282204258876,1,0,0,1210.881284,2.507949
1104,1095,141312.0,141.312000,15.82786357,128,0,sigmoid,0,138,,,0,0,0,0.972046890846,0.0279531091538,1,0,0,1211.965374,2.507949
1105,1096,141440.0,141.440000,16.13135338,128,0,sigmoid,0,139,,,0,0,0,0.969082343517,0.0309176564832,1,0,0,1213.051996,2.507949
1106,1097,141568.0,141.568000,15.96875536,128,0,sigmoid,0,139,,,0,0,0,0.971670108995,0.0283298910047,1,0,0,1214.136232,2.507949
1107,1098,141696.0,141.696000,17.59507394,128,0,sigmoid,0,139,,,0,0,0,0.970549876554,0.0294501234456,1,0,0,1215.215202,2.507949
1108,1099,141824.0,141.824000,15.70296836,128,0,sigmoid,0,139,,,0,0,0,0.972319672177,0.0276803278235,1,0,0,1216.325756,2.507949
1109,1100,141952.0,141.952000,16.18489313,128,0,sigmoid,0,139,,,0,0,0,0.971784291727,0.028215708273,1,0,0,1217.417640,2.507949
1110,1101,142080.0,142.080000,15.29176950,128,0,sigmoid,0,139,,,0,0,0,0.971968457398,0.0280315426019,1,0,0,1218.501727,2.507949
1111,1102,142208.0,142.208000,17.21355200,128,0,sigmoid,0,139,,,0,0,0,0.969825550256,0.0301744497439,1,0,0,1219.606171,2.507949
1112,1103,142336.0,142.336000,16.91127574,128,0,sigmoid,0,139,,,0,0,0,0.97098204988,0.0290179501199,1,0,0,1220.724435,2.507949
1113,1104,142464.0,142.464000,17.07712138,128,0,sigmoid,0,140,,,0,0,0,0.971179498648,0.0288205013515,1,0,0,1221.809790,2.507949
1114,1105,142592.0,142.592000,17.01290345,128,0,sigmoid,0,140,,,0,0,0,0.970868754524,0.0291312454762,1,0,0,1222.897572,2.507949
1115,1106,142720.0,142.720000,16.89904058,128,0,sigmoid,0,140,,,0,0,0,0.970330418868,0.0296695811323,1,0,0,1223.994744,2.507949
1116,1107,142848.0,142.848000,16.19999504,128,0,sigmoid,0,140,,,0,0,0,0.97143869042,0.02856130958,1,0,0,1225.099738,2.507949
1117,1108,142976.0,142.976000,17.24459028,128,0,sigmoid,0,140,,,0,0,0,0.971165417287,0.0288345827131,1,0,0,1226.203642,2.507949
1118,1109,143104.0,143.104000,15.94229376,128,0,sigmoid,0,140,,,0,0,0,0.971106479842,0.028893520158,1,0,0,1227.310998,2.507949
1119,1110,143232.0,143.232000,15.84679544,128,0,sigmoid,0,140,,,0,0,0,0.971232920737,0.0287670792628,1,0,0,1228.392718,2.507949
1120,1111,143360.0,143.360000,16.29493892,128,0,sigmoid,0,140,,,0,0,0,0.971332909222,0.0286670907784,1,0,0,1229.442058,2.507949
1121,1112,143488.0,143.488000,16.37582171,128,0,sigmoid,0,141,,,0,0,0,0.970881783429,0.0291182165713,1,0,0,1230.556005,2.507949
1122,1113,143616.0,143.616000,15.82724881,128,0,sigmoid,0,141,,,0,0,0,0.971307231525,0.0286927684751,1,0,0,1231.589507,2.507949
1123,1114,143744.0,143.744000,16.73140705,128,0,sigmoid,0,141,,,0,0,0,0.97004880621,0.0299511937902,1,0,0,1232.629350,2.507949
1124,1115,143872.0,143.872000,15.54116869,128,0,sigmoid,0,141,,,0,0,0,0.971639128282,0.0283608717185,1,0,0,1233.678663,2.507949
1125,1116,144000.0,144.000000,15.43113935,128,0,sigmoid,0,141,,,0,0,0,0.971274014959,0.0287259850413,1,0,0,1234.714684,2.507949
1126,1117,144128.0,144.128000,16.04674280,128,0,sigmoid,0,141,,,0,0,0,0.971797064644,0.0282029353557,1,0,0,1235.758650,2.507949
1127,1118,144256.0,144.256000,15.36200726,128,0,sigmoid,0,141,,,0,0,0,0.972202880734,0.027797119266,1,0,0,1236.813727,2.507949
1128,1119,144384.0,144.384000,14.80445540,128,0,sigmoid,0,141,,,0,0,0,0.971825257805,0.028174742195,1,0,0,1237.857607,2.507949
1129,1120,144512.0,144.512000,16.53672767,128,0,sigmoid,0,142,,,0,0,0,0.970975998831,0.0290240011694,1,0,0,1238.915364,2.507949
1130,1121,144640.0,144.640000,16.48792720,128,0,sigmoid,0,142,,,0,0,0,0.969985645179,0.0300143548208,1,0,0,1239.968851,2.507949
1131,1122,144768.0,144.768000,17.05504000,128,0,sigmoid,0,142,,,0,0,0,0.969978542156,0.030021457844,1,0,0,1241.016333,2.507949
1132,1123,144896.0,144.896000,14.49717569,128,0,sigmoid,0,142,,,0,0,0,0.972737215139,0.0272627848614,1,0,0,1242.114655,2.507949
1133,1124,145024.0,145.024000,15.29522538,128,0,sigmoid,0,142,,,0,0,0,0.97265263512,0.0273473648802,1,0,0,1243.195455,2.507949
1134,1125,145152.0,145.152000,15.41221476,128,0,sigmoid,0,142,,,0,0,0,0.970662153672,0.0293378463281,1,0,0,1244.272369,2.507949
1135,1126,145280.0,145.280000,16.50753427,128,0,sigmoid,0,142,,,0,0,0,0.971035509751,0.0289644902493,1,0,0,1245.350888,2.507949
1136,1127,145408.0,145.408000,16.70025766,128,0,sigmoid,0,142,,,0,0,0,0.970223300813,0.0297766991867,1,0,0,1246.433854,2.507949
1137,1128,145536.0,145.536000,15.21255827,128,0,sigmoid,0,143,,,0,0,0,0.97282818276,0.0271718172396,1,0,0,1247.513011,2.507949
1138,1129,145664.0,145.664000,17.20490062,128,0,sigmoid,0,143,,,0,0,0,0.970260403619,0.0297395963806,1,0,0,1248.596245,2.507949
1139,1130,145792.0,145.792000,15.62435794,128,0,sigmoid,0,143,,,0,0,0,0.971151866955,0.0288481330448,1,0,0,1249.681287,2.507949
1140,1131,145920.0,145.920000,15.55303252,128,0,sigmoid,0,143,,,0,0,0,0.970826713613,0.0291732863872,1,0,0,1250.754432,2.507949
1141,1132,146048.0,146.048000,16.57616794,128,0,sigmoid,0,143,,,0,0,0,0.970384040622,0.029615959378,1,0,0,1251.824738,2.507949
1142,1133,146176.0,146.176000,16.35214758,128,0,sigmoid,0,143,,,0,0,0,0.971908748419,0.0280912515807,1,0,0,1252.887724,2.507949
1143,1134,146304.0,146.304000,16.42237806,128,0,sigmoid,0,143,,,0,0,0,0.97084705596,0.0291529440402,1,0,0,1253.956781,2.507949
1144,1135,146432.0,146.432000,14.88905740,128,0,sigmoid,0,143,,,0,0,0,0.973520075462,0.0264799245377,1,0,0,1255.022169,2.507949
1145,1136,146560.0,146.560000,15.39729571,128,0,sigmoid,0,144,,,0,0,0,0.973454261704,0.0265457382964,1,0,0,1256.090753,2.507949
1146,1137,146688.0,146.688000,15.67267048,128,0,sigmoid,0,144,,,0,0,0,0.970575675452,0.0294243245482,1,0,0,1257.188630,2.507949
1147,1138,146816.0,146.816000,16.38555086,128,0,sigmoid,0,144,,,0,0,0,0.970940922276,0.0290590777236,1,0,0,1258.264746,2.507949
1148,1139,146944.0,146.944000,14.92988300,128,0,sigmoid,0,144,,,0,0,0,0.97055012032,0.0294498796803,1,0,0,1259.345837,2.507949
1149,1140,147072.0,147.072000,14.74994045,128,0,sigmoid,0,144,,,0,0,0,0.972030351474,0.027969648526,1,0,0,1260.443457,2.507949
1150,1141,147200.0,147.200000,15.20103490,128,0,sigmoid,0,144,,,0,0,0,0.972790915444,0.0272090845561,1,0,0,1261.534420,2.507949
1151,1142,147328.0,147.328000,17.71969032,128,0,sigmoid,0,144,,,0,0,0,0.969620873257,0.030379126743,1,0,0,1262.627290,2.507949
1152,1143,147456.0,147.456000,14.13388777,128,0,sigmoid,0,144,,,0,0,0,0.972486378697,0.0275136213025,1,0,0,1263.708530,2.507949
1153,1144,147584.0,147.584000,16.78521085,128,0,sigmoid,0,145,,,0,0,0,0.969026062377,0.0309739376231,1,0,0,1264.790418,2.507949
1154,1145,147712.0,147.712000,16.15766120,128,0,sigmoid,0,145,,,0,0,0,0.970798668887,0.0292013311125,1,0,0,1265.873972,2.507949
1155,1146,147840.0,147.840000,16.48107445,128,0,sigmoid,0,145,,,0,0,0,0.970573641858,0.0294263581424,1,0,0,1266.961763,2.507949
1156,1147,147968.0,147.968000,16.59818673,128,0,sigmoid,0,145,,,0,0,0,0.970949639974,0.0290503600256,1,0,0,1268.051600,2.507949
1157,1148,148096.0,148.096000,17.56051457,128,0,sigmoid,0,145,,,0,0,0,0.970061854644,0.0299381453557,1,0,0,1269.133141,2.507949
1158,1149,148224.0,148.224000,14.56682467,128,0,sigmoid,0,145,,,0,0,0,0.971657755996,0.0283422440038,1,0,0,1270.211830,2.507949
1159,1150,148352.0,148.352000,17.05464613,128,0,sigmoid,0,145,,,0,0,0,0.969929722497,0.0300702775029,1,0,0,1271.298781,2.507949
1160,1151,148480.0,148.480000,16.61677766,128,0,sigmoid,0,145,,,0,0,0,0.971727573663,0.0282724263366,1,0,0,1272.379675,2.507949
1161,1152,148608.0,148.608000,16.23902142,128,0,sigmoid,0,146,,,0,0,0,0.971343262993,0.0286567370068,1,0,0,1273.464026,2.507949
1162,1153,148736.0,148.736000,14.78621328,128,0,sigmoid,0,146,,,0,0,0,0.973162278169,0.0268377218311,1,0,0,1274.548684,2.507949
1163,1154,148864.0,148.864000,16.09409606,128,0,sigmoid,0,146,,,0,0,0,0.970840877063,0.0291591229366,1,0,0,1275.629961,2.507949
1164,1155,148992.0,148.992000,16.76664615,128,0,sigmoid,0,146,,,0,0,0,0.970946731922,0.0290532680784,1,0,0,1276.722042,2.507949
1165,1156,149120.0,149.120000,15.98512864,128,0,sigmoid,0,146,,,0,0,0,0.970899699272,0.029100300728,1,0,0,1277.797718,2.507949
1166,1157,149248.0,149.248000,16.32973695,128,0,sigmoid,0,146,,,0,0,0,0.970557923984,0.0294420760164,1,0,0,1278.862887,2.507949
1167,1158,149376.0,149.376000,16.64419758,128,0,sigmoid,0,146,,,0,0,0,0.971976885495,0.0280231145045,1,0,0,1279.933577,2.507949
1168,1159,149504.0,149.504000,15.02896786,128,0,sigmoid,0,146,,,0,0,0,0.971884762556,0.028115237444,1,0,0,1281.000172,2.507949
1169,1160,149632.0,149.632000,16.32418501,128,0,sigmoid,0,147,,,0,0,0,0.97071601879,0.0292839812095,1,0,0,1282.068835,2.507949
1170,1161,149760.0,149.760000,14.60000551,128,0,sigmoid,0,147,,,0,0,0,0.972783310714,0.0272166892856,1,0,0,1283.136619,2.507949
1171,1162,149888.0,149.888000,16.17099631,128,0,sigmoid,0,147,,,0,0,0,0.97004645365,0.0299535463498,1,0,0,1284.204953,2.507949
1172,1163,150016.0,150.016000,16.32137334,128,0,sigmoid,0,147,,,0,0,0,0.971126078552,0.0288739214479,1,0,0,1285.276124,2.507949
1173,1164,150144.0,150.144000,15.37661028,128,0,sigmoid,0,147,,,0,0,0,0.971268099958,0.028731900042,1,0,0,1286.341578,2.507949
1174,1165,150272.0,150.272000,15.86434448,128,0,sigmoid,0,147,,,0,0,0,0.970121850715,0.0298781492848,1,0,0,1287.408016,2.507949
1175,1166,150400.0,150.400000,15.26342058,128,0,sigmoid,0,147,,,0,0,0,0.973027668793,0.0269723312066,1,0,0,1288.469213,2.507949
1176,1167,150528.0,150.528000,16.29334581,128,0,sigmoid,0,147,,,0,0,0,0.970893989581,0.0291060104188,1,0,0,1289.539676,2.507949
1177,1168,150656.0,150.656000,15.69238341,128,0,sigmoid,0,148,,,0,0,0,0.971470857799,0.0285291422014,1,0,0,1290.605750,2.507949
1178,1169,150784.0,150.784000,13.30131710,128,0,sigmoid,0,148,,,0,0,0,0.973152375025,0.0268476249747,1,0,0,1291.671913,2.507949
1179,1170,150912.0,150.912000,14.50648189,128,0,sigmoid,0,148,,,0,0,0,0.971215346309,0.0287846536911,1,0,0,1292.741476,2.507949
1180,1171,151040.0,151.040000,16.67931080,128,0,sigmoid,0,148,,,0,0,0,0.969831510429,0.0301684895715,1,0,0,1293.806147,2.507949
1181,1172,151168.0,151.168000,16.13697112,128,0,sigmoid,0,148,,,0,0,0,0.97056542949,0.0294345705101,1,0,0,1294.872128,2.507949
1182,1173,151296.0,151.296000,15.63075328,128,0,sigmoid,0,148,,,0,0,0,0.97135886539,0.0286411346102,1,0,0,1295.940143,2.507949
1183,1174,151424.0,151.424000,15.70543039,128,0,sigmoid,0,148,,,0,0,0,0.970650288802,0.0293497111984,1,0,0,1297.006167,2.507949
1184,1175,151552.0,151.552000,16.42586565,128,0,sigmoid,0,148,,,0,0,0,0.970722838622,0.0292771613776,1,0,0,1298.073994,2.507949
1185,1176,151680.0,151.680000,15.01726842,128,0,sigmoid,0,149,,,0,0,0,0.972097436012,0.027902563988,1,0,0,1299.137588,2.507949
1186,1177,151808.0,151.808000,15.38161385,128,0,sigmoid,0,149,,,0,0,0,0.972851565644,0.0271484343564,1,0,0,1300.206301,2.507949
1187,1178,151936.0,151.936000,15.60275257,128,0,sigmoid,0,149,,,0,0,0,0.97051945617,0.0294805438305,1,0,0,1301.274992,2.507949
1188,1179,152064.0,152.064000,15.62605119,128,0,sigmoid,0,149,,,0,0,0,0.970992188822,0.029007811178,1,0,0,1302.339287,2.507949
1189,1180,152192.0,152.192000,17.49746358,128,0,sigmoid,0,149,,,0,0,0,0.970481303188,0.0295186968115,1,0,0,1303.405623,2.507949
1190,1181,152320.0,152.320000,14.57014036,128,0,sigmoid,0,149,,,0,0,0,0.973152921988,0.0268470780117,1,0,0,1304.484171,2.507949
1191,1182,152448.0,152.448000,14.28280699,128,0,sigmoid,0,149,,,0,0,0,0.971384854855,0.0286151451454,1,0,0,1305.573389,2.507949
1192,1183,152576.0,152.576000,16.85328054,128,0,sigmoid,0,149,,,0,0,0,0.969736158819,0.0302638411806,1,0,0,1306.659733,2.507949
1193,1184,152704.0,152.704000,16.06627178,128,0,sigmoid,0,150,,,0,0,0,0.970503841676,0.0294961583239,1,0,0,1307.740902,2.507949
1194,1185,152832.0,152.832000,16.51772583,128,0,sigmoid,0,150,,,0,0,0,0.970981812889,0.0290181871106,1,0,0,1308.828472,2.507949
1195,1186,152960.0,152.960000,15.49236894,128,0,sigmoid,0,150,,,0,0,0,0.972547293328,0.0274527066717,1,0,0,1309.924563,2.507949
1196,1187,153088.0,153.088000,17.49021327,128,0,sigmoid,0,150,,,0,0,0,0.970819425624,0.029180574376,1,0,0,1311.010467,2.507949
1197,1188,153216.0,153.216000,15.80327761,128,0,sigmoid,0,150,,,0,0,0,0.970856065936,0.0291439340644,1,0,0,1312.098279,2.507949
1198,1189,153344.0,153.344000,15.64711845,128,0,sigmoid,0,150,,,0,0,0,0.970741779944,0.029258220056,1,0,0,1313.185201,2.507949
1199,1190,153472.0,153.472000,15.31845009,128,0,sigmoid,0,150,,,0,0,0,0.970509819602,0.0294901803985,1,0,0,1314.269572,2.507949
1200,1191,153600.0,153.600000,16.44660044,128,0,sigmoid,0,150,,,0,0,0,0.971050647387,0.0289493526127,1,0,0,1315.358843,2.507949
1201,1192,153728.0,153.728000,14.68277621,128,0,sigmoid,0,151,,,0,0,0,0.971877197157,0.0281228028432,1,0,0,1316.451674,2.507949
1202,1193,153856.0,153.856000,15.65128136,128,0,sigmoid,0,151,,,0,0,0,0.971264956456,0.0287350435445,1,0,0,1317.537493,2.507949
1203,1194,153984.0,153.984000,15.70133770,128,0,sigmoid,0,151,,,0,0,0,0.971429925181,0.0285700748192,1,0,0,1318.622506,2.507949
1204,1195,154112.0,154.112000,16.27443314,128,0,sigmoid,0,151,,,0,0,0,0.971135437886,0.0288645621139,1,0,0,1319.707908,2.507949
1205,1196,154240.0,154.240000,16.03764284,128,0,sigmoid,0,151,,,0,0,0,0.970893413002,0.029106586998,1,0,0,1320.794179,2.507949
1206,1197,154368.0,154.368000,14.06772888,128,0,sigmoid,0,151,,,0,0,0,0.972582558948,0.0274174410524,1,0,0,1321.882301,2.507949
1207,1198,154496.0,154.496000,16.48859727,128,0,sigmoid,0,151,,,0,0,0,0.9718036969,0.0281963031,1,0,0,1322.967886,2.507949
1208,1199,154624.0,154.624000,15.06159961,128,0,sigmoid,0,151,,,0,0,0,0.971725385042,0.0282746149585,1,0,0,1324.056248,2.507949
1209,1200,154752.0,154.752000,16.69052589,128,0,sigmoid,0,152,,,0,0,0,0.971362416656,0.0286375833445,1,0,0,1325.141186,2.507949
1210,1201,154880.0,154.880000,15.97920704,128,0,sigmoid,0,152,,,0,0,0,0.971916480963,0.028083519037,1,0,0,1326.228656,2.507949
1211,1202,155008.0,155.008000,14.56113780,128,0,sigmoid,0,152,,,0,0,0,0.973535730486,0.0264642695144,1,0,0,1327.316696,2.507949
1212,1203,155136.0,155.136000,15.42997181,128,0,sigmoid,0,152,,,0,0,0,0.972251361864,0.0277486381364,1,0,0,1328.404280,2.507949
1213,1204,155264.0,155.264000,15.51471961,128,0,sigmoid,0,152,,,0,0,0,0.970573659671,0.0294263403285,1,0,0,1329.490832,2.507949
1214,1205,155392.0,155.392000,17.07842195,128,0,sigmoid,0,152,,,0,0,0,0.970445928112,0.0295540718882,1,0,0,1330.576751,2.507949
1215,1206,155520.0,155.520000,15.06202495,128,0,sigmoid,0,152,,,0,0,0,0.971541344459,0.028458655541,1,0,0,1331.658308,2.507949
1216,1207,155648.0,155.648000,16.25350261,128,0,sigmoid,0,152,,,0,0,0,0.971491500064,0.0285084999356,1,0,0,1332.752299,2.507949
1217,1208,155776.0,155.776000,16.61557937,128,0,sigmoid,0,153,,,0,0,0,0.969990536203,0.0300094637974,1,0,0,1333.840395,2.507949
1218,1209,155904.0,155.904000,15.59002781,128,0,sigmoid,0,153,,,0,0,0,0.97189399853,0.0281060014696,1,0,0,1334.923762,2.507949
1219,1210,156032.0,156.032000,14.95667791,128,0,sigmoid,0,153,,,0,0,0,0.971566043712,0.0284339562884,1,0,0,1336.004148,2.507949
1220,1211,156160.0,156.160000,14.72019172,128,0,sigmoid,0,153,,,0,0,0,0.971476244719,0.0285237552809,1,0,0,1337.088531,2.507949
1221,1212,156288.0,156.288000,16.98972571,128,0,sigmoid,0,153,,,0,0,0,0.969331655704,0.0306683442962,1,0,0,1338.172722,2.507949
1222,1213,156416.0,156.416000,15.28468430,128,0,sigmoid,0,153,,,0,0,0,0.972689543846,0.0273104561542,1,0,0,1339.250721,2.507949
1223,1214,156544.0,156.544000,17.23522127,128,0,sigmoid,0,153,,,0,0,0,0.969801326402,0.0301986735983,1,0,0,1340.331380,2.507949
1224,1215,156672.0,156.672000,17.02149260,128,0,sigmoid,0,153,,,0,0,0,0.970644174439,0.0293558255615,1,0,0,1341.422060,2.507949
1225,1216,156800.0,156.800000,15.75825477,128,0,sigmoid,0,154,,,0,0,0,0.971172687045,0.0288273129546,1,0,0,1342.510055,2.507949
1226,1217,156928.0,156.928000,14.22781491,128,0,sigmoid,0,154,,,0,0,0,0.971614355387,0.0283856446127,1,0,0,1343.596504,2.507949
1227,1218,157056.0,157.056000,15.45539057,128,0,sigmoid,0,154,,,0,0,0,0.971588940069,0.0284110599315,1,0,0,1344.684285,2.507949
1228,1219,157184.0,157.184000,14.31173348,128,0,sigmoid,0,154,,,0,0,0,0.971519323311,0.0284806766891,1,0,0,1345.769564,2.507949
1229,1220,157312.0,157.312000,16.21704829,128,0,sigmoid,0,154,,,0,0,0,0.97074110482,0.02925889518,1,0,0,1346.855467,2.507949
1230,1221,157440.0,157.440000,16.44624817,128,0,sigmoid,0,154,,,0,0,0,0.970294952791,0.0297050472085,1,0,0,1347.942433,2.507949
1231,1222,157568.0,157.568000,16.91377437,128,0,sigmoid,0,154,,,0,0,0,0.969223436011,0.0307765639886,1,0,0,1349.031870,2.507949
1232,1223,157696.0,157.696000,16.29976070,128,0,sigmoid,0,154,,,0,0,0,0.971285421916,0.0287145780838,1,0,0,1350.119434,2.507949
1233,1224,157824.0,157.824000,16.55899155,128,0,sigmoid,0,155,,,0,0,0,0.969807875436,0.0301921245641,1,0,0,1351.212335,2.507949
1234,1225,157952.0,157.952000,16.59019208,128,0,sigmoid,0,155,,,0,0,0,0.970981446709,0.0290185532909,1,0,0,1352.301480,2.507949
1235,1226,158080.0,158.080000,14.60925686,128,0,sigmoid,0,155,,,0,0,0,0.971309208871,0.0286907911295,1,0,0,1353.392923,2.507949
1236,1227,158208.0,158.208000,16.27267206,128,0,sigmoid,0,155,,,0,0,0,0.970863486004,0.0291365139956,1,0,0,1354.479480,2.507949
1237,1228,158336.0,158.336000,14.08493972,128,0,sigmoid,0,155,,,0,0,0,0.971232511105,0.0287674888951,1,0,0,1355.558195,2.507949
1238,1229,158464.0,158.464000,15.63494360,128,0,sigmoid,0,155,,,0,0,0,0.971129086923,0.0288709130772,1,0,0,1356.633989,2.507949
1239,1230,158592.0,158.592000,15.47640681,128,0,sigmoid,0,155,,,0,0,0,0.972220647612,0.0277793523883,1,0,0,1357.715719,2.507949
1240,1231,158720.0,158.720000,16.57363188,128,0,sigmoid,0,155,,,0,0,0,0.970995366056,0.0290046339438,1,0,0,1358.796667,2.507949
1241,1232,158848.0,158.848000,15.69604611,128,0,sigmoid,0,156,,,0,0,0,0.971521767526,0.0284782324736,1,0,0,1359.884481,2.507949
1242,1233,158976.0,158.976000,17.22069705,128,0,sigmoid,0,156,,,0,0,0,0.968949633545,0.0310503664546,1,0,0,1360.964983,2.507949
1243,1234,159104.0,159.104000,15.92819190,128,0,sigmoid,0,156,,,0,0,0,0.970925056073,0.0290749439273,1,0,0,1362.042186,2.507949
1244,1235,159232.0,159.232000,16.20359015,128,0,sigmoid,0,156,,,0,0,0,0.971263746376,0.028736253624,1,0,0,1363.120611,2.507949
1245,1236,159360.0,159.360000,14.36370695,128,0,sigmoid,0,156,,,0,0,0,0.973528399141,0.0264716008593,1,0,0,1364.157557,2.507949
1246,1237,159488.0,159.488000,15.70288587,128,0,sigmoid,0,156,,,0,0,0,0.971898644642,0.0281013553577,1,0,0,1365.228534,2.507949
1247,1238,159616.0,159.616000,16.31128514,128,0,sigmoid,0,156,,,0,0,0,0.970883575052,0.0291164249478,1,0,0,1366.299105,2.507949
1248,1239,159744.0,159.744000,17.37217796,128,0,sigmoid,0,156,,,0,0,0,0.970742075344,0.0292579246562,1,0,0,1367.371218,2.507949
1249,1240,159872.0,159.872000,14.47686768,128,0,sigmoid,0,157,,,0,0,0,0.972330500509,0.0276694994905,1,0,0,1368.459129,2.507949
1250,1241,160000.0,160.000000,16.87566912,128,0,sigmoid,0,157,,,0,0,0,0.970123418414,0.0298765815861,1,0,0,1369.544064,2.507949
1251,1242,160128.0,160.128000,14.79140937,128,0,sigmoid,0,157,,,0,0,0,0.972185081556,0.0278149184445,1,0,0,1370.639086,2.507949
1252,1243,160256.0,160.256000,15.30982828,128,0,sigmoid,0,157,,,0,0,0,0.971931576254,0.0280684237458,1,0,0,1371.735172,2.507949
1253,1244,160384.0,160.384000,15.07930887,128,0,sigmoid,0,157,,,0,0,0,0.971837185809,0.0281628141908,1,0,0,1372.824566,2.507949
1254,1245,160512.0,160.512000,14.90255630,128,0,sigmoid,0,157,,,0,0,0,0.971771082997,0.0282289170035,1,0,0,1373.914392,2.507949
1255,1246,160640.0,160.640000,16.53054893,128,0,sigmoid,0,157,,,0,0,0,0.970942176934,0.0290578230662,1,0,0,1375.011050,2.507949
1256,1247,160768.0,160.768000,15.85615885,128,0,sigmoid,0,157,,,0,0,0,0.972721184738,0.0272788152618,1,0,0,1376.103541,2.507949
1257,1248,160896.0,160.896000,15.37092042,128,0,sigmoid,0,158,,,0,0,0,0.972587854497,0.0274121455027,1,0,0,1377.188046,2.507949
1258,1249,161024.0,161.024000,16.16568112,128,0,sigmoid,0,158,,,0,0,0,0.97031281326,0.0296871867403,1,0,0,1378.273861,2.507949
1259,1250,161152.0,161.152000,16.43111062,128,0,sigmoid,0,158,,,0,0,0,0.970860393131,0.0291396068687,1,0,0,1379.360326,2.507949
1260,1251,161280.0,161.280000,13.96183348,128,0,sigmoid,0,158,,,0,0,0,0.971843032149,0.0281569678511,1,0,0,1380.442625,2.507949
1261,1252,161408.0,161.408000,17.72317946,128,0,sigmoid,0,158,,,0,0,0,0.969465273976,0.0305347260242,1,0,0,1381.526490,2.507949
1262,1253,161536.0,161.536000,16.30106592,128,0,sigmoid,0,158,,,0,0,0,0.971211244881,0.0287887551186,1,0,0,1382.615546,2.507949
1263,1254,161664.0,161.664000,16.32148707,128,0,sigmoid,0,158,,,0,0,0,0.971171391909,0.0288286080912,1,0,0,1383.694467,2.507949
1264,1255,161792.0,161.792000,15.42409265,128,0,sigmoid,0,158,,,0,0,0,0.971563892232,0.0284361077684,1,0,0,1384.780205,2.507949
1265,1256,161920.0,161.920000,15.91048634,128,0,sigmoid,0,159,,,0,0,0,0.971869842084,0.028130157916,1,0,0,1385.868218,2.507949
1266,1257,162048.0,162.048000,14.40376449,128,0,sigmoid,0,159,,,0,0,0,0.97207007832,0.0279299216797,1,0,0,1387.028380,2.507949
1267,1258,162176.0,162.176000,15.39492786,128,0,sigmoid,0,159,,,0,0,0,0.971685892275,0.0283141077255,1,0,0,1388.116262,2.507949
1268,1259,162304.0,162.304000,16.03504169,128,0,sigmoid,0,159,,,0,0,0,0.971928331224,0.0280716687764,1,0,0,1389.198212,2.507949
1269,1260,162432.0,162.432000,15.43317401,128,0,sigmoid,0,159,,,0,0,0,0.971644859636,0.0283551403635,1,0,0,1390.279014,2.507949
1270,1261,162560.0,162.560000,15.42292428,128,0,sigmoid,0,159,,,0,0,0,0.971189067577,0.0288109324232,1,0,0,1391.365922,2.507949
1271,1262,162688.0,162.688000,16.93404889,128,0,sigmoid,0,159,,,0,0,0,0.971544207348,0.0284557926518,1,0,0,1392.449792,2.507949
1272,1263,162816.0,162.816000,15.78012455,128,0,sigmoid,0,159,,,0,0,0,0.971920568147,0.0280794318533,1,0,0,1393.532451,2.507949
1273,1264,162944.0,162.944000,17.16711915,128,0,sigmoid,0,160,,,0,0,0,0.968506744227,0.0314932557731,1,0,0,1394.619632,2.507949
1274,1265,163072.0,163.072000,16.39170158,128,0,sigmoid,0,160,,,0,0,0,0.971336532588,0.028663467412,1,0,0,1395.707751,2.507949
1275,1266,163200.0,163.200000,15.78743744,128,0,sigmoid,0,160,,,0,0,0,0.970167081809,0.029832918191,1,0,0,1396.794402,2.507949
1276,1267,163328.0,163.328000,15.62042332,128,0,sigmoid,0,160,,,0,0,0,0.970981178274,0.0290188217255,1,0,0,1397.882311,2.507949
1277,1268,163456.0,163.456000,15.12699091,128,0,sigmoid,0,160,,,0,0,0,0.97251614503,0.0274838549698,1,0,0,1398.961808,2.507949
1278,1269,163584.0,163.584000,15.93915868,128,0,sigmoid,0,160,,,0,0,0,0.971800047393,0.028199952607,1,0,0,1400.046012,2.507949
1279,1270,163712.0,163.712000,17.21655989,128,0,sigmoid,0,160,,,0,0,0,0.970780617469,0.0292193825306,1,0,0,1401.132454,2.507949
1280,1271,163840.0,163.840000,15.63664281,128,0,sigmoid,0,160,,,0,0,0,0.971358415962,0.0286415840382,1,0,0,1402.221418,2.507949
1281,1272,163968.0,163.968000,14.01507342,128,0,sigmoid,0,161,,,0,0,0,0.970995157035,0.0290048429648,1,0,0,1403.306406,2.507949
1282,1273,164096.0,164.096000,15.05291510,128,0,sigmoid,0,161,,,0,0,0,0.972118101969,0.0278818980309,1,0,0,1404.393723,2.507949
1283,1274,164224.0,164.224000,15.50077426,128,0,sigmoid,0,161,,,0,0,0,0.970230408455,0.0297695915455,1,0,0,1405.467953,2.507949
1284,1275,164352.0,164.352000,14.43361330,128,0,sigmoid,0,161,,,0,0,0,0.972371413075,0.0276285869254,1,0,0,1406.503723,2.507949
1285,1276,164480.0,164.480000,17.38647807,128,0,sigmoid,0,161,,,0,0,0,0.969703929952,0.0302960700484,1,0,0,1407.606397,2.507949
1286,1277,164608.0,164.608000,13.97749960,128,0,sigmoid,0,161,,,0,0,0,0.973893197282,0.0261068027177,1,0,0,1408.643064,2.507949
1287,1278,164736.0,164.736000,15.25630295,128,0,sigmoid,0,161,,,0,0,0,0.972495335057,0.0275046649435,1,0,0,1409.728554,2.507949
1288,1279,164864.0,164.864000,16.07071269,128,0,sigmoid,0,161,,,0,0,0,0.970536676782,0.0294633232181,1,0,0,1410.811028,2.507949
1289,1280,164992.0,164.992000,16.72225070,128,0,sigmoid,0,162,,,0,0,0,0.97109246962,0.0289075303801,1,0,0,1411.895869,2.507949
1290,1281,165120.0,165.120000,16.43475473,128,0,sigmoid,0,162,,,0,0,0,0.96970374998,0.0302962500199,1,0,0,1412.982481,2.507949
1291,1282,165248.0,165.248000,16.22340131,128,0,sigmoid,0,162,,,0,0,0,0.96934905687,0.0306509431299,1,0,0,1414.069391,2.507949
1292,1283,165376.0,165.376000,16.27835226,128,0,sigmoid,0,162,,,0,0,0,0.970638337504,0.0293616624958,1,0,0,1415.161163,2.507949
1293,1284,165504.0,165.504000,15.98476589,128,0,sigmoid,0,162,,,0,0,0,0.970602599897,0.0293974001034,1,0,0,1416.250019,2.507949
1294,1285,165632.0,165.632000,14.33079660,128,0,sigmoid,0,162,,,0,0,0,0.97252043461,0.02747956539,1,0,0,1417.327871,2.507949
1295,1286,165760.0,165.760000,15.94972146,128,0,sigmoid,0,162,,,0,0,0,0.970665918665,0.0293340813345,1,0,0,1418.407284,2.507949
1296,1287,165888.0,165.888000,16.02103674,128,0,sigmoid,0,162,,,0,0,0,0.971383856209,0.0286161437912,1,0,0,1419.484556,2.507949
1297,1288,166016.0,166.016000,16.14343512,128,0,sigmoid,0,163,,,0,0,0,0.971201413782,0.0287985862177,1,0,0,1420.566107,2.507949
1298,1289,166144.0,166.144000,16.83111584,128,0,sigmoid,0,163,,,0,0,0,0.970280943953,0.0297190560465,1,0,0,1421.648431,2.507949
1299,1290,166272.0,166.272000,16.60462511,128,0,sigmoid,0,163,,,0,0,0,0.970037877622,0.0299621223781,1,0,0,1422.740605,2.507949
1300,1291,166400.0,166.400000,16.29397178,128,0,sigmoid,0,163,,,0,0,0,0.970899232796,0.0291007672042,1,0,0,1423.923329,2.507949
1301,1292,166528.0,166.528000,17.47154391,128,0,sigmoid,0,163,,,0,0,0,0.969992623536,0.0300073764644,1,0,0,1425.097414,2.507949
1302,1293,166656.0,166.656000,15.99737430,128,0,sigmoid,0,163,,,0,0,0,0.971912989351,0.028087010649,1,0,0,1426.268767,2.507949
1303,1294,166784.0,166.784000,14.70164144,128,0,sigmoid,0,163,,,0,0,0,0.97219728133,0.0278027186702,1,0,0,1427.359857,2.507949
1304,1295,166912.0,166.912000,16.14213920,128,0,sigmoid,0,163,,,0,0,0,0.970920957457,0.0290790425434,1,0,0,1428.442581,2.507949
1305,1296,167040.0,167.040000,14.90028203,128,0,sigmoid,0,164,,,0,0,0,0.973275117777,0.0267248822229,1,0,0,1429.525911,2.507949
1306,1297,167168.0,167.168000,15.33850956,128,0,sigmoid,0,164,,,0,0,0,0.971284639505,0.0287153604949,1,0,0,1430.601348,2.507949
1307,1298,167296.0,167.296000,14.66086757,128,0,sigmoid,0,164,,,0,0,0,0.971766502127,0.0282334978734,1,0,0,1431.675298,2.507949
1308,1299,167424.0,167.424000,17.44134986,128,0,sigmoid,0,164,,,0,0,0,0.969321162017,0.0306788379828,1,0,0,1432.749860,2.507949
1309,1300,167552.0,167.552000,16.22105658,128,0,sigmoid,0,164,,,0,0,0,0.971546635323,0.0284533646769,1,0,0,1433.850921,2.507949
1310,1301,167680.0,167.680000,14.87648606,128,0,sigmoid,0,164,,,0,0,0,0.971924467261,0.0280755327388,1,0,0,1434.927351,2.507949
1311,1302,167808.0,167.808000,15.88963354,128,0,sigmoid,0,164,,,0,0,0,0.970273943942,0.0297260560578,1,0,0,1436.015477,2.507949
1312,1303,167936.0,167.936000,15.11537445,128,0,sigmoid,0,164,,,0,0,0,0.97115465813,0.0288453418697,1,0,0,1437.105860,2.507949
1313,1304,168064.0,168.064000,16.79669690,128,0,sigmoid,0,165,,,0,0,0,0.96964595571,0.0303540442904,1,0,0,1438.191259,2.507949
1314,1305,168192.0,168.192000,16.99706733,128,0,sigmoid,0,165,,,0,0,0,0.969628107906,0.0303718920941,1,0,0,1439.292603,2.507949
1315,1306,168320.0,168.320000,16.22293437,128,0,sigmoid,0,165,,,0,0,0,0.970880811078,0.0291191889215,1,0,0,1440.331074,2.507949
1316,1307,168448.0,168.448000,16.70543396,128,0,sigmoid,0,165,,,0,0,0,0.970693247092,0.029306752908,1,0,0,1441.371857,2.507949
1317,1308,168576.0,168.576000,14.76771486,128,0,sigmoid,0,165,,,0,0,0,0.972814939235,0.0271850607653,1,0,0,1442.415135,2.507949
1318,1309,168704.0,168.704000,15.37262511,128,0,sigmoid,0,165,,,0,0,0,0.971492778757,0.0285072212432,1,0,0,1443.459183,2.507949
1319,1310,168832.0,168.832000,15.07283485,128,0,sigmoid,0,165,,,0,0,0,0.971023441716,0.0289765582843,1,0,0,1444.499209,2.507949
1320,1311,168960.0,168.960000,15.71675611,128,0,sigmoid,0,165,,,0,0,0,0.971496289629,0.0285037103707,1,0,0,1445.621379,2.507949
1321,1312,169088.0,169.088000,13.54052341,128,0,sigmoid,0,166,,,0,0,0,0.973267665104,0.026732334896,1,0,0,1446.774196,2.507949
1322,1313,169216.0,169.216000,16.68661630,128,0,sigmoid,0,166,,,0,0,0,0.970899155033,0.0291008449666,1,0,0,1447.868850,2.507949
1323,1314,169344.0,169.344000,14.86474729,128,0,sigmoid,0,166,,,0,0,0,0.972660770653,0.0273392293474,1,0,0,1448.967819,2.507949
1324,1315,169472.0,169.472000,17.72640288,128,0,sigmoid,0,166,,,0,0,0,0.969649196675,0.0303508033248,1,0,0,1450.056360,2.507949
1325,1316,169600.0,169.600000,15.49656749,128,0,sigmoid,0,166,,,0,0,0,0.970228221094,0.0297717789057,1,0,0,1451.171557,2.507949
1326,1317,169728.0,169.728000,15.78071165,128,0,sigmoid,0,166,,,0,0,0,0.972407508683,0.027592491317,1,0,0,1452.348534,2.507949
1327,1318,169856.0,169.856000,15.75059354,128,0,sigmoid,0,166,,,0,0,0,0.970533993798,0.0294660062019,1,0,0,1453.525424,2.507949
1328,1319,169984.0,169.984000,16.90961707,128,0,sigmoid,0,166,,,0,0,0,0.970211502961,0.029788497039,1,0,0,1454.702142,2.507949
1329,1320,170112.0,170.112000,18.23500788,128,0,sigmoid,0,167,,,0,0,0,0.970329286314,0.0296707136859,1,0,0,1455.874621,2.507949
1330,1321,170240.0,170.240000,15.08984923,128,0,sigmoid,0,167,,,0,0,0,0.970546180016,0.0294538199842,1,0,0,1457.058746,2.507949
1331,1322,170368.0,170.368000,15.56512594,128,0,sigmoid,0,167,,,0,0,0,0.970553358628,0.0294466413722,1,0,0,1458.229503,2.507949
1332,1323,170496.0,170.496000,16.89578521,128,0,sigmoid,0,167,,,0,0,0,0.970977118557,0.029022881443,1,0,0,1459.396013,2.507949
1333,1324,170624.0,170.624000,16.23417771,128,0,sigmoid,0,167,,,0,0,0,0.970187397963,0.0298126020369,1,0,0,1460.485774,2.507949
1334,1325,170752.0,170.752000,14.64756143,128,0,sigmoid,0,167,,,0,0,0,0.972350526594,0.0276494734062,1,0,0,1461.524867,2.507949
1335,1326,170880.0,170.880000,17.45452368,128,0,sigmoid,0,167,,,0,0,0,0.969665408894,0.030334591106,1,0,0,1462.625774,2.507949
1336,1327,171008.0,171.008000,16.73397803,128,0,sigmoid,0,167,,,0,0,0,0.971223517552,0.0287764824476,1,0,0,1463.715152,2.507949
1337,1328,171136.0,171.136000,15.18641055,128,0,sigmoid,0,168,,,0,0,0,0.971383716224,0.0286162837765,1,0,0,1464.796396,2.507949
1338,1329,171264.0,171.264000,15.32746863,128,0,sigmoid,0,168,,,0,0,0,0.970836442438,0.029163557562,1,0,0,1465.870649,2.507949
1339,1330,171392.0,171.392000,15.72176647,128,0,sigmoid,0,168,,,0,0,0,0.972602096551,0.0273979034493,1,0,0,1466.972213,2.507949
1340,1331,171520.0,171.520000,16.84449267,128,0,sigmoid,0,168,,,0,0,0,0.971130720261,0.0288692797391,1,0,0,1468.049955,2.507949
1341,1332,171648.0,171.648000,16.83812702,128,0,sigmoid,0,168,,,0,0,0,0.97149109283,0.0285089071701,1,0,0,1469.139241,2.507949
1342,1333,171776.0,171.776000,16.91650605,128,0,sigmoid,0,168,,,0,0,0,0.970819645185,0.0291803548147,1,0,0,1470.197659,2.507949
1343,1334,171904.0,171.904000,15.91888320,128,0,sigmoid,0,168,,,0,0,0,0.970852477964,0.0291475220357,1,0,0,1471.287291,2.507949
1344,1335,172032.0,172.032000,17.38392079,128,0,sigmoid,0,168,,,0,0,0,0.97006642314,0.02993357686,1,0,0,1472.411486,2.507949
1345,1336,172160.0,172.160000,16.10566437,128,0,sigmoid,0,169,,,0,0,0,0.971200520081,0.0287994799187,1,0,0,1473.497308,2.507949
1346,1337,172288.0,172.288000,15.19116044,128,0,sigmoid,0,169,,,0,0,0,0.971675774762,0.0283242252383,1,0,0,1474.550866,2.507949
1347,1338,172416.0,172.416000,15.44175828,128,0,sigmoid,0,169,,,0,0,0,0.971610437503,0.0283895624971,1,0,0,1475.602718,2.507949
1348,1339,172544.0,172.544000,15.80865157,128,0,sigmoid,0,169,,,0,0,0,0.971918932372,0.0280810676284,1,0,0,1476.706328,2.507949
1349,1340,172672.0,172.672000,15.53554976,128,0,sigmoid,0,169,,,0,0,0,0.972331810754,0.0276681892459,1,0,0,1477.801648,2.507949
1350,1341,172800.0,172.800000,16.14016497,128,0,sigmoid,0,169,,,0,0,0,0.97105803746,0.0289419625405,1,0,0,1478.889953,2.507949
1351,1342,172928.0,172.928000,15.27821863,128,0,sigmoid,0,169,,,0,0,0,0.971559122932,0.028440877068,1,0,0,1479.977664,2.507949
1352,1343,173056.0,173.056000,15.70271146,128,0,sigmoid,0,169,,,0,0,0,0.970832448321,0.0291675516792,1,0,0,1481.062621,2.507949
1353,1344,173184.0,173.184000,15.02647388,128,0,sigmoid,0,170,,,0,0,0,0.971334470229,0.0286655297708,1,0,0,1482.144969,2.507949
1354,1345,173312.0,173.312000,13.82102811,128,0,sigmoid,0,170,,,0,0,0,0.973137470278,0.0268625297221,1,0,0,1483.223238,2.507949
1355,1346,173440.0,173.440000,15.35476243,128,0,sigmoid,0,170,,,0,0,0,0.970816548834,0.0291834511658,1,0,0,1484.303698,2.507949
1356,1347,173568.0,173.568000,18.73974323,128,0,sigmoid,0,170,,,0,0,0,0.967791672967,0.0322083270326,1,0,0,1485.390344,2.507949
1357,1348,173696.0,173.696000,18.04964840,128,0,sigmoid,0,170,,,0,0,0,0.969928478265,0.030071521735,1,0,0,1486.480485,2.507949
1358,1349,173824.0,173.824000,16.01347578,128,0,sigmoid,0,170,,,0,0,0,0.970415610324,0.0295843896762,1,0,0,1487.565369,2.507949
1359,1350,173952.0,173.952000,14.84113288,128,0,sigmoid,0,170,,,0,0,0,0.972163053581,0.027836946419,1,0,0,1488.640102,2.507949
1360,1351,174080.0,174.080000,15.27223122,128,0,sigmoid,0,170,,,0,0,0,0.971503480133,0.0284965198667,1,0,0,1489.722781,2.507949
1361,1352,174208.0,174.208000,17.71458280,128,0,sigmoid,0,171,,,0,0,0,0.969834791593,0.030165208407,1,0,0,1490.802462,2.507949
1362,1353,174336.0,174.336000,16.06829572,128,0,sigmoid,0,171,,,0,0,0,0.97072407871,0.0292759212901,1,0,0,1491.878158,2.507949
1363,1354,174464.0,174.464000,16.62525356,128,0,sigmoid,0,171,,,0,0,0,0.971171453292,0.0288285467078,1,0,0,1492.954841,2.507949
1364,1355,174592.0,174.592000,16.99108803,128,0,sigmoid,0,171,,,0,0,0,0.970361933078,0.0296380669222,1,0,0,1494.028455,2.507949
1365,1356,174720.0,174.720000,13.58825684,128,0,sigmoid,0,171,,,0,0,0,0.973179418713,0.0268205812865,1,0,0,1495.096631,2.507949
1366,1357,174848.0,174.848000,16.08551276,128,0,sigmoid,0,171,,,0,0,0,0.970556203215,0.0294437967849,1,0,0,1496.170656,2.507949
1367,1358,174976.0,174.976000,16.70433533,128,0,sigmoid,0,171,,,0,0,0,0.970857805644,0.0291421943565,1,0,0,1497.237756,2.507949
1368,1359,175104.0,175.104000,16.58412826,128,0,sigmoid,0,171,,,0,0,0,0.970524285202,0.0294757147984,1,0,0,1498.305037,2.507949
1369,1360,175232.0,175.232000,16.94004226,128,0,sigmoid,0,172,,,0,0,0,0.970168091074,0.0298319089257,1,0,0,1499.395687,2.507949
1370,1361,175360.0,175.360000,14.99788511,128,0,sigmoid,0,172,,,0,0,0,0.972179883172,0.0278201168282,1,0,0,1500.470588,2.507949
1371,1362,175488.0,175.488000,16.35882938,128,0,sigmoid,0,172,,,0,0,0,0.970710161419,0.029289838581,1,0,0,1501.553696,2.507949
1372,1363,175616.0,175.616000,16.93586159,128,0,sigmoid,0,172,,,0,0,0,0.970532743071,0.0294672569292,1,0,0,1502.641030,2.507949
1373,1364,175744.0,175.744000,16.48559916,128,0,sigmoid,0,172,,,0,0,0,0.970781962649,0.0292180373508,1,0,0,1503.727932,2.507949
1374,1365,175872.0,175.872000,15.78726625,128,0,sigmoid,0,172,,,0,0,0,0.971657109724,0.0283428902759,1,0,0,1504.808835,2.507949
1375,1366,176000.0,176.000000,15.09463096,128,0,sigmoid,0,172,,,0,0,0,0.972028182145,0.0279718178548,1,0,0,1505.893051,2.507949
1376,1367,176128.0,176.128000,16.19028139,128,0,sigmoid,0,172,,,0,0,0,0.972462615803,0.0275373841973,1,0,0,1506.980395,2.507949
1377,1368,176256.0,176.256000,15.91193068,128,0,sigmoid,0,173,,,0,0,0,0.971367026063,0.0286329739367,1,0,0,1508.068040,2.507949
1378,1369,176384.0,176.384000,15.08337188,128,0,sigmoid,0,173,,,0,0,0,0.972586885315,0.0274131146853,1,0,0,1509.153130,2.507949
1379,1370,176512.0,176.512000,16.28422296,128,0,sigmoid,0,173,,,0,0,0,0.971637162382,0.028362837618,1,0,0,1510.237524,2.507949
1380,1371,176640.0,176.640000,16.25637674,128,0,sigmoid,0,173,,,0,0,0,0.970284542143,0.0297154578567,1,0,0,1511.324737,2.507949
1381,1372,176768.0,176.768000,16.58439696,128,0,sigmoid,0,173,,,0,0,0,0.971104323438,0.0288956765616,1,0,0,1512.413638,2.507949
1382,1373,176896.0,176.896000,16.48638129,128,0,sigmoid,0,173,,,0,0,0,0.970584102829,0.0294158971708,1,0,0,1513.499414,2.507949
1383,1374,177024.0,177.024000,15.47242761,128,0,sigmoid,0,173,,,0,0,0,0.972477051367,0.0275229486331,1,0,0,1514.595080,2.507949
1384,1375,177152.0,177.152000,15.95822191,128,0,sigmoid,0,173,,,0,0,0,0.971272662281,0.0287273377187,1,0,0,1515.684062,2.507949
1385,1376,177280.0,177.280000,15.24853432,128,0,sigmoid,0,174,,,0,0,0,0.971538564221,0.0284614357794,1,0,0,1516.774030,2.507949
1386,1377,177408.0,177.408000,14.66557384,128,0,sigmoid,0,174,,,0,0,0,0.971949955124,0.0280500448759,1,0,0,1517.857208,2.507949
1387,1378,177536.0,177.536000,15.23680115,128,0,sigmoid,0,174,,,0,0,0,0.971217608535,0.0287823914649,1,0,0,1518.942366,2.507949
1388,1379,177664.0,177.664000,15.25568569,128,0,sigmoid,0,174,,,0,0,0,0.97164711828,0.0283528817195,1,0,0,1520.026810,2.507949
1389,1380,177792.0,177.792000,16.21078289,128,0,sigmoid,0,174,,,0,0,0,0.970601206062,0.0293987939382,1,0,0,1521.067533,2.507949
1390,1381,177920.0,177.920000,13.70866680,128,0,sigmoid,0,174,,,0,0,0,0.972937675948,0.0270623240524,1,0,0,1522.128295,2.507949
1391,1382,178048.0,178.048000,15.29227769,128,0,sigmoid,0,174,,,0,0,0,0.971380665479,0.028619334521,1,0,0,1523.178290,2.507949
1392,1383,178176.0,178.176000,17.02078938,128,0,sigmoid,0,174,,,0,0,0,0.970081248497,0.0299187515034,1,0,0,1524.225142,2.507949
1393,1384,178304.0,178.304000,15.50102341,128,0,sigmoid,0,175,,,0,0,0,0.972249328105,0.0277506718948,1,0,0,1525.331240,2.507949
1394,1385,178432.0,178.432000,15.77101862,128,0,sigmoid,0,175,,,0,0,0,0.971077902652,0.0289220973481,1,0,0,1526.416724,2.507949
1395,1386,178560.0,178.560000,15.30962765,128,0,sigmoid,0,175,,,0,0,0,0.971350914925,0.0286490850747,1,0,0,1527.515254,2.507949
1396,1387,178688.0,178.688000,17.40572083,128,0,sigmoid,0,175,,,0,0,0,0.969405309015,0.0305946909854,1,0,0,1528.595501,2.507949
1397,1388,178816.0,178.816000,15.92299521,128,0,sigmoid,0,175,,,0,0,0,0.970564939229,0.0294350607707,1,0,0,1529.646268,2.507949
1398,1389,178944.0,178.944000,16.06605256,128,0,sigmoid,0,175,,,0,0,0,0.972180518419,0.0278194815813,1,0,0,1530.706125,2.507949
1399,1390,179072.0,179.072000,18.37307239,128,0,sigmoid,0,175,,,0,0,0,0.969824546866,0.0301754531342,1,0,0,1531.769724,2.507949
1400,1391,179200.0,179.200000,15.98156631,128,0,sigmoid,0,175,,,0,0,0,0.972064798817,0.0279352011832,1,0,0,1532.858301,2.507949
1401,1392,179328.0,179.328000,14.99490368,128,0,sigmoid,0,176,,,0,0,0,0.97127058546,0.0287294145403,1,0,0,1534.004789,2.507949
1402,1393,179456.0,179.456000,14.49232066,128,0,sigmoid,0,176,,,0,0,0,0.972268707885,0.0277312921152,1,0,0,1535.079361,2.507949
1403,1394,179584.0,179.584000,15.69132912,128,0,sigmoid,0,176,,,0,0,0,0.971746291515,0.0282537084847,1,0,0,1536.164023,2.507949
1404,1395,179712.0,179.712000,15.48780215,128,0,sigmoid,0,176,,,0,0,0,0.970263677837,0.0297363221627,1,0,0,1537.255893,2.507949
1405,1396,179840.0,179.840000,17.19465566,128,0,sigmoid,0,176,,,0,0,0,0.970219009835,0.0297809901654,1,0,0,1538.339756,2.507949
1406,1397,179968.0,179.968000,15.27896214,128,0,sigmoid,0,176,,,0,0,0,0.971118312985,0.0288816870148,1,0,0,1539.429235,2.507949
1407,1398,180096.0,180.096000,16.58956301,128,0,sigmoid,0,176,,,0,0,0,0.971831628698,0.028168371302,1,0,0,1540.509024,2.507949
1408,1399,180224.0,180.224000,17.19356990,128,0,sigmoid,0,176,,,0,0,0,0.971271061911,0.0287289380886,1,0,0,1541.590573,2.507949
1409,1400,180352.0,180.352000,16.49287188,128,0,sigmoid,0,177,,,0,0,0,0.971092938882,0.0289070611184,1,0,0,1542.670708,2.507949
1410,1401,180480.0,180.480000,13.82182705,128,0,sigmoid,0,177,,,0,0,0,0.97357627876,0.0264237212404,1,0,0,1543.751329,2.507949
1411,1402,180608.0,180.608000,15.34528625,128,0,sigmoid,0,177,,,0,0,0,0.971334050634,0.0286659493661,1,0,0,1544.828932,2.507949
1412,1403,180736.0,180.736000,14.04148781,128,0,sigmoid,0,177,,,0,0,0,0.972305784168,0.0276942158321,1,0,0,1545.889588,2.507949
1413,1404,180864.0,180.864000,15.41830349,128,0,sigmoid,0,177,,,0,0,0,0.971529132554,0.0284708674458,1,0,0,1546.997457,2.507949
1414,1405,180992.0,180.992000,16.82693779,128,0,sigmoid,0,177,,,0,0,0,0.969667445043,0.0303325549573,1,0,0,1548.080873,2.507949
1415,1406,181120.0,181.120000,16.76009214,128,0,sigmoid,0,177,,,0,0,0,0.970184159615,0.029815840385,1,0,0,1549.164795,2.507949
1416,1407,181248.0,181.248000,15.59926105,128,0,sigmoid,0,177,,,0,0,0,0.970559159583,0.0294408404166,1,0,0,1550.243104,2.507949
1417,1408,181376.0,181.376000,16.76540780,128,0,sigmoid,0,178,,,0,0,0,0.970619289607,0.029380710393,1,0,0,1551.323817,2.507949
1418,1409,181504.0,181.504000,16.50850737,128,0,sigmoid,0,178,,,0,0,0,0.971353463524,0.0286465364764,1,0,0,1552.412217,2.507949
1419,1410,181632.0,181.632000,17.02572274,128,0,sigmoid,0,178,,,0,0,0,0.970514214317,0.0294857856834,1,0,0,1553.482944,2.507949
1420,1411,181760.0,181.760000,14.99452484,128,0,sigmoid,0,178,,,0,0,0,0.971646863051,0.0283531369491,1,0,0,1554.597419,2.507949
1421,1412,181888.0,181.888000,14.66226125,128,0,sigmoid,0,178,,,0,0,0,0.972118992484,0.0278810075161,1,0,0,1555.675449,2.507949
1422,1413,182016.0,182.016000,17.05348265,128,0,sigmoid,0,178,,,0,0,0,0.97049388605,0.0295061139495,1,0,0,1556.751130,2.507949
1423,1414,182144.0,182.144000,16.06915081,128,0,sigmoid,0,178,,,0,0,0,0.969460524508,0.0305394754924,1,0,0,1557.822935,2.507949
1424,1415,182272.0,182.272000,16.95759273,128,0,sigmoid,0,178,,,0,0,0,0.970599775642,0.0294002243579,1,0,0,1558.894793,2.507949
1425,1416,182400.0,182.400000,14.66625154,128,0,sigmoid,0,179,,,0,0,0,0.972551663691,0.027448336309,1,0,0,1559.966746,2.507949
1426,1417,182528.0,182.528000,17.12163031,128,0,sigmoid,0,179,,,0,0,0,0.969970621885,0.0300293781149,1,0,0,1561.039327,2.507949
1427,1418,182656.0,182.656000,15.99676049,128,0,sigmoid,0,179,,,0,0,0,0.971240411012,0.0287595889882,1,0,0,1562.101683,2.507949
1428,1419,182784.0,182.784000,15.86302936,128,0,sigmoid,0,179,,,0,0,0,0.971456835589,0.0285431644112,1,0,0,1563.172526,2.507949
1429,1420,182912.0,182.912000,16.23321879,128,0,sigmoid,0,179,,,0,0,0,0.970839287946,0.0291607120539,1,0,0,1564.252405,2.507949
1430,1421,183040.0,183.040000,14.22552872,128,0,sigmoid,0,179,,,0,0,0,0.972110950321,0.0278890496789,1,0,0,1565.345351,2.507949
1431,1422,183168.0,183.168000,14.95434642,128,0,sigmoid,0,179,,,0,0,0,0.970806407905,0.0291935920952,1,0,0,1566.426251,2.507949
1432,1423,183296.0,183.296000,15.09398997,128,0,sigmoid,0,179,,,0,0,0,0.971893187635,0.0281068123654,1,0,0,1567.511999,2.507949
1433,1424,183424.0,183.424000,17.93002105,128,0,sigmoid,0,180,,,0,0,0,0.969250422869,0.0307495771313,1,0,0,1568.597556,2.507949
1434,1425,183552.0,183.552000,15.83271790,128,0,sigmoid,0,180,,,0,0,0,0.971623542847,0.0283764571535,1,0,0,1569.682829,2.507949
1435,1426,183680.0,183.680000,14.02286649,128,0,sigmoid,0,180,,,0,0,0,0.972246275135,0.027753724865,1,0,0,1570.769862,2.507949
1436,1427,183808.0,183.808000,15.54687822,128,0,sigmoid,0,180,,,0,0,0,0.972903745498,0.027096254502,1,0,0,1571.854990,2.507949
1437,1428,183936.0,183.936000,14.63608718,128,0,sigmoid,0,180,,,0,0,0,0.972242266624,0.0277577333762,1,0,0,1572.943051,2.507949
1438,1429,184064.0,184.064000,15.72822487,128,0,sigmoid,0,180,,,0,0,0,0.972168557506,0.0278314424944,1,0,0,1574.030894,2.507949
1439,1430,184192.0,184.192000,17.14290965,128,0,sigmoid,0,180,,,0,0,0,0.970292305456,0.0297076945437,1,0,0,1575.116942,2.507949
1440,1431,184320.0,184.320000,16.25282538,128,0,sigmoid,0,180,,,0,0,0,0.969555880735,0.0304441192652,1,0,0,1576.207406,2.507949
1441,1432,184448.0,184.448000,14.67482483,128,0,sigmoid,0,181,,,0,0,0,0.969800729994,0.0301992700058,1,0,0,1577.288901,2.507949
1442,1433,184576.0,184.576000,15.42610943,128,0,sigmoid,0,181,,,0,0,0,0.971197868363,0.0288021316366,1,0,0,1578.374589,2.507949
1443,1434,184704.0,184.704000,15.23927939,128,0,sigmoid,0,181,,,0,0,0,0.97149955321,0.0285004467903,1,0,0,1579.468211,2.507949
1444,1435,184832.0,184.832000,17.21737170,128,0,sigmoid,0,181,,,0,0,0,0.970007724116,0.0299922758836,1,0,0,1580.577831,2.507949
1445,1436,184960.0,184.960000,15.57825017,128,0,sigmoid,0,181,,,0,0,0,0.970496046624,0.0295039533757,1,0,0,1581.731827,2.507949
1446,1437,185088.0,185.088000,17.11222708,128,0,sigmoid,0,181,,,0,0,0,0.971199498683,0.0288005013168,1,0,0,1582.812236,2.507949
1447,1438,185216.0,185.216000,15.29773259,128,0,sigmoid,0,181,,,0,0,0,0.970574733251,0.0294252667494,1,0,0,1583.896095,2.507949
1448,1439,185344.0,185.344000,17.16577852,128,0,sigmoid,0,181,,,0,0,0,0.970842245494,0.029157754506,1,0,0,1584.981522,2.507949
1449,1440,185472.0,185.472000,16.38753748,128,0,sigmoid,0,182,,,0,0,0,0.970822888839,0.0291771111614,1,0,0,1586.054577,2.507949
1450,1441,185600.0,185.600000,17.69401276,128,0,sigmoid,0,182,,,0,0,0,0.970080729678,0.0299192703224,1,0,0,1587.140696,2.507949
1451,1442,185728.0,185.728000,14.71013260,128,0,sigmoid,0,182,,,0,0,0,0.971835896118,0.0281641038819,1,0,0,1588.239932,2.507949
1452,1443,185856.0,185.856000,14.92083216,128,0,sigmoid,0,182,,,0,0,0,0.973100929502,0.0268990704975,1,0,0,1589.321656,2.507949
1453,1444,185984.0,185.984000,15.06152022,128,0,sigmoid,0,182,,,0,0,0,0.971716106919,0.028283893081,1,0,0,1590.406747,2.507949
1454,1445,186112.0,186.112000,16.43626118,128,0,sigmoid,0,182,,,0,0,0,0.971599929192,0.0284000708084,1,0,0,1591.487256,2.507949
1455,1446,186240.0,186.240000,15.18832660,128,0,sigmoid,0,182,,,0,0,0,0.972027924204,0.0279720757962,1,0,0,1592.569693,2.507949
1456,1447,186368.0,186.368000,17.92124665,128,0,sigmoid,0,182,,,0,0,0,0.96966563982,0.0303343601799,1,0,0,1593.653427,2.507949
1457,1448,186496.0,186.496000,14.70660198,128,0,sigmoid,0,183,,,0,0,0,0.971799005754,0.0282009942455,1,0,0,1594.736835,2.507949
1458,1449,186624.0,186.624000,16.84387195,128,0,sigmoid,0,183,,,0,0,0,0.969976931297,0.0300230687034,1,0,0,1595.809278,2.507949
1459,1450,186752.0,186.752000,14.06353259,128,0,sigmoid,0,183,,,0,0,0,0.97266749853,0.0273325014701,1,0,0,1596.909230,2.507949
1460,1451,186880.0,186.880000,13.71540165,128,0,sigmoid,0,183,,,0,0,0,0.973047830128,0.0269521698717,1,0,0,1597.994170,2.507949
1461,1452,187008.0,187.008000,15.67921221,128,0,sigmoid,0,183,,,0,0,0,0.971537024603,0.0284629753972,1,0,0,1599.079293,2.507949
1462,1453,187136.0,187.136000,16.43552423,128,0,sigmoid,0,183,,,0,0,0,0.970533276698,0.0294667233021,1,0,0,1600.165605,2.507949
1463,1454,187264.0,187.264000,14.99335623,128,0,sigmoid,0,183,,,0,0,0,0.971044804749,0.0289551952514,1,0,0,1601.245685,2.507949
1464,1455,187392.0,187.392000,15.11391068,128,0,sigmoid,0,183,,,0,0,0,0.970893633979,0.0291063660207,1,0,0,1602.329740,2.507949
1465,1456,187520.0,187.520000,16.49391890,128,0,sigmoid,0,184,,,0,0,0,0.970395868837,0.0296041311632,1,0,0,1603.412607,2.507949
1466,1457,187648.0,187.648000,15.22461462,128,0,sigmoid,0,184,,,0,0,0,0.971221642244,0.028778357756,1,0,0,1604.484613,2.507949
1467,1458,187776.0,187.776000,14.26785445,128,0,sigmoid,0,184,,,0,0,0,0.971709453405,0.0282905465948,1,0,0,1605.581908,2.507949
1468,1459,187904.0,187.904000,17.61856651,128,0,sigmoid,0,184,,,0,0,0,0.969848113025,0.0301518869748,1,0,0,1606.659731,2.507949
1469,1460,188032.0,188.032000,15.34851253,128,0,sigmoid,0,184,,,0,0,0,0.973270354145,0.0267296458551,1,0,0,1607.743039,2.507949
1470,1461,188160.0,188.160000,15.35028672,128,0,sigmoid,0,184,,,0,0,0,0.971288405705,0.0287115942951,1,0,0,1608.771016,2.507949
1471,1462,188288.0,188.288000,14.91253662,128,0,sigmoid,0,184,,,0,0,0,0.970823708321,0.0291762916791,1,0,0,1609.884232,2.507949
1472,1463,188416.0,188.416000,17.15704262,128,0,sigmoid,0,184,,,0,0,0,0.970653199885,0.0293468001146,1,0,0,1610.963225,2.507949
1473,1464,188544.0,188.544000,16.90629601,128,0,sigmoid,0,185,,,0,0,0,0.970109442527,0.0298905574734,1,0,0,1612.044151,2.507949
1474,1465,188672.0,188.672000,14.84615052,128,0,sigmoid,0,185,,,0,0,0,0.971861763448,0.0281382365522,1,0,0,1613.129235,2.507949
1475,1466,188800.0,188.800000,15.31551731,128,0,sigmoid,0,185,,,0,0,0,0.971165033289,0.028834966711,1,0,0,1614.211828,2.507949
1476,1467,188928.0,188.928000,16.23797381,128,0,sigmoid,0,185,,,0,0,0,0.97057582543,0.0294241745703,1,0,0,1615.297170,2.507949
1477,1468,189056.0,189.056000,15.13943708,128,0,sigmoid,0,185,,,0,0,0,0.971685204439,0.0283147955609,1,0,0,1616.374593,2.507949
1478,1469,189184.0,189.184000,17.62324739,128,0,sigmoid,0,185,,,0,0,0,0.970580890919,0.0294191090806,1,0,0,1617.461037,2.507949
1479,1470,189312.0,189.312000,16.81571710,128,0,sigmoid,0,185,,,0,0,0,0.970973435938,0.0290265640624,1,0,0,1618.539576,2.507949
1480,1471,189440.0,189.440000,15.11368680,128,0,sigmoid,0,185,,,0,0,0,0.973126485664,0.0268735143359,1,0,0,1619.617771,2.507949
1481,1472,189568.0,189.568000,16.21795380,128,0,sigmoid,0,186,,,0,0,0,0.971263656577,0.0287363434234,1,0,0,1620.698302,2.507949
1482,1473,189696.0,189.696000,16.38791192,128,0,sigmoid,0,186,,,0,0,0,0.970672759876,0.0293272401243,1,0,0,1621.775536,2.507949
1483,1474,189824.0,189.824000,16.11044955,128,0,sigmoid,0,186,,,0,0,0,0.970758495743,0.0292415042566,1,0,0,1622.849002,2.507949
1484,1475,189952.0,189.952000,17.22172356,128,0,sigmoid,0,186,,,0,0,0,0.969721161269,0.0302788387306,1,0,0,1623.922019,2.507949
1485,1476,190080.0,190.080000,15.86651361,128,0,sigmoid,0,186,,,0,0,0,0.971239201109,0.0287607988913,1,0,0,1624.985295,2.507949
1486,1477,190208.0,190.208000,16.80728090,128,0,sigmoid,0,186,,,0,0,0,0.970404807958,0.0295951920421,1,0,0,1626.061072,2.507949
1487,1478,190336.0,190.336000,14.41398859,128,0,sigmoid,0,186,,,0,0,0,0.97236998927,0.0276300107297,1,0,0,1627.122783,2.507949
1488,1479,190464.0,190.464000,16.91347444,128,0,sigmoid,0,186,,,0,0,0,0.969676391038,0.0303236089623,1,0,0,1628.169900,2.507949
1489,1480,190592.0,190.592000,16.06902134,128,0,sigmoid,0,187,,,0,0,0,0.97217262131,0.0278273786895,1,0,0,1629.255354,2.507949
1490,1481,190720.0,190.720000,14.97605276,128,0,sigmoid,0,187,,,0,0,0,0.971846415505,0.0281535844948,1,0,0,1630.362001,2.507949
1491,1482,190848.0,190.848000,15.49594676,128,0,sigmoid,0,187,,,0,0,0,0.971498388306,0.0285016116936,1,0,0,1631.401815,2.507949
1492,1483,190976.0,190.976000,16.20487607,128,0,sigmoid,0,187,,,0,0,0,0.970835538103,0.0291644618969,1,0,0,1632.204497,2.507949
1493,1484,191104.0,191.104000,16.71732676,128,0,sigmoid,0,187,,,0,0,0,0.970474981514,0.0295250184861,1,0,0,1633.020402,2.507949
1494,1485,191232.0,191.232000,15.10436881,128,0,sigmoid,0,187,,,0,0,0,0.972220617661,0.0277793823392,1,0,0,1633.826237,2.507949
1495,1486,191360.0,191.360000,15.67414308,128,0,sigmoid,0,187,,,0,0,0,0.971452587249,0.0285474127513,1,0,0,1634.929265,2.507949
1496,1487,191488.0,191.488000,16.07477260,128,0,sigmoid,0,187,,,0,0,0,0.97060107961,0.0293989203896,1,0,0,1636.020855,2.507949
1497,1488,191616.0,191.616000,15.82493830,128,0,sigmoid,0,188,,,0,0,0,0.971263251429,0.0287367485711,1,0,0,1637.108782,2.507949
1498,1489,191744.0,191.744000,15.48599756,128,0,sigmoid,0,188,,,0,0,0,0.970373941942,0.029626058058,1,0,0,1638.195451,2.507949
1499,1490,191872.0,191.872000,16.91115594,128,0,sigmoid,0,188,,,0,0,0,0.970679494782,0.0293205052183,1,0,0,1639.284500,2.507949
1500,1491,192000.0,192.000000,14.69895017,128,0,sigmoid,0,188,,,0,0,0,0.97025616309,0.0297438369099,1,0,0,1640.373952,2.507949
1501,1492,192128.0,192.128000,18.95273852,128,0,sigmoid,0,188,,,0,0,0,0.968851039507,0.0311489604926,1,0,0,1641.466644,2.507949
1502,1493,192256.0,192.256000,15.55222082,128,0,sigmoid,0,188,,,0,0,0,0.972981884203,0.0270181157972,1,0,0,1642.563201,2.507949
1503,1494,192384.0,192.384000,16.08817661,128,0,sigmoid,0,188,,,0,0,0,0.971030002037,0.0289699979633,1,0,0,1643.654429,2.507949
1504,1495,192512.0,192.512000,15.89642358,128,0,sigmoid,0,188,,,0,0,0,0.971006122021,0.0289938779787,1,0,0,1644.750196,2.507949
1505,1496,192640.0,192.640000,16.97863698,128,0,sigmoid,0,189,,,0,0,0,0.97047079035,0.0295292096497,1,0,0,1645.827672,2.507949
1506,1497,192768.0,192.768000,18.16306949,128,0,sigmoid,0,189,,,0,0,0,0.969809614936,0.0301903850638,1,0,0,1646.932559,2.507949
1507,1498,192896.0,192.896000,15.29984832,128,0,sigmoid,0,189,,,0,0,0,0.972116014622,0.027883985378,1,0,0,1648.020237,2.507949
1508,1499,193024.0,193.024000,17.98066521,128,0,sigmoid,0,189,,,0,0,0,0.969759813283,0.0302401867167,1,0,0,1649.108899,2.507949
1509,1500,193152.0,193.152000,15.96119308,128,0,sigmoid,0,189,,,0,0,0,0.970974352927,0.0290256470725,1,0,0,1650.198699,2.507949
1510,1501,193280.0,193.280000,16.29999769,128,0,sigmoid,0,189,,,0,0,0,0.972525642558,0.0274743574424,1,0,0,1651.286251,2.507949
1511,1502,193408.0,193.408000,14.94304109,128,0,sigmoid,0,189,,,0,0,0,0.971963515537,0.028036484463,1,0,0,1652.375993,2.507949
1512,1503,193536.0,193.536000,15.44795907,128,0,sigmoid,0,189,,,0,0,0,0.972291428777,0.0277085712232,1,0,0,1653.462213,2.507949
1513,1504,193664.0,193.664000,15.84555817,128,0,sigmoid,0,190,,,0,0,0,0.971490730149,0.0285092698506,1,0,0,1654.548758,2.507949
1514,1505,193792.0,193.792000,15.46693063,128,0,sigmoid,0,190,,,0,0,0,0.970850906833,0.0291490931666,1,0,0,1655.630383,2.507949
1515,1506,193920.0,193.920000,16.67687094,128,0,sigmoid,0,190,,,0,0,0,0.970775384589,0.0292246154107,1,0,0,1656.734916,2.507949
1516,1507,194048.0,194.048000,14.42117882,128,0,sigmoid,0,190,,,0,0,0,0.971773515605,0.028226484395,1,0,0,1657.839774,2.507949
1517,1508,194176.0,194.176000,17.39959860,128,0,sigmoid,0,190,,,0,0,0,0.969383428699,0.0306165713011,1,0,0,1658.928156,2.507949
1518,1509,194304.0,194.304000,17.02437556,128,0,sigmoid,0,190,,,0,0,0,0.970391814265,0.0296081857351,1,0,0,1660.018611,2.507949
1519,1510,194432.0,194.432000,16.81482017,128,0,sigmoid,0,190,,,0,0,0,0.970179164518,0.0298208354821,1,0,0,1661.113540,2.507949
1520,1511,194560.0,194.560000,16.16371047,128,0,sigmoid,0,190,,,0,0,0,0.970938981477,0.0290610185226,1,0,0,1662.220710,2.507949
1521,1512,194688.0,194.688000,15.96086121,128,0,sigmoid,0,191,,,0,0,0,0.970531879208,0.029468120792,1,0,0,1663.312175,2.507949
1522,1513,194816.0,194.816000,15.23354483,128,0,sigmoid,0,191,,,0,0,0,0.971663827548,0.0283361724522,1,0,0,1664.401622,2.507949
1523,1514,194944.0,194.944000,17.56718051,128,0,sigmoid,0,191,,,0,0,0,0.970169382607,0.0298306173927,1,0,0,1665.486430,2.507949
1524,1515,195072.0,195.072000,16.89364064,128,0,sigmoid,0,191,,,0,0,0,0.971932400287,0.0280675997135,1,0,0,1666.574791,2.507949
1525,1516,195200.0,195.200000,15.66486382,128,0,sigmoid,0,191,,,0,0,0,0.970399837397,0.0296001626027,1,0,0,1667.663519,2.507949
1526,1517,195328.0,195.328000,16.97163165,128,0,sigmoid,0,191,,,0,0,0,0.971587074226,0.0284129257745,1,0,0,1668.768616,2.507949
1527,1518,195456.0,195.456000,15.04739070,128,0,sigmoid,0,191,,,0,0,0,0.97034863886,0.02965136114,1,0,0,1669.855649,2.507949
1528,1519,195584.0,195.584000,16.08307397,128,0,sigmoid,0,191,,,0,0,0,0.970916337154,0.0290836628459,1,0,0,1670.941258,2.507949
1529,1520,195712.0,195.712000,15.61878037,128,0,sigmoid,0,192,,,0,0,0,0.971109160598,0.0288908394021,1,0,0,1672.025128,2.507949
1530,1521,195840.0,195.840000,15.92453992,128,0,sigmoid,0,192,,,0,0,0,0.969945868394,0.0300541316062,1,0,0,1673.115588,2.507949
1531,1522,195968.0,195.968000,17.30676699,128,0,sigmoid,0,192,,,0,0,0,0.96994492126,0.0300550787396,1,0,0,1674.200819,2.507949
1532,1523,196096.0,196.096000,16.05889595,128,0,sigmoid,0,192,,,0,0,0,0.972335783927,0.0276642160735,1,0,0,1675.282383,2.507949
1533,1524,196224.0,196.224000,16.19568634,128,0,sigmoid,0,192,,,0,0,0,0.972116792177,0.0278832078227,1,0,0,1676.372953,2.507949
1534,1525,196352.0,196.352000,15.37051725,128,0,sigmoid,0,192,,,0,0,0,0.971622467436,0.0283775325641,1,0,0,1677.463015,2.507949
1535,1526,196480.0,196.480000,14.75701821,128,0,sigmoid,0,192,,,0,0,0,0.972089755987,0.027910244013,1,0,0,1678.548527,2.507949
1536,1527,196608.0,196.608000,16.42729700,128,0,sigmoid,0,192,,,0,0,0,0.970353434688,0.0296465653125,1,0,0,1679.637215,2.507949
1537,1528,196736.0,196.736000,16.78594601,128,0,sigmoid,0,193,,,0,0,0,0.97047812316,0.0295218768397,1,0,0,1680.724690,2.507949
1538,1529,196864.0,196.864000,16.04268193,128,0,sigmoid,0,193,,,0,0,0,0.971491447288,0.0285085527122,1,0,0,1684.599343,2.507949
1539,1530,196992.0,196.992000,16.81374002,128,0,sigmoid,0,193,,,0,0,0,0.970027259324,0.0299727406756,1,0,0,1685.686797,2.507949
1540,1531,197120.0,197.120000,14.26544094,128,0,sigmoid,0,193,,,0,0,0,0.973532370829,0.0264676291707,1,0,0,1686.783531,2.507949
1541,1532,197248.0,197.248000,16.65752304,128,0,sigmoid,0,193,,,0,0,0,0.971030940593,0.0289690594072,1,0,0,1687.862795,2.507949
1542,1533,197376.0,197.376000,15.51292431,128,0,sigmoid,0,193,,,0,0,0,0.971756580947,0.0282434190532,1,0,0,1688.944819,2.507949
1543,1534,197504.0,197.504000,16.30104423,128,0,sigmoid,0,193,,,0,0,0,0.970904638259,0.0290953617411,1,0,0,1690.025895,2.507949
1544,1535,197632.0,197.632000,14.18467748,128,0,sigmoid,0,193,,,0,0,0,0.971542973421,0.028457026579,1,0,0,1691.158468,2.507949
1545,1536,197760.0,197.760000,16.14738703,128,0,sigmoid,0,194,,,0,0,0,0.972060395958,0.0279396040417,1,0,0,1692.237772,2.507949
1546,1537,197888.0,197.888000,17.10834897,128,0,sigmoid,0,194,,,0,0,0,0.970119042086,0.029880957914,1,0,0,1693.376930,2.507949
1547,1538,198016.0,198.016000,16.48837447,128,0,sigmoid,0,194,,,0,0,0,0.971260493789,0.0287395062111,1,0,0,1694.450999,2.507949
1548,1539,198144.0,198.144000,15.25076902,128,0,sigmoid,0,194,,,0,0,0,0.971599431763,0.0284005682372,1,0,0,1695.609795,2.507949
1549,1540,198272.0,198.272000,16.62282288,128,0,sigmoid,0,194,,,0,0,0,0.970215352551,0.0297846474493,1,0,0,1696.686169,2.507949
1550,1541,198400.0,198.400000,15.15906298,128,0,sigmoid,0,194,,,0,0,0,0.973230023146,0.0267699768535,1,0,0,1697.773686,2.507949
1551,1542,198528.0,198.528000,17.27102673,128,0,sigmoid,0,194,,,0,0,0,0.969863443247,0.0301365567526,1,0,0,1698.807098,2.507949
1552,1543,198656.0,198.656000,16.26592016,128,0,sigmoid,0,194,,,0,0,0,0.970996354166,0.0290036458344,1,0,0,1699.889566,2.507949
1553,1544,198784.0,198.784000,16.84785366,128,0,sigmoid,0,195,,,0,0,0,0.970283817669,0.0297161823307,1,0,0,1700.977157,2.507949
1554,1545,198912.0,198.912000,15.42732012,128,0,sigmoid,0,195,,,0,0,0,0.972205576838,0.0277944231617,1,0,0,1702.060634,2.507949
1555,1546,199040.0,199.040000,15.58399439,128,0,sigmoid,0,195,,,0,0,0,0.970443886132,0.0295561138682,1,0,0,1703.141238,2.507949
1556,1547,199168.0,199.168000,15.50019920,128,0,sigmoid,0,195,,,0,0,0,0.972075647484,0.0279243525158,1,0,0,1704.222385,2.507949
1557,1548,199296.0,199.296000,15.21416545,128,0,sigmoid,0,195,,,0,0,0,0.971174163786,0.0288258362141,1,0,0,1705.303157,2.507949
1558,1549,199424.0,199.424000,15.46513236,128,0,sigmoid,0,195,,,0,0,0,0.971501366139,0.0284986338606,1,0,0,1706.386288,2.507949
1559,1550,199552.0,199.552000,15.24870658,128,0,sigmoid,0,195,,,0,0,0,0.971076090792,0.0289239092078,1,0,0,1707.464766,2.507949
1560,1551,199680.0,199.680000,15.65611124,128,0,sigmoid,0,195,,,0,0,0,0.971076366941,0.0289236330592,1,0,0,1708.548913,2.507949
1561,1552,199808.0,199.808000,15.34384763,128,0,sigmoid,0,196,,,0,0,0,0.971042615071,0.0289573849291,1,0,0,1709.626157,2.507949
1562,1553,199936.0,199.936000,16.55054343,128,0,sigmoid,0,196,,,0,0,0,0.970090220821,0.0299097791787,1,0,0,1710.709737,2.507949
1563,1554,200064.0,200.064000,15.38392973,128,0,sigmoid,0,196,,,0,0,0,0.971244223941,0.0287557760589,1,0,0,1711.795091,2.507949
1564,1555,200192.0,200.192000,15.33127189,128,0,sigmoid,0,196,,,0,0,0,0.971985579424,0.0280144205757,1,0,0,1712.878621,2.507949
1565,1556,200320.0,200.320000,16.17232680,128,0,sigmoid,0,196,,,0,0,0,0.971101149405,0.0288988505947,1,0,0,1713.968273,2.507949
1566,1557,200448.0,200.448000,16.97791326,128,0,sigmoid,0,196,,,0,0,0,0.969982209117,0.0300177908827,1,0,0,1715.073841,2.507949
1567,1558,200576.0,200.576000,14.94724011,128,0,sigmoid,0,196,,,0,0,0,0.972518029963,0.0274819700373,1,0,0,1716.166726,2.507949
1568,1559,200704.0,200.704000,16.30437708,128,0,sigmoid,0,196,,,0,0,0,0.971852617187,0.0281473828133,1,0,0,1717.258251,2.507949
1569,1560,200832.0,200.832000,17.65939093,128,0,sigmoid,0,197,,,0,0,0,0.968981457419,0.0310185425812,1,0,0,1718.358246,2.507949
1570,1561,200960.0,200.960000,15.58264124,128,0,sigmoid,0,197,,,0,0,0,0.971029050603,0.0289709493973,1,0,0,1719.457218,2.507949
1571,1562,201088.0,201.088000,15.98047662,128,0,sigmoid,0,197,,,0,0,0,0.971564027089,0.0284359729112,1,0,0,1720.541781,2.507949
1572,1563,201216.0,201.216000,15.35333943,128,0,sigmoid,0,197,,,0,0,0,0.972037817079,0.027962182921,1,0,0,1721.621204,2.507949
1573,1564,201344.0,201.344000,15.44684935,128,0,sigmoid,0,197,,,0,0,0,0.971810034602,0.0281899653978,1,0,0,1722.706149,2.507949
1574,1565,201472.0,201.472000,16.23389578,128,0,sigmoid,0,197,,,0,0,0,0.970165094579,0.0298349054206,1,0,0,1723.793215,2.507949
1575,1566,201600.0,201.600000,15.26909769,128,0,sigmoid,0,197,,,0,0,0,0.972077951049,0.0279220489505,1,0,0,1724.881439,2.507949
1576,1567,201728.0,201.728000,15.01584935,128,0,sigmoid,0,197,,,0,0,0,0.970920839894,0.0290791601058,1,0,0,1725.966238,2.507949
1577,1568,201856.0,201.856000,15.68410695,128,0,sigmoid,0,198,,,0,0,0,0.970292725193,0.0297072748066,1,0,0,1727.062892,2.507949
1578,1569,201984.0,201.984000,15.72941339,128,0,sigmoid,0,198,,,0,0,0,0.971884391501,0.0281156084992,1,0,0,1728.158133,2.507949
1579,1570,202112.0,202.112000,16.42037833,128,0,sigmoid,0,198,,,0,0,0,0.970107866726,0.0298921332741,1,0,0,1729.250689,2.507949
1580,1571,202240.0,202.240000,14.63292527,128,0,sigmoid,0,198,,,0,0,0,0.972654461824,0.027345538176,1,0,0,1730.345199,2.507949
1581,1572,202368.0,202.368000,17.44023430,128,0,sigmoid,0,198,,,0,0,0,0.969702524649,0.0302974753506,1,0,0,1731.437562,2.507949
1582,1573,202496.0,202.496000,16.80746353,128,0,sigmoid,0,198,,,0,0,0,0.970676169021,0.0293238309793,1,0,0,1732.561669,2.507949
1583,1574,202624.0,202.624000,16.37627220,128,0,sigmoid,0,198,,,0,0,0,0.970000086866,0.0299999131339,1,0,0,1733.754085,2.507949
1584,1575,202752.0,202.752000,15.86675262,128,0,sigmoid,0,198,,,0,0,0,0.971072517535,0.0289274824652,1,0,0,1734.845286,2.507949
1585,1576,202880.0,202.880000,17.62679255,128,0,sigmoid,0,199,,,0,0,0,0.969797715341,0.0302022846594,1,0,0,1735.936733,2.507949
1586,1577,203008.0,203.008000,14.30870140,128,0,sigmoid,0,199,,,0,0,0,0.972395364477,0.0276046355226,1,0,0,1737.029867,2.507949
1587,1578,203136.0,203.136000,15.47894943,128,0,sigmoid,0,199,,,0,0,0,0.97157430812,0.0284256918803,1,0,0,1738.125826,2.507949
1588,1579,203264.0,203.264000,15.06731796,128,0,sigmoid,0,199,,,0,0,0,0.972879895613,0.027120104387,1,0,0,1739.217960,2.507949
1589,1580,203392.0,203.392000,17.35879612,128,0,sigmoid,0,199,,,0,0,0,0.970038301722,0.0299616982784,1,0,0,1740.308199,2.507949
1590,1581,203520.0,203.520000,15.23901570,128,0,sigmoid,0,199,,,0,0,0,0.970710432257,0.0292895677433,1,0,0,1741.336725,2.507949
1591,1582,203648.0,203.648000,15.83464348,128,0,sigmoid,0,199,,,0,0,0,0.970859152673,0.0291408473272,1,0,0,1742.387204,2.507949
1592,1583,203776.0,203.776000,15.76861930,128,0,sigmoid,0,199,,,0,0,0,0.9711821254,0.0288178746002,1,0,0,1743.472858,2.507949
1593,1584,203904.0,203.904000,16.49645245,128,0,sigmoid,0,200,,,0,0,0,0.970632036091,0.0293679639085,1,0,0,1744.555827,2.507949
1594,1585,204032.0,204.032000,13.92483926,128,0,sigmoid,0,200,,,0,0,0,0.972924982558,0.0270750174418,1,0,0,1745.640422,2.507949
1595,1586,204160.0,204.160000,15.38202214,128,0,sigmoid,0,200,,,0,0,0,0.970623333458,0.0293766665415,1,0,0,1746.729172,2.507949
1596,1587,204288.0,204.288000,16.27324951,128,0,sigmoid,0,200,,,0,0,0,0.971545905071,0.0284540949294,1,0,0,1747.802610,2.507949
1597,1588,204416.0,204.416000,16.22296906,128,0,sigmoid,0,200,,,0,0,0,0.970591185114,0.0294088148864,1,0,0,1748.864009,2.507949
1598,1589,204544.0,204.544000,16.17056429,128,0,sigmoid,0,200,,,0,0,0,0.970898555574,0.0291014444259,1,0,0,1749.953602,2.507949
1599,1590,204672.0,204.672000,16.69865358,128,0,sigmoid,0,200,,,0,0,0,0.97019217095,0.0298078290502,1,0,0,1751.035053,2.507949
1600,1591,204800.0,204.800000,14.75321412,128,0,sigmoid,0,200,,,0,0,0,0.971551272851,0.0284487271494,1,0,0,1752.116693,2.507949
1601,1592,204928.0,204.928000,14.57153714,128,0,sigmoid,0,201,,,0,0,0,0.972898858662,0.0271011413382,1,0,0,1753.197342,2.507949
1602,1593,205056.0,205.056000,15.06881595,128,0,sigmoid,0,201,,,0,0,0,0.971684367634,0.0283156323665,1,0,0,1754.348702,2.507949
1603,1594,205184.0,205.184000,14.39819777,128,0,sigmoid,0,201,,,0,0,0,0.972301862002,0.0276981379978,1,0,0,1755.429188,2.507949
1604,1595,205312.0,205.312000,16.54750776,128,0,sigmoid,0,201,,,0,0,0,0.971017332367,0.0289826676327,1,0,0,1756.563719,2.507949
1605,1596,205440.0,205.440000,16.27125490,128,0,sigmoid,0,201,,,0,0,0,0.970714011174,0.0292859888256,1,0,0,1757.636813,2.507949
1606,1597,205568.0,205.568000,16.82840312,128,0,sigmoid,0,201,,,0,0,0,0.970575189774,0.029424810226,1,0,0,1758.644632,2.507949
1607,1598,205696.0,205.696000,16.28708827,128,0,sigmoid,0,201,,,0,0,0,0.971355154513,0.028644845487,1,0,0,1759.709965,2.507949
1608,1599,205824.0,205.824000,17.17102432,128,0,sigmoid,0,201,,,0,0,0,0.971534892879,0.0284651071211,1,0,0,1760.716934,2.507949
1609,1600,205952.0,205.952000,16.31341672,128,0,sigmoid,0,202,,,0,0,0,0.97080209245,0.0291979075503,1,0,0,1761.812152,2.507949
1610,1601,206080.0,206.080000,15.60247195,128,0,sigmoid,0,202,,,0,0,0,0.971772366643,0.028227633357,1,0,0,1762.836716,2.507949
1611,1602,206208.0,206.208000,15.51516378,128,0,sigmoid,0,202,,,0,0,0,0.971424835074,0.0285751649265,1,0,0,1763.923826,2.507949
1612,1603,206336.0,206.336000,16.21501076,128,0,sigmoid,0,202,,,0,0,0,0.970907727772,0.0290922722279,1,0,0,1765.010756,2.507949
1613,1604,206464.0,206.464000,16.96310949,128,0,sigmoid,0,202,,,0,0,0,0.970931765774,0.0290682342264,1,0,0,1766.099404,2.507949
1614,1605,206592.0,206.592000,15.07671356,128,0,sigmoid,0,202,,,0,0,0,0.970530638775,0.0294693612249,1,0,0,1767.186202,2.507949
1615,1606,206720.0,206.720000,14.76786125,128,0,sigmoid,0,202,,,0,0,0,0.971870972415,0.0281290275855,1,0,0,1768.274113,2.507949
1616,1607,206848.0,206.848000,15.36568284,128,0,sigmoid,0,202,,,0,0,0,0.971793917862,0.0282060821379,1,0,0,1769.356560,2.507949
1617,1608,206976.0,206.976000,18.00509202,128,0,sigmoid,0,203,,,0,0,0,0.969883766907,0.0301162330934,1,0,0,1770.439065,2.507949
1618,1609,207104.0,207.104000,15.75943816,128,0,sigmoid,0,203,,,0,0,0,0.970720494905,0.0292795050953,1,0,0,1771.522319,2.507949
1619,1610,207232.0,207.232000,16.28447402,128,0,sigmoid,0,203,,,0,0,0,0.971242977016,0.0287570229845,1,0,0,1772.607442,2.507949
1620,1611,207360.0,207.360000,14.87174106,128,0,sigmoid,0,203,,,0,0,0,0.971841269007,0.0281587309929,1,0,0,1773.691055,2.507949
1621,1612,207488.0,207.488000,14.99288177,128,0,sigmoid,0,203,,,0,0,0,0.972016024788,0.0279839752122,1,0,0,1774.777702,2.507949
1622,1613,207616.0,207.616000,16.16273308,128,0,sigmoid,0,203,,,0,0,0,0.970688394785,0.0293116052149,1,0,0,1775.846403,2.507949
1623,1614,207744.0,207.744000,16.50771081,128,0,sigmoid,0,203,,,0,0,0,0.970053529817,0.0299464701834,1,0,0,1776.940330,2.507949
1624,1615,207872.0,207.872000,17.31879056,128,0,sigmoid,0,203,,,0,0,0,0.971178521142,0.0288214788576,1,0,0,1778.023988,2.507949
1625,1616,208000.0,208.000000,15.52407920,128,0,sigmoid,0,204,,,0,0,0,0.971349466952,0.0286505330479,1,0,0,1779.107474,2.507949
1626,1617,208128.0,208.128000,17.17408538,128,0,sigmoid,0,204,,,0,0,0,0.970756509556,0.0292434904436,1,0,0,1780.177948,2.507949
1627,1618,208256.0,208.256000,18.41431355,128,0,sigmoid,0,204,,,0,0,0,0.969610113093,0.0303898869074,1,0,0,1781.283049,2.507949
1628,1619,208384.0,208.384000,15.36279118,128,0,sigmoid,0,204,,,0,0,0,0.971174850915,0.0288251490852,1,0,0,1782.379133,2.507949
1629,1620,208512.0,208.512000,17.61530173,128,0,sigmoid,0,204,,,0,0,0,0.969717081632,0.0302829183685,1,0,0,1783.457898,2.507949
1630,1621,208640.0,208.640000,16.48750627,128,0,sigmoid,0,204,,,0,0,0,0.970463721548,0.0295362784518,1,0,0,1784.554402,2.507949
1631,1622,208768.0,208.768000,15.65601444,128,0,sigmoid,0,204,,,0,0,0,0.971247884784,0.0287521152165,1,0,0,1785.641070,2.507949
1632,1623,208896.0,208.896000,16.69594741,128,0,sigmoid,0,204,,,0,0,0,0.971929134139,0.028070865861,1,0,0,1786.712712,2.507949
1633,1624,209024.0,209.024000,16.45350766,128,0,sigmoid,0,205,,,0,0,0,0.970981139728,0.0290188602723,1,0,0,1787.813142,2.507949
1634,1625,209152.0,209.152000,14.74178338,128,0,sigmoid,0,205,,,0,0,0,0.971565735625,0.0284342643752,1,0,0,1788.900625,2.507949
1635,1626,209280.0,209.280000,16.67769730,128,0,sigmoid,0,205,,,0,0,0,0.970156412216,0.0298435877844,1,0,0,1789.970544,2.507949
1636,1627,209408.0,209.408000,14.65214837,128,0,sigmoid,0,205,,,0,0,0,0.972236257943,0.0277637420569,1,0,0,1791.066120,2.507949
1637,1628,209536.0,209.536000,16.18099654,128,0,sigmoid,0,205,,,0,0,0,0.971088561953,0.028911438047,1,0,0,1792.136158,2.507949
1638,1629,209664.0,209.664000,16.25936651,128,0,sigmoid,0,205,,,0,0,0,0.972783803917,0.0272161960831,1,0,0,1793.218935,2.507949
1639,1630,209792.0,209.792000,14.86394012,128,0,sigmoid,0,205,,,0,0,0,0.97101609862,0.0289839013801,1,0,0,1794.309313,2.507949
1640,1631,209920.0,209.920000,15.87525225,128,0,sigmoid,0,205,,,0,0,0,0.972213889853,0.0277861101467,1,0,0,1795.394243,2.507949
1641,1632,210048.0,210.048000,17.91710961,128,0,sigmoid,0,206,,,0,0,0,0.968823121306,0.031176878694,1,0,0,1796.474164,2.507949
1642,1633,210176.0,210.176000,16.67171693,128,0,sigmoid,0,206,,,0,0,0,0.971145097776,0.0288549022244,1,0,0,1797.556669,2.507949
1643,1634,210304.0,210.304000,15.99924874,128,0,sigmoid,0,206,,,0,0,0,0.971654636522,0.0283453634776,1,0,0,1798.621810,2.507949
1644,1635,210432.0,210.432000,16.39268827,128,0,sigmoid,0,206,,,0,0,0,0.969492381495,0.0305076185053,1,0,0,1799.716605,2.507949
1645,1636,210560.0,210.560000,17.06593859,128,0,sigmoid,0,206,,,0,0,0,0.971181249736,0.0288187502635,1,0,0,1800.753526,2.507949
1646,1637,210688.0,210.688000,15.90578949,128,0,sigmoid,0,206,,,0,0,0,0.971363708777,0.0286362912226,1,0,0,1801.889526,2.507949
1647,1638,210816.0,210.816000,16.06055212,128,0,sigmoid,0,206,,,0,0,0,0.97223952027,0.0277604797303,1,0,0,1802.970307,2.507949
1648,1639,210944.0,210.944000,15.68700790,128,0,sigmoid,0,206,,,0,0,0,0.970541259397,0.0294587406031,1,0,0,1804.054919,2.507949
1649,1640,211072.0,211.072000,15.61143792,128,0,sigmoid,0,207,,,0,0,0,0.971842794336,0.028157205664,1,0,0,1805.139314,2.507949
1650,1641,211200.0,211.200000,14.64789212,128,0,sigmoid,0,207,,,0,0,0,0.972044690585,0.0279553094149,1,0,0,1806.212681,2.507949
1651,1642,211328.0,211.328000,15.47672749,128,0,sigmoid,0,207,,,0,0,0,0.9708398893,0.0291601106996,1,0,0,1807.314747,2.507949
1652,1643,211456.0,211.456000,15.56635928,128,0,sigmoid,0,207,,,0,0,0,0.97190888362,0.0280911163802,1,0,0,1808.402950,2.507949
1653,1644,211584.0,211.584000,17.07917094,128,0,sigmoid,0,207,,,0,0,0,0.971070580083,0.0289294199174,1,0,0,1809.485418,2.507949
1654,1645,211712.0,211.712000,14.77223670,128,0,sigmoid,0,207,,,0,0,0,0.971704472682,0.0282955273181,1,0,0,1810.569109,2.507949
1655,1646,211840.0,211.840000,15.08741951,128,0,sigmoid,0,207,,,0,0,0,0.972636578851,0.0273634211492,1,0,0,1811.649282,2.507949
1656,1647,211968.0,211.968000,18.27416670,128,0,sigmoid,0,207,,,0,0,0,0.970058955715,0.0299410442854,1,0,0,1812.740366,2.507949
1657,1648,212096.0,212.096000,16.96372402,128,0,sigmoid,0,208,,,0,0,0,0.96992875915,0.0300712408501,1,0,0,1813.827101,2.507949
1658,1649,212224.0,212.224000,14.83534133,128,0,sigmoid,0,208,,,0,0,0,0.972512977268,0.0274870227317,1,0,0,1814.906557,2.507949
1659,1650,212352.0,212.352000,18.57058549,128,0,sigmoid,0,208,,,0,0,0,0.968825562775,0.0311744372248,1,0,0,1815.988646,2.507949
1660,1651,212480.0,212.480000,16.75846374,128,0,sigmoid,0,208,,,0,0,0,0.969806693712,0.0301933062876,1,0,0,1817.074036,2.507949
1661,1652,212608.0,212.608000,15.17243361,128,0,sigmoid,0,208,,,0,0,0,0.971391544113,0.0286084558867,1,0,0,1818.162129,2.507949
1662,1653,212736.0,212.736000,15.32238424,128,0,sigmoid,0,208,,,0,0,0,0.971285605396,0.0287143946044,1,0,0,1819.252848,2.507949
1663,1654,212864.0,212.864000,16.78611112,128,0,sigmoid,0,208,,,0,0,0,0.971093038961,0.028906961039,1,0,0,1820.333478,2.507949
1664,1655,212992.0,212.992000,15.67223430,128,0,sigmoid,0,208,,,0,0,0,0.970495987168,0.0295040128321,1,0,0,1821.474476,2.507949
1665,1656,213120.0,213.120000,17.76071751,128,0,sigmoid,0,209,,,0,0,0,0.970888883315,0.0291111166849,1,0,0,1822.610716,2.507949
1666,1657,213248.0,213.248000,16.43876922,128,0,sigmoid,0,209,,,0,0,0,0.970735436668,0.0292645633323,1,0,0,1823.758834,2.507949
1667,1658,213376.0,213.376000,16.23280227,128,0,sigmoid,0,209,,,0,0,0,0.971889036718,0.0281109632818,1,0,0,1824.894718,2.507949
1668,1659,213504.0,213.504000,16.81729436,128,0,sigmoid,0,209,,,0,0,0,0.969815330707,0.0301846692929,1,0,0,1825.966456,2.507949
1669,1660,213632.0,213.632000,15.32583535,128,0,sigmoid,0,209,,,0,0,0,0.971891441701,0.0281085582993,1,0,0,1827.134473,2.507949
1670,1661,213760.0,213.760000,17.96227431,128,0,sigmoid,0,209,,,0,0,0,0.969116640252,0.0308833597479,1,0,0,1828.207036,2.507949
1671,1662,213888.0,213.888000,16.78872073,128,0,sigmoid,0,209,,,0,0,0,0.970966504792,0.0290334952078,1,0,0,1829.295969,2.507949
1672,1663,214016.0,214.016000,17.40419328,128,0,sigmoid,0,209,,,0,0,0,0.970473350372,0.0295266496281,1,0,0,1830.387266,2.507949
1673,1664,214144.0,214.144000,15.35060239,128,0,sigmoid,0,210,,,0,0,0,0.972147156465,0.0278528435354,1,0,0,1831.473985,2.507949
1674,1665,214272.0,214.272000,16.35216784,128,0,sigmoid,0,210,,,0,0,0,0.971055716099,0.0289442839012,1,0,0,1832.580322,2.507949
1675,1666,214400.0,214.400000,16.12430310,128,0,sigmoid,0,210,,,0,0,0,0.972161647217,0.0278383527829,1,0,0,1833.674060,2.507949
1676,1667,214528.0,214.528000,15.73516130,128,0,sigmoid,0,210,,,0,0,0,0.971973175116,0.0280268248842,1,0,0,1834.762398,2.507949
1677,1668,214656.0,214.656000,15.97492671,128,0,sigmoid,0,210,,,0,0,0,0.972137511266,0.0278624887342,1,0,0,1835.858453,2.507949
1678,1669,214784.0,214.784000,17.21179080,128,0,sigmoid,0,210,,,0,0,0,0.970671512634,0.0293284873661,1,0,0,1836.947788,2.507949
1679,1670,214912.0,214.912000,16.91164601,128,0,sigmoid,0,210,,,0,0,0,0.970609686783,0.0293903132166,1,0,0,1838.039979,2.507949
1680,1671,215040.0,215.040000,16.49700212,128,0,sigmoid,0,210,,,0,0,0,0.969930971993,0.0300690280072,1,0,0,1839.133176,2.507949
1681,1672,215168.0,215.168000,16.29296720,128,0,sigmoid,0,211,,,0,0,0,0.970509327741,0.0294906722586,1,0,0,1840.221690,2.507949
1682,1673,215296.0,215.296000,14.50920928,128,0,sigmoid,0,211,,,0,0,0,0.972463869742,0.0275361302584,1,0,0,1841.306289,2.507949
1683,1674,215424.0,215.424000,16.77494740,128,0,sigmoid,0,211,,,0,0,0,0.971131479703,0.0288685202974,1,0,0,1842.397603,2.507949
1684,1675,215552.0,215.552000,17.40456128,128,0,sigmoid,0,211,,,0,0,0,0.971194135581,0.0288058644185,1,0,0,1843.476352,2.507949
1685,1676,215680.0,215.680000,16.91428399,128,0,sigmoid,0,211,,,0,0,0,0.970637072473,0.0293629275267,1,0,0,1844.564456,2.507949
1686,1677,215808.0,215.808000,16.61722803,128,0,sigmoid,0,211,,,0,0,0,0.971333371493,0.0286666285071,1,0,0,1845.645934,2.507949
1687,1678,215936.0,215.936000,18.31454420,128,0,sigmoid,0,211,,,0,0,0,0.969516965969,0.0304830340314,1,0,0,1846.733321,2.507949
1688,1679,216064.0,216.064000,16.97258604,128,0,sigmoid,0,211,,,0,0,0,0.971549654622,0.0284503453776,1,0,0,1847.820120,2.507949
1689,1680,216192.0,216.192000,16.37053442,128,0,sigmoid,0,212,,,0,0,0,0.971690727535,0.028309272465,1,0,0,1848.911856,2.507949
1690,1681,216320.0,216.320000,18.72206032,128,0,sigmoid,0,212,,,0,0,0,0.970788554137,0.0292114458634,1,0,0,1849.997959,2.507949
1691,1682,216448.0,216.448000,18.90310431,128,0,sigmoid,0,212,,,0,0,0,0.96943234272,0.0305676572798,1,0,0,1851.102986,2.507949
1692,1683,216576.0,216.576000,17.57601225,128,0,sigmoid,0,212,,,0,0,0,0.970327612355,0.0296723876446,1,0,0,1852.191170,2.507949
1693,1684,216704.0,216.704000,16.74927127,128,0,sigmoid,0,212,,,0,0,0,0.971572910926,0.0284270890737,1,0,0,1853.277744,2.507949
1694,1685,216832.0,216.832000,17.00488567,128,0,sigmoid,0,212,,,0,0,0,0.971574731289,0.0284252687109,1,0,0,1854.359611,2.507949
1695,1686,216960.0,216.960000,17.07289231,128,0,sigmoid,0,212,,,0,0,0,0.971107568234,0.0288924317661,1,0,0,1855.439949,2.507949
1696,1687,217088.0,217.088000,16.80483794,128,0,sigmoid,0,212,,,0,0,0,0.970812815748,0.0291871842525,1,0,0,1856.525178,2.507949
1697,1688,217216.0,217.216000,17.83047831,128,0,sigmoid,0,213,,,0,0,0,0.97121961817,0.0287803818299,1,0,0,1857.612330,2.507949
1698,1689,217344.0,217.344000,17.07672644,128,0,sigmoid,0,213,,,0,0,0,0.971094220122,0.0289057798784,1,0,0,1858.698537,2.507949
1699,1690,217472.0,217.472000,17.63548040,128,0,sigmoid,0,213,,,0,0,0,0.970212312169,0.029787687831,1,0,0,1859.782695,2.507949
1700,1691,217600.0,217.600000,15.30513418,128,0,sigmoid,0,213,,,0,0,0,0.972127183696,0.0278728163044,1,0,0,1860.868874,2.507949
1701,1692,217728.0,217.728000,16.26180637,128,0,sigmoid,0,213,,,0,0,0,0.970610945141,0.0293890548592,1,0,0,1861.957532,2.507949
1702,1693,217856.0,217.856000,17.55755663,128,0,sigmoid,0,213,,,0,0,0,0.969940684251,0.0300593157489,1,0,0,1863.037456,2.507949
1703,1694,217984.0,217.984000,16.82637668,128,0,sigmoid,0,213,,,0,0,0,0.970314365983,0.0296856340173,1,0,0,1864.117703,2.507949
1704,1695,218112.0,218.112000,16.23327994,128,0,sigmoid,0,213,,,0,0,0,0.970259117691,0.0297408823091,1,0,0,1865.197768,2.507949
1705,1696,218240.0,218.240000,16.76912463,128,0,sigmoid,0,214,,,0,0,0,0.970250720556,0.0297492794443,1,0,0,1866.280145,2.507949
1706,1697,218368.0,218.368000,14.52895987,128,0,sigmoid,0,214,,,0,0,0,0.971969534255,0.0280304657446,1,0,0,1867.364574,2.507949
1707,1698,218496.0,218.496000,17.57321930,128,0,sigmoid,0,214,,,0,0,0,0.970804992152,0.0291950078475,1,0,0,1868.450584,2.507949
1708,1699,218624.0,218.624000,15.55610693,128,0,sigmoid,0,214,,,0,0,0,0.97142300459,0.0285769954098,1,0,0,1869.531267,2.507949
1709,1700,218752.0,218.752000,14.48703778,128,0,sigmoid,0,214,,,0,0,0,0.971777648554,0.0282223514457,1,0,0,1870.611239,2.507949
1710,1701,218880.0,218.880000,16.07516348,128,0,sigmoid,0,214,,,0,0,0,0.970041970991,0.0299580290093,1,0,0,1871.700154,2.507949
1711,1702,219008.0,219.008000,17.27766824,128,0,sigmoid,0,214,,,0,0,0,0.969439351865,0.0305606481348,1,0,0,1872.787768,2.507949
1712,1703,219136.0,219.136000,16.59492421,128,0,sigmoid,0,214,,,0,0,0,0.969685431509,0.0303145684912,1,0,0,1873.868834,2.507949
1713,1704,219264.0,219.264000,15.97730982,128,0,sigmoid,0,215,,,0,0,0,0.971019979168,0.028980020832,1,0,0,1874.950887,2.507949
1714,1705,219392.0,219.392000,16.72401214,128,0,sigmoid,0,215,,,0,0,0,0.971395093769,0.0286049062306,1,0,0,1876.031928,2.507949
1715,1706,219520.0,219.520000,15.74460959,128,0,sigmoid,0,215,,,0,0,0,0.971884185082,0.0281158149183,1,0,0,1877.113035,2.507949
1716,1707,219648.0,219.648000,15.39305091,128,0,sigmoid,0,215,,,0,0,0,0.971520722921,0.0284792770786,1,0,0,1878.190590,2.507949
1717,1708,219776.0,219.776000,17.29701769,128,0,sigmoid,0,215,,,0,0,0,0.970358073419,0.0296419265806,1,0,0,1879.272664,2.507949
1718,1709,219904.0,219.904000,13.28512347,128,0,sigmoid,0,215,,,0,0,0,0.972938972598,0.0270610274022,1,0,0,1880.350784,2.507949
1719,1710,220032.0,220.032000,16.87785041,128,0,sigmoid,0,215,,,0,0,0,0.971027021283,0.0289729787168,1,0,0,1881.432588,2.507949
1720,1711,220160.0,220.160000,16.40245116,128,0,sigmoid,0,215,,,0,0,0,0.971383543548,0.0286164564524,1,0,0,1882.514515,2.507949
1721,1712,220288.0,220.288000,14.67215550,128,0,sigmoid,0,216,,,0,0,0,0.972199965672,0.0278000343284,1,0,0,1883.590216,2.507949
1722,1713,220416.0,220.416000,18.06285906,128,0,sigmoid,0,216,,,0,0,0,0.969400298291,0.0305997017086,1,0,0,1884.663113,2.507949
1723,1714,220544.0,220.544000,14.28662360,128,0,sigmoid,0,216,,,0,0,0,0.971217841292,0.0287821587076,1,0,0,1885.743247,2.507949
1724,1715,220672.0,220.672000,14.83659816,128,0,sigmoid,0,216,,,0,0,0,0.971294077343,0.0287059226573,1,0,0,1886.822179,2.507949
1725,1716,220800.0,220.800000,17.04612398,128,0,sigmoid,0,216,,,0,0,0,0.969563725097,0.0304362749031,1,0,0,1887.889626,2.507949
1726,1717,220928.0,220.928000,15.11921191,128,0,sigmoid,0,216,,,0,0,0,0.970250229774,0.0297497702263,1,0,0,1888.959232,2.507949
1727,1718,221056.0,221.056000,17.88833570,128,0,sigmoid,0,216,,,0,0,0,0.970505410157,0.0294945898427,1,0,0,1890.026946,2.507949
1728,1719,221184.0,221.184000,16.05073738,128,0,sigmoid,0,216,,,0,0,0,0.971980045643,0.0280199543571,1,0,0,1891.094744,2.507949
1729,1720,221312.0,221.312000,14.53155506,128,0,sigmoid,0,217,,,0,0,0,0.971888196407,0.0281118035927,1,0,0,1892.183604,2.507949
1730,1721,221440.0,221.440000,14.64764690,128,0,sigmoid,0,217,,,0,0,0,0.972338498089,0.0276615019108,1,0,0,1893.257740,2.507949
1731,1722,221568.0,221.568000,16.21005273,128,0,sigmoid,0,217,,,0,0,0,0.970163561211,0.0298364387886,1,0,0,1894.352591,2.507949
1732,1723,221696.0,221.696000,16.45430505,128,0,sigmoid,0,217,,,0,0,0,0.970746047121,0.0292539528795,1,0,0,1895.437758,2.507949
1733,1724,221824.0,221.824000,15.51645672,128,0,sigmoid,0,217,,,0,0,0,0.970726402434,0.0292735975665,1,0,0,1896.524539,2.507949
1734,1725,221952.0,221.952000,13.12959456,128,0,sigmoid,0,217,,,0,0,0,0.972730392858,0.0272696071419,1,0,0,1897.606691,2.507949
1735,1726,222080.0,222.080000,16.59734905,128,0,sigmoid,0,217,,,0,0,0,0.971120939536,0.0288790604639,1,0,0,1898.686444,2.507949
1736,1727,222208.0,222.208000,17.95892429,128,0,sigmoid,0,217,,,0,0,0,0.969842615044,0.0301573849557,1,0,0,1899.767758,2.507949
1737,1728,222336.0,222.336000,14.94637394,128,0,sigmoid,0,218,,,0,0,0,0.97215626135,0.0278437386502,1,0,0,1900.857511,2.507949
1738,1729,222464.0,222.464000,15.96498299,128,0,sigmoid,0,218,,,0,0,0,0.970977518322,0.0290224816785,1,0,0,1901.945918,2.507949
1739,1730,222592.0,222.592000,16.18659139,128,0,sigmoid,0,218,,,0,0,0,0.970978434327,0.0290215656731,1,0,0,1903.032372,2.507949
1740,1731,222720.0,222.720000,14.47960603,128,0,sigmoid,0,218,,,0,0,0,0.97183741069,0.0281625893102,1,0,0,1904.112642,2.507949
1741,1732,222848.0,222.848000,16.45622659,128,0,sigmoid,0,218,,,0,0,0,0.97058183485,0.0294181651502,1,0,0,1905.192363,2.507949
1742,1733,222976.0,222.976000,13.72582948,128,0,sigmoid,0,218,,,0,0,0,0.972092087415,0.0279079125854,1,0,0,1906.284246,2.507949
1743,1734,223104.0,223.104000,16.50125480,128,0,sigmoid,0,218,,,0,0,0,0.972237815946,0.0277621840537,1,0,0,1907.376328,2.507949
1744,1735,223232.0,223.232000,16.38023901,128,0,sigmoid,0,218,,,0,0,0,0.970362625482,0.029637374518,1,0,0,1908.457414,2.507949
1745,1736,223360.0,223.360000,15.98744869,128,0,sigmoid,0,219,,,0,0,0,0.970081818221,0.0299181817786,1,0,0,1909.543302,2.507949
1746,1737,223488.0,223.488000,16.85451198,128,0,sigmoid,0,219,,,0,0,0,0.97150398704,0.0284960129598,1,0,0,1910.624443,2.507949
1747,1738,223616.0,223.616000,18.52563500,128,0,sigmoid,0,219,,,0,0,0,0.969751373016,0.030248626984,1,0,0,1911.713613,2.507949
1748,1739,223744.0,223.744000,15.44969952,128,0,sigmoid,0,219,,,0,0,0,0.971180792698,0.0288192073019,1,0,0,1912.802711,2.507949
1749,1740,223872.0,223.872000,16.32524562,128,0,sigmoid,0,219,,,0,0,0,0.972488400941,0.0275115990593,1,0,0,1913.884465,2.507949
1750,1741,224000.0,224.000000,16.44301045,128,0,sigmoid,0,219,,,0,0,0,0.971165258301,0.0288347416988,1,0,0,1914.966824,2.507949
1751,1742,224128.0,224.128000,16.31796837,128,0,sigmoid,0,219,,,0,0,0,0.971532851678,0.0284671483215,1,0,0,1916.047002,2.507949
1752,1743,224256.0,224.256000,14.95395267,128,0,sigmoid,0,219,,,0,0,0,0.972183782619,0.0278162173814,1,0,0,1917.139210,2.507949
1753,1744,224384.0,224.384000,15.82104850,128,0,sigmoid,0,220,,,0,0,0,0.971156527064,0.0288434729355,1,0,0,1918.229024,2.507949
1754,1745,224512.0,224.512000,14.83838618,128,0,sigmoid,0,220,,,0,0,0,0.971704580722,0.0282954192782,1,0,0,1919.313938,2.507949
1755,1746,224640.0,224.640000,15.89053738,128,0,sigmoid,0,220,,,0,0,0,0.970020649111,0.029979350889,1,0,0,1920.396449,2.507949
1756,1747,224768.0,224.768000,14.77497780,128,0,sigmoid,0,220,,,0,0,0,0.971798670513,0.0282013294869,1,0,0,1921.480607,2.507949
1757,1748,224896.0,224.896000,15.93611932,128,0,sigmoid,0,220,,,0,0,0,0.970705356123,0.0292946438766,1,0,0,1922.566563,2.507949
1758,1749,225024.0,225.024000,16.64733648,128,0,sigmoid,0,220,,,0,0,0,0.970696827206,0.0293031727944,1,0,0,1923.649750,2.507949
1759,1750,225152.0,225.152000,14.02570903,128,0,sigmoid,0,220,,,0,0,0,0.971823998505,0.028176001495,1,0,0,1924.734408,2.507949
1760,1751,225280.0,225.280000,15.85058308,128,0,sigmoid,0,220,,,0,0,0,0.970882062893,0.0291179371069,1,0,0,1925.827113,2.507949
1761,1752,225408.0,225.408000,15.61936343,128,0,sigmoid,0,221,,,0,0,0,0.97161365066,0.0283863493401,1,0,0,1926.908113,2.507949
1762,1753,225536.0,225.536000,15.06338120,128,0,sigmoid,0,221,,,0,0,0,0.971850564698,0.0281494353018,1,0,0,1927.988763,2.507949
1763,1754,225664.0,225.664000,15.29136384,128,0,sigmoid,0,221,,,0,0,0,0.972356999497,0.0276430005034,1,0,0,1929.071254,2.507949
1764,1755,225792.0,225.792000,17.86182427,128,0,sigmoid,0,221,,,0,0,0,0.969634922186,0.0303650778143,1,0,0,1930.155836,2.507949
1765,1756,225920.0,225.920000,16.70189822,128,0,sigmoid,0,221,,,0,0,0,0.970904666075,0.0290953339253,1,0,0,1931.247192,2.507949
1766,1757,226048.0,226.048000,14.64174938,128,0,sigmoid,0,221,,,0,0,0,0.972267266271,0.0277327337292,1,0,0,1932.340487,2.507949
1767,1758,226176.0,226.176000,15.26977837,128,0,sigmoid,0,221,,,0,0,0,0.970863017423,0.0291369825774,1,0,0,1933.425734,2.507949
1768,1759,226304.0,226.304000,15.71396768,128,0,sigmoid,0,221,,,0,0,0,0.970886502478,0.0291134975219,1,0,0,1934.503114,2.507949
1769,1760,226432.0,226.432000,15.38042784,128,0,sigmoid,0,222,,,0,0,0,0.971539945438,0.0284600545623,1,0,0,1935.580765,2.507949
1770,1761,226560.0,226.560000,14.76503623,128,0,sigmoid,0,222,,,0,0,0,0.972513962388,0.0274860376115,1,0,0,1936.667806,2.507949
1771,1762,226688.0,226.688000,14.68427813,128,0,sigmoid,0,222,,,0,0,0,0.972581353233,0.0274186467667,1,0,0,1937.751570,2.507949
1772,1763,226816.0,226.816000,16.53442931,128,0,sigmoid,0,222,,,0,0,0,0.970785141314,0.029214858686,1,0,0,1938.830440,2.507949
1773,1764,226944.0,226.944000,15.98492277,128,0,sigmoid,0,222,,,0,0,0,0.97034529162,0.0296547083803,1,0,0,1939.907992,2.507949
1774,1765,227072.0,227.072000,14.89167678,128,0,sigmoid,0,222,,,0,0,0,0.972678380445,0.027321619555,1,0,0,1940.985704,2.507949
1775,1766,227200.0,227.200000,15.04384828,128,0,sigmoid,0,222,,,0,0,0,0.971191324176,0.0288086758242,1,0,0,1942.064084,2.507949
1776,1767,227328.0,227.328000,15.75168824,128,0,sigmoid,0,222,,,0,0,0,0.970428074747,0.0295719252527,1,0,0,1943.143405,2.507949
1777,1768,227456.0,227.456000,15.14616048,128,0,sigmoid,0,223,,,0,0,0,0.971168202892,0.0288317971076,1,0,0,1944.228101,2.507949
1778,1769,227584.0,227.584000,15.49539185,128,0,sigmoid,0,223,,,0,0,0,0.971334396337,0.0286656036632,1,0,0,1945.311124,2.507949
1779,1770,227712.0,227.712000,17.24633396,128,0,sigmoid,0,223,,,0,0,0,0.970533193993,0.0294668060065,1,0,0,1946.396329,2.507949
1780,1771,227840.0,227.840000,15.10587776,128,0,sigmoid,0,223,,,0,0,0,0.972987578013,0.0270124219867,1,0,0,1947.478320,2.507949
1781,1772,227968.0,227.968000,17.46528113,128,0,sigmoid,0,223,,,0,0,0,0.97094332813,0.0290566718704,1,0,0,1948.562654,2.507949
1782,1773,228096.0,228.096000,17.03091526,128,0,sigmoid,0,223,,,0,0,0,0.969096750251,0.0309032497492,1,0,0,1949.644773,2.507949
1783,1774,228224.0,228.224000,14.26170468,128,0,sigmoid,0,223,,,0,0,0,0.972200606156,0.0277993938443,1,0,0,1950.735269,2.507949
1784,1775,228352.0,228.352000,17.00040376,128,0,sigmoid,0,223,,,0,0,0,0.97024103432,0.0297589656804,1,0,0,1951.806201,2.507949
1785,1776,228480.0,228.480000,16.74515009,128,0,sigmoid,0,224,,,0,0,0,0.970230479726,0.029769520274,1,0,0,1952.875474,2.507949
1786,1777,228608.0,228.608000,15.84225571,128,0,sigmoid,0,224,,,0,0,0,0.971784841539,0.0282151584607,1,0,0,1953.949113,2.507949
1787,1778,228736.0,228.736000,14.45826733,128,0,sigmoid,0,224,,,0,0,0,0.97316053151,0.0268394684898,1,0,0,1955.026405,2.507949
1788,1779,228864.0,228.864000,16.28805506,128,0,sigmoid,0,224,,,0,0,0,0.971134947796,0.0288650522041,1,0,0,1956.098663,2.507949
1789,1780,228992.0,228.992000,17.03736460,128,0,sigmoid,0,224,,,0,0,0,0.969799611958,0.0302003880419,1,0,0,1957.167017,2.507949
1790,1781,229120.0,229.120000,18.40198684,128,0,sigmoid,0,224,,,0,0,0,0.969628914237,0.0303710857633,1,0,0,1958.232471,2.507949
1791,1782,229248.0,229.248000,16.55730629,128,0,sigmoid,0,224,,,0,0,0,0.96995868829,0.0300413117099,1,0,0,1959.327540,2.507949
1792,1783,229376.0,229.376000,15.66026843,128,0,sigmoid,0,224,,,0,0,0,0.971696175718,0.0283038242823,1,0,0,1960.410901,2.507949
1793,1784,229504.0,229.504000,15.35907233,128,0,sigmoid,0,225,,,0,0,0,0.971905518812,0.028094481188,1,0,0,1961.491835,2.507949
1794,1785,229632.0,229.632000,15.45072925,128,0,sigmoid,0,225,,,0,0,0,0.971641995189,0.0283580048108,1,0,0,1962.574908,2.507949
1795,1786,229760.0,229.760000,15.68791413,128,0,sigmoid,0,225,,,0,0,0,0.970940423705,0.0290595762951,1,0,0,1963.657850,2.507949
1796,1787,229888.0,229.888000,14.99718297,128,0,sigmoid,0,225,,,0,0,0,0.971799625463,0.0282003745367,1,0,0,1964.738373,2.507949
1797,1788,230016.0,230.016000,14.96239877,128,0,sigmoid,0,225,,,0,0,0,0.970568597091,0.0294314029085,1,0,0,1965.819107,2.507949
1798,1789,230144.0,230.144000,17.07568526,128,0,sigmoid,0,225,,,0,0,0,0.970040768608,0.0299592313924,1,0,0,1966.903598,2.507949
1799,1790,230272.0,230.272000,15.75697219,128,0,sigmoid,0,225,,,0,0,0,0.971211312843,0.0287886871574,1,0,0,1967.988232,2.507949
1800,1791,230400.0,230.400000,15.13301909,128,0,sigmoid,0,225,,,0,0,0,0.971407494647,0.0285925053528,1,0,0,1969.077328,2.507949
1801,1792,230528.0,230.528000,17.01222765,128,0,sigmoid,0,226,,,0,0,0,0.970179719177,0.0298202808225,1,0,0,1970.163188,2.507949
1802,1793,230656.0,230.656000,15.80275190,128,0,sigmoid,0,226,,,0,0,0,0.971351406526,0.0286485934744,1,0,0,1971.245552,2.507949
1803,1794,230784.0,230.784000,16.58805144,128,0,sigmoid,0,226,,,0,0,0,0.969731920713,0.0302680792868,1,0,0,1972.329696,2.507949
1804,1795,230912.0,230.912000,15.62948108,128,0,sigmoid,0,226,,,0,0,0,0.970830690608,0.0291693093922,1,0,0,1973.409812,2.507949
1805,1796,231040.0,231.040000,16.06398010,128,0,sigmoid,0,226,,,0,0,0,0.971228159972,0.0287718400282,1,0,0,1974.489338,2.507949
1806,1797,231168.0,231.168000,14.67583215,128,0,sigmoid,0,226,,,0,0,0,0.970582794674,0.0294172053263,1,0,0,1975.572148,2.507949
1807,1798,231296.0,231.296000,14.05371451,128,0,sigmoid,0,226,,,0,0,0,0.971914666239,0.0280853337611,1,0,0,1976.651625,2.507949
1808,1799,231424.0,231.424000,14.99833548,128,0,sigmoid,0,226,,,0,0,0,0.971382656143,0.0286173438575,1,0,0,1977.731926,2.507949
1809,1800,231552.0,231.552000,17.01716805,128,0,sigmoid,0,227,,,0,0,0,0.971399049477,0.0286009505235,1,0,0,1978.816010,2.507949
1810,1801,231680.0,231.680000,15.31970239,128,0,sigmoid,0,227,,,0,0,0,0.972072504207,0.0279274957935,1,0,0,1979.888904,2.507949
1811,1802,231808.0,231.808000,15.60035121,128,0,sigmoid,0,227,,,0,0,0,0.970152267918,0.0298477320824,1,0,0,1980.953765,2.507949
1812,1803,231936.0,231.936000,16.20252013,128,0,sigmoid,0,227,,,0,0,0,0.971781924554,0.0282180754458,1,0,0,1982.023094,2.507949
1813,1804,232064.0,232.064000,15.80043221,128,0,sigmoid,0,227,,,0,0,0,0.970282773517,0.0297172264833,1,0,0,1983.087214,2.507949
1814,1805,232192.0,232.192000,17.30655885,128,0,sigmoid,0,227,,,0,0,0,0.970227152955,0.0297728470449,1,0,0,1984.151664,2.507949
1815,1806,232320.0,232.320000,16.32932699,128,0,sigmoid,0,227,,,0,0,0,0.969797365471,0.0302026345286,1,0,0,1985.217189,2.507949
1816,1807,232448.0,232.448000,15.55172241,128,0,sigmoid,0,227,,,0,0,0,0.970945682667,0.0290543173334,1,0,0,1986.277956,2.507949
1817,1808,232576.0,232.576000,15.01433814,128,0,sigmoid,0,228,,,0,0,0,0.971190993499,0.0288090065007,1,0,0,1987.343580,2.507949
1818,1809,232704.0,232.704000,14.99094379,128,0,sigmoid,0,228,,,0,0,0,0.971385595323,0.0286144046767,1,0,0,1988.414292,2.507949
1819,1810,232832.0,232.832000,15.87576413,128,0,sigmoid,0,228,,,0,0,0,0.969747457432,0.0302525425682,1,0,0,1989.482600,2.507949
1820,1811,232960.0,232.960000,16.98606431,128,0,sigmoid,0,228,,,0,0,0,0.970941604301,0.0290583956988,1,0,0,1990.550778,2.507949
1821,1812,233088.0,233.088000,17.81270576,128,0,sigmoid,0,228,,,0,0,0,0.970874877018,0.0291251229821,1,0,0,1991.615978,2.507949
1822,1813,233216.0,233.216000,15.39472795,128,0,sigmoid,0,228,,,0,0,0,0.970366311398,0.0296336886022,1,0,0,1992.686669,2.507949
1823,1814,233344.0,233.344000,16.01129329,128,0,sigmoid,0,228,,,0,0,0,0.970490252228,0.0295097477715,1,0,0,1993.750412,2.507949
1824,1815,233472.0,233.472000,14.66008365,128,0,sigmoid,0,228,,,0,0,0,0.972649332369,0.0273506676314,1,0,0,1994.816871,2.507949
1825,1816,233600.0,233.600000,16.93282688,128,0,sigmoid,0,229,,,0,0,0,0.969737779419,0.0302622205806,1,0,0,1995.881988,2.507949
1826,1817,233728.0,233.728000,16.97878158,128,0,sigmoid,0,229,,,0,0,0,0.969941968423,0.0300580315768,1,0,0,1996.952064,2.507949
1827,1818,233856.0,233.856000,18.28485215,128,0,sigmoid,0,229,,,0,0,0,0.969264410388,0.0307355896121,1,0,0,1998.017268,2.507949
1828,1819,233984.0,233.984000,15.59110820,128,0,sigmoid,0,229,,,0,0,0,0.972448975775,0.0275510242252,1,0,0,1999.081254,2.507949
1829,1820,234112.0,234.112000,13.99552929,128,0,sigmoid,0,229,,,0,0,0,0.973544595696,0.0264554043038,1,0,0,2000.142784,2.507949
1830,1821,234240.0,234.240000,16.14615059,128,0,sigmoid,0,229,,,0,0,0,0.969968692726,0.0300313072741,1,0,0,2001.208967,2.507949
1831,1822,234368.0,234.368000,14.77217817,128,0,sigmoid,0,229,,,0,0,0,0.971347019978,0.028652980022,1,0,0,2002.276253,2.507949
1832,1823,234496.0,234.496000,16.00979078,128,0,sigmoid,0,229,,,0,0,0,0.971342345787,0.0286576542135,1,0,0,2003.340629,2.507949
1833,1824,234624.0,234.624000,15.44826436,128,0,sigmoid,0,230,,,0,0,0,0.971121709486,0.0288782905139,1,0,0,2004.408230,2.507949
1834,1825,234752.0,234.752000,18.00494874,128,0,sigmoid,0,230,,,0,0,0,0.970460316394,0.0295396836057,1,0,0,2005.484930,2.507949
1835,1826,234880.0,234.880000,15.58129811,128,0,sigmoid,0,230,,,0,0,0,0.970857979131,0.0291420208688,1,0,0,2006.548112,2.507949
1836,1827,235008.0,235.008000,17.21268821,128,0,sigmoid,0,230,,,0,0,0,0.971001911824,0.0289980881756,1,0,0,2007.615697,2.507949
1837,1828,235136.0,235.136000,15.27112985,128,0,sigmoid,0,230,,,0,0,0,0.972048180653,0.0279518193466,1,0,0,2008.699243,2.507949
1838,1829,235264.0,235.264000,16.84085166,128,0,sigmoid,0,230,,,0,0,0,0.971454695409,0.0285453045908,1,0,0,2009.782632,2.507949
1839,1830,235392.0,235.392000,16.94425714,128,0,sigmoid,0,230,,,0,0,0,0.969140191136,0.0308598088638,1,0,0,2010.872568,2.507949
1840,1831,235520.0,235.520000,15.99541521,128,0,sigmoid,0,230,,,0,0,0,0.971566197131,0.0284338028695,1,0,0,2011.972724,2.507949
1841,1832,235648.0,235.648000,15.77427030,128,0,sigmoid,0,231,,,0,0,0,0.97143747152,0.0285625284798,1,0,0,2013.069033,2.507949
1842,1833,235776.0,235.776000,15.58903134,128,0,sigmoid,0,231,,,0,0,0,0.972363181663,0.0276368183374,1,0,0,2014.154060,2.507949
1843,1834,235904.0,235.904000,15.73046029,128,0,sigmoid,0,231,,,0,0,0,0.970749160614,0.0292508393857,1,0,0,2015.241618,2.507949
1844,1835,236032.0,236.032000,15.85912526,128,0,sigmoid,0,231,,,0,0,0,0.971378466942,0.0286215330577,1,0,0,2016.326310,2.507949
1845,1836,236160.0,236.160000,17.43530703,128,0,sigmoid,0,231,,,0,0,0,0.96907832146,0.0309216785398,1,0,0,2017.428178,2.507949
1846,1837,236288.0,236.288000,15.29633927,128,0,sigmoid,0,231,,,0,0,0,0.971303319841,0.0286966801593,1,0,0,2018.516506,2.507949
1847,1838,236416.0,236.416000,16.13662100,128,0,sigmoid,0,231,,,0,0,0,0.971877727638,0.0281222723621,1,0,0,2019.604201,2.507949
1848,1839,236544.0,236.544000,16.33412600,128,0,sigmoid,0,231,,,0,0,0,0.970466491324,0.0295335086755,1,0,0,2020.692753,2.507949
1849,1840,236672.0,236.672000,15.65294874,128,0,sigmoid,0,232,,,0,0,0,0.972118229808,0.0278817701922,1,0,0,2021.776126,2.507949
1850,1841,236800.0,236.800000,15.40223515,128,0,sigmoid,0,232,,,0,0,0,0.971030193417,0.0289698065829,1,0,0,2022.859479,2.507949
1851,1842,236928.0,236.928000,19.56295896,128,0,sigmoid,0,232,,,0,0,0,0.970172511862,0.0298274881385,1,0,0,2023.948765,2.507949
1852,1843,237056.0,237.056000,16.85602820,128,0,sigmoid,0,232,,,0,0,0,0.970782927696,0.0292170723042,1,0,0,2025.031087,2.507949
1853,1844,237184.0,237.184000,17.03552949,128,0,sigmoid,0,232,,,0,0,0,0.970855693016,0.0291443069837,1,0,0,2026.114391,2.507949
1854,1845,237312.0,237.312000,15.25030327,128,0,sigmoid,0,232,,,0,0,0,0.972318330589,0.0276816694113,1,0,0,2027.198880,2.507949
1855,1846,237440.0,237.440000,16.46229184,128,0,sigmoid,0,232,,,0,0,0,0.970486457025,0.0295135429752,1,0,0,2028.279486,2.507949
1856,1847,237568.0,237.568000,15.94626319,128,0,sigmoid,0,232,,,0,0,0,0.970719141937,0.0292808580626,1,0,0,2029.364264,2.507949
1857,1848,237696.0,237.696000,14.84140563,128,0,sigmoid,0,233,,,0,0,0,0.972237200542,0.027762799458,1,0,0,2030.448957,2.507949
1858,1849,237824.0,237.824000,15.94333088,128,0,sigmoid,0,233,,,0,0,0,0.971328556033,0.0286714439666,1,0,0,2031.534135,2.507949
1859,1850,237952.0,237.952000,15.44395959,128,0,sigmoid,0,233,,,0,0,0,0.971975516275,0.0280244837246,1,0,0,2032.618349,2.507949
1860,1851,238080.0,238.080000,15.54265463,128,0,sigmoid,0,233,,,0,0,0,0.972986110307,0.0270138896932,1,0,0,2033.701711,2.507949
1861,1852,238208.0,238.208000,15.47155774,128,0,sigmoid,0,233,,,0,0,0,0.970440655103,0.0295593448968,1,0,0,2034.788952,2.507949
1862,1853,238336.0,238.336000,18.03662086,128,0,sigmoid,0,233,,,0,0,0,0.968973114094,0.0310268859063,1,0,0,2035.871574,2.507949
1863,1854,238464.0,238.464000,15.39787340,128,0,sigmoid,0,233,,,0,0,0,0.969642334894,0.0303576651057,1,0,0,2036.960908,2.507949
1864,1855,238592.0,238.592000,14.95620120,128,0,sigmoid,0,233,,,0,0,0,0.972249470407,0.0277505295935,1,0,0,2038.046285,2.507949
1865,1856,238720.0,238.720000,15.51262748,128,0,sigmoid,0,234,,,0,0,0,0.971142357405,0.0288576425951,1,0,0,2039.129560,2.507949
1866,1857,238848.0,238.848000,15.63224161,128,0,sigmoid,0,234,,,0,0,0,0.971737762459,0.0282622375412,1,0,0,2040.212959,2.507949
1867,1858,238976.0,238.976000,16.73556125,128,0,sigmoid,0,234,,,0,0,0,0.970207523339,0.0297924766609,1,0,0,2041.299475,2.507949
1868,1859,239104.0,239.104000,15.04185247,128,0,sigmoid,0,234,,,0,0,0,0.972090786957,0.0279092130432,1,0,0,2042.383353,2.507949
1869,1860,239232.0,239.232000,15.75343633,128,0,sigmoid,0,234,,,0,0,0,0.97063264559,0.0293673544096,1,0,0,2043.470591,2.507949
1870,1861,239360.0,239.360000,16.19487262,128,0,sigmoid,0,234,,,0,0,0,0.972277247281,0.0277227527188,1,0,0,2044.557770,2.507949
1871,1862,239488.0,239.488000,16.31269372,128,0,sigmoid,0,234,,,0,0,0,0.971585175713,0.0284148242866,1,0,0,2045.640734,2.507949
1872,1863,239616.0,239.616000,16.81195986,128,0,sigmoid,0,234,,,0,0,0,0.971337276008,0.0286627239917,1,0,0,2046.720065,2.507949
1873,1864,239744.0,239.744000,14.06003177,128,0,sigmoid,0,235,,,0,0,0,0.972669207277,0.0273307927228,1,0,0,2047.819626,2.507949
1874,1865,239872.0,239.872000,15.40232861,128,0,sigmoid,0,235,,,0,0,0,0.970307628359,0.0296923716411,1,0,0,2048.971986,2.507949
1875,1866,240000.0,240.000000,15.32674909,128,0,sigmoid,0,235,,,0,0,0,0.971391694161,0.0286083058388,1,0,0,2050.055908,2.507949
1876,1867,240128.0,240.128000,15.40462971,128,0,sigmoid,0,235,,,0,0,0,0.970875364821,0.0291246351793,1,0,0,2051.166330,2.507949
1877,1868,240256.0,240.256000,15.60486031,128,0,sigmoid,0,235,,,0,0,0,0.971650819888,0.0283491801115,1,0,0,2052.352747,2.507949
1878,1869,240384.0,240.384000,16.61058795,128,0,sigmoid,0,235,,,0,0,0,0.970037249074,0.0299627509257,1,0,0,2053.522655,2.507949
1879,1870,240512.0,240.512000,16.09312272,128,0,sigmoid,0,235,,,0,0,0,0.971348196026,0.0286518039735,1,0,0,2054.683892,2.507949
1880,1871,240640.0,240.640000,15.77880287,128,0,sigmoid,0,235,,,0,0,0,0.971043379089,0.0289566209114,1,0,0,2055.766396,2.507949
1881,1872,240768.0,240.768000,14.64864683,128,0,sigmoid,0,236,,,0,0,0,0.972892208489,0.0271077915108,1,0,0,2056.857276,2.507949
1882,1873,240896.0,240.896000,16.16079998,128,0,sigmoid,0,236,,,0,0,0,0.971217327547,0.0287826724526,1,0,0,2057.940862,2.507949
1883,1874,241024.0,241.024000,14.95431173,128,0,sigmoid,0,236,,,0,0,0,0.971534163597,0.0284658364026,1,0,0,2059.032017,2.507949
1884,1875,241152.0,241.152000,16.43559349,128,0,sigmoid,0,236,,,0,0,0,0.971544195534,0.0284558044662,1,0,0,2060.135387,2.507949
1885,1876,241280.0,241.280000,17.02247894,128,0,sigmoid,0,236,,,0,0,0,0.970569723469,0.0294302765312,1,0,0,2061.217305,2.507949
1886,1877,241408.0,241.408000,17.69704890,128,0,sigmoid,0,236,,,0,0,0,0.970399732202,0.0296002677984,1,0,0,2062.295338,2.507949
1887,1878,241536.0,241.536000,16.42322206,128,0,sigmoid,0,236,,,0,0,0,0.971307297069,0.028692702931,1,0,0,2063.385669,2.507949
1888,1879,241664.0,241.664000,15.36366284,128,0,sigmoid,0,236,,,0,0,0,0.971947782461,0.0280522175386,1,0,0,2064.464309,2.507949
1889,1880,241792.0,241.792000,15.31732690,128,0,sigmoid,0,237,,,0,0,0,0.972338344314,0.0276616556855,1,0,0,2065.602575,2.507949
1890,1881,241920.0,241.920000,16.38292003,128,0,sigmoid,0,237,,,0,0,0,0.969945628989,0.0300543710106,1,0,0,2066.742671,2.507949
1891,1882,242048.0,242.048000,15.38550186,128,0,sigmoid,0,237,,,0,0,0,0.971333998121,0.0286660018785,1,0,0,2067.886697,2.507949
1892,1883,242176.0,242.176000,17.14415920,128,0,sigmoid,0,237,,,0,0,0,0.971127487778,0.0288725122224,1,0,0,2069.041214,2.507949
1893,1884,242304.0,242.304000,16.62244666,128,0,sigmoid,0,237,,,0,0,0,0.97026542687,0.0297345731296,1,0,0,2070.123312,2.507949
1894,1885,242432.0,242.432000,15.78413534,128,0,sigmoid,0,237,,,0,0,0,0.972841074101,0.0271589258987,1,0,0,2071.245893,2.507949
1895,1886,242560.0,242.560000,15.27855241,128,0,sigmoid,0,237,,,0,0,0,0.971717900609,0.0282820993912,1,0,0,2072.396331,2.507949
1896,1887,242688.0,242.688000,16.81477106,128,0,sigmoid,0,237,,,0,0,0,0.970208493887,0.0297915061126,1,0,0,2073.489776,2.507949
1897,1888,242816.0,242.816000,14.77662206,128,0,sigmoid,0,238,,,0,0,0,0.972372331714,0.0276276682858,1,0,0,2074.584495,2.507949
1898,1889,242944.0,242.944000,17.25818086,128,0,sigmoid,0,238,,,0,0,0,0.970600883685,0.0293991163153,1,0,0,2075.770844,2.507949
1899,1890,243072.0,243.072000,16.12077367,128,0,sigmoid,0,238,,,0,0,0,0.970877464799,0.0291225352007,1,0,0,2076.939615,2.507949
1900,1891,243200.0,243.200000,15.19680297,128,0,sigmoid,0,238,,,0,0,0,0.971794794995,0.0282052050051,1,0,0,2078.025255,2.507949
1901,1892,243328.0,243.328000,14.99455619,128,0,sigmoid,0,238,,,0,0,0,0.971284529306,0.0287154706943,1,0,0,2079.108571,2.507949
1902,1893,243456.0,243.456000,16.93523657,128,0,sigmoid,0,238,,,0,0,0,0.969959249808,0.0300407501915,1,0,0,2080.194728,2.507949
1903,1894,243584.0,243.584000,16.61464393,128,0,sigmoid,0,238,,,0,0,0,0.970969680881,0.0290303191187,1,0,0,2081.258404,2.507949
1904,1895,243712.0,243.712000,16.48467171,128,0,sigmoid,0,238,,,0,0,0,0.970410547942,0.0295894520582,1,0,0,2082.389078,2.507949
1905,1896,243840.0,243.840000,16.15088654,128,0,sigmoid,0,239,,,0,0,0,0.971234365025,0.028765634975,1,0,0,2083.576414,2.507949
1906,1897,243968.0,243.968000,16.46147513,128,0,sigmoid,0,239,,,0,0,0,0.971827102551,0.0281728974492,1,0,0,2084.757358,2.507949
1907,1898,244096.0,244.096000,16.66526973,128,0,sigmoid,0,239,,,0,0,0,0.971462442375,0.028537557625,1,0,0,2085.936809,2.507949
1908,1899,244224.0,244.224000,18.37041128,128,0,sigmoid,0,239,,,0,0,0,0.970642038742,0.0293579612581,1,0,0,2087.124756,2.507949
1909,1900,244352.0,244.352000,15.94487774,128,0,sigmoid,0,239,,,0,0,0,0.971434590397,0.0285654096027,1,0,0,2088.296193,2.507949
1910,1901,244480.0,244.480000,14.93413830,128,0,sigmoid,0,239,,,0,0,0,0.971519317942,0.0284806820581,1,0,0,2089.387325,2.507949
1911,1902,244608.0,244.608000,16.80895770,128,0,sigmoid,0,239,,,0,0,0,0.970986584496,0.0290134155045,1,0,0,2090.472219,2.507949
1912,1903,244736.0,244.736000,13.53029752,128,0,sigmoid,0,239,,,0,0,0,0.972725026102,0.0272749738981,1,0,0,2091.555008,2.507949
1913,1904,244864.0,244.864000,16.58081603,128,0,sigmoid,0,240,,,0,0,0,0.970270622267,0.0297293777326,1,0,0,2092.641454,2.507949
1914,1905,244992.0,244.992000,14.73714650,128,0,sigmoid,0,240,,,0,0,0,0.972648474534,0.0273515254661,1,0,0,2093.726670,2.507949
1915,1906,245120.0,245.120000,16.56234598,128,0,sigmoid,0,240,,,0,0,0,0.970607270439,0.0293927295614,1,0,0,2094.817524,2.507949
1916,1907,245248.0,245.248000,16.89892745,128,0,sigmoid,0,240,,,0,0,0,0.970818004906,0.0291819950945,1,0,0,2095.907540,2.507949
1917,1908,245376.0,245.376000,15.22517371,128,0,sigmoid,0,240,,,0,0,0,0.971263362121,0.028736637879,1,0,0,2097.005324,2.507949
1918,1909,245504.0,245.504000,19.43695235,128,0,sigmoid,0,240,,,0,0,0,0.968458825396,0.0315411746036,1,0,0,2098.097862,2.507949
1919,1910,245632.0,245.632000,17.52587700,128,0,sigmoid,0,240,,,0,0,0,0.970184322558,0.0298156774424,1,0,0,2099.268209,2.507949
1920,1911,245760.0,245.760000,14.58852541,128,0,sigmoid,0,240,,,0,0,0,0.973248252693,0.0267517473071,1,0,0,2100.446599,2.507949
1921,1912,245888.0,245.888000,16.16212153,128,0,sigmoid,0,241,,,0,0,0,0.971389460953,0.0286105390466,1,0,0,2101.624123,2.507949
1922,1913,246016.0,246.016000,16.26104164,128,0,sigmoid,0,241,,,0,0,0,0.972246174716,0.0277538252843,1,0,0,2102.803512,2.507949
1923,1914,246144.0,246.144000,16.01706517,128,0,sigmoid,0,241,,,0,0,0,0.970633709338,0.029366290662,1,0,0,2103.977532,2.507949
1924,1915,246272.0,246.272000,16.13658726,128,0,sigmoid,0,241,,,0,0,0,0.972362587022,0.0276374129783,1,0,0,2105.152114,2.507949
1925,1916,246400.0,246.400000,14.89488375,128,0,sigmoid,0,241,,,0,0,0,0.972557746047,0.0274422539528,1,0,0,2106.331060,2.507949
1926,1917,246528.0,246.528000,14.41731799,128,0,sigmoid,0,241,,,0,0,0,0.972355224549,0.0276447754511,1,0,0,2107.421046,2.507949
1927,1918,246656.0,246.656000,15.42547774,128,0,sigmoid,0,241,,,0,0,0,0.972825991782,0.0271740082181,1,0,0,2108.500327,2.507949
1928,1919,246784.0,246.784000,16.01341617,128,0,sigmoid,0,241,,,0,0,0,0.971552321317,0.0284476786826,1,0,0,2109.588063,2.507949
1929,1920,246912.0,246.912000,16.29685187,128,0,sigmoid,0,242,,,0,0,0,0.970987988068,0.0290120119316,1,0,0,2110.674471,2.507949
1930,1921,247040.0,247.040000,17.96843517,128,0,sigmoid,0,242,,,0,0,0,0.969860590515,0.0301394094846,1,0,0,2111.763269,2.507949
1931,1922,247168.0,247.168000,15.74280369,128,0,sigmoid,0,242,,,0,0,0,0.970688513047,0.0293114869529,1,0,0,2112.853781,2.507949
1932,1923,247296.0,247.296000,18.17021120,128,0,sigmoid,0,242,,,0,0,0,0.968834185194,0.0311658148056,1,0,0,2113.933977,2.507949
1933,1924,247424.0,247.424000,15.39968967,128,0,sigmoid,0,242,,,0,0,0,0.971681674819,0.0283183251808,1,0,0,2115.016163,2.507949
1934,1925,247552.0,247.552000,16.42197824,128,0,sigmoid,0,242,,,0,0,0,0.970721254132,0.0292787458676,1,0,0,2116.099007,2.507949
1935,1926,247680.0,247.680000,13.55667865,128,0,sigmoid,0,242,,,0,0,0,0.973604331405,0.026395668595,1,0,0,2117.191368,2.507949
1936,1927,247808.0,247.808000,15.26826203,128,0,sigmoid,0,242,,,0,0,0,0.972394120518,0.0276058794824,1,0,0,2118.278037,2.507949
1937,1928,247936.0,247.936000,15.63585281,128,0,sigmoid,0,243,,,0,0,0,0.971605600102,0.0283943998982,1,0,0,2119.366214,2.507949
1938,1929,248064.0,248.064000,15.72310865,128,0,sigmoid,0,243,,,0,0,0,0.971308454899,0.0286915451012,1,0,0,2120.452607,2.507949
1939,1930,248192.0,248.192000,14.81997085,128,0,sigmoid,0,243,,,0,0,0,0.97161184959,0.0283881504105,1,0,0,2121.535820,2.507949
1940,1931,248320.0,248.320000,15.06491816,128,0,sigmoid,0,243,,,0,0,0,0.972581617192,0.0274183828076,1,0,0,2122.622616,2.507949
1941,1932,248448.0,248.448000,16.75377202,128,0,sigmoid,0,243,,,0,0,0,0.970032151913,0.0299678480871,1,0,0,2123.701538,2.507949
1942,1933,248576.0,248.576000,15.36110806,128,0,sigmoid,0,243,,,0,0,0,0.971166664071,0.0288333359294,1,0,0,2124.788261,2.507949
1943,1934,248704.0,248.704000,15.60033572,128,0,sigmoid,0,243,,,0,0,0,0.971468227263,0.0285317727373,1,0,0,2125.876807,2.507949
1944,1935,248832.0,248.832000,15.49750412,128,0,sigmoid,0,243,,,0,0,0,0.969874228257,0.0301257717429,1,0,0,2126.902700,2.507949
1945,1936,248960.0,248.960000,15.89301729,128,0,sigmoid,0,244,,,0,0,0,0.972061391701,0.0279386082985,1,0,0,2127.991610,2.507949
1946,1937,249088.0,249.088000,15.58332360,128,0,sigmoid,0,244,,,0,0,0,0.97234719697,0.0276528030299,1,0,0,2129.076196,2.507949
1947,1938,249216.0,249.216000,17.13761806,128,0,sigmoid,0,244,,,0,0,0,0.971743305959,0.0282566940413,1,0,0,2130.217987,2.507949
1948,1939,249344.0,249.344000,15.06965923,128,0,sigmoid,0,244,,,0,0,0,0.971586186597,0.0284138134026,1,0,0,2131.293910,2.507949
1949,1940,249472.0,249.472000,14.51884568,128,0,sigmoid,0,244,,,0,0,0,0.972005670277,0.0279943297229,1,0,0,2132.373531,2.507949
1950,1941,249600.0,249.600000,15.47397828,128,0,sigmoid,0,244,,,0,0,0,0.97216359907,0.0278364009301,1,0,0,2133.443187,2.507949
1951,1942,249728.0,249.728000,17.51887143,128,0,sigmoid,0,244,,,0,0,0,0.970080264061,0.0299197359394,1,0,0,2134.293829,2.507949
1952,1943,249856.0,249.856000,16.06376767,128,0,sigmoid,0,244,,,0,0,0,0.971581547226,0.0284184527742,1,0,0,2135.143710,2.507949
1953,1944,249984.0,249.984000,15.45056581,128,0,sigmoid,0,245,,,0,0,0,0.970689233748,0.0293107662521,1,0,0,2135.924144,2.507949
1954,1945,250112.0,250.112000,15.98900521,128,0,sigmoid,0,245,,,0,0,0,0.970272665554,0.0297273344459,1,0,0,2136.765613,2.507949
1955,1946,250240.0,250.240000,16.15294576,128,0,sigmoid,0,245,,,0,0,0,0.971624314915,0.0283756850849,1,0,0,2137.777185,2.507949
1956,1947,250368.0,250.368000,17.45050931,128,0,sigmoid,0,245,,,0,0,0,0.970567378039,0.0294326219613,1,0,0,2138.735234,2.507949
1957,1948,250496.0,250.496000,14.84618831,128,0,sigmoid,0,245,,,0,0,0,0.97155432549,0.0284456745099,1,0,0,2139.586376,2.507949
1958,1949,250624.0,250.624000,15.94776785,128,0,sigmoid,0,245,,,0,0,0,0.970689701863,0.029310298137,1,0,0,2140.454815,2.507949
1959,1950,250752.0,250.752000,13.72614038,128,0,sigmoid,0,245,,,0,0,0,0.972470082455,0.0275299175453,1,0,0,2141.267316,2.507949
1960,1951,250880.0,250.880000,17.95160449,128,0,sigmoid,0,245,,,0,0,0,0.968859764488,0.0311402355117,1,0,0,2142.071197,2.507949
1961,1952,251008.0,251.008000,19.39939189,128,0,sigmoid,0,246,,,0,0,0,0.968613339218,0.031386660782,1,0,0,2142.868879,2.507949
1962,1953,251136.0,251.136000,16.67889142,128,0,sigmoid,0,246,,,0,0,0,0.969869218169,0.0301307818309,1,0,0,2143.694964,2.507949
1963,1954,251264.0,251.264000,16.13860512,128,0,sigmoid,0,246,,,0,0,0,0.971136982964,0.0288630170362,1,0,0,2144.508864,2.507949
1964,1955,251392.0,251.392000,14.78874052,128,0,sigmoid,0,246,,,0,0,0,0.972494383149,0.0275056168507,1,0,0,2145.303500,2.507949
1965,1956,251520.0,251.520000,17.19909823,128,0,sigmoid,0,246,,,0,0,0,0.971430948015,0.0285690519854,1,0,0,2146.103179,2.507949
1966,1957,251648.0,251.648000,16.79083622,128,0,sigmoid,0,246,,,0,0,0,0.969520455276,0.0304795447235,1,0,0,2146.897863,2.507949
1967,1958,251776.0,251.776000,16.07430267,128,0,sigmoid,0,246,,,0,0,0,0.970556326622,0.0294436733781,1,0,0,2147.704099,2.507949
1968,1959,251904.0,251.904000,17.26446009,128,0,sigmoid,0,246,,,0,0,0,0.970236404208,0.0297635957919,1,0,0,2148.514509,2.507949
1969,1960,252032.0,252.032000,15.07449377,128,0,sigmoid,0,247,,,0,0,0,0.971071941036,0.0289280589642,1,0,0,2149.353294,2.507949
1970,1961,252160.0,252.160000,15.13118410,128,0,sigmoid,0,247,,,0,0,0,0.97164546784,0.02835453216,1,0,0,2150.189743,2.507949
1971,1962,252288.0,252.288000,16.15777719,128,0,sigmoid,0,247,,,0,0,0,0.970978094203,0.0290219057969,1,0,0,2150.976570,2.507949
1972,1963,252416.0,252.416000,17.09537721,128,0,sigmoid,0,247,,,0,0,0,0.970133423819,0.0298665761806,1,0,0,2151.781663,2.507949
1973,1964,252544.0,252.544000,16.19316208,128,0,sigmoid,0,247,,,0,0,0,0.97090016513,0.0290998348703,1,0,0,2152.575916,2.507949
1974,1965,252672.0,252.672000,17.76620221,128,0,sigmoid,0,247,,,0,0,0,0.970424653835,0.0295753461655,1,0,0,2153.391164,2.507949
1975,1966,252800.0,252.800000,13.99497628,128,0,sigmoid,0,247,,,0,0,0,0.97311731833,0.0268826816696,1,0,0,2154.260619,2.507949
1976,1967,252928.0,252.928000,17.08773398,128,0,sigmoid,0,247,,,0,0,0,0.970177486305,0.0298225136954,1,0,0,2155.055135,2.507949
1977,1968,253056.0,253.056000,15.58883250,128,0,sigmoid,0,248,,,0,0,0,0.970646710038,0.0293532899622,1,0,0,2155.852453,2.507949
1978,1969,253184.0,253.184000,16.28731596,128,0,sigmoid,0,248,,,0,0,0,0.97068768689,0.0293123131099,1,0,0,2156.668606,2.507949
1979,1970,253312.0,253.312000,14.64764643,128,0,sigmoid,0,248,,,0,0,0,0.971755044508,0.028244955492,1,0,0,2157.485883,2.507949
1980,1971,253440.0,253.440000,14.76485264,128,0,sigmoid,0,248,,,0,0,0,0.971472472341,0.0285275276585,1,0,0,2158.364581,2.507949
1981,1972,253568.0,253.568000,15.94442391,128,0,sigmoid,0,248,,,0,0,0,0.970743227335,0.0292567726651,1,0,0,2159.175486,2.507949
1982,1973,253696.0,253.696000,14.59294713,128,0,sigmoid,0,248,,,0,0,0,0.971923649389,0.0280763506107,1,0,0,2159.983458,2.507949
1983,1974,253824.0,253.824000,14.75305426,128,0,sigmoid,0,248,,,0,0,0,0.970472298631,0.0295277013692,1,0,0,2160.881491,2.507949
1984,1975,253952.0,253.952000,14.78354800,128,0,sigmoid,0,248,,,0,0,0,0.971196385989,0.0288036140108,1,0,0,2161.726856,2.507949
1985,1976,254080.0,254.080000,15.32920253,128,0,sigmoid,0,249,,,0,0,0,0.971989398354,0.0280106016463,1,0,0,2162.615396,2.507949
1986,1977,254208.0,254.208000,17.51904988,128,0,sigmoid,0,249,,,0,0,0,0.971030967281,0.0289690327195,1,0,0,2163.637177,2.507949
1987,1978,254336.0,254.336000,15.16838396,128,0,sigmoid,0,249,,,0,0,0,0.970698925695,0.0293010743046,1,0,0,2164.612764,2.507949
1988,1979,254464.0,254.464000,16.94878614,128,0,sigmoid,0,249,,,0,0,0,0.971163668327,0.0288363316726,1,0,0,2165.693457,2.507949
1989,1980,254592.0,254.592000,14.89559877,128,0,sigmoid,0,249,,,0,0,0,0.971917690698,0.0280823093015,1,0,0,2166.819837,2.507949
1990,1981,254720.0,254.720000,15.88407516,128,0,sigmoid,0,249,,,0,0,0,0.970036268265,0.0299637317353,1,0,0,2167.939954,2.507949
1991,1982,254848.0,254.848000,15.73409605,128,0,sigmoid,0,249,,,0,0,0,0.970940607796,0.0290593922041,1,0,0,2169.024024,2.507949
1992,1983,254976.0,254.976000,14.61830270,128,0,sigmoid,0,249,,,0,0,0,0.973638532194,0.0263614678062,1,0,0,2170.106081,2.507949
1993,1984,255104.0,255.104000,16.23551750,128,0,sigmoid,0,250,,,0,0,0,0.970861655295,0.0291383447046,1,0,0,2171.184285,2.507949
1994,1985,255232.0,255.232000,15.54408538,128,0,sigmoid,0,250,,,0,0,0,0.971017096261,0.028982903739,1,0,0,2172.264161,2.507949
1995,1986,255360.0,255.360000,17.97087276,128,0,sigmoid,0,250,,,0,0,0,0.969834698426,0.0301653015739,1,0,0,2173.316055,2.507949
1996,1987,255488.0,255.488000,14.85356987,128,0,sigmoid,0,250,,,0,0,0,0.971945472672,0.0280545273276,1,0,0,2174.409798,2.507949
1997,1988,255616.0,255.616000,14.05672383,128,0,sigmoid,0,250,,,0,0,0,0.972124665809,0.0278753341912,1,0,0,2175.496879,2.507949
1998,1989,255744.0,255.744000,17.14023829,128,0,sigmoid,0,250,,,0,0,0,0.971368078035,0.0286319219645,1,0,0,2176.580076,2.507949
1999,1990,255872.0,255.872000,17.11982679,128,0,sigmoid,0,250,,,0,0,0,0.97003074984,0.02996925016,1,0,0,2177.668846,2.507949
2000,1991,256000.0,256.000000,16.36701238,128,0,sigmoid,0,251,,,0,0,0,0.971049459889,0.0289505401109,1,0,0,2178.757711,2.507949
