layer,update_reference_l2,update_probe_l2,update_cosine,s_K_star_layer,c_K_star_layer,R_opt_layer,layer_residual_with_global_c_star,support_atol,support_coordinate_count,coordinate_count,support_coordinate_coverage,support_energy_coverage,h_update_weighted_mean,h_update_weighted_std,h_update_p05,h_update_p50,h_update_p95,h_moment_coordinate_count,h_moment_weighted_mean,h_moment_weighted_std,h_moment_p50,h_update_minus_moment_weighted_rmse,h_update_minus_moment_eps_weighted_rmse,off_support_candidate_energy_exact,predicted_reference_l2,predicted_probe_l2,s_K_star_predicted_layer,c_K_star_predicted_layer,R_pred_layer,predicted_layer_residual_with_global_c_star,predicted_off_support_candidate_energy_exact
model.dec.16x16_block0.affine,0.006826262180388635,0.006667848092789225,0.9947051404778045,0.9716214523487524,1.0183372486282045,0.10038511186449621,0.10315395855056818,0.0,131158,131328,0.9987055311890838,1.0,0.9716214523487524,0.10036737159595296,0.30666582075032794,0.9827586206896551,1.7894736842105263,131158,0.9716209211875807,0.10037930491078484,0.9823093389441876,0.0012760961732930338,0.001276096178513258,8.082160765050306e-09,0.006826255552958561,0.006667835899655473,0.9716210016470374,1.018338523265235,0.10038132126458614,0.10315023528801931,0.0
model.dec.16x16_block0.conv0,0.02131993825082736,0.021015024804063965,0.9962444629134956,0.9819963760085482,1.0106992796856915,0.08534672374025644,0.08659707983560302,0.0,1178934,1179904,0.9991778992189195,1.0,0.981996376008548,0.08531234927449526,0.46956521739130436,0.983177570093458,1.5,1178934,0.9819950289378362,0.08533894404692251,0.9831281903565583,0.0017594042700286338,0.0017594042694398049,1.2986067748022882e-07,0.021319939598706972,0.02101498613599541,0.9819951096798826,1.0107018235591003,0.08533962697854938,0.08659007758278749,0.0
model.dec.16x16_block0.conv1,0.015110849621595345,0.01490015904603336,0.9959153111001853,0.982029263964436,1.0099977091107322,0.08903331993911064,0.09029539966402277,0.0,589487,590080,0.9989950515184381,1.0,0.9820292639644362,0.08899048961596168,0.43902439024390244,0.9830572289156626,1.5210393631136645,589487,0.982028499317161,0.08902508652906001,0.9830208101448681,0.0021256167902412066,0.0021256167899310926,8.479058828177548e-08,0.015110868551610087,0.014900154502457387,0.9820285172283947,1.0100000876108401,0.08902454499457768,0.09028665609865959,0.0
model.dec.16x16_block0.norm0,0.0005748952358646942,0.0005651034973239192,0.9956889112655272,0.978730124900918,1.012941548230668,0.0911757172595018,0.09282709051583653,0.0,1023,1024,0.9990234375,1.0,0.978730124900918,0.09112264806157411,0.3557926829268293,0.9853658536585366,1.4143256464011178,1023,0.9787890138319003,0.09120620141982601,0.983994133051176,0.0021798300162227157,0.0021798300162557157,1.5571955619655836e-10,0.0005748936884128081,0.0005651333085491277,0.9787809051658103,1.0128817810749522,0.09121818376697183,0.09286281642722807,0.0
model.dec.16x16_block0.norm1,0.0004777594323467957,0.0004641081247099208,0.995654544291332,0.9672051081024776,1.0249407941122521,0.09046284622072624,0.09436532484996112,0.0,512,512,1.0,1.0,0.9672051081024776,0.09046284622072624,0.575563909774436,0.9742396313364056,1.5,512,0.9673373784881671,0.09035605388303339,0.9757400053498467,0.003109328895467371,0.0031093288951983293,0.0,0.0004777543645730888,0.00046416305010668347,0.9673451979594262,1.0248249170374495,0.09031009270846699,0.0941803735261294,0.0
model.dec.16x16_block0.skip,0.00654155557505971,0.006447442897782608,0.9956694157790602,0.9813448238182191,1.010203102371945,0.09162711543450378,0.09296948706095502,0.0,131304,131328,0.9998172514619883,1.0,0.9813448238182191,0.09162030767270758,0.4004652459542627,0.98141375375536,1.5519291794204448,131304,0.9813450051425572,0.0916302920362369,0.9813938216929217,0.0008589071810688448,0.000858907181049375,2.599828725729404e-09,0.006541554542200066,0.0064474430377199545,0.9813449055135159,1.010202823612033,0.09162814454175862,0.09297050543101956,0.0
model.dec.16x16_block1.affine,0.007037065758203242,0.006913178503742262,0.9946066318553017,0.9770966228368985,1.0124304280761767,0.10189311132879057,0.1037665852788726,0.0,131180,131328,0.9988730506822612,1.0,0.9770966228368985,0.10188221491932856,0.30517398805318885,0.9755721332800922,1.46116881162038,131180,0.977098697838005,0.10188660537721497,0.9752753915274233,0.0012842957469103077,0.0012842951568683657,5.354990074296328e-09,0.007037063657302301,0.006913191136066653,0.9770988909608133,1.0124284737135076,0.1018914965073695,0.10376464583640212,0.0
model.dec.16x16_block1.conv0,0.021693683137475932,0.021378588457087514,0.9954778765816222,0.981018838834668,1.0101500231541074,0.09361391297362774,0.09499795218399099,0.0,1178980,1179904,0.9992168854415274,0.9999999999999998,0.9810188388346683,0.09357899895502905,0.4051721606900601,0.9818496822459015,1.5555555555555556,1178980,0.98101958496854,0.0936108851902311,0.9818232040302413,0.0018791896504586896,0.0018791896495594087,1.4979463660177943e-07,0.021693666820378286,0.021378578224951154,0.9810195797345775,1.0101502334156733,0.09360898641264519,0.09499292349730164,0.0
model.dec.16x16_block1.conv1,0.014890501814889014,0.014652427478050577,0.9952895926478448,0.9793765688506949,1.0114611730966674,0.09539650158619116,0.0969712677496687,0.0,589484,590080,0.998989967462039,1.0,0.979376568850695,0.09534581987589592,0.3864675179892571,0.9800796812749004,1.5675675675675675,589484,0.9793764338483586,0.09537905230969664,0.9800442790423616,0.002285345606988379,0.0022853456062926778,1.0438964809050979e-07,0.014890491284225931,0.014652405163704349,0.9793767131323411,1.0114629722152888,0.09538674039547722,0.0969614559010393,0.0
model.dec.16x16_block1.norm0,0.0006012524259688024,0.0005870723957741409,0.9958417556250656,0.9723556696585688,1.01989511985325,0.08895141788289275,0.09169266823669527,0.0,1024,1024,1.0,1.0,0.9723556696585688,0.08895141788289275,0.4720588235294118,0.9739348418225167,1.4285714285714286,1024,0.9723721991888113,0.08892163119589105,0.9739659332915336,0.002354234142909422,0.0023542341429409097,0.0,0.0006012493041941503,0.0005870748542958793,0.9723708663715346,1.0198919264203705,0.08888580768766205,0.0916246486803313,0.0
model.dec.16x16_block1.norm1,0.00044612019718972634,0.0004393691927447426,0.9950920316521258,0.9800335994825675,1.010381839949528,0.09745633171561989,0.09896021918474714,0.0,511,512,0.998046875,1.0,0.9800335994825675,0.0974504702068974,0.5,0.9815668202764977,1.5458333333333334,511,0.9803989637219132,0.09777346516445702,0.9818627201987473,0.003978295929942346,0.00397829592884795,1.1073390662866374e-11,0.00044605069147070293,0.00043945711183828134,0.9803742561564667,1.0100138707715218,0.09757339698635002,0.09904035098683084,0.0
model.dec.16x16_block1.skip,0.006109900996085423,0.006012202711564452,0.9949727511482724,0.9790629792886996,1.0111410567753132,0.09854466510758184,0.10016358336301388,0.0,131297,131328,0.9997639498050682,1.0,0.9790629792886996,0.09853580541480692,0.35679485098215225,0.9793052475979305,1.6001109570041594,131297,0.97906131677313,0.09854151973516947,0.9792703767779226,0.0009143761652057282,0.0009143761652479741,3.1744686212775066e-09,0.006109903386264386,0.006012196396567384,0.9790615384023149,1.0111424839234526,0.09854481621726184,0.100163896215818,0.0
model.dec.16x16_block2.affine,0.006962099676540555,0.006832972221869964,0.9932311744443277,0.9748095172698924,1.0120009585574525,0.114000016643831,0.11618607988824249,0.0,131185,131328,0.998911123294347,1.0,0.9748095172698923,0.11398790674035794,0.22042012823391463,0.9769919045590115,1.695283457249069,131185,0.9748118960567956,0.11400507093061751,0.9766472451616376,0.0012566203438582023,0.001256620409389196,6.517385913585569e-09,0.006962085051492681,0.00683297356766975,0.9748119919834594,1.0119988772887265,0.11399826938685094,0.11618397170114106,0.0
model.dec.16x16_block2.conv0,0.02146566243884751,0.021103400436011287,0.9941895495589538,0.9774112601188724,1.0112558559352232,0.10582694591179713,0.10766191508962554,0.0,1178880,1179904,0.9991321327836841,1.0,0.9774112601188724,0.1057887808806072,0.3381792020928714,0.9790104947526237,1.614288152120919,1178880,0.9774111817768879,0.10582119693690148,0.9789789307635541,0.00208387169747899,0.0020838716967518825,1.8123521725096007e-07,0.021465659048249708,0.0211033861188301,0.9774112981965255,1.0112569480003408,0.10582184053099154,0.10765678765923165,0.0
model.dec.16x16_block2.conv1,0.014343034829696615,0.014106050750833909,0.9941170719575555,0.9776916835110482,1.01081840975514,0.10652130611826925,0.10832208098705047,0.0,589428,590080,0.998895065075922,1.0000000000000002,0.9776916835110481,0.10647089899391537,0.3333333333333333,0.9791831233046759,1.619047619047619,589428,0.9776922823399411,0.10651715529077743,0.979158226100479,0.0025181312546810764,0.002518131253649826,1.0756678240172421e-07,0.014342994868329906,0.014106007881941088,0.9776926613207453,1.0108199320228348,0.10651003420964648,0.10831066115292302,0.0
model.dec.16x16_block2.norm0,0.0006455122778219139,0.0006261223887996223,0.9945402733577454,0.9646662861523054,1.0253394044438848,0.10121889244579227,0.10551615641801372,0.0,1022,1024,0.998046875,1.0,0.9646662861523054,0.1010467393519577,0.0838541666666667,0.9666666666666667,1.4886394557823115,1022,0.9647118322635733,0.10117813265636952,0.9662559622104355,0.0024234006838647474,0.0024234006843494057,7.066207416741604e-10,0.0006455043827040058,0.0006261412923630239,0.9646977662240065,1.0252858716684006,0.10131314968230991,0.10560022254186976,0.0
model.dec.16x16_block2.norm1,0.0004188454541747207,0.0004101366729187132,0.9935739114323382,0.9729151749697705,1.014671312439575,0.11083178352838859,0.11331029567632604,0.0,510,512,0.99609375,1.0,0.9729151749697705,0.11077768493288782,0.3793269230769231,0.9748178650617675,1.8887499999999988,510,0.9728079052234562,0.11086386728546371,0.9724981701664088,0.004505187287481223,0.004505187286714926,1.0242886363151395e-10,0.0004188825358063112,0.00041012014623798844,0.9727773589390408,1.0147890090747032,0.11092707431125631,0.1134274864499399,0.0
model.dec.16x16_block2.skip,0.005395486583213139,0.005312507773984648,0.994778692118594,0.9794796917328461,1.0103166555117211,0.10048609589605488,0.10206120044847089,0.0,131286,131328,0.9996801900584795,0.9999999999999998,0.9794796917328463,0.10047522631517243,0.3505645315417298,0.9800977021853976,1.619047619047619,131286,0.9794795847619925,0.10050527848543016,0.9801162748584171,0.0014466447209499052,0.001446644720881655,3.096898356771969e-09,0.005395483394232582,0.0053125029246507156,0.9794793904914498,1.0103169949629915,0.10048592783477275,0.10206105980255335,0.0
model.dec.16x16_block3.affine,0.007118808646284439,0.007131939613439911,0.9947114336840633,0.9965462242808995,0.9928800212110436,0.10289857344522198,0.10400781874782698,0.0,131163,131328,0.9987436038011696,1.0,0.9965462242808995,0.10288955715035845,0.56,0.9944957868986137,1.6361624266069072,131163,0.9965491438806483,0.10289770486465528,0.9936826709924956,0.0008374450665599449,0.0008374456237876298,4.579346504164817e-09,0.007118802295861178,0.007131952691166754,0.9965489686568149,0.9928773428133598,0.10289858235549712,0.10400807748137605,0.0
model.dec.16x16_block3.conv0,0.02075004322738426,0.02039221050383359,0.9940361497591197,0.9768940812401152,1.0114790190698921,0.10717048056047132,0.10907335962973755,0.0,1178668,1179904,0.9989524571490562,0.9999999999999999,0.9768940812401152,0.10713319746962072,0.33354562386225045,0.9784680264031014,1.6136363636363635,1178668,0.9768951835751886,0.10717158137365652,0.9783694171577131,0.00213736283308238,0.002137362833045377,1.6754056868190136e-07,0.020750043613437116,0.02039222050180358,0.9768949570629182,1.011478971712709,0.10716674779418314,0.10906949763187779,0.0
model.dec.16x16_block3.conv1,0.014614308609800038,0.014392639977254615,0.9945404962879099,0.9794553877337253,1.0098579385480921,0.10276854312218021,0.10435314079844055,0.0,589327,590080,0.9987239018438178,0.9999999999999999,0.9794553877337254,0.10271078356526206,0.35294117647058826,0.9795081967213115,1.603277352339066,589327,0.979458585507679,0.10275830882712182,0.9793749045391111,0.0024446666459787365,0.0024446666446285175,1.234493975644346e-07,0.014614292480063736,0.01439265659114783,0.9794583968467109,1.009856480487401,0.10276117441798747,0.10434541116271372,0.0
model.dec.16x16_block3.norm0,0.0005752172653531912,0.000563487026236891,0.994697261056083,0.9744126878638086,1.0154041028771605,0.10074897291822775,0.10302370618054205,0.0,1022,1024,0.998046875,1.0,0.9744126878638086,0.10056955383819006,0.4,0.9768113993816373,1.6218963125650214,1022,0.9744071692574839,0.10065879252810347,0.9761762336250849,0.0028159767396714708,0.0028159767393882503,5.820450967169137e-10,0.0005752374458219376,0.0005635058450164921,0.9744121730259219,1.0154069906270136,0.100737891191687,0.1030127165555445,0.0
model.dec.16x16_block3.norm1,0.0004399101494223763,0.0004367501328497086,0.995135048056787,0.987986671853076,1.0023351448796174,0.09781252945776205,0.09875807981234341,0.0,508,512,0.9921875,1.0,0.987986671853076,0.09770097885635368,0.5,0.9789901129943502,1.5538358560616876,508,0.9878149416081219,0.09730725555308294,0.9787823691462869,0.004341736251121239,0.0043417362509982306,2.0554981417945705e-10,0.0004399301576157767,0.0004367041486777239,0.9878614179828865,1.0025103315704689,0.09755812021899507,0.09850526192561303,0.0
model.dec.16x16_block3.skip,0.004790911367830509,0.004727534730580108,0.9950723607711309,0.9819090322925559,1.008412154900735,0.0978397579503908,0.0991547054009038,0.0,131287,131328,0.9996878045808967,1.0,0.9819090322925559,0.0978307053327708,0.3746750605505944,0.9816721714914837,1.5891735347985338,131287,0.9819077790162852,0.09782994775298975,0.9816672058308322,0.000766978859469648,0.000766978859481158,1.9800500230122565e-09,0.004790910914952483,0.0047275281689642575,0.9819079215741736,1.0084136228231255,0.0978380325609623,0.09915307826066012,0.0
model.dec.16x16_block4.affine,0.006815429773238309,0.006783139753228931,0.9950809604521456,0.9903664838610848,0.99981787953282,0.098595691420881,0.09950738714072885,0.0,131137,131328,0.9985456262183235,1.0,0.9903664838610848,0.0985581545247216,0.3761861124862631,0.9924879807692307,1.6652224350254983,131137,0.9903641523117328,0.09858125240383135,0.9915118755438274,0.0015383273679901832,0.0015383271779037502,1.674135271393713e-08,0.006815430631563007,0.006783125148739623,0.990364274834651,0.9998202065913813,0.09859498442912461,0.09950674194813136,0.0
model.dec.16x16_block4.conv0,0.019632917701734243,0.019311837305836316,0.9949025239520852,0.9786317026139932,1.0114438654729065,0.09919212281630994,0.10086471130631794,0.0,1178610,1179904,0.9989033006075071,1.0000000000000002,0.9786317026139931,0.09915340670839924,0.37254901960784315,0.9791947826456491,1.59375,1178610,0.978631740734236,0.09919009100471474,0.9791280668800696,0.0019970125799780073,0.001997012578387816,1.4415318421686573e-07,0.019632899246436287,0.01931181140964669,0.9786319342232253,1.0114449158873935,0.09918592671926116,0.10085846334456404,0.0
model.dec.16x16_block4.conv1,0.014847246028940768,0.014644680478293393,0.9949159237480275,0.9813419793580024,1.0086776232429793,0.09933500584683268,0.10071050878709724,0.0,589380,590080,0.9988137201735358,1.0,0.9813419793580024,0.09929044680073752,0.375,0.9809079413157809,1.5873015873015872,589380,0.9813389074058662,0.0993436906713695,0.9808022674821189,0.002407080373667449,0.0024070803715583624,9.501737648528391e-08,0.014847240965897823,0.014644620655020127,0.9813391588728536,1.008682277141604,0.0993262004164413,0.10070193702252181,0.0
model.dec.16x16_block4.norm0,0.0005794762487197088,0.0005776114663377268,0.9959120148790981,0.9927071222136022,0.9991272543395019,0.09003793280415744,0.09088873588207214,0.0,1020,1024,0.99609375,1.0,0.9927071222136022,0.09001695537669704,0.26629224270353313,1.0,1.545525568181818,1020,0.9926180261108182,0.09001538617284685,0.9975069908166074,0.002159289816855787,0.002159289816588658,6.176875729130149e-11,0.000579522341899955,0.0005776084624339074,0.9926257467014766,0.9992146855836975,0.09000005359835721,0.0908489247079034,0.0
model.dec.16x16_block4.norm1,0.0004005483942516482,0.00039466497844889556,0.9949340584146371,0.9803200670818049,1.0097659058843043,0.09905307360090322,0.10053105676135987,0.0,511,512,0.998046875,1.0,0.9803200670818049,0.09905237499248422,0.2434640522875817,0.9791666666666666,1.656862745098039,511,0.980429111105015,0.09943530964663447,0.9795806611904673,0.00510089574769595,0.005100895747743925,1.0813858069205443e-12,0.0004005174230468944,0.0003946720016084761,0.9803748763185047,1.0096302709293852,0.09944223107550038,0.10091580398742683,0.0
model.dec.16x16_block4.norm2,0.00029782907471349667,0.00029385279951378785,0.9933695516818866,0.9801072108029839,1.0068113521991324,0.11343004321585753,0.11498978463667428,0.0,512,512,1.0,1.0,0.9801072108029839,0.11343004321585755,0.106296992481203,0.986301538624828,1.6100204546511088,512,0.9801180305103055,0.11342983238223837,0.9864321232793613,0.0005795038389573312,0.0005795038389164668,0.0,0.0002978258472866974,0.0002938528541792112,0.9801210418731711,1.0068033646955667,0.11340512934479577,0.11496344978053205,0.0
model.dec.16x16_block4.proj,0.003501374958758598,0.0034493792490855523,0.9956112125785685,0.980826303174059,1.0106189887081976,0.09219610321779952,0.09359579688251654,0.0,65656,65792,0.9979328793774319,1.0,0.980826303174059,0.09213944334410204,0.4041530278232406,0.9822499025782898,1.5510578756779532,65656,0.9808245774830024,0.09220406221251373,0.981972532812712,0.0030222871095198947,0.0030222871098716706,6.235946428833183e-09,0.003501369309801304,0.0034493600748289194,0.9808240250400074,1.0106246160129555,0.09217880541819197,0.09357868138282802,0.0
model.dec.16x16_block4.qkv,0.00553681740635525,0.005436075340468365,0.9942869927781978,0.9761959996343818,1.01271325059535,0.10479763465293974,0.10679438228136849,0.0,197143,197376,0.9988195119974059,0.9999999999999998,0.976195999634382,0.10476048133176541,0.33676018853610923,0.9774309822233145,1.6224466445617147,197143,0.9761910378073252,0.10478137854887545,0.9772620925862161,0.00233471612939353,0.002334716130202609,1.1624197227085869e-08,0.005536845556405807,0.0054360699185471515,0.9761914256728371,1.0127208232641527,0.10478430201793512,0.1067816763666916,0.0
model.dec.16x16_block4.skip,0.0046289942040796265,0.0045486279192054994,0.9956491993599011,0.9783632353550349,1.013240576058928,0.09156309594352285,0.093263962021755,0.0,131277,131328,0.9996116593567251,1.0,0.978363235355035,0.09155708784503447,0.4107142857142857,0.9786666666666667,1.5389993520002727,131277,0.9783627632737129,0.0915634706346844,0.9786551813794616,0.0009726246755931824,0.0009726246756278836,1.148119181106438e-09,0.004628990550618352,0.004548622631245309,0.978362828293635,1.0132409109393439,0.09156350897973714,0.09326440517439503,0.0
model.dec.16x16_up.affine,0.00698324970925695,0.006849612145781368,0.9957507622706835,0.9766952062990257,1.0151780966754154,0.0903268936401804,0.09227353105880028,0.0,131241,131328,0.9993375365497076,1.0,0.9766952062990255,0.09031900156461758,0.453125,0.9770992366412213,1.4892857142857143,131241,0.9766955849639046,0.09033771819841104,0.9769395497629271,0.0012003182377236796,0.001200318152924901,3.385906148198907e-09,0.006983251150779578,0.006849613387513652,0.9766954304592294,1.015178380712381,0.0903242019996752,0.09227077435762143,0.0
model.dec.16x16_up.conv0,0.015830461222465928,0.01559404855932276,0.9958364805426736,0.9809646236136977,1.0109338013907265,0.08979622749801236,0.0911729424404753,0.0,589606,590080,0.9991967190889371,1.0,0.9809646236136977,0.08975864065482636,0.44934585520715553,0.9828125,1.5087719298245614,589606,0.9809668970402081,0.08978929125219053,0.982730819584424,0.0018204023044607206,0.0018204023027923834,8.236839673270889e-08,0.015830430357258767,0.01559404480430101,0.9809668016627935,1.0109325907313083,0.08979090070701895,0.09116734716307584,0.0
model.dec.16x16_up.conv1,0.01523691556190778,0.015019034437623192,0.9959344302797346,0.9816930103216451,1.010382450509284,0.08879301314495332,0.09008823754489674,0.0,589584,590080,0.9991594360086767,1.0,0.9816930103216451,0.08875727325010863,0.4479166666666667,0.9827586206896551,1.5113636363636365,589584,0.9816923842505825,0.08877876924895908,0.9827091158913783,0.0018420175525065024,0.0018420175520207182,7.174790244240464e-08,0.015236931299416124,0.01501903020853687,0.9816925507712102,1.0103846336955498,0.08878371042469267,0.09007893844319008,0.0
model.dec.16x16_up.norm0,0.00046590670232403306,0.0004588260446727491,0.9960976512857829,0.9809593705509901,1.01146954775481,0.08691666089705309,0.08828540682332113,0.0,512,512,1.0,1.0,0.9809593705509901,0.08691666089705309,0.44494047619047616,0.9759740259740259,1.4755537098560347,512,0.9809564057906671,0.08703445850988081,0.9753838462471773,0.0021765746332805887,0.00217657463318416,0.0,0.0004658962063945053,0.0004588106017201752,0.9809509908688728,1.0114834225743872,0.08688704191580665,0.0882566478363029,0.0
model.dec.16x16_up.norm1,0.00046185130504516376,0.00045174402423770214,0.9963195425835334,0.9745158120736266,1.0186111078296842,0.08384094580677691,0.08620603500908859,0.0,510,512,0.99609375,1.0,0.9745158120736266,0.08382664142030828,0.3055779569892474,0.973494983277592,1.4664502164502156,510,0.9746952638205725,0.08372268274200569,0.9726080927206957,0.004333865275802196,0.004333865275309053,2.491512899144934e-11,0.00046181774581828343,0.0004517995305151356,0.9747209551730873,1.0184271922007015,0.08368771311361267,0.08601476282013723,0.0
model.dec.16x16_up.skip,0.004735622136907535,0.004679620650892747,0.996343160858189,0.9845608235061708,1.0082664986138006,0.08443142776052859,0.08544718342914619,0.0,65789,65792,0.9999544017509727,1.0,0.9845608235061708,0.08443118093892986,0.44731745659515804,0.9842108374093065,1.505182476556522,65789,0.9845606240095646,0.08443884861404312,0.9841973213787775,0.0006536074626311817,0.0006536074626464723,4.5520935542320313e-11,0.004735622765588804,0.004679620179677351,0.9845606444833518,1.008266786042247,0.08443081538717807,0.08544658730178409,0.0
model.dec.32x32_aux_conv,0.0015758019967525496,0.0014506382277913396,0.9966550463272236,0.9174921170952501,1.0826483005808736,0.07523224905897066,0.10604767539090607,0.0,6915,6915,1.0,1.0,0.9174921170952501,0.07523224905897066,0.38749203878875593,0.9062644208583295,1.4072139817265692,6915,0.9174943575125607,0.07524331256586775,0.9063659447385581,0.0003638071904179252,0.00036380719046826774,0.0,0.0015757980580256201,0.001450637671972021,0.9174937456304904,1.0826456397327984,0.07523622786181035,0.10604904397030053,0.0
model.dec.32x32_aux_norm,0.0004552875258593115,0.0004108517527599051,0.9962323810997923,0.8990007340053996,1.1039801410727221,0.07825974420039244,0.12178264426961398,0.0,511,512,0.998046875,1.0,0.8990007340053996,0.07825974420039246,0.60629938786867,0.927715996578272,1.313079910075618,511,0.8989087090798681,0.07818759382226272,0.926543449976548,0.002358343895563896,0.0023583438955944217,0.0,0.0004552932972125167,0.0004108168139002126,0.898917219654959,1.1040933474380963,0.07820232223912488,0.12180886680083884,0.0
model.dec.32x32_block0.affine,0.006617305521171145,0.006559316230730377,0.9964611603401887,0.9877288937922653,1.005270626694196,0.08331788911102175,0.08414627434916777,0.0,131091,131328,0.9981953581871345,1.0,0.9877288937922653,0.08330783066976782,0.5897435897435898,0.9959016393442623,1.5229357798165137,131091,0.9877301810859981,0.08330970851621869,0.9946957110504915,0.0008636784039550092,0.0008636779362491209,3.5741727137192565e-09,0.006617302290904071,0.006559320019337144,0.9877300605170253,1.0052696714128149,0.08331662576866748,0.08414498450720782,0.0
model.dec.32x32_block0.conv0,0.018034447870302638,0.017830709305093072,0.9962756775140472,0.9850205629383386,1.0076593961096907,0.08525103615635496,0.0862392032406192,0.0,1178569,1179904,0.9988685520177912,1.0,0.9850205629383388,0.08521870338295319,0.4807692307692308,0.9873417721518988,1.5,1178569,0.9850198176000678,0.08524479971097013,0.9871194607626246,0.001901917525904727,0.0019019175253271005,8.730445338330783e-08,0.018034453519684815,0.01783069131331601,0.9850198615883402,1.007661343475368,0.0852439774686525,0.08623215517780182,0.0
model.dec.32x32_block0.conv1,0.013182642059496525,0.013076065751771334,0.9963847532619442,0.9883293871527026,1.004505774530283,0.08426859039437658,0.0850848161176092,0.0,589160,590080,0.9984408893709328,1.0000000000000002,0.9883293871527024,0.08422719140378863,0.4725274725274725,0.989247311827957,1.5071669996983814,589160,0.9883308038030323,0.08425185835975678,0.9889120372623171,0.0023633095437889887,0.0023633095438200893,5.903698158667535e-08,0.013182643610574947,0.013076067939988716,0.9883308557847059,1.0045071673829629,0.08425194424750447,0.08506801292265409,0.0
model.dec.32x32_block0.norm0,0.0005236073630964512,0.0005149138962354153,0.9962689443953345,0.979727864832279,1.013089292644045,0.08487001001961124,0.08638610511607393,0.0,1023,1024,0.9990234375,1.0,0.979727864832279,0.08485283129401927,0.5,0.9817351598173516,1.380952380952381,1023,0.9798111920165311,0.08489602424483965,0.9820176470521585,0.0023305857715312643,0.0023305857710778457,3.892988904913959e-11,0.0005236104664794807,0.0005149547038110837,0.97980061625379,1.0130159593715142,0.08486568178995386,0.08637223791866051,0.0
model.dec.32x32_block0.norm1,0.0004252631642370246,0.00042197379989088434,0.9969794941099609,0.9892679661020226,1.0047511349146891,0.07706450027336531,0.07779254956150282,0.0,512,512,1.0,1.0,0.9892679661020226,0.0770645002733653,0.5510101010101011,0.9880745341614907,1.2992481203007515,512,0.9894611621524563,0.07671342587442631,0.9865720873665154,0.004280486149858913,0.0042804861491787995,0.0,0.00042520213056658626,0.0004219978702880211,0.9894847253858012,1.004568231708329,0.0768444110859601,0.07756631720388774,0.0
model.dec.32x32_block0.skip,0.00443062044048393,0.004406775134711164,0.9971469190910724,0.991780340413098,1.0025425366252667,0.07507898534378926,0.07577813556707524,0.0,131276,131328,0.999604044834308,1.0,0.991780340413098,0.07507476776006496,0.5246461013064051,0.9920586184194384,1.455974431818182,131276,0.9917817024987433,0.07507963121591796,0.9920022266094828,0.0007725606105059721,0.000772560610416156,6.054376682855254e-10,0.00443061598252851,0.004406776050848474,0.9917815671483738,1.0025413423727603,0.07507877728108407,0.07577799444026032,0.0
model.dec.32x32_block1.affine,0.0070939527845021505,0.007063732655625302,0.9974243004338149,0.9931752883781017,1.001691490653706,0.07142146057816054,0.07211921329614576,0.0,131076,131328,0.9980811403508771,1.0,0.9931752883781017,0.07141194537232588,0.475,0.9967860347125304,1.4444749359678009,131076,0.993178341963331,0.0714142365514872,0.9959638092929298,0.0008143172566165701,0.0008143168260768073,3.3309261704852468e-09,0.0070939411685003425,0.007063741314305536,0.993178409021593,1.0016889018765245,0.07141781396435354,0.0721157010268913,0.0
model.dec.32x32_block1.conv0,0.01803133751955566,0.017926534799664794,0.9969620714378625,0.9911674743037674,1.0027905451435937,0.07743585401941,0.07815160727471691,0.0,1178406,1179904,0.9987304051855066,1.0,0.9911674743037674,0.07740232005538261,0.5135135135135135,0.9918521750057496,1.467741935483871,1178406,0.991169352985273,0.07742376777595633,0.9915629256014591,0.0017783151083403197,0.0017783151067922148,8.221655225496482e-08,0.01803132002108965,0.01792653968761288,0.9911693590364785,1.00278995881145,0.07742759666553067,0.07814333146275407,0.0
model.dec.32x32_block1.conv1,0.013471666467293482,0.01337847722298563,0.9965380782183584,0.9896446006624353,1.0034795730451098,0.0825624906896889,0.08333380661988973,0.0,588907,590080,0.9980121339479393,0.9999999999999999,0.9896446006624355,0.08251700963044363,0.47435897435897434,0.993006993006993,1.5,588907,0.9896485927657552,0.08254748237966233,0.9921340778666287,0.0024013989991740143,0.0024013989979138,6.636006459835698e-08,0.013471643415296426,0.013378489006879218,0.9896485147867401,1.0034783399279157,0.08254653310250543,0.08331768751817321,0.0
model.dec.32x32_block1.norm0,0.000594887387999189,0.0005906044333132892,0.9978982253218992,0.9907137514762386,1.0051347996500273,0.06433416953574105,0.06492842050809686,0.0,1022,1024,0.998046875,1.0,0.9907137514762386,0.06433104856630538,0.56640712945591,0.9912801748768736,1.3784531796512276,1022,0.990820500106898,0.06435392561166536,0.99127672153861,0.0017241265094575069,0.0017241265093725882,6.9208691642914835e-12,0.0005948617372665998,0.0005906412096124626,0.9908160840270288,1.0050267668529884,0.06437298588504373,0.064967498109119,0.0
model.dec.32x32_block1.norm1,0.00043016896532457665,0.00042623480672789255,0.9978376375910819,0.9887118013814382,1.0070477055115323,0.06512596531467563,0.06576279190624322,0.0,511,512,0.998046875,1.0,0.9887118013814382,0.06511653102252866,0.4330357142857143,0.992548435171386,1.4545398915664125,511,0.9891151093210803,0.0650743847748659,0.9903306159104489,0.004121032536293261,0.004121032536357546,1.1073390662866374e-11,0.00043003200342885215,0.00042626500110025135,0.9891111528176868,1.006670406789647,0.06493246226972729,0.06555560496146733,0.0
model.dec.32x32_block1.skip,0.0043159496280267716,0.004302643766047506,0.9972576773245789,0.9941831805959622,1.000341681888692,0.07377943925635251,0.07453672673010021,0.0,131281,131328,0.9996421174463938,1.0,0.9941831805959622,0.07377459313687712,0.5248990578734859,0.9967541249661888,1.4680851063829787,131281,0.9941839904523786,0.07378656623102518,0.9966706940608289,0.0008823524883072323,0.0008823524882623752,6.486917488300886e-10,0.004315942783512077,0.004302640539624388,0.994184293614947,1.0003411292378521,0.07377570241526485,0.07453308252451428,0.0
model.dec.32x32_block2.affine,0.007373086447061712,0.007318679652515678,0.9967397142974025,0.9893846651953724,1.0041494405631246,0.08008883379733357,0.08084195330199996,0.0,131136,131328,0.9985380116959064,1.0,0.9893846651953724,0.0800830152343316,0.4432054268446235,0.998429237128528,1.5504723078452818,131136,0.9893849320172395,0.08010448668850673,0.9973381007672064,0.0010511282793489642,0.0010511278581926166,2.467408302609078e-09,0.007373084124246848,0.007318677578668685,0.9893847629127595,1.0041494761235732,0.08008801632976097,0.08084116455888003,0.0
model.dec.32x32_block2.conv0,0.01942151186079085,0.019374341079304754,0.997246064291317,0.9948239626277732,0.9996740630549396,0.07398379290138041,0.07477465659175783,0.0,1178704,1179904,0.9989829681058798,1.0,0.9948239626277731,0.07396004458178809,0.5449908993676468,0.9955947136563876,1.45,1178704,0.9948255252554629,0.07397784345507559,0.9952489058580767,0.0015224117652465371,0.001522411764453647,6.454108661111084e-08,0.0194214981754655,0.019374350560779408,0.9948256888902378,0.9996734104485933,0.07397664113264789,0.07476762054793502,0.0
model.dec.32x32_block2.conv1,0.013544316080264244,0.013477688773184043,0.9961644142360848,0.9912640743491274,1.0010889790814856,0.08707076231262197,0.08787582790013874,0.0,588911,590080,0.9980189126898048,0.9999999999999999,0.9912640743491276,0.08702808871091412,0.46875,0.9948542024013722,1.5167535740126246,588911,0.9912639258510846,0.08705035198952052,0.993764860641224,0.0024276204936067233,0.002427620493507442,6.637580552050896e-08,0.013544314380295148,0.013477665795114472,0.9912639226325439,1.0010919880789226,0.08705452696152585,0.08785949825116647,0.0
model.dec.32x32_block2.norm0,0.000636838344954561,0.000625365190823053,0.9975601323510552,0.9795882855792849,1.0158616964960758,0.06855475197641317,0.07011513014297012,0.0,1020,1024,0.99609375,1.0,0.9795882855792849,0.06852088180417493,0.5589200347674924,0.9791711029614732,1.5003012048192768,1020,0.979674242980795,0.06844551687520237,0.9793164064194808,0.0016401564345601826,0.0016401564346389711,9.170151642686215e-11,0.0006368306216857855,0.0006254097803738696,0.9796753255730261,1.0157824586792412,0.06848451394718849,0.07003092685579344,0.0
model.dec.32x32_block2.norm1,0.0004196415931083306,0.00041028809630483946,0.9968794027587361,0.974659707522847,1.019605649001674,0.07718007009523933,0.07958813962482746,0.0,510,512,0.99609375,1.0,0.974659707522847,0.07713823548894913,0.5922320922320924,0.9839907786885246,1.593967280163599,510,0.9745155015338979,0.0770331487238184,0.98450192643258,0.004555136726035969,0.004555136727535224,5.536695331433187e-11,0.0004196998515261669,0.0004102815208756244,0.9744924002925907,1.0197463845815524,0.0773749076036012,0.07981527416892434,0.0
model.dec.32x32_block2.skip,0.0048779594524836455,0.0048921870605380694,0.9970603407106301,0.9999684796306899,0.9941606593291336,0.07684382268988493,0.07809757140077607,0.0,131272,131328,0.9995735867446394,1.0,0.9999684796306899,0.07683513184559641,0.5267605633802818,1.0,1.482632541133455,131272,0.9999680658831455,0.07684498619605348,1.0003564604373236,0.0008551323117236009,0.0008551323116938332,1.547722791263492e-09,0.004877957320143541,0.004892181459798471,0.9999677809466386,0.9941613718307459,0.07684365132455592,0.07809743540004549,0.0
model.dec.32x32_block3.affine,0.009273105778101266,0.009233210828714198,0.9981184458622997,0.9938243198345333,1.0024311259926115,0.06105152439901754,0.061688402550433334,0.0,131183,131328,0.9988958942495126,1.0,0.9938243198345333,0.06105080697469444,0.5252573932092005,0.998755057578587,1.482555285645778,131183,0.9938236456060577,0.06105037913805514,0.9982117644740827,0.0003884926691286913,0.0003884927736267685,3.6685202460424273e-10,0.009273108922925174,0.009233206804824572,0.9938235601301733,1.0024319133569082,0.061051306985298495,0.061688213005648355,0.0
model.dec.32x32_block3.conv0,0.022237259829454528,0.022129750279188093,0.9971907527612998,0.9923696763255596,1.0020352506886008,0.07454182086238843,0.07524582704818981,0.0,1178954,1179904,0.9991948497504882,1.0,0.9923696763255598,0.07452310563234914,0.5161290322580645,0.9941317423694571,1.4705882352941178,1178954,0.9923700342994325,0.0745380871908727,0.9939570265398325,0.0013814040676206297,0.001381404067706729,6.718520100030633e-08,0.022237274687322135,0.022129763516581486,0.9923699279396266,1.002035644998315,0.07453754127336984,0.07524157201572715,0.0
model.dec.32x32_block3.conv1,0.013471832741250135,0.013396524370092982,0.9962590506132318,0.9906899014266831,1.0018595066927019,0.08593395924039385,0.08672768240932373,0.0,588557,590080,0.9974189940347071,1.0,0.9906899014266832,0.08588700732975367,0.4444444444444444,0.9978118161925602,1.5357142857142858,588557,0.9906940886795624,0.08589780433656842,0.9953474633384559,0.002561196311341532,0.002561196304874555,7.1305533233948e-08,0.013471806057716173,0.013396525081016191,0.9906940799207747,1.0018596572042349,0.08590918652964805,0.08670272471400861,0.0
model.dec.32x32_block3.norm0,0.0006892694498126985,0.0006843398468249029,0.9979017076143831,0.9907647900551922,1.005090035551454,0.06428399516198074,0.06487769432606003,0.0,1023,1024,0.9990234375,1.0,0.9907647900551922,0.06428190124785402,0.5020833333333333,0.9893162393162394,1.4659272404614012,1023,0.9907612584356739,0.0642485858299004,0.9892454672443668,0.0012733685537082884,0.0012733685536418008,6.228782247862335e-12,0.0006892629566397522,0.0006843319381329981,0.9907618935759167,1.005091391589108,0.06429587653087987,0.06488972786547932,0.0
model.dec.32x32_block3.norm1,0.0004001109572651797,0.0003941760046267875,0.996649699258432,0.9818661282145469,1.0116558607008748,0.08057541917402739,0.08182338567831812,0.0,508,512,0.9921875,1.0,0.9818661282145469,0.08046241740480033,0.41000000000000003,0.9860017240703733,1.5600694444444443,508,0.9817640479128177,0.0804392088176221,0.9836776631652224,0.005498864154620194,0.005498864158254722,1.418778178679754e-10,0.0004001841027400763,0.00039421187679587754,0.9817926621652538,1.011765898643246,0.08036474955047365,0.08162033517872035,0.0
model.dec.32x32_block3.skip,0.005226956447625224,0.0052141603922505105,0.9965560209370996,0.994116362953397,0.9990016660781404,0.08271923443694643,0.0835481880523036,0.0,131259,131328,0.9994745979532164,1.0,0.9941163629533969,0.08270476506876977,0.5,0.9933333333333333,1.48,131259,0.9941140472123939,0.08271099725789853,0.9932646139149365,0.001097387211448952,0.0010973872114267832,3.184830229862519e-09,0.005226961614373239,0.005214152734478705,0.9941143666885155,0.9990045693609656,0.0827136661201013,0.0835425678009808,0.0
model.dec.32x32_block4.affine,0.007716862071071692,0.007721802578035035,0.9906996278901153,0.9913338958561737,0.9900657657367244,0.136154182286145,0.13741239170216812,0.0,131081,131328,0.9981192129629629,1.0,0.9913338958561738,0.1361287108705342,0.03771661569826707,0.9927927927927928,2.0869565217391304,131081,0.991333137593521,0.13613519250030176,0.9919983161809925,0.0013055558374400831,0.0013055558011808935,2.011385681696621e-08,0.007716862685290301,0.007721796668249781,0.9913332109433025,0.9900667547770755,0.13615295546137787,0.13741123659391438,0.0
model.dec.32x32_block4.conv0,0.020592473568281165,0.020419734043009015,0.9917722517880184,0.9834527914092597,1.000162090146888,0.12694099536972994,0.12833057858527616,0.0,884476,884992,0.9994169438819785,1.0,0.9834527914092597,0.1269093852340849,0.28837850357377726,0.9885051501464392,1.6696428571428572,884476,0.9834537695137312,0.1269308255012959,0.9884422989233937,0.0017007622691797308,0.001700762265330375,1.6571493565208792e-07,0.020592464951319885,0.020419733882289924,0.9834535024786326,1.0001619920017026,0.12693866685419564,0.12832823335401783,0.0
model.dec.32x32_block4.conv1,0.01760240245248613,0.017271409412681727,0.9947177893212251,0.9760132593160925,1.0137807770003426,0.10071738067314363,0.10274442386375028,0.0,589199,590080,0.9985069821041215,1.0,0.9760132593160925,0.1006752812659295,0.2919254658385093,0.973644578313253,1.6185628927896956,589199,0.9760141774032797,0.10071712708545551,0.9735231589810875,0.002359920222466453,0.0023599200151141367,1.2793929560471673e-07,0.01760239612912214,0.01727140293523167,0.9760145212902336,1.013782119854891,0.10070499951337952,0.10273185008057142,0.0
model.dec.32x32_block4.norm0,0.0005240928561260794,0.0005150550520594159,0.9876760335296285,0.9706438943427648,1.0050070400631796,0.1538131499402916,0.15656728476011209,0.0,767,768,0.9986979166666666,1.0,0.9706438943427648,0.1535438224819031,-0.3368907563025207,0.9470198675496688,1.930245979186375,767,0.9706815945352442,0.1537372347199926,0.947178477173696,0.004232776567229618,0.004232776567206245,1.1073390662866374e-09,0.0005240844135332316,0.0005150712230913738,0.970696505780272,1.004966027098666,0.15377943542649736,0.1565266565074899,0.0
model.dec.32x32_block4.norm1,0.00043474878346004407,0.0004260661540629106,0.9934259944751779,0.9735856865280035,1.0136706200133827,0.11218989758040022,0.1145586875355023,0.0,510,512,0.99609375,1.0,0.9735856865280035,0.11211447728613598,0.125,0.9718253968253968,1.7261065678507523,510,0.9738360651869509,0.11226576471517834,0.9678171442044738,0.008069148370857737,0.008069148369903679,1.5571955619655836e-10,0.0004346940611205012,0.0004261244863904804,0.9738772336113964,1.013441408970234,0.11190935369603784,0.11423434214074443,0.0
model.dec.32x32_block4.skip,0.005359218023134745,0.005242419188503257,0.9972868278707382,0.9755519518522959,1.0195059475367279,0.07200940322791162,0.07429625443890575,0.0,98427,98560,0.9986505681818182,1.0,0.9755519518522959,0.07198133040529157,0.47959183673469385,0.9789473684210527,1.4594594594594594,98427,0.9755512679052349,0.07200366199152124,0.978803858622254,0.0017862652702055678,0.001786265267092201,5.6541056126538586e-09,0.005359238643453234,0.005242431759919849,0.9755514311041694,1.0195083591068037,0.07199719410643772,0.07428422982818884,0.0
model.dec.32x32_up.affine,0.00597761922303578,0.005883050246061404,0.9948064687081569,0.9790681243066472,1.0107978041716277,0.10017424342304598,0.10179615150417368,0.0,131093,131328,0.9982105872319688,1.0,0.9790681243066472,0.10015805014273368,0.40894090429694147,0.9813396743511205,1.499464844461275,131093,0.9790690060092124,0.10015776720103282,0.98061153975541,0.0011801414039584969,0.0011801415293841724,5.645244162865742e-09,0.00597761796965642,0.00588305392812875,0.9790690747242681,1.010797096234316,0.10017303356076923,0.10179481769216339,0.0
model.dec.32x32_up.conv0,0.012924479305226048,0.01273505003395692,0.9952701677409832,0.9806828642110961,1.0100744521441358,0.0957219030416944,0.09714925575607705,0.0,589356,590080,0.9987730477223428,0.9999999999999999,0.9806828642110962,0.09568041864616118,0.4,0.9816890084778506,1.5555555555555556,589356,0.9806837886875414,0.09571708798349829,0.981587700582541,0.002238011578475976,0.0022380115780189203,6.459494287690123e-08,0.0129244685885636,0.01273504257551502,0.9806837349172456,1.0100748570125981,0.09571545226736769,0.09714268387512606,0.0
model.dec.32x32_up.conv1,0.014257817701660357,0.014049306306765565,0.9960783990598646,0.9815113944341598,1.0108615984490419,0.08718109511811595,0.08848950742523677,0.0,589278,590080,0.9986408622559653,1.0,0.9815113944341598,0.08713564284758282,0.4423076923076923,0.9828009828009828,1.5161290322580645,589278,0.9815134403832526,0.08717126505582665,0.9826747547773321,0.0021871255429977226,0.002187125543986641,7.844065800178914e-08,0.014257795219572912,0.014049300629374638,0.9815133838447377,1.0108612764283538,0.0871717582149866,0.08847991313784671,0.0
model.dec.32x32_up.norm0,0.0003829060652908268,0.0003792772066793242,0.9965339051213968,0.9870896027949047,1.0060685688965172,0.08239921348880938,0.08324668839508174,0.0,512,512,1.0,1.0,0.9870896027949047,0.08239921348880938,0.5313498765752891,0.9844524412105874,1.5301026045777426,512,0.9870198419041594,0.08242532092246771,0.9842935726148512,0.001345722824231944,0.0013457228242448993,0.0,0.00038291718326256797,0.0003792594633812302,0.9870174225996523,1.0061475581342756,0.08236113775752843,0.08321167748382363,0.0
model.dec.32x32_up.norm1,0.0004067656972095855,0.000396748751011922,0.9951651355853716,0.9706583600894702,1.0202906478787916,0.09579720101076507,0.09880607836567239,0.0,511,512,0.998046875,1.0,0.9706583600894702,0.09568237267516579,0.3184158415841584,0.9743589743589743,1.5535714285714286,511,0.9705981338446902,0.09559382751214346,0.9778550185840923,0.005005706998109766,0.005005706998058548,1.7717425060586198e-10,0.00040676249987577187,0.00039672089879245413,0.9706028276443045,1.0203594929428084,0.09574075981895783,0.09876185631104886,0.0
model.dec.32x32_up.skip,0.00356527712274103,0.0035294205943403015,0.9959108259810535,0.9858948009745798,1.0060286070337412,0.08943314149021449,0.09039745523443275,0.0,65780,65792,0.999817607003891,1.0,0.9858948009745798,0.08942905271731344,0.4412851911192493,0.985671925362301,1.5382669962961912,65780,0.9858948388803958,0.08943876311580648,0.985714758053708,0.0006595751306469146,0.0006595751309262099,4.5272926466164377e-10,0.0035652795230031098,0.003529422607813478,0.9858947316627472,1.0060287430458392,0.0894327796580778,0.0903971157655005,0.0
model.dec.8x8_block0.affine,0.006979027504746509,0.006899141330612316,0.9977296761225285,0.9863090581938316,1.0092825350691796,0.06657518787079492,0.0673460883941241,0.0,131217,131328,0.9991547880116959,1.0,0.9863090581938319,0.06656975914011065,0.5577792407285495,0.9891219891219891,1.5625,131217,0.9863083018049829,0.0665697141039723,0.9888971181883627,0.0008666879164311286,0.0008666879986833566,1.7145622039193079e-09,0.0069790376154924534,0.006899143941981967,0.986308474449199,1.009284098048258,0.06656812614035437,0.06733901763130869,0.0
model.dec.8x8_block0.conv0,0.024164578120590904,0.02380750655116668,0.9970878716959829,0.9823542508802748,1.0120424714326317,0.07513435023329877,0.07631139179024128,0.0,1179124,1179904,0.9993389292688218,1.0000000000000002,0.9823542508802746,0.07511554552646052,0.5192307692307693,0.9836309523809523,1.4429530201342282,1179124,0.9823552943546505,0.07512717987355355,0.9835805280342419,0.0011739999751933627,0.001173999975022903,8.034884182753797e-08,0.024164567609683107,0.023807515578014495,0.9823552896500846,1.0120418937239897,0.07513128644722988,0.07630817964885915,0.0
model.dec.8x8_block0.conv1,0.015605147342172635,0.015432769715776553,0.9972598900613644,0.9862439548074738,1.008398868735624,0.07316060468910408,0.0739823959777604,0.0,589777,590080,0.9994865103036876,1.0,0.986243954807474,0.073142201819456,0.5274115669373011,0.9860917941585535,1.4438837054725375,589777,0.9862443316214616,0.0731576411505619,0.9860620366416812,0.001199402381378454,0.0011994023799412213,3.193113780316756e-08,0.0156051343841361,0.015432760718659701,0.9862444342611265,1.0083988600406557,0.07315744839145581,0.07397919319041289,0.0
model.dec.8x8_block0.norm0,0.000657454444606695,0.0006524055681665354,0.9975659900431818,0.9899052502520826,1.0052860152397598,0.06919325100724236,0.06983873526006766,0.0,1021,1024,0.9970703125,1.0,0.9899052502520826,0.06918107437411618,0.5454545454545454,0.9898477157360406,1.439252336448598,1021,0.9899394812025317,0.06920520952424912,0.988893127875992,0.0021960502450307515,0.00219605024539731,3.546945446699385e-11,0.0006574317186932785,0.0006524055797659162,0.9899419201203398,1.005253719269349,0.06916082064882763,0.06980554725839744,0.0
model.dec.8x8_block0.norm1,0.00047583895840608146,0.0004687136551038853,0.9977212929976831,0.9827812240981522,1.0128884782210197,0.06645984172119833,0.06756607790606481,0.0,509,512,0.994140625,1.0,0.9827812240981522,0.0664234736325235,0.5370018975332068,0.9757174392935982,1.3709570957095687,509,0.9825923549372827,0.06622161638791778,0.9760552877693687,0.003300795796071832,0.003300795797564767,5.3290692565044423e-11,0.00047588293781521753,0.00046866257905207745,0.9825863113063769,1.0130955816747615,0.06640212778756674,0.06753223256895197,0.0
model.dec.8x8_block0.skip,0.006642853669278819,0.006559914656876006,0.997180177338557,0.9847299348353075,1.0097878320752587,0.07410764717878691,0.0750466008726048,0.0,131311,131328,0.9998705531189084,1.0,0.9847299348353075,0.07410227243014025,0.5188112803998847,0.9844592451633365,1.4518552678404097,131311,0.9847297516788889,0.07410222939197611,0.9844725173840323,0.0004299261316558456,0.0004299261317010799,1.7119270018810685e-09,0.006642851600483217,0.006559911359510747,0.9847297839876062,1.0097880635763314,0.07410713531953732,0.0750460941697081,0.0
model.dec.8x8_block1.affine,0.005738693349732684,0.0056846855534102405,0.9971180621812062,0.9877340184747725,1.0065912597232243,0.07515149094457521,0.07591065051075709,0.0,131220,131328,0.9991776315789473,1.0,0.9877340184747727,0.07514212811712308,0.41025641025641024,0.9920634920634921,1.437515547263678,131220,0.9877389827010918,0.07515082918790057,0.991647775161325,0.001059196723197218,0.0010591969025537092,2.256908951798039e-09,0.0057386763422792334,0.005684696243282457,0.987739022903787,1.0065866076005068,0.07514896711939947,0.07590791746089863,0.0
model.dec.8x8_block1.conv0,0.02080795428202588,0.020511529660574544,0.9971518592170918,0.9829466971722459,1.0115623087198444,0.0743455425507017,0.07545484896035211,0.0,1179052,1179904,0.9992779073551746,1.0000000000000002,0.9829466971722457,0.07432250119740749,0.5293089667422062,0.9858598256941911,1.4262295081967213,1179052,0.9829465333787094,0.07434427777544171,0.9858370299125186,0.0014730026875490617,0.0014730026903687972,7.223119825966462e-08,0.020807945810987275,0.020511510899754927,0.9829464867283233,1.0115631189706062,0.0743416911231205,0.07545098784432835,0.0
model.dec.8x8_block1.conv1,0.015300939060231406,0.015094493023804088,0.9971111687716174,0.9836577690907223,1.010748569401482,0.07493119363926622,0.07597070179050912,0.0,589665,590080,0.9992967055314533,1.0000000000000002,0.9836577690907222,0.07490811683200045,0.5333333333333333,0.9857262804366079,1.43712391168583,589665,0.9836582237510343,0.07493254381779295,0.9857177204481039,0.0014940000327698477,0.0014940000329119625,3.9425580758110995e-08,0.015300935644328639,0.01509449047868404,0.9836581757747246,1.0107488768404984,0.07492656435743623,0.0759660000460163,0.0
model.dec.8x8_block1.norm0,0.0005812412695281512,0.0005736844465675611,0.9975211504331422,0.9845521973865239,1.0106609362132326,0.06945242466706862,0.07038136175410283,0.0,1023,1024,0.9990234375,1.0,0.9845521973865239,0.06944152215701471,0.6019518413109759,0.984822934232715,1.401800251505725,1023,0.9846167883609924,0.06932892967171228,0.9846102163701137,0.002166719470518856,0.0021667194700750476,2.491512899144934e-11,0.0005812347085234611,0.0005737155756653317,0.9846235726955951,1.0106017093118589,0.06935998064078969,0.0702819571023881,0.0
model.dec.8x8_block1.norm1,0.0003966830392847908,0.00039091526234708246,0.9971062725431814,0.9826083333986495,1.0118181221872424,0.07491493294198316,0.07606288669006346,0.0,511,512,0.998046875,1.0,0.9826083333986495,0.07483517729078593,0.24202898550724639,0.98989898989899,1.4211822660098523,511,0.9828832919092018,0.07544452292545438,0.9892020967443671,0.004227811770999687,0.00422781177058453,9.152849469775487e-11,0.0003966150677122996,0.0003909496415328064,0.9828603748421423,1.0115529164478345,0.07497091864792602,0.0760916576974953,0.0
model.dec.8x8_block1.skip,0.0068015786787841296,0.00671655872128367,0.9971181069547529,0.9846540977769034,1.0097398888216476,0.07491657148377534,0.07586652538116646,0.0,131320,131328,0.9999390838206628,1.0,0.9846540977769034,0.07491477610111352,0.5123883408918566,0.9847435641573316,1.4519355279223671,131320,0.9846535541585015,0.0749152318783762,0.9847433365421332,0.00035538035625393117,0.000355380356250292,6.06065558480077e-10,0.0068015815715945045,0.006716557861334537,0.984653550331887,1.0097404449059233,0.07491656404569898,0.07586655946241054,0.0
model.dec.8x8_block2.affine,0.006557094359683439,0.0064647960694121645,0.9967139161041354,0.9826840752478511,1.010944061859431,0.07986208460504794,0.08101981075163842,0.0,131250,131328,0.999406067251462,1.0,0.9826840752478513,0.07985177734260626,0.5649269295624649,0.9895833333333334,1.5564374921551396,131250,0.9826843279637932,0.07985772924306118,0.9891341575731727,0.0009919820388165027,0.0009919820243059745,3.4470632466431692e-09,0.006557096434007169,0.006464799860510769,0.9826845840486943,1.0109440392330702,0.07985911109438905,0.08101676056370999,0.0
model.dec.8x8_block2.conv0,0.021982545141203656,0.02166693376437198,0.9968875420037245,0.9825748658482961,1.0114087037472241,0.07770483371455639,0.07886583680793358,0.0,1179065,1179904,0.9992889252006943,1.0,0.9825748658482961,0.07767900437206254,0.5284552845528455,0.986049676760803,1.4326923076923077,1179065,0.9825743198616158,0.07769531244098393,0.9860277835176223,0.0015228021281358758,0.0015228021281247742,9.445296220138312e-08,0.02198254806854716,0.021666913563736685,0.982574163708257,1.0114101363006336,0.07770039099439359,0.07886143691648527,0.0
model.dec.8x8_block2.conv1,0.015653151994310693,0.015421633661397635,0.9964909440451561,0.9817523200151751,1.0114508326791198,0.0824626712560006,0.08372912003101136,0.0,589593,590080,0.9991746881778741,1.0000000000000002,0.981752320015175,0.08243108965064018,0.5045871559633027,0.9854312354312355,1.4512311127867528,589593,0.98174939484567,0.08246043479438186,0.9853594993972432,0.001748120980914394,0.0017481209799656196,6.214160560020511e-08,0.015653175180150615,0.015421603026779293,0.9817493114825065,1.0114547479481144,0.08245767204663822,0.08372442236042552,0.0
model.dec.8x8_block2.norm0,0.000626802322697717,0.0006182966161946695,0.996900566043466,0.983372626978095,1.0106146045896807,0.07760428214947478,0.07868363408469324,0.0,1023,1024,0.9990234375,1.0,0.983372626978095,0.07760334995629048,0.625462962962963,0.9907407407407407,1.4471927966101694,1023,0.983370916969864,0.07761196215222887,0.9906371887943775,0.0026847595839125005,0.0026847595839801343,2.7683476657165935e-12,0.0006267899350500679,0.0006182813796281888,0.9833771993737838,1.0106291666870593,0.07748506706831097,0.07856341986739158,0.0
model.dec.8x8_block2.norm1,0.0004390737361898555,0.0004340035354542413,0.9970788975401293,0.9855651363125906,1.0087271670743445,0.07549649924313594,0.07638012660254538,0.0,512,512,1.0,1.0,0.9855651363125906,0.07549649924313594,0.5880701754385964,0.9856107660455486,1.585263929618768,512,0.9855198630123305,0.07545977238870442,0.9844182141880597,0.0038788453766233754,0.0038788453776096702,0.0,0.000439116941952113,0.0004340183746394401,0.9855101138678256,1.0088003861292114,0.07538380840810706,0.07627058001738561,0.0
model.dec.8x8_block2.skip,0.006971269780741561,0.006873548327184661,0.996738358679081,0.9827663386182424,1.0109090193902037,0.0795697111427933,0.08071783998087712,0.0,131320,131328,0.9999390838206628,1.0,0.9827663386182424,0.07956891846548791,0.4928527511394935,0.983770499370022,1.473039949512739,131320,0.9827660668865993,0.07957185358130808,0.9837765816636855,0.0005897772857534647,0.000589777285766443,2.985631867633397e-10,0.006971269040607746,0.006873546072489249,0.9827661583722099,1.0109092825347963,0.07956922678808527,0.08071735969934297,0.0
model.dec.8x8_block3.affine,0.006584840553047576,0.006492153647828917,0.9963363685800593,0.9823121361303087,1.0105608215998,0.08431721883292623,0.08553098926183837,0.0,131179,131328,0.998865436159844,1.0,0.9823121361303087,0.08429723591590657,0.48632282719018005,0.9956379498364231,1.5011933174224343,131179,0.9823116604959311,0.08431878634140648,0.9951783195529941,0.001254174798684197,0.0012541749335789464,7.115159724622509e-09,0.006584844219704117,0.0064921517940549935,0.982311487533045,1.0105618568903518,0.08431506383805798,0.08552888214885852,0.0
model.dec.8x8_block3.conv0,0.021992443181595694,0.021677150198344222,0.9964589229675938,0.9821732656663206,1.010952364385645,0.08287558078554877,0.08409804558759643,0.0,1179020,1179904,0.9992507865046648,1.0000000000000002,0.9821732656663205,0.08284875375412737,0.5,0.9852507374631269,1.4554455445544554,1179020,0.9821745458487927,0.08287075860375197,0.9852159324049017,0.0016883113591907428,0.0016883113584726258,1.0472401849583826e-07,0.02199242201111409,0.0216771466042687,0.982174533830121,1.0109520586023646,0.0828698923681671,0.084092190439484,0.0
model.dec.8x8_block3.conv1,0.01569496866240263,0.015465097626038059,0.996280267579723,0.9816885864783308,1.0110888373770799,0.08490999591012116,0.08619145171011938,0.0,589580,590080,0.9991526572668112,0.9999999999999998,0.981688586478331,0.08487563721698801,0.49586776859504134,0.9850489015131487,1.4679487179487178,589580,0.981689215142094,0.08490389626212563,0.9849702621123988,0.0018710937923442834,0.0018710937914362062,6.998402566635911e-08,0.015694951789410414,0.01546507776543147,0.9816889315668893,1.011089615767724,0.08490361418899066,0.08618499807157058,0.0
model.dec.8x8_block3.norm0,0.0005936077901052094,0.0005815918832857496,0.9962680120744177,0.9761013906118308,1.016851283513254,0.0845664858729359,0.0866356500933837,0.0,1021,1024,0.9970703125,1.0,0.9761013906118308,0.08423894004744914,0.375,0.9829545454545454,1.53125,1021,0.976061234028641,0.08427037763257748,0.9825079615081017,0.003260328641090683,0.0032603286409776007,9.488511624243624e-10,0.0005936508299015914,0.0005816039675468312,0.9760514586179306,1.016904460560083,0.08455569777973987,0.08663354546760633,0.0
model.dec.8x8_block3.norm1,0.00044866567998851716,0.0004418425459467213,0.9967548992496315,0.9815966364545564,1.0121472428498268,0.07927224439958988,0.08054748765405773,0.0,507,512,0.990234375,1.0,0.9815966364545564,0.07860195093952692,0.4854166666666667,0.9848484848484849,1.6541666666666663,507,0.981779657242293,0.0785269752062247,0.9836681175916905,0.004152840408709556,0.004152840408693394,1.0374382877272933e-09,0.00044859815687180426,0.00044185286268255225,0.9817609922459201,1.0119647763774442,0.07936421592117084,0.08062062221220728,0.0
model.dec.8x8_block3.skip,0.007245557648487455,0.007133987278387491,0.9961853214884288,0.9808456098473491,1.0117649350578741,0.08591913868346007,0.08729840645597291,0.0,131313,131328,0.9998857821637427,1.0,0.9808456098473494,0.08591225295613643,0.4576092467145959,0.9819514946418499,1.5181931248215954,131313,0.9808456151829169,0.08591315048355769,0.9819587755257349,0.0005146567838050755,0.0005146567838433526,3.0250767666730824e-09,0.007245556651506908,0.007133986070538523,0.9808456031376679,1.0117649923032914,0.08591885748821086,0.08729810815443369,0.0
model.dec.8x8_block4.affine,0.006718125920284046,0.006665691682736942,0.9952679449799275,0.9874999875957812,1.0030970073389396,0.09641011203994859,0.09735914458514297,0.0,131204,131328,0.9990557992202729,1.0000000000000002,0.9874999875957811,0.0963960391738649,0.37229627226802886,0.98760916917024,1.6326080432172843,131204,0.9874992585326129,0.0964233266134462,0.9873906280281222,0.001482620006677411,0.0014826201152873207,5.96403467114753e-09,0.006718124202180916,0.006665685540400435,0.9874993619658247,1.0030977074395797,0.09640972221675918,0.097358811312072,0.0
model.dec.8x8_block4.conv0,0.02249889038200684,0.02216932394349002,0.9962153224527157,0.981622641203013,1.0110249367040802,0.08564647318249148,0.08693758166862678,0.0,1178944,1179904,0.9991863744847038,1.0,0.981622641203013,0.08561068213780054,0.4714195566868173,0.9843189964157706,1.4838709677419355,1178944,0.9816236680417267,0.08563191308436807,0.9842965460501822,0.0017066828996728338,0.0017066828990985707,1.5110740247460998e-07,0.022498884289705676,0.022169332139524177,0.9816237522813949,1.0110247859713966,0.08564099931562807,0.0869319566896195,0.0
model.dec.8x8_block4.conv1,0.015965643417985485,0.015748910150063473,0.9962806213725809,0.9827561332461453,1.0099912307277672,0.08499826696992545,0.08617122724819652,0.0,589570,590080,0.9991357104121475,1.0,0.9827561332461453,0.08496271957216651,0.47103199729586903,0.984375,1.4946236559139785,589570,0.9827582942482243,0.0849895275219025,0.9843661036450191,0.0019039131734237286,0.0019039131731292218,7.500156879270629e-08,0.015965627629049278,0.015748920788256262,0.982758166273663,1.0099899579962688,0.0849938146214368,0.08616655431810964,0.0
model.dec.8x8_block4.norm0,0.0006213435319862523,0.0006170859126771054,0.9955635994452731,0.9887417197824528,1.0024325470543558,0.09344627898073801,0.09433322113273584,0.0,1023,1024,0.9990234375,1.0,0.9887417197824528,0.09338934195210978,0.4654761904761905,0.995260663507109,1.6634615384615379,1023,0.9887808715169728,0.0933101470609822,0.9940603229245354,0.002710309291886979,0.0027103092918509403,2.0001311884802388e-10,0.0006213463019901806,0.0006171092323286696,0.9887821150839461,1.0024066767009068,0.09337065097182735,0.09425604648518886,0.0
model.dec.8x8_block4.norm1,0.00042502649126555656,0.00041872528205146823,0.995283566695188,0.9805280394281313,1.0102611432827884,0.0955701671389202,0.09701363035634292,0.0,512,512,1.0,1.0,0.9805280394281313,0.09557016713892022,0.5798811544991511,0.9839999590398951,1.5,512,0.9804433226563861,0.09547824921172955,0.9831759680828317,0.003944219733852014,0.0039442197338394195,0.0,0.000425034665489309,0.00041869836881436697,0.9804604833655396,1.0103602716483249,0.09541512360386431,0.09686541076613055,0.0
model.dec.8x8_block4.skip,0.007195745511391475,0.007091285443544103,0.9963469301718929,0.9818830406748961,1.0110238838432517,0.08415814743852826,0.0854160623166671,0.0,131313,131328,0.9998857821637427,1.0,0.9818830406748961,0.08415288831764163,0.4653113430264292,0.9821254694672417,1.5052991915992997,131313,0.9818828957198575,0.08415804773369824,0.9820980239078736,0.0004715990181954801,0.00047159901818640275,2.2321212235719677e-09,0.007195744209928475,0.007091283021117114,0.9818828388908141,1.0110240010956848,0.08415864674472358,0.08541657252305673,0.0
model.dec.8x8_in0.affine,0.008139399709444311,0.008010933600380292,0.9972159917741709,0.9814766912197334,1.013207693210014,0.0733902775599635,0.07466964717564961,0.0,131188,131328,0.9989339668615984,1.0,0.9814766912197334,0.07338026603734392,0.4834859228674865,0.9815709014151061,1.3979148074037393,131188,0.9814761647383967,0.07338412160531756,0.9813381883974,0.0010931344851756127,0.0010931343126789161,4.740937478393357e-09,0.00813940021091163,0.008010925568047118,0.9814759862718482,1.0132091221487451,0.07338565745121248,0.07466508055552958,0.0
model.dec.8x8_in0.conv0,0.01825761597147345,0.017982607347854607,0.9967277902566649,0.9817143986862968,1.011970782133137,0.07961384364069114,0.08087629153973891,0.0,589699,590080,0.9993543248373102,0.9999999999999999,0.981714398686297,0.07959786497122347,0.4883720930232558,0.9833141542002302,1.4838709677419355,589699,0.981714370920583,0.07961325935701075,0.9832614808441764,0.001239639053573065,0.001239639051306702,4.129944275008043e-08,0.0182576071212087,0.01798259511208438,0.9817143511998081,1.011971129225768,0.07961204481057631,0.08087447330754624,0.0
model.dec.8x8_in0.conv1,0.017138509656261812,0.016893820420343725,0.9968530355778794,0.9826208057930066,1.0112914042552479,0.0781400685327764,0.07929776560458889,0.0,589702,590080,0.9993594088937093,1.0,0.9826208057930066,0.0781203372578656,0.4979765214704974,0.984259104815715,1.4634146341463414,589702,0.9826225392032557,0.07812933823761985,0.9842249040464759,0.0011304517472332906,0.0011304517453537865,4.41052859479532e-08,0.017138490799169136,0.016893827876507443,0.9826225083492215,1.0112900384109174,0.0781378284057898,0.07929532186560423,0.0
model.dec.8x8_in0.norm0,0.0005037186105877626,0.000491525505048144,0.9975208376064504,0.9733746643357983,1.022265996760934,0.06866828615912574,0.07151134168257334,0.0,512,512,1.0,1.0,0.9733746643357983,0.06866828615912574,0.48928571428571427,0.9764507823331352,1.4692115143929914,512,0.9733981816203878,0.06865930246396365,0.9764006001613534,0.0010576334960784558,0.0010576334959890741,0.0,0.0005037214667235196,0.0004915405715274461,0.9734006278500223,1.0222421879430188,0.06864665946083501,0.07148362381378645,0.0
model.dec.8x8_in0.norm1,0.0004942850319531915,0.000489270952368911,0.9972671894029814,0.9871508056745505,1.0074872464700275,0.07312987378489767,0.07389955915603602,0.0,510,512,0.99609375,1.0,0.9871508056745505,0.07312699050350342,0.5,0.9836400133824021,1.3496846089150543,510,0.9871262392801525,0.07333418936733753,0.984838615467143,0.0020104232408706345,0.00201042324042845,5.017630144111325e-12,0.0004942864932147785,0.0004892522747906806,0.9871028823778235,1.0075212138891558,0.07322562607059903,0.07399854221563285,0.0
model.dec.8x8_in0.norm2,0.0005007255194515034,0.0005006222775936804,0.9977870408612413,0.9975813126053237,0.9979928115438914,0.06647705006217562,0.06743403212179654,0.0,512,512,1.0,1.0,0.9975813126053237,0.06647705006217564,0.6147614705713,0.9988669822028285,1.4183914066612306,512,0.9975693366840727,0.06647445990360626,0.9988968388239874,0.00019881224263685276,0.0001988122429069627,0.0,0.0005007275070676206,0.0005006180775564182,0.9975690518221143,0.9980052143563309,0.06647520231421446,0.0674310331573176,0.0
model.dec.8x8_in0.proj,0.006417325733110992,0.006314505681359486,0.9968300716148051,0.9808586025304074,1.0130616065476907,0.07828536016792204,0.07964915638912616,0.0,65766,65792,0.9996048151750972,1.0,0.9808586025304072,0.07826823671309059,0.5038744253789086,0.9805143979007684,1.4883028792912514,65766,0.980860367709165,0.0782693155790896,0.98047210519822,0.0007445987490215646,0.0007445987470680586,5.376542093428254e-09,0.0064173112785253575,0.006314501298950948,0.9808602967103114,1.0130601988162906,0.07828340732288729,0.07964695645657266,0.0
model.dec.8x8_in0.qkv,0.01152285053352885,0.011430568501328947,0.9969067730118103,0.988922934059835,1.0049550676278376,0.07796374501844118,0.07870774333854408,0.0,197322,197376,0.9997264105058365,1.0,0.988922934059835,0.07795524051971353,0.5109692702363409,0.9886685552407932,1.4604415703181113,197322,0.9889235875313662,0.07796511219883755,0.9886330658386606,0.0009175875242345663,0.0009175874492066744,8.574484464132749e-09,0.011522839457008176,0.011430564075037144,0.9889235910672756,1.0049545815312548,0.07796265663285575,0.07870666161447006,0.0
model.dec.8x8_in1.affine,0.007084235474745075,0.007006875926018531,0.9971944986583325,0.9863051773358258,1.0082040437428044,0.07403666708385241,0.07486101117323106,0.0,131217,131328,0.9991547880116959,1.0,0.9863051773358258,0.07402844464139323,0.46153846153846156,0.9758219524532119,1.4090909090909092,131217,0.9863044716561067,0.07404674323795907,0.9756046880814682,0.0011038735965836028,0.0011038733991990755,2.975637328279466e-09,0.007084244818695001,0.00700687780384809,0.9863042957156538,1.0082052617508344,0.07403452482060753,0.07485891594660093,0.0
model.dec.8x8_in1.conv0,0.01674059956045143,0.016480229251124745,0.9965638414886228,0.9810640599703324,1.0123085032720427,0.08153994916378643,0.08288345178390043,0.0,589631,590080,0.9992390862255965,1.0000000000000002,0.9810640599703323,0.08151753828498326,0.4675324675324675,0.9795578797242691,1.496018756518838,589631,0.9810626249076181,0.08153030607405448,0.9795182728580466,0.0012747455365839462,0.0012747455341456844,4.987490584988773e-08,0.016740619333476706,0.016480217846251758,0.9810624133664715,1.012310596691021,0.08153749714398928,0.08288117077707498,0.0
model.dec.8x8_in1.conv1,0.015602538198601055,0.015418741727132809,0.9968895308139211,0.9851462634124887,1.0087727818242682,0.07788317559030332,0.07881289051129191,0.0,589680,590080,0.999322125813449,0.9999999999999999,0.9851462634124888,0.07786413880994779,0.5,0.9855981536090583,1.4761904761904763,589680,0.985146706786365,0.07788031151720849,0.9855729507598145,0.0013259677098807776,0.0013259677067511927,3.515159327463989e-08,0.015602532841112822,0.015418739598450635,0.9851467487797229,1.008772864599832,0.07787961053250651,0.07880926986915512,0.0
model.dec.8x8_in1.norm0,0.0004574460487040853,0.0004464298400929679,0.9965491589957485,0.9725502776897862,1.0211402423884817,0.08100574379628649,0.08381390900495578,0.0,509,512,0.994140625,1.0,0.9725502776897862,0.08097471895827726,0.391919191919192,0.9873563218390805,1.429166666666666,509,0.9725788654077665,0.08102476739636875,0.9875441413032058,0.0021912790296654055,0.0021912790302498,5.121443181575697e-11,0.0004574220849691721,0.00044641834072465625,0.9725808328868693,1.0211179411318285,0.08095196566803091,0.0837540924804721,0.0
model.dec.8x8_in1.norm1,0.0004913393787047548,0.0004874700647626847,0.9975616832241054,0.9897058518043865,1.005479870632912,0.06924071462648199,0.06988966740954494,0.0,512,512,1.0,1.0,0.9897058518043865,0.06924071462648199,0.25916666666666666,0.97946961714085,1.3362372113607373,512,0.9897609013126244,0.06917550251035344,0.9786770083316139,0.001975093682116863,0.0019750936804831904,0.0,0.0004913557925644377,0.00048751160529406605,0.9897624948318067,1.0054332337890013,0.0691675325184049,0.0698149304450078,0.0
model.enc.16x16_block0.affine,0.006444538727648221,0.006372264401319421,0.9968222217341657,0.9856430423405607,1.0081281955620087,0.07876503047000838,0.07966589777195016,0.0,131187,131328,0.9989263523391813,0.9999999999999997,0.985643042340561,0.07874243525753376,0.4627659574468085,0.9901263823064771,1.6875,131187,0.9856407329085974,0.07876502061677834,0.989992400055116,0.0013737030222075056,0.001373703018120099,7.198494694234453e-09,0.006444541185153846,0.006372251213371336,0.9856406953456077,1.0081307367080663,0.07876397730447426,0.07966500176797661,0.0
model.enc.16x16_block0.conv0,0.015285318405503146,0.015077624671735892,0.9963397678734355,0.982801709914765,1.0100643120901611,0.08431988037048094,0.08548530083229836,0.0,589576,590080,0.9991458785249457,1.0,0.982801709914765,0.0842874060051726,0.45999321573948443,0.9840943733147246,1.5,589576,0.9828035580614575,0.08431289673340239,0.9840431307604005,0.001741916881021617,0.0017419168808285757,6.230263716848673e-08,0.015285319319964779,0.015077648119889596,0.9828034112838829,1.0100630398850285,0.08431730521714986,0.0854825447504005,0.0
model.enc.16x16_block0.conv1,0.014012588212789803,0.013842881997949802,0.9963307702168422,0.9842642253948233,1.0085452443247025,0.08454965943574416,0.08558890233713112,0.0,589641,590080,0.9992560330802603,1.0,0.9842642253948232,0.08451893314033194,0.4621131270010672,0.9844559585492227,1.5132743362831858,589641,0.9842657763601356,0.08453898655307972,0.9844486159847953,0.0016421386875602585,0.001642138687416004,4.9676420882838826e-08,0.014012577749849937,0.013842887863959237,0.9842659811220983,1.008544682483528,0.08454273020180138,0.0855817974584493,0.0
model.enc.16x16_block0.norm0,0.00041591807589491073,0.0004104790318672517,0.9963364714794314,0.9833071797779852,1.0095384075444427,0.08440143702075646,0.0855203218578501,0.0,512,512,1.0,1.0,0.9833071797779852,0.08440143702075646,0.5729166666666666,0.9784896597316853,1.4290120183810529,512,0.9831398123447501,0.08450662934057153,0.9788366598152601,0.003009443705188989,0.00300944370518688,0.0,0.00041596609058448873,0.00041045497525731077,0.9831370717791316,1.0097151700226743,0.08437491433277193,0.08550911430910672,0.0
model.enc.16x16_block0.norm1,0.000397380855764327,0.000395792482789581,0.9965941867229919,0.9926106951933482,1.0005936645852869,0.08213266579274697,0.08291018335123977,0.0,512,512,1.0,1.0,0.9926106951933482,0.08213266579274697,0.46550480769230773,0.9945637722693297,1.5798076923076922,512,0.9925318060298128,0.08234623684909718,0.9951533909488669,0.0039197683213358725,0.003919768321377588,0.0,0.0003974179630646416,0.0003958003023214092,0.9925336726119696,1.0006633471370827,0.08217434774721004,0.08295067436321309,0.0
model.enc.16x16_block0.norm2,0.0003480218882315831,0.00034644217507871897,0.9966782230778779,0.9921541809086634,1.0012228940545325,0.08107061545070376,0.0818298663720147,0.0,512,512,1.0,1.0,0.9921541809086634,0.08107061545070378,0.4602875953558968,0.9956382059530307,1.496885031925777,512,0.9921737560802238,0.08116897907455192,0.9952386174207528,0.000938149942889797,0.0009381499428879419,0.0,0.0003480196887301863,0.0003464467542973331,0.9921733554630683,1.001203120524786,0.08107477097253456,0.0818344328448368,0.0
model.enc.16x16_block0.proj,0.0039644263214203565,0.003917976336644562,0.9967921527487317,0.9851130404217756,1.0086097280328803,0.07909603775843191,0.08003615239634596,0.0,65727,65792,0.9990120379377432,1.0,0.9851130404217758,0.07906247032796672,0.5,0.9860993388709951,1.460768914895801,65727,0.9851165712396128,0.07909273875630822,0.9860552928493684,0.0016470210411348072,0.0016470210410882659,4.063607929931495e-09,0.0039644231263781925,0.0039179853292266136,0.9851165169903269,1.00860703184797,0.07909103207121694,0.0800308646564081,0.0
model.enc.16x16_block0.qkv,0.007892864650705125,0.007802212159476284,0.9961649922018428,0.9847236661162642,1.0077392529848408,0.08648971046231226,0.08750710572414169,0.0,197241,197376,0.9993160262645915,1.0,0.9847236661162642,0.08646425652602731,0.46395348837209305,0.9850299401197605,1.5121951219512195,197241,0.9847254439680657,0.08649014217011017,0.9850027151323799,0.0014754521666644985,0.0014754521662770248,1.3356578810471372e-08,0.00789286176012672,0.00780222162426366,0.9847255366000129,1.0077379841075562,0.08648625723901472,0.08750350619154043,0.0
model.enc.16x16_block1.affine,0.005443047867904919,0.005451512728791502,0.9947689284338066,0.9963159625216639,0.993224296510081,0.10230962787279022,0.10340168977604576,0.0,131216,131328,0.9991471734892787,1.0,0.9963159625216638,0.10228585619821944,0.17264890282131662,1.0,1.5152006756756757,131216,0.9963139802992756,0.10230548066937462,0.9993128445704738,0.0014883010852180534,0.0014883011180193307,7.0174700342898245e-09,0.005443053677377909,0.0054515051250180035,0.9963138249116538,0.9932270564114206,0.10230630412272479,0.10339832008899746,0.0
model.enc.16x16_block1.conv0,0.014625803316280658,0.01443546108749448,0.9961846920881212,0.98322020661855,1.0093201238852385,0.08613429204441815,0.08727007711930429,0.0,589542,590080,0.999088259219089,1.0,0.98322020661855,0.08610361226805763,0.45454545454545453,0.984251968503937,1.5,589542,0.9832206782552058,0.08611964178999561,0.9841948291760735,0.0017156897499769057,0.0017156897498701413,5.505044317837042e-08,0.01462578385127373,0.01443543859225752,0.9832204688576957,1.0093208522548518,0.08612872588934327,0.08726445753349221,0.0
model.enc.16x16_block1.conv1,0.013983044185949745,0.013810090529726,0.9963453148337843,0.9840217061281027,1.0088232609190024,0.08436020243289753,0.08541767215711006,0.0,589641,590080,0.9992560330802603,0.9999999999999999,0.9840217061281028,0.08433204509066101,0.467005076142132,0.9844742413549753,1.5031446540880504,589641,0.984023561479429,0.08434824140224527,0.984434702993935,0.0015528705021694126,0.0015528705022382725,4.5230426578297284e-08,0.0139830370424722,0.013810102146786189,0.9840233971953166,1.0088222666125073,0.0843561101336658,0.08541342073672241,0.0
model.enc.16x16_block1.norm0,0.00038986179821173355,0.00038633678893420923,0.994957657594895,0.9859615595164135,1.0040358377584806,0.09938901628566348,0.10042808896454776,0.0,512,512,1.0,1.0,0.9859615595164135,0.09938901628566349,0.2513349514563107,0.9974905982905983,1.7251137303556656,512,0.9860138952268344,0.09899685759804737,0.995629196164588,0.003837830888248974,0.0038378308882370624,0.0,0.0003898386516323965,0.00038633417670731204,0.9860233014875616,1.003993062931559,0.09929630651558154,0.10033162297423669,0.0
model.enc.16x16_block1.norm1,0.00036961813961978903,0.00036875238212191356,0.9949526540077551,0.9926221739043586,0.9972886056164788,0.10011044513557357,0.10105076611904848,0.0,512,512,1.0,1.0,0.9926221739043586,0.10011044513557357,0.4592650103519669,0.9916373938239263,1.5215114171801376,512,0.9925721855707994,0.09985854616184997,0.9893618027640179,0.002473654170605426,0.0024736541705755086,0.0,0.00036964177879289316,0.00036875862132558935,0.99258830602443,0.9973483926674134,0.09997856101520576,0.1009171566726798,0.0
model.enc.16x16_block1.norm2,0.00040544989245819594,0.00040526702958601957,0.9973960619495187,0.9969462240978432,0.9978461027751241,0.07208609539843323,0.07301149523384104,0.0,512,512,1.0,1.0,0.9969462240978432,0.07208609539843323,0.5121025539428318,0.996402099656523,1.4612841897133007,512,0.9969364578846031,0.07208432216505405,0.9963834947156884,0.0001938312445624419,0.00019383124455838818,0.0,0.0004054522268658687,0.0004052652604569093,0.9969366939930322,0.9978567662891915,0.0720775950537941,0.0730022322366762,0.0
model.enc.16x16_block1.proj,0.004160159017643262,0.00412060014096534,0.9968924323484922,0.9874130002822709,1.0064628695283513,0.078025789764785,0.07882268623473791,0.0,65735,65792,0.9991336332684825,1.0,0.9874130002822709,0.07798912833878957,0.5098039215686274,0.9875,1.4754098360655739,65735,0.9874095945915623,0.0780061658894196,0.9875736008005181,0.001438032037902725,0.001438032037904402,4.820985035152262e-09,0.004160170101725074,0.0041205963353023655,0.9874097093178813,1.0064667372662504,0.07802232353470312,0.07881935870546816,0.0
model.enc.16x16_block1.qkv,0.007792226710708987,0.007679269870271688,0.996436692878749,0.981992254247531,1.011093599384809,0.08312138098854827,0.08436393299879624,0.0,197246,197376,0.9993413586251622,1.0,0.981992254247531,0.08309659462176015,0.47619047619047616,0.982429284447958,1.4871794871794872,197246,0.9819910063917565,0.0831148872364283,0.9823844408767757,0.0014135902100849355,0.0014135902136772386,1.2183006046276579e-08,0.007792229914021268,0.007679260046996309,0.9819909130148765,1.0110956364793355,0.0831174763229365,0.08436014479888225,0.0
model.enc.16x16_block2.affine,0.006115166644901638,0.006125763231542808,0.9963212479197264,0.9980477101797243,0.9945977721621823,0.08584547049107559,0.08694224102391324,0.0,131217,131328,0.9991547880116959,1.0,0.9980477101797242,0.08581596240287023,0.4962172874045579,0.9945945945945946,1.5835891463329943,131217,0.9980468576978465,0.08583768299117536,0.9942400685825489,0.001547281134367224,0.0015472811268734473,9.22509482793746e-09,0.006115174570696551,0.006125765348268508,0.9980473606925317,0.9945993146991785,0.08583842225937767,0.08693522651181336,0.0
model.enc.16x16_block2.conv0,0.014511608145178854,0.014334487393481633,0.9967829173878819,0.9846167303023144,1.0090994331278849,0.07917045800040667,0.08014882065774154,0.0,589563,590080,0.9991238476138828,1.0,0.9846167303023144,0.07913649484928255,0.5,0.985239852398524,1.4680851063829787,589563,0.9846157553103776,0.07916478547393972,0.9851672014966937,0.0018072803534905778,0.001807280353304457,5.514161633645068e-08,0.01451163314169904,0.014334491093166998,0.9846157655231108,1.0091013998528877,0.0791644081432808,0.0801428111980645,0.0
model.enc.16x16_block2.conv1,0.013819224760131588,0.013645915394154155,0.9966124614279934,0.9841137665436323,1.0092698954532173,0.08120971887011508,0.08224112678789271,0.0,589701,590080,0.9993577142082429,0.9999999999999999,0.9841137665436324,0.0811801717165907,0.4755784061696658,0.983983983983984,1.4905417024935512,589701,0.9841125049315811,0.08120101247583297,0.9839463931679711,0.001506404795747527,0.0015064047957480693,4.4625432521081986e-08,0.013819222952038707,0.0136458910295676,0.9841124742813215,1.0092719101324241,0.08120551149232894,0.08223700264524851,0.0
model.enc.16x16_block2.norm0,0.00041792262621400674,0.0004128000516332637,0.9961253051284318,0.9839155661786366,1.008486558832487,0.08686733793475705,0.08794840839040462,0.0,512,512,1.0,1.0,0.9839155661786366,0.08686733793475705,0.534610132733589,0.9889705882352942,1.542649727767695,512,0.983993822899421,0.08705389263535217,0.9894149887448983,0.0022958042448977356,0.0022958042448628594,0.0,0.0004178970171361921,0.00041280521547233656,0.9839834248430065,1.0084072840569256,0.08692748010663733,0.08800349990972742,0.0
model.enc.16x16_block2.norm1,0.0004063618962725627,0.00040518462869945404,0.9960250582728235,0.9931394825978794,0.9989190180137741,0.08881541732619012,0.08966538119849597,0.0,510,512,0.99609375,1.0,0.9931394825978794,0.08880330449928522,0.4459935897435898,0.9940014494750145,1.4444444444444444,510,0.9930489161226032,0.08876420333954803,0.9934866873397885,0.002374447778749039,0.0023744477787196448,1.730217291072871e-11,0.0004063663458011578,0.00040515077752346104,0.9930578097398047,0.9990256642058011,0.0886708051366104,0.08951746169806006,0.0
model.enc.16x16_block2.norm2,0.0003798869437637167,0.0003773906417992358,0.9962183285593684,0.9896720078409037,1.0028079508106738,0.0863142846034723,0.08711947954060545,0.0,512,512,1.0,1.0,0.9896720078409037,0.0863142846034723,0.4140227754237289,0.992712704381691,1.535663420152301,512,0.9896629161060608,0.08631006930337361,0.9927458572447705,0.000193276827197138,0.00019327682719397695,0.0,0.0003798886445516937,0.0003773888725845473,0.9896630014328304,1.0028172065524732,0.08631275966569153,0.08711810966114716,0.0
model.enc.16x16_block2.proj,0.004443743040271851,0.004387851440936547,0.9968814448165364,0.9843430739446065,1.0095795270211136,0.07792123636962492,0.07891451656240842,0.0,65756,65792,0.9994528210116731,1.0,0.9843430739446065,0.07790254987274103,0.5,0.9849923083680001,1.4675848345203184,65756,0.9843388874646797,0.077923500808387,0.9850765936103955,0.001206756272138902,0.001206756272145928,2.80027034370342e-09,0.004443746838457102,0.004387835471688616,0.9843383801209219,1.0095837872709799,0.0779242974257348,0.07891798686114493,0.0
model.enc.16x16_block2.qkv,0.00824237694961773,0.008114949357279027,0.9965004483378297,0.981094497642743,1.0121483159098223,0.08229515209393415,0.08363662625207115,0.0,197254,197376,0.9993818904020753,1.0,0.981094497642743,0.08227252007577919,0.47368421052631576,0.9810669902444273,1.4799565217391288,197254,0.9810935776878982,0.08229112161859665,0.9810686843713471,0.001452145027762493,0.0014521450270469501,1.2322907631582407e-08,0.008242383022765962,0.008114944871819548,0.9810939564448142,1.0121503680360315,0.08228641445337088,0.08362791286117978,0.0
model.enc.16x16_block3.affine,0.005979261535457181,0.00594708971122321,0.9963176689348338,0.9909569138087877,1.001707424005399,0.08527724883945079,0.08606482520500372,0.0,131236,131328,0.9992994639376218,1.0,0.9909569138087877,0.08525557332631667,0.44516129032258067,0.9888475836431226,1.3655575133279119,131236,0.9909565762316815,0.08527502511462236,0.988767758103864,0.001319299934658438,0.0013192999217474543,6.435953633852576e-09,0.005979266836164303,0.0059470937417845544,0.990956864292477,1.0017077922217565,0.08527540226366054,0.08606301447571489,0.0
model.enc.16x16_block3.conv0,0.014198994003303154,0.01401267964512957,0.9968481310024431,0.9837678297021503,1.0101023496406898,0.07829250971875155,0.07933811777568656,0.0,589583,590080,0.9991577413232104,1.0,0.98376782970215,0.07826255290307697,0.5,0.9842171717171717,1.4666666666666666,589583,0.9837676628905834,0.07828815478589723,0.984189019396305,0.0018131406339304598,0.0018131406338971338,4.60488039704599e-08,0.014198981495907492,0.014012656270271179,0.9837676696191171,1.0101037756957523,0.07828472764011637,0.07933030379823669,0.0
model.enc.16x16_block3.conv1,0.013994976342174769,0.013826488390480812,0.9968313193245345,0.9848302938800516,1.0089785878452247,0.07858680854430984,0.0795448604847747,0.0,589708,590080,0.9993695770065076,1.0,0.9848302938800516,0.07856046455204961,0.4973375009767916,0.9851103873696099,1.4747553661616164,589708,0.9848319305993498,0.07858028397240487,0.9851052522778192,0.0014666528325739951,0.0014666528324815875,3.948873453406782e-08,0.013994968365694773,0.013826500459127922,0.9848320419951596,1.0089774672804845,0.07858282163359956,0.07954071571355834,0.0
model.enc.16x16_block3.norm0,0.00038509439188185525,0.0003855706385358509,0.9958867039235323,0.9971183180952803,0.994656611009032,0.09071929964124671,0.09177537332714802,0.0,511,512,0.998046875,1.0,0.9971183180952803,0.0906664693991724,0.06818181818181818,0.9956521739130435,1.6781609195402298,511,0.9970217680850577,0.09061121902742526,0.9958254213248748,0.0033345975497086427,0.0033345975497627582,6.920869164291483e-11,0.00038513329671163943,0.0003855754166303218,0.9970300837001002,0.9947449061964992,0.09070976774077873,0.09175977706304111,0.0
model.enc.16x16_block3.norm1,0.0004171169717578275,0.0004139556174417489,0.9969362099766065,0.9893803711983791,1.0045497522441131,0.07762605477134187,0.07835694219123533,0.0,511,512,0.998046875,1.0,0.9893803711983791,0.07762552867117523,0.5876934414148858,0.992,1.5256578947368422,511,0.9894367520730347,0.07766728559857528,0.9918800887625955,0.0023463046867111654,0.002346304686689536,6.920869164291484e-13,0.00041707929062439363,0.00041394478220177863,0.9894425859240706,1.0044840052562913,0.07764724434074148,0.0783771972506179,0.0
model.enc.16x16_block3.norm2,0.0003820490017397529,0.0003807480115071923,0.9965955954915958,0.9932018917267824,1.0000008953129003,0.08216449824256977,0.08295723119967363,0.0,512,512,1.0,1.0,0.9932018917267824,0.08216449824256977,0.3887530405837921,0.9889880710405654,1.3097216504414295,512,0.9932016943867772,0.08216706399334539,0.9890261913291529,0.0001550251083355338,0.00015502510834747773,0.0,0.0003820493142892478,0.0003807482994444111,0.9932017013026395,1.0000008272783059,0.08216605247083923,0.08295886130888243,0.0
model.enc.16x16_block3.proj,0.004398581216638241,0.004357277810685152,0.9968916897263009,0.9875307116917758,1.0063414021249582,0.07804445854671455,0.07883637208930817,0.0,65763,65792,0.9995592169260701,1.0,0.9875307116917758,0.07803527283885048,0.5202757635684465,0.9881078785304735,1.4669987834039515,65763,0.9875303836752426,0.07805193631098738,0.9879962370015084,0.0010887479297667195,0.0010887479297987215,1.350904998508386e-09,0.004398577989766493,0.00435727169352936,0.9875299759499684,1.0063420014257545,0.07804534032905157,0.07883731480582805,0.0
model.enc.16x16_block3.qkv,0.00858434044497081,0.008487019018107058,0.9966731396060818,0.9853737680719454,1.008102082071781,0.08057847033027975,0.08151016289286715,0.0,197276,197376,0.9994933527885862,1.0,0.9853737680719454,0.08055923816098778,0.49496134020618554,0.9861921590256546,1.4782202609778547,197276,0.9853749718625308,0.08057752513238636,0.986124229066437,0.0013142298094058213,0.0013142298091113774,1.1121919878550321e-08,0.008584331086575346,0.008487019620417105,0.9853750734437935,1.008101076458105,0.08057659241486222,0.08150819100372239,0.0
model.enc.16x16_down.affine,0.006708477243544572,0.0065978082143319855,0.996831481615474,0.9803868596313889,1.013551939193991,0.07823022144195015,0.07965567186097162,0.0,131229,131328,0.9992461622807017,0.9999999999999999,0.980386859631389,0.07822412496233926,0.46153846153846156,0.9876625099495887,1.4372721920227831,131229,0.9803865857079554,0.07823377471745403,0.9874521158938547,0.0008924642112201614,0.0008924642063080195,2.09052372118113e-09,0.006708478187807513,0.006597807581253893,0.9803866727726398,1.0135522258487577,0.07822963637128817,0.07965507950936651,0.0
model.enc.16x16_down.conv0,0.014344092096260804,0.014122118249747054,0.9967549888905757,0.9813302734445917,1.012422152626425,0.07924963338398129,0.08055644020445392,0.0,589510,590080,0.9990340292841648,1.0000000000000002,0.9813302734445916,0.07922195586891517,0.4788732394366197,0.9825870646766169,1.4782608695652173,589510,0.9813302680759325,0.0792400320270067,0.9825061663228718,0.0017160037494580425,0.0017160037493303161,4.3950627374854786e-08,0.014344074701125597,0.0141220928021405,0.9813302949357436,1.012423367969444,0.07924215970755084,0.08054892527942036,0.0
model.enc.16x16_down.conv1,0.013573273736123772,0.013399773873557563,0.9965031251024785,0.983765361272376,1.009405817109338,0.082487455431385,0.08355567128227027,0.0,589588,590080,0.9991662147505423,1.0000000000000002,0.983765361272376,0.08246096375912798,0.46629743481026076,0.9837447590779476,1.5,589588,0.9837659907477507,0.08248246727125566,0.9837160028125217,0.0016332955731992796,0.0016332955732177058,3.920732263310184e-08,0.013573273406674344,0.013399773320872036,0.9837658633096598,1.0094063664987696,0.08248126723029095,0.08354940426234848,0.0
model.enc.16x16_down.norm0,0.00042220727776281163,0.00041550565898730444,0.9967460414673385,0.9809248741456739,1.012822385655262,0.07932656539293677,0.08068330090132464,0.0,512,512,1.0,1.0,0.9809248741456739,0.07932656539293677,0.29226641280586707,0.9839469517022961,1.6035714285714278,512,0.9808956825304606,0.07914152234088512,0.9841853254103328,0.0022453679334750254,0.002245367933433393,0.0,0.0004222296143756753,0.0004155156092701926,0.9809010948528819,1.0128564876704258,0.07926707117986785,0.08062668061354278,0.0
model.enc.16x16_down.norm1,0.0004250823989605361,0.00041748604781872257,0.9966414981790894,0.9788312129233728,1.014775849787311,0.08042511377545711,0.08206912347012975,0.0,510,512,0.99609375,1.0,0.9788312129233728,0.0803859893557091,0.5018260869565219,0.9853035102486857,1.5196428571428555,510,0.9788056261036461,0.08058769105982173,0.9857269069820414,0.0026536578814210766,0.0026536578815086953,5.536695331433187e-11,0.0004250792698203946,0.0004174692617157902,0.9787931315751132,1.014803034507778,0.08049461314311576,0.08214413925731415,0.0
model.enc.16x16_down.skip,0.003494408100284102,0.0034548427285037704,0.9966521171851644,0.9853675418234945,1.0080659251790127,0.08083342566957824,0.08176730734784432,0.0,65772,65792,0.9996960116731517,1.0,0.9853675418234944,0.08082289556332335,0.4651664226624099,0.9847297562651873,1.504047010228167,65772,0.9853653387992154,0.08084531332314175,0.98471855701007,0.0010703137475843241,0.0010703137475838514,1.0123090781393803e-09,0.0034944151332367513,0.003454841346041072,0.9853654618478294,1.0080686617758319,0.08082960403227915,0.08176360987183448,0.0
model.enc.32x32_block0.affine,0.006440904760911588,0.006188165131411981,0.9944748177547802,0.9554518533862681,1.035091574361707,0.10085619959646189,0.107874813087757,0.0,131153,131328,0.998667458576998,0.9999999999999999,0.9554518533862683,0.10081733929285552,0.2275105072020239,0.9529411764705882,1.6864450474898223,131153,0.9554482780775515,0.10082884787667183,0.9525991505852158,0.0014214937759784467,0.0014214937784497764,1.583395123845856e-08,0.0064409161224981614,0.00618815174450292,0.9554482624387037,1.0350958142941333,0.10085427472655764,0.10787404488646088,0.0
model.enc.32x32_block0.conv0,0.010180350613924439,0.009970135463079417,0.9947127345431253,0.9741728046851653,1.0156857382012783,0.10057593102077815,0.10289067452978072,0.0,294946,295168,0.9992478859496965,1.0,0.9741728046851654,0.10054211877788233,0.34186235512095464,0.9734705763456036,1.6,294946,0.9741736243204643,0.10056443692688773,0.9734358952433138,0.0018316596605177703,0.001831659660510398,3.432345045118077e-08,0.010180335634603977,0.009970124633452869,0.9741736746840852,1.0156858628110164,0.1005711774486807,0.10288576124325492,0.0
model.enc.32x32_block0.conv1,0.013609336662302561,0.013380553240775783,0.9953573768011535,0.9786246533806752,1.0123761997308762,0.09463007338349833,0.09629762478537444,0.0,589661,590080,0.9992899267895878,1.0,0.9786246533806752,0.09459703756278628,0.39215686274509803,0.9789719626168224,1.576271186440678,589661,0.9786247882902326,0.0946227032654661,0.9789389437666557,0.0017228298953273467,0.0017228298950244722,5.638749663849135e-08,0.013609345674823976,0.013380556364965402,0.9786246269819804,1.0123770405209849,0.0946259666209385,0.09629349836650838,0.0
model.enc.32x32_block0.norm0,0.0002582004459678882,0.0002462095699211261,0.9931290756082315,0.9470079792661485,1.0414963573831382,0.11158947608552568,0.12100011613457089,0.0,256,256,1.0,1.0,0.9470079792661485,0.11158947608552568,0.16830065359477123,0.9239151251360174,1.6060137799195506,256,0.9470259321537107,0.11145423778589612,0.9246024660252623,0.0015522791023517694,0.0015522791023036189,0.0,0.00025819649742036415,0.0002462044213980018,0.9470209934353555,1.041522373938819,0.11143313761166321,0.12084831845655308,0.0
model.enc.32x32_block0.norm1,0.00038802964028214324,0.0003740138528730011,0.9948851144775533,0.9589494621111556,1.0321674187396157,0.09736428766331595,0.10340315880220116,0.0,512,512,1.0,1.0,0.9589494621111556,0.09736428766331595,0.22065972222222222,0.9520247684804646,1.4384955752212387,512,0.9589013748457448,0.09780478430098968,0.9517630516022373,0.004530013614267914,0.004530013614261512,0.0,0.00038803122998673235,0.00037399412986945465,0.958898493651827,1.0322298785990995,0.09732399448666368,0.1033804224341757,0.0
model.enc.32x32_block0.skip,0.003288865149189198,0.003222569006647729,0.9962033054258256,0.976122081860586,1.0166976489761275,0.08530242451636627,0.08736387881543675,0.0,33003,33024,0.9993640988372093,1.0,0.976122081860586,0.08527807942765922,0.43103552749075147,0.9751141437960965,1.5080517153097794,33003,0.9761245048495766,0.08527331615136648,0.9750959613376495,0.001242500421485495,0.001242500421495651,2.1876272666131572e-09,0.0032888655985658885,0.003222576405047209,0.9761246933670771,1.0166959785906513,0.08529684243782625,0.08735782873287185,0.0
model.enc.32x32_block1.affine,0.0058084032596434475,0.005653549769590458,0.9956869133323281,0.9691416500926225,1.0229592643000225,0.09030353604917911,0.09373379819302018,0.0,131120,131328,0.9984161793372319,1.0000000000000002,0.9691416500926221,0.09029664429064768,0.5325659162529189,0.9666666666666667,1.5109926757051568,131120,0.9691422715284079,0.09030301918777298,0.9663891919333364,0.0009417396540693365,0.0009417396459307525,2.045041816907778e-09,0.005808398854231205,0.005653548086465956,0.9691422545438241,1.0229589596720825,0.09030188278386256,0.09373194838621395,0.0
model.enc.32x32_block1.conv0,0.013378669692488434,0.013109241462513504,0.9960741209041704,0.976014541477546,1.0165459756706314,0.08674040063695894,0.08881255148420272,0.0,589544,590080,0.9990916485900216,0.9999999999999999,0.9760145414775462,0.0867114862998585,0.45,0.9756944444444444,1.5,589544,0.9760152682703856,0.08672943713790476,0.9756020510793219,0.0017732965514137566,0.0017732965516047403,4.371782744093196e-08,0.013378652846284792,0.0131092266984715,0.9760150977389029,1.0165462847277167,0.08673561302373316,0.08880764578966291,0.0
model.enc.32x32_block1.conv1,0.012917228369244667,0.012658970231609017,0.9967143325475368,0.9767867149564932,1.0170484973783969,0.07937775492165842,0.08135833062123686,0.0,589641,590080,0.9992560330802603,1.0,0.9767867149564932,0.07935024823623885,0.49674054758800523,0.9772108843537415,1.463768115942029,589641,0.976785027040553,0.07936881126645005,0.9772002242679764,0.0015879193236939826,0.0015879193236276487,3.547896390343346e-08,0.012917228033445425,0.012658943132177802,0.9767850987119551,1.0170511160937792,0.07937205676561167,0.0813528961464386,0.0
model.enc.32x32_block1.norm0,0.00035162532243681173,0.0003437241544964248,0.9936780922853088,0.9713497302907301,1.016519715089886,0.10974418134513268,0.11249249883440068,0.0,510,512,0.99609375,1.0,0.9713497302907301,0.1096331094697684,0.29882468911131355,0.9660053929121726,1.8854437229437173,510,0.9713098153962638,0.10975510146262606,0.9667277989009271,0.0034391583548716463,0.003439158354914676,1.4672242628297945e-10,0.00035162519074685277,0.00034370979232865704,0.9712970513460414,1.0165487742451749,0.10984982801734221,0.11260674494125215,0.0
model.enc.32x32_block1.norm1,0.0004077162554725519,0.00039141381107746736,0.9958806494296684,0.9560605816900322,1.0373592290096172,0.08704819682807761,0.09460830615265849,0.0,510,512,0.99609375,1.0,0.9560605816900322,0.08695899526917449,0.5794709603220242,0.9635508924921652,1.6554890560875495,510,0.9559681949497986,0.08690939890533274,0.9631180121295632,0.001924609555483324,0.0019246095554870794,1.2565973422868455e-10,0.00040773036265632676,0.0003913920192806673,0.9559721222610987,1.037450544329189,0.08706399301772226,0.09465610465165644,0.0
model.enc.32x32_block2.affine,0.007024792725532349,0.006959910411526174,0.9970269936352452,0.9878182637835367,1.0063215699514207,0.07634138277108413,0.07710709540799586,0.0,131208,131328,0.9990862573099415,1.0000000000000002,0.9878182637835365,0.0763382316244804,0.5574542827793434,0.9832541021158228,1.4020721630832973,131208,0.9878195124142672,0.07634642550843852,0.9826247176582742,0.0008011286577543978,0.0008011286504048438,1.1562643395223694e-09,0.007024777493290451,0.006959903364747606,0.987819433650803,1.0063204353675628,0.07634110777524274,0.07710679396328636,0.0
model.enc.32x32_block2.conv0,0.014713301640318007,0.014520477591173241,0.9969362541193505,0.9838709823021982,1.0101750256440118,0.07719323351228063,0.07822382270777244,0.0,589572,590080,0.9991390997830802,0.9999999999999999,0.9838709823021985,0.07716675952201724,0.4926307592002319,0.9825673534072901,1.4666666666666666,589572,0.9838705994315622,0.07718936464002811,0.9824977957896219,0.0016682352992767823,0.0016682352990844529,4.308388639645154e-08,0.014713302754938104,0.014520465524637515,0.9838706193730142,1.0101764849805466,0.07718641823310597,0.07821699824020178,0.0
model.enc.32x32_block2.conv1,0.01245462399760793,0.01228216051496422,0.9968022384677494,0.9829991733903766,1.0107991232457771,0.07880154136056061,0.07992294752793366,0.0,589636,590080,0.9992475596529284,1.0,0.9829991733903766,0.07877765068378505,0.49833327740304484,0.9826302729528535,1.4705882352941178,589636,0.9829992693723195,0.07880036078611408,0.9825535632626414,0.001493898706472712,0.0014938987064643007,2.8439961450129457e-08,0.012454629111362463,0.012282159450318632,0.9829990365738774,1.0107999878466558,0.07879711104571602,0.07991850035967185,0.0
model.enc.32x32_block2.norm0,0.00044528692069984534,0.00043471163937800427,0.99695892769145,0.9732817868715766,1.0212120651085743,0.07607803193422075,0.07880114847185846,0.0,512,512,1.0,1.0,0.9732817868715766,0.07607803193422075,0.5797938144329896,0.9810928296561441,1.4489898989898988,512,0.9732480071187167,0.07648157954322997,0.9815066045028931,0.003184974520568384,0.0031849745207045833,0.0,0.0004453066942182414,0.0004347109317942896,0.9732215602106122,1.0212428898708472,0.07627160373295228,0.0790050875460891,0.0
model.enc.32x32_block2.norm1,0.0004744843227414821,0.0004681673845685265,0.9973149891435251,0.9840374648430774,1.0107716658216488,0.07225627865929918,0.07324692662234654,0.0,512,512,1.0,1.0,0.9840374648430774,0.07225627865929918,0.6613569321533923,0.9871148459383754,1.3667855499309711,512,0.9839997822173959,0.07234830271559425,0.9869513259422464,0.0019532483021503897,0.0019532483021312925,0.0,0.0004745076271694015,0.000468171712235386,0.9839954225385679,1.0108090805579752,0.07229164604195892,0.07328644325230085,0.0
model.enc.32x32_block3.affine,0.007155291906704825,0.007020092065042776,0.9976454882729711,0.9787948929642076,1.0168591268976008,0.06728605870081511,0.06898866415389038,0.0,131203,131328,0.9990481846978557,0.9999999999999999,0.9787948929642079,0.06727939108423515,0.5530745813315255,0.9761606022584692,1.4271984587621322,131203,0.9787933990308006,0.06729697894760626,0.975937839976634,0.0009319700851558728,0.0009319700760960326,2.2371718021898835e-09,0.007155297904095737,0.007020086303247324,0.9787932436820667,1.0168607872797388,0.06728631842629373,0.06898915060122902,0.0
model.enc.32x32_block3.conv0,0.014258398596197593,0.014022015381130714,0.9971895240082261,0.9806575927309692,1.0140001506770058,0.07367824412886423,0.07506674451338415,0.0,589505,590080,0.999025555856833,1.0,0.9806575927309691,0.07364815280448629,0.5163934426229508,0.9798387096774194,1.4458860893922543,589505,0.9806605158368863,0.07367106086264477,0.9797924183763038,0.0016044308023891543,0.0016044308021560963,4.38938638709091e-08,0.014258386058046241,0.014022038213772549,0.9806605344501442,1.0139981068096808,0.07367200616818075,0.07506006397271055,0.0
model.enc.32x32_block3.conv1,0.012756697189059125,0.012553384235298165,0.9968312746118158,0.980944034533996,1.012975822332482,0.07827725040880523,0.07963016695987377,0.0,589672,590080,0.999308568329718,1.0,0.9809440345339961,0.07825718565141987,0.48344370860927155,0.9809885931558935,1.4782608695652173,589672,0.9809461001061048,0.07827084604003613,0.9809489375300502,0.0014136476598429907,0.0014136476597109184,2.4892054245928042e-08,0.01275668818972924,0.01255339678176691,0.9809461425749073,1.0129745451465442,0.07827192462963665,0.07962453960117502,0.0
model.enc.32x32_block3.norm0,0.00042760036055655286,0.00042172805161420614,0.9978753468076895,0.9841713538672272,1.0117701595904225,0.06425732553251857,0.06520004224332508,0.0,512,512,1.0,1.0,0.9841713538672272,0.06425732553251857,0.6524264705882353,0.9848549535776875,1.6339285714285707,512,0.984136241491159,0.06417409536837633,0.9852707193298824,0.0017665919937947985,0.001766591993875105,0.0,0.00042762261404830575,0.00042173664251838445,0.9841460532050512,1.011808237087962,0.06416534621959384,0.06511033639082364,0.0
model.enc.32x32_block3.norm1,0.0004634137704673539,0.0004562898937646906,0.9971320528216496,0.9818035359469544,1.0126998878704756,0.0745179467726167,0.07575823737496408,0.0,512,512,1.0,1.0,0.9818035359469544,0.0745179467726167,0.5330393145161291,0.9771995585834541,1.4433448787728842,512,0.9818133705395589,0.07461291760484305,0.9777258862238267,0.0023388818677803074,0.002338881867814944,0.0,0.0004634088091384462,0.00045628789966083784,0.9818007398596049,1.012684171308541,0.07463712181607828,0.07587795037119288,0.0
model.enc.32x32_conv,0.0009085475891628224,0.0008752421717060573,0.9922955562620782,0.9559201168948854,1.0300551830375813,0.11935155506169927,0.1255062661307799,0.0,3581,3584,0.9991629464285714,1.0,0.9559201168948853,0.11929751343113326,0.3181818181818182,0.9473684210526315,1.675,3581,0.9559285334761113,0.11932428960904533,0.9470595215090292,0.00109584086605627,0.0010958408660716845,5.184704251280549e-10,0.0009085428987065268,0.0008752468451874211,0.9559296352724579,1.0300438038584023,0.11935698103239809,0.12550872982097866,0.0
model.enc.8x8_block0.affine,0.005879615753997261,0.005792101592691272,0.9955028170315593,0.9806854211751996,1.0105440922433409,0.09332192251396029,0.09474072604100073,0.0,131244,131328,0.999360380116959,1.0,0.9806854211751999,0.09331205741850683,0.4857142857142857,0.9820507275308313,1.4489795918367347,131244,0.9806886724074028,0.09332530681773811,0.9819720386987114,0.0014011508765920653,0.0014011508809624919,3.0997761947506364e-09,0.00587961177747321,0.005792114220059576,0.980688541008092,1.0105415339803847,0.09331884121817476,0.09473728549620311,0.0
model.enc.8x8_block0.conv0,0.014987121585752002,0.014786888423914053,0.9970575115896491,0.9837364761301335,1.010558930708833,0.07563298338099468,0.07666828330818964,0.0,589602,590080,0.9991899403470715,1.0,0.9837364761301335,0.07560601620045718,0.5294117647058824,0.9855273834780869,1.4353516624040892,589602,0.9837376395241958,0.07563062805811803,0.9854782335539641,0.001768609329555119,0.0017686093294705949,4.461452150725669e-08,0.014987128279513012,0.01478690451057789,0.9837377006780564,1.0105588925705105,0.07562530925542368,0.07666044633223144,0.0
model.enc.8x8_block0.conv1,0.014680624685413066,0.014481741965749693,0.9972377946135014,0.983727922316248,1.0109332026115798,0.07326881049027563,0.07429393192319507,0.0,589659,590080,0.9992865374186551,1.0,0.9837279223162477,0.07324543405859109,0.5348837209302325,0.9847272727272727,1.4313725490196079,589659,0.983727263164197,0.07326104885362043,0.9847041518621186,0.0014539652873300352,0.0014539652873106815,3.594906343451836e-08,0.014680630098245603,0.014481733100592203,0.9837274120047288,1.0109346613701624,0.07326263485585703,0.0742877647031284,0.0
model.enc.8x8_block0.norm0,0.0004249231843736964,0.0004205095070583101,0.9964242812127126,0.9860744217364151,1.006882773048615,0.08361293941670504,0.08452259451218251,0.0,509,512,0.994140625,1.0,0.9860744217364151,0.08352912213106439,0.497584541062802,0.9870967741935484,1.5662337662337649,509,0.9859148092247532,0.08326393396931651,0.9856341063112826,0.0023142563430401317,0.002314256343095731,1.231914711243884e-10,0.00042495646201168573,0.0004204764062400935,0.9859313907072107,1.0070529501288776,0.08346052592147174,0.08437740876647393,0.0
model.enc.8x8_block0.norm1,0.00040262792890646744,0.0003984398125420209,0.9961437476670875,0.9857819082828286,1.0066145033486764,0.08682353387752496,0.08777446809881155,0.0,512,512,1.0,1.0,0.9857819082828286,0.08682353387752498,0.525,0.9796529642635818,1.5527777777777771,512,0.9855005552296167,0.08706577606347923,0.9794411554759725,0.004204373872473941,0.004204373872462701,0.0,0.0004026824727629934,0.00039837823224702994,0.9854954191290556,1.0069058481282713,0.08680548929272101,0.08777362999478149,0.0
model.enc.8x8_block1.affine,0.005997012892236879,0.005883304993320321,0.9972342752775667,0.9783259593864709,1.0165080362500356,0.07291306616222377,0.07466401251589358,0.0,131250,131328,0.999406067251462,1.0,0.9783259593864709,0.07290562852695515,0.5164339758602055,0.9823008849557522,1.4440894568690097,131250,0.9783248630568743,0.07290625190454827,0.9821843864161289,0.0009209706566641931,0.0009209706615687429,1.8995839361527664e-09,0.005997003505703915,0.005883288537769829,0.978324922411326,1.01650946305759,0.07291072055072027,0.07466179919160368,0.0
model.enc.8x8_block1.conv0,0.014929502555936074,0.014724269436997043,0.9973198880857241,0.9836099154697661,1.0112209561208867,0.07215869932785127,0.07319069871974834,0.0,589583,590080,0.9991577413232104,1.0,0.983609915469766,0.07212830278817502,0.5487348617135134,0.9858849077090119,1.4098559900820231,589583,0.9836100990682801,0.0721571506252406,0.9858413235478172,0.0016986360863912634,0.0016986360863670358,4.7608277792664176e-08,0.01492950068332568,0.01472426302577586,0.983610259622775,1.0112219368688489,0.07214982893500531,0.07318174029660969,0.0
model.enc.8x8_block1.conv1,0.014628031137797003,0.014434776625484872,0.9972675881817147,0.9840924411244479,1.0106191256802923,0.07289796355667767,0.0738865612315914,0.0,589713,590080,0.9993780504338394,1.0000000000000002,0.9840924411244477,0.07287551050723137,0.5413071498976421,0.9856733524355301,1.4264705882352942,589713,0.9840927228226712,0.0728929538436371,0.985655036328748,0.0014240654295627436,0.0014240654294320665,3.410876765799574e-08,0.014628034607242909,0.014434778851879536,0.9840927303668825,1.0106195903602497,0.07289295084401098,0.07388148571036526,0.0
model.enc.8x8_block1.norm0,0.0004493808453072386,0.0004433468408679103,0.9978345953107728,0.9844362975401946,1.0114152455439709,0.06489008789872573,0.06580842206238124,0.0,510,512,0.99609375,1.0,0.9844362975401946,0.06486917482358395,0.6411764705882353,0.9903273809523809,1.380423620025673,510,0.9845778684822389,0.06480017286187971,0.9907275972440363,0.0023702394510658835,0.002370239451117849,2.668860171479903e-11,0.00044936246065940236,0.00044339448087213487,0.9845825517889347,1.0112653977177681,0.06489681872301656,0.06580081113723452,0.0
model.enc.8x8_block1.norm1,0.0003901872985918038,0.00038283267407578564,0.9970009721390128,0.9782085413790905,1.0161544255632522,0.07593032472012533,0.0776862684076807,0.0,511,512,0.998046875,1.0,0.9782085413790905,0.07586883470830211,0.5830055074744296,0.9824561403508771,1.665068493150685,511,0.9783629840779594,0.0762590429797871,0.9804871332139247,0.003921390674606813,0.003921390674608182,6.920869164291483e-11,0.0003901508290857754,0.0003828568945691104,0.9783531334555193,1.0159860943197572,0.07605474002409923,0.07778628589247356,0.0
model.enc.8x8_block2.affine,0.006230409404694976,0.006253962527388307,0.9977933574445933,1.0015653646826366,0.994035556007894,0.06664690196960141,0.06812620107230886,0.0,131191,131328,0.9989568104288499,1.0,1.0015653646826366,0.06663548732358411,0.558007148846035,0.9967948717948718,1.4383561643835616,131191,1.001562647757266,0.06664752176304316,0.9964492769354144,0.0011802277920287417,0.0011802278181469495,2.876132092556881e-09,0.006230417632245991,0.0062539493086012955,1.0015623476881876,0.9940393891610941,0.06664032212990723,0.068119298929096,0.0
model.enc.8x8_block2.conv0,0.015042229265553653,0.014861134464364685,0.9976100816738102,0.9855997608486557,1.0097667578574512,0.06826320115806647,0.06909704240583975,0.0,589634,590080,0.9992441702819956,1.0000000000000002,0.9855997608486557,0.06824135175600411,0.5714285714285714,0.9875839554725077,1.394938192668371,589634,0.9855996014667779,0.06826168675521481,0.9875213439386166,0.0015039348325741229,0.0015039348326008584,3.286635488713158e-08,0.01504221147956676,0.014861105269520194,0.9855994273367015,1.0097679956605345,0.06825683316708032,0.06909065573842417,0.0
model.enc.8x8_block2.conv1,0.014636109411914539,0.014440592010138148,0.997438686231823,0.984114337877024,1.0109434386842426,0.07057119494460462,0.07154655519407951,0.0,589732,590080,0.9994102494577006,1.0,0.9841143378770241,0.07054983378167842,0.5481927710843374,0.9848993288590604,1.4211554280248666,589732,0.9841141195814275,0.0705672912611221,0.984886624305627,0.0013565488460991547,0.001356548845990155,3.144911007973273e-08,0.01463610839302715,0.014440582741474799,0.9841140466158366,1.0109442964742619,0.07056736307119521,0.07154271912430699,0.0
model.enc.8x8_block2.norm0,0.0003952197597526607,0.0003915978710225271,0.9974776161181865,0.9883364918519303,1.0067032866432728,0.07033123184987962,0.07102602627365516,0.0,509,512,0.994140625,1.0,0.9883364918519303,0.06983386882688142,0.3257383966244726,0.9862475442043221,1.325330132052821,509,0.9884936889858112,0.0698445030157904,0.9856735131938034,0.0020724997289477427,0.002072499728888055,5.303115997138349e-10,0.00039520954026130443,0.00039164929137284175,0.9884924884706745,1.0065457580165094,0.07033302586955244,0.0710224103749515,0.0
model.enc.8x8_block2.norm1,0.00039859845292254995,0.000397958043545112,0.9972180347797017,0.9956158514893736,0.9988227963649536,0.07442010286807935,0.07526121484010084,0.0,511,512,0.998046875,1.0,0.9956158514893736,0.07440507793411895,0.41935483870967744,0.9936359779380568,1.2996742158359433,511,0.9954400070613595,0.0743351823448452,0.9920968591522269,0.002101554329540721,0.0021015543295945507,1.730217291072871e-11,0.00039866006017178304,0.0003979455068096712,0.995436230931513,0.9990142630679907,0.07433133614998579,0.07516051282364034,0.0
model.enc.8x8_block3.affine,0.00690292180749838,0.006827724193009507,0.9964207219957663,0.9855661210875001,1.0073948708048346,0.0836116445700527,0.08455209249901136,0.0,131230,131328,0.9992537768031189,1.0,0.9855661210875001,0.08360620284234883,0.42857142857142855,0.9809526287681942,1.474464610595997,131230,0.9855656913120723,0.0836065724116868,0.9807374662514529,0.0009721733663183408,0.000972173396035591,2.1116686999366702e-09,0.00690291767786258,0.0068277160765224795,0.9855659131475416,1.0073958480138585,0.08360718603017234,0.08454762800670121,0.0
model.enc.8x8_block3.conv0,0.016608637550625575,0.016365751887217766,0.9965240642641964,0.9819508394760174,1.0113135716524697,0.08208713514337254,0.08333058042865478,0.0,589784,590080,0.9994983731019523,1.0,0.9819508394760176,0.08206967515874765,0.4732142857142857,0.9820359281437125,1.4860827584622363,589784,0.9819492326821139,0.08208352868717705,0.9820442015757265,0.0013546223500648903,0.001354622349739946,3.8504475927893824e-08,0.016608665473922014,0.01636574828650791,0.9819492342107786,1.0113157639371455,0.08208384869843721,0.08332744274602344,0.0
model.enc.8x8_block3.conv1,0.016173436435545217,0.015985999142069107,0.9968982579593674,0.9853449982617383,1.0085869806774375,0.07778901756244186,0.07870370468032496,0.0,589756,590080,0.9994509219088937,1.0,0.9853449982617383,0.07777081702784153,0.5,0.98563169236456,1.4727825176134635,589756,0.985344470869689,0.07778296957050831,0.9856250646426374,0.0011873924571948024,0.001187392456178988,3.6068382699621314e-08,0.016173439992605326,0.015985989670423955,0.9853444139918724,1.008588021436351,0.07778621507104808,0.0787009299082581,0.0
model.enc.8x8_block3.norm0,0.00047473459961184,0.0004705511212724181,0.9969386595088764,0.9881533902422215,1.0058020350258865,0.07749864472643228,0.07826164771790056,0.0,512,512,1.0,1.0,0.9881533902422215,0.07749864472643228,0.633143065338839,0.9907156328172022,1.5583973716449486,512,0.9881604145478757,0.07744141206797447,0.9900483521733507,0.0008519902447580083,0.0008519902448262324,0.0,0.0004747461646956121,0.0004705655528248682,0.9881595723848365,1.0057956381077116,0.07749978751032514,0.07826261008544037,0.0
model.enc.8x8_block3.norm1,0.000455989443451778,0.0004487209122627831,0.9966461124235302,0.9807594434302663,1.0127901189865642,0.08052789008988084,0.08190706877357799,0.0,511,512,0.998046875,1.0,0.9807594434302663,0.08050072647686887,0.41883116883116883,0.9815573770491803,1.3698015530629855,511,0.9806714695295023,0.08066488444891916,0.9800840283678202,0.0037787748705157393,0.003778774870648119,4.4293562651465496e-11,0.00045597965492000914,0.00044867405082358415,0.980683108956327,1.012879358853573,0.08045982991726866,0.0818485091344022,0.0
model.enc.8x8_down.affine,0.006539613659760692,0.006516715967056409,0.9960350704572626,0.9925475701013389,0.9995348247938508,0.08864995534749294,0.0894850153971485,0.0,131226,131328,0.9992233187134503,1.0,0.9925475701013389,0.08862839015751284,0.391304347826087,0.9893039461253781,1.6575207636716642,131226,0.9925449418943522,0.08863552121407128,0.9891593517243114,0.0013427059173531295,0.001342705906884371,7.962576222491596e-09,0.006539620363288105,0.006516705151471691,0.9925455096456376,0.9995381168057695,0.08864295156386576,0.08947797430530645,0.0
model.enc.8x8_down.conv0,0.015517446611107839,0.015326006059465777,0.9966892402270414,0.9843929686337378,1.009139107284671,0.08030226714842627,0.08130539543379722,0.0,589528,590080,0.9990645336225596,1.0000000000000002,0.9843929686337377,0.08026751735602682,0.5,0.9854625267289743,1.4714285714285715,589528,0.9843939037052972,0.08028357390616786,0.9854229940847996,0.001675297856685584,0.0016752978568045362,6.54330249876582e-08,0.015517423556621984,0.015325990218402183,0.9843940341813884,1.0091392871389009,0.08029469668280274,0.08129769415057264,0.0
model.enc.8x8_down.conv1,0.015133222214150135,0.014941043220004325,0.9969171273358075,0.984257131462689,1.0097399622581786,0.07746532141717866,0.07846330407864179,0.0,589727,590080,0.9994017760303687,1.0,0.984257131462689,0.07744483405761922,0.5138039436487549,0.9850187265917603,1.4537037037037037,589727,0.9842550507434088,0.07746155249162819,0.9849963519147665,0.0014409628624382147,0.0014409628622392041,3.539721857095769e-08,0.01513323185280982,0.01494101775671654,0.9842552888209805,1.0097427998633082,0.07745927393788457,0.07845737660631141,0.0
model.enc.8x8_down.norm0,0.0003932968169507298,0.0003936217327687765,0.9959076964983952,0.996730449569258,0.9950856225706406,0.09045087684115935,0.09147888785904683,0.0,511,512,0.998046875,1.0,0.996730449569258,0.0904259887039193,0.08830950378469302,0.988,1.3971387379394478,511,0.9967337307627838,0.09094453955815429,0.9866752776420751,0.006427554945712571,0.006427554945696803,3.391225890502827e-11,0.00039330227559993957,0.0003936253090369096,0.9967321496011203,0.9950968599634102,0.090379030481003,0.09140673715075744,0.0
model.enc.8x8_down.norm1,0.000447236057035462,0.0004434434046022418,0.9968821109975295,0.9884283485952536,1.0054081761609066,0.07823623243371357,0.07899652938837741,0.0,511,512,0.998046875,1.0,0.9884283485952536,0.07801616019318863,0.4886320575975749,0.9890815671162492,1.606140350877193,511,0.9883575180748856,0.07796750801746634,0.9896212528730977,0.001793828782482425,0.001793828782532203,3.349700675517078e-10,0.0004472266501420933,0.00044340214565935363,0.9883605878544404,1.005484056592015,0.07818742566844072,0.07894947059043733,0.0
model.enc.8x8_down.skip,0.004862157524722696,0.004796999531484429,0.9971821176559216,0.9838188349261523,1.0107269148261306,0.07401349513588022,0.07503327059896385,0.0,65774,65792,0.9997264105058365,1.0,0.9838188349261523,0.0740072602608163,0.5151515151515151,0.9841953953157849,1.4433016369764078,65774,0.9838185930805373,0.07400836316349853,0.9841806454844433,0.0006131985387185126,0.000613198538719663,1.0625487420301177e-09,0.004862155102518361,0.004796995759466191,0.9838185876547977,1.010727243281882,0.07401299235551603,0.07503277720148688,0.0
model.map_layer0,0.007084245348461375,0.007243792538597311,0.9946985831665355,1.0171005972372205,0.9727899816803935,0.10514945498198734,0.10937753568416145,0.0,66024,66048,0.9996366279069767,1.0,1.0171005972372205,0.1051370436869556,-0.4030075187969925,1.0270065998987352,1.9110070991276444,66024,1.0171010569859165,0.10517241842015988,1.027007774157524,0.0012368558167187077,0.0012368547708225077,6.379051619592014e-09,0.0070842367052047425,0.007243786882207094,1.0171010228823887,0.9727895342687973,0.10514970500257184,0.10937809779616327,0.0
model.map_layer1,0.009369107946941214,0.009394524336559558,0.9952349102219005,0.9979347700573544,0.9925423547146952,0.09777078773652308,0.09893240697409464,0.0,262603,262656,0.9997982151559455,1.0,0.9979347700573544,0.09776567722609261,0.3738353082103082,0.9980322707595435,1.6071428571428572,262603,0.997933752440075,0.09776794082146482,0.997772494628373,0.0005828892283667857,0.0005828892849299578,4.27197756914681e-09,0.00936911050150318,0.00939451765080826,0.9979337500872403,0.9925432942202953,0.09777107609885223,0.09893272667665756,0.0
