layer,update_1_l2,update_1p3_l2,update_cosine,s_K_star_layer,c_K_star_layer,R_opt_layer,layer_residual_with_global_c_star,support_atol,support_coordinate_count,coordinate_count,support_coordinate_coverage,support_energy_coverage,h_update_weighted_mean,h_update_weighted_std,h_update_p05,h_update_p50,h_update_p95,h_moment_coordinate_count,h_moment_weighted_mean,h_moment_weighted_std,h_moment_p50,h_update_minus_moment_weighted_rmse,h_update_minus_moment_eps_weighted_rmse,off_support_candidate_energy_exact,predicted_1_l2,predicted_1p3_l2,s_K_star_predicted_layer,c_K_star_predicted_layer,R_pred_layer,predicted_layer_residual_with_global_c_star,predicted_off_support_candidate_energy_exact
model.dec.16x16_block0.affine,0.008515296970092569,0.008254330023797316,0.9964121261644951,0.9658752428672961,1.0279144563435696,0.08204001126746328,0.08464602528706074,0.0,131297,131328,0.9997639498050682,1.0,0.9658752428672963,0.08203152560346308,0.4212956634009266,0.965531142914735,1.7634977413486497,131297,0.9658757508255355,0.08204004886277433,0.9655227637141047,0.0010709880737580803,0.0010709880752038938,4.735382017095434e-09,0.00851528682687041,0.008254323591538307,0.9658756233601998,1.0279140144426084,0.08204024954740499,0.08464625242675061,0.0
model.dec.16x16_block0.conv0,0.02235389891996649,0.021562752893849204,0.9949392056471168,0.9597264581262388,1.0314439229552923,0.09692261005448848,0.10049807307024325,0.0,1179013,1179904,0.9992448538186157,1.0,0.9597264581262387,0.09688841994308668,0.36507936507936506,0.9615384615384616,1.55,1179013,0.9597278390857876,0.09691323916339806,0.9614995257279356,0.0018621334856756154,0.001862133484051515,1.5531804556352545e-07,0.0223538831771398,0.02156275597760865,0.9597278050720756,1.031443622735183,0.09691740634455791,0.1004925784906195,0.0
model.dec.16x16_block0.conv1,0.015570471906688678,0.015010396051981092,0.9946527851808799,0.9588747424769748,1.0317657971805825,0.09956067808546708,0.10330071034823664,0.0,589514,590080,0.9990408080260303,0.9999999999999999,0.9588747424769749,0.09951150585159477,0.34328358208955223,0.9600550964187328,1.5695465015836447,589514,0.9588741979838894,0.09954807672329866,0.9600570700582327,0.0022031003040426825,0.0022031003027761305,1.1131928698493948e-07,0.015570485174391828,0.015010389798436143,0.9588741883556355,1.0317678189834167,0.09955417173820162,0.10329412533714233,0.0
model.dec.16x16_block0.norm0,0.0007817902849427724,0.0007598191122242443,0.9965499205943937,0.968543214896308,1.0253664771612847,0.0806630382846088,0.08308806481296484,0.0,1023,1024,0.9990234375,1.0,0.968543214896308,0.08063060395469143,0.4233918128654971,0.967687074829932,1.508510638297872,1023,0.9685008211054322,0.08058722735469472,0.9668909916373887,0.002060673486227368,0.0020606734863547025,1.4998197337475901e-10,0.0007818000498716881,0.0007597958295621942,0.9685006568187241,1.0254098769324698,0.0806689551330483,0.08309575952232412,0.0
model.dec.16x16_block0.norm1,0.0005367291894727317,0.0005204787020638105,0.9963885801960095,0.9662210387347849,1.0274980185124367,0.08233969887967865,0.08493056270193884,0.0,512,512,1.0,1.0,0.9662210387347849,0.08233969887967864,0.2936046511627907,0.9692234848484849,1.8,512,0.9662488513308811,0.08229543423786322,0.9703926864610533,0.0033935765026641843,0.003393576502118936,0.0,0.0005367543646295464,0.0005205163041619475,0.9662487139611627,1.0274753772774652,0.08230432120484013,0.0848924315090201,0.0
model.dec.16x16_block0.skip,0.007433161957946322,0.007149368027038629,0.9944923342633575,0.9565231778807967,1.0339686750714931,0.10080777548858459,0.10490139705465387,0.0,131306,131328,0.9998324805068226,1.0,0.9565231778807967,0.10079556675549632,0.32287792867212267,0.9567484644908932,1.585591809056353,131306,0.9565227308868057,0.10080876743919386,0.9567417210248259,0.001126453531959459,0.0011264535316975446,6.3789891562549606e-09,0.00743316247353552,0.007149365448421387,0.9565229097133462,1.033969274489852,0.10080637358327266,0.10489998810958122,0.0
model.dec.16x16_block1.affine,0.00910345881839581,0.008789394665197778,0.9964223692009193,0.9620463640084438,1.032026703689365,0.08159743516031391,0.08455112014790235,0.0,131288,131328,0.9996954191033138,1.0,0.9620463640084436,0.08159149132707956,0.5329554089789963,0.9641571167756315,1.366007803858152,131288,0.9620472232199907,0.08159378418891997,0.964141468933613,0.0006477497052473501,0.00064774969802077,3.770565688580799e-09,0.00910345863771214,0.00878940269921807,0.9620473091594384,1.0320257899601337,0.08159696088190826,0.08455050822876892,0.0
model.dec.16x16_block1.conv0,0.022559687179321337,0.021703898298585586,0.9945845809906885,0.956855581532609,1.033801242147755,0.0999877817813533,0.10401652346057158,0.0,1179035,1179904,0.9992634994033412,1.0,0.956855581532609,0.09995537842696074,0.3368421052631579,0.9583333333333334,1.576086956521739,1179035,0.9568559488719849,0.09998762993247994,0.958349654308822,0.001958248041386384,0.0019582480395198432,1.5466748199170423e-07,0.022559669050769872,0.021703878365043408,0.9568559506142823,1.0338018783730991,0.09998318651936355,0.10401176662310485,0.0
model.dec.16x16_block1.conv1,0.015668307493382435,0.015051232500933405,0.9940775810160501,0.9549271867530893,1.0348330750103916,0.10439280523561639,0.10879796837175144,0.0,589493,590080,0.9990052196312365,1.0000000000000002,0.954927186753089,0.10434139863203133,0.3055555555555556,0.956366874443455,1.6016349504154388,589493,0.9549277498755613,0.10438118503988421,0.9563596028855628,0.0023301790821571235,0.0023301790783238903,1.235643101861995e-07,0.015668285429838436,0.015051207407234521,0.9549280445311804,1.0348345407240644,0.10438266833531025,0.10878749871905001,0.0
model.dec.16x16_block1.norm0,0.0007787071490354642,0.0007510228055995513,0.9962047984538017,0.960788049285568,1.032927086468588,0.0839457923972145,0.08710664971823932,0.0,1020,1024,0.99609375,1.0,0.960788049285568,0.0838241594642738,0.41503080985915497,0.9642324093816631,1.5286725067385443,1020,0.9607729686859857,0.08382435557569709,0.9643248623293692,0.0018975105061330023,0.0018975105062092404,5.804302369603174e-10,0.0007787497775151514,0.0007510481054714366,0.9607658367501966,1.0329467015410878,0.08396672778424435,0.08713088920354348,0.0
model.dec.16x16_block1.norm1,0.000566399258338953,0.0005450712432807519,0.996299583482773,0.9587834811818697,1.0352836480081786,0.08271204483311642,0.08613474867920155,0.0,510,512,0.99609375,1.0,0.9587834811818697,0.0826938338740008,0.6666666666666666,0.9648141538964853,1.6104508196721308,510,0.9586201283667197,0.08270889147309662,0.9626354717988942,0.003179465401686859,0.0031794654022968194,4.5327885286593836e-11,0.0005664517757801017,0.0005450367831018888,0.9586344667732841,1.0354456298295593,0.08269349859742266,0.08613918139614271,0.0
model.dec.16x16_block1.skip,0.007452571440837512,0.007155818617478946,0.9942687532658488,0.9546781150477355,1.0355012209234473,0.1026525095221299,0.10706988928313327,0.0,131309,131328,0.9998553240740741,1.0,0.9546781150477355,0.10264442067649868,0.32255277642304747,0.9550218784980157,1.5939340836248752,131309,0.9546776888853981,0.1026521885224134,0.9550285237998953,0.0008520101062842858,0.0008520101062196517,4.326310090496335e-09,0.007452568243241288,0.007155812281950688,0.9546776292651962,1.0355016390298968,0.10265292912780612,0.10707036777438649,0.0
model.dec.16x16_block2.affine,0.009249572963128576,0.008837197204565094,0.9968937038004467,0.9524489711678583,1.0434123892836118,0.07524744711798191,0.07988843999207695,0.0,131293,131328,0.9997334917153996,0.9999999999999999,0.9524489711678584,0.07523369315726075,0.4492405717719061,0.950937950937951,1.3731348611408565,131293,0.9524495943200353,0.07524304224408065,0.9509458641389994,0.0010173824117388338,0.0010173824182256003,8.305954816127475e-09,0.009249568010113172,0.00883719727125104,0.9524495525983203,1.0434118930306602,0.07524667510677595,0.07988743646517975,0.0
model.dec.16x16_block2.conv0,0.022261786399658354,0.021340397297732693,0.9942047880170207,0.9530558235846223,1.0371303926335065,0.10305332997004814,0.10775782306709246,0.0,1178977,1179904,0.9992143428617921,1.0000000000000002,0.9530558235846222,0.1030128123691739,0.3230769230769231,0.9553815118072861,1.588235294117647,1178977,0.9530555746661075,0.10304481632725714,0.9554031110322472,0.0019650678633025206,0.0019650678610742276,1.9409159623251823e-07,0.022261770732623854,0.021340366758536043,0.9530555794071176,1.037131635501763,0.10304910279428807,0.10775354775380235,0.0
model.dec.16x16_block2.conv1,0.015484496859553172,0.014826782624637724,0.9938049973737139,0.9515924734905412,1.0378900635711938,0.10641722005137275,0.11143477375335367,0.0,589541,590080,0.9990865645336225,0.9999999999999999,0.9515924734905413,0.10637606574695502,0.3,0.9537480063795853,1.6048387096774193,589541,0.9515948356578303,0.1064168716271905,0.9537240364966593,0.0024293768473482888,0.0024293768446143767,9.849262877615827e-08,0.015484474419858361,0.014826779270861212,0.9515946887528436,1.037889941099061,0.1064079472816336,0.1114249343230135,0.0
model.dec.16x16_block2.norm0,0.0007852706188136944,0.0007515473681535263,0.9962928267097814,0.9535072800191153,1.0409982360422747,0.08233236232939553,0.08673988895032056,0.0,1023,1024,0.9990234375,1.0,0.9535072800191153,0.0822582940941489,0.5558333333333334,0.9593023255813954,1.5512702445220703,1023,0.9535198722315527,0.08220948243428923,0.9592695862202056,0.001697545652509048,0.0016975456523119698,3.5262428406776676e-10,0.0007852856376701117,0.0007515669926335363,0.9535166234766862,1.040993891471651,0.08230187074362885,0.08670710689986126,0.0
model.dec.16x16_block2.norm1,0.0005499635982603502,0.0005256801192041006,0.9962424185076689,0.9522536309200841,1.0422632418582007,0.08278438977127074,0.0874768987047092,0.0,510,512,0.99609375,1.0,0.9522536309200841,0.08276785823717112,0.0,0.9529546837824379,1.3878888888888887,510,0.9524936739025407,0.08248272254108852,0.9536053844705825,0.00305622762926318,0.0030562276286386914,3.882866644035428e-11,0.000549859145408903,0.0005257065175002257,0.9524910636906574,1.0420224907964397,0.08270401054926398,0.08734131549445011,0.0
model.dec.16x16_block2.skip,0.0073533181554815055,0.007054951940561416,0.9940685673276363,0.9537335145619015,1.0361094597821043,0.104342334474339,0.10894547394040942,0.0,131304,131328,0.9998172514619883,1.0,0.9537335145619015,0.10433271598764457,0.29264496392748457,0.9540076843401826,1.603065384615384,131304,0.9537339379833559,0.10434319116503096,0.9540064485772972,0.0008734086504588187,0.0008734086503613204,5.0907331869551575e-09,0.007353314676201829,0.007054951819872447,0.9537340476764095,1.0361090939054138,0.10434148480064437,0.10894448917083246,0.0
model.dec.16x16_block3.affine,0.009824108237514523,0.009480777751886786,0.9973967973112952,0.962540022680413,1.0335158516490353,0.06958842288093914,0.07221774383256396,0.0,131292,131328,0.9997258771929824,1.0,0.962540022680413,0.06957864434415109,0.6473713736709344,0.9658481907878997,1.340821958391854,131292,0.9625394210686068,0.06958901597759326,0.9658554691420854,0.0008051287624798982,0.0008051287523097183,6.16074129934792e-09,0.009824113531364618,0.009480776239678503,0.9625393837200864,1.0335166091168866,0.06958791444986678,0.07221727943530448,0.0
model.dec.16x16_block3.conv0,0.022309878320149367,0.021371521901839056,0.9943325702351653,0.9525108114686698,1.037990591105212,0.10184274883187407,0.1066323325318619,0.0,1179059,1179904,0.9992838400412237,0.9999999999999998,0.95251081146867,0.1018080666515482,0.3246753246753247,0.9550438596491229,1.5754716981132075,1179059,0.9525095277678773,0.10184053519104427,0.9550458110148858,0.001980579968308019,0.001980579966808172,1.6490100200501966e-07,0.022309865819073838,0.021371472140630697,0.9525097683038746,1.037993124772522,0.10183657418776285,0.10662623965153896,0.0
model.dec.16x16_block3.conv1,0.015316712746336726,0.014649464162588341,0.9936518239158801,0.9503649396328643,1.0389103238096897,0.10759827568476782,0.11286621936247307,0.0,589491,590080,0.9990018302603036,1.0000000000000002,0.9503649396328642,0.10754692876956672,0.2903225806451613,0.9524281466798811,1.605263157894737,589491,0.9503640791929389,0.10758703927483546,0.952453757757668,0.0023783753903837954,0.0023783753869887347,1.215663867462869e-07,0.015316704521283234,0.014649430636222118,0.9503640037091351,1.0389129401511499,0.10759165065374796,0.11285967025343495,0.0
model.dec.16x16_block3.norm0,0.0008478190254160023,0.0008178991988095685,0.9966916181037422,0.9615180262170566,1.033151906165099,0.07840792123529515,0.08135672306926893,0.0,1023,1024,0.9990234375,1.0,0.9615180262170566,0.07840763756931689,0.4827415002698327,0.9620853080568721,1.4314935064935064,1023,0.9614797872315071,0.07854694749354345,0.9621804387148786,0.0023049517635462097,0.0023049517637771387,1.4998197337475903e-12,0.0008478147108536837,0.0008178651397512391,0.9614801514044972,1.0331867410266304,0.07843850347827136,0.08139283374883817,0.0
model.dec.16x16_block3.norm1,0.000607822480520284,0.0005883721832638142,0.9973562084093965,0.965440846036581,1.0303266228442514,0.07034232907752566,0.072673223469376,0.0,511,512,0.998046875,1.0,0.965440846036581,0.07033077640878599,0.5420768497935853,0.9713375796178344,1.434927536231884,511,0.9655564429795601,0.07036999486634185,0.970729898896727,0.0028436198996130853,0.002843619899532265,2.8163281667038084e-11,0.0006077345019741578,0.0005883519262748043,0.9655505093112144,1.030216314453193,0.07030690778586503,0.07262737763745648,0.0
model.dec.16x16_block3.skip,0.007401243603950004,0.007105504368878848,0.9943768226608769,0.9546434674786117,1.0357639256221007,0.10166810091365075,0.1060757159209152,0.0,131310,131328,0.9998629385964912,0.9999999999999999,0.9546434674786118,0.10166056989524996,0.30598850012233914,0.9551183511139356,1.5927246658949796,131310,0.9546431157861454,0.10166869437605011,0.955144559874677,0.0008651291698775517,0.0008651291698644435,3.934577225714988e-09,0.007401245227824275,0.007105502832269139,0.9546431220046692,1.0357644532773531,0.10166739531632484,0.10607502737595374,0.0
model.dec.16x16_block4.affine,0.009855643279511756,0.009497546179361825,0.9965770493165371,0.9603672006729581,1.034152160265901,0.0796654101071762,0.08279585141508115,0.0,131287,131328,0.9996878045808967,1.0000000000000002,0.9603672006729579,0.0796557296759252,0.48744258929053874,0.9603468820336291,1.3865075599417973,131287,0.9603678317023069,0.07966133033953957,0.9603563434889035,0.0007610475610802289,0.0007610475634377812,7.027072069200168e-09,0.009855635495587432,0.00949754484688858,0.9603678615948654,1.0341515286081613,0.07966501381500482,0.08279532490334855,0.0
model.dec.16x16_block4.conv0,0.02223259954868104,0.02130820185141186,0.9942147126305084,0.952876776014756,1.037345981864561,0.10294493476643159,0.107680530792659,0.0,1179055,1179904,0.9992804499349099,1.0,0.952876776014756,0.10291131299910761,0.32142857142857145,0.9552731893265566,1.5862068965517242,1179055,0.9528773494736557,0.10295106652822328,0.9552583249902479,0.0020050020238000844,0.0020050020203354686,1.6047279905054785e-07,0.022232591165910955,0.021308197891379957,0.9528772538617828,1.0373461053831854,0.10294221778737436,0.10767765440277757,0.0
model.dec.16x16_block4.conv1,0.01576907131923675,0.015110266517379988,0.9945142529079057,0.9529651501061795,1.0378748888422296,0.1002310938704884,0.10491588199122567,0.0,589570,590080,0.9991357104121475,1.0,0.9529651501061797,0.1001932518046939,0.3333333333333333,0.9540965985044836,1.5789473684210527,589570,0.9529639537983516,0.1002274855036326,0.9540859343681007,0.0022304386516976793,0.0022304386497175857,8.846549085841883e-08,0.015769050490664713,0.01511021700175412,0.9529641413215924,1.0378778505674653,0.10022276540598724,0.10490759885084255,0.0
model.dec.16x16_block4.norm0,0.0008684200729556648,0.000836363136133905,0.9963479957539902,0.9595687160631543,1.0345369873205184,0.0822335028555352,0.08552861460474706,0.0,1024,1024,1.0,1.0,0.9595687160631543,0.0822335028555352,0.46521185090793243,0.9590388715682333,1.3511801980198015,1024,0.9595630106077355,0.08255621430113877,0.9588784356359493,0.0027614893380056467,0.0027614893378146302,0.0,0.0008684239769389553,0.0008363603153914818,0.9595591884431682,1.0345429950356326,0.08225592934909931,0.08555283496962547,0.0
model.dec.16x16_block4.norm1,0.0006208873243843106,0.0006041283363308273,0.9964188521458203,0.9695235186713665,1.0240602830060221,0.08227224912375722,0.08471404406755774,0.0,512,512,1.0,1.0,0.9695235186713665,0.0822722491237572,0.389672131147541,0.9663841807909604,1.37625,512,0.9693958708583965,0.08225790624060338,0.9656298937500527,0.00356885171918049,0.0035688517198303113,0.0,0.0006209698262212377,0.0006041373379769524,0.9694039951810337,1.0241756483499838,0.0823232948664186,0.08476955959456611,0.0
model.dec.16x16_block4.norm2,0.0005727942033109177,0.0005633107106310795,0.9970418323012754,0.9805342649001626,1.0138273091964844,0.07558826395829532,0.07837181672858338,0.0,512,512,1.0,1.0,0.9805342649001626,0.07558826395829532,0.42937853107344637,0.9818810068572805,1.4021597704865036,512,0.9805196813685595,0.07551742542151192,0.9818719318528479,0.0007874882162532692,0.0007874882162643464,0.0,0.0005727974083830737,0.0005633063020931868,0.9805206899799821,1.0138404877924954,0.07559262786034485,0.0783747125050101,0.0
model.dec.16x16_block4.proj,0.005563732547482805,0.005356613902691652,0.9953846722416361,0.958329921208744,1.033872180974901,0.09239291919740295,0.09606190699870323,0.0,65733,65792,0.9991032344357976,1.0000000000000002,0.9583299212087439,0.09235640323446978,0.3726649837720882,0.9595238095238096,1.54387676508344,65733,0.9583272716979477,0.09239651241013805,0.9595566078712598,0.0020859368089800093,0.0020859368083559157,9.795676805209314e-09,0.005563728460383692,0.005356590114545733,0.9583266711183634,1.0338763383841219,0.09238944668760112,0.09605881457582004,0.0
model.dec.16x16_block4.qkv,0.009090072197626484,0.008767257783531724,0.9942016116495533,0.958894674171046,1.0308085666041082,0.10371334098577521,0.10754068991712756,0.0,197259,197376,0.9994072227626459,1.0,0.958894674171046,0.10368272168383008,0.33532241874632246,0.9599217986314761,1.5983425196850374,197259,0.9588951637416929,0.10369652936104823,0.9599320486647268,0.001595798992948391,0.0015957989923092153,2.46131276377927e-08,0.00909005410847003,0.00876724169309311,0.9588950343910576,1.0308086349005745,0.1037113980864711,0.10753865325875003,0.0
model.dec.16x16_block4.skip,0.00749398900316009,0.007204137970585104,0.9947413478812007,0.9562669376963422,1.034763736126075,0.09845765456538151,0.10254869115630458,0.0,131307,131328,0.9998400950292398,1.0,0.9562669376963422,0.09844994620685903,0.32558139534883723,0.9565217391304348,1.562846694796062,131307,0.9562678636512615,0.09845647739021161,0.9565126789787255,0.0008954273814562633,0.0008954273812863491,3.998405491571507e-09,0.007493988440810066,0.0072041446361067185,0.9562678876433132,1.0347626939547676,0.09845781699009037,0.10254868136359868,0.0
model.dec.16x16_up.affine,0.007041640765047237,0.006751593674013891,0.9946602231042128,0.9536898990129892,1.0373906239854673,0.09895288295277137,0.10348784032199096,0.0,131245,131328,0.9993679946393762,1.0,0.9536898990129892,0.0989196408744779,0.3146067415730337,0.9452852153667055,1.4406779661016949,131245,0.9536876770434246,0.09894921065048082,0.9452897287002522,0.0016638252677334863,0.0016638252703943647,1.5298813061355808e-08,0.007041663660694809,0.006751598707958452,0.9536876851090492,1.0373934149033772,0.09895093956325327,0.10348623524978752,0.0
model.dec.16x16_up.conv0,0.015679751007228414,0.015146214257464397,0.9947495800980064,0.9609011179923301,1.0297903796517993,0.09885670800796596,0.10233970297493314,0.0,589638,590080,0.9992509490238611,1.0,0.9609011179923302,0.09882110531634808,0.3497684334338015,0.9623655913978495,1.5542168674698795,589638,0.9609020371319458,0.09885127842594496,0.9623814667473285,0.0019097035852862088,0.0019097035835784397,8.116250273335634e-08,0.015679743353058027,0.01514621709351625,0.9609023845418672,1.0297903459586164,0.09885077186681661,0.10233348661603767,0.0
model.dec.16x16_up.conv1,0.01582295022576645,0.015267995931707145,0.9947182204359714,0.9598307222176525,1.0308737938510508,0.09904338776688335,0.10265321823544363,0.0,589579,590080,0.999150962581345,1.0000000000000002,0.9598307222176523,0.09900399624607956,0.3492063492063492,0.9614803625377644,1.5614035087719298,589579,0.9598303610536577,0.0990444684870037,0.9614808577470102,0.002093346651788112,0.00209334664866065,9.161848966028425e-08,0.015822941764161304,0.01526797694712852,0.9598306063387568,1.030875130465606,0.09903784868615177,0.10264756173083515,0.0
model.dec.16x16_up.norm0,0.00040981664603271503,0.0003859993515837492,0.9935511908492559,0.9358090237321878,1.054856219382298,0.10679488161514632,0.11589175613796678,0.0,512,512,1.0,1.0,0.9358090237321878,0.10679488161514632,0.30423976608187137,0.9347826086956522,1.393362688671613,512,0.9356950545282843,0.10678351260959214,0.936322099804219,0.002093710462098481,0.0020937104623175986,0.0,0.0004098282973608407,0.00038596451977375017,0.9356923889849731,1.0549751100054652,0.1068311524554407,0.11596511158398672,0.0
model.dec.16x16_up.norm1,0.0004583496749463402,0.00044090477006051497,0.995140972895119,0.9572656550557963,1.0345148712944496,0.09471294141355462,0.09858320661392742,0.0,511,512,0.998046875,1.0,0.9572656550557963,0.09470401355086795,0.3279569892473118,0.9649122807017544,1.5403852127990059,511,0.9571026561804307,0.09454163781131117,0.962831969913128,0.003412370143980007,0.0034123701442554566,1.666466370830656e-11,0.0004584052552603244,0.00044087263168742885,0.9570919580997569,1.0347288625126287,0.09457180386483426,0.09846615528692619,0.0
model.dec.16x16_up.skip,0.00520009856645246,0.0050225762043620194,0.994933595463844,0.9609682850504357,1.0300994057578685,0.09710220971236767,0.10053654278507498,0.0,65789,65792,0.9999544017509727,1.0,0.9609682850504357,0.09709741432505707,0.35114089026941026,0.9616230750427768,1.5721708637903256,65789,0.9609679624753943,0.09709895747676625,0.961625809610921,0.0003025679439628329,0.0003025679443209563,1.1812221216666524e-09,0.0052000967651387306,0.005022572886332154,0.9609680145204905,1.0300997631288324,0.09710186816746649,0.10053621957709234,0.0
model.dec.32x32_aux_conv,0.0021127231267705792,0.0020464976341986988,0.998185830848298,0.9668966630967023,1.0304875287449993,0.058321070514168245,0.0602175722779058,0.0,6912,6915,0.9995661605206074,1.0,0.9668966630967025,0.05829538132457887,0.6357725169955801,0.9725742885932878,1.2940463275474123,6912,0.9668960592912756,0.05829397315908998,0.9724942924284737,0.0002196001614598568,0.00021960016130504845,6.272371111510234e-10,0.002112721431694779,0.002046494728075597,0.9668961033295903,1.030488205288917,0.05832041255154004,0.06021693260816196,0.0
model.dec.32x32_aux_norm,0.0006489422795281065,0.0006309558742189675,0.9987804095319013,0.9710977175153911,1.027252240914573,0.04800455750319623,0.0494171616730503,0.0,510,512,0.99609375,1.0,0.9710977175153911,0.04800455750319623,0.7367195102935317,0.9754150954652393,1.192979408625208,510,0.9710742436023695,0.04793829476799117,0.9742862305418618,0.0015635740321537413,0.001563574032374172,0.0,0.0006489711898041489,0.000630967048718226,0.9710748947738556,1.0272832385909338,0.04793768561039226,0.04934852037631369,0.0
model.dec.32x32_block0.affine,0.008901078652917498,0.00882523209588069,0.9954850773933162,0.987002496950433,1.004040559547383,0.09410937613807534,0.09819199943578337,0.0,131301,131328,0.9997944078947368,1.0,0.987002496950433,0.09410352624475958,0.5881294964028777,0.9917962003454232,1.6476190476190475,131301,0.9870021313070555,0.0941092836282269,0.991826787740361,0.0008590960893260564,0.0008590961003372625,4.091842991605301e-09,0.008901075942048186,0.008825226548154456,0.9870024237704129,1.0040411358550878,0.09410675853245705,0.09818946589621251,0.0
model.dec.32x32_block0.conv0,0.02209057651421513,0.021403727015272607,0.9944062069913816,0.9634877108363421,1.026316883320322,0.10233928010417953,0.10566561175015542,0.0,1179086,1179904,0.9993067232588414,0.9999999999999999,0.9634877108363422,0.1023051015470368,0.33581494757879043,0.9647058823529412,1.5909090909090908,1179086,0.9634890051800655,0.10233391629016299,0.9647231150024276,0.0018744882244187172,0.0018744882213654855,1.601046689804111e-07,0.022090560969497942,0.021403732300853736,0.963489065119496,1.0263163746246595,0.10233525026246323,0.10566138271609554,0.0
model.dec.32x32_block0.conv1,0.014969843177055239,0.014440439943181537,0.9940558557665327,0.9589014203813644,1.0304990934216554,0.10502108554347593,0.10887643856082474,0.0,589415,590080,0.998873034164859,1.0000000000000002,0.9589014203813643,0.10496041930926363,0.3136050716744369,0.9597701149425287,1.6,589415,0.9589046106093992,0.10499868511901159,0.9597110003565599,0.00249572937475372,0.002495729369569948,1.3390565822252793e-07,0.014969821025743596,0.014440448099870199,0.9589046958542143,1.030498399579846,0.10500929361786206,0.1088639807848827,0.0
model.dec.32x32_block0.norm0,0.0007891652748355215,0.0007675280738714259,0.9962631452393236,0.9689477696468559,1.0243485620735702,0.08400174470367187,0.08650945743675711,0.0,1021,1024,0.9970703125,1.0,0.9689477696468559,0.08392697608849639,0.4266666666666667,0.974477958236659,1.5194805194805194,1021,0.9689247197465047,0.08380050191414573,0.9734163374507965,0.002714921360988265,0.0027149213610736704,3.6678924821982734e-10,0.0007891872779520402,0.0007675325072573573,0.9689212575552653,1.0243658202232682,0.08405862329142627,0.08656882516148767,0.0
model.dec.32x32_block0.norm1,0.0005244010792207602,0.0005187062331917056,0.9950160327158658,0.9842104426297856,1.0059402567566889,0.09863219009198655,0.10237960719893628,0.0,512,512,1.0,1.0,0.9842104426297856,0.09863219009198655,0.5269701086956522,1.0,1.4843577981651372,512,0.9841830856971349,0.09845155755096544,0.9980644305209392,0.003926763288340536,0.003926763289549421,0.0,0.0005243939945829946,0.0005186878450886632,0.9841924888411636,1.0059660484312059,0.0985936966728678,0.10233805880441679,0.0
model.dec.32x32_block0.skip,0.007216320801475333,0.006996349928602158,0.9948579837336994,0.9645323115404664,1.026137119468763,0.09819252006316435,0.10132917586903918,0.0,131301,131328,0.9997944078947368,1.0,0.9645323115404664,0.09818607547209587,0.34313005143277003,0.9646690518783542,1.5820336868371803,131301,0.9645310118816292,0.09819285849033547,0.9646377387235161,0.0007265449752022485,0.0007265449752455879,3.0914165225698354e-09,0.007216325906060598,0.006996344791583284,0.9645309355374819,1.0261386141582718,0.09819223632272839,0.10132900025965444,0.0
model.dec.32x32_block1.affine,0.009233863018505931,0.009149311889442232,0.9961609317988619,0.9870394480445611,1.0053667095153187,0.08673925631136879,0.09072202924443283,0.0,131297,131328,0.9997639498050682,0.9999999999999999,0.9870394480445613,0.08673452076786436,0.4695121951219512,0.9850684363334716,1.4548992861084327,131297,0.9870402904298834,0.08674509030701806,0.9850641501751244,0.0008710896880497556,0.0008710896846608372,3.285540814091393e-09,0.009233859378926805,0.009149315920144676,0.9870404068352191,1.0053660077439284,0.08673779355352093,0.09072086253846331,0.0
model.dec.32x32_block1.conv0,0.021395021366178896,0.020816080833034684,0.9948852161879532,0.9679640288883858,1.0225551403248292,0.0982785721277261,0.10123123336450313,0.0,1179069,1179904,0.999292315307008,0.9999999999999999,0.9679640288883861,0.09824708788933864,0.35714285714285715,0.967741935483871,1.5782747603833867,1179069,0.9679655579020802,0.09827308020372855,0.9677660541825912,0.001802364629500914,0.0018023646266957715,1.328538824565144e-07,0.021394985212899245,0.02081607246347104,0.9679657395847159,1.0225543139536657,0.09827412637601997,0.10122663214473336,0.0
model.dec.32x32_block1.conv1,0.014457428397979314,0.014041772069569131,0.9945659355062355,0.96597180287528,1.0240064949360714,0.10111543676405162,0.10424032451099663,0.0,589361,590080,0.9987815211496747,1.0,0.9659718028752802,0.10105428791623723,0.328125,0.9663120567375887,1.5944272445820433,589361,0.9659732300789053,0.10109669516904381,0.9662524005066723,0.0025999621191051436,0.00259996211452804,1.2120564418544784e-07,0.014457393061465753,0.014041736584001669,0.965972889462135,1.0240078167204045,0.1011042817970894,0.10422882431896315,0.0
model.dec.32x32_block1.norm0,0.0006791262381534512,0.0006695524792978874,0.9954602197416967,0.9814270465866931,1.0096940496337274,0.09383677336317156,0.0971412339765716,0.0,1024,1024,1.0,1.0,0.9814270465866931,0.09383677336317156,0.4637654527230204,0.9888523007513048,1.560698084677417,1024,0.9814822462898685,0.09381969754257337,0.9879051621254824,0.0018263627501922328,0.0018263627504540704,0.0,0.000679115543547501,0.0006695761962887219,0.9814801144611374,1.0096453150979876,0.09381178646340681,0.09712156235524798,0.0
model.dec.32x32_block1.norm1,0.0005036093437769059,0.0005041909486890255,0.9965825244074717,0.9977334508124128,0.9954329256432832,0.08269849559385797,0.08932932255320664,0.0,508,512,0.9921875,1.0,0.9977334508124128,0.08213421211367686,0.637995337995338,0.993776616337592,1.3911294352823587,508,0.9977877736524187,0.08214624232428279,0.9920705644375568,0.0030543168804851475,0.0030543168819654395,1.1065336702315555e-09,0.0005036294090998298,0.0005042346341154228,0.9977743905211975,0.9953806017271927,0.08277175602590883,0.08941416899921777,0.0
model.dec.32x32_block1.skip,0.007006603274692604,0.006796974791684608,0.9954076132317728,0.965626308403216,1.026107416354725,0.09286309893815756,0.09578041609580284,0.0,131303,131328,0.9998096369395711,1.0000000000000002,0.9656263084032157,0.09285610448696617,0.36526859301412873,0.9664929262844378,1.5575757575757576,131303,0.9656263353532165,0.09286404885475867,0.9665124047696712,0.0008318133784640389,0.000831813378317862,2.991312994311862e-09,0.007006602564867159,0.006796973323031276,0.9656263091974442,1.0261076527242583,0.09286192764932313,0.09577923016027115,0.0
model.dec.32x32_block2.affine,0.008620831099530398,0.008383208494827299,0.9964045062939387,0.9689398417633495,1.0246476585750213,0.08238813428376665,0.08484939775847787,0.0,131289,131328,0.999703033625731,1.0,0.9689398417633495,0.08237789999851354,0.37858209367914625,0.9727005995662712,1.4102395133696615,131289,0.9689393354366931,0.08238460592745536,0.9727078345120183,0.0007715958120164451,0.0007715958128176206,5.878409347957902e-09,0.00862082877689383,0.008383201619570914,0.968939307210954,1.0246482218386794,0.0823881001582323,0.0848494079574193,0.0
model.dec.32x32_block2.conv0,0.020410763328647146,0.019780627589834118,0.9952336712059072,0.9645081028085344,1.0269380396264138,0.09450824559289844,0.09754811284761153,0.0,1179060,1179904,0.9992846875678021,1.0,0.9645081028085344,0.0944784082769525,0.36885245901639346,0.9645376251361226,1.5490196078431373,1179060,0.9645079989149706,0.09450903270082578,0.9645260718707976,0.0018124192268719438,0.001812419225278885,1.1019089953673363e-07,0.02041073515223598,0.01978058892634487,0.9645079274954013,1.0269390321921088,0.09450432890493053,0.09754411781715697,0.0
model.dec.32x32_block2.conv1,0.014266574053699398,0.013785331029383618,0.9946748013301961,0.9611222253717994,1.0293986907008994,0.09958672773855579,0.10306327959784196,0.0,589291,590080,0.9986628931670282,1.0,0.9611222253717995,0.09952618713471148,0.3333333333333333,0.9613970588235294,1.5833333333333333,589291,0.961123350938137,0.09956113833756815,0.9613714401737691,0.002566720451901085,0.002566720448324303,1.150858459936326e-07,0.014266567826120458,0.013785325395702703,0.9611237814919221,1.0294003000414422,0.09957196939380333,0.10304800316179219,0.0
model.dec.32x32_block2.norm0,0.0006193932855213048,0.0006048767514753135,0.996770053575175,0.9734090537758788,1.0206916977505491,0.07842636500300651,0.08075759098835203,0.0,1023,1024,0.9990234375,1.0,0.9734090537758788,0.07834106705752314,0.5407968313140727,0.9739336492890995,1.5441666666666667,1023,0.9734304281219924,0.07852601633031313,0.9747724913758122,0.0018431702190265865,0.0018431702190446562,2.406377439479467e-10,0.0006194011967520661,0.0006048963253389847,0.9734235972379122,1.0206669630650873,0.07848401909736615,0.0808173541429149,0.0
model.dec.32x32_block2.norm1,0.00042285394479796404,0.00041366287820042224,0.9961656633775247,0.9745132108772605,1.0182992060200704,0.0855853778087238,0.08815842871561302,0.0,508,512,0.9921875,1.0,0.9745132108772605,0.0854306220152903,0.2708029197080292,0.9746155356726438,1.4692156862745098,508,0.9746539519341686,0.0862374495554995,0.971985240375871,0.004689204931106954,0.0046892049312322465,2.2197332059464335e-10,0.0004228315602718884,0.00041370105936398247,0.9746254137029271,1.0181206755831136,0.08593123269706335,0.08851849363225153,0.0
model.dec.32x32_block2.skip,0.00702188933379318,0.006789687939664102,0.9962099227209045,0.9632670320108828,1.030279431504906,0.08410522387606295,0.08698570175694306,0.0,131282,131328,0.9996497319688109,0.9999999999999999,0.9632670320108829,0.08409322890170946,0.42816380195196574,0.9652593055603786,1.5092118134366566,131282,0.9632673648725979,0.08410373203258766,0.965237975799585,0.0007934765376816918,0.0007934765377943054,4.666224476410244e-09,0.0070218930314097415,0.006789693204665426,0.9632672840408747,1.0302791882848201,0.08410510376320857,0.08698554849874582,0.0
model.dec.32x32_block3.affine,0.00993784064648357,0.0096208924006727,0.9975548025783236,0.965739717589083,1.0304179956803794,0.06765963414099599,0.06989553888711222,0.0,131314,131328,0.9998933966861598,1.0,0.965739717589083,0.06765556336893776,0.5810647372619793,0.9697500039699013,1.2907801418439717,131314,0.9657397951098601,0.06766189543299664,0.9697873899492822,0.0005827755298057543,0.0005827755321176384,2.5517831399687028e-09,0.009937839328444829,0.009620892240257058,0.9657398284886137,1.0304178750437158,0.06765965743683856,0.06989554582928884,0.0
model.dec.32x32_block3.conv0,0.02294253439332407,0.022134485042961217,0.9960545235622582,0.9609729062966146,1.03241684277268,0.08561777912890677,0.08879107706081797,0.0,1179197,1179904,0.9994007987090475,1.0,0.9609729062966146,0.08559728271424621,0.43243243243243246,0.9648829431438127,1.4864864864864864,1179197,0.9609742949477554,0.08561395909782504,0.9648771104055842,0.0014696221732771965,0.0014696221733407338,8.664409991165985e-08,0.022942505153916454,0.022134479051205396,0.9609742540127215,1.0324162180749543,0.08561356478299034,0.08878658544430369,0.0
model.dec.32x32_block3.conv1,0.01550885496733778,0.014926737426846075,0.9959986912958979,0.958614351205596,1.0348409574877961,0.08601343942399733,0.08952109407094239,0.0,589216,590080,0.9985357917570499,1.0,0.9586143512055959,0.08597129133172207,0.416046832175061,0.9615384615384616,1.5,589216,0.9586136455564589,0.08599276043742585,0.9615205070304518,0.002400310572661542,0.0024003105746890903,8.178311124668018e-08,0.015508867780821983,0.014926715281209068,0.9586136949886249,1.0348450297055007,0.08599587501327412,0.08950328018574963,0.0
model.dec.32x32_block3.norm0,0.0005545326185593865,0.0005352936098129617,0.9969816549411249,0.9623922761787587,1.0328142119300632,0.07494392646393241,0.07770739470595792,0.0,1022,1024,0.998046875,1.0,0.9623922761787587,0.07486426087222635,0.5,0.9714927402037077,1.46427656850192,1022,0.9623675566829375,0.07480489548408761,0.9708096495177525,0.0015913875504011484,0.0015913875503534164,1.7214597610680675e-10,0.0005545253218632315,0.0005352681536816604,0.9623636854022881,1.0328545833272926,0.07488336932554464,0.07764902000288679,0.0
model.dec.32x32_block3.norm1,0.00042576901254902643,0.0004135146799647204,0.9978022645312854,0.9690838739426042,1.0273717124744233,0.06435478454200348,0.06629119830822232,0.0,512,512,1.0,1.0,0.9690838739426042,0.0643547845420035,0.43194444444444446,0.9655172413793104,1.3333333333333333,512,0.9690626500283805,0.06416830983270244,0.9645753921181315,0.004942338180815936,0.004942338184350131,0.0,0.0004258075399865966,0.00041353017125090913,0.9690351271419961,1.0274289830207577,0.06431166968317714,0.06624871633742158,0.0
model.dec.32x32_block3.skip,0.007652787584806516,0.007357943382791899,0.99738683655676,0.95895982905582,1.0373536738406963,0.06946262022738613,0.07264965668269689,0.0,131297,131328,0.9997639498050682,1.0,0.95895982905582,0.06945714659661185,0.5157834414115519,0.9630541871921182,1.39788558343169,131297,0.9589600250382065,0.06945943805751942,0.9630266104879484,0.0007537869024105239,0.0007537869024925432,2.0888882553723305e-09,0.0076527822832631485,0.007357938574762531,0.9589599929741056,1.0373537695974935,0.06946088042680909,0.07264780942400154,0.0
model.dec.32x32_block4.affine,0.009231946490700006,0.009019325034392494,0.9975347107849559,0.9745604351933403,1.021050581663943,0.06855858804404126,0.07064733401284556,0.0,131294,131328,0.9997411062378168,1.0,0.9745604351933405,0.06855533626262163,0.643786112688287,0.9779179810725552,1.3609982638888873,131294,0.9745612332453543,0.06856337783155274,0.9778923774848702,0.0006467618786561921,0.0006467618411693133,1.7824846936152758e-09,0.009231943023473733,0.009019329313671737,0.974561303047077,1.0210497550805226,0.06855808549800986,0.0706469188347957,0.0
model.dec.32x32_block4.conv0,0.016638082061162855,0.01616047276871777,0.9964804788137738,0.9678757192824744,1.025930628152403,0.08141888034525296,0.08389286849929042,0.0,884045,884992,0.9989299338299104,1.0,0.9678757192824742,0.08139249778816611,0.5,0.9713038053649408,1.4375,884045,0.9678770095050386,0.08140830452521054,0.9711932290193536,0.001485037742076666,0.0014850377418458064,5.5775633132178394e-08,0.016638064398139855,0.016160467305655436,0.9678768628956107,1.025930355733076,0.08141366925133395,0.08388747894828728,0.0
model.dec.32x32_block4.conv1,0.01766570594158687,0.01708905315108092,0.9965180269039593,0.9639891880959455,1.0301445184318008,0.08065593443114423,0.0833806944586176,0.0,589063,590080,0.9982765048806942,1.0,0.9639891880959455,0.08062950029845617,0.49122807017543857,0.9633587786259542,1.4411764705882353,589063,0.9639893505317247,0.08064990572134055,0.9629982361772359,0.0019049409346520822,0.0019049409261432902,6.241062830242653e-08,0.017665686449576445,0.01708901816901656,0.9639891934403374,1.0301464683681747,0.0806449212872695,0.08336940055658522,0.0
model.dec.32x32_block4.norm0,0.0004251357976675826,0.0004132436385487473,0.996996999982262,0.969108388790642,1.0256881784028873,0.07527397925702066,0.07752420551749424,0.0,767,768,0.9986979166666666,1.0,0.969108388790642,0.07527189017257317,0.48423423423423434,0.9678407350689127,1.5,767,0.9689727994881047,0.07568425263939252,0.9673571596543534,0.003408076509691643,0.0034080765097510755,2.6663461933290493e-12,0.0004251563850302811,0.0004132062747746685,0.9689667115567953,1.025823049076708,0.07535528688841345,0.07761253307764751,0.0
model.dec.32x32_block4.norm1,0.0004260106432425374,0.00041273945846863585,0.9984314002434961,0.9673280280464006,1.030534867272936,0.05424456547805072,0.055999527548736286,0.0,498,512,0.97265625,1.0,0.9673280280464006,0.053865035291445595,0.6611111111111111,0.9609116373822256,1.2,498,0.9676221970970111,0.053223664203954274,0.9588200787781695,0.0062341623336953055,0.006234162332783307,3.4929135132610546e-10,0.00042590094769916404,0.00041273821378973993,0.9676138269359082,1.0303147515974935,0.053548057258894007,0.05526286719800813,0.0
model.dec.32x32_block4.skip,0.007673573874405024,0.0073928122058077705,0.9975343278052166,0.9610364186247504,1.035418341974765,0.06761246822616573,0.07041930724143107,0.0,98454,98560,0.998924512987013,1.0000000000000002,0.9610364186247502,0.06759529518815346,0.5333333333333333,0.9642356048038758,1.4099378881987579,98454,0.9610365800692374,0.06760911544095426,0.9642000205167753,0.0012979765407984995,0.001297976590531999,6.413283862432489e-09,0.007673573606786532,0.007392808004536994,0.961036388365016,1.0354194139912034,0.06760557542077136,0.07041225617730403,0.0
model.dec.32x32_up.affine,0.00905110965931654,0.008788798142770766,0.9961608905308174,0.9672910078585021,1.0258924271611887,0.08500425832472941,0.08760755167399774,0.0,131304,131328,0.9998172514619883,1.0,0.9672910078585021,0.08499970564496484,0.40352393119780633,0.96577812085781,1.5226170615059493,131304,0.9672908446474509,0.08500080108161173,0.9657892200126497,0.0005620534005430332,0.0005620534031535443,2.9741724763390725e-09,0.009051111289844854,0.008788799135426363,0.9672910614924951,1.025892621926976,0.08500290259109702,0.08760617545327913,0.0
model.dec.32x32_up.conv0,0.015640608970908982,0.015039563738905713,0.9944230080568524,0.9562088177591083,1.03416440069052,0.10141220520962843,0.10556451080093147,0.0,589600,590080,0.9991865509761388,1.0000000000000002,0.9562088177591079,0.10137485413624979,0.32142857142857145,0.9568417996801565,1.5833333333333333,589600,0.9562089568241722,0.10140147564890588,0.9568923196412056,0.001910336182664151,0.0019103361800856663,8.691344953670218e-08,0.015640624102309365,0.015039575469830873,0.9562093251093731,1.0341653370879191,0.10140571226871767,0.1055578009710136,0.0
model.dec.32x32_up.conv1,0.015483424654074936,0.014816843193890119,0.9941853363039936,0.9513843715320666,1.0389118346880166,0.10304661251508877,0.10806647335299156,0.0,589505,590080,0.999025555856833,1.0,0.9513843715320665,0.10300320639049992,0.3229564843357948,0.9540636042402827,1.5894630783507853,589505,0.9513848367245349,0.10304497643973862,0.9540221824045512,0.0022486021009172066,0.002248602097737284,1.0057583477178412e-07,0.01548342229776526,0.014816833534937504,0.951384424531151,1.0389129308677303,0.10304168229955758,0.10806143767370106,0.0
model.dec.32x32_up.norm0,0.0005608159193607209,0.0005433192909637813,0.9964902882522781,0.9654012630074458,1.0285804800873246,0.0810968747223238,0.08371222368639357,0.0,512,512,1.0,1.0,0.9654012630074458,0.0810968747223238,0.39926850258175567,0.9648978953199732,1.4082575757575757,512,0.9653979257149586,0.08107026842769217,0.965241044574412,0.0008961470723791137,0.0008961470722776857,0.0,0.0005608130767325569,0.0005433151188757286,0.9653980040937385,1.0285823774309486,0.08110546052337629,0.08372129160369099,0.0
model.dec.32x32_up.norm1,0.0005567119257972963,0.0005405239521120024,0.9961020794477891,0.9671375944012828,1.0259340123102685,0.08564308123071385,0.08827216171927414,0.0,510,512,0.99609375,1.0,0.9671375944012828,0.0856323728448119,0.5910518053375197,0.9717414305963148,1.5464505403158766,510,0.9671419330586446,0.08584067164596501,0.9710279658188099,0.003872410671373531,0.003872410671056348,2.6663461933290494e-11,0.0005566681104875993,0.0005404781055314795,0.9671310592692768,1.0259396281499535,0.08564956521506288,0.08827918560907294,0.0
model.dec.32x32_up.skip,0.00489971819043711,0.004700257878860747,0.9940786600632253,0.9536111818203725,1.0362634176611814,0.10423935704635345,0.10886212310151845,0.0,65786,65792,0.9999088035019456,1.0,0.9536111818203725,0.10423698240001314,0.3030321440406495,0.9545454545454546,1.6062353360147479,65786,0.953611437431659,0.10423491784947936,0.9545726466065096,0.00040286982097986377,0.0004028698199521907,5.574863800437951e-10,0.004899718546431589,0.004700259044258024,0.9536114115142605,1.036263303976014,0.10423880320019273,0.10886148992010804,0.0
model.dec.8x8_block0.affine,0.007227509481326592,0.006997468464860962,0.9968448259786025,0.9651167185829506,1.0296159914619725,0.07684862427090919,0.0793752888980189,0.0,131264,131328,0.9995126705653021,1.0,0.9651167185829506,0.07683720395956385,0.5091110365649111,0.9577656356791173,1.3858600503973626,131264,0.9651166834922049,0.0768436936735601,0.9577593893300873,0.001027632422288216,0.0010276324216454147,4.300564364938211e-09,0.007227494874988438,0.0069974536017472,0.9651167383421814,1.029616224918137,0.07684711813907999,0.07937374066266117,0.0
model.dec.8x8_block0.conv0,0.020541741697001452,0.0199239324879345,0.9962008565294619,0.9662393239426643,1.0270914482144617,0.08446616251284875,0.08711411394029729,0.0,1179100,1179904,0.9993185886309395,0.9999999999999998,0.9662393239426645,0.08443944548973653,0.4321181833047176,0.9669496047255424,1.4941176470588236,1179100,0.9662404591394148,0.08445946066496043,0.9669445645614949,0.0015161586655666121,0.0015161586640385614,8.931882660813658e-08,0.02054172118908603,0.019923926949079327,0.966240347567271,1.0270910565665659,0.08446247584903274,0.08711027479455644,0.0
model.dec.8x8_block0.conv1,0.014509041735895142,0.014070457822458414,0.9957444408929901,0.9656447622498938,1.0267823430835394,0.08937175294308106,0.09219248631642318,0.0,589795,590080,0.9995170146420824,1.0,0.9656447622498938,0.08935064820216626,0.4035452131813213,0.9662626924336718,1.5222929936305734,589795,0.9656440847725091,0.08937112443053051,0.9662446431135426,0.001380587604964913,0.0013805876023664399,3.7245415328136425e-08,0.014509052259456593,0.01407045544069187,0.9656440553788928,1.026783428546275,0.08936997684215935,0.09219072334041402,0.0
model.dec.8x8_block0.norm0,0.0006195399033498618,0.0006039556129009166,0.9972136386644664,0.9721291091602864,1.0229454418841613,0.0727221511821412,0.07486357928231524,0.0,1021,1024,0.9970703125,1.0,0.9721291091602864,0.07268446699310858,0.5,0.9708029197080292,1.3555555555555556,1021,0.9721362842230211,0.07245085769409186,0.9709339996987629,0.0032404034514744314,0.0032404034519701143,9.865480915317483e-11,0.0006195539276778157,0.0006039685952745115,0.9721294793667383,1.022948165974102,0.07270228816873787,0.0748431811025153,0.0
model.dec.8x8_block0.norm1,0.0004264514697904378,0.0004132541945009015,0.9970296098566754,0.966174811209684,1.0288697566916976,0.07463570756492632,0.07702091594536428,0.0,512,512,1.0,1.0,0.966174811209684,0.07463570756492632,0.6532266885425212,0.9677916318714546,1.3503111693416312,512,0.9659925340690066,0.0745030781927446,0.968513775895272,0.0033180396439249625,0.0033180396442718725,0.0,0.00042650056446257213,0.00041322366822644987,0.9659979884347165,1.0290703499723206,0.07454706315968612,0.07694293054335066,0.0
model.dec.8x8_block0.skip,0.007073632600316213,0.006860810926617867,0.9958942196021617,0.965931131805834,1.026786759406742,0.08780102189097365,0.09056008841602987,0.0,131320,131328,0.9999390838206628,1.0,0.965931131805834,0.08779974706399733,0.42014255091103975,0.9661881849470156,1.5131326094607511,131320,0.9659303391693047,0.08781366763149728,0.966189289745176,0.000841365695016913,0.0008413656947863468,5.254108081858615e-10,0.0070736358538876646,0.006860808469227531,0.965930357249164,1.0267876161527196,0.0878007772758146,0.09055990169819757,0.0
model.dec.8x8_block1.affine,0.007072562608260698,0.0068355697735305535,0.9959958857479739,0.9626212941865961,1.0305275921255475,0.08640342765229242,0.08940571800301911,0.0,131266,131328,0.9995278996101364,1.0,0.9626212941865961,0.08639146066168575,0.1288174715909091,0.96875,1.6050972288454406,131266,0.9626184790214001,0.08640875425667775,0.9687100189025153,0.0011416970143035665,0.0011416970120369074,4.851832376168917e-09,0.007072565444960705,0.006835550758147241,0.9626183061785155,1.0305309535032974,0.0864023066829878,0.08940487600206673,0.0
model.dec.8x8_block1.conv0,0.021197472166661277,0.020593329576930518,0.9960494240226357,0.9676613278478812,1.0252703363710194,0.08626971253988952,0.08889119129301225,0.0,1179140,1179904,0.9993524896940768,0.9999999999999999,0.9676613278478814,0.08624640119719525,0.44565217391304346,0.9722753346080306,1.4743589743589745,1179140,0.9676614115548587,0.08626670612336208,0.9722646468240241,0.0015171087652374063,0.0015171087657787014,8.476204935506265e-08,0.021197475434280813,0.02059332417229329,0.9676612268568457,1.025271083617762,0.08626628758620881,0.08888769726543391,0.0
model.dec.8x8_block1.conv1,0.01498361055325685,0.01456699047167147,0.9961000962541442,0.9684034805490327,1.0245888430667167,0.0857771201966779,0.08835428562513202,0.0,589671,590080,0.9993068736442516,1.0,0.9684034805490327,0.0857511736995807,0.4444444444444444,0.9716312056737588,1.4819277108433735,589671,0.9684026383123112,0.08577680911355952,0.9716011829037329,0.001613352171409197,0.0016133521705953319,4.6868796435650924e-08,0.01498361527680965,0.014566978195120336,0.9684026757360631,1.0245903645356051,0.08577344633197394,0.08835056323210193,0.0
model.dec.8x8_block1.norm0,0.0006261074219237961,0.0006042321646886517,0.9961511931244875,0.96134715977229,1.0322152507304287,0.08458917012758782,0.08769367041171777,0.0,1023,1024,0.9990234375,1.0,0.96134715977229,0.08457545521897004,0.5205802646261757,0.9600614439324117,1.4515873015873013,1023,0.9613760005360266,0.0849698702111964,0.9602663507232252,0.004212044096202264,0.004212044095975151,4.266153909326479e-11,0.000626081132086323,0.000604225700031611,0.9613725954231304,1.0321779632330939,0.08464460777865056,0.08774722437212581,0.0
model.dec.8x8_block1.norm1,0.0004311572365661274,0.0004161587303115268,0.9959055899317318,0.9612613929827336,1.031798375860796,0.08725473334010762,0.09042905021398809,0.0,510,512,0.99609375,1.0,0.9612613929827336,0.08719075367577099,0.534031007751938,0.965262542050607,1.6666666666666667,510,0.9610642140423691,0.08699414361690085,0.9650633211852335,0.0033065501885820286,0.003306550188520462,9.73216360565103e-11,0.00043121741334661054,0.0004161264331709264,0.961066643604297,1.032037496571182,0.08708156398469197,0.09027547003730613,0.0
model.dec.8x8_block1.skip,0.006979003628239514,0.006770688571133681,0.9960466958615474,0.9663158724688083,1.026692253126299,0.08617967979754194,0.0888700311218945,0.0,131313,131328,0.9998857821637427,1.0,0.9663158724688083,0.08617366938425808,0.4251135304381081,0.9679254226576078,1.5,131313,0.9663159487241781,0.08617769747901784,0.9679471504936933,0.0005847410360743408,0.0005847410360152812,2.3667220494879584e-09,0.0069790002823452765,0.006770685909121981,0.9663159962070421,1.0266922074793017,0.08617923436943606,0.08886958134887916,0.0
model.dec.8x8_block2.affine,0.006629918230900439,0.0064366804350446645,0.9957234219811527,0.9667017368495285,1.0256163770978957,0.08969167875071851,0.09245735898042132,0.0,131249,131328,0.9993984527290448,1.0,0.9667017368495284,0.08967369441929204,0.35377209316523717,0.96875,1.816746349657575,131249,0.966701375590756,0.08968735981950726,0.9687558772780864,0.001205458348000413,0.0012054583533695625,6.650979251694438e-09,0.006629919024289327,0.006436676434573629,0.9667013369088095,1.025617473115736,0.08968820032095222,0.09245382582969493,0.0
model.dec.8x8_block2.conv0,0.02087931349888687,0.020320606171873205,0.9962572833735851,0.9695985407936997,1.0236489979269625,0.08412443760720215,0.08661845844259512,0.0,1178988,1179904,0.9992236656541549,1.0000000000000002,0.9695985407936997,0.08409636413896517,0.463768115942029,0.9738250065177105,1.4673913043478262,1178988,0.9695993219523033,0.08412001378178124,0.9738225262745867,0.0016875494557024757,0.0016875494546148943,9.657051425847795e-08,0.02087929498388608,0.0203205940629991,0.9695992645422532,1.0236491665196108,0.08411937076377873,0.0866132615759269,0.0
model.dec.8x8_block2.conv1,0.014798964839690952,0.014377516323375068,0.9957843472214553,0.9674261586418392,1.0249738001330655,0.08911314140128856,0.09182607721976746,0.0,589528,590080,0.9990645336225596,1.0,0.9674261586418392,0.08907691963624204,0.4305555555555556,0.9714285714285714,1.5,589528,0.9674270672633826,0.08910423991716672,0.971412968475703,0.0019105453385621805,0.0019105453381248172,6.630588994105843e-08,0.014798963628555461,0.014377519226604322,0.9674270608907689,1.0249741743434342,0.08910635174892162,0.09181907783383166,0.0
model.dec.8x8_block2.norm0,0.0005669678134990056,0.0005511302971598374,0.995155176193494,0.9673567968362856,1.0237523816895318,0.09557035837254438,0.09846988433924753,0.0,1024,1024,1.0,1.0,0.9673567968362856,0.09557035837254438,0.3755547337278107,0.9721924815607899,1.6688461538461536,1024,0.9673364039873495,0.09572331024509263,0.9733144531246629,0.004757351814428815,0.0047573518144424076,0.0,0.0005669555025471214,0.0005511027081223055,0.9673398355921835,1.0237924715592326,0.09546172061318223,0.09835893126289685,0.0
model.dec.8x8_block2.norm1,0.0004199982592544094,0.00040689381208968984,0.9956987276694858,0.9646317385065151,1.0277662621982417,0.08975932030642778,0.09266363949281095,0.0,510,512,0.99609375,1.0,0.9646317385065151,0.08974271459194386,0.5631197559115179,0.970442632498544,1.5821428571428562,510,0.9647413037293526,0.09098386980994196,0.970199877432842,0.008422084993909977,0.008422084993704738,2.4663702288293708e-11,0.00041998312246896484,0.0004069198353917095,0.9647010129941105,1.0276345340443407,0.09006000851323927,0.09296694642449785,0.0
model.dec.8x8_block2.skip,0.007189459123755666,0.006985959344898477,0.9960048613269733,0.967812647485601,1.0250183094468421,0.08677139142556936,0.08940048791504179,0.0,131313,131328,0.9998857821637427,1.0,0.967812647485601,0.08676703188906106,0.42986617145394723,0.9682396733909702,1.5188095762418596,131313,0.9678124822987789,0.08676876670608218,0.9682414898444937,0.0004184038803887889,0.0004184038804178723,1.8342762795561723e-09,0.007189456885067938,0.006985956074609846,0.9678124701025139,1.0250184428983997,0.08677166435708807,0.08940080126307433,0.0
model.dec.8x8_block3.affine,0.006442328578546647,0.0062367767277990635,0.9943369386070824,0.9626111743115456,1.0271083214732284,0.10288267012311834,0.1062966426812415,0.0,131237,131328,0.999307078460039,1.0000000000000002,0.9626111743115455,0.10286758475887209,0.2569317023445464,0.9679334916864608,1.7169811320754718,131237,0.9626143496918849,0.10287984010742188,0.9678882250860362,0.0013538473973356265,0.001353847393896565,6.042522435386564e-09,0.00644232668023783,0.006236791766331108,0.9626140478539877,1.027105828990329,0.1028804336300342,0.10629410694205833,0.0
model.dec.8x8_block3.conv0,0.020939445602285296,0.020321554232564376,0.9955727732963408,0.966194926516969,1.0258438744881566,0.09122028131480049,0.094057250976961,0.0,1178902,1179904,0.9991507783684096,1.0000000000000002,0.9661949265169688,0.09118783333260444,0.42035398230088494,0.9706896551724138,1.5060240963855422,1178902,0.966196048417025,0.09121502711073112,0.970662105540843,0.001836259252200204,0.0018362592512732316,1.2173026109287903e-07,0.020939432646387444,0.020321556018464502,0.9661961576272918,1.025843731850308,0.09121453717162074,0.09405129421720894,0.0
model.dec.8x8_block3.conv1,0.015201408142692198,0.014724862295742092,0.9953897022340571,0.9641854332450308,1.0276038458484058,0.09290643033202187,0.0959289794711795,0.0,589554,590080,0.9991085954446854,1.0,0.9641854332450308,0.09287035368112026,0.4,0.9677054285418305,1.5194056283947162,589554,0.9641881724617283,0.09290780452710581,0.9676538871550103,0.0020642529128641163,0.0020642529111349283,7.264766156535265e-08,0.01520140456572198,0.014724884159500313,0.9641874960449768,1.027602509114982,0.09290239441129663,0.0959246817310398,0.0
model.dec.8x8_block3.norm0,0.0005863144072976951,0.0005675324972216874,0.9952705436094879,0.9633881924021748,1.0282080087641414,0.09403005206994659,0.09714873745011171,0.0,1023,1024,0.9990234375,1.0,0.9633881924021748,0.09391369658663722,0.34645593869731806,0.9625935162094763,1.6615384615384605,1023,0.9633064509678592,0.09413673400690914,0.962247944460329,0.004661314197484739,0.004661314197395528,3.5262428406776676e-10,0.0005863267532217391,0.0005674969271950653,0.9633145005683872,1.0283015507571143,0.09395071347472578,0.09707387635888629,0.0
model.dec.8x8_block3.norm1,0.00041938355086515086,0.00040705029308510057,0.9942412211974,0.9650025129760507,1.0243658359806054,0.10401374238591586,0.10727661453526328,0.0,512,512,1.0,1.0,0.9650025129760507,0.10401374238591586,0.33729946524064175,0.975075704635453,1.6880952380952376,512,0.9649542816518555,0.10378602218871923,0.9783942159804953,0.005688518838655335,0.005688518838901079,0.0,0.0004193526844321419,0.0004069905185676202,0.9649411204768431,1.0244507512716279,0.10391982647169236,0.1071840712349256,0.0
model.dec.8x8_block3.skip,0.007246827364491568,0.0070182326490836585,0.9954576384997869,0.9640568138177361,1.0278812367119663,0.09220234113499547,0.09521688142171439,0.0,131317,131328,0.9999162402534113,1.0,0.9640568138177361,0.0921975592086014,0.38019229533822996,0.963784301212508,1.544090433037977,131317,0.9640561728348539,0.09220148511377989,0.96377162194855,0.000716581432547404,0.0007165814325867941,2.172179676705984e-09,0.0072468323975126096,0.0070182327141601756,0.964056129730813,1.0278819160284203,0.09220252341517901,0.09521713275380435,0.0
model.dec.8x8_block4.affine,0.006662306456203445,0.006418419150637066,0.9941948706607453,0.9578003412575546,1.0319723206095066,0.10365570669590755,0.10762294595716244,0.0,131278,131328,0.9996192738791423,1.0000000000000002,0.9578003412575544,0.10362269836265049,0.33753351735015774,0.9620883051140562,1.6343041474654372,131278,0.9578009808999017,0.10367304758815055,0.9620859463433702,0.002060970436456967,0.0020609704263769525,1.4245024841910465e-08,0.006662306744129945,0.006418422501963626,0.9578009628786973,1.031972001894748,0.1036542510352222,0.10762136484407439,0.0
model.dec.8x8_block4.conv0,0.021560980068149268,0.020843481053682188,0.995032730571393,0.9619203673443562,1.0292849268196458,0.09623557042669013,0.09954836790743317,0.0,1178896,1179904,0.999145693208939,0.9999999999999999,0.9619203673443563,0.09619674993605436,0.38011695906432746,0.9654178674351584,1.5316455696202531,1178896,0.9619205602334671,0.0962291699626815,0.9654152775015641,0.0019499508873449822,0.0019499508864489897,1.6289673464172317e-07,0.02156097642604186,0.020843466450150866,0.9619204097175362,1.0292860667173789,0.09622998327151205,0.09954264070739438,0.0
model.dec.8x8_block4.conv1,0.015748158650039135,0.015229334938569962,0.9950509702912547,0.9622689766004413,1.0289497609863123,0.09609221076370189,0.09936677733432955,0.0,589562,590080,0.9991221529284164,1.0,0.9622689766004413,0.09605061834085528,0.36666666666666664,0.9647058823529412,1.5416666666666667,589562,0.9622678083267744,0.09608038605132378,0.9646981749064831,0.0020630239701950374,0.0020630239686764778,9.29681757461788e-08,0.01574815586101541,0.015229306177597143,0.96226825300912,1.0289525091969864,0.09608280033724252,0.09935720710687758,0.0
model.dec.8x8_block4.norm0,0.0006247727211681485,0.0006077020774705113,0.9949691287893775,0.9677836213044232,1.0229182902574592,0.09744472885356645,0.10038020608448794,0.0,1023,1024,0.9990234375,1.0,0.9677836213044232,0.09741782526686414,0.3756818181818182,0.9732142857142857,1.4544809800128948,1023,0.967659347086987,0.09743668160282938,0.972637212418034,0.00384408670635179,0.0038440867063962284,9.598846295984578e-11,0.0006248151334036102,0.0006076639083419956,0.967670195733601,1.0230657827079364,0.097302313566623,0.10023819077399365,0.0
model.dec.8x8_block4.norm1,0.00042763942247138064,0.00041159415178931234,0.9941632503048834,0.9568616882526285,1.0329189478383896,0.10383824752493412,0.10793933633078548,0.0,510,512,0.99609375,1.0,0.9568616882526285,0.10368247294283083,0.2260683760683761,0.9543748141540291,1.6291666666666629,510,0.9570799084802903,0.10380422110240434,0.9559568376439199,0.0046674958424516065,0.004667495841973438,2.7730000410622115e-10,0.0004276184396064175,0.00041166761430649624,0.9570738916722008,1.0326779709932814,0.10391292221163217,0.10798531460774388,0.0
model.dec.8x8_block4.skip,0.007234374134888472,0.006968552933177815,0.9946474076767639,0.9580998965504122,1.0325890537720683,0.09953063849070339,0.10337295800905362,0.0,131312,131328,0.9998781676413255,0.9999999999999998,0.9580998965504125,0.09952454860632108,0.3470048019207683,0.9579300327799878,1.5895359233485045,131312,0.9580994765303964,0.09952675550905639,0.9579103388463541,0.0005685249441847595,0.0005685249442433588,2.9759170583210355e-09,0.007234374708291135,0.006968549838114494,0.9580995115777892,1.0325897198002678,0.09952946489539959,0.1033717977889993,0.0
model.dec.8x8_in0.affine,0.0061175125104343175,0.0059610383772926295,0.9949629647999968,0.9695137373305607,1.0210802211522152,0.09767917062265616,0.10057051278544096,0.0,131251,131328,0.9994136817738791,1.0,0.9695137373305607,0.0976574946527691,0.25874742338156975,0.96625,1.6793411649512549,131251,0.9695137995768944,0.09767760890816701,0.9661932744823477,0.001731980889302137,0.001731980886335497,7.432730506333625e-09,0.0061175091061655505,0.005961034359492675,0.9695142310830254,1.0210809811834918,0.09767312723045425,0.1005643253581183,0.0
model.dec.8x8_in0.conv0,0.013612091932754183,0.013257998210607552,0.9960447189777426,0.9701344339378177,1.0226470141632358,0.08654199225250839,0.08909648731374532,0.0,589643,590080,0.999259422451193,1.0,0.9701344339378178,0.08651189657600236,0.42528735632183906,0.9706422018348624,1.5087017902198747,589643,0.9701349956922102,0.08653217216487773,0.9706323683681943,0.0015587675066748214,0.001558767504536915,4.5265942373560176e-08,0.013612104194275691,0.013258015508729865,0.9701351012854508,1.0226468914390008,0.08653893922331049,0.08909337339061162,0.0
model.dec.8x8_in0.conv1,0.013784530811987938,0.01343470972944443,0.99607124266623,0.970793144691584,1.022007547016467,0.0863081723766728,0.08884815698051741,0.0,589691,590080,0.9993407673535791,1.0,0.970793144691584,0.08627763935577201,0.4290299133924367,0.9708904109589042,1.5084951956781723,589691,0.9707947810593457,0.08629891514987673,0.9708818360452155,0.0015312381734127688,0.0015312381722647132,4.696725595577627e-08,0.01378451583499215,0.013434714159418108,0.9707948279277683,1.0220064242170057,0.0863048262187631,0.08884474230934566,0.0
model.dec.8x8_in0.norm0,0.0003651080145222816,0.00035907649894279176,0.9949676249472644,0.9785309473278768,1.0116803943672246,0.09854169818125273,0.10170120553316861,0.0,510,512,0.99609375,1.0,0.9785309473278768,0.09832292647759672,0.3127442827442828,0.9753451712015944,1.4494066047471614,510,0.9784865080204476,0.09848466240494752,0.9757189362043763,0.0026843542109480944,0.0026843542109388258,2.69300965526234e-10,0.0003651357403676029,0.0003590873291443548,0.9784840453877347,1.0117245227910234,0.09855814437590295,0.10171472877588672,0.0
model.dec.8x8_in0.norm1,0.0004004700883506086,0.00038975288222639273,0.9959740265425516,0.9693202033299756,1.023360761634408,0.08724331281960113,0.08983478966623673,0.0,510,512,0.99609375,1.0,0.9693202033299756,0.08685956543619859,0.477892152640193,0.9696574475430588,1.606248002556726,510,0.9694888349953427,0.08681555673710378,0.9695905534170794,0.0019750650563830183,0.0019750650530843384,5.026062574425258e-10,0.0004004008259982218,0.000389753937880164,0.9694968093386642,1.0231876512103169,0.08718856421053882,0.08977425021067618,0.0
model.dec.8x8_in0.norm2,0.0003862025669814954,0.0003770864023314735,0.9968565617250089,0.9733261418726331,1.0209558357718935,0.07735735631603351,0.07965537786820326,0.0,512,512,1.0,1.0,0.9733261418726331,0.07735735631603351,0.5617122554035043,0.9741144823885899,1.549197802197802,512,0.9733248772342142,0.07729441683006404,0.9741178825342998,0.0006214804334887158,0.0006214804335059259,0.0,0.00038620374890729577,0.00037708721553265825,0.973325063172045,1.0209565498410056,0.07735978986783383,0.0796579097697477,0.0
model.dec.8x8_in0.proj,0.004352086639288243,0.004218118487931704,0.996127377463563,0.9654640763082679,1.0277645502116108,0.08521537359116767,0.08793612261118858,0.0,65764,65792,0.9995744163424124,1.0,0.9654640763082679,0.08520624610573989,0.43419676959927495,0.9664126974912683,1.5,65764,0.9654659284026115,0.0852133347133068,0.9664730497846729,0.0009655782270791357,0.0009655782270503442,1.381997469253589e-09,0.004352081413546205,0.004218120819428384,0.965465810368622,1.02776279184319,0.08521505692711637,0.08793568204994148,0.0
model.dec.8x8_in0.qkv,0.00663370222032915,0.006454972798375953,0.9961920923183007,0.9693520517345131,1.0237752971397358,0.08483651400140667,0.0873571687324055,0.0,197249,197376,0.9993565580415046,1.0,0.9693520517345131,0.08481725808215936,0.4405390124387488,0.9705882352941176,1.4925674860200335,197249,0.9693523051712312,0.084837148185411,0.9705426200638675,0.0014120634416759936,0.001412063443550023,6.7433556813436796e-09,0.006633708757412766,0.006454980279518124,0.9693524084358156,1.023775318539578,0.08483437508099034,0.08735499151372639,0.0
model.dec.8x8_in1.affine,0.006892754885637829,0.0067249258107127405,0.9969815544578826,0.9727064286514092,1.0218624968967567,0.07574838222688055,0.07798632421983923,0.0,131258,131328,0.9994669834307992,1.0000000000000002,0.972706428651409,0.07572827705531719,0.39705882352941174,0.9733016519565757,1.5852480598669616,131258,0.9727098813936941,0.07574063821731221,0.9732821781022074,0.0011684741776055317,0.0011684741715692378,6.786963558517645e-09,0.006892737706713559,0.006724930855544908,0.9727097487187837,1.0218593579897006,0.0757464952175307,0.07798448899019535,0.0
model.dec.8x8_in1.conv0,0.014230834095524043,0.013838167601647086,0.9962450267603316,0.9687559815592935,1.024514090480428,0.0841896254478615,0.08670884181965828,0.0,589647,590080,0.9992662011930585,1.0,0.9687559815592938,0.08416057592078414,0.4230769230769231,0.9690721649484536,1.5,589647,0.9687563679829445,0.08418038410252184,0.9690616349010889,0.0015424802151469874,0.001542480213584642,4.645685050552557e-08,0.014230828270087698,0.013838160258737572,0.9687562020699253,1.0245145721772737,0.08418572588638207,0.08670485121301617,0.0
model.dec.8x8_in1.conv1,0.014679630158040639,0.014271643124905978,0.9960580663777289,0.9683748910554468,1.0245326275599733,0.08623828321464933,0.088829751814324,0.0,589738,590080,0.9994204175704989,1.0,0.9683748910554467,0.08621536262930034,0.42105263157894735,0.9679144385026738,1.5148514851485149,589738,0.9683754979725991,0.08624086771630622,0.9679108709301969,0.0015380020636641839,0.0015380020609516846,3.995440418261938e-08,0.01467961310055232,0.01427163150392856,0.9683754489602201,1.024532505330995,0.08623582943379911,0.08882723508570409,0.0
model.dec.8x8_in1.norm0,0.0004586737916103731,0.00044538973363717854,0.9974039852617176,0.968517284941663,1.0271522514705325,0.06992344380514545,0.07204204216348951,0.0,512,512,1.0,1.0,0.968517284941663,0.06992344380514545,0.6758073708206687,0.975847891900572,1.3845238095238095,512,0.9685497422822996,0.06987164929002196,0.9761090382041038,0.002090819545572198,0.002090819545714414,0.0,0.00045865921437772297,0.00044538848692744765,0.9685471195534586,1.0271243530605612,0.06990103225936165,0.0720177317814228,0.0
model.dec.8x8_in1.norm1,0.0004062504176310958,0.00039913605087178885,0.9965830581301199,0.9791306271320362,1.0143465685075046,0.08115020506707553,0.08391041894731424,0.0,512,512,1.0,1.0,0.9791306271320362,0.08115020506707551,0.4,0.9832921784864781,1.4182229965156792,512,0.9791643546516049,0.08130093713108248,0.9829990643843438,0.002780879564450308,0.0027808795646125715,0.0,0.0004062407626978942,0.0003991367727411769,0.9791543170211029,1.0143192270384829,0.08116858589862863,0.083931653524202,0.0
model.enc.16x16_block0.affine,0.0061851359017324956,0.006012986689832868,0.9952395885482633,0.9675393547066912,1.0237328681208906,0.0947459747659074,0.09761413403012158,0.0,131255,131328,0.9994441398635477,1.0,0.9675393547066912,0.09472954422383999,0.3246636984833696,0.9671361502347418,1.6341463414634145,131255,0.9675392554030662,0.09473890828789959,0.9671079650120641,0.0013542292900581973,0.0013542292904343035,5.5865004226430165e-09,0.006185142220751503,0.006012989493230565,0.9675394044814966,1.0237340579941436,0.09473992584142481,0.09760794007823159,0.0
model.enc.16x16_block0.conv0,0.01432685919644572,0.01389855897702239,0.9957256326271252,0.9659585007601887,1.0264100731971644,0.08959940431424218,0.09240606003982664,0.0,589592,590080,0.9991729934924078,0.9999999999999998,0.9659585007601889,0.08956544721501926,0.42028985507246375,0.9688888888888889,1.509826604163514,589592,0.9659580489388369,0.08959437211147418,0.9689003727683368,0.0018864442159392323,0.001886444215368035,5.857627210386792e-08,0.014326875577403966,0.01389856082800463,0.9659581840283158,1.026411810394382,0.0895922081290841,0.09239870246614143,0.0
model.enc.16x16_block0.conv1,0.01436370586334259,0.013950806444898059,0.9958734105761836,0.9672460106570108,1.0253480903156946,0.08814444280157621,0.09083854249340333,0.0,589683,590080,0.9993272098698481,1.0,0.9672460106570108,0.08811647200943266,0.41955944142362844,0.9682752457551386,1.5139587212911252,589683,0.9672452080589157,0.08813681605445066,0.9682506612300743,0.0016527846155108825,0.0016527846154353442,4.7712276436356586e-08,0.01436372581943621,0.013950807937015312,0.9672451534886433,1.025349811440592,0.08814012451256453,0.09083416693781149,0.0
model.enc.16x16_block0.norm0,0.0003632113383077401,0.0003553113730625423,0.9945652608846349,0.9729331416020243,1.0166783470134222,0.10185050522214009,0.10485622745579538,0.0,512,512,1.0,1.0,0.9729331416020243,0.1018505052221401,0.18416666666666678,0.9818755689534242,1.5408333333333333,512,0.9729066001246015,0.10177384567660495,0.9836002026666326,0.0035772453437277803,0.003577245343666395,0.0,0.0003632067982714192,0.00035529997004797684,0.9729148211015605,1.0166990438878312,0.10184141450502829,0.1048466582178746,0.0
model.enc.16x16_block0.norm1,0.0003913497626855737,0.00038084038902701256,0.996041038612648,0.9692931817027364,1.023527008472056,0.08650740637277243,0.08907815806338791,0.0,510,512,0.99609375,1.0,0.9692931817027364,0.08647093036952586,0.16878787878787901,0.971072518248645,1.347314357546915,510,0.9692853470591636,0.08644300823012772,0.971945470425923,0.002143829289033275,0.002143829289017913,4.5327885286593836e-11,0.00039135013571005474,0.00038084270198626545,0.9693070614475199,1.0235311835745329,0.08640788015177393,0.0889754174319677,0.0
model.enc.16x16_block0.norm2,0.00041225209452039053,0.0003958832212260014,0.9951810937031527,0.9556664534033864,1.0363295747561017,0.0941606885715837,0.09827953525618122,0.0,512,512,1.0,1.0,0.9556664534033864,0.0941606885715837,0.2563674549869829,0.955438059171271,1.5699454117422824,512,0.9556606950154193,0.0941379699451194,0.9554217709617095,0.00023702308504694783,0.0002370230850543145,0.0,0.000412253573400443,0.0003958823925166855,0.955662644884331,1.0363372188146303,0.09414370774314884,0.09826290813190182,0.0
model.enc.16x16_block0.proj,0.004803700456530643,0.00465632495043834,0.9960478928447668,0.9654895631511232,1.027573412189449,0.08609287218983372,0.0888354173533924,0.0,65757,65792,0.9994680204280155,1.0,0.9654895631511234,0.08606957948230055,0.42094883363014163,0.9659581534373962,1.4813709231619674,65757,0.9654902080797442,0.08609370988416162,0.9659311871894105,0.0014325750354969443,0.001432575035515566,4.340568305159185e-09,0.004803704070458155,0.004656329823154771,0.9654899176439258,1.0275731849541758,0.08609210696266012,0.08883461679029223,0.0
model.enc.16x16_block0.qkv,0.00847458458170326,0.008218084117952558,0.9956408018075461,0.9655057167269001,1.0267164544447427,0.09044751897947215,0.09330684797295845,0.0,197275,197376,0.9994882863164721,0.9999999999999998,0.9655057167269003,0.09042310948972576,0.40215792360626323,0.9668508287292817,1.5236752792574773,197275,0.96550794917591,0.09044209136445071,0.9668271125122522,0.0014340744073299454,0.0014340744056376682,1.4873046363989946e-08,0.008474571047474509,0.008218086624996608,0.9655077272820164,1.0267146866227113,0.09044583292947081,0.09330499524148717,0.0
model.enc.16x16_block1.affine,0.007146490648299137,0.006873925714634834,0.9961279687357887,0.9581359574002326,1.0356264394774164,0.08456207325979012,0.08811885720129267,0.0,131275,131328,0.9995964303118908,1.0,0.9581359574002324,0.0845522306436112,0.4843573557089085,0.9666666666666667,1.5959410216613787,131275,0.958134409790982,0.08455290409427953,0.9666594467607736,0.0009454758964171685,0.0009454758942368165,3.987612029744105e-09,0.007146492148062247,0.006873915217856266,0.9581347443615674,1.03562872590178,0.08455681444347428,0.08811366828961675,0.0
model.enc.16x16_block1.conv0,0.014722621424253336,0.014239644456470793,0.9956977659430027,0.9630338079449526,1.0294696125149494,0.08962071479105249,0.0926604736515387,0.0,589583,590080,0.9991577413232104,0.9999999999999999,0.9630338079449527,0.08958903397954882,0.4204603729603731,0.9667532467532467,1.5,589583,0.9630367109131475,0.0896245729823745,0.966720324655819,0.0019235330465641803,0.0019235330466670752,5.772508274330689e-08,0.014722603780348412,0.014239663176649785,0.9630365892398397,1.0294674114127482,0.08961705948720006,0.09265645963860837,0.0
model.enc.16x16_block1.conv1,0.014633654037368795,0.014168887338809527,0.9957525617416617,0.9641273347463528,1.0284151568796007,0.08914558692755703,0.09207467517698663,0.0,589705,590080,0.9993644929501084,0.9999999999999999,0.964127334746353,0.08911307117972242,0.41025641025641024,0.9647766323024055,1.5178571428571428,589705,0.9641284977191366,0.08914770435926689,0.9647853121306447,0.001775198077620091,0.00177519807734841,5.822188907936367e-08,0.014633656032596159,0.01416890154676924,0.9641283892273437,1.0284144996103048,0.08914329399092938,0.09207223942176096,0.0
model.enc.16x16_block1.norm0,0.000424808198785193,0.00040738623514975284,0.9959217610581726,0.9550776512822391,1.0385125783412381,0.08652100413728006,0.09064329430456512,0.0,510,512,0.99609375,1.0,0.9550776512822391,0.08647685060671474,0.5251840848353898,0.9605018962317438,1.4275112667232526,510,0.9550834644510546,0.08627224343194921,0.9609848187514235,0.0019748054601411995,0.001974805460142357,6.465889518822945e-11,0.0004247794447726955,0.0004073568586033068,0.9550810015998022,1.03852540825776,0.0864369660833731,0.09055760201002179,0.0
model.enc.16x16_block1.norm1,0.00044641054494779376,0.0004290222418910425,0.996059893625878,0.9572619944967978,1.0364302744637106,0.0852287503939538,0.08894005023798152,0.0,512,512,1.0,1.0,0.9572619944967978,0.08522875039395379,0.5046610169491526,0.9658851063218803,1.398253968253968,512,0.9572206154055699,0.08516174789614481,0.964790729875281,0.0017282929766147528,0.0017282929766542165,0.0,0.00044642234747330184,0.00042901416069258887,0.9572252612071684,1.0364843523633018,0.08515066675016872,0.08886693972296311,0.0
model.enc.16x16_block1.norm2,0.00043775513918996214,0.0004200719498739161,0.9951056372618572,0.9549081848556387,1.0369952263630757,0.09482513154353776,0.09908524663257373,0.0,512,512,1.0,1.0,0.9549081848556387,0.09482513154353776,0.5466892656589746,0.9635843341199354,1.4810553421787709,512,0.9549031782571636,0.09483905914344963,0.9635966457125833,0.00037071342097694764,0.00037071342097915594,0.0,0.0004377555935700529,0.000420070124920254,0.9549021935451867,1.0369998829943115,0.09483319710631513,0.09909444712423424,0.0
model.enc.16x16_block1.proj,0.00491601948240113,0.004758491230607333,0.9956711877768477,0.9637660372514207,1.028632547579947,0.08996727060575872,0.09294857851528941,0.0,65760,65792,0.9995136186770428,1.0000000000000002,0.9637660372514205,0.08994973695893424,0.41314043682384166,0.9652748721524872,1.5204861111111094,65760,0.9637686362537391,0.08995089232253585,0.9652141873896393,0.0012916589669740796,0.0012916589669602734,3.576086459251157e-09,0.004916000313875877,0.004758485058833882,0.963768726758876,1.0286300646871755,0.08996555941784297,0.09294659234803183,0.0
model.enc.16x16_block1.qkv,0.008534671514401465,0.008273825045437506,0.9956057904218589,0.9651769385939483,1.0269939637861023,0.09078148521736351,0.09367258107449071,0.0,197250,197376,0.9993616245136187,1.0,0.9651769385939484,0.09075823269420694,0.4141683103221565,0.9656862745098039,1.5162330992214825,197250,0.9651773926296032,0.09077900334977887,0.9656852485657508,0.0014112331152930833,0.001411233115090885,1.4422870653776254e-08,0.008534665209434042,0.008273823315017657,0.9651776687262752,1.0269936528812171,0.09077920519722588,0.09367020091406979,0.0
model.enc.16x16_block2.affine,0.006447176467186622,0.006255079049977512,0.9939138016849959,0.964299555013772,1.0244375205231873,0.10687828700125653,0.11026576585266146,0.0,131269,131328,0.9995507431773879,1.0,0.964299555013772,0.10686211498223183,0.24324324324324326,0.9648068669527897,1.4959870967741933,131269,0.9643010756728643,0.10687718702606658,0.964749881364475,0.0013630964791759965,0.0013630964792827609,6.739479031400363e-09,0.006447163174810101,0.006255073128829362,0.9643008360842308,1.0244365967379607,0.10687654974457592,0.11026391650622144,0.0
model.enc.16x16_block2.conv0,0.014593205969970123,0.014115471280941885,0.9954274644123735,0.9628403666122191,1.029117464604098,0.09239345133682335,0.09552087724958606,0.0,589557,590080,0.9991136795010847,1.0,0.9628403666122191,0.09235347337512911,0.4,0.965484180249281,1.5135135135135136,589557,0.9628415598778924,0.09238079686578483,0.9654611788718109,0.0019083726429909625,0.0019083726427499433,7.377948776854212e-08,0.014593192937261789,0.014115465391733743,0.962841552070667,1.0291177522504737,0.09238591583311681,0.09551304199225394,0.0
model.enc.16x16_block2.conv1,0.014631674401590385,0.014167899909074178,0.9957508740300247,0.9641889458732821,1.0283459558162864,0.08916910736341917,0.09209364448409513,0.0,589688,590080,0.99933568329718,1.0,0.9641889458732821,0.08914081151431937,0.40869565217391307,0.9653522290348563,1.5166537324464162,589688,0.9641904744258715,0.08915958875723896,0.9653681016570076,0.0015337683244767736,0.0015337683242953963,5.066670193716474e-08,0.014631650778140784,0.014167894453165865,0.9641905721084475,1.0283451616525223,0.08916445038115407,0.09208873650109402,0.0
model.enc.16x16_block2.norm0,0.0004513031693599683,0.0004326094673920598,0.9958715336794502,0.9546209356051463,1.0389046317786557,0.08701383322341774,0.09122987749954829,0.0,511,512,0.998046875,1.0,0.9546209356051463,0.08697522135266107,0.3981521739130435,0.9491287528670707,1.4870141830908086,511,0.9545093251064796,0.0870037741717938,0.9491202730123697,0.0025113634244492843,0.002511363424453851,6.418238996032006e-11,0.0004513212919315616,0.00043257663456721686,0.9545222349924131,1.0390383559226524,0.08687110963032989,0.0911049456932645,0.0
model.enc.16x16_block2.norm1,0.00039748626427970897,0.00038703954170590175,0.994531133512594,0.9683928948450335,1.0213748787201955,0.10169562777291762,0.10473248000182103,0.0,512,512,1.0,1.0,0.9683928948450335,0.10169562777291764,0.5321358748778103,0.9729969497004387,1.5072790697674419,512,0.9683724518009871,0.10160833181299213,0.9719232953524161,0.0018113205572540224,0.0018113205572497138,0.0,0.00039748383896643925,0.00038702418382842023,0.9683709290327345,1.0214203064436604,0.1015916834337578,0.10462624694823572,0.0
model.enc.16x16_block2.norm2,0.00039420067512925566,0.0003805142816818307,0.9946550866961865,0.960121302966509,1.0304309866199362,0.09966847995717358,0.10325816261573759,0.0,512,512,1.0,1.0,0.960121302966509,0.0996684799571736,0.46244268589106174,0.9647415393189482,1.7048239366963396,512,0.9601237745182949,0.09971423486984107,0.9645952239704363,0.00042297850702834673,0.0004229785070184496,0.0,0.00039420136153002033,0.0003805151880313117,0.9601219860450082,1.0304303994119974,0.09966788905596516,0.10325747386786559,0.0
model.enc.16x16_block2.proj,0.0049877621358752145,0.0048271854044654805,0.9958607880644679,0.9637999026552935,1.0289881815427844,0.08796546452671954,0.09089251869527856,0.0,65771,65792,0.9996808122568094,1.0,0.9637999026552935,0.08795155316179143,0.4151283972481439,0.9642502482621649,1.5020577525616057,65771,0.9637992982240744,0.08797309994725151,0.9642139868442196,0.0012435953041359067,0.0012435953040287736,2.8557843618869287e-09,0.004987762686136383,0.004827181929322808,0.9637991195283891,1.0289890540481883,0.08796520466872886,0.09089232424448762,0.0
model.enc.16x16_block2.qkv,0.008577645850134187,0.008283733722373933,0.9955217842021092,0.9614103355670565,1.0308435286754063,0.09129327023260196,0.09454268624658568,0.0,197282,197376,0.999523751621271,1.0,0.9614103355670562,0.09127371867498763,0.4,0.9618805590851334,1.5216695287064192,197282,0.9614110304666291,0.09129003738787209,0.9618697976490822,0.0015171884584171237,0.0015171884583524678,1.231902065501831e-08,0.008577642445293101,0.00828373670200602,0.9614113537171431,1.0308430604004537,0.09129027780809214,0.0945395021288015,0.0
model.enc.16x16_block3.affine,0.0066141171972799884,0.006386552442068018,0.9953649477577602,0.9611185058023287,1.0308316542066194,0.09286094153944704,0.09617967939301501,0.0,131273,131328,0.9995812012670565,0.9999999999999999,0.9611185058023289,0.09285070578796258,0.43815944355270203,0.9588438579956017,1.5441985828127414,131273,0.9611158949667074,0.09285702783398918,0.9588287006191122,0.0010519040402005308,0.001051904047864678,3.900668052626572e-09,0.006614126262379443,0.0063865430588809675,0.9611160252642418,1.0308348484154533,0.09285810247374653,0.09617704933322176,0.0
model.enc.16x16_block3.conv0,0.014765171262295533,0.014268459461043057,0.9957172160544153,0.9622205174290858,1.0303799975042869,0.08934107664599128,0.0924560532671922,0.0,589607,590080,0.9991984137744034,1.0,0.962220517429086,0.08930509202768937,0.42105263157894735,0.9652902453620587,1.5,589607,0.9622201198130798,0.08933404248395459,0.9652724536915364,0.0019263553014906545,0.0019263553013379431,6.57391266812292e-08,0.014765179594918439,0.01426845146830482,0.9622200267628556,1.0303817894309295,0.08933460687966141,0.09244947495737897,0.0
model.enc.16x16_block3.conv1,0.014768888427408313,0.014316376263857906,0.9959211398121569,0.9654065596582686,1.0274002251194987,0.08746340748532386,0.09024878155277247,0.0,589745,590080,0.9994322803687635,0.9999999999999999,0.9654065596582687,0.08744007950260832,0.4233128834355828,0.9662921348314607,1.5116188810695668,589745,0.9654084728692958,0.08746163615199831,0.9662574171031009,0.0014850577080736498,0.0014850577078028271,4.174530302605443e-08,0.014768863946183312,0.014316375934543596,0.9654085172586454,1.0273989496078968,0.08745936120757654,0.09024449880139679,0.0
model.enc.16x16_block3.norm0,0.00039863196484354055,0.0003861197070074302,0.9959273079564908,0.9646671473016224,1.0282004580625925,0.08732990623790049,0.09016733420345209,0.0,511,512,0.998046875,1.0,0.9646671473016224,0.08729713110609037,0.2831841909023117,0.9645390070921985,1.4150349650349652,511,0.9645499893927311,0.08723788602134182,0.9657801040266686,0.002146245543453489,0.0021462455435506604,4.266153909326479e-11,0.00039862011080746946,0.00038605772050698847,0.9645414248945611,1.0283354589278657,0.08731340159012561,0.09016050133250358,0.0
model.enc.16x16_block3.norm1,0.0004111803882019178,0.00039520986408118593,0.9956102106190677,0.9569400372845103,1.0358430548080793,0.08996116768678573,0.09380114363402449,0.0,511,512,0.998046875,1.0,0.9569400372845103,0.0899536927355909,0.39259634888438133,0.9540540540540541,1.6043478260869566,511,0.956956288962519,0.08976291829378974,0.9554538187331664,0.0016365446216120537,0.0016365446215326944,1.0665384773316197e-11,0.0004111823863640939,0.0003952202903365715,0.9569713292139892,1.0358323402534864,0.08984924679870626,0.09368224124983379,0.0
model.enc.16x16_block3.norm2,0.0003987599150601099,0.00039259043950508554,0.9951390824199202,0.9797426345550098,1.0107774822000541,0.09695583282832851,0.10017170851070298,0.0,512,512,1.0,1.0,0.9797426345550098,0.09695583282832851,0.342359235168948,0.9848124311174664,1.602532728281806,512,0.9797329261826948,0.09691858705216783,0.9848935276482738,0.0006372894381287688,0.000637289438135918,0.0,0.00039876204971868814,0.00039258874621866447,0.9797333910625363,1.0107874869667817,0.09695260178967488,0.10016768044903905,0.0
model.enc.16x16_block3.proj,0.004955055881288092,0.004803031520912421,0.9957737780304277,0.965222786213038,1.027291762250357,0.08902227484850514,0.09186272743596512,0.0,65756,65792,0.9994528210116731,1.0000000000000002,0.9652227862130378,0.08899653469124871,0.40687223451327437,0.967059048842174,1.5305052090766376,65756,0.965224711949048,0.08902004293637579,0.9670018273621064,0.001219673151699029,0.0012196731516359671,5.277284983681683e-09,0.004955056996939279,0.00480303994406037,0.965224216287119,1.0272901437332658,0.08902290238362894,0.09186328098026321,0.0
model.enc.16x16_block3.qkv,0.008737980980590903,0.008471557144267094,0.9959139228047644,0.9655481885978222,1.027234635566703,0.08755406954140514,0.09033198341926257,0.0,197275,197376,0.9994882863164721,1.0,0.9655481885978222,0.0875333293460022,0.424,0.9663299663299664,1.5018434210352918,197275,0.9655458420198265,0.08754834939323242,0.9663106114725567,0.001272923106166776,0.0012729231056946128,1.3005476560005597e-08,0.008737993409673012,0.00847154578852428,0.9655457728709519,1.0272377417493117,0.0875510489887936,0.09032906022370062,0.0
model.enc.16x16_down.affine,0.006476888464226363,0.006260265960506374,0.995705913004045,0.9624040723076888,1.030160089424736,0.08947672035075271,0.09257577424778704,0.0,131284,131328,0.9996649610136452,1.0,0.9624040723076888,0.08946879261953229,0.5008954213605376,0.9630596588644003,1.5179998790737035,131284,0.9624033150170949,0.08948170567009237,0.9630659014555025,0.0010703336958549285,0.0010703336956613214,2.7915082331932495e-09,0.00647689063669033,0.006260262646726321,0.9624033306248125,1.0301610771940402,0.08947566892691898,0.0925747699507862,0.0
model.enc.16x16_down.conv0,0.014081780664317938,0.013656999358983941,0.9957911579189237,0.9657528070892817,1.0267638084098676,0.08888665767029652,0.09168701302059247,0.0,589589,590080,0.9991679094360086,1.0,0.9657528070892815,0.0888497099660554,0.41228070175438597,0.9665551839464883,1.5113636363636365,589589,0.9657552055065985,0.08888060618424935,0.9665305028441921,0.001884957959686736,0.0018849579593633382,6.108228230299264e-08,0.014081750369098598,0.01365699497939132,0.9657552817119056,1.0267626799813134,0.08887914261045804,0.09167914481153505,0.0
model.enc.16x16_down.conv1,0.014314485007776549,0.01389782180806264,0.9957871494691697,0.9668019739838895,1.0256413140758214,0.08902585379860768,0.09176749437346719,0.0,589638,590080,0.9992509490238611,1.0,0.9668019739838895,0.08899260327638273,0.41379310344827586,0.9679595278246206,1.5176470588235293,589638,0.9668038761711675,0.08901846745291803,0.9679546878395484,0.0016997173968255435,0.0016997173964781252,5.689201360067494e-08,0.014314471131800737,0.013897829125655263,0.9668035932993251,1.0256399634396578,0.08902410733221823,0.091765633172945,0.0
model.enc.16x16_down.norm0,0.000365908202874493,0.0003424444317705919,0.9942488237917244,0.9304928690508746,1.0623732394849548,0.10022728648927448,0.11145187845690754,0.0,511,512,0.998046875,1.0,0.9304928690508746,0.09976543137410991,0.30105263157894735,0.9230769230769231,1.7769764957264957,511,0.9305215859787457,0.0997027467632999,0.9243999780028369,0.002653184476727396,0.0026531844767365555,5.800969436861513e-10,0.0003659058720284389,0.00034245436154551646,0.930535858520353,1.0623471765264425,0.10013719926783761,0.1113491542022812,0.0
model.enc.16x16_down.norm1,0.00040492861384052613,0.0003930844749330844,0.9959470785574579,0.9668156831961485,1.0259562401884368,0.08731041020787342,0.09000330638276607,0.0,511,512,0.998046875,1.0,0.9668156831961485,0.08731028612622375,0.4243836844464366,0.9754098360655737,1.4464595489670398,511,0.9669710455659146,0.08731318891107759,0.9770513189833773,0.0020726727222573674,0.0020726727221821073,1.6664663708306558e-13,0.00040491332674387557,0.00039313000552490996,0.9669643584264881,1.0257988861929257,0.08732177663744341,0.09000704842490888,0.0
model.enc.16x16_down.skip,0.004710549229032532,0.004569041910395508,0.9957528763865848,0.9658399484642693,1.0265922344677567,0.0893006104063339,0.09210661372547911,0.0,65785,65792,0.9998936040856031,1.0,0.9658399484642693,0.08929687531041586,0.40951862476182505,0.9663677130044843,1.5272283039822299,65785,0.965844069012503,0.08930979935871192,0.9663414933136861,0.0009745255886966967,0.0009745255886698843,6.943149864306618e-10,0.004710539335289207,0.004569051103099863,0.9658439458185425,1.0265880399648732,0.08930070151422588,0.09210646543997625,0.0
model.enc.32x32_block0.affine,0.006668469104920905,0.006355320323040282,0.9956268806690453,0.9488726196859595,1.0446848870387329,0.08903210430326239,0.09454789371190828,0.0,131285,131328,0.9996725755360624,1.0,0.9488726196859594,0.08902631163722208,0.30733434874934235,0.9389865563598759,1.5379310344827586,131285,0.9488721429134158,0.08903107262290037,0.9389514497313171,0.0008465838287426044,0.0008465838289610066,2.1514419348405343e-09,0.0066684667910764835,0.006355314096124874,0.9488722351661666,1.044685785873292,0.08902974652927195,0.09454555891811486,0.0
model.enc.32x32_block0.conv0,0.009707661845418911,0.009375167081725103,0.995746259072743,0.9616411962490287,1.0310608741855505,0.08898208061655767,0.09215182624681685,0.0,294972,295168,0.9993359713790113,1.0,0.9616411962490287,0.08894692387016115,0.40382559839210674,0.9624060150375939,1.5178983516483526,294972,0.9616388641305661,0.08897046336054916,0.9624123332253034,0.001807359434917646,0.001807359434908981,2.765164996443346e-08,0.00970768320994439,0.009375158290928994,0.9616386136199535,1.0310645770015512,0.0889770954208311,0.09214700725329536,0.0
model.enc.32x32_block0.conv1,0.013637677583046133,0.01315637444311924,0.995704643204439,0.9605640726567197,1.0321307705760816,0.08931894048475669,0.09262397912310344,0.0,589727,590080,0.9994017760303687,1.0000000000000002,0.9605640726567198,0.08929018045903671,0.4,0.9608879492600423,1.525,589727,0.9605631129425531,0.0893178562268938,0.9608804059087902,0.0016907613132717825,0.001690761312938147,4.481362613286059e-08,0.013637678567098658,0.013156358628170925,0.9605632756283231,1.0321325445156724,0.08931423496687176,0.09261925511182087,0.0
model.enc.32x32_block0.norm0,0.0002427884022406019,0.00022523262212709142,0.9922367833449145,0.9204891601957755,1.0695767824286664,0.11537047647289485,0.12982801429549048,0.0,256,256,1.0,1.0,0.9204891601957755,0.11537047647289486,0.33946236559139786,0.9014112053920683,1.4824120917651773,256,0.9204488364880448,0.11525253591109266,0.9017834059565768,0.001892622228830513,0.0018926222288531786,0.0,0.00024280079727891966,0.0002252332273986836,0.9204672526786213,1.0696547876950901,0.11518435708023433,0.1296617558865427,0.0
model.enc.32x32_block0.norm1,0.00041297729883750295,0.00038804183326398575,0.9959821583849939,0.9358450058292587,1.0599837084584647,0.08414476505328751,0.09404965639266705,0.0,512,512,1.0,1.0,0.9358450058292587,0.08414476505328751,0.04272025883524144,0.9309262447983929,1.4028124999999998,512,0.935784988514588,0.08414774290989643,0.9310852660196564,0.001638068715423156,0.0016380687154716128,0.0,0.00041300387684365276,0.0003880442535537368,0.9357903313934312,1.0600449893811132,0.08414306391014538,0.09406982968534824,0.0
model.enc.32x32_block0.skip,0.0032414985795545083,0.0031167971635272067,0.9960774843741323,0.9577580868097387,1.0359300208907527,0.08508122679895079,0.08870774337511575,0.0,33010,33024,0.9995760658914729,1.0,0.9577580868097386,0.08506939872937706,0.4204097424179477,0.9564262924074002,1.5060421205519243,33010,0.9577607368091468,0.0850792959768477,0.9563789282802997,0.0011154743002250258,0.0011154743002571832,9.919172378702683e-10,0.003241501770684758,0.0031168101224352406,0.9577608588214697,1.0359264445325025,0.08508450507053103,0.08871058550625802,0.0
model.enc.32x32_block1.affine,0.006405756582368319,0.006163441932943957,0.9963781302192134,0.9586874977055273,1.0355505634058837,0.08181646193311556,0.08523871555669427,0.0,131294,131328,0.9997411062378168,1.0,0.9586874977055273,0.08180826096912748,0.5139791772473337,0.9613361153767932,1.4253004179728315,131294,0.9586857273421091,0.08181704380223905,0.9613370100777118,0.0009763062980717465,0.0009763062854324969,2.5828015472226405e-09,0.006405764656851481,0.006163437331163539,0.9586856712303748,1.0355527474596504,0.08181515252831255,0.08523763719448199,0.0
model.enc.32x32_block1.conv0,0.01346579098189443,0.01299554490723576,0.995804880387013,0.9610298466175476,1.0318382548603844,0.0883067374007408,0.09153237402154639,0.0,589633,590080,0.9992424755965292,1.0,0.9610298466175476,0.08827395567695086,0.40476190476190477,0.9614967462039046,1.5128205128205128,589633,0.9610300394942713,0.08830262928739764,0.9614209119408158,0.0018499522720807197,0.001849952271809943,4.92351298599735e-08,0.013465794657206704,0.012995544049992577,0.9610301012316473,1.0318392276175161,0.08830039183141457,0.09152584271264806,0.0
model.enc.32x32_block1.conv1,0.0136353916672021,0.013159940599975033,0.9957900680267845,0.9610679667382488,1.0317666324330361,0.08846699576769765,0.0916916343857658,0.0,589692,590080,0.9993424620390455,1.0000000000000002,0.9610679667382487,0.0884373658831509,0.4103580030968631,0.9607046070460704,1.5096153846153846,589692,0.9610693640799552,0.08846205474838462,0.9607055684031249,0.0016316159329406747,0.001631615932394479,4.571303756210068e-08,0.013635367571393622,0.013159930937851973,0.9610693783126651,1.0317660163271627,0.08846253690299553,0.09168689347581209,0.0
model.enc.32x32_block1.norm0,0.0004172343514590128,0.0003955172128337073,0.9965511042973676,0.9446804028473379,1.0512699326491608,0.07866210744602196,0.08553174819068181,0.0,508,512,0.9921875,1.0,0.9446804028473379,0.07841889697525041,0.48654475831067207,0.9456552305961754,1.5124999999999995,508,0.9446890522050396,0.07842932658340013,0.9459573175530924,0.004427100347225989,0.004427100347369064,3.1196250461949875e-10,0.0004172396550936899,0.0003955251627581414,0.9446929813968568,1.0512683956481896,0.0785954228578207,0.0854624665777301,0.0
model.enc.32x32_block1.norm1,0.00040354136369155245,0.00038898682995669746,0.9957952607002353,0.9598798948445846,1.0330544545821558,0.08830277883573708,0.0916744517729618,0.0,512,512,1.0,1.0,0.9598798948445846,0.08830277883573709,0.3084447572132301,0.9528685194214204,1.4183380084151465,512,0.9597407973881761,0.0884497336343476,0.9530564165079627,0.00177608618778792,0.0017760861878102767,0.0,0.0004035742475107646,0.00038895789140329807,0.9597233219553949,1.0332080130070882,0.08836459998675211,0.09175857696305491,0.0
model.enc.32x32_block2.affine,0.006351267639710044,0.0061446326160171745,0.9957939710631468,0.9633963581020207,1.0292810684475342,0.08863994725961952,0.09162085200884512,0.0,131273,131328,0.9995812012670565,1.0,0.9633963581020208,0.08862661690902507,0.44271392021226197,0.9716681121711477,1.6333017875920082,131273,0.9633968923454812,0.08863575282836118,0.9716598122924099,0.0012013772738907016,0.0012013772692111783,4.471215200110896e-09,0.006351264789136887,0.006144631689329612,0.9633967777730805,1.0292809033527714,0.0886385327843788,0.09161936352753038,0.0
model.enc.32x32_block2.conv0,0.013473727004632034,0.013021140728907706,0.9956227884172845,0.9621795392197062,1.0302284515628857,0.09032319388319578,0.09346605567465825,0.0,589620,590080,0.9992204446854663,1.0,0.9621795392197062,0.0902887382785858,0.3993133053610273,0.9623319627667932,1.5277777777777777,589620,0.962179317240365,0.09032134196103263,0.9623131104757618,0.0019559577980117794,0.00195595779792057,5.299295619430541e-08,0.013473729511102655,0.013021132887991838,0.962179385281658,1.030229910780229,0.0903166835138651,0.09345940052650809,0.0
model.enc.32x32_block2.conv1,0.013461756141023799,0.013006053717796551,0.9956624071328868,0.9619576091189017,1.0305481443050997,0.08989007765368286,0.0930462286283646,0.0,589732,590080,0.9994102494577006,0.9999999999999999,0.9619576091189018,0.08986422058376377,0.39747969421882484,0.9614147909967846,1.520605702057956,589732,0.9619567982198144,0.08989017248265826,0.9613968540423219,0.0016056760092456998,0.0016056760090829112,3.950921289935938e-08,0.013461762243542124,0.01300604372192078,0.9619567686824559,1.0305497623529085,0.08988638319693522,0.09304253106640156,0.0
model.enc.32x32_block2.norm0,0.00040656211382005176,0.00039354820138420995,0.9963128811592599,0.9644212509424642,1.0292591087077618,0.08304794655861172,0.08579429783977222,0.0,510,512,0.99609375,1.0,0.9644212509424642,0.08287955070785816,0.30268987341772186,0.9605292061907139,1.3944790209790199,510,0.9643673564375967,0.0827116789651122,0.9612373765536475,0.002129054822636328,0.0021290548226490912,2.1664062820798525e-10,0.00040654832241063943,0.0003935144639419577,0.9643847046912188,1.0293267534284791,0.08288769183799088,0.08563310119687378,0.0
model.enc.32x32_block2.norm1,0.0003789899081679798,0.0003664522461156928,0.9950272377562553,0.9621099622010468,1.029070732842024,0.09630814207032172,0.09960370340466308,0.0,509,512,0.994140625,1.0,0.9621099622010468,0.09591387496189883,0.4981012658227848,0.9692307692307692,1.8029347826086943,509,0.9621453518410632,0.09597733583447444,0.9672429545923608,0.0020778634195831275,0.00207786341963475,5.10605296022513e-10,0.0003789922473571715,0.0003664667438544732,0.9621288391532413,1.029022204237416,0.09644361192590012,0.09974064011574049,0.0
model.enc.32x32_block3.affine,0.006383399813947522,0.006076415576103392,0.9965287008697086,0.9486046145453856,1.0468739413975896,0.07924634125892771,0.0848953024380211,0.0,131271,131328,0.9995659722222222,1.0,0.9486046145453859,0.07923554154461707,0.5307763585404028,0.9466515323496028,1.4868551832178143,131271,0.9486056142797716,0.07924235025949294,0.9466558788602485,0.0008416777143730397,0.0008416777156541609,3.2713900490790645e-09,0.006383395547297569,0.00607641707819676,0.9486055432047075,1.0468730492275142,0.07924569418172162,0.08489429690636874,0.0
model.enc.32x32_block3.conv0,0.013599552125771805,0.013115737504483976,0.995818501735436,0.9603914856960234,1.0325523530437464,0.08810379036065127,0.09140433307828168,0.0,589617,590080,0.9992153606290672,1.0,0.9603914856960234,0.0880681701753527,0.41614073116845235,0.960387323943662,1.4935677341256728,589617,0.9603915695731788,0.08809379863677017,0.960370085002703,0.001834910577978177,0.001834910577776705,5.4440050535077356e-08,0.01359953614524819,0.013115716090579052,0.9603914543643987,1.0325532643735431,0.08809930077011945,0.09139973408108228,0.0
model.enc.32x32_block3.conv1,0.013368692608817293,0.012953094418078322,0.9956387546898081,0.9646869124127425,1.0275836824208353,0.09039217075231687,0.09330899531567036,0.0,589734,590080,0.9994136388286334,1.0,0.9646869124127424,0.09036328858590496,0.3977755434162927,0.9645523188966034,1.5218484635233398,589734,0.9646867568841819,0.090391395964172,0.9645507052657485,0.0016500047035326209,0.001650004703339087,4.3765854280140176e-08,0.01336869065033848,0.012953085005256723,0.9646867163951621,1.027584666006996,0.09038823692189871,0.09330498198774984,0.0
model.enc.32x32_block3.norm0,0.000436671103453273,0.000413986332326745,0.9970154674198635,0.9452211821805424,1.0516478693180427,0.07319146262689809,0.08003136084662255,0.0,512,512,1.0,1.0,0.9452211821805424,0.07319146262689807,0.5597402597402598,0.940701250252067,1.3030995934959346,512,0.9451862764500109,0.07328336784741084,0.9408139685230288,0.0018623633593522302,0.0018623633593277016,0.0,0.0004366597579464479,0.0004139586138155697,0.9451750553108331,1.0516827311640398,0.07328392870041155,0.08013684839835836,0.0
model.enc.32x32_block3.norm1,0.0003953416545623487,0.0003762195559654811,0.9962984342671874,0.9481089336868547,1.0469372609572865,0.0818039467006323,0.08756677564721543,0.0,512,512,1.0,1.0,0.9481089336868547,0.0818039467006323,0.2977728544776119,0.9432327001356853,1.3387961822660095,512,0.9479983479573043,0.08187178374382348,0.9430428660220783,0.002040840226462753,0.0020408402265330236,0.0,0.0003953420699489791,0.00037617792523246817,0.9479960179912426,1.0470464849288357,0.08187597049241495,0.08766990224467536,0.0
model.enc.32x32_conv,0.0009320757863812112,0.0008986116141716927,0.9960943715962035,0.9603317500636295,1.0331887882077149,0.08512493566649015,0.08837048552240352,0.0,3582,3584,0.9994419642857143,1.0,0.9603317500636295,0.08504955190163652,0.3565574097732354,0.9540859215419264,1.4478070073332554,3582,0.9603280255680159,0.08509138592346221,0.9541270378246836,0.001874118851359127,0.0018741188513588546,5.227705005295767e-10,0.0009320744208351425,0.0008986064275398571,0.9603288998270084,1.0331946211887935,0.08511006329973224,0.08835566279108743,0.0
model.enc.8x8_block0.affine,0.006811734078845158,0.006578414657410094,0.99499573419352,0.9609145697873271,1.0302856697057012,0.0964949821398524,0.09992106820266217,0.0,131266,131328,0.9995278996101364,1.0,0.9609145697873271,0.09648157131203174,0.4787234042553192,0.9693200166356787,1.5009730407376598,131266,0.9609156403387156,0.09649290359903553,0.9692834196695796,0.0011988666560585714,0.0011988666514231234,5.632638106431686e-09,0.0068117208851147405,0.006578407589892303,0.9609156191759904,1.0302850174781264,0.09649286918783483,0.09991878436735281,0.0
model.enc.8x8_block0.conv0,0.014783382536267925,0.014299265611133856,0.9957322787074411,0.9631246635123409,1.0294438595769682,0.08926661859257738,0.0922888449767084,0.0,589602,590080,0.9991899403470715,1.0,0.9631246635123409,0.08923632000903665,0.4413291695988742,0.9692307692307692,1.481805622273511,589602,0.9631247583946582,0.08925522809220189,0.9692430561003094,0.0018135136649036648,0.001813513664667596,5.544363189835744e-08,0.014783379518201098,0.014299256450502942,0.9631250212068081,1.0294451405739422,0.08925818425853381,0.09228016569804637,0.0
model.enc.8x8_block0.conv1,0.014932911553125186,0.014483300513230851,0.9958986804307128,0.9659134334315006,1.0268147717545655,0.08775140924799814,0.09051026057170604,0.0,589701,590080,0.9993577142082429,1.0,0.9659134334315006,0.0877279324499177,0.4265905383360522,0.9686888454011742,1.4988344988344988,589701,0.9659140390194768,0.0877471696730595,0.9686838697625255,0.0015096826742621147,0.0015096826741494594,4.309135917714415e-08,0.014932910973550264,0.014483300695621737,0.9659137574153616,1.026815010598708,0.08774839404011216,0.09050715641476682,0.0
model.enc.8x8_block0.norm0,0.0004124489476139242,0.0004006542997733509,0.9949325011770772,0.9664807896515359,1.024221787434988,0.09766985416468446,0.10067087091889491,0.0,512,512,1.0,1.0,0.9664807896515359,0.09766985416468446,0.4067815721649485,0.9720924195223261,1.7212341197822139,512,0.9665281098354939,0.09757501465571193,0.9697334590145461,0.0022725514644346143,0.002272551464382865,0.0,0.0004124570229370683,0.0004006866768430719,0.9665516226963409,1.0241714277578051,0.09756043384399782,0.10055473037198441,0.0
model.enc.8x8_block0.norm1,0.00043806210955485664,0.0004248322387199911,0.9951879023263792,0.9651323300296155,1.026179447233301,0.09502565989520118,0.09803466949264178,0.0,512,512,1.0,1.0,0.9651323300296155,0.09502565989520118,0.39583150504607284,0.9688611034005483,1.588690476190476,512,0.9651207548236888,0.09513617320193687,0.968367417651272,0.001888585201880566,0.0018885852019263668,0.0,0.0004380630302874996,0.0004248289940707568,0.9651075317060451,1.0261730686574115,0.09518100139871633,0.09819593544689287,0.0
model.enc.8x8_block1.affine,0.007901265456864273,0.007608568640934186,0.9967436499486998,0.9598199831979437,1.0350877467698725,0.07764848887452477,0.08082134695349377,0.0,131262,131328,0.9994974415204678,1.0,0.9598199831979436,0.07763091191607417,0.48695652173913045,0.9648129220256096,1.3925221962616823,131262,0.9598177662478823,0.07765648955254308,0.9648647098103271,0.0012070628894426242,0.001207062887055314,7.992584277617309e-09,0.007901269112987917,0.007608552423512026,0.959817564513548,1.0350905088584277,0.07764740640724527,0.08082057816440298,0.0
model.enc.8x8_block1.conv0,0.015216957281246194,0.014752508834742042,0.9960925757564116,0.9656900688140713,1.0274522349551838,0.08561969669413197,0.0883354273477802,0.0,589576,590080,0.9991458785249457,0.9999999999999998,0.9656900688140715,0.08559041877160029,0.46153846153846156,0.9716981132075472,1.4563106796116505,589576,0.9656911105261435,0.08561819784168191,0.9716924338193644,0.0017310259065222828,0.0017310259065501505,5.444545934949965e-08,0.0152169357771781,0.014752494320307334,0.9656909920793789,1.027452335091853,0.08561399581284121,0.08832951957451739,0.0
model.enc.8x8_block1.conv1,0.015058713819154069,0.014610464819552605,0.9960662334256793,0.966416576885826,1.0266255413042584,0.0859741557492801,0.08865273202013078,0.0,589689,590080,0.9993373779826464,1.0,0.966416576885826,0.0859455859943251,0.4456078083407277,0.9692070823710547,1.4848484848484849,589689,0.9664155943561865,0.08596662817307965,0.9692003273754082,0.0015067157229724753,0.0015067157228019804,5.2244956416864666e-08,0.015058721905689599,0.014610450096466658,0.9664153544405039,1.0266274143754286,0.08597098354135164,0.08864956142430441,0.0
model.enc.8x8_block1.norm0,0.00046425104027342175,0.0004446732838804975,0.9960914520556892,0.9540856532492175,1.0399466520426108,0.08460306390932205,0.0889036537131712,0.0,510,512,0.99609375,1.0,0.9540856532492175,0.08451173412824871,0.41267748478701827,0.95229552487617,1.3761270491803277,510,0.9541689657193053,0.08468575221610453,0.9526386739591541,0.002126016275511348,0.0021260162753943056,1.5614789894683246e-10,0.00046421295482115447,0.0004446711823889107,0.9541474027751862,1.0398531562391626,0.08474501716998266,0.08903401665369275,0.0
model.enc.8x8_block1.norm1,0.00047296234262726006,0.0004549156421056702,0.9965220071917384,0.9584979773565852,1.0360544667565945,0.0801504005949716,0.0835754231080419,0.0,511,512,0.998046875,1.0,0.9584979773565852,0.08014881535262307,0.5491691769507336,0.9672995780590717,1.3941489361702128,511,0.9584002111624351,0.08006914964417076,0.9666337447928453,0.0017729677535202023,0.001772967753623874,2.6663461933290493e-12,0.0004729796143958586,0.00045489374503397505,0.9584238341049865,1.036149736004449,0.08005994250754223,0.08349567018049608,0.0
model.enc.8x8_block2.affine,0.007150835484192757,0.006926089825920199,0.9960531141939483,0.9647478753419568,1.0283741811235427,0.08596955140155846,0.0887647546737578,0.0,131229,131328,0.9992461622807017,1.0,0.9647478753419568,0.08593769283955607,0.39033681765389094,0.9699745547073791,1.6755522401031326,131229,0.9647474769826068,0.08596433030513924,0.969993348907697,0.0015756705805185453,0.0015756705802763768,1.31362155662821e-08,0.007150831052823776,0.00692608354174327,0.964747885802236,1.0283747838365078,0.08596629534417581,0.08876141801850537,0.0
model.enc.8x8_block2.conv0,0.015149697772934718,0.014701111406808657,0.9961662249867526,0.9666694922055441,1.0265630143558448,0.08489025976295708,0.0875239009776419,0.0,589618,590080,0.9992170553145336,1.0000000000000002,0.9666694922055442,0.0848625708985271,0.46808510638297873,0.9737025434709814,1.457291028312294,589618,0.9666710671085006,0.08488151126574518,0.9736921487323569,0.001600180451938619,0.001600180451337964,5.0601856866436645e-08,0.015149688412598398,0.014701117219029463,0.9666708698930262,1.026562397142582,0.0848858107551454,0.08751926533114204,0.0
model.enc.8x8_block2.conv1,0.014946205523963396,0.014505622885858343,0.9961341063972017,0.9667701724007609,1.0263899179508555,0.08525605615998555,0.08789413310332093,0.0,589704,590080,0.999362798264642,1.0,0.966770172400761,0.0852348259670236,0.4444444444444444,0.969735182849937,1.4817001207749485,589704,0.9667706910760951,0.08524821098429436,0.9697367476493045,0.0014267412000570755,0.0014267411996970356,3.792742385099656e-08,0.014946203611702636,0.014505623303092656,0.9667707078944106,1.0263901647837361,0.08525171506202595,0.08788965835459611,0.0
model.enc.8x8_block2.norm0,0.0004816204244459716,0.0004620319811973114,0.9965662650156287,0.9560339687612831,1.0388169803778005,0.07943143211647084,0.08329036662683921,0.0,511,512,0.998046875,1.0,0.9560339687612831,0.07912850859614634,0.5901785714285714,0.9615384615384616,1.3368794326241136,511,0.9560285251725688,0.07899286495566574,0.9627658300825269,0.0018546053159883248,0.0018546053160364475,5.226038538924937e-10,0.0004816286698371588,0.0004620320215559459,0.9560224593778927,1.038839862093869,0.07937259581907342,0.08323311104755322,0.0
model.enc.8x8_block2.norm1,0.00045443809497552,0.00044179234393218876,0.9964846999473516,0.9687552961553969,1.0250078231003346,0.0814437286671865,0.08388372075068647,0.0,512,512,1.0,1.0,0.9687552961553969,0.0814437286671865,0.29033613445378154,0.975811978670411,1.6480008417508412,512,0.9687756911707003,0.08136818777604499,0.9744189205602604,0.0030485862073324093,0.0030485862072110732,0.0,0.0004544899592866453,0.0004418551526628927,0.9687949444705471,1.024992298770465,0.08129733395877509,0.08373179399768226,0.0
model.enc.8x8_block3.affine,0.005857292558141049,0.0057029945077142685,0.9958409058112101,0.9696075721034133,1.0227839986186926,0.08870914110469738,0.09133669058517328,0.0,131242,131328,0.9993451510721247,1.0,0.9696075721034133,0.08868973057553882,0.26562788284132843,0.9705039967225129,1.5425492777342915,131242,0.9696056330592423,0.08870014099907456,0.9704508004319099,0.001457689798347744,0.0014576897999261011,5.541386053360185e-09,0.005857288590190824,0.00570297806507938,0.969605747727617,1.0227865861489909,0.0887055099139212,0.09133302932481206,0.0
model.enc.8x8_block3.conv0,0.013464494007240431,0.013126911926995574,0.9961667537661745,0.971190839719474,1.0217849682310385,0.08528139621431527,0.08778907594872677,0.0,589690,590080,0.9993390726681128,1.0,0.971190839719474,0.08525177998711264,0.4375,0.9714285714285714,1.5,589690,0.9711915080841151,0.08527286588458781,0.9713995061016024,0.0015758287028682428,0.0015758287007314343,4.294919564068385e-08,0.013464487892593842,0.013126911327884929,0.971191683658166,1.0217850213535207,0.08527633797466565,0.08778391105293483,0.0
model.enc.8x8_block3.conv1,0.013437825015017286,0.01307109850877471,0.9961260743013035,0.9689411813147221,1.0240736744789336,0.08553674770204686,0.0880891057246683,0.0,589753,590080,0.9994458378524945,1.0,0.9689411813147222,0.08551360309157571,0.42857142857142855,0.9684296175752645,1.5096153846153846,589753,0.9689408216227108,0.08553248674204185,0.9684175184923475,0.0014996177978973053,0.0014996177970246032,3.353267146587947e-08,0.013437826038650095,0.013071087654408795,0.9689408027473753,1.0240751311927345,0.08553100766179844,0.08808324173652625,0.0
model.enc.8x8_block3.norm0,0.00041341790023062314,0.00040540993262967674,0.9961848310140877,0.9768885793354234,1.0158622370400572,0.0855780473686004,0.08827249112852452,0.0,512,512,1.0,1.0,0.9768885793354234,0.08557804736860042,0.012222222222222238,0.9761076918286645,1.3645999287923438,512,0.9769024695619705,0.0855341589902364,0.9763000397055857,0.0008460365987245801,0.0008460365987148203,0.0,0.00041340257693001174,0.0004053997396157739,0.9769054786968744,1.0158555866344083,0.08551909352875264,0.08821311451932971,0.0
model.enc.8x8_block3.norm1,0.0003667878884868575,0.0003588420029044197,0.9952097764075883,0.9736501141011772,1.0172468371470036,0.09564460109808981,0.09848288980166894,0.0,512,512,1.0,1.0,0.9736501141011772,0.09564460109808981,0.27738095238095245,0.9862435664547382,1.648262548262548,512,0.9736748834232057,0.09559301191813842,0.9872653513778589,0.002073917822278249,0.0020739178221955198,0.0,0.00036679886125703996,0.0003588614721463439,0.9736812724142259,1.017229872948122,0.09557095186269006,0.0984079064815518,0.0
model.enc.8x8_down.affine,0.0065014679191870125,0.006260925568268518,0.9953366819647393,0.958511056058221,1.033577134246849,0.09289294417213141,0.09654567649319688,0.0,131244,131328,0.999360380116959,1.0,0.9585110560582211,0.09288026224866561,0.33700763179032805,0.9578947368421052,1.407170626871435,131244,0.9585131841481429,0.09289757498005516,0.9579283438940671,0.0013095243309835295,0.0013095243287264049,4.67118856075687e-09,0.0065014502774243905,0.00626092029129947,0.958512919613438,1.033575276791108,0.09289239049734765,0.09654482589313551,0.0
model.enc.8x8_down.conv0,0.014658047475917514,0.014204255462223588,0.9958783077713823,0.9650473513687536,1.027694239544756,0.08789155722379877,0.09071455034660682,0.0,589577,590080,0.9991475732104121,0.9999999999999999,0.9650473513687536,0.08785631603233454,0.43902439024390244,0.9692307692307692,1.4843336323999299,589577,0.9650463478033684,0.08788282834301886,0.9692064484830278,0.0018512302961634095,0.0018512302957003864,6.24207891905446e-08,0.014658059372987104,0.014204243027774016,0.9650464218176404,1.0276967171843137,0.08788373882219215,0.09070660223272786,0.0
model.enc.8x8_down.conv1,0.01469310080290122,0.014260917460872517,0.9958861184115212,0.9665930919286362,1.0260668828760786,0.08794836710157934,0.09067142542952826,0.0,589688,590080,0.99933568329718,1.0,0.9665930919286364,0.08792272685428892,0.4263565891472868,0.9686520376175548,1.5076515151515177,589688,0.9665947041038141,0.0879454054072317,0.9686196486834919,0.0016815032755105985,0.0016815032753215887,4.5664629317881754e-08,0.014693096109118396,0.014260932593022992,0.9665949911087178,1.0260660658431622,0.08794228141031284,0.09066508148050764,0.0
model.enc.8x8_down.norm0,0.00041593503501362664,0.0004066307242513284,0.9955043322851255,0.973235273674827,1.0182829398038975,0.09259725792763987,0.09533758175841649,0.0,511,512,0.998046875,1.0,0.973235273674827,0.09248363981764804,0.40617848970251713,0.9815436241610739,1.5552738336713996,511,0.973387248602108,0.09254633199763544,0.9829139330547517,0.0028943275690963216,0.002894327569067323,1.7064615637305916e-10,0.0004158988577517944,0.000406655249259508,0.9733922020492648,1.0181471560775672,0.0924681898067166,0.09520807905184135,0.0
model.enc.8x8_down.norm1,0.0004025219966734201,0.0003889581011764144,0.9953672908016619,0.9618261228030215,1.0300781192244073,0.09290565452833567,0.09614772629836403,0.0,512,512,1.0,1.0,0.9618261228030215,0.09290565452833567,0.28898809523809527,0.9612210755841275,1.5203595317725753,512,0.9618052605894059,0.09297581184436078,0.9607506754178566,0.0028955167616201557,0.0028955167616386344,0.0,0.00040254697581938427,0.00038897266078204926,0.9618105644467854,1.0301121845921777,0.0928192183793072,0.0960608693504987,0.0
model.enc.8x8_down.skip,0.004978431428745867,0.0048170001206285,0.995794471438012,0.9635047017703849,1.02916636268042,0.08864460896366971,0.09161562056996674,0.0,65779,65792,0.9998024075875487,0.9999999999999999,0.9635047017703849,0.08863838631744238,0.3925187794682908,0.9648711943793911,1.5220843433504898,65779,0.9635046603530377,0.08865396096654826,0.9648584885351157,0.0008292701164844676,0.0008292701164907227,1.2825183776621076e-09,0.004978428227682911,0.0048169963069269696,0.9635045140648557,1.0291664683208412,0.08864507840250067,0.09161612040630861,0.0
model.map_layer0,0.00427457020455606,0.004099649586631653,0.9970139545745245,0.9562149294871485,1.039553760313561,0.0740615911220209,0.07783315836513749,0.0,66048,66048,1.0,1.0,0.9562149294871485,0.0740615911220209,0.4747784685285199,0.9690835480309165,1.3957355316827198,66048,0.9562164766861964,0.07405881714730159,0.9690567567783395,0.00034141435522447826,0.000341411617382808,0.0,0.004274565112316204,0.004099649656567214,0.9562162949102709,1.039552732456949,0.07405896945284804,0.07783016703933053,0.0
model.map_layer1,0.008234412321250916,0.007894134833606178,0.9952370829094881,0.9541100709296128,1.0381368789380057,0.09345567856026164,0.09784322680557557,0.0,262621,262656,0.9998667458576999,1.0,0.9541100709296128,0.09345171914482966,0.5049115913555993,0.9632086851628469,1.5086810843740481,262621,0.9541093395871577,0.09345388535778719,0.9631942401014764,0.0006140967329845584,0.0006140967606325348,2.3537434661799754e-09,0.008234417106699258,0.007894134054553706,0.9541094167082014,1.0381375786338265,0.09345567198984803,0.09784329859040107,0.0
