layer,update_reference_l2,update_probe_l2,update_cosine,s_K_star_layer,c_K_star_layer,R_opt_layer,layer_residual_with_global_c_star,support_atol,support_coordinate_count,coordinate_count,support_coordinate_coverage,support_energy_coverage,h_update_weighted_mean,h_update_weighted_std,h_update_p05,h_update_p50,h_update_p95,h_moment_coordinate_count,h_moment_weighted_mean,h_moment_weighted_std,h_moment_p50,h_update_minus_moment_weighted_rmse,h_update_minus_moment_eps_weighted_rmse,off_support_candidate_energy_exact,predicted_reference_l2,predicted_probe_l2,s_K_star_predicted_layer,c_K_star_predicted_layer,R_pred_layer,predicted_layer_residual_with_global_c_star,predicted_off_support_candidate_energy_exact
model.dec.16x16_block0.affine,0.08754232563992792,0.0874628398759369,0.9999760871465581,0.9990681393318459,1.0008848600994182,0.006909292797116491,0.006956163629515325,0.0,131328,131328,1.0,1.0,0.9990681393318459,0.006909292797116495,0.9986446525381961,0.9999923379573761,1.0,131328,1.0000000002788758,4.3602019865813406e-08,1.0000000003975968,0.00697184992163799,3.835280558875051e-05,0.0,0.08754244530275601,0.08746294295389735,0.9990679538962255,1.00088505141876,0.0069088912071543765,0.006955870137668763,0.0
model.dec.16x16_block0.conv0,0.26399551954642875,0.2639766831282168,0.999999669875103,0.9999283186187411,1.0000710262228316,0.0008124995193282578,0.0008149778111211354,0.0,1179892,1179904,0.9999898296810588,1.0,0.9999283186187411,0.0008124995193282595,0.9997547817557626,1.0,1.0,1179892,0.9999999988763708,4.331407606743839e-08,0.9999999985372814,0.0008156549460223334,5.917654835365222e-05,0.0,0.2639970663297426,0.2639788359540425,0.9999306161837404,1.0000687313488623,0.0008106450965415374,0.0008132451951998092,0.0
model.dec.16x16_block0.conv1,0.18668841199663067,0.18667414639106691,0.9999996523138251,0.9999232383551268,1.000076072112065,0.0008338260973427737,0.0008358848359034697,0.0,590070,590080,0.9999830531453362,1.0,0.9999232383551268,0.000833826097342775,0.9997547216090262,1.0,1.0,590070,0.999999998764541,4.330673126143975e-08,0.9999999983749557,0.0008373515537653329,6.597464639468047e-05,0.0,0.18669048455148676,0.1866765985950353,0.9999252747403704,1.000074039345466,0.0008314709363100791,0.0008336210763870284,0.0
model.dec.16x16_block0.norm0,0.007778980399663695,0.007778946251615234,0.9999999933128961,0.9999956035283127,1.0000043831167498,0.00011564640161256745,0.00017355421139596966,0.0,1024,1024,1.0,1.0,0.9999956035283127,0.00011564640161256801,1.0,1.0,1.0,1024,0.9999999968037544,4.367263937015174e-08,0.9999999961143167,0.00011572793215520721,1.4174223159360035e-05,0.0,0.007779267881817264,0.00777923103962813,0.9999952570235572,1.0000047289370269,0.00011858209021037217,0.00017469511810567695,0.0
model.dec.16x16_block0.norm1,0.005500948191020816,0.005500940290818928,0.999999999824924,0.9999985636721715,1.0000014359797391,1.8712315479642904e-05,0.0001336733706495353,0.0,512,512,1.0,1.0,0.9999985636721715,1.8712315479640245e-05,1.0,1.0,1.0,512,0.9999999990289797,4.463880306784369e-08,0.9999999968531368,1.876884259052263e-05,1.769700323328451e-05,0.0,0.005500832726619121,0.0055008230324318065,0.9999982375991803,1.000001762227664,1.3276325478257255e-05,0.00013191989066287368,0.0
model.dec.16x16_block0.skip,0.08809737977249056,0.08809673461896146,0.999999985247268,0.9999926620610251,1.0000073084871404,0.00017177028745565373,0.00021331583473978267,0.0,131328,131328,1.0,1.0,0.9999926620610251,0.0001717702874556541,0.9999693524165619,1.0,1.0,131328,0.9999999986321174,4.339192122089868e-08,0.999999998288912,0.00017192657170174582,1.238171133413922e-05,0.0,0.08809757263848639,0.08809696825403525,0.9999931249050884,1.0000068457488602,0.00017144303186003028,0.00021286373366956045,0.0
model.dec.16x16_block1.affine,0.0875981128766521,0.08752404045995152,0.9999786316189416,0.9991330559385926,1.0008249229179231,0.00653177318660571,0.006573671587710089,0.0,131328,131328,1.0,1.0,0.9991330559385926,0.006531773186605708,0.99876968503937,1.0,1.0,131328,1.0000000001869032,4.36638022254554e-08,1.0000000002704146,0.006589055558364485,3.468793598134701e-05,0.0,0.08759822572679363,0.08752413070317225,0.9991327990395161,1.0008251804147141,0.006531759089087949,0.006573768262896148,0.0
model.dec.16x16_block1.conv0,0.26399541013487476,0.26397642972485713,0.9999996781538676,0.9999277814345301,1.0000715800427167,0.0008022465991159267,0.0008047124318554215,0.0,1179893,1179904,0.9999906772076372,1.0,0.9999277814345301,0.0008022465991159277,0.9997547817557626,1.0,1.0,1179893,0.9999999988063666,4.32891963392538e-08,0.9999999984029155,0.0008054902223897622,5.8483170531037156e-05,0.0,0.2639969356878374,0.26397849591711614,0.9999298311778976,1.0000695328665103,0.0008004655594657068,0.0008030340860441593,0.0
model.dec.16x16_block1.conv1,0.1866795331666114,0.1866632700225934,0.9999995998108346,0.9999124818647277,1.0000867253471422,0.0008945606305185217,0.0008958756495366293,0.0,590073,590080,0.9999881372017354,1.0,0.9999124818647279,0.0008945606305185197,0.999754646384101,1.0,1.0,590073,0.9999999985817944,4.3286074821443385e-08,0.9999999981445634,0.0008988311404174051,6.931730426797476e-05,0.0,0.18668197104313922,0.18666588473540546,0.9999134323262585,1.0000857788509305,0.0008922506754085658,0.0008935765932499715,0.0
model.dec.16x16_block1.norm0,0.007779204524757518,0.007779191068512518,0.9999999994321673,0.9999982696608327,1.000001729206494,3.369957612552144e-05,0.0001362957745257153,0.0,1024,1024,1.0,1.0,0.9999982696608327,3.369957612552078e-05,1.0,1.0,1.0,1024,0.9999999979676067,4.370894209275904e-08,0.9999999977112692,3.374261904339234e-05,3.190624563510101e-05,0.0,0.007779359944332703,0.007779348454487325,0.9999985229508228,1.00000147688378,1.2945202278100034e-05,0.00013217098348540336,0.0
model.dec.16x16_block1.norm1,0.005500794071844588,0.0055006807783994655,0.9999998864970335,0.9999792906647257,1.0000204827535386,0.0004764415697072554,0.0004897393982808435,0.0,512,512,1.0,1.0,0.9999792906647257,0.0004764415697072549,1.0,1.0,1.0,512,0.9999999958448972,4.513090164840466e-08,0.9999999959291901,0.00047689272602209225,1.151648530680147e-05,0.0,0.005500428159622397,0.005500312725953202,0.9999789019287472,1.0000208749767472,0.0004727848826124459,0.00048591073595568034,0.0
model.dec.16x16_block1.skip,0.08809736975044989,0.0880967175552227,0.9999999775620054,0.9999925744441324,1.000007380734685,0.0002118379673433435,0.00024668988000258634,0.0,131328,131328,1.0,1.0,0.9999925744441324,0.00021183796734334254,0.9999731810014214,1.0,1.0,131328,0.9999999986324539,4.336508083334651e-08,0.9999999982607054,0.00021196793733719454,1.0658814237844977e-05,0.0,0.088097502663825,0.08809688925116398,0.9999930147384003,1.0000069405538736,0.00021155515772560226,0.0002462724999391396,0.0
model.dec.16x16_block2.affine,0.08764106582037443,0.08757086577921173,0.9999808445577607,0.9991798650649538,1.00078246614532,0.006184591261692137,0.006223392977925928,0.0,131328,131328,1.0,1.0,0.9991798650649538,0.006184591261692137,0.9988921270228368,1.0,1.0,131328,1.000000000082815,4.368636555871306e-08,1.000000000461324,0.006238733091582669,3.2642104722680855e-05,0.0,0.08764117696648636,0.08757095313328636,0.9991795947697748,1.0007827371842302,0.006184564575780307,0.006223477605244252,0.0
model.dec.16x16_block2.conv0,0.26399060603454283,0.26397075384599833,0.9999996567987353,0.9999244564647939,1.0000748627881941,0.0008284317595811709,0.0008305869602073954,0.0,1179885,1179904,0.9999838969950098,1.0000000000000002,0.9999244564647937,0.0008284317595811714,0.9997547216090262,1.0,1.0,1179885,0.9999999987737185,4.3295827187128286e-08,0.999999998339386,0.0008318685557169424,5.904458714553281e-05,0.0,0.2639921997395141,0.2639728738956849,0.9999264522321563,1.000072869775414,0.0008265904619913175,0.0008288356094382804,0.0
model.dec.16x16_block2.conv1,0.18667455056924806,0.18665723396009562,0.9999995255105757,0.9999067619234498,1.000092297703587,0.0009740649722820115,0.0009750385588098211,0.0,590075,590080,0.9999915265726681,0.9999999999999998,0.9999067619234498,0.0009740649722820093,0.9997546012269939,1.0,1.0,590075,0.9999999987840755,4.330202883816421e-08,0.9999999983786299,0.0009785168163152563,7.076673038797863e-05,0.0,0.18667708138619443,0.18665984134806105,0.9999071759404415,1.0000918887720378,0.0009714127291112973,0.0009723722873367776,0.0
model.dec.16x16_block2.norm0,0.007779211727678089,0.0077792074139799005,0.9999999999395545,0.9999994454234494,1.000000554455967,1.099504203026073e-05,0.00013369169520290573,0.0,1024,1024,1.0,1.0,0.9999994454234494,1.0995042030259927e-05,1.0,1.0,1.0,1024,0.999999996276847,4.418749060608595e-08,0.9999999968364045,1.1007254153255441e-05,8.496416424041317e-06,0.0,0.007779376461552576,0.007779369588370948,0.9999991164743809,1.0000008835015193,4.988010943990224e-06,0.0001322230867999181,0.0
model.dec.16x16_block2.norm1,0.005501422660205353,0.005501419367952795,0.9999999999378185,0.9999994015012394,1.0000005983747557,1.1151801053145773e-05,0.00013366090715638163,0.0,512,512,1.0,1.0,0.9999994015012394,1.115180105314306e-05,1.0,1.0,1.0,512,1.000000001380221,4.1783794738681193e-08,1.000000001456596,1.1168797431185424e-05,1.264659192657462e-05,0.0,0.005500840210516637,0.005500832651135564,0.9999986257540373,1.0000013742019027,6.778517431065109e-06,0.00013181261409184742,0.0
model.dec.16x16_block2.skip,0.08809802977361554,0.08809753905178878,0.9999999913307813,0.9999944211514736,1.0000055615411163,0.00013167476615769252,0.00018379784029184948,0.0,131328,131328,1.0,1.0,0.9999944211514736,0.00013167476615769358,0.9999846752689491,1.0,1.0,131328,0.9999999988030869,4.316427170577288e-08,0.9999999985470036,0.00013179267451871572,1.0617872256785245e-05,0.0,0.08809813716530451,0.08809768361668142,0.9999948431764284,1.0000051396435563,0.00013117294806734198,0.00018318799299602305,0.0
model.dec.16x16_block3.affine,0.08762716211711208,0.08755645189003676,0.999980374891036,0.999173446563437,1.0007879548906025,0.006259913217805126,0.006298973708517705,0.0,131328,131328,1.0,1.0,0.999173446563437,0.006259913217805126,0.9989157192480353,1.0,1.0,131328,0.9999999998838347,4.36078368283528e-08,1.000000000120525,0.006314246195646395,3.307594636219245e-05,0.0,0.08762725395457122,0.08755652533636936,0.9991732373685146,1.0007881640917193,0.0062599383515334886,0.0062991027345598765,0.0
model.dec.16x16_block3.conv0,0.2639878480662443,0.26396716193500014,0.9999996506823041,0.9999212905450111,1.0000780169603916,0.0008357785495848443,0.0008377026835632066,0.0,1179891,1179904,0.9999889821544804,1.0,0.9999212905450111,0.0008357785495848435,0.9997547216090262,1.0,1.0,1179891,0.9999999987628942,4.3334104948450845e-08,0.9999999983918295,0.0008394762206099904,5.866129619144768e-05,0.0,0.2639894392183632,0.26396920794060647,0.9999230154914142,1.0000762946988526,0.0008340123606036402,0.0008360021944167488,0.0
model.dec.16x16_block3.conv1,0.1866709776878324,0.18665317325015446,0.9999994899397453,0.9999041112750107,1.000094877702442,0.0010099136906437216,0.001010759311655862,0.0,590075,590080,0.9999915265726681,0.9999999999999998,0.9999041112750109,0.0010099136906437222,0.9997546012269939,1.0,1.0,590075,0.9999999987011704,4.331956678311254e-08,0.9999999982528162,0.0010144553106203086,7.172290419706076e-05,0.0,0.18667331171724308,0.1866556035953567,0.9999046309624775,1.0000943629892518,0.001007400123634681,0.0010082366220169636,0.0
model.dec.16x16_block3.norm0,0.007779142199211448,0.007779138924995283,0.9999999999652289,0.9999995790684154,1.0000004208622197,8.339188804184156e-06,0.0001336328654718524,0.0,1024,1024,1.0,1.0,0.9999995790684154,8.339188804182992e-06,1.0,1.0,1.0,1024,0.9999999977654351,4.257736386217054e-08,0.9999999965670012,8.349710734903159e-06,8.536005824002512e-06,0.0,0.0077793790359184855,0.007779372920693415,0.9999992139151401,1.0000007860785338,2.635134862490011e-06,0.00013225265972776677,0.0
model.dec.16x16_block3.norm1,0.005501467935390041,0.005501424946279356,0.9999999943915453,0.9999921802752132,1.0000078085689381,0.00010590908427560598,0.00016458682144578093,0.0,512,512,1.0,1.0,0.9999921802752132,0.00010590908427560752,1.0,1.0,1.0,512,0.9999999973666127,4.3791702874192394e-08,0.9999999971857323,0.00010619932203134098,6.0973408176999396e-05,0.0,0.0055007857176565065,0.005500762917218048,0.9999958525411443,1.00000414244256,7.094670067717277e-05,0.000147108302016761,0.0
model.dec.16x16_block3.skip,0.08809702617740883,0.08809652857245041,0.9999999881182943,0.9999943397442902,1.0000056365242027,0.00015415298625985556,0.00020046793597976862,0.0,131325,131328,0.9999771564327485,1.0,0.9999943397442901,0.00015415298625985637,0.9999846757386294,1.0,1.0,131325,0.9999999987703077,4.3304989348276796e-08,0.9999999986539992,0.0001542568306199378,9.847727784795676e-06,0.0,0.0880970833776959,0.08809662056265716,0.999994734689543,1.0000052416491656,0.00015391114843681464,0.0002000353257305965,0.0
model.dec.16x16_block4.affine,0.08766534914172365,0.08759765055250059,0.9999817157191406,0.9992094909796532,1.0007545372614546,0.00604249703341444,0.006078894269284722,0.0,131328,131328,1.0,1.0,0.9992094909796532,0.006042497033414441,0.999015849437054,1.0,1.0,131328,0.9999999999946396,4.363320540985236e-08,1.0000000000889278,0.00609398680907131,3.1660288084288736e-05,0.0,0.08766543639305606,0.08759772310426801,0.9992093253291123,1.0007547056836787,0.006042288354214087,0.006078784363707368,0.0
model.dec.16x16_block4.conv0,0.2639863565301813,0.26396531308256543,0.9999996277390103,0.9999199136202246,1.0000793482126453,0.0008627880088138143,0.0008645725184596614,0.0,1179896,1179904,0.9999932197873725,1.0,0.9999199136202246,0.0008627880088138144,0.9997547216090262,1.0,1.0,1179896,0.99999999878629,4.3327801205143785e-08,0.9999999984785446,0.0008664965475418368,5.669582444465732e-05,0.0,0.2639877400734945,0.2639670888587439,0.9999214012115745,1.0000778631359,0.0008611947653662428,0.0008630257586709486,0.0
model.dec.16x16_block4.conv1,0.1866749579167605,0.18665784596010712,0.9999995035220219,0.9999078364427916,1.0000911790048803,0.0009963802864771875,0.0009973822525236949,0.0,590075,590080,0.9999915265726681,1.0,0.9999078364427916,0.0009963802864771866,0.9997546313335787,1.0,1.0,590075,0.9999999987126792,4.3381797336541836e-08,0.9999999983108079,0.0010006332972156808,6.922450073439019e-05,0.0,0.18667692143290335,0.18665993421960705,0.9999085079758953,1.000090512025913,0.0009940319240976695,0.0009950302958481854,0.0
model.dec.16x16_block4.norm0,0.007779211582899923,0.007779206806605078,0.9999999999523743,0.9999993859705083,1.0000006139346174,9.759672348460692e-06,0.00013353644189155993,0.0,1024,1024,1.0,1.0,0.9999993859705083,9.759672348460062e-06,1.0,1.0,1.0,1024,0.999999998382987,4.4178339843262955e-08,0.9999999969348017,9.778789365606966e-06,8.718829811601877e-06,0.0,0.007779379247626019,0.007779373201684173,0.9999992228185938,1.0000007771699122,3.478209384127224e-06,0.00013228105048239692,0.0
model.dec.16x16_block4.norm1,0.005501459002117622,0.005501447144825627,0.9999999990559215,0.9999978437563946,1.0000021543600937,4.3452835155612815e-05,0.00013862503790850326,0.0,512,512,1.0,1.0,0.9999978437563946,4.345283515561296e-05,1.0,1.0,1.0,512,0.9999999989209141,4.6259438059663854e-08,0.9999999994756166,4.350710910563084e-05,4.230425532901999e-05,0.0,0.00550083651325663,0.005500827900220105,0.9999984341994779,1.0000015657389252,8.003013010320803e-06,0.0001316900458796332,0.0
model.dec.16x16_block4.norm2,0.005500897618455078,0.005500896785211813,0.9999999999961123,0.9999998485220579,1.0000001514701897,2.788438313755899e-06,0.00013367092837355684,0.0,512,512,1.0,1.0,0.9999998485220579,2.7884383137589337e-06,1.0,1.0,1.0,512,0.999999997164491,4.208090989974411e-08,0.9999999964479651,2.790603542583031e-06,1.0869570609340478e-06,0.0,0.005500861251989378,0.005500859618809356,0.9999997030974647,1.0000002968882151,3.7958528011279445e-06,0.00013276993167515532,0.0
model.dec.16x16_block4.proj,0.06235085299728572,0.06234921429624303,0.999999945546429,0.9999736636132288,1.0000262281703876,0.0003300021428889443,0.00034709767291980526,0.0,65792,65792,1.0,1.0,0.9999736636132288,0.0003300021428889444,0.9998774059090352,1.0,1.0,65792,0.9999999987017162,4.335615458336633e-08,0.9999999984667436,0.00033105057353438394,4.664137013981666e-05,0.0,0.06235082626415048,0.06234923049965487,0.9999743532661642,1.0000255405535492,0.0003268483590339903,0.00034407116275751357,0.0
model.dec.16x16_block4.qkv,0.1079887384711053,0.10798470201121428,0.9999997752601691,0.9999623967423624,1.0000371551751819,0.0006704073460207963,0.0006773609420927968,0.0,197376,197376,1.0,1.0,0.9999623967423624,0.0006704073460207974,0.9998774059090352,1.0,1.0,197376,0.9999999986324583,4.323938743261151e-08,0.9999999981133763,0.0006714608433363073,3.7732143778948874e-05,0.0,0.1079887846483146,0.10798479665788611,0.9999628463615307,1.0000367070534266,0.0006692650884897011,0.0006761826040750315,0.0
model.dec.16x16_block4.skip,0.08809779899362281,0.0880973906336956,0.9999999953329167,0.9999953600306732,1.0000046306566461,9.661304390804082e-05,0.00016129788813842093,0.0,131326,131328,0.9999847709551657,1.0,0.9999953600306732,9.661304390804096e-05,0.999984676208281,1.0,1.0,131326,0.999999998550306,4.326352096840848e-08,0.999999998136877,9.672429873017458e-05,9.604774230521994e-06,0.0,0.08809777861985825,0.08809740740471103,0.9999957817026626,1.0000042090644736,9.617973228680951e-05,0.00016075082105000587,0.0
model.dec.16x16_up.affine,0.08748514911003563,0.08740003113580579,0.9999736872623949,0.9990007708827718,1.0009475511550823,0.007247236090031745,0.007299705247776148,0.0,131328,131328,1.0,1.0,0.9990007708827718,0.007247236090031744,0.9982732038236201,0.999988506726917,1.0,131328,0.9999999999889871,4.381364382609123e-08,1.0000000002673197,0.00731579718027827,4.162254195675715e-05,0.0,0.08748529265749404,0.08740014087887445,0.9990003867071696,1.000947937319263,0.0072471480153349635,0.0072997503028577,0.0
model.dec.16x16_up.conv0,0.1866915945105938,0.18667779140367655,0.9999996478223274,0.9999257125062126,1.0000735886052794,0.0008391966824835089,0.0008414150549184352,0.0,590077,590080,0.9999949159436009,1.0,0.9999257125062124,0.0008391966824835103,0.9997547817557626,1.0,1.0,590077,0.999999998982976,4.3359938093791706e-08,0.9999999986356295,0.0008424778923184979,5.8683757998533536e-05,0.0,0.18669251018135632,0.18667905883168173,0.9999275986928108,1.0000717054871533,0.0008372040335144822,0.0008395055842123557,0.0
model.dec.16x16_up.conv1,0.18667977710499126,0.18666334826066605,0.9999995785886764,0.9999115731407555,1.000087591782241,0.0009179728374535746,0.0009192152507666447,0.0,590078,590080,0.9999966106290672,1.0,0.9999115731407555,0.0009179728374535734,0.9997546614327772,1.0,1.0,590078,0.9999999988064964,4.3324351270537996e-08,0.9999999984185274,0.0009222214606842484,6.241452721094453e-05,0.0,0.18668151978108904,0.18666534674013005,0.9999129459779611,1.000086222206074,0.0009160657905981898,0.0009173390404475315,0.0
model.dec.16x16_up.norm0,0.005500607429575089,0.005500604702754596,0.999999999941355,0.9999995042105602,1.0000004956723956,1.083004129939737e-05,0.0001337368245278646,0.0,512,512,1.0,1.0,0.9999995042105602,1.083004129939474e-05,1.0,1.0,1.0,512,0.9999999992511235,4.176496334086126e-08,0.9999999989345356,1.0841538046979373e-05,1.062148403328278e-05,0.0,0.00550085552277044,0.005500852284131726,0.9999994112467593,1.0000005887507506,1.684306095495788e-06,0.00013243446927940205,0.0
model.dec.16x16_up.norm1,0.005501352175583752,0.005501349541731974,0.999999999941421,0.9999995211769838,1.0000004787060872,1.0823958717962031e-05,0.00013375324498242323,0.0,512,512,1.0,1.0,0.9999995211769838,1.0823958717961117e-05,1.0,1.0,1.0,512,0.9999999993907005,4.345978407715309e-08,0.999999999388288,1.0833806306108645e-05,1.0641001538142327e-05,0.0,0.0055008485431577245,0.005500843361721878,0.99999905806381,1.0000009419325426,2.129487976522533e-06,0.00013208769678301597,0.0
model.dec.16x16_up.skip,0.06235568038159689,0.06235556793985359,0.999999999097247,0.9999981958654883,1.0000018023322572,4.249117013812369e-05,0.00013866170026187184,0.0,65791,65792,0.9999848005836576,1.0,0.9999981958654884,4.249117013812375e-05,0.9999923381628447,1.0,1.0,65791,0.9999999989628563,4.3204518705174093e-08,0.9999999982528162,4.2529334474304846e-05,3.1435887020757677e-06,0.0,0.0623557468944788,0.062355629041911706,0.9999981090996665,1.0000018891098252,4.235650678240189e-05,0.00013779470863761013,0.0
model.dec.32x32_aux_conv,0.02021572955607252,0.020215688388854416,0.9999999992851449,0.9999979628897746,1.0000020356846622,3.7811425848156726e-05,0.0001370755870367858,0.0,6915,6915,1.0,1.0,0.9999979628897746,3.781142584815754e-05,0.9999956003516962,1.0,1.0,6915,0.9999999988909244,4.2972686389569844e-08,0.9999999991652434,3.7865734449548905e-05,3.898541985739575e-06,0.0,0.02021571449556721,0.020215673083345164,0.9999979507761123,1.0000020478130431,3.761695136210217e-05,0.00013625983479437342,0.0
model.dec.32x32_aux_norm,0.005500955508675636,0.005500954063681152,0.9999999999951277,0.9999997373144929,1.0000002626758315,3.121675670353925e-06,0.0001335671049242293,0.0,512,512,1.0,1.0,0.9999997373144929,3.121675670352849e-06,0.9999997605670313,1.0,1.0,512,0.9999999979378558,4.252077488187164e-08,0.9999999974173928,3.1311215624940536e-06,3.877869365202667e-06,0.0,0.005500858202841542,0.005500855760523757,0.9999995560066662,1.0000004439838648,3.109039946414781e-06,0.00013260499641508071,0.0
model.dec.32x32_block0.affine,0.08757703605499721,0.08750073650256243,0.9999777313468345,0.999106522902436,1.000849699474146,0.0066677763028345684,0.006711813420092618,0.0,131328,131328,1.0,1.0,0.999106522902436,0.006667776302834568,0.9985985921237853,0.9999846757386294,1.0,131328,0.9999999999478691,4.3634279633162215e-08,1.0000000000794322,0.006727372671829992,3.5595914024750974e-05,0.0,0.08757713656585152,0.08750080660981516,0.9991061749932758,1.0008500444781645,0.006668036670240137,0.006712194758895618,0.0
model.dec.32x32_block0.conv0,0.2639464348143456,0.26391629869945343,0.9999993963601005,0.9998852213127202,1.0001135844449187,0.0010986372321358019,0.0010989484703495178,0.0,1179894,1179904,0.9999915247342157,0.9999999999999998,0.9998852213127204,0.0010986372321358016,0.9996938374557963,1.0,1.0,1179894,0.9999999986151737,4.327080450385788e-08,0.9999999982649068,0.0011046162444822915,5.9783390084340995e-05,0.0,0.26394813789713584,0.26391800648896635,0.999885241571102,1.000113567562079,0.0010970983564360516,0.0010973958614532485,0.0
model.dec.32x32_block0.conv1,0.18661908355878346,0.18658831556233962,0.9999990936835275,0.9998342232534969,1.0001639913003237,0.0013461182984605819,0.0013466787813881833,0.0,590073,590080,0.9999881372017354,1.0,0.9998342232534969,0.001346118298460581,0.99950884086444,1.0,1.0,590073,0.99999999859896,4.3295232829722366e-08,0.999999998223516,0.0013562871801297888,8.933980801438922e-05,0.0,0.1866205440851617,0.1865893206961025,0.999831788499751,1.000166435185767,0.001343021626194184,0.0013436619704824623,0.0
model.dec.32x32_block0.norm0,0.007779430788789422,0.00777942125170955,0.9999999998917514,0.999998773956316,1.0000012258286897,1.4713824738604355e-05,0.00013338139637458324,0.0,1024,1024,1.0,1.0,0.999998773956316,1.4713824738602654e-05,1.0,1.0,1.0,1024,0.9999999992613109,4.239181759040567e-08,0.9999999995453612,1.4762398320100135e-05,1.2730414861910599e-05,0.0,0.007779358920298076,0.007779347076354346,0.9999984774885197,1.0000015224573575,7.512711334426397e-06,0.00013170437561143907,0.0
model.dec.32x32_block0.norm1,0.005501214429131741,0.005501202512305487,0.9999999994006464,0.9999978331832774,1.0000021656227078,3.4622275650796305e-05,0.00013610468706459587,0.0,512,512,1.0,1.0,0.9999978331832774,3.46222756507986e-05,1.0,1.0,1.0,512,0.9999999967621099,4.241652094850475e-08,0.9999999966364268,3.469063629304516e-05,1.7950861569217417e-05,0.0,0.005500769066353987,0.00550074138576131,0.9999949670257569,1.0000050313138469,4.105729971213694e-05,0.00013440520921216613,0.0
model.dec.32x32_block0.skip,0.08809558722443703,0.08809468592817732,0.9999999664035628,0.999989735513937,1.0000101973978608,0.0002592132299558234,0.00028717332000018287,0.0,131326,131328,0.9999847709551657,1.0,0.999989735513937,0.00025921322995582353,0.9999693495984797,1.0,1.0,131326,0.9999999986521911,4.336260336682774e-08,0.9999999983749557,0.00025941632349789156,1.2478366766672737e-05,0.0,0.0880957694804267,0.08809487811897226,0.9999898484066906,1.0000100847004272,0.00025883180361470717,0.00028654182555646436,0.0
model.dec.32x32_block1.affine,0.08759440714602346,0.08752142815029468,0.99997901220562,0.9991458829404267,1.000812836168539,0.0064734252519125035,0.006514252024638893,0.0,131328,131328,1.0,1.0,0.9991458829404267,0.006473425251912503,0.998522422160939,0.9999923377518964,1.0,131328,0.9999999998631173,4.365998928002967e-08,1.0000000000500089,0.006529529062613999,2.915371585182704e-05,0.0,0.0875944708363707,0.0875214745835573,0.999145687632659,1.0008130339927284,0.006473255208849791,0.006514185928932779,0.0
model.dec.32x32_block1.conv0,0.26395314833535516,0.26392441868781846,0.9999994507094522,0.9998906070304244,1.0001083062367226,0.0010480179673447159,0.0010484418175310546,0.0,1179884,1179904,0.9999830494684313,1.0000000000000002,0.9998906070304242,0.0010480179673447183,0.9997545409916544,1.0,1.0,1179884,0.9999999987108815,4.3326709475121736e-08,0.999999998269074,0.0010537113471920355,5.7101164323883643e-05,0.0,0.2639545113204863,0.2639258676046378,0.9998909347201838,1.0001079816223815,0.001046516481231789,0.0010469292687159183,0.0
model.dec.32x32_block1.conv1,0.18660521255904816,0.18657139803441491,0.9999989491182867,0.9998177404123001,1.0001801906668544,0.0014494828993386881,0.0014504875922025221,0.0,590074,590080,0.9999898318872017,1.0,0.9998177404122999,0.0014494828993386864,0.9995087202161631,1.0,1.0,590074,0.9999999986374576,4.3257741523459396e-08,0.999999998288912,0.001460896315942651,9.510524711462829e-05,0.0,0.18660634177429425,0.18657214559998667,0.999815700982492,1.0001822402121183,0.0014462452343072126,0.0014473474195141412,0.0
model.dec.32x32_block1.norm0,0.00777936318579395,0.007779355081094191,0.999999999899499,0.9999989580790358,1.0000010417210474,1.417750614882067e-05,0.00013350638739376437,0.0,1024,1024,1.0,1.0,0.9999989580790358,1.4177506148820285e-05,1.0,1.0,1.0,1024,0.9999999998101016,4.24185941689951e-08,1.000000001435149,1.4217486469757321e-05,1.2856429398644212e-05,0.0,0.007779374480457132,0.007779367148910987,0.9999990575605926,1.0000009424292584,3.3222131046067227e-06,0.00013211181179006979,0.0
model.dec.32x32_block1.norm1,0.005501339494880917,0.005501333385418612,0.9999999997619393,0.9999988892210776,1.0000011103040345,2.182017884333947e-05,0.0001344651179889342,0.0,512,512,1.0,1.0,0.9999988892210776,2.182017884333823e-05,1.0,1.0,1.0,512,0.9999999991070194,4.359682986554129e-08,0.9999999997089257,2.1846458592785386e-05,1.986386344679245e-05,0.0,0.005500830640848013,0.005500820369309662,0.9999981326812566,1.0000018672255866,9.830723625202964e-06,0.00013151306050021295,0.0
model.dec.32x32_block1.skip,0.08809639996695803,0.08809559225748692,0.999999980741754,0.9999908122688553,1.0000091492987144,0.00019625438943226701,0.00023249159486914776,0.0,131327,131328,0.9999923854775828,1.0,0.9999908122688553,0.00019625438943226804,0.999969350537898,1.0,1.0,131327,0.9999999988384635,4.337965148500622e-08,0.9999999984717272,0.00019646906206717963,1.221669742519835e-05,0.0,0.08809655048825081,0.08809575804284313,0.9999909856266505,1.0000089760917077,0.000195861853054968,0.00023183470625250542,0.0
model.dec.32x32_block2.affine,0.08764259535753395,0.08757258887711612,0.9999806348596503,0.9991818779943734,1.0007800302598564,0.0062183645476650735,0.006256745236519667,0.0,131328,131328,1.0,1.0,0.9991818779943734,0.006218364547665072,0.998830583473436,0.999992337810606,1.0,131328,1.000000000121523,4.3605508909331905e-08,1.0000000003089204,0.006271952012975957,2.5584165130192463e-05,0.0,0.08764264202483903,0.08757262530686301,0.9991817631460465,1.000780148365474,0.0062181172775653895,0.006256592561612959,0.0
model.dec.32x32_block2.conv0,0.2639608885175729,0.26393387483458647,0.9999994876739915,0.9998971480080723,1.0001018378143953,0.0010121472422949798,0.0010127550052093557,0.0,1179887,1179904,0.9999855920481666,1.0,0.9998971480080725,0.0010121472422949783,0.9997546012269939,1.0,1.0,1179887,0.9999999987825486,4.331045015568954e-08,0.9999999983749557,0.0010173592267770616,5.432265446971249e-05,0.0,0.26396200772590905,0.2639350983063421,0.9998975447953645,1.0001014436656526,0.0010108036725889893,0.0010113994304231228,0.0
model.dec.32x32_block2.conv1,0.1865806032131487,0.18654029614045795,0.9999987572793894,0.9997827271995944,1.0002148340383217,0.0015761871501205381,0.0015786083858473307,0.0,590073,590080,0.9999881372017354,0.9999999999999998,0.9997827271995944,0.0015761871501205381,0.999385522919995,1.0,1.0,590073,0.9999999987366743,4.331081102224089e-08,0.9999999983108079,0.0015910914447024602,0.00010122671824249208,0.0,0.1865812753591069,0.18654072971294045,0.9997814546989869,1.0002161178485756,0.001572770980308749,0.0015753055135968297,0.0
model.dec.32x32_block2.norm0,0.007779396632766754,0.0077793858197821595,0.9999999998046397,0.9999986098530661,1.0000013897581455,1.9766623675356368e-05,0.00013387075116999363,0.0,1024,1024,1.0,1.0,0.9999986098530661,1.9766623675353014e-05,1.0,1.0,1.0,1024,1.000000001456956,4.1670400523975796e-08,1.0000000004893377,1.9817058932366054e-05,1.6575389848592322e-05,0.0,0.007779361927258556,0.007779350991718343,0.9999985942629374,1.0000014056883477,7.1197440734306696e-06,0.00013179915773961997,0.0
model.dec.32x32_block2.norm1,0.005501283687890764,0.005501268177947988,0.9999999989648697,0.9999971796333027,1.0000028183043854,4.549998826843742e-05,0.000138652881769669,0.0,512,512,1.0,1.0,0.9999971796333027,4.549998826843596e-05,1.0,1.0,1.0,512,0.9999999962540447,4.1612113740324916e-08,0.9999999953714895,4.558875269292392e-05,4.1783025679829936e-05,0.0,0.00550082523744902,0.005500813410796668,0.9999978499175723,1.0000021498778704,1.4463023525904537e-05,0.00013165923802581554,0.0
model.dec.32x32_block2.skip,0.08809605039067374,0.08809523823917767,0.9999999662975555,0.9999907473658884,1.0000091853142121,0.00025962211959372266,0.0002879787483157903,0.0,131326,131328,0.9999847709551657,1.0,0.9999907473658884,0.0002596221195937226,0.9999693514772588,1.0,1.0,131326,0.9999999988980254,4.322453043029252e-08,0.99999999853617,0.00025978699903846813,1.3659014275498167e-05,0.0,0.08809610441638052,0.08809530559077595,0.9999908987478168,1.0000090341513013,0.00025919468653498373,0.00028732120994093876,0.0
model.dec.32x32_block3.affine,0.08766326958307619,0.0875975158153849,0.9999814502216143,0.9992313920925234,1.0007320713706436,0.006086343679499728,0.006120180759918218,0.0,131328,131328,1.0,1.0,0.9992313920925234,0.006086343679499727,0.9991546615801092,0.9999942534927989,1.0,131328,1.000000000036747,4.358795146863576e-08,1.00000000021894,0.006134683138581544,2.0807208791506788e-05,0.0,0.0876633160354445,0.08759755314750642,0.9992312877997792,1.0007321745082287,0.006086450568852862,0.0061203741765112245,0.0
model.dec.32x32_block3.conv0,0.2639615497788375,0.2639347943745341,0.9999994776048629,0.9998981166666923,1.00010084881812,0.0010220460902700572,0.0010226803619690793,0.0,1179892,1179904,0.9999898296810588,1.0000000000000002,0.999898116666692,0.0010220460902700575,0.9997545936991932,1.0,1.0,1179892,0.9999999989311663,4.3327368246902335e-08,0.9999999986024568,0.0010271112829853424,5.136595620530212e-05,0.0,0.2639623173035854,0.2639355952494942,0.9998982445822339,1.0001007234297448,0.0010207968289032555,0.0010214105708400319,0.0
model.dec.32x32_block3.conv1,0.1865475346980577,0.18649953024702026,0.9999983940867612,0.99974106356763,1.0002557908420393,0.0017916950376225583,0.0017963016539730304,0.0,590078,590080,0.9999966106290672,1.0,0.99974106356763,0.001791695037622559,0.9991084446432242,1.0,1.0,590078,0.999999998926548,4.3395822510067375e-08,0.9999999985962023,0.001810308700442919,0.00011449999079633396,0.0,0.18654821562030968,0.18650009230574222,0.9997404336656098,1.0002564337371147,0.0017881578503084932,0.0017928702582165306,0.0
model.dec.32x32_block3.norm0,0.007779447956958034,0.007779444741097854,0.9999999999663474,0.9999995865873779,1.0000004133454876,8.203980780783885e-06,0.0001336319996653833,0.0,1024,1024,1.0,1.0,0.9999995865873779,8.203980780782765e-06,1.0,1.0,1.0,1024,0.9999999974420074,4.311831802079266e-08,0.9999999965270494,8.216784050796051e-06,8.064564676434015e-06,0.0,0.0077793866104903875,0.007779382617925841,0.9999994867745582,1.0000005132219558,1.9363953754256625e-06,0.0001325134459306184,0.0
model.dec.32x32_block3.norm1,0.005501641496653558,0.005501627670189691,0.9999999997427316,0.9999974865902711,1.0000025129015078,2.2683350028419145e-05,0.00013322537913322454,0.0,512,512,1.0,1.0,0.9999974865902711,2.2683350028413124e-05,1.0,1.0,1.0,512,0.9999999987052135,4.321697168268824e-08,0.9999999994941832,2.281744992536499e-05,2.2358716512205625e-05,0.0,0.005500822028555161,0.005500809299656065,0.9999976859676133,1.0000023139718484,8.117434349611315e-06,0.0001309501508079246,0.0
model.dec.32x32_block3.skip,0.08809545321723981,0.08809436401290728,0.9999999462457342,0.9999875823355187,1.000012310308818,0.00032788087806708466,0.0003496659670592436,0.0,131328,131328,1.0,1.0,0.9999875823355187,0.0003278808780670839,0.9999387067116151,1.0,1.0,131328,0.9999999989237536,4.3523201178271345e-08,0.9999999984890546,0.00032811583957482446,1.8948448814051298e-05,0.0,0.08809541876430908,0.08809436331772814,0.9999879656650051,1.0000119272480643,0.00032745671078399617,0.0003491300256575452,0.0
model.dec.32x32_block4.affine,0.0877037916023019,0.08764252054575215,0.999983538164911,0.9992849361227832,1.000682628601085,0.005733882959131293,0.005764043599123421,0.0,131328,131328,1.0,1.0,0.9992849361227832,0.005733882959131291,0.9990158691105917,0.9999961690373941,1.0,131328,1.0000000000921228,4.3766963454499254e-08,1.0000000002857488,0.005778298314188128,2.115178780163811e-05,0.0,0.08770384474461676,0.08764254143003303,0.9992845708975795,1.0006829986469268,0.005733505825476035,0.00576377953732093,0.0
model.dec.32x32_block4.conv0,0.2286021464143571,0.2285779205679553,0.9999994719550114,0.999893498174846,1.000105456966815,0.0010275533437932034,0.0010280527601375918,0.0,884985,884992,0.9999920903239803,1.0,0.999893498174846,0.001027553343793204,0.9997545409916544,1.0,1.0,884985,0.9999999987612084,4.3322278825214714e-08,0.9999999984785446,0.001033057449114708,5.018972800838666e-05,0.0,0.22860284634086794,0.22857865648007852,0.999893657128477,1.0001053004076903,0.0010263716691546415,0.0010268542168018024,0.0
model.dec.32x32_block4.conv1,0.18625691179852205,0.18614376826253362,0.9999952829322344,0.9993878262682631,1.000603108825837,0.003069634355738974,0.003107105212360354,0.0,590072,590080,0.999986442516269,1.0,0.9993878262682631,0.0030696343557389716,0.9977758556777462,0.999877375843041,1.0,590072,0.9999999988361253,4.333098849083462e-08,0.9999999985372814,0.0031300813991629803,0.00011104305091000766,0.0,0.18625710944761376,0.18614395013701449,0.9993877484455975,1.0006031992082622,0.0030676067443642574,0.003105231506317927,0.0
model.dec.32x32_block4.norm0,0.006737164632742224,0.006737164213217949,0.9999999999992352,0.9999999377290818,1.0000000622693925,1.236791180441967e-06,0.00013373677286229242,0.0,768,768,1.0,1.0,0.9999999377290818,1.236791180442005e-06,1.0,1.0,1.0,768,0.9999999991797193,4.3535956353575176e-08,0.9999999969740421,1.237313610447161e-06,1.863200532699799e-06,0.0,0.006737148545371767,0.006737145708898251,0.9999995789782549,1.0000004210182054,1.927932588243455e-06,0.00013260552870766377,0.0
model.dec.32x32_block4.norm1,0.005501803212750911,0.005501764874766918,0.9999999951972378,0.9999930269393182,1.0000069635037143,9.800709369431424e-05,0.00016028445132094414,0.0,512,512,1.0,1.0,0.9999930269393182,9.800709369431577e-05,1.0,1.0,1.0,512,0.9999999942985314,4.38917028598825e-08,0.9999999922539211,9.825253090392164e-05,7.336456841979302e-05,0.0,0.005500790273897733,0.005500768565837784,0.9999960532103067,1.0000039459317855,2.9554604285840715e-05,0.00013240676547455996,0.0
model.dec.32x32_block4.skip,0.07623734762623573,0.07621777647437168,0.9999979202102948,0.9997412073029136,1.000254699036252,0.002038980069014094,0.002043082418895411,0.0,98559,98560,0.9999898538961038,1.0,0.9997412073029136,0.002038980069014093,0.9990196078431373,1.0,1.0,98559,0.9999999988939069,4.342041889456547e-08,0.9999999987622765,0.002055337533154123,7.37770921387243e-05,0.0,0.07623719389662437,0.0762176652297594,0.9997417655994452,1.0002541435377255,0.0020382252770168737,0.0020423409667411118,0.0
model.dec.32x32_up.affine,0.08766969175836142,0.08760360990167093,0.9999820207942612,0.9992282749185105,1.000736335241638,0.0059919864117954314,0.006026657271672737,0.0,131328,131328,1.0,1.0,0.9992282749185105,0.0059919864117954314,0.9992009342922121,0.9999942534570245,1.0,131328,0.9999999997914474,4.3771473612852985e-08,1.0000000000440437,0.006041478376928624,2.805932902183574e-05,0.0,0.08766975795250462,0.08760366463588751,0.9992281440347652,1.000736464844272,0.005992108735679317,0.006026870789648711,0.0
model.dec.32x32_up.conv0,0.18669154554307374,0.18667772730591078,0.9999996877669114,0.9999256713843898,1.000073709628265,0.0007901731720731991,0.0007925122061701419,0.0,590073,590080,0.9999881372017354,1.0000000000000002,0.9999256713843896,0.000790173172073199,0.9997547216090262,1.0,1.0,590073,0.999999998658777,4.336333705736841e-08,0.9999999982649068,0.000793660997401245,5.903240919946328e-05,0.0,0.18669261915703758,0.18667910491438056,0.9999273016320424,1.0000720821561604,0.000788265237554344,0.000790673151402276,0.0
model.dec.32x32_up.conv1,0.1866377922272749,0.18661205045745083,0.9999992338293306,0.9998613102620066,1.0001371764222038,0.0012377067863686122,0.0012378821406532241,0.0,590071,590080,0.9999847478308026,1.0,0.9998613102620064,0.0012377067863686127,0.9995095635115253,1.0,1.0,590071,0.9999999987364807,4.337465949464824e-08,0.9999999983784905,0.0012454524657550064,7.503334084803484e-05,0.0,0.18663973064640668,0.18661363914125523,0.9998594408864725,1.0001390524048643,0.0012352437196057474,0.0012354311857890716,0.0
model.dec.32x32_up.norm0,0.005500969370941868,0.005500968052623161,0.999999999994984,0.9999997603429122,1.0000002396471133,3.1673288831572567e-06,0.00013359120502128965,0.0,512,512,1.0,1.0,0.9999997603429122,3.1673288831558172e-06,1.0,1.0,1.0,512,0.9999999988601588,4.330832921472674e-08,0.9999999974777393,3.173438002711787e-06,6.7904167614958924e-06,0.0,0.005500847793145644,0.005500842388001449,0.9999990173790919,1.0000009825841127,6.144999194645041e-06,0.0001321727978790882,0.0
model.dec.32x32_up.norm1,0.005501235261476997,0.005501193740627784,0.9999999949620016,0.9999924474118548,1.0000075425691142,0.00010037850764017747,0.00016129169634486077,0.0,512,512,1.0,1.0,0.9999924474118548,0.00010037850764017845,1.0,1.0,1.0,512,0.9999999963343614,4.2751171579471255e-08,0.9999999943770778,0.00010066120277756926,4.9134524250951184e-05,0.0,0.005500748265998517,0.005500714799126122,0.9999939135754895,1.0000060817288043,6.879436302678396e-05,0.00014437440456626863,0.0
model.dec.32x32_up.skip,0.06235468081648921,0.06235454570590005,0.999999999341084,0.9999978325335998,1.0000021661532634,3.630187325834582e-05,0.00013654109527265303,0.0,65789,65792,0.9999544017509727,1.0,0.9999978325335999,3.6301873258345244e-05,0.9999923381628447,1.0,1.0,65789,0.9999999988254843,4.326121854265936e-08,0.9999999984785446,3.636620205069991e-05,5.185337272432267e-06,0.0,0.06235472585381056,0.06235458700465087,0.9999977725938922,1.0000022261236698,3.5880230522685524e-05,0.00013561865466454924,0.0
model.dec.8x8_block0.affine,0.08727214971309163,0.08716764306078313,0.9999674465985707,0.998770005598148,1.001166323229761,0.008059150752112896,0.00813445200023845,0.0,131328,131328,1.0,1.0,0.998770005598148,0.008059150752112896,0.9957711442786069,0.999938691680461,1.0,131328,1.0000000002685336,4.361553813972263e-08,1.0000000005138765,0.008152471861343252,4.526064298820441e-05,0.0,0.08727219605699103,0.08716766781017649,0.9987697618656192,1.0011665736860198,0.008058769266280357,0.008134205734677817,0.0
model.dec.8x8_block0.conv0,0.26376976221496523,0.2636974983314705,0.9999982918179597,0.9997243265254712,1.000272332188127,0.0018478337281824689,0.0018535219616486263,0.0,1179896,1179904,0.9999932197873725,1.0000000000000002,0.9997243265254709,0.0018478337281824689,0.9992008360484417,0.9999386954389407,1.0,1179896,0.999999998938301,4.333760578252413e-08,0.9999999985919318,0.001868283639001376,5.6790886891964895e-05,0.0,0.26377045935999993,0.2636980453622647,0.999723759984848,1.0002729027290231,0.001846834927610686,0.0018526282118916917,0.0
model.dec.8x8_block0.conv1,0.18659247007770524,0.1865548983432417,0.9999988516225362,0.9997974946690569,1.0002002491288502,0.001515199249759221,0.0015169601852605898,0.0,590074,590080,0.9999898318872017,1.0000000000000002,0.9997974946690569,0.00151519924975922,0.9994472593274989,0.9999540214030369,1.0,590074,0.9999999990009792,4.3363861052340365e-08,0.9999999987402763,0.0015286713629743347,4.320474017224024e-05,0.0,0.18659278868748552,0.18655527543577213,0.9997978093647459,1.0001999361627085,0.001514587438875225,0.0015163689292940238,0.0
model.dec.8x8_block0.norm0,0.007778328723395303,0.007778119236727194,0.9999999005543753,0.9999729684646261,1.0000268333694815,0.00044596022972414457,0.0004586186397583478,0.0,1024,1024,1.0,1.0,0.9999729684646261,0.00044596022972414755,1.0,1.0,1.0,1024,1.0000000006971188,4.512237843913139e-08,1.0000000004290865,0.0004467771873598132,1.605083692523823e-05,0.0,0.007778588080682891,0.0077783689362288,0.9999717277823854,1.00002807413138,0.0004459470222557762,0.0004581390744107995,0.0
model.dec.8x8_block0.norm1,0.005501133956758166,0.005501130571692096,0.9999999999377498,0.9999993845980587,1.0000006152778194,1.1157971902611151e-05,0.00013364457588070693,0.0,512,512,1.0,1.0,0.9999993845980587,1.1157971902609503e-05,1.0,1.0,1.0,512,0.9999999993942865,4.5396971203202476e-08,0.9999999997284283,1.1174160993683493e-05,1.5006723750089931e-05,0.0,0.005500812174787868,0.005500796709618009,0.99999718851504,1.0000028113907562,1.0104813847317165e-05,0.0001305923582155378,0.0
model.dec.8x8_block0.skip,0.0880963547016872,0.08809550204300398,0.9999999716695703,0.9999902929642259,1.000009650468593,0.00023803311115523756,0.00026846230817666286,0.0,131327,131328,0.9999923854775828,1.0,0.9999902929642258,0.00023803311115523746,0.9999693514772588,1.0,1.0,131327,0.9999999989444014,4.3388927420578995e-08,0.9999999987025056,0.00023823064503790365,7.7424678971169e-06,0.0,0.08809629524931614,0.08809545288671572,0.9999904098598861,1.0000095336289732,0.00023791067159871127,0.00026804725629298953,0.0
model.dec.8x8_block1.affine,0.08765721875215648,0.08758868554388372,0.9999817316752436,0.9991999140764027,1.0007641610022773,0.006039801950538323,0.006077257447397339,0.0,131328,131328,1.0,1.0,0.9991999140764027,0.006039801950538327,0.9984589779942058,1.0,1.0,131328,1.0000000001589042,4.360391864300275e-08,1.0000000004020282,0.006092564919599679,3.60170636361466e-05,0.0,0.08765735734769196,0.08758879043943954,0.9991995334355324,1.0007645473816462,0.006039374910734014,0.006076955646281502,0.0
model.dec.8x8_block1.conv0,0.263671709008822,0.2635798678008567,0.9999971101771313,0.9996487946794023,1.0003455470411708,0.002403250257699561,0.00241338885973756,0.0,1179888,1179904,0.9999864395747451,1.0,0.9996487946794023,0.0024032502576995613,0.9987996306555863,1.0,1.0,1179888,0.999999999183397,4.3464558812837556e-08,0.9999999989190103,0.0024287765323812247,4.6715639996825815e-05,0.0,0.2636720639024614,0.2635805228076794,0.9996499338805301,1.000344408106809,0.0024030327877059194,0.0024131380633040252,0.0
model.dec.8x8_block1.conv1,0.1866777111716361,0.18666071332388134,0.9999995133806291,0.9999084589136733,1.00009057613926,0.0009864386841753707,0.0009874745012799695,0.0,590077,590080,0.9999949159436009,1.0,0.9999084589136733,0.0009864386841753699,0.999754646384101,1.0,1.0,590077,0.999999999144537,4.342176686362061e-08,0.9999999987788332,0.0009906767393900683,5.076534431996676e-05,0.0,0.18667820410968214,0.18666147171994207,0.9999098824226786,1.0000891548947544,0.0009851613995977397,0.0009862251989022114,0.0
model.dec.8x8_block1.norm0,0.0077790139128744,0.007779005155247323,0.999999999868589,0.9999988740668905,1.000001125671555,1.621176591154973e-05,0.00013365436891084293,0.0,1024,1024,1.0,1.0,0.9999988740668905,1.62117659115516e-05,0.9999980845297042,1.0,1.0,1024,0.9999999968127319,4.320180057455938e-08,0.9999999973648592,1.6250131183995387e-05,5.9337951406913225e-06,0.0,0.007779361574982795,0.007779350523785904,0.9999985793474973,1.0000014205073104,1.2133021040484368e-05,0.0001321500543350431,0.0
model.dec.8x8_block1.norm1,0.005500881976240612,0.005500881235383587,0.9999999999962828,0.9999998653166027,1.000000134675981,2.7266242821984324e-06,0.000133686446145398,0.0,512,512,1.0,1.0,0.9999998653166027,2.726624282196934e-06,1.0,1.0,1.0,512,1.0000000019854067,4.2111984116168526e-08,1.0000000021755413,2.7304345851121782e-06,7.159084141237644e-06,0.0,0.005500845261400584,0.005500839174674119,0.9999988934710798,1.0000011064872776,6.547298371103259e-06,0.00013206834539304503,0.0
model.dec.8x8_block1.skip,0.08809769926163127,0.08809724256520489,0.9999999784691869,0.9999947944925293,1.0000051624727182,0.00020751187735070387,0.0002441461693389187,0.0,131327,131328,0.9999923854775828,1.0,0.9999947944925294,0.00020751187735070417,0.9999846759734587,1.0,1.0,131327,0.9999999989812893,4.346714631097848e-08,0.9999999987470434,0.00020757702813373728,6.139388708331346e-06,0.0,0.08809765583855993,0.08809720580177513,0.9999948701013375,1.000005086898148,0.0002074275054713092,0.00024370355822984249,0.0
model.dec.8x8_block2.affine,0.0876741876733405,0.0876099858688029,0.9999822652590336,0.9992500010928183,1.0007150660385171,0.005951238519020858,0.005983857511080775,0.0,131328,131328,1.0,1.0,0.9992500010928183,0.005951238519020856,0.9990157480314961,1.0,1.0,131328,0.9999999997599829,4.354161166900191e-08,1.0000000000583396,0.005998311327310793,3.416636148876204e-05,0.0,0.08767433080569575,0.08761007713480348,0.9992494116470289,1.0007156582075394,0.005951079189165018,0.005983835614934841,0.0
model.dec.8x8_block2.conv0,0.2639949267758864,0.2639761648498194,0.9999996396775632,0.9999285704356813,1.000070713970643,0.0008488476400787613,0.0008512480155866138,0.0,1179889,1179904,0.9999872871013235,0.9999999999999998,0.9999285704356813,0.0008488476400787616,0.9997547817557626,1.0,1.0,1179889,0.9999999992324482,4.3400358278453406e-08,0.9999999989895648,0.0008518473849732672,5.127681041782044e-05,0.0,0.2639953500460178,0.2639770403247777,0.9999302845360947,1.0000690017494798,0.0008475996989535775,0.0008500716049524444,0.0
model.dec.8x8_block2.conv1,0.18670014225126091,0.18668833391457212,0.9999997204249211,0.99993647283847,1.0000629720118834,0.0007477160905533956,0.0007511092493947581,0.0,590077,590080,0.9999949159436009,1.0,0.9999364728384701,0.0007477160905533943,0.9997548418730081,1.0,1.0,590077,0.999999999171378,4.3480985657424366e-08,0.9999999989454408,0.0007504095438706996,5.743397073274051e-05,0.0,0.18670114149065006,0.18668973222414884,0.9999386120116519,1.0000608352810538,0.0007459047151448285,0.0007494336374125154,0.0
model.dec.8x8_block2.norm0,0.007778830739599611,0.007778821807196754,0.9999999997566021,0.9999988514602638,1.000001148054259,2.2063421731061232e-05,0.00013446756069964677,0.0,1024,1024,1.0,1.0,0.9999988514602638,2.2063421731061564e-05,1.0,1.0,1.0,1024,0.9999999994205421,4.280746231030752e-08,0.9999999990794189,2.2092495088493586e-05,1.3502330270656571e-05,0.0,0.007779365325867537,0.007779355331377915,0.9999987150835254,1.000001284572326,1.859565107637296e-05,0.00013303392197364875,0.0
model.dec.8x8_block2.norm1,0.005500950851544048,0.005500929802407475,0.999999998128842,0.9999961716746342,1.0000038245976917,6.117423775887492e-05,0.00014364560041413738,0.0,512,512,1.0,1.0,0.9999961716746342,6.11742377588748e-05,1.0,1.0,1.0,512,0.9999999968271371,4.598967918954607e-08,0.9999999957954584,6.129241257485829e-05,4.718171102816264e-05,0.0,0.005500832436092379,0.005500822668260365,0.9999982240593104,1.0000017754638648,2.190835939252011e-05,0.00013305299411497433,0.0
model.dec.8x8_block2.skip,0.0880983922555771,0.08809806999128642,0.9999999962564273,0.9999963382522206,1.0000036542740152,8.652797452536726e-05,0.00015627922301711072,0.0,131327,131328,0.9999923854775828,0.9999999999999999,0.9999963382522207,8.652797452536802e-05,0.999988506803972,1.0,1.0,131327,0.999999998966153,4.332102822721253e-08,0.9999999986642091,8.66051589770807e-05,6.89640092604125e-06,0.0,0.08809834483271159,0.08809803803425868,0.9999965138264055,1.0000034787469512,8.624800887531367e-05,0.000155620274076091,0.0
model.dec.8x8_block3.affine,0.08763633397999272,0.08756645859571593,0.9999805480937625,0.9991832301105236,1.0007785023126259,0.0062322885691375885,0.006270440272436553,0.0,131328,131328,1.0,1.0,0.9991832301105236,0.006232288569137587,0.9988923076923077,1.0,1.0,131328,1.0000000000225298,4.352201732572078e-08,1.0000000000907536,0.006285581354553704,3.692633897867776e-05,0.0,0.08763645935435874,0.08756658636960589,0.999183262331025,1.0007784774523885,0.0062316955299850756,0.00626992737192551,0.0
model.dec.8x8_block3.conv0,0.26400979601076385,0.26399431665336176,0.9999997513401468,0.9999411196007687,1.0000583865174084,0.0007051675892367623,0.0007092285707056878,0.0,1179893,1179904,0.9999906772076372,0.9999999999999998,0.9999411196007689,0.0007051675892367623,0.9997548418730081,1.0,1.0,1179893,0.99999999913116,4.336450244249338e-08,0.9999999987913689,0.0007076211999943976,5.5438273438851545e-05,0.0,0.26401071079799027,0.2639958103649632,0.9999433140145791,1.0000561946609916,0.0007031742752501857,0.0007073967815308081,0.0
model.dec.8x8_block3.conv1,0.18670040107596503,0.18668859690189546,0.999999761373101,0.9999365361674522,1.0000629905764304,0.0006907918597962346,0.0006944538406936861,0.0,590075,590080,0.9999915265726681,0.9999999999999998,0.9999365361674525,0.0006907918597962346,0.9997547817557626,1.0,1.0,590075,0.9999999991320363,4.345376562352441e-08,0.9999999987869763,0.0006937004984276791,6.0715828127255684e-05,0.0,0.18670173664088094,0.18669036725325008,0.9999388671862531,1.0000606628517763,0.0006881953024762241,0.0006920291240625028,0.0
model.dec.8x8_block3.norm0,0.007778826064144781,0.007778824201428691,0.9999999999706723,0.9999997605108779,1.000000239430524,7.6586780567311e-06,0.00013377328327840234,0.0,1024,1024,1.0,1.0,0.9999997605108779,7.658678056729779e-06,1.0,1.0,1.0,1024,0.999999997135104,4.364305246542696e-08,0.9999999970295761,7.661335669134175e-06,7.953990213244905e-06,0.0,0.007779380683063732,0.007779375011704123,0.9999992709714595,1.0000007290211184,2.8201911207229842e-06,0.0001323135283418529,0.0
model.dec.8x8_block3.norm1,0.005501128657976116,0.005501127999466354,0.9999999999963385,0.9999998802918555,1.000000119700836,2.706099736582231e-06,0.00013370100318403532,0.0,512,512,1.0,1.0,0.9999998802918555,2.7060997365820185e-06,1.0,1.0,1.0,512,0.9999999973709696,4.252474012443909e-08,0.9999999970025513,2.711745127681219e-06,5.359355864588841e-06,0.0,0.0055008485752271255,0.005500843348491263,0.9999990498205731,1.0000009501595024,4.563692881249523e-06,0.0001321411326981987,0.0
model.dec.8x8_block3.skip,0.08809826967553942,0.08809791234125859,0.999999996556572,0.9999959404691947,1.0000040526604013,8.2986746136074e-05,0.00015401091229823844,0.0,131327,131328,0.9999923854775828,0.9999999999999999,0.9999959404691948,8.298674613607378e-05,0.999984676208281,1.0,1.0,131327,0.9999999989773496,4.3338856111852986e-08,0.9999999985452461,8.308592562134792e-05,7.247708409273028e-06,0.0,0.08809823681842696,0.08809789875480624,0.9999961592333168,1.0000038339446484,8.26843844247839e-05,0.00015337455288830194,0.0
model.dec.8x8_block4.affine,0.08757707686679944,0.08749952057983322,0.9999777867980256,0.9990922289903507,1.0008641295308636,0.006659373858822149,0.006705099342039687,0.0,131328,131328,1.0,1.0,0.9990922289903507,0.0066593738588221485,0.9985210906337169,1.0,1.0,131328,0.9999999999764504,4.354265668587779e-08,1.0000000001638079,0.006720960286156421,3.7476651225148004e-05,0.0,0.08757719306208402,0.08749960676912781,0.9990918900118395,1.000864474043963,0.006659002162370364,0.00670485421151153,0.0
model.dec.8x8_block4.conv0,0.2640068216990615,0.2639906983308916,0.9999997184436639,0.9999386466746601,1.0000607939426573,0.0007503624554535995,0.0007539501660896981,0.0,1179897,1179904,0.999994067313951,1.0,0.9999386466746601,0.000750362455453598,0.9997548418730081,1.0,1.0,1179897,0.9999999990135887,4.3345007053109774e-08,0.9999999987255613,0.0007528662205752871,5.7109699240208546e-05,0.0,0.2640078954710316,0.26399240678125085,0.9999410524156156,1.0000583908746277,0.0007483889592406711,0.0007521432738717344,0.0
model.dec.8x8_block4.conv1,0.18669886959322216,0.18668663259373483,0.9999997417614448,0.9999341977313501,1.000065290087842,0.0007186162694224088,0.0007219204414032181,0.0,590078,590080,0.9999966106290672,1.0,0.9999341977313498,0.0007186162694224098,0.9997547817557626,1.0,1.0,590078,0.9999999990613675,4.3331180573547314e-08,0.9999999987761162,0.000721622302326441,6.286369192755194e-05,0.0,0.18670052464973655,0.18668873641885902,0.9999366035881642,1.0000628871114787,0.0007163953927784031,0.0007198639703304611,0.0
model.dec.8x8_block4.norm0,0.0077787000394972435,0.007778688873403411,0.9999999997221355,0.9999985642517133,1.0000014351946183,2.357387100203665e-05,0.00013444089820784262,0.0,1024,1024,1.0,1.0,0.9999985642517133,2.3573871002039126e-05,1.0,1.0,1.0,1024,0.9999999958025818,4.389892432240376e-08,0.9999999952160045,2.3617544602828083e-05,1.2374939470604022e-05,0.0,0.0077793568509343354,0.0077793444795036665,0.9999984095587766,1.0000015901406014,1.7411197999515363e-05,0.00013257056712378062,0.0
model.dec.8x8_block4.norm1,0.005501142470638657,0.005501142470638657,1.0,1.0,1.0,0.0,0.00013379333156681925,0.0,512,512,1.0,1.0,1.0,0.0,1.0,1.0,1.0,512,0.9999999977337302,4.317348153543958e-08,0.9999999969904083,4.3232921326623454e-08,3.961352513395803e-06,0.0,0.005500849762205901,0.005500844912844793,0.999999118426721,1.0000008815591295,3.86351674285381e-06,0.0001321873841823,0.0
model.dec.8x8_block4.skip,0.08809836751847594,0.08809804770433839,0.999999992350707,0.9999963621570483,1.000003622557544,0.0001236870042055538,0.0001795630626539075,0.0,131327,131328,0.9999923854775828,1.0,0.9999963621570483,0.00012368700420555313,0.9999923378693147,1.0,1.0,131327,0.9999999984016866,4.329877094843442e-08,0.999999997910745,0.00012374052460998114,6.7949071742662546e-06,0.0,0.08809834011870017,0.08809803781695053,0.999996560955055,1.0000034237918711,0.00012355057041039637,0.00017904744842386707,0.0
model.dec.8x8_in0.affine,0.08762727820061518,0.0875565592264676,0.999981166628884,0.99917413891191,1.0007888461779166,0.00613234174572886,0.006172097654133391,0.0,131328,131328,1.0,1.0,0.99917413891191,0.006132341745728861,0.9985210746857284,0.9999846757386294,1.0,131328,0.9999999999792385,4.368538747461408e-08,1.0000000001090625,0.006187702406250257,4.708930260478597e-05,0.0,0.0876273827347037,0.08755662552414682,0.9991737040054031,1.000789282738641,0.0061322617061609,0.00617214973628605,0.0
model.dec.8x8_in0.conv0,0.18661886860950438,0.18658805204972626,0.9999990252344297,0.999833894398685,1.0001641833428974,0.0013960252104695786,0.001396586352014395,0.0,590073,590080,0.9999881372017354,1.0,0.999833894398685,0.0013960252104695781,0.9995089614534741,0.9999846755037928,1.0,590073,0.9999999987996011,4.332178319097967e-08,0.9999999983799464,0.001405872145924068,5.298977680674347e-05,0.0,0.18661947484289107,0.1865886409802566,0.9998338035983074,1.000164276935027,0.0013950360754964998,0.0013956167231605864,0.0
model.dec.8x8_in0.conv1,0.1866611371590563,0.1866401964015746,0.9999994213678983,0.9998872354802335,1.000111619842656,0.001075641308842727,0.0010759904374686503,0.0,590073,590080,0.9999881372017354,1.0,0.9998872354802335,0.0010756413088427279,0.999754480726737,1.0,1.0,590073,0.9999999989889834,4.3391182955407166e-08,0.999999998634121,0.0010815355920806345,5.102176631012098e-05,0.0,0.1866617721532679,0.1866409458222968,0.9998878501703975,1.0001110076027893,0.0010744387608985191,0.0010747838890697485,0.0
model.dec.8x8_in0.norm0,0.005500935533196439,0.005500927463960397,0.9999999998687655,0.9999985329844526,1.0000014667552302,1.6200868743005224e-05,0.00013331444164766247,0.0,512,512,1.0,1.0,0.9999985329844526,1.6200868743003788e-05,1.0,1.0,1.0,512,0.999999995885951,4.3707567361076435e-08,0.9999999955807595,1.626654726457754e-05,1.5490565987671626e-05,0.0,0.005500846776121302,0.005500841021822526,0.9999989539193163,1.0000010460705868,3.34532778611641e-06,0.00013200877344035717,0.0
model.dec.8x8_in0.norm1,0.005500667388294519,0.005500661461368303,0.9999999998794945,0.9999989223872927,1.0000010773728572,1.552451137870724e-05,0.00013362072710577076,0.0,512,512,1.0,1.0,0.9999989223872927,1.552451137870462e-05,1.0,1.0,1.0,512,0.9999999963192364,4.283775145575939e-08,0.9999999969989047,1.5563593579973497e-05,1.7152328430785878e-05,0.0,0.005500829324699942,0.005500818674370236,0.9999980638345961,1.000001936101626,8.217448235732903e-06,0.0001313335646749368,0.0
model.dec.8x8_in0.norm2,0.005500871934638571,0.005500867957070132,0.9999999999870325,0.9999992769074033,1.0000007230671843,5.092653330476152e-06,0.00013316758167863127,0.0,512,512,1.0,1.0,0.9999992769074033,5.092653330473498e-06,0.9999980845252096,1.0,1.0,512,0.9999999991601981,4.399112051016343e-08,1.000000001016801,5.148313838825098e-06,4.8278881391436265e-06,0.0,0.005500856962031355,0.005500854145903299,0.9999994880553527,1.0000005119426472,1.504122056333284e-06,0.00013250911352939056,0.0
model.dec.8x8_in0.proj,0.062337164833070516,0.06233203732593964,0.9999996604706171,0.9999174060818641,1.0000819216257133,0.0008239823689047927,0.0008256808596938453,0.0,65792,65792,1.0,1.0,0.9999174060818641,0.0008239823689047919,0.9997548418730081,0.999992337810606,1.0,65792,0.9999999987874176,4.343012238510155e-08,0.999999998319423,0.0008281111417607074,2.8016855890380146e-05,0.0,0.06233715671475946,0.06233202428909414,0.999917327572597,1.0000820009551332,0.0008234924451498565,0.0008251383193983318,0.0
model.dec.8x8_in0.qkv,0.10784966553368303,0.10781689286530544,0.9999966933905079,0.9996928207744084,1.0003006583735474,0.0025708343981333953,0.0025770205807573894,0.0,197372,197376,0.9999797341115434,1.0,0.9996928207744081,0.0025708343981333953,0.9991854925464884,0.9999540226361888,1.0,197372,0.9999999987447017,4.33124435736912e-08,0.9999999981580812,0.0025891209993079236,3.860364529731999e-05,0.0,0.1078497412118492,0.10781697955008908,0.999692923682484,1.000300556683836,0.002570585750600428,0.0025768161540969284,0.0
model.dec.8x8_in1.affine,0.08751008519925338,0.08742774828003805,0.9999767072509346,0.9990358442501198,1.0009184563292524,0.006818895413084584,0.0068701887561744505,0.0,131328,131328,1.0,1.0,0.9990358442501198,0.0068188954130845815,0.9974953366103895,0.999969350537898,1.0,131328,1.0000000000523024,4.338863237343987e-08,1.000000000073306,0.006886721132749719,4.30802936027492e-05,0.0,0.08751018599023014,0.0874278224934286,0.9990355445609324,1.000918762451463,0.006818464268820961,0.006869886044224588,0.0
model.dec.8x8_in1.conv0,0.18660005049122935,0.18656474524059313,0.9999988431589554,0.9998096405853188,1.0001880815370214,0.0015207910193025182,0.0015220469261496298,0.0,590074,590080,0.9999898318872017,1.0,0.9998096405853186,0.0015207910193025156,0.999508690044832,0.9999846752689491,1.0,590074,0.9999999987729257,4.334344223402391e-08,0.9999999984135941,0.0015326580886029862,5.416441393433151e-05,0.0,0.18660068070126218,0.18656534104128075,0.9998094582694959,1.0001882668148407,0.0015198398488778272,0.0015211312307747329,0.0
model.dec.8x8_in1.conv1,0.18664219240621102,0.18661687115513417,0.9999992650007602,0.9998635977535032,1.00013495065613,0.0012122702277201183,0.00121243526773106,0.0,590071,590080,0.9999847478308026,1.0,0.9998635977535034,0.00121227022772012,0.9996317436936107,1.0,1.0,590071,0.9999999989300117,4.33086181905865e-08,0.9999999985962023,0.0012199196488816206,4.9131219322905114e-05,0.0,0.1866426044397073,0.18661742008239043,0.9998643325912627,1.0001342177897175,0.001211376038863449,0.0012115401155316451,0.0
model.dec.8x8_in1.norm0,0.005500762175491639,0.005500756166388315,0.9999999999161491,0.9999989075032922,1.0000010923301992,1.2949966524355456e-05,0.00013333123898615434,0.0,512,512,1.0,1.0,0.9999989075032922,1.2949966524353329e-05,1.0,1.0,1.0,512,0.999999995860788,4.3837113935688865e-08,0.9999999963274238,1.299379759206529e-05,1.3242618632695158e-05,0.0,0.005500834846284903,0.005500825719838499,0.9999983408851097,1.0000016590919747,5.066368419871406e-06,0.00013145094743967044,0.0
model.dec.8x8_in1.norm1,0.005500736384128693,0.0055007093898585355,0.9999999985994016,0.9999950912073299,1.0000049060155558,5.292607495278762e-05,0.00013933044925391175,0.0,512,512,1.0,1.0,0.9999950912073299,5.292607495278524e-05,1.0,1.0,1.0,512,0.999999995258978,4.127994694826082e-08,0.9999999933964387,5.314943074185061e-05,4.987523609424144e-05,0.0,0.005500811501104546,0.0055007957875798175,0.9999971432960182,1.000002856470217,1.5553892492469748e-05,0.00013108181761819788,0.0
model.enc.16x16_block0.affine,0.08790231724121766,0.08786651052981549,0.9999928376619897,0.9995854939642786,1.0004003473573957,0.0037832468759227906,0.0037941557555975607,0.0,131328,131328,1.0,1.0,0.9995854939642786,0.0037832468759227906,0.9995087503837887,1.0,1.0,131328,1.0000000003166192,4.3694703436029397e-08,1.0000000003671121,0.0038058864538287663,3.391517685336813e-05,0.0,0.0879024555715893,0.08786665285492944,0.9995855414219427,1.0004003026068584,0.003782884587959562,0.003793845781893499,0.0
model.enc.16x16_block0.conv0,0.18672331757744406,0.1867173455634946,0.9999998587950146,0.9999678755741525,1.0000318430388362,0.0005314055756758934,0.0005411128788641965,0.0,590075,590080,0.9999915265726681,1.0,0.9999678755741525,0.000531405575675892,0.9998773608045132,1.0,1.0,590075,0.9999999990498486,4.345350290588678e-08,0.9999999987622765,0.0005323753320696381,4.248116464272394e-05,0.0,0.18672285414285184,0.1867171094282688,0.999969093687303,1.0000306266172374,0.0005297402640404337,0.0005395593177094914,0.0
model.enc.16x16_block0.conv1,0.186731678681851,0.186727667412867,0.9999999272038389,0.9999784457459509,1.00002140912319,0.0003815574163534,0.00039777127177013607,0.0,590075,590080,0.9999915265726681,1.0,0.9999784457459509,0.0003815574163533986,0.9999386912106187,1.0,1.0,590075,0.9999999990278279,4.343241754323323e-08,0.9999999987176976,0.000382165527236491,3.494110131613878e-05,0.0,0.1867309036562952,0.18672707922756457,0.9999794467933799,1.000020409135919,0.00038011084629147236,0.00039644569846325803,0.0
model.enc.16x16_block0.norm0,0.005500625007163855,0.005500625007163855,1.0,1.0,1.0,0.0,0.00013379333156683732,0.0,512,512,1.0,1.0,1.0,0.0,1.0,1.0,1.0,512,0.9999999991108126,4.324163100899959e-08,0.999999998790682,4.3250772322592135e-08,2.2340242200772777e-06,0.0,0.0055008600149625,0.005500858031719662,0.9999996394643196,1.000000360530913,2.213043885704858e-06,0.00013267046720102452,0.0
model.enc.16x16_block0.norm1,0.005500793902694674,0.005500793820375633,0.9999999999999428,0.9999999850350046,1.0000000149648811,3.382830272429628e-07,0.00013377879238823362,0.0,512,512,1.0,1.0,0.9999999850350046,3.382830272397586e-07,1.0,1.0,1.0,512,1.0000000018067206,4.370811378496796e-08,1.0000000028496239,3.418288633317598e-07,7.370953229778055e-07,0.0,0.0055008631943452985,0.00550086218467178,0.9999998164515956,1.0000001835480226,6.443993504629158e-07,0.00013283057770777267,0.0
model.enc.16x16_block0.norm2,0.005500898134652171,0.005500898084489895,0.9999999999999925,0.9999999908810678,1.0000000091189174,1.218628265039396e-07,0.00013378426693137852,0.0,512,512,1.0,1.0,0.9999999908810678,1.2186282650426747e-07,1.0,1.0,1.0,512,0.9999999995557894,4.519835192017595e-08,0.9999999972579261,1.2752852984326766e-07,1.4663688488136004e-07,0.0,0.005500866418884562,0.00550086629733693,0.9999999779039046,1.000000022096082,1.1745134277808678e-07,0.00013299053986107597,0.0
model.enc.16x16_block0.proj,0.062354293224942056,0.06235356588622557,0.9999999399966394,0.9999882753840647,1.000011604745279,0.0003464158163123783,0.0003673369294713795,0.0,65792,65792,1.0,1.0,0.9999882753840647,0.0003464158163123774,0.9999387067116151,1.0,1.0,65792,0.9999999985600311,4.347334798984437e-08,0.9999999981022947,0.00034661424113565384,2.2329748354525578e-05,0.0,0.06235392841933682,0.06235324338070695,0.9999889539790835,1.0000109266877606,0.0003456171690241803,0.00036654943939230724,0.0
model.enc.16x16_block0.qkv,0.10799478829316835,0.10799208089066106,0.9999998758114588,0.9999748060630584,1.000024946188367,0.0004983619305926744,0.0005101217244570582,0.0,197376,197376,1.0,1.0,0.9999748060630584,0.0004983619305926752,0.9999387029545176,1.0,1.0,197376,0.9999999987892207,4.3365724474621866e-08,0.9999999985638589,0.0004989982020633997,2.2735552871729767e-05,0.0,0.10799458440650388,0.10799192720731833,0.9999752711555756,1.0000244816148183,0.000497818051254324,0.0005095227180634621,0.0
model.enc.16x16_block1.affine,0.08791491166100723,0.08788166552838328,0.9999930719252483,0.9996149119332273,1.0003713749773395,0.0037209708098741336,0.0037299468979013635,0.0,131328,131328,1.0,1.0,0.9996149119332273,0.003720970809874135,0.9996317210901056,1.0,1.0,131328,1.0000000003017178,4.343935434022638e-08,1.0000000006158258,0.0037408443857195237,3.155672253306819e-05,0.0,0.08791509622017117,0.08788183811052921,0.9996147776279942,1.0003715116536918,0.0037206656852145303,0.003729701287089959,0.0
model.enc.16x16_block1.conv0,0.18672752779625204,0.18672274356195323,0.9999999063304463,0.9999742848599159,1.0000255284574537,0.0004328157794234175,0.0004461611602813492,0.0,590071,590080,0.9999847478308026,1.0,0.9999742848599159,0.0004328157794234182,0.9998774059090352,1.0,1.0,590071,0.9999999990372296,4.3412267631082924e-08,0.9999999986983925,0.00043357871909265164,3.981424019423727e-05,0.0,0.18672692747391528,0.18672235196979461,0.9999754033512414,1.0000244113847065,0.00043110947759316586,0.0004445875992956217,0.0
model.enc.16x16_block1.conv1,0.18673393278697942,0.18673051706646968,0.9999999261744154,0.9999816342646024,1.0000182184188284,0.0003842470068969916,0.0004012583154181103,0.0,590077,590080,0.9999949159436009,1.0,0.9999816342646022,0.0003842470068969919,0.9999387029545176,1.0,1.0,590077,0.9999999990350347,4.339399322232418e-08,0.9999999987255613,0.0003846855085609456,3.139085243625068e-05,0.0,0.1867330224891207,0.1867297816723213,0.9999825712720577,1.000017282268984,0.0003830862463587966,0.0004001914640159058,0.0
model.enc.16x16_block1.norm0,0.005500624843301372,0.005500624796995561,0.9999999999999855,0.9999999915817034,1.0000000084182676,1.7042197440369222e-07,0.0001337850207189266,0.0,512,512,1.0,1.0,0.9999999915817034,1.7042197440600007e-07,1.0,1.0,1.0,512,1.0000000009439296,4.1769051866110295e-08,1.0000000016535115,1.7873040325704657e-07,6.763855430937086e-07,0.0,0.005500863169264014,0.0055008621222900405,0.9999998096707616,1.0000001903288662,6.391310405604632e-07,0.00013282377058973375,0.0
model.enc.16x16_block1.norm1,0.0055008309680028835,0.0055008309680028835,1.0,1.0,1.0,0.0,0.00013379333156684855,0.0,512,512,1.0,1.0,1.0,0.0,1.0,1.0,1.0,512,0.9999999983980846,4.291244230091333e-08,0.9999999987771006,4.2942331530992426e-08,8.360651147179242e-07,0.0,0.005500862923604847,0.0055008617685940965,0.9999997900306561,1.000000209968723,8.152607183321387e-07,0.00013280509278619054,0.0
model.enc.16x16_block1.norm2,0.005500876609843684,0.005500875793101104,0.99999999999611,0.9999998515211234,1.0000001484711185,2.7892978170823305e-06,0.00013367394512415294,0.0,512,512,1.0,1.0,0.9999998515211234,2.7892978170792147e-06,1.0,1.0,1.0,512,1.0000000022952684,4.3076724890869424e-08,1.000000002956659,2.7956951976889804e-06,2.710699315570244e-06,0.0,0.005500866146850028,0.00550086594684364,0.9999999636409058,1.0000000363590509,2.112352541891241e-07,0.0001329763909075013,0.0
model.enc.16x16_block1.proj,0.0623541015596811,0.06235341395493324,0.999999972297111,0.9999889448793211,1.000010999836506,0.00023538172310685752,0.00026548764079385376,0.0,65791,65792,0.9999848005836576,1.0,0.9999889448793211,0.00023538172310685776,0.9999387067116151,1.0,1.0,65791,0.9999999988882491,4.337242243731686e-08,0.9999999984705111,0.00023564067145194498,2.1723465511939267e-05,0.0,0.06235376488617479,0.06235311290534698,0.9999895163919308,1.0000104288170184,0.00023430585630608618,0.000264436852219149,0.0
model.enc.16x16_block1.qkv,0.10799792411800921,0.10799599464592473,0.99999991894785,0.9999820531236331,1.0000177850912604,0.0004026145816606339,0.00041900086457909055,0.0,197375,197376,0.9999949335278858,0.9999999999999999,0.9999820531236332,0.0004026145816606343,0.9999387067116151,1.0,1.0,197375,0.9999999989609022,4.33789923494795e-08,0.999999998594163,0.0004030141661567185,2.4338130281667463e-05,0.0,0.10799742740617789,0.10799557478182648,0.9999827649020631,1.0000170738691714,0.0004018923911886155,0.0004182874141295402,0.0
model.enc.16x16_block2.affine,0.08788829227610392,0.08785185387766091,0.999992127981003,0.9995775322407106,1.0004068956835719,0.00396622287043081,0.003977247677359757,0.0,131328,131328,1.0,1.0,0.9995775322407106,0.0039662228704308074,0.9995422661000786,1.0,1.0,131328,0.9999999998471591,4.353522192415371e-08,0.9999999999615041,0.003988659275888608,3.162501132824739e-05,0.0,0.08788848367983937,0.08785201991445576,0.9995772440402524,1.0004071831640553,0.003966342494403555,0.003977441633294306,0.0
model.enc.16x16_block2.conv0,0.1867315316504597,0.18672745416388797,0.9999999250950696,0.9999780890064869,1.0000217616604774,0.0003870443298548868,0.000402939701349765,0.0,590077,590080,0.9999949159436009,1.0,0.9999780890064869,0.0003870443298548864,0.9999386841621191,1.0,1.0,590077,0.9999999991232948,4.34253978961868e-08,0.9999999988107928,0.00038766375270288137,3.805614797999085e-05,0.0,0.18673086660190114,0.18672698630926962,0.9999791456661206,1.0000207063650186,0.0003852200809835779,0.0004012640547316551,0.0
model.enc.16x16_block2.conv1,0.18673715103904462,0.18673435937570798,0.9999999607462857,0.9999850110524968,1.0000149106635714,0.00028018757866262817,0.0003043683504004296,0.0,590079,590080,0.9999983053145336,1.0,0.9999850110524968,0.00028018757866262703,0.9999387067116151,1.0,1.0,590079,0.9999999989640955,4.34109307944498e-08,0.9999999986356295,0.00028058796323954217,2.8676905633435853e-05,0.0,0.1867361541883296,0.18673353472500834,0.9999859335289805,1.0000139889594195,0.0002787583098441811,0.00030310823462933794,0.0
model.enc.16x16_block2.norm0,0.005500568947581589,0.00550056827875489,0.999999999996337,0.999999878404061,1.000000121588628,2.706622478643712e-06,0.00013369912610811644,0.0,512,512,1.0,1.0,0.999999878404061,2.706622478643768e-06,1.0,1.0,1.0,512,0.9999999967727315,4.329700124017876e-08,0.999999994325126,2.7106038780084274e-06,2.9370023114730946e-06,0.0,0.005500858394336846,0.005500856011086455,0.9999995667467716,1.0000004332482288,2.2775980400934244e-06,0.00013259884351052916,0.0
model.enc.16x16_block2.norm1,0.005500808866130137,0.005500808207582092,0.999999999996338,0.9999998802779365,1.0000001197147539,2.706256748953285e-06,0.00013370099244494935,0.0,512,512,1.0,1.0,0.9999998802779365,2.7062567489521705e-06,1.0,1.0,1.0,512,0.9999999993677015,4.2428149781342266e-08,0.9999999975676646,2.7090538604534006e-06,2.9169144815369912e-06,0.0,0.0055008629223455684,0.005500861816871811,0.9999997990355725,1.0000002009630096,1.2076590013938887e-06,0.00013281708784261407,0.0
model.enc.16x16_block2.norm2,0.005500867020425968,0.005500867041005484,0.9999999999999963,1.0000000037411367,0.9999999962588559,8.555686307385707e-08,0.00013379710056623262,0.0,512,512,1.0,1.0,1.0000000037411367,8.555686306449602e-08,1.0,1.0,1.0,512,0.9999999958280557,4.178417746508223e-08,0.9999999948419138,9.532922153610179e-08,5.919691778799776e-07,0.0,0.005500865909552937,0.005500865640740484,0.9999999511325304,1.0000000488671283,5.860516361832257e-07,0.00013296500492788853,0.0
model.enc.16x16_block2.proj,0.06235439970191959,0.06235374177261181,0.9999999635544988,0.9999894121052516,1.0000105151150804,0.0002699804855489903,0.0002967965611840029,0.0,65792,65792,1.0,1.0,0.9999894121052516,0.00026998048554899035,0.9999387067116151,1.0,1.0,65792,0.9999999988432324,4.325278587830454e-08,0.9999999985546136,0.00027018805592638314,1.8489384563612758e-05,0.0,0.062354291941443346,0.06235366855510144,0.9999899662414351,1.0000099613184723,0.00026932989382232053,0.0002961103748124541,0.0
model.enc.16x16_block2.qkv,0.10799700947308491,0.10799501697369386,0.9999999105806103,0.9999814610029544,1.0000183604986594,0.00042288553099623387,0.0004383640251106392,0.0,197373,197376,0.9999848005836576,0.9999999999999999,0.9999814610029546,0.0004228855309962344,0.9999387067116151,1.0,1.0,197373,0.999999999029539,4.334712369696712e-08,0.999999998766969,0.00042329156008493195,2.6823369623245846e-05,0.0,0.10799642606125447,0.10799450843396063,0.999982154530907,1.0000176676347816,0.0004220702217937278,0.00043755409287373127,0.0
model.enc.16x16_block3.affine,0.08789288557360563,0.08785510293050727,0.9999924160155607,0.9995625478150936,1.0004224690835681,0.0038929261051670353,0.0039052750762893058,0.0,131328,131328,1.0,1.0,0.9995625478150936,0.003892926105167039,0.9995088107079265,1.0,1.0,131328,0.9999999999749069,4.3819181684852e-08,1.0000000000550915,0.003917427501538239,2.931693307142604e-05,0.0,0.08789306231972735,0.08785527462267345,0.9995624934790529,1.0004225280708756,0.003892335211068579,0.0039047478812382296,0.0
model.enc.16x16_block3.conv0,0.18673069819366092,0.1867263804237946,0.9999999232167588,0.9999768002403199,1.0000230467278823,0.0003918665265028397,0.0004072231812854163,0.0,590078,590080,0.9999966106290672,1.0,0.9999768002403199,0.0003918665265028405,0.9998774059090352,1.0,1.0,590078,0.999999999060243,4.339236449392575e-08,0.999999998766969,0.00039255237314550284,3.922196382723659e-05,0.0,0.18673012041508769,0.18672599620336902,0.9999778374625836,1.0000220109139957,0.0003900057935563024,0.00040550223832441654,0.0
model.enc.16x16_block3.conv1,0.18673583935182664,0.18673300282184696,0.9999999491071102,0.999984759040516,1.0000151394044463,0.000319033986623805,0.0003403881660298453,0.0,590075,590080,0.9999915265726681,1.0,0.999984759040516,0.0003190339866238047,0.9999387067116151,1.0,1.0,590075,0.9999999990341537,4.335480349037394e-08,0.9999999986663125,0.0003193975913675307,2.783564180665106e-05,0.0,0.1867352067222252,0.18673253148618082,0.999985623111664,1.0000142760381223,0.0003178876580337739,0.00033934263320922644,0.0
model.enc.16x16_block3.norm0,0.005500564787284062,0.00550055951304509,0.9999999997656173,0.9999990409115406,1.0000009586206133,2.165097141221889e-05,0.00013458748849017553,0.0,512,512,1.0,1.0,0.9999990409115406,2.1650971412216404e-05,1.0,1.0,1.0,512,1.0000000022310467,4.473028659105263e-08,1.000000001769238,2.1671334674604812e-05,1.7251681217029574e-05,0.0,0.005500857087455832,0.005500854318058853,0.9999994965409736,1.0000005034377653,4.638366963596682e-06,0.0001325902388021913,0.0
model.enc.16x16_block3.norm1,0.005500668257456571,0.005500668257456571,1.0,1.0,1.0,0.0,0.0001337933315668425,0.0,512,512,1.0,1.0,1.0,0.0,1.0,1.0,1.0,512,0.9999999990803656,4.2187059168886896e-08,1.0000000027502438,4.21970815184281e-08,8.474193923641479e-07,0.0,0.005500863218149773,0.005500862181471748,0.9999998115423191,1.0000001884570258,8.311353440946336e-07,0.00013282670531484088,0.0
model.enc.16x16_block3.norm2,0.005500865329066707,0.005500865251893557,0.999999999999988,0.9999999859707135,1.0000000140292629,1.54520355164851e-07,0.00013377938966575834,0.0,512,512,1.0,1.0,0.9999999859707135,1.5452035516309027e-07,1.0,1.0,1.0,512,0.9999999995458932,4.471756918564332e-08,0.9999999992392375,1.5560531455852177e-07,1.8990645978589485e-07,0.0,0.005500866164856478,0.005500865959704809,0.9999999627055564,1.0000000372944182,1.638057767343356e-07,0.00013297538853255175,0.0
model.enc.16x16_block3.proj,0.06235299676820216,0.062352247997717686,0.9999999537108649,0.9999879451388857,1.0000119624270518,0.00030426311735708573,0.00032775094332793966,0.0,65790,65792,0.9999696011673151,1.0,0.9999879451388857,0.00030426311735708606,0.9999387067116151,1.0,1.0,65790,0.9999999987716839,4.332703892014028e-08,0.9999999985282604,0.0003045016405534312,1.863385182836231e-05,0.0,0.0623530129242563,0.06235230734864214,0.9999886381738153,1.0000112699454249,0.00030332610275251036,0.00032684819452468073,0.0
model.enc.16x16_block3.qkv,0.10799359324127016,0.10799060100652831,0.9999998795481073,0.9999721720305443,1.0000275878333984,0.000490805889507965,0.0005021780097467746,0.0,197375,197376,0.9999949335278858,1.0,0.9999721720305443,0.0004908058895079656,0.999938691680461,1.0,1.0,197375,0.9999999988223038,4.338335308198e-08,0.9999999982751888,0.0004915938569849698,2.942223032340441e-05,0.0,0.10799334988735444,0.10799040929472542,0.999972650531273,1.000027110038554,0.0004900597295091737,0.0005013844400908496,0.0
model.enc.16x16_down.affine,0.08795758988293197,0.08793037228433402,0.9999950589637968,0.9996856204701885,1.0003045932396986,0.00314259974166699,0.00314820624315843,0.0,131328,131328,1.0,1.0,0.9996856204701885,0.0031425997416669915,0.9996931574102486,1.0,1.0,131328,0.9999999999116983,4.371426694821869e-08,0.9999999999551112,0.0031582857225932043,2.6599432155009234e-05,0.0,0.08795771123501336,0.087930534879987,0.999686089855605,1.000304123681006,0.003142582598285901,0.003148204538200317,0.0
model.enc.16x16_down.conv0,0.18672730015318773,0.18672229572978197,0.9999999103963477,0.9999731096931124,1.00002671181788,0.0004233174824527315,0.00043666134767017956,0.0,590072,590080,0.999986442516269,1.0000000000000002,0.9999731096931121,0.0004233174824527305,0.9998773908778813,1.0,1.0,590072,0.9999999989980072,4.333310088662624e-08,0.9999999986356295,0.0004241704208718323,4.143412373729823e-05,0.0,0.18672684930426567,0.18672208354592937,0.9999743884586864,1.0000254343446864,0.0004217095709595659,0.0004352246866837335,0.0
model.enc.16x16_down.conv1,0.18673049057348814,0.18672617294142171,0.9999999150214813,0.9999767927574834,1.000023037820131,0.0004122489180508438,0.00042687614828525514,0.0,590077,590080,0.9999949159436009,1.0,0.9999767927574834,0.00041224891805084405,0.999919527588625,1.0,1.0,590077,0.9999999990259767,4.343425391805618e-08,0.9999999987176976,0.0004129013907420137,3.529334879877661e-05,0.0,0.18672992479238582,0.18672577802378937,0.9999777083770737,1.0000221234786886,0.0004106457310958276,0.0004253624978317147,0.0
model.enc.16x16_down.norm0,0.005500628007060017,0.005500625372861488,0.9999999999414055,0.9999995210508995,1.0000004788321408,1.0825380924288185e-05,0.00013375323442519854,0.0,512,512,1.0,1.0,0.9999995210508995,1.082538092428641e-05,1.0,1.0,1.0,512,1.0000000009056977,4.459968418890716e-08,1.000000001264699,1.0835491229893106e-05,1.0494276786217128e-05,0.0,0.005500863699830236,0.005500862849648318,0.9999998454455253,1.0000001545540693,6.5502386971712e-07,0.00013285962712273488,0.0
model.enc.16x16_down.norm1,0.0055008051433164335,0.0055008051433164335,1.0,1.0,1.0,0.0,0.0001337933315668462,0.0,512,512,1.0,1.0,1.0,0.0,1.0,1.0,1.0,512,1.0000000003016771,4.3192201604550524e-08,0.9999999982976695,4.3193255127433745e-08,1.285052208185009e-06,0.0,0.005500862585361208,0.0055008614168660114,0.999999787578839,1.000000212419599,1.2676049561079702e-06,0.00013280618885048542,0.0
model.enc.16x16_down.skip,0.062355553271547175,0.062355474092344466,0.9999999998776832,0.99999873007574,1.0000012696812386,1.56407552600144e-05,0.00013344327311981788,0.0,65790,65792,0.9999696011673151,1.0,0.9999987300757402,1.5640755260013756e-05,1.0,1.0,1.0,65790,0.9999999987389173,4.3461086979581793e-08,0.9999999987337396,1.5691788271718454e-05,5.703074370654915e-06,0.0,0.062355427843319995,0.06235535329313863,0.9999988043252254,1.0000011954635275,1.4583431135250253e-05,0.00013262122556272174,0.0
model.enc.32x32_block0.affine,0.08799237480333423,0.08797091977279618,0.9999964386716178,0.9997526112470531,1.0002403255627068,0.002668177486737836,0.002670952576150978,0.0,131328,131328,1.0,1.0,0.9997526112470531,0.0026681774867378365,0.9998083248357343,1.0,1.0,131328,1.0000000000401248,4.358403092559759e-08,1.0000000002148004,0.0026796216440950166,2.5749006941618338e-05,0.0,0.08799240517954354,0.0879709784107301,0.999752933707171,1.0002400053333647,0.0026677311426544855,0.002670524024553907,0.0
model.enc.32x32_block0.conv0,0.13206466626208227,0.13206130912743652,0.9999998998224601,0.9999744794401242,1.0000253208510084,0.00044759902123079725,0.0004605656855680104,0.0,295162,295168,0.9999796725932351,1.0,0.999974479440124,0.0004475990212307978,0.9998774059090352,1.0,1.0,295162,0.9999999989573543,4.337450305419265e-08,0.9999999985372814,0.0004483257761470715,3.534328223012523e-05,0.0,0.13206437857415082,0.13206114131280489,0.999975387707942,1.0000244138077383,0.0004461787078028959,0.00045921489098839716,0.0
model.enc.32x32_block0.conv1,0.18673285684582644,0.1867291811908095,0.9999999412529104,0.9999802572248122,1.000019625668477,0.0003427674879794749,0.000361286476988838,0.0,590077,590080,0.9999949159436009,1.0,0.999980257224812,0.00034276748797947487,0.9999386973180077,1.0,1.0,590077,0.9999999989760009,4.3352568577310677e-08,0.9999999986028475,0.00034333532767496404,3.131946354478469e-05,0.0,0.186732512535486,0.1867289843025796,0.9999810471523376,1.0000188366726073,0.00034136147995903653,0.000359955150565956,0.0
model.enc.32x32_block0.norm0,0.0038897164424385186,0.0038897164415290274,1.0,0.9999999997661807,1.0000000002338194,3.733810976635789e-09,0.00013379309776832154,0.0,256,256,1.0,1.0,0.9999999997661807,3.733810972077101e-09,1.0,1.0,1.0,256,1.0000000004704617,4.469197245611733e-08,0.9999999988963173,4.437956840247376e-08,8.876459365081364e-08,0.0,0.003889699795763708,0.0038896996902623962,0.9999999728767408,1.0000000271232474,1.116990639730776e-07,0.00013298550707323498,0.0
model.enc.32x32_block0.norm1,0.005500904841733818,0.005500904852023506,0.9999999999999991,1.0000000018705435,0.9999999981294546,4.2284527522503016e-08,0.00013379520904428544,0.0,512,512,1.0,1.0,1.0000000018705435,4.228452752032714e-08,1.0,1.0,1.0,512,0.9999999975222177,4.3023860709774015e-08,0.9999999971100049,5.88029790265163e-08,5.261713918740123e-07,0.0,0.005500865106949339,0.0055008646181917914,0.9999999111488277,1.0000000888509015,5.278186097538881e-07,0.00013292477224288553,0.0
model.enc.32x32_block0.skip,0.044178360551207045,0.04417826945693464,0.9999999997062448,0.9999979377403584,1.000002061676383,2.4238567477492905e-05,0.00013394277879099254,0.0,33024,33024,1.0,1.0,0.9999979377403584,2.4238567477491312e-05,1.0,1.0,1.0,33024,0.9999999988257303,4.316821884739776e-08,0.9999999985475825,2.4325592814401018e-05,1.0140169112349468e-05,0.0,0.04417821269552884,0.04417813056396531,0.9999981406609583,1.0000018588575463,2.202157796755552e-05,0.00013298943001575564,0.0
model.enc.32x32_block1.affine,0.08792238142999519,0.08789008629772199,0.9999935273777691,0.9996262156340043,1.0003609740899,0.0035966226382977947,0.003605104125557994,0.0,131328,131328,1.0,1.0,0.9996262156340043,0.003596622638297794,0.9997085442552539,1.0,1.0,131328,0.9999999999331123,4.3727240987826475e-08,0.999999999942567,0.003615993374688267,3.013149084135529e-05,0.0,0.08792242526483905,0.08789015765927621,0.9996265268777996,1.0003606585808205,0.003597184266573879,0.003605693044862099,0.0
model.enc.32x32_block1.conv0,0.18672908891489856,0.1867245458648485,0.9999999005743597,0.9999755709446015,1.0000242307960634,0.0004459165784072766,0.0004591891068253448,0.0,590076,590080,0.9999932212581345,1.0,0.9999755709446015,0.0004459165784072762,0.9999080318822808,1.0,1.0,590076,0.9999999989090351,4.33941757022214e-08,0.9999999986028281,0.00044658506768772635,3.656643031402998e-05,0.0,0.1867286031010388,0.18672420629556505,0.9999763546951164,1.0000234482494217,0.0004445228870894118,0.0004578358677951648,0.0
model.enc.32x32_block1.conv1,0.18673242094877168,0.18672894594785613,0.9999999314554788,0.9999813219357195,1.0000185413215588,0.0003702484778277757,0.0003877777314944415,0.0,590071,590080,0.9999847478308026,0.9999999999999998,0.9999813219357198,0.00037024847782777544,0.9999387029545176,1.0,1.0,590071,0.999999998920325,4.3410096757166464e-08,0.9999999986642091,0.0003707190852720151,3.0109006845976967e-05,0.0,0.1867320126049666,0.18672867302059853,0.9999820475431134,1.0000178166001465,0.00036901452707832947,0.00038658276313947355,0.0
model.enc.32x32_block1.norm0,0.005500763593436055,0.005500763583146103,0.9999999999999991,0.9999999981293586,1.0000000018706396,4.228561109894687e-08,0.00013379146735920672,0.0,512,512,1.0,1.0,0.9999999981293586,4.22856111001276e-08,1.0,1.0,1.0,512,0.9999999983663069,4.226116864979578e-08,0.9999999977138648,5.8889495406485024e-08,3.9576490662893043e-07,0.0,0.005500864674132054,0.005500864032954619,0.9999998834405349,1.0000001165593297,3.85588096878117e-07,0.0001328965715744317,0.0
model.enc.32x32_block1.norm1,0.005500917050715678,0.005500917050715678,1.0,1.0,1.0,0.0,0.00013379333156684768,0.0,512,512,1.0,1.0,1.0,0.0,1.0,1.0,1.0,512,0.9999999997004568,4.133167117331427e-08,0.9999999976145231,4.133275659892675e-08,2.7917686465717854e-06,0.0,0.005500862021563558,0.00550086066927491,0.9999997541639906,1.0000002458283184,2.7841664195989063e-06,0.00013279591535681246,0.0
model.enc.32x32_block2.affine,0.08795243950018561,0.08792378555952782,0.9999948525055596,0.9996690651445197,1.0003207460391403,0.003207531060630732,0.0032140147680231324,0.0,131328,131328,1.0,1.0,0.9996690651445197,0.0032075310606307313,0.9996624731512734,1.0,1.0,131328,0.9999999999581999,4.35929839654846e-08,1.0000000001085354,0.0032245578909164533,2.779488357910832e-05,0.0,0.08795250966982861,0.0879238811865612,0.9996693545164441,1.0003204558157621,0.003207635221559286,0.003214146411859142,0.0
model.enc.32x32_block2.conv0,0.18673059059986677,0.18672653464146127,0.9999999115819956,0.9999781906736332,1.0000216329621663,0.0004205095942159779,0.00043521879876243826,0.0,590072,590080,0.999986442516269,1.0,0.9999781906736332,0.000420509594215979,0.9999386935597585,1.0,1.0,590072,0.9999999989717001,4.344273272513394e-08,0.9999999986642091,0.00042107455474579684,3.487891016949016e-05,0.0,0.1867299481522354,0.18672603691464107,0.999978966156013,1.0000208585064627,0.00041924801142959755,0.00043399800629301803,0.0
model.enc.32x32_block2.conv1,0.18673467228477897,0.1867316116935929,0.9999999484821356,0.9999835584299244,1.0000163388029852,0.00032098652420113047,0.0003418052666080956,0.0,590074,590080,0.9999898318872017,0.9999999999999998,0.9999835584299246,0.00032098652420113047,0.9999387067116151,1.0,1.0,590074,0.9999999989829353,4.340019828101336e-08,0.9999999985980442,0.00032140707486743783,2.844406132118435e-05,0.0,0.18673423266611183,0.1867313223278873,0.9999843634347221,1.0000155345886563,0.0003197129066439291,0.0003406173495815952,0.0
model.enc.32x32_block2.norm0,0.005500793589315873,0.0055007929207182985,0.9999999999963374,0.9999998784506796,1.0000001215420098,2.7065138163850218e-06,0.0001336991705231815,0.0,512,512,1.0,1.0,0.9999998784506796,2.706513816387183e-06,1.0,1.0,1.0,512,1.0000000024959068,4.2758104936084385e-08,1.0000000017303377,2.710891721167978e-06,1.5528948984977787e-06,0.0,0.005500860088690842,0.005500858187389448,0.9999996543544496,1.000000345628793,4.108149617746574e-06,0.0001327305034376405,0.0
model.enc.32x32_block2.norm1,0.005500890547814168,0.005500887913741361,0.9999999999414111,0.999999521096616,1.0000004787864354,1.0824865273097052e-05,0.00013375323825311628,0.0,512,512,1.0,1.0,0.999999521096616,1.0824865273093486e-05,1.0,1.0,1.0,512,0.9999999995473319,4.2882305760311624e-08,0.9999999982594026,1.0836797804015802e-05,1.0488056309522868e-05,0.0,0.005500863573794,0.0055008626779597496,0.9999998371462117,1.0000001628530073,8.98580093333719e-07,0.0001328527512876085,0.0
model.enc.32x32_block3.affine,0.08794865951907552,0.08791967310666982,0.9999945389227602,0.9996649573888612,1.0003242291170527,0.0033037745598258244,0.0033103423604486913,0.0,131328,131328,1.0,1.0,0.9996649573888612,0.0033037745598258218,0.9997546012269939,1.0,1.0,131328,0.9999999998720639,4.366220611203607e-08,0.999999999928037,0.0033207197732530356,2.4551485606528353e-05,0.0,0.08794877093627525,0.08791980609127006,0.9996652042702583,1.000323984551239,0.003303400646080995,0.003309999006020893,0.0
model.enc.32x32_block3.conv0,0.18673148653804575,0.18672746364002685,0.9999999183311324,0.9999783745745602,1.0000214625518482,0.00040414191892256673,0.0004194703669661133,0.0,590077,590080,0.9999949159436009,0.9999999999999996,0.9999783745745605,0.0004041419189225658,0.9999386898010484,1.0,1.0,590077,0.9999999989469829,4.340866244742931e-08,0.9999999985838133,0.0004047198878909363,3.559457971646277e-05,0.0,0.1867308494036985,0.18672698455650727,0.9999792214484637,1.0000206167175052,0.0004028097566906477,0.00041820416712173164,0.0
model.enc.32x32_block3.conv1,0.18673465302833925,0.18673170486617346,0.9999999524770049,0.9999841645020473,1.0000157407012262,0.0003082904271559011,0.00033012417678476245,0.0,590071,590080,0.9999847478308026,1.0,0.9999841645020473,0.00030829042715590165,0.9999387067116151,1.0,1.0,590071,0.9999999988750974,4.3389817372176614e-08,0.9999999984204235,0.000308696569072722,2.762700576680395e-05,0.0,0.18673427164990805,0.186731492487701,0.9999850698929603,1.0000148360706733,0.0003070098776671244,0.0003289728620363862,0.0
model.enc.32x32_block3.norm0,0.005500754129601503,0.00550075411416655,0.9999999999999989,0.9999999971940287,1.0000000028059692,4.723980829070464e-08,0.000133790533562169,0.0,512,512,1.0,1.0,0.9999999971940287,4.723980829091865e-08,1.0,1.0,1.0,512,0.9999999993454494,4.3757469049149126e-08,0.9999999987158805,6.394536769153574e-08,9.490647833081453e-07,0.0,0.005500863412375143,0.005500862418146389,0.9999998192590724,1.0000001807400871,9.344097333074592e-07,0.00013283510945079748,0.0
model.enc.32x32_block3.norm1,0.005500804814865437,0.005500804135777531,0.9999999999963367,0.9999998765438732,1.0000001234488154,2.7067529344482374e-06,0.00013369726869470318,0.0,512,512,1.0,1.0,0.9999998765438732,2.7067529344465268e-06,1.0,1.0,1.0,512,0.9999999988562147,4.24109077094969e-08,0.9999999987195431,2.7074932655726874e-06,2.697946475925163e-06,0.0,0.005500862008556029,0.00550086063302116,0.9999997499401976,1.0000002500563754,1.8680668501967418e-06,0.00013277563934367416,0.0
model.enc.32x32_conv,0.014553940582557648,0.014553939140719443,0.9999999999966255,0.999999900928047,1.0000000990652138,2.59785628082855e-06,0.0001337194906239317,0.0,3584,3584,1.0,1.0,0.999999900928047,2.597856280827936e-06,1.0,1.0,1.0,3584,0.9999999992898551,4.304762067139194e-08,0.9999999994687692,2.5998386758658285e-06,2.3257488706527304e-06,0.0,0.014553917450135468,0.014553915096758826,0.99999983829898,1.0000001617001315,9.564234649294163e-07,0.00013285430811533046,0.0
model.enc.8x8_block0.affine,0.08784232732948632,0.08779789250402249,0.9999901492527284,0.9994843066925589,1.0004962478216155,0.004436380364709986,0.004453384992059418,0.0,131328,131328,1.0,1.0,0.9994843066925589,0.004436380364709983,0.99950884086444,1.0,1.0,131328,0.9999999999395964,4.3545789773811813e-08,1.0000000001475493,0.004466252303398487,3.619769104216567e-05,0.0,0.08784244083376733,0.08779804247503772,0.9994847227065511,1.0004958318400077,0.004436331186571829,0.004453363796708183,0.0
model.enc.8x8_block0.conv0,0.18672989296237766,0.18672537834814878,0.999999917634378,0.9999757403921303,1.000024095461179,0.00040586114849756525,0.00042043344081220895,0.0,590077,590080,0.9999949159436009,1.0,0.9999757403921303,0.00040586114849756584,0.9998774059090352,1.0,1.0,590077,0.999999999138348,4.3431236548601465e-08,0.9999999987738091,0.00040658526133388807,3.984521243630879e-05,0.0,0.18672937846030985,0.18672507199058927,0.9999768558361959,1.0000229816152815,0.0004038228459109234,0.00041855306621223557,0.0
model.enc.8x8_block0.conv1,0.18673446718603684,0.18673116430407485,0.9999999431182114,0.9999822555331399,1.000017631016139,0.0003372825960906007,0.0003567306829870523,0.0,590074,590080,0.9999898318872017,1.0,0.9999822555331401,0.0003372825960905997,0.9999387029545176,1.0,1.0,590074,0.9999999990954136,4.339120089756019e-08,0.9999999987403584,0.0003377487553257963,3.106969353637387e-05,0.0,0.1867333909999975,0.1867302530217584,0.9999831390298622,1.000016748492123,0.00033579252648130973,0.0003553551688843246,0.0
model.enc.8x8_block0.norm0,0.005500498149840799,0.005500497486110333,0.9999999999963376,0.9999998793290001,1.0000001206636895,2.70645053162606e-06,0.00013370004749967284,0.0,512,512,1.0,1.0,0.9999998793290001,2.7064505316263407e-06,1.0,1.0,1.0,512,0.9999999977340682,4.393930856516665e-08,0.9999999973341711,2.7113641276289685e-06,2.969753923017437e-06,0.0,0.005500860740925916,0.005500858995563569,0.9999996827101896,1.000000317288197,1.3091553704102494e-06,0.0001327017145492904,0.0
model.enc.8x8_block0.norm1,0.00550067841600052,0.00550067841600052,1.0,1.0,1.0,0.0,0.00013379333156684218,0.0,512,512,1.0,1.0,1.0,0.0,1.0,1.0,1.0,512,0.9999999986808444,4.391784770054241e-08,0.9999999967648647,4.393765489713113e-08,3.8523910640416485e-07,0.0,0.005500863836159265,0.005500862964748012,0.9999998415864081,1.0000001584134912,3.545710420321219e-07,0.00013285462563277333,0.0
model.enc.8x8_block1.affine,0.08782218436587284,0.08777495235079792,0.9999893118250007,0.9994515034045894,1.0005274096420422,0.004620957591162135,0.004640151178011338,0.0,131328,131328,1.0,1.0,0.9994515034045894,0.004620957591162138,0.9993241582698452,1.0,1.0,131328,0.9999999998511454,4.346713516122802e-08,0.9999999999064239,0.004653396373658841,3.3785154943959284e-05,0.0,0.08782229953415843,0.0877750701638463,0.9994515351305131,1.0005273796959988,0.004620761764962463,0.004640019494327243,0.0
model.enc.8x8_block1.conv0,0.18672886813187273,0.1867240752758352,0.9999999128633347,0.9999742454040509,1.000025580981454,0.00041744984966820946,0.00043125704026490864,0.0,590077,590080,0.9999949159436009,0.9999999999999998,0.9999742454040511,0.00041744984966820946,0.9998773908778813,1.0,1.0,590077,0.9999999991695897,4.3465972323758516e-08,0.9999999989128149,0.0004182432495478932,4.120504812026891e-05,0.0,0.18672837921945126,0.18672382985671754,0.9999755501619483,1.0000242778141748,0.00041546245870630326,0.00042946494659505376,0.0
model.enc.8x8_block1.conv1,0.18673230581156824,0.18672846955273575,0.9999999421140909,0.9999793979527913,1.0000204866974618,0.00034024558496010307,0.0003586219189278399,0.0,590073,590080,0.9999881372017354,1.0,0.9999793979527911,0.000340245584960103,0.9999386954389407,1.0,1.0,590073,0.9999999990450564,4.343160342635012e-08,0.9999999986642091,0.00034086851310077696,3.3094099306498184e-05,0.0,0.18673137786257166,0.1867277034400769,0.9999802650481586,1.0000196206024166,0.0003387213024736695,0.00035720284481355905,0.0
model.enc.8x8_block1.norm0,0.00550046984470818,0.005500464563938394,0.9999999998830348,0.9999990398250882,1.0000009599419033,1.5294768812176586e-05,0.000133710904311712,0.0,512,512,1.0,1.0,0.9999990398250882,1.5294768812175648e-05,1.0,1.0,1.0,512,1.0000000012845123,4.347484018035971e-08,1.0000000021447337,1.5323397169313536e-05,1.4804919259675848e-05,0.0,0.005500861838681908,0.0055008604296450615,0.9999997438512341,1.000000256148059,8.790783026618491e-07,0.00013275931543696738,0.0
model.enc.8x8_block1.norm1,0.005500577655024973,0.005500577655024973,1.0,1.0,1.0,0.0,0.00013379333156683846,0.0,512,512,1.0,1.0,1.0,0.0,1.0,1.0,1.0,512,0.9999999973723575,4.226341639801728e-08,0.9999999973065045,4.234502180495126e-08,1.6493191118758592e-06,0.0,0.005500861401431232,0.005500859843234451,0.9999997167345331,1.0000002832628958,1.6283114705459255e-06,0.00013273927414707615,0.0
model.enc.8x8_block2.affine,0.08779320944786762,0.08774123308993416,0.9999876246424233,0.9993956003271681,1.0005799996624343,0.004972048315025836,0.004994940081317096,0.0,131328,131328,1.0,1.0,0.9993956003271681,0.004972048315025839,0.9993241240108102,1.0,1.0,131328,1.0000000001252656,4.360488193234711e-08,1.0000000002746257,0.005008648946125069,3.695359491832388e-05,0.0,0.08779334362158066,0.0877413506815889,0.9993954115714726,1.000580187066424,0.004972205523702409,0.004995184153653864,0.0
model.enc.8x8_block2.conv0,0.18671948286372328,0.18671227326829368,0.9999998521483793,0.9999612402464337,1.0000384655412615,0.0005437650086537239,0.0005520778073618114,0.0,590078,590080,0.9999966106290672,0.9999999999999998,0.9999612402464338,0.0005437650086537243,0.9997548418730081,1.0,1.0,590078,0.9999999991421087,4.3388216747934646e-08,0.99999999880546,0.0005451443540174693,4.6152076317898535e-05,0.0,0.18671925458168873,0.18671236079535247,0.999962932645061,1.0000367751912513,0.0005417611767515359,0.0005502615733213836,0.0
model.enc.8x8_block2.conv1,0.186722727094259,0.18671660273820415,0.9999998792262053,0.9999670800302506,1.0000326794979828,0.0004914587771508826,0.0005017677861199074,0.0,590072,590080,0.999986442516269,1.0,0.9999670800302508,0.0004914587771508813,0.999877375843041,1.0,1.0,590072,0.999999998984348,4.344712449720066e-08,0.9999999987113669,0.0004925598251805089,3.8357489584045436e-05,0.0,0.18672220902938033,0.18671627706940533,0.9999681110300364,1.0000316498401491,0.0004900243233969277,0.0005004126785363503,0.0
model.enc.8x8_block2.norm0,0.005500709670067794,0.00550070930864463,0.9999999999996141,0.9999999342947897,1.000000065704443,8.784649933593738e-07,0.00013373050365202152,0.0,512,512,1.0,1.0,0.9999999342947897,8.784649933595828e-07,1.0,1.0,1.0,512,0.9999999966901469,4.395730571994376e-08,0.9999999970993616,8.827439262772777e-07,1.7303857875087735e-06,0.0,0.005500857812258634,0.0055008552238148,0.9999995294455805,1.0000004705513248,1.820998530315076e-06,0.0001325544821257772,0.0
model.enc.8x8_block2.norm1,0.005500656352122153,0.005500656352122153,1.0,1.0,1.0,0.0,0.0001337933315668407,0.0,512,512,1.0,1.0,1.0,0.0,1.0,1.0,1.0,512,0.9999999997017567,4.4143735679375474e-08,0.9999999955277731,4.4144743160977225e-08,1.0531954899342483e-06,0.0,0.00550086049909215,0.005500858687473924,0.9999996706658834,1.0000003293332045,1.0102488056661895e-06,0.00013268705607592858,0.0
model.enc.8x8_block3.affine,0.08772287515060624,0.08766365108709413,0.9999853005165846,0.999310183646016,1.0006608734845657,0.00541840090682419,0.005447585635087593,0.0,131328,131328,1.0,1.0,0.999310183646016,0.005418400906824188,0.9987686245536264,1.0,1.0,131328,1.0000000001149671,4.371582473491009e-08,1.0000000002611642,0.00546213475446541,4.092005073996717e-05,0.0,0.08772295581044018,0.0876637077406209,0.9993099096718486,1.0006611459496642,0.005418572502432612,0.005447859865741541,0.0
model.enc.8x8_block3.conv0,0.18663956873974,0.18661317128153557,0.9999992164061168,0.9998577810304469,1.0001406717885974,0.0012516963978363965,0.0012518923486266368,0.0,590078,590080,0.9999966106290672,1.0,0.9998577810304469,0.0012516963978363967,0.9996316758747698,1.0,1.0,590078,0.9999999988785979,4.337455937418749e-08,0.9999999985730952,0.0012597496279510133,5.111208453493838e-05,0.0,0.1866401297776977,0.1866138290114723,0.9998583008521925,1.0001401544820072,0.0012506337054009238,0.0012508303493242404,0.0
model.enc.8x8_block3.conv1,0.18666910791855323,0.18664971809536005,0.9999994894082268,0.999895616766904,1.0001033728402018,0.0010104311706164387,0.0010109938178395732,0.0,590075,590080,0.9999915265726681,1.0,0.999895616766904,0.0010104311706164394,0.9997545936991932,1.0,1.0,590075,0.9999999988089011,4.327252438894565e-08,0.9999999984680261,0.001015808183831087,4.605343622662112e-05,0.0,0.1866694244152442,0.1866501628979911,0.9998963052551448,1.000102686148544,0.0010094721364837217,0.0010100315977118436,0.0
model.enc.8x8_block3.norm0,0.005500790338217189,0.005500782093158973,0.9999999998749173,0.9999985009888104,1.0000014987632708,1.5816598563294997e-05,0.0001332365035346931,0.0,512,512,1.0,1.0,0.9999985009888104,1.5816598563295458e-05,1.0,1.0,1.0,512,1.0000000001256544,4.2644549843918474e-08,0.9999999998600226,1.5889476801249765e-05,4.8493880140252615e-06,0.0,0.005500836471176424,0.00550082788318829,0.9999984387103164,1.0000015611426525,1.222571131579984e-05,0.00013201854701392262,0.0
model.enc.8x8_block3.norm1,0.005500773652421087,0.005500735332837503,0.9999999971182099,0.9999930309011111,1.000006963383837,7.591771835566235e-05,0.00014781472114717859,0.0,512,512,1.0,1.0,0.9999930309011111,7.591771835566186e-05,1.0,1.0,1.0,512,1.000000000986482,4.4109122315308856e-08,1.0000000029749048,7.623761167887199e-05,6.026101306991581e-05,0.0,0.005500809700957608,0.005500793539404985,0.9999970612065915,1.0000029372783814,3.903396381219121e-05,0.00013580554399741563,0.0
model.enc.8x8_down.affine,0.08791059049978647,0.08787657369839882,0.9999930514895347,0.9996061064715549,1.000380146292961,0.0037264218663451976,0.0037359892226458617,0.0,131328,131328,1.0,1.0,0.9996061064715549,0.0037264218663451967,0.9997545409916544,1.0,1.0,131328,1.000000000056276,4.365010739140578e-08,1.0000000001776579,0.003747181913353415,3.324742839470998e-05,0.0,0.08791069515718737,0.087876707630688,0.9996064406853215,1.0003798133182549,0.0037262223756271253,0.0037358183849399776,0.0
model.enc.8x8_down.conv0,0.18672731597954567,0.1867222142806991,0.9999998958147025,0.999972574165011,1.0000272182108871,0.0004564637969553102,0.00046875176750212576,0.0,590077,590080,0.9999949159436009,1.0,0.9999725741650112,0.00045646379695531093,0.9998773908778813,1.0,1.0,590077,0.9999999991470265,4.343949444103287e-08,0.999999998766969,0.0004572866994693403,4.032386486823136e-05,0.0,0.18672684224898556,0.1867219563532951,0.9999737305508729,1.0000260632423066,0.0004548413572535672,0.0004672569431633393,0.0
model.enc.8x8_down.conv1,0.18673275815161858,0.1867289567709561,0.999999934057948,0.999979576727775,1.0000202918025503,0.0003631511119715505,0.00038048150056479004,0.0,590075,590080,0.9999915265726681,1.0,0.999979576727775,0.0003631511119715501,0.9999386954389407,1.0,1.0,590075,0.9999999990522841,4.348163757907075e-08,0.9999999986572247,0.00036372466148688816,3.2990428985394836e-05,0.0,0.18673170403079903,0.18672808917358497,0.9999805760118696,1.0000192935075,0.00036173238824932437,0.00037919245161781973,0.0
model.enc.8x8_down.norm0,0.0055004602836497595,0.0055004602836497595,1.0,1.0,1.0,0.0,0.00013379333156683467,0.0,512,512,1.0,1.0,1.0,0.0,1.0,1.0,1.0,512,1.0000000024573827,4.415445492660624e-08,1.0000000037010914,4.422278394678771e-08,8.671431664671177e-07,0.0,0.0055008624020439515,0.005500861157641862,0.9999997737801897,1.000000226219149,8.440413672096808e-07,0.00013278902033087234,0.0
model.enc.8x8_down.norm1,0.0055008229686600105,0.0055008203352006945,0.9999999999414095,0.999999521202259,1.0000004786807895,1.0825003193074205e-05,0.00013375335472864706,0.0,512,512,1.0,1.0,0.999999521202259,1.0825003193073558e-05,1.0,1.0,1.0,512,1.0000000010229617,4.2673606152512037e-08,0.9999999999100551,1.0833928790596441e-05,8.044840279274966e-06,0.0,0.005500860808691356,0.0055008591187908126,0.999999692789102,1.0000003072023222,2.944518089195878e-06,0.0001327380069875517,0.0
model.enc.8x8_down.skip,0.06235598085066807,0.06235588093973152,0.9999999993993188,0.9999983971322207,1.0000016016689843,3.4660620625812064e-05,0.0001366599507182743,0.0,65791,65792,0.9999848005836576,1.0,0.9999983971322207,3.466062062581235e-05,0.9999999401417378,1.0,1.0,65791,0.9999999988853888,4.338451353805697e-08,0.9999999984185274,3.469738596743046e-05,6.1429426629003054e-06,0.0,0.06235584194695429,0.06235575084835226,0.9999985384690306,1.0000014603658625,3.416486515175325e-05,0.0001359160687560079,0.0
model.map_layer0,0.06230073112390736,0.06226805593556779,0.9999919773577924,0.9994675063667019,1.0005167235652546,0.00400354765500137,0.004023891380612478,0.0,66048,66048,1.0,1.0,0.9994675063667019,0.004003547655001368,0.9976668758366479,1.0,1.0,66048,1.0000000001058584,4.300654376876339e-08,1.0000000006506546,0.004038804580436587,1.2605347902580322e-05,0.0,0.06230079002295941,0.0622681165932488,0.9994675350758377,1.000516694796935,0.004003551391901316,0.0040239665446065,0.0
model.map_layer1,0.12435659634293803,0.12431634440332845,0.9999935183534149,0.9996698388712286,1.00031730263861,0.0035992861216483985,0.00360512205445068,0.0,262656,262656,1.0,1.0,0.9996698388712286,0.003599286121648396,0.9996624835077168,1.0,1.0,262656,0.9999999999435825,4.35805529020497e-08,1.0000000000525286,0.0036143972167591862,1.376110185307291e-05,0.0,0.12435661699774411,0.12431636210309044,0.9996698154332543,1.000317326633659,0.0035992108310847863,0.0036050879491693606,0.0
