layer,update_1_l2,update_1p3_l2,update_cosine,s_K_star_layer,c_K_star_layer,R_opt_layer,layer_residual_with_global_c_star,support_atol,support_coordinate_count,coordinate_count,support_coordinate_coverage,support_energy_coverage,h_update_weighted_mean,h_update_weighted_std,h_update_p05,h_update_p50,h_update_p95,h_moment_coordinate_count,h_moment_weighted_mean,h_moment_weighted_std,h_moment_p50,h_update_minus_moment_weighted_rmse,h_update_minus_moment_eps_weighted_rmse,off_support_candidate_energy_exact,predicted_1_l2,predicted_1p3_l2,s_K_star_predicted_layer,c_K_star_predicted_layer,R_pred_layer,predicted_layer_residual_with_global_c_star,predicted_off_support_candidate_energy_exact
model.dec.16x16_block0.affine,0.0066311474579662626,0.006303155305065834,0.994375500537437,0.9451913490342305,1.04611900762675,0.10067339801183361,0.10661389475568336,0.0,131255,131328,0.9994441398635477,1.0000000000000002,0.9451913490342305,0.1006610758834727,0.3554034645808477,0.9524456521739131,1.6133333333333333,131255,0.9451896942033605,0.10067165660899699,0.9524723738277745,0.0013915223522085421,0.0013915223525129755,6.0268339966846675e-09,0.006631155210615566,0.006303149824726807,0.9451901991854528,1.046122000206926,0.10066589747471306,0.10660656740177034,0.0
model.dec.16x16_block0.conv0,0.02125525382758332,0.020424997834723464,0.994915523919758,0.9560529169227188,1.035357857515475,0.09677898940648269,0.10073293322766652,0.0,1178939,1179904,0.9991821368518117,1.0000000000000002,0.9560529169227189,0.09673817875569468,0.358974358974359,0.9578947368421052,1.553252641849668,1178939,0.9560524546951964,0.09677419981456854,0.957908519095529,0.0020080095561873304,0.0020080095532438226,1.9712131939043153e-07,0.021255242584986414,0.02042496415156308,0.9560525049739138,1.0353597309777611,0.09677237064729666,0.10072619082534487,0.0
model.dec.16x16_block0.conv1,0.015000343623002397,0.01442883277373712,0.9950087858619345,0.9570990998889845,1.0344200345160475,0.0959854709213869,0.09979348099800822,0.0,589510,590080,0.9990340292841648,1.0000000000000002,0.9570990998889842,0.09594217397150656,0.36363636363636365,0.958041958041958,1.5444444444444445,589510,0.9571043065041407,0.09597504202712917,0.9579953729026739,0.0021792320419363187,0.0021792320371424533,1.0330116952738946e-07,0.015000312095475036,0.014428868609237299,0.957104396143057,1.0344162721904349,0.09597686096056669,0.0997840305414796,0.0
model.dec.16x16_block0.norm0,0.0005996516348148772,0.0005777674051362405,0.9945232786292505,0.9582282456690012,1.0321930669502812,0.10070102553795952,0.10452045643225094,0.0,1022,1024,0.998046875,1.0,0.9582282456690012,0.1005421527527056,0.35508235473539734,0.9630846352265537,1.5507421150278289,1022,0.9582268571666629,0.10043748377253872,0.9621758524163064,0.0035334051956854816,0.0035334051957695146,6.351505912704836e-10,0.0005996640473418931,0.0005777704101480581,0.958219676456517,1.0322158309467324,0.1006396741632167,0.10445818956017333,0.0
model.dec.16x16_block0.norm1,0.0003966509566898399,0.00037742021038296534,0.9941454417039877,0.9459464938403763,1.0448002774960246,0.10281160256654204,0.10860570948767126,0.0,508,512,0.9921875,1.0,0.9459464938403763,0.10261814196329025,0.30644677661169417,0.9424182139699381,1.5213735558408212,508,0.9455445059935169,0.10267146826041887,0.9428010999633334,0.003984800313540149,0.00398480031521139,3.454465514944534e-10,0.00039670701949843736,0.00037731472031304815,0.9455465128298995,1.0452379510124172,0.10278620697259863,0.10866672258907434,0.0
model.dec.16x16_block0.skip,0.006927487777148532,0.006642693488991255,0.9947307224898583,0.9538365863855459,1.0373781257592047,0.09830737944364373,0.10259777793206035,0.0,131303,131328,0.9998096369395711,1.0,0.9538365863855456,0.09829780408870789,0.33527893925107854,0.9537860013517541,1.561904761904762,131303,0.9538376742780117,0.09830374744324465,0.9537950059396479,0.0008943724716256494,0.0008943724714887723,4.991250504890874e-09,0.006927483263334538,0.006642696201014636,0.9538377028042075,1.0373771410243333,0.09830646007846883,0.10259666640759059,0.0
model.dec.16x16_block1.affine,0.0065831180437749106,0.006336241565361039,0.9940884225774553,0.9568086643586288,1.0328206972968361,0.10450185037804409,0.10857437762233868,0.0,131264,131328,0.9995126705653021,1.0000000000000002,0.9568086643586284,0.1044767670525082,0.237375972762646,0.954897846320798,1.6666666666666667,131264,0.9568065375542296,0.10449774280184083,0.9548913449217133,0.0014190275760227735,0.0014190275602004177,1.2550419344712331e-08,0.006583124672315484,0.0063362339543528426,0.9568068858174104,1.032823338579167,0.10449855992998053,0.10857118952870079,0.0
model.dec.16x16_block1.conv0,0.021088081562992946,0.020242501987864963,0.9948007126211325,0.9549116804489804,1.0363560087213608,0.09775720738778619,0.10188382952954242,0.0,1178993,1179904,0.9992279032870471,1.0,0.9549116804489804,0.09772251653379788,0.3469387755102041,0.9558441558441558,1.5576923076923077,1178993,0.9549133683514536,0.09775928818871907,0.9558190419304488,0.0019953977264127298,0.0019953977220633656,1.666091462661225e-07,0.021088063062235665,0.020242506998038333,0.9549132319038882,1.0363553610775358,0.09775265434898159,0.10187894917000193,0.0
model.dec.16x16_block1.conv1,0.014694946370050923,0.014102233957164464,0.9948284843260846,0.9547026358537946,1.036640809461531,0.09747238956429441,0.10162060972921227,0.0,589476,590080,0.998976409978308,1.0,0.9547026358537946,0.09742008289292332,0.3488372093023256,0.9553703193045462,1.557974059188893,589476,0.9547039903995428,0.09745639359810548,0.9553857115407911,0.0023008560878423454,0.0023008560817357067,1.216175206729198e-07,0.014694943147149232,0.014102239043005012,0.9547040973886295,1.0366411940099265,0.09746355371745963,0.10161135282291447,0.0
model.dec.16x16_block1.norm0,0.0005423453390858445,0.000523588245453698,0.9944807430683013,0.9600864797294838,1.0301071509853377,0.10129061441939514,0.10496369782723763,0.0,1024,1024,1.0,1.0,0.9600864797294838,0.10129061441939513,0.400989010989011,0.960837324981577,1.4117241379310332,1024,0.9601281631704591,0.10123917204720709,0.9607889835885792,0.002417863257478186,0.002417863256400629,0.0,0.0005423601248066262,0.0005236198461773047,0.9601299564585741,1.0300856249250565,0.10118294133938906,0.10484936524033685,0.0
model.dec.16x16_block1.norm1,0.0003851020327682222,0.0003703320876145178,0.9937910961651532,0.9556758988002166,1.033426440969187,0.10699483789888155,0.11126221141727662,0.0,511,512,0.998046875,1.0,0.9556758988002166,0.10647593273389416,0.27717391304347827,0.9571428571428572,1.6306818181818183,511,0.9553876172877104,0.10638777205796991,0.9575479762907849,0.005722211299817665,0.0057222113008857526,9.075823034717912e-10,0.0003851735813230191,0.00037028828962704547,0.9553695058393369,1.0337235323391891,0.10710393190528911,0.11141027452750013,0.0
model.dec.16x16_block1.skip,0.00674749040564583,0.006478222986454832,0.9949192023185895,0.9552156518418472,1.036273031365851,0.09665898339783587,0.10071787944121705,0.0,131289,131328,0.999703033625731,0.9999999999999999,0.9552156518418475,0.09664118308639483,0.35111176829380997,0.955352580480327,1.560074324467499,131289,0.9552160559937101,0.09664480284887313,0.9553101346219481,0.0008002969343572607,0.0008002969342066924,8.65470692827746e-09,0.006747485514399012,0.006478221339057766,0.9552162167426392,1.0362726688599841,0.0966578887051139,0.10071667587425127,0.0
model.dec.16x16_block2.affine,0.006668391427172226,0.006377173987424297,0.9947383737853377,0.9512968383571112,1.0401636927438669,0.097973844241646,0.10265975392777275,0.0,131256,131328,0.9994517543859649,1.0,0.9512968383571112,0.09795855559540989,0.35365853658536583,0.9622491419715862,1.7072640509013786,131256,0.9512965510926017,0.09797309893575298,0.9621731381230596,0.001107731277035356,0.001107731290652608,7.359112535041965e-09,0.0066683933531624905,0.006377171857387943,0.9512963506740753,1.0401644552004383,0.09797276548177834,0.10265872380885789,0.0
model.dec.16x16_block2.conv0,0.02077031729440325,0.019928087093944377,0.9948697741021519,0.9545281000970893,1.0369164274172686,0.09706172399777946,0.10122435288286422,0.0,1178861,1179904,0.9991160297786938,1.0000000000000002,0.9545281000970893,0.09701884568698228,0.35714285714285715,0.9562398703403565,1.5476190476190477,1178861,0.9545288771380291,0.09704686529013927,0.9562168130898453,0.001959253007815859,0.001959253003605417,1.98341673775131e-07,0.020770296995966952,0.019928075089045382,0.9545290161288656,1.0369166450958702,0.0970562706811428,0.10121863393387263,0.0
model.dec.16x16_block2.conv1,0.014244517677381201,0.013669320042208086,0.9947450534413111,0.9545769680558613,1.0366033902549079,0.09824874546437483,0.1024329449837788,0.0,589444,590080,0.998922180043384,1.0,0.9545769680558615,0.09820082752129843,0.3481580687830689,0.9557522123893806,1.5625,589444,0.9545781628146466,0.09824452715916726,0.9557482808005908,0.0024470956249459793,0.002447095617144289,1.0552436297179548e-07,0.014244514650773808,0.013669324683179343,0.9545785213431685,1.0366039326196395,0.09823882707804925,0.10242256694997436,0.0
model.dec.16x16_block2.norm0,0.0005887317193821969,0.0005611110255380198,0.9955748685843272,0.9488668898245265,1.0445820478992547,0.0895629658477008,0.09458810341682122,0.0,1023,1024,0.9990234375,1.0,0.9488668898245265,0.08954007391964468,0.4021261516654855,0.9435897435897436,1.3262929061784896,1023,0.9488629689895054,0.0894657456690354,0.9432369741350382,0.002025284571320704,0.00202528457157843,7.851057988510304e-11,0.0005887135953416285,0.0005610898341191481,0.9488685219564659,1.0445984318442165,0.08947481584086674,0.09449861692052387,0.0
model.dec.16x16_block2.norm1,0.0003793827898440899,0.000363109899820221,0.9945587179385967,0.9518990478835953,1.0391301951891696,0.09970903116866911,0.10432838016575038,0.0,509,512,0.994140625,1.0,0.9518990478835953,0.09940034825939403,-0.01764705882352935,0.958904109589041,1.535999999999998,509,0.9513953098179643,0.09954891969460382,0.9554395259466618,0.005400940798535501,0.005400940797172796,4.887283597847664e-10,0.00037944368287578904,0.0003629802836100208,0.9514542960641812,1.0397202773752998,0.09920057055328395,0.10388330663954455,0.0
model.dec.16x16_block2.skip,0.0064203224793113025,0.0061720300307005855,0.9950540719298059,0.9565724516037786,1.035083755970645,0.09549319444447475,0.09935005113816987,0.0,131290,131328,0.9997106481481481,0.9999999999999997,0.9565724516037788,0.09548036348438226,0.37228186119873824,0.9569304524655142,1.5680124084048948,131290,0.9565733003081363,0.09548877891245847,0.9569090610425339,0.0007106602625599261,0.0007106602622687319,5.580255237770834e-09,0.0064203201449727154,0.006172033049086194,0.9565732166007964,1.0350828186717198,0.09549378277462206,0.09935055855464296,0.0
model.dec.16x16_block3.affine,0.006364257936433266,0.006203557945833752,0.9945605374158358,0.969447496648204,1.0203241186395284,0.10153006831485342,0.10492181428222208,0.0,131278,131328,0.9996192738791423,1.0,0.969447496648204,0.10151382537744384,0.2887895372880396,0.9700598802395209,1.6318248277363852,131278,0.9694474829041547,0.10152305993777337,0.970081914051536,0.0009532740291400991,0.0009532740200533061,7.380028435890701e-09,0.006364266670059869,0.006203565346261621,0.9694473396487675,1.0203243194113283,0.10152988892193174,0.10492165430337745,0.0
model.dec.16x16_block3.conv0,0.0197426869098267,0.01898498530042136,0.9948806052465509,0.9566982322390419,1.0345868585742655,0.09717885336989333,0.10106524529921666,0.0,1178861,1179904,0.9991160297786938,0.9999999999999999,0.9566982322390419,0.0971401993392425,0.35964912280701755,0.95899209486166,1.5490196078431373,1178861,0.956698883333922,0.09717461380130636,0.9589974826981852,0.0020242188425408343,0.0020242188371789815,1.6174492898464052e-07,0.01974268108891441,0.01898498333258651,0.9566990273725337,1.034587322843835,0.09717284457486773,0.1010589805818093,0.0
model.dec.16x16_block3.conv1,0.013682581198760124,0.013121435289302243,0.9948196221099251,0.9540203786421789,1.0373636692577661,0.09748680679018577,0.10173164670278913,0.0,589400,590080,0.9988476138828634,1.0000000000000002,0.9540203786421788,0.09743150858643534,0.35714285714285715,0.9558011049723757,1.5517241379310345,589400,0.9540246182537938,0.09746573679808657,0.9558055484495662,0.002389416233462059,0.0023894162273440413,1.1148276395755998e-07,0.013682574605818,0.013121473260810429,0.9540248854723303,1.0373615661415705,0.09747454674521139,0.1017184428798786,0.0
model.dec.16x16_block3.norm0,0.0005202631134523223,0.0005083134967602415,0.9949784364475459,0.972125363406219,1.018368747757816,0.09779061790369918,0.1011429073615822,0.0,1022,1024,0.998046875,1.0,0.972125363406219,0.09776672384040745,0.3240196078431373,0.9749256045936543,1.6153846153846154,1022,0.9720581939644921,0.09782955784839455,0.9752917335832643,0.0028458914005934626,0.0028458914009444353,6.987441609774171e-11,0.0005202607522183733,0.0005082800197909168,0.9720759486006736,1.0184418815146081,0.09768320548708724,0.10102981788440403,0.0
model.dec.16x16_block3.norm1,0.00037997353395299887,0.00037003494401125994,0.9950164038892657,0.9689907491004185,1.0217410691772504,0.09710331240574263,0.10034151474130928,0.0,505,512,0.986328125,1.0,0.9689907491004185,0.09548924934558853,0.4444444444444444,0.9852941176470589,1.8,505,0.9687676758995204,0.09546545755891102,0.9876412826380272,0.0046528106445145505,0.004652810645366351,2.479560389221267e-09,0.00037997713938682325,0.0003699510999094687,0.9687585261734565,1.0219786658570902,0.09711503603911029,0.10035100004621181,0.0
model.dec.16x16_block3.skip,0.006132875642269745,0.005910164988003604,0.9954559195038126,0.9593067046725549,1.0329673323959734,0.09176551866124018,0.09522393420281872,0.0,131304,131328,0.9998172514619883,1.0,0.9593067046725549,0.09176114482996944,0.37952355982634994,0.9587501896384173,1.5321672183709047,131304,0.9593063096889262,0.09176715154271767,0.9587464003559099,0.0008264178041523477,0.0008264178040893722,1.6680055720665607e-09,0.006132875984684321,0.005910162572855636,0.9593064167704201,1.0329679819639723,0.0917638277324259,0.09522222257751546,0.0
model.dec.16x16_block4.affine,0.006129756756452296,0.005885770432663322,0.994625341814908,0.9550356826589674,1.0358561345332302,0.09941826251216077,0.10356926962221759,0.0,131273,131328,0.9995812012670565,0.9999999999999998,0.9550356826589675,0.09939906186161383,0.20363929181348497,0.939840901557839,1.632517482517482,131273,0.9550387230249964,0.09942259879137054,0.9397904130063888,0.0012837912243617072,0.0012837912180469837,7.924368009182901e-09,0.006129749684335724,0.005885781090411833,0.9550384853831067,1.0358530328496556,0.09941883085114775,0.10356947783100874,0.0
model.dec.16x16_block4.conv0,0.01853523908926751,0.017834447372955784,0.9954581365706593,0.9578212432625088,1.0345739443921946,0.09160091466239874,0.09520856797225816,0.0,1178910,1179904,0.999157558581037,1.0000000000000002,0.9578212432625085,0.09156624900935886,0.39135375494071195,0.9581589958158996,1.5161290322580645,1178910,0.9578229042668285,0.09159681137808116,0.9581340877680817,0.001961964417627554,0.001961964413963057,1.2051785042850392e-07,0.018535226200974846,0.017834452049319938,0.9578229115277,1.0345737650260443,0.09159314815513304,0.09520040055942162,0.0
model.dec.16x16_block4.conv1,0.013125904666393613,0.01262296407038889,0.9950266042370085,0.9569005256089353,1.034671751809713,0.09579281950003893,0.09961863754731459,0.0,589423,590080,0.9988865916485901,1.0000000000000002,0.956900525608935,0.09574282186733019,0.36065573770491804,0.9576731868233982,1.549359957211626,589423,0.9569019798404712,0.09578244098932204,0.9576854189643215,0.002412482540297072,0.002412482534912464,9.1151856633439e-08,0.01312587423460122,0.012622938063130647,0.9569019263088095,1.0346727321683715,0.09578131905311286,0.09960666392773634,0.0
model.dec.16x16_block4.norm0,0.00047080508866238026,0.0004552065611865789,0.9931898629796085,0.9602838903394433,1.0272234219994771,0.11264699862978253,0.11665367367742771,0.0,1023,1024,0.9990234375,1.0,0.9602838903394433,0.11262394614513832,0.3007692307692308,0.9529512403763901,1.6666666666666667,1023,0.9603829109830092,0.11259569247221887,0.9528952290481362,0.0025162158973013747,0.002516215896209961,6.359356970693347e-11,0.00047076725003858654,0.00045521195514505345,0.9603750366038224,1.0271314548023778,0.11263537273190766,0.11663546598141994,0.0
model.dec.16x16_block4.norm1,0.0003306039596754533,0.00031586493532347287,0.9931946282350042,0.9489159092923077,1.0395394996491756,0.11127411463940028,0.1166203475559648,0.0,510,512,0.99609375,1.0,0.9489159092923077,0.11124709096307135,0.2662225605887578,0.9368708053691275,1.8464285714285704,510,0.9492323043510441,0.11052151176860475,0.9375123077781615,0.005461762902890283,0.00546176290307987,3.631114319686016e-11,0.00033054763110208893,0.0003158991168335453,0.9492356101980266,1.0393104570074279,0.11083259438834206,0.11611555268647271,0.0
model.dec.16x16_block4.norm2,0.0003594890095356976,0.00035040250947768794,0.9951654880106335,0.9700115305190904,1.0209717280344757,0.09572984881821187,0.09894119397913131,0.0,510,512,0.99609375,1.0,0.9700115305190904,0.09565105956330151,0.34620781296461506,0.9640535296429487,1.3941636029411761,510,0.9699973603930839,0.09561739781267642,0.9639155718490664,0.00037292723254565174,0.0003729272325454458,1.0765763266744755e-10,0.00035949484806805916,0.0003504029750977529,0.969998485498061,1.020988447705872,0.09571403233993461,0.09892457347515621,0.0
model.dec.16x16_block4.proj,0.004287006549666924,0.0041390772455202,0.9967728656538882,0.962377789579192,1.032397210806689,0.07750366508476314,0.08027804869257667,0.0,65715,65792,0.9988296449416343,1.0,0.962377789579192,0.07746423536301814,0.47674418604651164,0.9621451104100947,1.4464285714285714,65715,0.9623776859847524,0.07750346840445647,0.9621290947110555,0.0024809303169463833,0.002480930315858179,6.2041421676244034e-09,0.004286992170980518,0.004139060110797427,0.9623786452193924,1.0323997510783496,0.0774835874215424,0.08025729434173391,0.0
model.dec.16x16_block4.qkv,0.008289477017979408,0.00798989594385922,0.9955834396131275,0.9596031292064919,1.0329128314238936,0.0904880071225959,0.09388148684749466,0.0,197244,197376,0.9993312256809338,1.0,0.9596031292064919,0.09046460893021173,0.39361702127659576,0.9604479160001403,1.5095450697411903,197244,0.9596062838207846,0.09047592492293806,0.9604310696649643,0.0014707377258660103,0.0014707377239226596,1.6073461819418567e-08,0.008289475180702843,0.00798991711233809,0.9596064307343589,1.0329104540987417,0.09048247162643012,0.09387548361520526,0.0
model.dec.16x16_block4.skip,0.006320840552794861,0.00610931480841294,0.9960748436356458,0.9627413856880357,1.0305624219267489,0.08555286567090116,0.08855369337028257,0.0,131306,131328,0.9998324805068226,1.0,0.9627413856880357,0.08554412154063494,0.4360942557938586,0.9629968485902247,1.5013670630547296,131306,0.962740638918609,0.0855552765656827,0.9629902095547621,0.0009472995951344583,0.0009472995951046372,3.3023008555711755e-09,0.006320841336623181,0.006109310735958002,0.9627407201095423,1.0305633389965352,0.08555172256852102,0.08855256171778628,0.0
model.dec.16x16_up.affine,0.006334337386518448,0.006114226292455707,0.9935311530433143,0.9590070638233086,1.029298103532474,0.10961380874026058,0.11362460021462761,0.0,131265,131328,0.9995202850877193,0.9999999999999998,0.9590070638233087,0.10959980856760566,0.36486486486486486,0.954995499549955,1.5869565217391304,131265,0.9590079313369206,0.109621623681277,0.9549658154938562,0.001435287289288577,0.001435287255119694,6.803169458394041e-09,0.006334339633331976,0.0061142324187428605,0.959007522629084,1.0292972635027622,0.1096152963942972,0.11362610230979205,0.0
model.dec.16x16_up.conv0,0.015015777647993096,0.014428425776768476,0.9941759416976584,0.9552881056247353,1.0346468224934566,0.10355372223153667,0.10777729855736999,0.0,589623,590080,0.9992255287418655,1.0000000000000002,0.9552881056247351,0.10352097063199368,0.3333333333333333,0.959375,1.5696202531645569,589623,0.9552871424170084,0.10355709291116567,0.9593477409039127,0.002015012132259516,0.002015012127915115,8.448180496839492e-08,0.015015779566736115,0.01442840369311326,0.9552869377287552,1.0346489891888366,0.1035497100109115,0.10777332474305538,0.0
model.dec.16x16_up.conv1,0.014616174196100302,0.014028712683615508,0.9945709239102988,0.9545965686929376,1.0362192313787473,0.09987845517861055,0.10409941294188389,0.0,589574,590080,0.999142489154013,1.0,0.9545965686929376,0.0998389793975648,0.34615384615384615,0.9571865443425076,1.5635492016479646,589574,0.9545981152725287,0.09987277808604594,0.9572101672396482,0.0020460136336458135,0.002046013629796752,9.305122963551503e-08,0.014616160799013426,0.014028711757676896,0.9545981186425655,1.0362191510586316,0.09987148659281474,0.10409205849120208,0.0
model.dec.16x16_up.norm0,0.00043311333833290114,0.0004169979155359502,0.994720549697932,0.9577086620361479,1.0331628095413523,0.09880244895900897,0.10262084947057964,0.0,511,512,0.998046875,1.0,0.9577086620361479,0.09850142745106845,0.4993333126608577,0.9553221508073366,1.6414285714285715,511,0.9577264943294495,0.09853298303285314,0.9557895867738228,0.002412027940746745,0.0024120279402167315,6.155229462992079e-10,0.0004331009368596581,0.00041699369500153543,0.9577389024854418,1.0331571792823275,0.09868293387873218,0.10249482406459147,0.0
model.dec.16x16_up.norm1,0.00037861178230218424,0.000367003996112305,0.9941795676730064,0.9636992065344191,1.025623976938685,0.10443267953147721,0.10799039481189598,0.0,512,512,1.0,1.0,0.9636992065344191,0.10443267953147721,0.3236572890025576,0.9591252656481816,1.5002015893420582,512,0.96386142537481,0.10432105362716107,0.9582533948860129,0.003918583295239504,0.003918583293512073,0.0,0.0003785993229389613,0.0003670557686638997,0.9638814295055065,1.0254610548554715,0.1043164318589133,0.10786315497408638,0.0
model.dec.16x16_up.skip,0.005019418115783344,0.004826982066354866,0.9943978149890563,0.9562742750362702,1.0340412162791943,0.10164989397155706,0.10570494296481787,0.0,65789,65792,0.9999544017509727,1.0,0.9562742750362702,0.10164939432862326,0.3087866769273269,0.9568760961518622,1.588141845366909,65789,0.9562739205031093,0.10165084488016109,0.9568827965751873,0.00044002894131499966,0.00044002894134490515,1.4138728052765592e-10,0.005019418385393668,0.004826980554346445,0.9562739140074319,1.0340415847825164,0.10164995187292934,0.10570504283330873,0.0
model.dec.32x32_aux_conv,0.001545484078070093,0.0014708236879548424,0.9985912009284365,0.9503505171938789,1.0492806270218125,0.050498978627433966,0.05520663237987997,0.0,6915,6915,1.0,1.0,0.9503505171938789,0.050498978627433966,0.6781963859419512,0.9513760386052755,1.2001226993865028,6915,0.9503523141522131,0.0505053733816718,0.9513733521733971,0.00047647640401937924,0.00047647640354465563,0.0,0.001545485645505805,0.0014708279582770828,0.9503523897457566,1.0492787300129265,0.05049762119233912,0.055204612078615226,0.0
model.dec.32x32_aux_norm,0.00032175744649605084,0.0003098109146942374,0.9979725495498609,0.9609188280886528,1.036455089173427,0.06128271399142928,0.06371964546728706,0.0,510,512,0.99609375,0.9999999999999999,0.9609188280886528,0.06128271399142929,0.6937442416480362,0.948681667278136,1.4055527426160317,510,0.9605893516038237,0.06124353386379383,0.9474848089007225,0.0035815140488658376,0.003581514051045234,0.0,0.0003218283340558477,0.0003097706881975234,0.9605847493982097,1.0368205594566524,0.06122489591336567,0.06369974744949895,0.0
model.dec.32x32_block0.affine,0.006776001581120282,0.00645142785168413,0.9941245531258115,0.9465055096723497,1.0441393283275309,0.10305734229711953,0.10873573245562998,0.0,131252,131328,0.9994212962962963,1.0,0.9465055096723497,0.10303952112345749,0.2552939529675252,0.9389843938864864,1.6263875169774045,131252,0.9465049442405967,0.10306524124605154,0.9389838681076812,0.0014449026088162165,0.0014449025873645462,9.316711933057812e-09,0.0067760014723337635,0.006451422722305164,0.946504887044969,1.0441402682905643,0.10305620837904847,0.10873469360860404,0.0
model.dec.32x32_block0.conv0,0.019577890716638378,0.01880890237102105,0.9954754586608558,0.9563747691566648,1.0361747515253712,0.09128680937546248,0.09505996337843879,0.0,1178894,1179904,0.9991439981557821,1.0000000000000002,0.9563747691566648,0.09124810787727683,0.3650165534804754,0.9550561797752809,1.5333333333333334,1178894,0.956374896028643,0.09128104128069159,0.9550490213082551,0.0019583499254979208,0.001958349919713425,1.495937731238307e-07,0.019577877131356954,0.01880888041401473,0.9563749396028315,1.0361759173774596,0.09128023632706138,0.09505319562079013,0.0
model.dec.32x32_block0.conv1,0.01356814819642441,0.013064835245443078,0.9957065291020112,0.9587706124081046,1.0340653742048234,0.08913247371641138,0.09256940000658463,0.0,589320,590080,0.9987120390455532,1.0,0.9587706124081047,0.089079570000823,0.4,0.9584026622296173,1.5142857142857142,589320,0.9587765244673419,0.08911796997180259,0.9584393191785656,0.002501152893450433,0.0025011528804793435,9.5889790145534e-08,0.013568123172363653,0.01306487866113836,0.9587770064689832,1.0340615835007894,0.08911744673032326,0.09255328444574656,0.0
model.dec.32x32_block0.norm0,0.0005328195694452578,0.0005114792094786626,0.9945576315938486,0.9547238509242788,1.0360533903117255,0.10001498661783807,0.10422213925210107,0.0,1022,1024,0.998046875,1.0,0.9547238509242788,0.09987368626442338,0.2615782091976084,0.9498889268626111,1.688308886971527,1022,0.9547655786595416,0.09988626505311801,0.9505917676095141,0.0021464951397689195,0.002146495139074225,4.4299594700169395e-10,0.000532803486643713,0.0005114884543276408,0.9547699815179681,1.0360034520695325,0.1000192871601566,0.10422037091687074,0.0
model.dec.32x32_block0.norm1,0.00038715597674624603,0.0003680918933751754,0.9940112320315972,0.9450647759843711,1.0454927053818306,0.10389695713841195,0.10989406242933766,0.0,511,512,0.998046875,1.0,0.9450647759843711,0.1038074910319923,0.20726495726495725,0.9363636363636364,1.699750830564784,511,0.9450751766187239,0.10321127406827325,0.9355409952768282,0.004855745422404869,0.004855745421413187,1.5388073657480197e-10,0.0003871345135834642,0.00036807233019072214,0.9450801527342101,1.0455049264871286,0.10377694615914242,0.10976950519502983,0.0
model.dec.32x32_block0.skip,0.00673404999769712,0.006528285988960047,0.9969270680561032,0.9664652048368116,1.0283490539017934,0.07594171628765274,0.07848046551601014,0.0,131298,131328,0.9997715643274854,1.0,0.9664652048368116,0.07593466338825339,0.45281694392601657,0.9655260869304549,1.455511355684357,131298,0.9664661988311914,0.07593758734574649,0.9655107399829455,0.0006756229861299103,0.0006756229856599695,2.683604949038147e-09,0.006734046650845878,0.006528289380783737,0.9664662807289822,1.0283481079226282,0.07594060458193126,0.07847931153270449,0.0
model.dec.32x32_block1.affine,0.007476010693084507,0.007082971509135256,0.9961176164123489,0.9437483420566631,1.0513928994721817,0.08340418941369888,0.08969109781843944,0.0,131278,131328,0.9996192738791423,0.9999999999999999,0.9437483420566632,0.08339514760220613,0.21203772223558362,0.9396247411758961,1.532429856832587,131278,0.9437456788579385,0.08340209455484845,0.9396098580072898,0.0009076072715629875,0.0009076072721873875,4.656907181816842e-09,0.007476022502929224,0.007082962428352622,0.9437458248134348,1.0513961127729496,0.08340187398632093,0.08968947650169531,0.0
model.dec.32x32_block1.conv0,0.020278786131675584,0.019545323282135135,0.99659425930135,0.9605484693553212,1.0339927128705952,0.07947885497631221,0.08246433748516525,0.0,1178833,1179904,0.9990922990344977,1.0000000000000002,0.9605484693553211,0.07944919617952606,0.4146341463414634,0.9589905362776026,1.49,1178833,0.9605497035579189,0.07947095572517318,0.9589934364602543,0.0016337821025862265,0.0016337820970679063,1.0708927587206018e-07,0.020278761994241803,0.019545315494775284,0.9605497062886821,1.0339924068355832,0.0794731611198455,0.08245836045310323,0.0
model.dec.32x32_block1.conv1,0.012262011573190087,0.011852586365632498,0.9956396453320467,0.9623955103049757,1.030032136208521,0.09016819506978503,0.09333538787230601,0.0,589097,590080,0.998334124186551,0.9999999999999998,0.9623955103049759,0.09010246427848285,0.4,0.9626168224299065,1.5316579191108337,589097,0.9623977738075101,0.09015464250658375,0.9625322079617665,0.002748879785470942,0.0027488797776686813,9.842951310011663e-08,0.012261988550378043,0.011852567199925392,0.9623973342922177,1.0300335516003132,0.09015142548725334,0.09331798637236216,0.0
model.dec.32x32_block1.norm0,0.0005545594126813184,0.0005286172842344903,0.995448861608876,0.9488820526438171,1.0443009574450972,0.09083926260848978,0.0958755390767525,0.0,1023,1024,0.9990234375,1.0,0.9488820526438171,0.0907568179398689,0.3835697399527187,0.95,1.570465489566613,1023,0.9489583249894218,0.09069982174124323,0.9507088144769505,0.0019180962258177575,0.0019180962253485556,2.5437427882773386e-10,0.0005545155748460165,0.0005286176343128157,0.9489636358892363,1.0442242502366585,0.09078443633652919,0.09580289265223658,0.0
model.dec.32x32_block1.norm1,0.00038895806982537916,0.00036455389595422654,0.9955872811052758,0.9331217173417857,1.0622344501017962,0.08795235089763122,0.09768782572239221,0.0,509,512,0.994140625,1.0,0.9331217173417857,0.08781789623895964,0.3333333333333333,0.9333333333333333,1.4839080459770102,509,0.9329246062519146,0.08852781554557507,0.9335105161117363,0.005662700720424192,0.005662700719591415,1.9753077889920321e-10,0.0003890581790493299,0.00036457019710516567,0.9329207578011294,1.062457410100297,0.0879609189105296,0.09777235014806482,0.0
model.dec.32x32_block1.skip,0.005986100127274291,0.00581367872616311,0.9968461992119456,0.9681334121375433,1.0264105467544036,0.07707197499499549,0.0796369345682015,0.0,131291,131328,0.9997182626705653,1.0,0.9681334121375433,0.07705991815654996,0.4603174603174603,0.9682395644283122,1.4614490447453488,131291,0.9681332000699537,0.07706471577484215,0.9682622482965733,0.0007610515148598268,0.0007610515150939355,3.6789331281283884e-09,0.005986099429871492,0.005813675980973035,0.9681330223031022,1.0264108636245455,0.07707251884423719,0.07963751416555939,0.0
model.dec.32x32_block2.affine,0.007435408277566384,0.007189944560417869,0.9971103296609113,0.9641929162803704,1.0311515390011294,0.0734591502328799,0.07599466206831344,0.0,131274,131328,0.9995888157894737,1.0000000000000002,0.9641929162803703,0.07344248260865358,0.34951456310679613,0.9662744235039291,1.6500682704811427,131274,0.9641935652041446,0.07345872267537266,0.9662644237619143,0.0010458506603622428,0.0010458506510604803,7.47855945324178e-09,0.007435402161918782,0.007189943595392467,0.9641935220498524,1.0311507673865639,0.07345996036778431,0.0759954736735926,0.0
model.dec.32x32_block2.conv0,0.0193029089451168,0.018719884325712744,0.9973432110862193,0.9672194795951757,1.0284051362531434,0.07064562518812706,0.07299850757460276,0.0,1178686,1179904,0.998967712627468,1.0,0.9672194795951757,0.0706190038821257,0.47096774193548385,0.9678754529906876,1.4583333333333333,1178686,0.9672201021130231,0.07063485035582315,0.9678336966731116,0.0015414078981982574,0.0015414078960125969,7.741342826622352e-08,0.019302911213339186,0.01871988606252957,0.9672200095705096,1.0284057506141928,0.07063803961282655,0.07299068034962737,0.0
model.dec.32x32_block2.conv1,0.012242336594021085,0.011873157155807116,0.9967170153646074,0.9666600548354941,1.0277085556063397,0.07852258437122368,0.0811436270064823,0.0,588970,590080,0.998118899132321,0.9999999999999998,0.9666600548354943,0.07846741451357218,0.45571487860551985,0.9670103092783505,1.4805194805194806,588970,0.9666562713877742,0.0785005241157755,0.9667647448952204,0.002622275129518961,0.002622275123652782,7.171507670882102e-08,0.012242358288538847,0.011873109595842936,0.9666562159441955,1.0277163500167796,0.07850063059378311,0.08112101832082652,0.0
model.dec.32x32_block2.norm0,0.00043222211007187854,0.00041641171841236047,0.9945888039067109,0.9582074199758386,1.032351522472582,0.10008967708657472,0.10389367112307435,0.0,1022,1024,0.998046875,1.0,0.9582074199758386,0.10007808632576158,0.14571428571428596,0.9581835842642059,1.7758817289843516,1022,0.95810988686872,0.100221554116996,0.9580583683993484,0.0029172605784917394,0.002917260578199662,2.394572686495643e-11,0.0004322671567112856,0.0004164164061234029,0.9581178945650638,1.0324470009275242,0.1000847410224742,0.10389746299303258,0.0
model.dec.32x32_block2.norm1,0.00038297325830968256,0.0003703020480351043,0.9969539096876006,0.9639682837995931,1.0310682568556642,0.07541245386588497,0.07802202219759342,0.0,511,512,0.998046875,1.0,0.9639682837995931,0.07539639198161598,0.5,0.963963963963964,1.3660714285714286,511,0.9636438749759862,0.07512345168624326,0.9657411658498292,0.00472358874246358,0.00472358874527174,1.962764497127576e-11,0.00038299588447550284,0.0003702036359145941,0.9636832235741131,1.0314333114979548,0.07502843231237576,0.07764132681041302,0.0
model.dec.32x32_block2.skip,0.005966708679932378,0.005804979506643763,0.9977544025413558,0.970710012857843,1.0255522603087102,0.06516326836511434,0.06739834473511391,0.0,131285,131328,0.9996725755360624,1.0,0.970710012857843,0.06515130395382056,0.5429184549356223,0.9701432802369326,1.4047619047619047,131285,0.9707107623134613,0.06516147355243626,0.9701302814043404,0.0008187404855786128,0.0008187404855293267,3.066634175856689e-09,0.005966705616228652,0.0058049807768507985,0.9707107700634391,1.025551558311819,0.06516262526424077,0.06739774167908451,0.0
model.dec.32x32_block3.affine,0.008406834244502795,0.008194407058800732,0.9981445291814943,0.9729230216447442,1.0240198648508656,0.059350661332131745,0.06155324504461275,0.0,131307,131328,0.9998400950292398,1.0,0.9729230216447442,0.05934910219732024,0.6408249496981892,0.9707182863319249,1.2857142857142858,131307,0.9729227287649567,0.05935016933688217,0.9707255714301022,0.00042153863227773267,0.0004215386310687452,7.226141757353066e-10,0.0084068364275494,0.008194405582685508,0.9729226457077944,1.0240203699228825,0.05934978335012634,0.0615523418997142,0.0
model.dec.32x32_block3.conv0,0.022851288979976122,0.02223392284835675,0.9975677139621317,0.9706167388492248,1.0252670329171174,0.06782088775629505,0.07013769450657596,0.0,1178970,1179904,0.9992084101757431,1.0,0.9706167388492246,0.06780518610527354,0.5428571428571428,0.9706242350061199,1.3927538732127684,1178970,0.9706169645799307,0.06781850169887892,0.9706090810944519,0.0012609941003035676,0.0012609941011320698,6.143528837295466e-08,0.022851283128706473,0.02223391552222958,0.9706170356907704,1.0252674970709552,0.06781561412813865,0.07013228863000491,0.0
model.dec.32x32_block3.conv1,0.013442898034140909,0.013059498071851694,0.9973137582543701,0.968869738495079,1.0265928358423055,0.0711589080193802,0.07353469057037529,0.0,588879,590080,0.9979646827548807,1.0,0.968869738495079,0.07111747795191145,0.5,0.9681878747501665,1.43251505199781,588879,0.9688724707317696,0.0711419022019145,0.9680313492436091,0.002501729326685995,0.002501729321663456,5.884942991049741e-08,0.013442906325046529,0.013059517514024857,0.9688725005396421,1.0265939720877963,0.07113286143791511,0.07350784384539263,0.0
model.dec.32x32_block3.norm0,0.00051131154073164,0.0004942654010157337,0.9978250241822788,0.964559464109255,1.032237841141112,0.06372070262881004,0.06592584818252253,0.0,1024,1024,1.0,1.0,0.964559464109255,0.06372070262881004,0.5371753246753247,0.9581367019924948,1.3146616541353378,1024,0.9645347247522373,0.06374561413692319,0.9579098631273586,0.0019441150719279698,0.0019441150719830625,0.0,0.0005113140278413369,0.0004942552113564226,0.9645347666389719,1.0322640138988508,0.0637209056435373,0.06592736245548944,0.0
model.dec.32x32_block3.norm1,0.00041288906165767663,0.00040272034487200733,0.9981739588693063,0.9735907251797983,1.0233779209234166,0.05891720251794477,0.06117065241833012,0.0,510,512,0.99609375,1.0,0.9735907251797983,0.05881241020061296,0.6411764705882353,0.9703296703296703,1.2642307692307684,510,0.9736188933528427,0.05844101384954777,0.971234406764154,0.0050551819082267834,0.005055181896080421,1.1619565822995251e-10,0.000412852460588363,0.0004026973721317543,0.9736502129197628,1.0233757618097168,0.058442586152706234,0.060688742992522984,0.0
model.dec.32x32_block3.skip,0.006105234346274642,0.005933682025022559,0.9982738983932278,0.9702231807955939,1.0271356074960294,0.057079822907289766,0.059031978862701735,0.0,131263,131328,0.999505056042885,1.0,0.9702231807955937,0.05706538456293859,0.5891890924706557,0.9697659351794939,1.3404255319148937,131263,0.9702239643949835,0.05707045750652473,0.9697203622948953,0.0008617078341496791,0.0008617078337451058,3.393811683430222e-09,0.00610522374563939,0.005933676382268296,0.9702241807022423,1.0271350527338452,0.05707582314355778,0.059027916999952565,0.0
model.dec.32x32_block4.affine,0.008430531803709038,0.008191778954642055,0.9986608930928699,0.9703787942847256,1.0277672855868456,0.05026902203968996,0.05200975131686103,0.0,131303,131328,0.9998096369395711,1.0,0.9703787942847256,0.05026584413500492,0.6793893129770993,0.967408173823073,1.2950561751737124,131303,0.9703771018116858,0.050271900624217214,0.9673938662152185,0.000686473924379618,0.0006864739185718954,1.254513962322079e-09,0.008430538860376369,0.008191770777227103,0.9703770963525628,1.027769259727916,0.05026732780668477,0.05200793702877696,0.0
model.dec.32x32_block4.conv0,0.016986165400357814,0.016471746675059254,0.9980911610341272,0.9678643988020746,1.0292619162017231,0.059887557530717415,0.06188007750468416,0.0,884181,884992,0.9990836075354353,1.0,0.9678643988020748,0.059864976191798036,0.559322033898305,0.9651551683907599,1.3620689655172413,884181,0.9678668683902765,0.0598829404488983,0.965152706965023,0.0013473331979893552,0.0013473331961787723,4.310553929921207e-08,0.01698614761288204,0.01647176416583264,0.9678668050198348,1.0292601335509715,0.05988178543258448,0.061874130609305245,0.0
model.dec.32x32_block4.conv1,0.013369115213001128,0.01297052946757523,0.9973364207475194,0.9676019114422614,1.0279846746756114,0.0707641771511547,0.07311882107669092,0.0,589156,590080,0.9984341106290673,1.0,0.9676019114422614,0.07072767452974411,0.5,0.9698630136986301,1.4045911838679785,589156,0.9676058179220344,0.07075898701329439,0.9697735233458453,0.0023551388447844196,0.0023551388080875666,5.099983862842578e-08,0.013369070570481577,0.012970516743862624,0.9676054003418731,1.0279835327783649,0.07074783752317185,0.07310194409336623,0.0
model.dec.32x32_block4.norm0,0.0005255923587389202,0.0005111658819115409,0.9987872860452519,0.9713725388594575,1.0269757511746722,0.04788233192273312,0.04961285104695607,0.0,766,768,0.9973958333333334,1.0,0.9713725388594575,0.04784740272460031,0.6797990648300265,0.9710528416347382,1.2186882003955175,766,0.9713623105245707,0.047790430086280346,0.9709316640375265,0.0014087473133098003,0.0014087473132667733,5.103187692531698e-11,0.0005255914139602869,0.0005111574475589644,0.9713602349665205,1.0269929419043904,0.04784148590455834,0.049569846813284156,0.0
model.dec.32x32_block4.norm1,0.0004940126527659363,0.0004762890377149184,0.9993101064083766,0.9634580132617554,1.0364963236842293,0.03580664657696922,0.03726907946212526,0.0,512,512,1.0,1.0,0.9634580132617554,0.03580664657696922,0.7867364746945898,0.9648459610621015,1.1412857142857142,512,0.9632015795996784,0.03555645027795509,0.9634977925971833,0.005280887246627325,0.005280887249040324,0.0,0.0004940243471687592,0.0004761662156471156,0.9631943197598971,1.0367963541328906,0.03559264338107005,0.03708353995271787,0.0
model.dec.32x32_block4.skip,0.005444637169109862,0.005302177945514114,0.9980993576117935,0.9719840343789622,1.0249163488591524,0.06001282911830129,0.06215994467660756,0.0,98485,98560,0.9992390422077922,0.9999999999999998,0.9719840343789624,0.05999752444576128,0.5741385295760192,0.9733053389322136,1.35497294349595,98485,0.9719822806126414,0.06002621699419099,0.9733142019965293,0.0018071053499884066,0.0018071053279048632,3.008074790402935e-09,0.0054446487325970514,0.005302174830269086,0.9719820615814431,1.024919826484016,0.060001933684344894,0.0621486026865545,0.0
model.dec.32x32_up.affine,0.006294185082579419,0.006025983737772799,0.9951445869393714,0.9527405087318729,1.0394359637682131,0.09422989868958065,0.09860068072298672,0.0,131279,131328,0.9996268884015594,1.0,0.9527405087318729,0.09421529567940279,0.3191489361702128,0.946236559139785,1.4669975845745928,131279,0.952739726603923,0.09423403885003742,0.9462066252236004,0.001274030484790342,0.001274030459751036,6.023022131689123e-09,0.0062941878065141945,0.0060259816720205075,0.9527400360730361,1.039437060426097,0.09422713341392848,0.09859792265098204,0.0
model.dec.32x32_up.conv0,0.013222278368490877,0.012690101500548856,0.9951560442157659,0.9551025063938448,1.036889282259718,0.09435117627206915,0.09836925705557281,0.0,589476,590080,0.998976409978308,0.9999999999999999,0.955102506393845,0.09430666410449608,0.375,0.9549180327868853,1.5384615384615385,589476,0.95510307134384,0.09433960866122529,0.9549260548050675,0.0020209949356525324,0.0020209949334516614,8.110995861312026e-08,0.013222275103179578,0.012690094236988044,0.9551029141603005,1.0368903998034924,0.09434387120386298,0.0983617121006794,0.0
model.dec.32x32_up.conv1,0.013258443109100184,0.012741298999351796,0.9952283233887299,0.9564095525074047,1.0356226713528918,0.09376763878778623,0.09759966253210187,0.0,589406,590080,0.9988577819956616,0.9999999999999999,0.9564095525074047,0.09372368754720992,0.3782439738679883,0.9567230137804736,1.5333333333333334,589406,0.9564137007870198,0.09375712574821472,0.9567138936335531,0.0023170384930490664,0.0023170384843340815,8.002862660774087e-08,0.013258416013536814,0.012741319088878924,0.9564141015883899,1.0356200985172552,0.09375689536976724,0.09758807058356041,0.0
model.dec.32x32_up.norm0,0.0003040361838578672,0.0002911675498439955,0.9939951367162362,0.9519233034769745,1.0379264045818453,0.10479276715926186,0.10951506735322293,0.0,511,512,0.998046875,1.0,0.9519233034769745,0.10467809286816128,0.4150915091509151,0.9566666666666667,1.663422131147541,511,0.9519168999195525,0.10455029017887253,0.955945017656636,0.002486882170434801,0.0024868821702956952,1.226727810704735e-10,0.00030404114608433474,0.000291166922023363,0.9519198473904126,1.0379609928859308,0.10466237182612646,0.10938238222614281,0.0
model.dec.32x32_up.norm1,0.00033862558781441217,0.00032419007430781356,0.9942836669548464,0.9518976340612441,1.0385570622287843,0.10221912760473069,0.10689062620864664,0.0,511,512,0.998046875,1.0,0.9518976340612441,0.10221670276168866,0.25,0.9533333333333334,1.6056818181818182,511,0.9519219897376998,0.10256696616901373,0.95347066529318,0.0050880088692058815,0.005088008867196571,3.140423195404122e-12,0.0003386390570868823,0.00032420813913527213,0.951893257949575,1.0385191669679612,0.10240269712474237,0.10707873569398696,0.0
model.dec.32x32_up.skip,0.0044108645985256635,0.004254817636322904,0.995885868631127,0.9606535550950261,1.0324103398972675,0.0874106105206279,0.09062022406077225,0.0,65784,65792,0.9998784046692607,1.0000000000000002,0.9606535550950259,0.08740568272751394,0.3879228935586303,0.959443910614951,1.5032392165908282,65784,0.9606532423011399,0.08742210573831,0.9594395890709546,0.0009074944120930448,0.0009074944117726389,9.259548525517397e-10,0.004410863204478903,0.004254814729109626,0.9606531539947176,1.032410667095179,0.08741110948480162,0.09062077379459833,0.0
model.dec.8x8_block0.affine,0.00638964599176132,0.006100224338812402,0.9933259667393922,0.9483328570144591,1.040453748808267,0.11011648875519595,0.1155446025137537,0.0,131272,131328,0.9995735867446394,1.0000000000000002,0.948332857014459,0.1100953053853094,0.3403032096517187,0.9467680608365019,1.5298447717743162,131272,0.9483329032206513,0.11011873567337768,0.9468075112606205,0.0016109449995262127,0.0016109450485886126,1.0521973540484978e-08,0.006389647699283257,0.006100224191284648,0.9483326815321187,1.04045416269063,0.11011558789569371,0.11554370393593748,0.0
model.dec.8x8_block0.conv0,0.019006733622026116,0.01830256176998276,0.9939122846414367,0.9570892792706697,1.0321520164910214,0.1060924763712852,0.11017953681144446,0.0,1179017,1179904,0.9992482439249295,0.9999999999999999,0.95708927927067,0.10606134629120328,0.2967914438502674,0.9587301587301588,1.6111111111111112,1179017,0.9570896697329913,0.10609096889985269,0.9587253846686484,0.0018389043130941887,0.0018389043037267436,1.3181173036827297e-07,0.01900673671941314,0.018302564139139513,0.9570896420820308,1.0321524769496424,0.10608891032881494,0.1101758353515352,0.0
model.dec.8x8_block0.conv1,0.014244349263198005,0.013701854385652553,0.9938980272048814,0.9560455020667744,1.0332492400688693,0.10610194357854331,0.11030281924742358,0.0,589798,590080,0.9995220986984815,1.0000000000000002,0.9560455020667742,0.1060771678299436,0.2883251072466445,0.9570609947448825,1.6076555023923444,589798,0.9560459815752739,0.10609869410524433,0.9570823714532799,0.001602443815991396,0.0016024438091523136,5.892812531417805e-08,0.014244341571016093,0.01370184994485138,0.9560459433894489,1.0332492708431418,0.10609984987973498,0.11030061887491854,0.0
model.dec.8x8_block0.norm0,0.0005884957361934557,0.0005647233506778787,0.9960728566490116,0.9558363239206277,1.0380031715924944,0.08496087897177629,0.08865376461505133,0.0,1021,1024,0.9970703125,1.0,0.9558363239206277,0.08480280275946094,0.42857142857142855,0.9529540481400438,1.5,1021,0.9558380413893686,0.0847100026453313,0.9523081702760086,0.0024004502214953166,0.002400450224295112,5.134591924485739e-10,0.0005885193323033252,0.0005647521432763782,0.9558509977583595,1.0379965007222194,0.08491380224213455,0.08860347123376952,0.0
model.dec.8x8_block0.norm1,0.00036719457638446354,0.0003500906789265864,0.9933141875189677,0.9470456827549149,1.0418431688071033,0.11006500682046187,0.11573128185685932,0.0,509,512,0.994140625,1.0,0.9470456827549149,0.10960824746831574,0.35974025974025975,0.9449838187702265,1.732568807339448,509,0.9472088389378791,0.10946901358592286,0.945426953831936,0.004455419580518918,0.004455419572348867,7.47420720506181e-10,0.00036716720368081603,0.0003501192163438838,0.947201986278327,1.0416899364342846,0.11000905112298512,0.11564461710900145,0.0
model.dec.8x8_block0.skip,0.006684665735100901,0.006430475268758715,0.9938986773767756,0.9561047803726689,1.0331865305665215,0.10610281703593177,0.11029698827950589,0.0,131323,131328,0.9999619273879142,1.0,0.956104780372669,0.10610080381522262,0.28752301426829524,0.9566115702479339,1.6400899701805476,131323,0.9561050312328997,0.10610361810325336,0.9566133623435855,0.0006036763420659067,0.0006036763417574603,1.0546577675167086e-09,0.006684664473778211,0.006430475748824457,0.9561051160515428,1.0331863491415139,0.10610208899071988,0.11029620270630532,0.0
model.dec.8x8_block1.affine,0.006817975699515536,0.006581620003366419,0.9926580604462816,0.9582460300643774,1.0283058776698235,0.11676136076201539,0.12104933971414386,0.0,131276,131328,0.999604044834308,1.0,0.9582460300643774,0.11673809200810233,0.22276153250894182,0.9507026328026958,1.5963356448553818,131276,0.9582477077065077,0.11674686863656925,0.95065436593126,0.001214387221267459,0.0012143872139442282,1.3953330378619142e-08,0.006817965167083632,0.006581622545592643,0.9582482790549549,1.0283043196352988,0.11675831531867698,0.12104602304718103,0.0
model.dec.8x8_block1.conv0,0.020011090320218878,0.019284544838266988,0.9935806202051152,0.9575065483273022,1.0310137832182515,0.10901897082597871,0.11314716328378535,0.0,1179112,1179904,0.9993287589498807,1.0000000000000002,0.9575065483273021,0.10898667917544876,0.31906614785992216,0.9636835278858625,1.5996906236263209,1179112,0.9575083254042456,0.10901134460838204,0.9636788672098142,0.0018099398764168527,0.0018099398749025861,1.5574262236829143e-07,0.020011080789826007,0.01928456145862412,0.9575082562926036,1.031012863094824,0.10901536877451153,0.11314329640099924,0.0
model.dec.8x8_block1.conv1,0.014439007237875346,0.013926580158268075,0.9936780935172892,0.9584133723946955,1.0302403764140335,0.10828260647769174,0.1123048868817079,0.0,589669,590080,0.9993034842733188,1.0,0.9584133723946954,0.10825329688410955,0.3152388091668452,0.9636864870003328,1.5844155844155845,589669,0.9584153761606893,0.10828391595082969,0.9636750020714375,0.0018837532679432077,0.0018837532650978206,7.310083981302017e-08,0.014439007170876535,0.013926599492108937,0.9584151007691784,1.030239364257386,0.10827927532472027,0.11230130951985054,0.0
model.dec.8x8_block1.norm0,0.0005865895922827403,0.0005644216512415562,0.9942740501331829,0.9566992127816403,1.033324657907793,0.10282187083311643,0.10686026368015598,0.0,1023,1024,0.9990234375,1.0,0.9566992127816403,0.10278249994407242,0.36363636363636365,0.9616613418530351,1.4788089958821662,1023,0.9566742348158295,0.10279394719992661,0.9619423743345495,0.002194184117995011,0.0021941841180778024,1.5388073657480197e-10,0.0005866110256425232,0.0005644255723695746,0.9566654852278087,1.0333493831406468,0.10286922867325249,0.10691265922814791,0.0
model.dec.8x8_block1.norm1,0.0004124795657294869,0.0003946460927219138,0.9940629109272632,0.951084796221147,1.0389831430460759,0.10410260066879143,0.10894403705446393,0.0,511,512,0.998046875,1.0,0.951084796221147,0.10370378009721175,0.30601092896174864,0.9578947368421052,1.6123737373737375,511,0.9510537856938016,0.10361670896035965,0.9559907633717302,0.003285737935561513,0.0032857379353669206,7.790212289099349e-10,0.0004124740207996431,0.0003946312324449314,0.9510737779276571,1.0390214196184722,0.10399030269197877,0.10883126791527109,0.0
model.dec.8x8_block1.skip,0.006652099426093618,0.006402847740903565,0.9939995124888957,0.9567547213791752,1.0326941782987975,0.1052859050290753,0.10938590780043143,0.0,131316,131328,0.9999086257309941,1.0,0.9567547213791752,0.10528385240873157,0.29678713127479733,0.9586104593359768,1.6173773014264041,131316,0.9567548409951494,0.10528462563543725,0.9586212261022853,0.0005942989887562272,0.0005942989887578189,1.0566473666846954e-09,0.006652096997985662,0.006402845981453736,0.9567548400472051,1.0326941200421706,0.10528562057792223,0.10938560386132268,0.0
model.dec.8x8_block2.affine,0.006269470700441672,0.0059989336413494064,0.9937232192969437,0.9508425727247611,1.0385376768944146,0.10703950498929839,0.1119801971116737,0.0,131268,131328,0.9995431286549707,1.0,0.9508425727247611,0.10702205625808507,0.39023666662955997,0.9544509858124782,1.5371518500232337,131268,0.9508419261011892,0.10703029101163386,0.9544059036230711,0.0011295252017412402,0.0011295251986231903,8.110960401211247e-09,0.0062694712350444114,0.005998927642254899,0.9508417955923253,1.0385390823345086,0.10703712525149181,0.11197788386184467,0.0
model.dec.8x8_block2.conv0,0.020039436407360868,0.019334028907523206,0.9936043930621519,0.9586285595861047,1.0298563296910952,0.10894247408361067,0.11296530457165066,0.0,1178958,1179904,0.9991982398568019,0.9999999999999998,0.9586285595861049,0.10890548773579452,0.34375,0.9657381362739904,1.5636363636363637,1178958,0.9586290514815639,0.10893626915782686,0.9657254967482256,0.002096858944375515,0.002096858940579354,1.7876148036065929e-07,0.020039450424217002,0.01933404040208102,0.9586289010583547,1.0298569126792398,0.10893857263317137,0.11296126464460338,0.0
model.dec.8x8_block2.conv1,0.014714007564726272,0.014191807419123462,0.9935505508062337,0.9582894406013865,1.0301091248463268,0.10936583509503553,0.11343103675921641,0.0,589562,590080,0.9991221529284164,1.0,0.9582894406013864,0.10932294191274133,0.3345336965721541,0.9651162790697675,1.5657894736842106,589562,0.9582897464708807,0.10936767919221312,0.9651015565067989,0.0021936995935454813,0.0021936995910715375,1.1219789260185912e-07,0.01471401241161128,0.014191804202853488,0.9582894877805038,1.0301103211150264,0.10936069188029891,0.11342574437671953,0.0
model.dec.8x8_block2.norm0,0.0005814330026704105,0.0005589776205269283,0.994674371667548,0.9562592954308384,1.0346326674989046,0.09908688429811087,0.10307574620660277,0.0,1024,1024,1.0,1.0,0.9562592954308384,0.09908688429811087,0.3359106529209623,0.9534113051261672,1.5876456876456864,1024,0.9563532140708869,0.0991919466143039,0.9524081716998686,0.0029796400623035716,0.0029796400621401996,0.0,0.0005814529104917822,0.0005590513319319825,0.956347445842025,1.0345260400904,0.09914677734316074,0.10312672181515083,0.0
model.dec.8x8_block2.norm1,0.00040495644624613004,0.0003900582549374443,0.993681655965943,0.9571244914912368,1.03163511348958,0.10810622394149248,0.11224637064763189,0.0,511,512,0.998046875,1.0,0.9571244914912368,0.10802763945474776,0.1076923076923077,0.9733333333333334,1.6022972972972973,511,0.9571260052651163,0.10847516781242329,0.9733377416567177,0.0057206937840892595,0.005720693784929294,1.5388073657480197e-10,0.0004049527290681729,0.0003900515121479022,0.9571156655064272,1.0316423284117644,0.10811478588037986,0.11225607440555982,0.0
model.dec.8x8_block2.skip,0.006925060095260157,0.006667010854665432,0.9933101096081859,0.9562962908205489,1.0317565626059466,0.11117433785708605,0.11548658079622522,0.0,131315,131328,0.999901011208577,1.0,0.9562962908205488,0.11116615937484145,0.2818227139186762,0.95856524427953,1.6406687800388584,131315,0.9562961304249454,0.11116959001242883,0.9585633829551972,0.0006199002174837935,0.000619900217505853,4.817773366568726e-09,0.006925061234226969,0.00666701084317843,0.9562961053236887,1.0317567054137051,0.11117454790260428,0.11548681930683495,0.0
model.dec.8x8_block3.affine,0.006457427212356332,0.006227203035970915,0.9925005045297524,0.9571152646032005,1.0291939622342106,0.11788234051542847,0.12230372987829276,0.0,131239,131328,0.9993223075048733,0.9999999999999999,0.9571152646032003,0.11786163986370567,0.33609000108565845,0.9598603839441536,1.656522886162774,131239,0.9571111399562621,0.11788376617300045,0.9599089827942163,0.001599176429271895,0.0015991764219813673,1.124220901432484e-08,0.006457447571318458,0.006227195182522605,0.957111363709388,1.0291988531857967,0.11787919154477534,0.12230086076660328,0.0
model.dec.8x8_block3.conv0,0.020987958471188135,0.02019706556811389,0.9935813907550698,0.9561400897512785,1.0324888482728305,0.10885679245489474,0.11312199455367772,0.0,1178933,1179904,0.9991770516923411,1.0,0.9561400897512786,0.1088177112485618,0.3333333333333333,0.9634146341463414,1.5686274509803921,1178933,0.9561423876628008,0.10885313836459522,0.9634032564067642,0.0020592364216178278,0.0020592364179629597,2.070255283791385e-07,0.0209879414722365,0.020197085263522072,0.9561421951378277,1.0324874355833493,0.10885348580982127,0.11311836716829739,0.0
model.dec.8x8_block3.conv1,0.01525746538812933,0.014684104225959404,0.9937360299350907,0.9563923669793152,1.0325378278688346,0.10755329759563975,0.11175508911239732,0.0,589517,590080,0.9990458920824296,1.0000000000000002,0.9563923669793152,0.10751019825090508,0.3333333333333333,0.9620253164556962,1.5662650602409638,589517,0.9563939336049613,0.1075530457489361,0.9619970651396029,0.002260895662744916,0.002260895660623967,1.1920930083120626e-07,0.01525745184458111,0.014684108804641632,0.9563941110238094,1.0325372337521677,0.1075481189382025,0.11174957938373543,0.0
model.dec.8x8_block3.norm0,0.0005695288281543301,0.0005510218349787032,0.9930084086646742,0.9607403320827504,1.0263602627580923,0.11420777746514806,0.11823281229124126,0.0,1022,1024,0.998046875,1.0,0.9607403320827504,0.11411010624171979,0.0009803921568628288,0.9587753630651972,1.6755868544600931,1022,0.960902029341688,0.11430649087879237,0.959383461128716,0.00405859194480783,0.004058591944641822,3.996188516151745e-10,0.0005694774727670735,0.0005510680864284128,0.9608949256954126,1.0261680211914659,0.11433440894689882,0.11835368309829065,0.0
model.dec.8x8_block3.norm1,0.0003912038341790712,0.0003775139784349055,0.9917997605617457,0.9570925453891732,1.0277655695775554,0.12332923543859002,0.12791190215957102,0.0,508,512,0.9921875,1.0,0.9570925453891732,0.12301260322171628,0.23628787878787885,0.9648090815273478,2.0342105263157886,508,0.9572819355029529,0.12260678751916568,0.9660116266905737,0.005864451915775099,0.005864451914436626,6.594888710348656e-10,0.0003911563108760299,0.0003775273522898581,0.9572978307466528,1.027663456359947,0.1229202794713666,0.12747270523068105,0.0
model.dec.8x8_block3.skip,0.0071822283656785965,0.006932251385552881,0.9941486403068666,0.959547363064338,1.0299976395826158,0.10426108848908426,0.10806692158412023,0.0,131312,131328,0.9998781676413255,0.9999999999999999,0.9595473630643383,0.10425540077079214,0.3044484668348327,0.9604627277064899,1.6005108176046752,131312,0.9595479159856433,0.1042549571190072,0.9604743088145293,0.0006472336404072174,0.000647233640345816,3.379908065429427e-09,0.007182227586291183,0.006932254969595979,0.9595480502668202,1.0299970886591152,0.10426035319508566,0.10806611490022555,0.0
model.dec.8x8_block4.affine,0.006802498414585858,0.006603076503386697,0.9942031699737542,0.965057129182137,1.0242294609268792,0.10436571771613763,0.10787526943622656,0.0,131265,131328,0.9995202850877193,1.0,0.9650571291821372,0.10435420374887126,0.2709523809523814,0.9571269487750557,1.6621983187200573,131265,0.9650598245317045,0.1043683285634615,0.9571231515790702,0.0012999991054603907,0.0012999991021914088,6.143753424322936e-09,0.006802486199564483,0.006603082227982311,0.9650597788422237,1.024226818767973,0.10436525520796637,0.10787473864731537,0.0
model.dec.8x8_block4.conv0,0.0216085212340912,0.02080888414735332,0.9941699442435474,0.957380052453865,1.0323735861259202,0.1038343819842517,0.1078279549707114,0.0,1178903,1179904,0.9991516258949881,1.0,0.957380052453865,0.10378993320999114,0.35,0.9625,1.556701030927835,1178903,0.9573806516133652,0.10382933538863783,0.9624565186440457,0.002041945922592822,0.002041945920654774,2.3806529140229904e-07,0.021608512530051954,0.020808878586727586,0.9573806714058865,1.032373973618446,0.10382988588902041,0.1078232704863608,0.0
model.dec.8x8_block4.conv1,0.015282585444691386,0.014680883994847052,0.9940370441567207,0.9549001106298196,1.0347780193512668,0.1047496986201692,0.10905252040754727,0.0,589467,590080,0.9989611578091107,1.0,0.9549001106298196,0.10470174577683983,0.3225806451612903,0.9587628865979382,1.578801915671521,589467,0.9549039368860409,0.10474440191732058,0.9587255608260177,0.002272170885567385,0.002272170878909743,1.2959832065318598e-07,0.015282531336649426,0.014680881086967605,0.9549041258575716,1.034775453088552,0.10474254116226751,0.10904467015505825,0.0
model.dec.8x8_block4.norm0,0.0006184941210757554,0.0006033021681187376,0.9941527644420706,0.9697335799828487,1.0191868565233053,0.1053304203941159,0.1088531299204832,0.0,1021,1024,0.9970703125,1.0,0.9697335799828487,0.10527657706260775,0.275,0.9631336405529954,1.7575757575757576,1021,0.9697746054290461,0.10525468857817973,0.9636232322157298,0.0028148446651769083,0.0028148446650670357,2.3965354509927705e-10,0.0006184844280598198,0.0006033090997568935,0.9697656294868594,1.0191651748049757,0.10528070111990862,0.10880240743815546,0.0
model.dec.8x8_block4.norm1,0.0004041032186540142,0.00039046948769640773,0.993695783402034,0.9601702376027794,1.0283919156005756,0.10832776956834113,0.11220922938999935,0.0,511,512,0.998046875,1.0,0.9601702376027794,0.108295229681778,0.2222222222222222,0.9536082474226805,1.3893939393939394,511,0.960540751580751,0.10907743007460578,0.9513798868019246,0.005817799131378609,0.005817799130140179,6.359356970693347e-11,0.00040403255102441666,0.0003905421881631444,0.9605091491756526,1.0280122900882884,0.10843627354590188,0.1122970385548386,0.0
model.dec.8x8_block4.skip,0.007294031850148738,0.0069947297180826835,0.9940698647172151,0.9532793614612676,1.0366057798882207,0.10428113944362107,0.1087903228686261,0.0,131315,131328,0.999901011208577,1.0,0.9532793614612677,0.10427643759013328,0.3033216496871623,0.9535289290110792,1.6093661472581682,131315,0.9532800034046958,0.10428752313192975,0.953508412459111,0.0008368233089874042,0.0008368233087739365,2.8822945544469703e-09,0.007294029301046404,0.006994732223940967,0.9532800188352315,1.0366050274550467,0.10428137128417897,0.1087904597232361,0.0
model.dec.8x8_in0.affine,0.00686085284641744,0.006341183493938412,0.9956889684442932,0.9202713705035146,1.077287149918867,0.08572929359483164,0.10128455320604073,0.0,131263,131328,0.999505056042885,1.0,0.9202713705035147,0.08571871613228642,0.5384673572270573,0.9320134478894284,1.3960976145499264,131263,0.9202635027588675,0.08573736622851223,0.932004381106934,0.0012852818552834178,0.0012852818771030038,4.716047154542256e-09,0.006860884451038836,0.006341152571648861,0.9202623141615806,1.0772969800816545,0.08573201768441652,0.10129146382870201,0.0
model.dec.8x8_in0.conv0,0.011917380595028833,0.011408316177661115,0.9946866857384491,0.952197516738502,1.0390718158710086,0.09855095471998401,0.10309820235466821,0.0,589544,590080,0.9990916485900216,1.0,0.9521975167385017,0.09851401000489794,0.34383314907986073,0.9561586638830898,1.5555555555555556,589544,0.9521982367922285,0.09853891147263605,0.9561615817610276,0.0018115911076852548,0.0018115911058055713,5.712567513002448e-08,0.011917398296638512,0.01140833607441773,0.9521983348203211,1.0390721709831021,0.09854545580053323,0.10309244588822264,0.0
model.dec.8x8_in0.conv1,0.012149705850555293,0.01161454696082779,0.9945687272458253,0.9507608933461886,1.0403950773932475,0.09949742012731494,0.10430452570920055,0.0,589617,590080,0.9992153606290672,0.9999999999999998,0.9507608933461889,0.09946260914534497,0.3287671232876712,0.9528688524590164,1.5724613157126408,589617,0.9507620122545819,0.09948476920262214,0.9528311761570045,0.0017702840960863678,0.001770284093004656,5.648350304346771e-08,0.012149717321223072,0.011614565439174378,0.9507620602854552,1.0403950083785445,0.09949221025400805,0.1042990013124816,0.0
model.dec.8x8_in0.norm0,0.00038807716199925246,0.000349695579593253,0.9954065780114952,0.8969589409369495,1.1046595449659542,0.08626923148125831,0.11534258414082611,0.0,512,512,1.0,1.0,0.8969589409369495,0.08626923148125831,0.45113205160637493,0.9093413826826149,1.360056746532156,512,0.896949360020286,0.08620247404832336,0.9097863395126944,0.0013230284652015986,0.0013230284647862717,0.0,0.00038805052198043655,0.000349666041675915,0.8969481880386531,1.1046812592859516,0.08623210139727454,0.11531987017117155,0.0
model.dec.8x8_in0.norm1,0.0004316674232671773,0.000400720586011758,0.9966426371859078,0.9251919419692941,1.0736113245243197,0.07600491669461906,0.09003258273165736,0.0,510,512,0.99609375,1.0,0.9251919419692941,0.07596225964822109,0.4626626626626627,0.9335846996970236,1.590664961636827,510,0.9251978577956905,0.07582079537092494,0.9324157834357288,0.0019196514077266262,0.001919651401748842,6.673399290233759e-11,0.0004316763424409336,0.000400730878283895,0.9252082176449535,1.0736194273313546,0.07586360550669963,0.08989692063026027,0.0
model.dec.8x8_in0.norm2,0.0002898356728751022,0.000275092340396783,0.996092401887504,0.945423271636986,1.0494770996910596,0.08382468445321276,0.08964675666235264,0.0,512,512,1.0,1.0,0.945423271636986,0.08382468445321276,0.37684425345113537,0.9493083863397453,1.5416083916083916,512,0.9454326062223833,0.0839514864285751,0.9492358959339262,0.0019499563176450768,0.0019499563176293912,0.0,0.0002898343834678665,0.0002750934616125703,0.9454306091160444,1.0494673521444144,0.0838335400451716,0.08965360347612766,0.0
model.dec.8x8_in0.proj,0.00401345444128901,0.0038343357320682323,0.9950765128586412,0.9506666850739989,1.0415609192888031,0.09468648206128939,0.09942568887351241,0.0,65764,65792,0.9995744163424124,1.0000000000000002,0.9506666850739988,0.09466994356621307,0.3555876068376069,0.953295058235178,1.5455955540809554,65764,0.9506669892501127,0.09468889566192812,0.9533382931407328,0.0011762991835007654,0.0011762991832844915,2.786895574456651e-09,0.00401345178580918,0.0038343330763230127,0.9506668446387627,1.041561158639767,0.09468458137862323,0.09942370881203746,0.0
model.dec.8x8_in0.qkv,0.004831557146883924,0.004653786039713865,0.9949769672974009,0.9583680332192347,1.0329843349708923,0.0964209125947012,0.10010449784437962,0.0,197199,197376,0.9991032344357976,1.0000000000000002,0.9583680332192342,0.09638591084551469,0.35753770949720676,0.9640250597429438,1.5714285714285714,197199,0.958366271323736,0.09641613846155403,0.964038838172292,0.0017833344073538097,0.0017833344081788366,8.703508844054379e-09,0.004831560837369221,0.004653780150616635,0.9583665130330252,1.0329868888409355,0.09641649654615608,0.10010011013642352,0.0
model.dec.8x8_in1.affine,0.0070998057937582985,0.006658732478198454,0.9959554485894281,0.9340820136504855,1.0619273694163305,0.08426664425305018,0.09378218211330591,0.0,131257,131328,0.999459368908382,1.0,0.9340820136504857,0.08425997883391005,0.4090909090909091,0.9419805589307412,1.4513012450487215,131257,0.9340824765873305,0.08427517043444725,0.9419728652897124,0.0012612558182151672,0.0012612558181740344,3.1282172536876098e-09,0.0070998049448848756,0.006658734462614186,0.9340827737180238,1.0619273466329004,0.08426257780032498,0.09377792515370474,0.0
model.dec.8x8_in1.conv0,0.013272210483503629,0.012650078917233479,0.995430720432037,0.9487701529263048,1.0443860571748091,0.0910106396615552,0.09607250353555487,0.0,589558,590080,0.9991153741865509,1.0,0.9487701529263048,0.09098505945269705,0.4,0.9557404159314098,1.5147058823529411,589558,0.9487701316092554,0.09101669024283333,0.955736513396545,0.0017250579596733298,0.0017250579475896971,4.530641698341255e-08,0.0132722162695488,0.012650076070764698,0.948769891026493,1.0443871494924963,0.09100677221252625,0.09606862231285535,0.0
model.dec.8x8_in1.conv1,0.012954158406423394,0.012454881881276572,0.994518165266432,0.9561876494450874,1.0343852293207338,0.10053386446756013,0.10456943993981566,0.0,589671,590080,0.9993068736442516,1.0,0.9561876494450874,0.10050495512548342,0.3303161861074705,0.9569028487947406,1.588235294117647,589671,0.9561867884330283,0.10052619359885281,0.9568875977391923,0.0016801534897479668,0.0016801534879598335,5.388210155629638e-08,0.012954153331402976,0.01245485988598264,0.9561867597519523,1.0343871098389985,0.10052969039091275,0.10456525862442666,0.0
model.dec.8x8_in1.norm0,0.0004176851867049801,0.00038920608186086565,0.9949569917906128,0.9271176587557941,1.0677602849691583,0.09346352384503624,0.10532544696784013,0.0,511,512,0.998046875,1.0,0.9271176587557941,0.09335190197754348,0.21894965499616661,0.9333333333333333,1.4745470232959448,511,0.927118051129489,0.09330338692486385,0.9329861708657398,0.003069023387169088,0.0030690233901443033,2.009870845058638e-10,0.00041766007212179176,0.000389185002112109,0.9271161301915758,1.0677457809692554,0.0935340984051127,0.10539287602728752,0.0
model.dec.8x8_in1.norm1,0.0004350740378253949,0.00041242324926066504,0.9960263067968254,0.9441712676110172,1.0507292880681467,0.08442290034504048,0.09058419136762183,0.0,510,512,0.99609375,1.0,0.9441712676110172,0.08434627720258223,0.3860150848522942,0.9493180316048789,1.2985369318181814,510,0.9441981605861575,0.0844119684508696,0.948914710573828,0.002226969835059889,0.0022269698355223966,1.3523447385209e-10,0.00043509106973571,0.00041245015819486164,0.9441907722152826,1.0506961516240412,0.08448252557294784,0.09063805401306421,0.0
model.enc.16x16_block0.affine,0.0059594810700593975,0.005727690924744364,0.9921002468073696,0.9535131521138598,1.0322488971790416,0.12056839684720304,0.12545144171572228,0.0,131262,131328,0.9994974415204678,0.9999999999999998,0.9535131521138599,0.12055075813153485,0.165978470894784,0.9539951573849879,1.6535898047162123,131262,0.9535162917894873,0.12056213659421819,0.9540088178884321,0.001489997813865773,0.0014899978109034478,8.344946320067902e-09,0.00595948175796397,0.005727704339042669,0.953515593923068,1.0322469438582993,0.12056614453912821,0.1254488355512505,0.0
model.enc.16x16_block0.conv0,0.013817271287546888,0.013233681960930919,0.9925233260571256,0.9506028913019391,1.0362924011500843,0.11689995299815632,0.12208941138946915,0.0,589592,590080,0.9991729934924078,1.0,0.9506028913019391,0.11686048602383,0.25,0.9539594843462247,1.6470588235294117,589592,0.9506049404424884,0.11690482895782038,0.9539508553269107,0.002325310401933367,0.002325310400645738,9.730998424088387e-08,0.013817250706757453,0.01323368218423655,0.9506049017735165,1.0362914707634379,0.11689542470285116,0.12208447449112797,0.0
model.enc.16x16_block0.conv1,0.013768513601577432,0.013206284016648669,0.9927283210381933,0.9521908129210944,1.0349916277473858,0.11546090842638362,0.12038773237543983,0.0,589621,590080,0.9992221393709327,1.0,0.9521908129210944,0.11541840895343063,0.23125,0.9535679374389052,1.6721311475409837,589621,0.952192675111367,0.11544893788192404,0.9535690935498788,0.001991837541761093,0.001991837540712921,1.0276628936725133e-07,0.013768500882436826,0.013206290600216544,0.9521926261615079,1.0349906545197536,0.11545728780049694,0.12038377086985844,0.0
model.enc.16x16_block0.norm0,0.0003873560946792365,0.00036857681730820133,0.9933148533783476,0.9451582981967184,1.0439250227443797,0.10984013092359285,0.11588089587658663,0.0,511,512,0.998046875,1.0,0.9451582981967184,0.10977803063009799,0.43167701863354035,0.9560439560439561,1.5107962213225372,511,0.9451558584075168,0.11000844203112402,0.9557284164149161,0.003329678421458336,0.0033296784214493485,1.1305523503454838e-10,0.0003873547499101791,0.00036857061879555096,0.9451400023483985,1.0439326790919738,0.10988754630899088,0.1159326770758173,0.0
model.enc.16x16_block0.norm1,0.0003839487545123443,0.0003718822698652455,0.9932360343876037,0.9620212766392543,1.0254636191128075,0.11246367486792348,0.11635873757203062,0.0,512,512,1.0,1.0,0.9620212766392543,0.11246367486792348,0.18620192307692307,0.96129370156785,1.664030664745832,512,0.9619879095823679,0.11258942567074613,0.9610066221963679,0.0025543850247152795,0.0025543850248498294,0.0,0.00038396300876481545,0.00037188207020270327,0.961976834051896,1.0254934862396912,0.1125296630995912,0.11642921087336165,0.0
model.enc.16x16_block0.norm2,0.00041058925808083014,0.0003971093451893639,0.9928241450112588,0.9602290813852601,1.0265256510408245,0.1156575103720315,0.11976130912771007,0.0,512,512,1.0,1.0,0.9602290813852601,0.11565751037203152,0.20240869728915667,0.9634602585482933,1.5102504311468736,512,0.9602338071907449,0.1156782482829994,0.9634758129404452,0.0005286363488844222,0.0005286363488802599,0.0,0.0004105882477630381,0.0003971109795714931,0.9602363352875547,1.0265199041818331,0.11565047411587652,0.11975357745249238,0.0
model.enc.16x16_block0.proj,0.004509230551199382,0.004321360406952938,0.9928590935097409,0.951493148922043,1.036023412971258,0.11432284328501728,0.11932217291789707,0.0,65747,65792,0.9993160262645915,1.0000000000000002,0.9514931489220427,0.1142872871677267,0.26618705035971224,0.9541923386016609,1.6666666666666667,65747,0.9514887688234451,0.11432046696959113,0.954126884062878,0.0022584308455708925,0.002258430844941533,9.131090956114568e-09,0.004509237373620173,0.004321345692592662,0.9514895373526211,1.036029670939571,0.11431339283060395,0.1193130279182527,0.0
model.enc.16x16_block0.qkv,0.008298577999763778,0.007887677737314268,0.991137515810334,0.9420617988162159,1.0427697805824354,0.12626234253285218,0.13314633829061245,0.0,197259,197376,0.9994072227626459,1.0,0.9420617988162159,0.12622854185370752,0.1694861931060751,0.9441920830629461,1.7081663417156143,197259,0.9420623712434625,0.12625270287521373,0.9441532342047323,0.001742867199794215,0.001742867210984689,3.2470313097185506e-08,0.00829857549847782,0.007887676758229618,0.9420622422503879,1.0427699016895349,0.12626030247069778,0.133144165925384,0.0
model.enc.16x16_block1.affine,0.006867763657499322,0.00657905263573722,0.9934918475141178,0.9517268624749325,1.0370896209762202,0.10911491323613075,0.11396198713867961,0.0,131275,131328,0.9995964303118908,1.0000000000000002,0.9517268624749324,0.10909868077693209,0.20175285151654646,0.9569195577582921,1.5580495952717446,131275,0.9517305697930188,0.10912554257276916,0.9568916470073409,0.001398862396395484,0.0013988623908997631,9.230065655996872e-09,0.006867744925113991,0.006579057676103885,0.9517301798412672,1.0370859893079698,0.10911536157572242,0.11396193860916591,0.0
model.enc.16x16_block1.conv0,0.014175490719100271,0.013583041889413642,0.9930123516898891,0.9515105076069647,1.0363243734308776,0.11307834733050078,0.11804673919205276,0.0,589574,590080,0.999142489154013,1.0,0.9515105076069647,0.11303310025420844,0.28125,0.9562643372991464,1.6236559139784945,589574,0.9515105720451889,0.11307442252229184,0.9562448681384481,0.002274960617498943,0.0022749606167381253,1.1357879633051811e-07,0.014175497122595216,0.01358303602821565,0.9515101550440987,1.0363258200861192,0.1130741423320103,0.11804248496378514,0.0
model.enc.16x16_block1.conv1,0.013899507706370232,0.013354905920821055,0.9932904279269954,0.9543719459170155,1.0337959727676054,0.11111536471617219,0.11564765781857246,0.0,589654,590080,0.9992780639913232,1.0000000000000002,0.9543719459170151,0.11107504197259022,0.25964991500212503,0.9554710392551797,1.6496860689869886,589654,0.9543730027334768,0.11110789480876963,0.955481843238985,0.0019722255688273847,0.001972225568208133,9.5627367621806e-08,0.013899516709031579,0.013354924320551497,0.9543730192195817,1.033795625938416,0.11111221151008929,0.11564428918010757,0.0
model.enc.16x16_block1.norm0,0.00042007409092020733,0.000401460238220025,0.9934299933020062,0.9494102359235891,1.039490743042139,0.1093704608574989,0.11459575746702153,0.0,512,512,1.0,1.0,0.9494102359235891,0.1093704608574989,-0.24200191849311084,0.9439628188369869,1.7754892367906066,512,0.9495087280039876,0.10953743911314046,0.9446318951985928,0.0026064527612692265,0.0026064527609966624,0.0,0.00042006159229704404,0.0004014877216105355,0.9495086479370426,1.039394314471337,0.10933635051637414,0.1145441656814396,0.0
model.enc.16x16_block1.norm1,0.00042257133574380293,0.0004039708725030667,0.9939894493624563,0.9502366846795357,1.0397567694169625,0.10465707103205267,0.10965137827545769,0.0,511,512,0.998046875,1.0,0.9502366846795357,0.10453381096769396,0.33630952380952384,0.9445214979195562,1.5,511,0.9503366986261995,0.10464646494706571,0.9445611870655739,0.0034894835859373887,0.003489483585859194,2.5437427882773386e-10,0.0004225645371477347,0.00040400445151063136,0.9503314973957119,1.0396542104823006,0.10466257593620058,0.10964080391607042,0.0
model.enc.16x16_block1.norm2,0.0004183994703394964,0.0004003267507812415,0.9934880709250485,0.9505744618907657,1.038339011451158,0.109014718342444,0.11403934378193038,0.0,512,512,1.0,1.0,0.9505744618907657,0.109014718342444,0.28449197860962566,0.9502458875256499,1.6087569721115536,512,0.9505784617510249,0.10902024193411344,0.9503120327517296,0.00020279356792387754,0.00020279356792286924,0.0,0.00041839794645447603,0.00040032744879363926,0.9505783122930229,1.0383320328182393,0.1090263719785645,0.11405060703589881,0.0
model.enc.16x16_block1.proj,0.004549995961678122,0.004372892505265722,0.9934445594565282,0.9547758514586083,1.0336793617120101,0.10986536748661219,0.11431562335201483,0.0,65753,65792,0.9994072227626459,1.0,0.9547758514586083,0.10983421749219519,0.2845528455284553,0.9578947368421052,1.6363636363636365,65753,0.9547762478757795,0.10985161731479126,0.9579068193446584,0.0016131879230103,0.0016131879231761528,7.82739440904181e-09,0.00455000257141258,0.004372896973409325,0.9547757274312534,1.0336801182755233,0.1098628225544563,0.1143130263342353,0.0
model.enc.16x16_block1.qkv,0.008331002621150616,0.00797440648374685,0.9927208298380955,0.9502288958490464,1.0371129001648387,0.11528299864470992,0.12049432203284664,0.0,197271,197376,0.9994680204280155,1.0,0.9502288958490464,0.11525046479853417,0.24528301886792453,0.952358710882765,1.667056986729118,197271,0.9502290070610059,0.1152712944028549,0.9523146919364096,0.0017721335184700563,0.0017721335179009079,2.8758876234383678e-08,0.008331002583683127,0.007974405276685989,0.9502289805215627,1.0371132972199777,0.1152811334474466,0.12049239662604537,0.0
model.enc.16x16_block2.affine,0.005881366845039538,0.005624739791600288,0.9891670600198079,0.9460058298737666,1.03429750824981,0.14038896267891446,0.14679745297986724,0.0,131277,131328,0.9996116593567251,0.9999999999999998,0.9460058298737668,0.1403741967543027,0.18619274576918693,0.9578454332552693,1.8201501956329673,131277,0.9460059693515956,0.1403971017855882,0.9578151226761167,0.0016052953129190852,0.0016052953133417521,7.922555518842585e-09,0.005881362321151363,0.005624733920696062,0.9460053587133832,1.0342975610997074,0.14039034870916173,0.14679894132915458,0.0
model.enc.16x16_block2.conv0,0.013999066246220698,0.01345784592780517,0.9930758577644646,0.9546823804784238,1.033013365953616,0.11293313593377625,0.11747511140298274,0.0,589563,590080,0.9991238476138828,0.9999999999999999,0.9546823804784239,0.11288504182052947,0.2686084142394822,0.9576719576719577,1.63404840032814,589563,0.9546816781558294,0.11293921749132443,0.9576566913981901,0.00241816869255576,0.002418168691907455,1.1758635910526596e-07,0.013999084568283521,0.01345784348991869,0.9546812781065829,1.0330152514209823,0.1129302619946066,0.11747229359925934,0.0
model.enc.16x16_block2.conv1,0.013897432237707669,0.01342434235284867,0.9938983687666375,0.9600645455970912,1.0289245363421076,0.10654496751136128,0.1103795969206729,0.0,589678,590080,0.9993187364425162,0.9999999999999997,0.9600645455970916,0.10650841198891198,0.2967032967032967,0.9604111376580919,1.6214346246973375,589678,0.9600620250330628,0.10653690726125763,0.9604014891758974,0.0017942797112856324,0.0017942797113069695,8.31033514368616e-08,0.01389744999205351,0.013424316895107225,0.9600616992128709,1.0289280172413247,0.10654282018227479,0.11037760577553395,0.0
model.enc.16x16_block2.norm0,0.0003997453846358759,0.0003859775881591237,0.9915535067502149,0.9574030014499926,1.026922158442807,0.12523128560943797,0.12984304239707126,0.0,511,512,0.998046875,1.0,0.9574030014499926,0.1252185025409667,0.13289505139851782,0.958628841607565,1.6736411736411736,511,0.9575376930969719,0.12515630559091384,0.9589292958534363,0.0038405831001894265,0.0038405831002226525,2.8263808758637095e-11,0.0003997299859405161,0.0003860181012344587,0.957539213875011,1.0267735789159453,0.12525815658564732,0.12985915576087337,0.0
model.enc.16x16_block2.norm1,0.00036527056639342116,0.0003494142457585514,0.9916152693750357,0.9485694531930985,1.0366144926422758,0.12361557982575062,0.12926480748194277,0.0,510,512,0.99609375,1.0,0.9485694531930985,0.1232612678247901,-0.09718749999999998,0.9530257863568918,1.7247254632807136,510,0.9484129955634601,0.12336716774229321,0.9496564974136084,0.0032328788914680884,0.0032328788915566343,6.447681373064088e-10,0.00036526631581308835,0.0003493552294120978,0.9484284569464845,1.0367864858371985,0.12353334339673223,0.12920333025653571,0.0
model.enc.16x16_block2.norm2,0.00038226638214831937,0.0003715283839363807,0.9924689355494727,0.964590131257444,1.021153499410843,0.1190556070701716,0.12306136479164548,0.0,512,512,1.0,1.0,0.964590131257444,0.1190556070701716,0.08394132202191588,0.9642116495395393,1.750200679221982,512,0.9645925670950943,0.11903859709494351,0.9633961122155766,0.00032051062688940625,0.0003205106268873143,0.0,0.0003822666348071104,0.00037152990721593936,0.9645948388430151,1.0211514593855757,0.11904475190890586,0.12305004371490796,0.0
model.enc.16x16_block2.proj,0.004744095042491229,0.0045673452129841524,0.9939868998336594,0.956954122559111,1.032452793451339,0.10541946954907158,0.10950188405034038,0.0,65773,65792,0.9997112110894941,1.0,0.9569541225591109,0.10540478476517612,0.3173838209982789,0.9575757575757575,1.6219225967540545,65773,0.9569538588327798,0.1054254276309825,0.9575444068240424,0.0014421186021582376,0.0014421186017236996,3.849487204089092e-09,0.00474409032770769,0.0045673375096747975,0.9569537249912674,1.0324537950532977,0.10541698734000124,0.10949937642417966,0.0
model.enc.16x16_block2.qkv,0.008473655882313103,0.008185216999801754,0.9942696742077519,0.9604252465219393,1.029306745766191,0.10326210502607246,0.10696950226395609,0.0,197244,197376,0.9993312256809338,1.0,0.9604252465219393,0.10322801704920544,0.3157894736842105,0.9608294930875576,1.6095206278502487,197244,0.9604265425026961,0.10325074733228155,0.9607939763351124,0.0016571307306279747,0.0016571307302336632,2.7922232533385416e-08,0.008473658368146354,0.00818522740243245,0.9604263123842254,1.0293058756868934,0.10326102471622169,0.10696831864625067,0.0
model.enc.16x16_block3.affine,0.005968704739424896,0.005797098104122747,0.9935115585739004,0.9649470402832723,1.0229216483530281,0.1104612942760942,0.1141744742868168,0.0,131272,131328,0.9995735867446394,1.0,0.9649470402832723,0.11044966922077704,0.2784433905342105,0.9620077883264746,1.470427842674095,131272,0.9649508190375189,0.11046045151000462,0.9620001116221909,0.001115942567447609,0.0011159425602430178,5.054526467100568e-09,0.005968692069104735,0.005797107940063319,0.964950914712471,1.0229179414730032,0.11046006677409136,0.11417312346504857,0.0
model.enc.16x16_block3.conv0,0.013759895360283303,0.013265355471521039,0.9938372119495199,0.9581180344865894,1.030888020373047,0.10686542702878958,0.11087322213767611,0.0,589554,590080,0.9991085954446854,1.0,0.9581180344865894,0.10682113829311964,0.3074727162933686,0.9606741573033708,1.6099539007092183,589554,0.9581174644895202,0.1068696347357107,0.9606833497923837,0.002313310935678305,0.002313310935128514,9.899397177620927e-08,0.013759893016342608,0.01326533680774594,0.9581171605264289,1.0308896296514094,0.10686250778967095,0.11087030433947215,0.0
model.enc.16x16_block3.conv1,0.013597820824870028,0.013169148779385144,0.9939701009040721,0.9626351390897449,1.0263250543975249,0.10619467330265187,0.10985755931533095,0.0,589739,590080,0.9994221122559653,1.0,0.9626351390897449,0.10616070342632127,0.2972065457762053,0.9632352941176471,1.6225165562913908,589739,0.9626362797035953,0.10618523912534353,0.9631965250416549,0.0017315645275404034,0.0017315645270001936,7.36891999866899e-08,0.013597828533567112,0.013169164528001827,0.9626361309819716,1.0263248208704467,0.10619123713342743,0.10985397738186743,0.0
model.enc.16x16_block3.norm0,0.0003674600777088895,0.00035784327952797216,0.9930373458525411,0.967048564157613,1.01972455862841,0.114717013643972,0.11853624731713226,0.0,512,512,1.0,1.0,0.967048564157613,0.11471701364397201,-0.01046511627906975,0.9627157140797,1.5220311486048022,512,0.9669565181619872,0.11464020722309924,0.9624355913549603,0.0037772979111189943,0.0037772979111742825,0.0,0.0003674615018691896,0.00035781562531317146,0.9669534956929998,1.0197898283215743,0.11484744389519913,0.11867172394121873,0.0
model.enc.16x16_block3.norm1,0.0003782882755449991,0.00036714746106834194,0.9938635174317473,0.9645936463344396,1.0240215608255538,0.10735570146658156,0.11097696197985907,0.0,510,512,0.99609375,1.0,0.9645936463344396,0.10730212387980392,0.432410071942446,0.9630352127603201,1.707417582417582,510,0.9645165636836032,0.1072831333482382,0.9646785006715024,0.002957247673489034,0.0029572476734934755,9.092506532943496e-11,0.0003783018217452722,0.00036712919414220383,0.9645136188878581,1.0241118410272623,0.10732402442580614,0.1109467649277961,0.0
model.enc.16x16_block3.norm2,0.0004000727076720419,0.0003917269896319433,0.994616118644278,0.9738679258154211,1.0158063503720987,0.10146633460770395,0.10502941902579162,0.0,512,512,1.0,1.0,0.9738679258154211,0.10146633460770393,0.39226771374717223,0.9659593519102496,1.6131631064869374,512,0.9738559660729783,0.10153932075804382,0.967013937484611,0.0015434774346836004,0.0015434774346838192,0.0,0.00040007527383718633,0.0003917244796644319,0.9738546780960177,1.0158185808392595,0.10147233903597246,0.10503483409863877,0.0
model.enc.16x16_block3.proj,0.004424110171433159,0.00427601437197858,0.9939652797643831,0.9606925815193674,1.0283903471124818,0.1060231222178455,0.10979649427607054,0.0,65766,65792,0.9996048151750972,1.0,0.9606925815193672,0.1060031620607919,0.3107408011748388,0.9624261652941395,1.61883547685898,65766,0.9606975922397021,0.10604132060831321,0.9625285396639318,0.0018767026772292367,0.0018767026766764755,4.5762896969168535e-09,0.004424097867478053,0.004276025176128829,0.9606973666805175,1.0283845524920043,0.10602653030014934,0.10979968715513021,0.0
model.enc.16x16_block3.qkv,0.008425296100237324,0.008158003564126244,0.9945006398417109,0.9629501049970195,1.027084910747929,0.10140792339702388,0.10490161551892645,0.0,197270,197376,0.9994629539559015,1.0,0.9629501049970193,0.10137780119168374,0.33096512887701884,0.9629629629629629,1.596026490066225,197270,0.9629486840723888,0.10140222576094464,0.9629833999898194,0.0016966668695423096,0.0016966668692430552,2.395534747781188e-08,0.00842531227895766,0.008158004443114248,0.9629488305950199,1.027087274668901,0.10140326743228988,0.10489688626370405,0.0
model.enc.16x16_down.affine,0.006010607829716708,0.005779337340172669,0.9924168235727797,0.9542315466221398,1.03213015247366,0.11818853038162166,0.12292294497437921,0.0,131271,131328,0.9995659722222222,1.0,0.9542315466221398,0.11817175343895538,0.007309824350497563,0.9405714285714286,1.8106080937265752,131271,0.9542337177838577,0.11818708239114138,0.9406374182776879,0.0015155318831386478,0.0015155318858174195,7.914656925151409e-09,0.006010608329380126,0.005779351119188173,0.954233878164865,1.0321279243787167,0.1181877058884046,0.12292182589622251,0.0
model.enc.16x16_down.conv0,0.01290578676596681,0.012393065736832382,0.9932846553897586,0.9538234477958238,1.0343784365048938,0.11109975006416549,0.1157010173912842,0.0,589504,590080,0.9990238611713665,0.9999999999999997,0.9538234477958242,0.11105160403744131,0.26666666666666666,0.9552238805970149,1.639344262295082,589504,0.9538259870169402,0.11108982124104542,0.9551827865599207,0.00232853979992386,0.0023285397987148015,9.842068276831798e-08,0.012905778686790912,0.01239307969718056,0.9538259196858375,1.0343774917083064,0.11109307343342792,0.11569385166859789,0.0
model.enc.16x16_down.conv1,0.013798167507717757,0.013237597308096266,0.9931640248378936,0.9528153223490406,1.0352213667181873,0.11198491137645492,0.11674212145927435,0.0,589661,590080,0.9992899267895878,1.0,0.9528153223490409,0.11194372990222519,0.26272912423625255,0.9545454545454546,1.6451612903225807,589661,0.9528149919167148,0.11198042686697257,0.9545264243127883,0.00207648218573811,0.0020764821848972682,9.699790315243082e-08,0.0137981627527826,0.013237582689130405,0.9528150375852936,1.0352226303377912,0.1119810898959475,0.116738243077549,0.0
model.enc.16x16_down.norm0,0.00029862741902973125,0.00028525178472104003,0.9916459777094044,0.9472297817531817,1.0381448768293413,0.12321187772544023,0.12907336782707424,0.0,512,512,1.0,1.0,0.9472297817531817,0.12321187772544023,0.367989417989418,0.948494059132357,1.721531914893617,512,0.9472339764818934,0.12312246559152586,0.9474653469039298,0.0032175818773957678,0.0032175818774760937,0.0,0.00029860565325350567,0.0002852333787176893,0.9472338273784303,1.0381319506073456,0.12324268961519781,0.12910407393478082,0.0
model.enc.16x16_down.norm1,0.000374159096760385,0.00035990693208589133,0.9933852177147904,0.9555459941581176,1.0327228587711181,0.11045548758210129,0.11483068692065103,0.0,508,512,0.9921875,1.0,0.9555459941581176,0.11040630959390103,0.3603335318642049,0.9575106637218886,1.8449374999999995,508,0.9555340446123356,0.11056425827880954,0.957180244566959,0.0035483935312278416,0.003548393531290027,8.400632047706026e-11,0.00037414871940598344,0.0003598929257046299,0.9555381304672415,1.03273745564647,0.11042984471847717,0.11480525003939483,0.0
model.enc.16x16_down.skip,0.0046074547128347665,0.004418487005729419,0.993381743170336,0.9526397105325985,1.0358662112798496,0.11014874501473591,0.11488650494892166,0.0,65784,65792,0.9998784046692607,1.0000000000000002,0.9526397105325984,0.1101386192224189,0.26321123755334286,0.9526684468284246,1.6392780994998681,65784,0.9526401038814539,0.11015248448783016,0.9526998652697581,0.001014877498228719,0.0010148774981810014,2.61606625144342e-09,0.004607456668312821,0.004418490189331182,0.9526404463017282,1.0358663978838754,0.11014485374300932,0.11488241314154929,0.0
model.enc.32x32_block0.affine,0.006542029666337759,0.006187782761747767,0.9954727698602689,0.9415685283156053,1.0524629973625381,0.08990042359604797,0.09676521395107468,0.0,131291,131328,0.9997182626705653,0.9999999999999999,0.9415685283156054,0.08989206933633538,0.44408990184786423,0.9457755359394704,1.5082079496968337,131291,0.9415710075003634,0.08990638291008549,0.9457608537972577,0.0010317905337472913,0.0010317905314368137,3.551505818410332e-09,0.006542021932812465,0.006187790846409516,0.941571084604016,1.0524606162296257,0.08989841623146999,0.09676244062634863,0.0
model.enc.32x32_block0.conv0,0.008869021087075369,0.008540768907630005,0.9936041195643375,0.9568297433901529,1.0317918660401275,0.10874039669840797,0.1129286541254117,0.0,294939,295168,0.999224170641804,1.0,0.956829743390153,0.10870192970728021,0.28159420550241165,0.9573991031390134,1.6244209172649653,294939,0.9568314601301788,0.1087328167446755,0.9574020953844644,0.002034659619245181,0.002034659618548716,3.634893273874514e-08,0.008869019441189388,0.008540776513216134,0.9568313258378025,1.0317913518804722,0.10873564920841461,0.11292361223227479,0.0
model.enc.32x32_block0.conv1,0.012884734605999577,0.012380344239155983,0.994338430702134,0.9554137076740786,1.0348489945556254,0.10209984570403367,0.10627034300358754,0.0,589636,590080,0.9992475596529284,0.9999999999999997,0.9554137076740788,0.10206320454131178,0.3170731707317073,0.9569266589057043,1.5809523809523809,589636,0.9554144341436805,0.10209702273168407,0.9569027978908967,0.0019129173017080356,0.0019129173007675867,6.861283004959092e-08,0.012884719694067612,0.01238033192297911,0.9554143679608926,1.034849373380067,0.10209513642445639,0.10626542701995001,0.0
model.enc.32x32_block0.norm0,0.000230790758945473,0.00021100715278415542,0.9946060115285499,0.9093474261862805,1.0878582703175574,0.09483362044143148,0.11510752143617253,0.0,255,256,0.99609375,1.0,0.9093474261862805,0.09483353252475521,0.3144021739130435,0.9030303030303031,1.4767503572157576,255,0.9093436976370224,0.09491833927076644,0.9035267239710933,0.0019394785111407078,0.001939478511218103,4.9069112428189403e-14,0.0002307698359368956,0.0002109883327946893,0.9093332332555174,1.0878380999227728,0.09498252577258158,0.11524611966874342,0.0
model.enc.32x32_block0.norm1,0.00033947527993059525,0.0003245726674006839,0.995913620897474,0.9521940463572293,1.0416405606436792,0.08634635077080074,0.0906647819231766,0.0,511,512,0.998046875,1.0,0.9521940463572293,0.0862749160108147,0.33176100628930816,0.9511111111111111,1.5246913580246915,511,0.9520108632734902,0.0863226795340172,0.9502418502703515,0.001499644602828843,0.001499644603020342,7.851057988510304e-11,0.00033950444111936534,0.0003245401691281067,0.9520133044809854,1.041830388420087,0.08637023513695069,0.09072244131701837,0.0
model.enc.32x32_block0.skip,0.002671486191332501,0.002578510798429967,0.9942999313480175,0.9596954377594006,1.030152186392415,0.10290851260719046,0.10666163774882735,0.0,33006,33024,0.9994549418604651,1.0,0.9596954377594005,0.10286520292057647,0.32391262229971907,0.9633783455293753,1.6049612533692723,33006,0.9596910329063459,0.10286267079938245,0.9633887395697847,0.0015770006386916652,0.0015770006387008308,3.5138951104390066e-09,0.0026714929185336924,0.0025785033420305634,0.9596911836374465,1.030158765995851,0.10289921062463687,0.10665240772044937,0.0
model.enc.32x32_block1.affine,0.006463987654485229,0.0062246661994297655,0.9960498734769816,0.9591723115492578,1.034345277180743,0.08550799953764297,0.08880158145197764,0.0,131280,131328,0.9996345029239766,1.0,0.9591723115492578,0.08549894416642985,0.4155828375755472,0.9596305305453191,1.5981894500441136,131280,0.9591732396615431,0.08551073655713853,0.9596092294644258,0.0010593451557565931,0.0010593451635987153,3.5746129618109394e-09,0.0064639760818935195,0.006224659478266318,0.9591731093215059,1.0343446675561774,0.08550675653389436,0.08880021814684469,0.0
model.enc.32x32_block1.conv0,0.012450873396415915,0.012000739915069746,0.9950538816986364,0.9590799340376668,1.0323771693513897,0.09574536763235289,0.09934039354510006,0.0,589575,590080,0.9991441838394793,1.0,0.9590799340376668,0.09571274688286352,0.36504460665044614,0.9606986899563319,1.552126296913026,589575,0.9590781428550195,0.0957519914722711,0.9606936850182333,0.0021209250154309504,0.0021209250144104187,5.349033682948924e-08,0.012450898671186074,0.01200073146223765,0.9590779109046546,1.0323806372978959,0.09573910254517382,0.09933413834784018,0.0
model.enc.32x32_block1.conv1,0.012828104155783641,0.012369460457354228,0.9950313441458596,0.9594559504485383,1.03192582772545,0.09600251253032863,0.09957060393494244,0.0,589655,590080,0.9992797586767896,1.0000000000000002,0.9594559504485383,0.09597065231148402,0.38095238095238093,0.9609315258950295,1.5398230088495575,589655,0.9594566100364357,0.09600178951038352,0.9609092055736967,0.001797826571223852,0.0017978265704185355,5.560607227201139e-08,0.0128281045262328,0.012369465510650818,0.9594568576768815,1.0319260199328346,0.09599712235360378,0.09956497716835312,0.0
model.enc.32x32_block1.norm0,0.00032705029682289694,0.00030917166320870726,0.9947386859880423,0.9403599904742103,1.0522619671453946,0.09684456465574642,0.10400609991111646,0.0,511,512,0.998046875,1.0,0.9403599904742103,0.09681094778220253,0.38290513833992096,0.9375,1.5349206349206348,511,0.94033266943598,0.0966475820437939,0.9378308715734008,0.0028574887791382913,0.002857488779015913,3.847018414370049e-11,0.000327049929351536,0.0003091607405409095,0.9403439281412335,1.052315981658407,0.09668476502377689,0.1038517411708541,0.0
model.enc.32x32_block1.norm1,0.0003154716304803376,0.0003015124565893776,0.9942339392263256,0.9502404922567116,1.0402641583520829,0.10248790321443461,0.1074409299429413,0.0,511,512,0.998046875,1.0,0.9502404922567116,0.10244330972654703,0.2754860123281176,0.9551020408163265,1.85,511,0.9505025368574698,0.10239529654067453,0.9547730502482288,0.0035789702543087675,0.0035789702542175133,5.024677112646595e-11,0.00031543530399930905,0.0003015585881381804,0.9504917977878914,1.0399813904845137,0.10254812191418732,0.107458722712931,0.0
model.enc.32x32_block2.affine,0.006167504709122604,0.005973064992093851,0.995004552757928,0.9636355611146129,1.0273946914784433,0.09668228018615194,0.09999160870418462,0.0,131283,131328,0.9996573464912281,1.0,0.9636355611146128,0.09667049592527198,0.3858333798110667,0.965668016194332,1.6304252831505934,131283,0.9636334494487344,0.09667919975777525,0.9656356408399454,0.001200155814930572,0.0012001558122063348,4.788282063294502e-09,0.006167511353598991,0.005973057935096719,0.9636337000998481,1.027397348702154,0.09667891566464146,0.09998823140692838,0.0
model.enc.32x32_block2.conv0,0.012263976682747835,0.011800791410770837,0.9944641532886195,0.9569052797496362,1.0334972260105002,0.10110787044317206,0.10507661702814773,0.0,589541,590080,0.9990865645336225,1.0,0.9569052797496362,0.10106519931294902,0.33899263305297767,0.9598713432378618,1.5738255033557047,589541,0.9569084645279,0.10109620895321202,0.9598462732782888,0.002127847193565561,0.0021278471925741563,7.168496365580681e-08,0.012263960455940928,0.01180080810129749,0.956908812415448,1.0334953830656457,0.10109950462264959,0.1050676311047689,0.0
model.enc.32x32_block2.conv1,0.01287411824472625,0.012391112912110164,0.9944639760053325,0.9571541273326334,1.0332281618304597,0.10113579691842889,0.10507807612991124,0.0,589650,590080,0.9992712852494577,1.0000000000000002,0.9571541273326332,0.10110039985191221,0.3181818181818182,0.9587628865979382,1.601184883781845,589650,0.957156147033484,0.10112995493554858,0.9587633520667329,0.0018163837647561202,0.0018163837642823511,6.554946241988267e-08,0.01287409487933493,0.012391112823547209,0.9571559790718758,1.0332264250742023,0.10113483055382172,0.10507688289539845,0.0
model.enc.32x32_block2.norm0,0.0003842173929048912,0.0003706538947196076,0.9967662985570099,0.9615788288294841,1.033241398574122,0.0775184582221913,0.0803551295539417,0.0,511,512,0.998046875,1.0,0.9615788288294841,0.07726969370511859,0.3401360544217687,0.9609929078014184,1.3447256958450988,511,0.9616900271201836,0.07732605076332344,0.9605179275581792,0.002088652023174903,0.0020886520231158463,3.1404231954041217e-10,0.0003841817792596132,0.0003706641784562612,0.961693367696296,1.0331155863829298,0.07754368130492466,0.08037172949085954,0.0
model.enc.32x32_block2.norm1,0.0003535382946440621,0.00034159404450231283,0.9951937188315936,0.9615712148559217,1.0299918744450527,0.0946173867260464,0.09797702243795944,0.0,512,512,1.0,1.0,0.9615712148559217,0.09461738672604639,0.4444444444444444,0.9547997632097498,1.5629790940766544,512,0.9614356329728152,0.09459114971990766,0.955243800793558,0.0026379995581109566,0.002637999558220416,0.0,0.0003535628927961384,0.00034157131963159093,0.9614435019227888,1.0301354445679762,0.09457248474794068,0.09793949621930646,0.0
model.enc.32x32_block3.affine,0.006335371361771872,0.006106997324953948,0.9947511576998314,0.9588929065349497,1.0319503450295764,0.09863516557035025,0.10233158614560689,0.0,131279,131328,0.9996268884015594,1.0,0.9588929065349497,0.09862055290210572,0.39941574030879873,0.9620749782040104,1.4721489084392303,131279,0.9588908313830975,0.09862412170505934,0.9621318023520379,0.00093600770686592,0.0009360077053369968,6.391624704020392e-09,0.006335387843559293,0.006106997700744508,0.9588906197533685,1.0319531263539696,0.09863346830051907,0.10233005493210826,0.0
model.enc.32x32_block3.conv0,0.012756559481073064,0.012274385272886594,0.9943583360908923,0.9567734415062976,1.0334196766549146,0.10206372017714825,0.10607318260288247,0.0,589551,590080,0.9991035113882863,1.0,0.9567734415062976,0.10201911734377372,0.32871922597949993,0.959122632103689,1.5872299860049084,589551,0.9567760909282154,0.10205159837078452,0.9591214780810366,0.0021345795413462696,0.002134579540817958,8.18359322979709e-08,0.01275652840997984,0.012274382734108477,0.9567761458113417,1.0334179908950596,0.10205858744288862,0.10606760934409759,0.0
model.enc.32x32_block3.conv1,0.013225622583604291,0.012740559774634239,0.994239700599925,0.9577749747305804,1.0320927235826918,0.10324846222390341,0.10718537625425573,0.0,589717,590080,0.999384829175705,0.9999999999999999,0.9577749747305804,0.10321667695382049,0.32528521164303253,0.958139534883721,1.603448275862069,589717,0.9577757225727753,0.10323787845350572,0.9581336028379128,0.0016138743582311212,0.0016138743578045262,6.341804872507296e-08,0.013225614153711096,0.012740555299171164,0.957775723489767,1.0320929398478094,0.10324408791751925,0.10718080523225157,0.0
model.enc.32x32_block3.norm0,0.0003376284863621485,0.0003268383381826937,0.9942279607263819,0.9624537845128031,1.027051120579796,0.10385943392067938,0.10745701085896343,0.0,512,512,1.0,1.0,0.9624537845128031,0.10385943392067938,0.22673453996983411,0.9634273772204807,1.505784637362213,512,0.962523903533731,0.10375338589103132,0.9623409868056765,0.002803931182036003,0.002803931181992691,0.0,0.0003376300065621678,0.00032686018438286314,0.9625225351465155,1.0269964394998916,0.10378476261547782,0.10737633876369823,0.0
model.enc.32x32_block3.norm1,0.00039101860032256334,0.00037836408168192187,0.9949041447144571,0.9627061034075868,1.028179060739717,0.0975623032297895,0.10094560043249157,0.0,510,512,0.99609375,1.0,0.9627061034075868,0.09741163496975447,0.33945578231292517,0.9656191634452505,1.4520833333333327,510,0.9627946072199236,0.09745723503388716,0.9653354493840925,0.0020840398647073268,0.002084039864654324,2.481425015493538e-10,0.0003910158392335665,0.00037839824298847825,0.9627968660969036,1.0280758224462156,0.09760096127210069,0.1009806564884186,0.0
model.enc.32x32_conv,0.0008109742588574892,0.0007871123368273586,0.9942942799262098,0.965038391316343,1.0244370835293604,0.10353316778362376,0.10701583437275426,0.0,3582,3584,0.9994419642857143,1.0,0.965038391316343,0.1035272766766877,0.344982778768682,0.9680966769928732,1.5821241830065351,3582,0.965029068263452,0.10353473271264402,0.968148679088688,0.0017337743554462757,0.0017337743554376578,4.432167580076208e-11,0.0008109841695914798,0.0007871139436445706,0.9650279951842926,1.0244469035907728,0.10353745259315296,0.10702056574782615,0.0
model.enc.8x8_block0.affine,0.00603004708779477,0.005872065874438847,0.9926459813667223,0.9666396477036555,1.0193519856797582,0.11788204254473565,0.12180993877283441,0.0,131225,131328,0.9992157041910331,1.0,0.9666396477036553,0.11785423363504584,0.48415484189780544,0.9741644453557515,1.7885946111451236,131225,0.9666371897667809,0.11788930735406349,0.9742173540631935,0.0019517057074128724,0.001951705699492681,1.3169211520627067e-08,0.006030068472316173,0.005872067014735531,0.9666368181398262,1.0193558358214305,0.1178782793010207,0.12180610520951218,0.0
model.enc.8x8_block0.conv0,0.013556962443084256,0.0130939054951295,0.9942845698424693,0.9603233945244225,1.0294467587311107,0.10311570958924886,0.10682618109822353,0.0,589528,590080,0.9990645336225596,1.0,0.9603233945244226,0.10306996977201169,0.35047857750874883,0.9659863945578231,1.56,589528,0.9603239146834885,0.10310682070444169,0.9659081951353801,0.002210017873253189,0.0022100178727970407,9.576034333515756e-08,0.013556963682629958,0.01309390428375656,0.9603238815815693,1.0294476595731243,0.10310950930181212,0.10681976287444016,0.0
model.enc.8x8_block0.conv1,0.013447499226066145,0.012998732701563574,0.9944426800911902,0.9612563918557906,1.0287746873420098,0.10176606076307393,0.10536907170621677,0.0,589668,590080,0.9993017895878525,1.0,0.9612563918557907,0.10173646372428002,0.3333333333333333,0.963125243954722,1.5769230769230769,589668,0.9612557212200723,0.10176260015553232,0.9631059772633211,0.001845153966335683,0.0018451539659456468,6.017403085784568e-08,0.013447501412338315,0.012998720325570623,0.9612559722996188,1.0287765318086588,0.1017597891934057,0.10536264217640835,0.0
model.enc.8x8_block0.norm0,0.0004087102354156846,0.0004006243116805358,0.9947777343439322,0.9750970505823713,1.0148556394006363,0.10004572205820454,0.10364882539593773,0.0,511,512,0.998046875,1.0,0.9750970505823713,0.09996235437937477,0.5449760765550239,0.9690721649484536,1.5157635467980295,511,0.974953549346884,0.10007549156141707,0.9694365855224721,0.002384978440611559,0.0023849784408314285,1.5388073657480197e-10,0.0004087378758805754,0.0004005903841988266,0.9749413128808537,1.0150027075526544,0.10010088594756025,0.1036941401920358,0.0
model.enc.8x8_block0.norm1,0.00037836423813783997,0.00037011772642779156,0.9928370959084705,0.9711980457226627,1.0149582810151694,0.11687194501687986,0.12081133193716256,0.0,511,512,0.998046875,1.0,0.9711980457226627,0.11687152033810268,0.39091680814940577,0.9833333333333333,1.5166666666666666,511,0.9712427046900355,0.11681368567459079,0.9822903554056234,0.002468164007969226,0.002468164007791036,7.851057988510305e-13,0.00037835327335760955,0.00037012495184190667,0.9712460048622583,1.0149099468201157,0.11687052218774757,0.12081134712034129,0.0
model.enc.8x8_block1.affine,0.006094850615447284,0.0058663566444808555,0.99356198939479,0.9563136729581679,1.0322611238178063,0.10904257858179327,0.11329394065778864,0.0,131223,131328,0.9992004751461988,1.0,0.9563136729581679,0.10900082860603835,0.16014324628757862,0.952920662598082,1.5838904524788913,131223,0.9563145560325063,0.10903490503778551,0.952801301712163,0.001837203056078449,0.0018372030526519277,1.8682427437256194e-08,0.006094839394197973,0.005866352551019608,0.9563150577179762,1.0322602581431939,0.1090401477233257,0.11329129482170955,0.0
model.enc.8x8_block1.conv0,0.013663889098820643,0.01319857382378296,0.9946004737349122,0.9607299710075069,1.029665079893695,0.10024401790629957,0.10383653496252682,0.0,589543,590080,0.9990899539045554,1.0,0.9607299710075069,0.1002028828159402,0.3699479768786128,0.9670428893905192,1.5425531914893618,589543,0.9607294800874697,0.10023460265875667,0.9670263582004236,0.0020580282931835594,0.002058028293246383,8.504884965619516e-08,0.013663878683666569,0.013198548891127496,0.9607294409496568,1.0296668322650053,0.10023860973887073,0.10383100698502522,0.0
model.enc.8x8_block1.conv1,0.013668754080205412,0.013186438699693107,0.9945644927534592,0.9594703101416665,1.0309423020081727,0.10044831858398111,0.10414659953367807,0.0,589704,590080,0.999362798264642,1.0,0.9594703101416665,0.10042088821085166,0.3482142857142857,0.9624490247803777,1.5632417085013572,589704,0.9594703588577833,0.10045050331537497,0.962467509876743,0.0018163996396673644,0.0018163996391657802,5.6873627021828026e-08,0.013668741763525588,0.013186421932981094,0.9594702540045118,1.0309430054720643,0.10044542265935819,0.10414362725823467,0.0
model.enc.8x8_block1.norm0,0.00033722831342618606,0.00032615300998608605,0.9920943092349063,0.9595117973919972,1.0257832379878304,0.12137303703529574,0.12570329366437205,0.0,511,512,0.998046875,1.0,0.9595117973919972,0.12136840394545034,0.34408602150537637,0.964824120603015,1.6053097345132743,511,0.9593643332420013,0.12163727724713151,0.964203989710098,0.004694409303031218,0.004694409303122697,7.065952189659274e-12,0.00033724299719364035,0.00032611952992730087,0.959359082504363,1.0259199068815035,0.12145364667422816,0.125797247694499,0.0
model.enc.8x8_block1.norm1,0.00040082527874438234,0.0003883131492239582,0.9947904863647001,0.9637371869069614,1.0268443774985851,0.09875844144180274,0.102130527394282,0.0,511,512,0.998046875,1.0,0.9637371869069614,0.09875127602417436,0.5036231884057971,0.9680638722554891,1.6702559934985777,511,0.9635449664677499,0.09929817134194037,0.968315041529225,0.005240899360585882,0.005240899360585846,1.2561692781616487e-11,0.0004008304668646684,0.00038824241971053826,0.9635451207401873,1.0270404191121183,0.09877872740994578,0.10215983405381517,0.0
model.enc.8x8_block2.affine,0.006696437638228737,0.006423538563851202,0.9950734136249355,0.9545213129131058,1.037348339013276,0.09510054337265592,0.09921795718202311,0.0,131213,131328,0.9991243299220273,1.0,0.9545213129131058,0.09507490631691891,0.4874081599332402,0.9616438356164384,1.7337163633868997,131213,0.9545206351757196,0.09509030405112973,0.9616201250516087,0.0013413869750893682,0.0013413869753692751,1.2078645705005046e-08,0.0066964426112802004,0.006423538151626622,0.9545205306151027,1.0373491627293072,0.09510058885489714,0.09921810648619038,0.0
model.enc.8x8_block2.conv0,0.013659160135873047,0.013213899900224195,0.9948634219202035,0.9624329417679697,1.0283866909798622,0.09792657079012076,0.10133653363046756,0.0,589557,590080,0.9991136795010847,0.9999999999999997,0.9624329417679702,0.0978894587976814,0.3821138211382114,0.96875,1.5342465753424657,589557,0.9624332329168214,0.09791419585362524,0.9687937204463198,0.001886385559981445,0.001886385559449553,7.490632496250862e-08,0.013659159894778833,0.013213892890235066,0.9624330074547823,1.028387815986061,0.09792102383703888,0.10133081777075545,0.0
model.enc.8x8_block2.conv1,0.013322830620965552,0.012856816614152266,0.9941222603862963,0.959349252231718,1.0301556667673866,0.10447635319177241,0.10830496918422705,0.0,589684,590080,0.9993289045553145,0.9999999999999999,0.9593492522317182,0.10444506429118453,0.3333333333333333,0.9624129243924926,1.5905501839707774,589684,0.9593482771182554,0.10447332555448159,0.9624040283362065,0.0017813696706953138,0.0017813696698184979,6.410239646848686e-08,0.013322830468684566,0.012856798953784233,0.959348262941878,1.030157410997536,0.10447329517431046,0.10830190853340288,0.0
model.enc.8x8_block2.norm0,0.00038871907528238334,0.00037818885454021285,0.9952282426393129,0.9682679678541837,1.0229391943451094,0.09493106229437863,0.0980906476016603,0.0,512,512,1.0,1.0,0.9682679678541837,0.09493106229437864,0.39358974358974363,0.9646944994399249,1.5136534133533384,512,0.9683162062778445,0.09498535429106959,0.9648464949140696,0.0019811165928010437,0.0019811165926389663,0.0,0.0003887038905423953,0.0003781904667880134,0.9683115953699835,1.02289664253113,0.09491809852764864,0.09807750879689371,0.0
model.enc.8x8_block2.norm1,0.00040831582694598946,0.00039590538788948995,0.9950973625452234,0.9648521593026254,1.0262906616285843,0.09589415455930078,0.09913142721380325,0.0,511,512,0.998046875,1.0,0.9648521593026254,0.09587237490196739,0.575951986754967,0.9732620320855615,1.4827201783723523,511,0.9648120755233686,0.09572703884421775,0.974600438784913,0.0021311664751211714,0.0021311664745290062,3.847018414370049e-11,0.0004083160485538922,0.0003958888267895827,0.9648285955721446,1.0263525762418557,0.0957156574277613,0.09894784710044753,0.0
model.enc.8x8_block3.affine,0.007080787058493005,0.006428343663736418,0.9954526806461946,0.9037289046146393,1.0964859421291138,0.08648006290949561,0.11120992656907559,0.0,131257,131328,0.999459368908382,1.0,0.9037289046146394,0.08646881865606386,0.3259668508287293,0.9066118789689951,1.3321673346455756,131257,0.9037275188578411,0.08647795977187929,0.9066554679375125,0.0011013489802682594,0.0011013489916352982,5.3866584216195846e-09,0.007080793127135495,0.006428337918144855,0.9037275270037267,1.096488110247821,0.08647777253814223,0.11120876058209318,0.0
model.enc.8x8_block3.conv0,0.011347533669465283,0.010914792236846249,0.994626267879319,0.956695911502337,1.0340604583561306,0.09958244083651804,0.10353339888565828,0.0,589585,590080,0.9991611306941431,1.0000000000000002,0.9566959115023366,0.09954545599728074,0.34375,0.9581673306772909,1.5714285714285714,589585,0.9566954316452467,0.09957681038332213,0.9581673157829291,0.0019273007385148476,0.001927300736658849,5.239221839575391e-08,0.011347527543259421,0.010914772641219237,0.956695369176982,1.034062468615339,0.09957598680455469,0.1035268316305622,0.0
model.enc.8x8_block3.conv1,0.01189625699190917,0.011339068950535299,0.9940435986966968,0.9474853235875812,1.0428896907536553,0.103878664708643,0.109368136290235,0.0,589633,590080,0.9992424755965292,1.0,0.9474853235875812,0.10384282649012778,0.3113755844759856,0.9484265734265734,1.5888224686080687,589633,0.9474880886693425,0.10387373544135957,0.9484127847675475,0.001846589327717374,0.0018465893263227347,5.820449233141215e-08,0.011896247564029471,0.011339088496019247,0.947488137196813,1.0428875393556456,0.10387500842830046,0.10936385155786577,0.0
model.enc.8x8_block3.norm0,0.0003078752096686863,0.0002853592418484384,0.9941489264593373,0.9214434128819993,1.072591191345159,0.10011837561898757,0.11400068822081637,0.0,511,512,0.998046875,1.0,0.9214434128819993,0.10002773790003525,0.37954680977936794,0.9340390879478827,1.6378156832017359,511,0.921409078679567,0.10001298225976411,0.9338964494474838,0.0016868185193665884,0.0016868185196110444,9.499780166097468e-11,0.000307882748398366,0.00028535494236708056,0.9214087737218041,1.0726357188405584,0.10009779267830869,0.11399636421256155,0.0
model.enc.8x8_block3.norm1,0.0003821600428803828,0.000347034556057291,0.994737714614837,0.9033083589349905,1.0954211937591087,0.09303739523797683,0.11697076609668879,0.0,511,512,0.998046875,1.0,0.9033083589349905,0.09301856791588878,0.0,0.9018612521150592,1.4777183600713013,511,0.9032643639939562,0.09306627637892516,0.9015030558161976,0.002204145657050153,0.002204145658515234,2.8263808758637095e-11,0.0003821627755622545,0.0003470211634210915,0.9032651156224535,1.0954689690623578,0.09305182016599445,0.11700836979227383,0.0
model.enc.8x8_down.affine,0.005804038508026744,0.005725496382660135,0.9925433533619654,0.9791119358440185,1.006159022516459,0.120242647672719,0.12479167331075407,0.0,131213,131328,0.9991243299220273,0.9999999999999998,0.9791119358440189,0.12020800827000756,0.09951345302388948,0.9724867724867725,1.756532288167226,131213,0.9791141611117649,0.12023333831110064,0.9724452435294525,0.001688841267570147,0.0016888412687091033,1.550118562867599e-08,0.005804028016635103,0.005725497771971166,0.9791141723111186,1.0061571949938577,0.12024102920871925,0.12479027527672998,0.0
model.enc.8x8_down.conv0,0.013510482350578544,0.013058726866784946,0.9940207614694458,0.9607832856824114,1.0284080592955982,0.10554016319559721,0.10929233186320177,0.0,589516,590080,0.9990441973969632,1.0,0.9607832856824114,0.10549026509863046,0.3297728579643473,0.9650881189105116,1.5905797101449275,589516,0.9607856576150902,0.10553730178554045,0.965037476603004,0.0023063959455516584,0.002306395944134991,1.0618881089000511e-07,0.013510450329984141,0.01305871400773024,0.9607852745208809,1.0284073387099866,0.10553432079643661,0.10928618198302242,0.0
model.enc.8x8_down.conv1,0.013444378396673333,0.013015673347023644,0.9943491289451815,0.9626420109129303,1.0271006033659074,0.10277422390294476,0.10632726651784044,0.0,589651,590080,0.999272979934924,0.9999999999999999,0.9626420109129306,0.10273975048098456,0.3333333333333333,0.9642105263157895,1.6,589651,0.9626416181868169,0.10278210216497669,0.9642284310215706,0.002030456488382734,0.0020304564879690904,7.074816721287553e-08,0.013444396571345215,0.013015679693263815,0.9626413972948837,1.0271017240170426,0.10277208985733884,0.10632510901454455,0.0
model.enc.8x8_down.norm0,0.0003654355146076612,0.0003642728596746149,0.9933423508249929,0.9901819727603967,0.9965128159137786,0.11483319901547286,0.1208863639451949,0.0,511,512,0.998046875,1.0,0.9901819727603967,0.11464771259469918,0.31499051233396586,0.9879518072289156,1.5795454545454546,511,0.9902535444303058,0.11446444500074679,0.9885453175450257,0.00307704881856803,0.0030770488186601976,3.1404231954041217e-10,0.0003654130065059262,0.00036427451134003915,0.9902459967081626,0.9964454534636878,0.11485336034298521,0.12091955429743816,0.0
model.enc.8x8_down.norm1,0.0003519571405016819,0.00034836488408587237,0.9933086440899122,0.9831704228720535,1.0035514082507553,0.11431123857699117,0.11917726696885908,0.0,510,512,0.99609375,1.0,0.9831704228720535,0.11421472877362607,0.3676882078614257,0.9984423676012462,1.5818606321839064,510,0.9833066943276112,0.11404113499387628,0.996364400351745,0.0033731983223651077,0.00337319832233297,1.509365898291106e-10,0.00035194350591917023,0.000348401064962548,0.9833100730857682,1.0034077530923253,0.11433230293915016,0.11921820715810914,0.0
model.enc.8x8_down.skip,0.004602174797220651,0.004450954114060445,0.994495653584578,0.9618179916614068,1.0282835355265292,0.10133499107504915,0.10488878250926206,0.0,65776,65792,0.9997568093385214,1.0,0.9618179916614068,0.10132507439314499,0.3196287784237923,0.9621636549557013,1.5796918317513355,65776,0.9618168756420821,0.10134649119691391,0.9622122474718506,0.0011412127699943627,0.001141212769950054,2.3516287793672784e-09,0.004602183511441361,0.0044509561512141435,0.9618165453255855,1.0282849420817342,0.1013354658356169,0.1048893709167167,0.0
model.map_layer0,0.004468994346232762,0.0042908462014380295,0.997542496465541,0.9577773208284212,1.0389586500064636,0.06727105400249912,0.07027656321511247,0.0,66047,66048,0.999984859496124,1.0,0.9577773208284212,0.06727105102765032,0.5786163522012578,0.9621451739657044,1.4551845342706502,66047,0.9577766063358767,0.0672693252164381,0.9621370988269564,0.00034059862397617526,0.0003405956132484553,4.416220118537046e-13,0.004468995259789303,0.004290843154288381,0.9577763785354931,1.03895952825056,0.0672719369435243,0.07027759125008777,0.0
model.map_layer1,0.008023087748993235,0.007548511756275106,0.9913582054951898,0.9327180884690262,1.0536850349024616,0.12342310134567064,0.13258136800740594,0.0,262621,262656,0.9998667458576999,1.0000000000000002,0.932718088469026,0.12342024084401497,0.3667334669338677,0.9390135415637046,1.6462747778537252,262621,0.9327182352891811,0.12342302858799681,0.9390024297222511,0.0006107412231787649,0.0006107409721150528,2.5110461314880428e-09,0.008023087439117182,0.007548511980362817,0.9327182931917949,1.0536851222231507,0.1234220441530635,0.13258022688837204,0.0
