layer,update_1_l2,update_1p3_l2,update_cosine,s_K_star_layer,c_K_star_layer,R_opt_layer,layer_residual_with_global_c_star,support_atol,support_coordinate_count,coordinate_count,support_coordinate_coverage,support_energy_coverage,h_update_weighted_mean,h_update_weighted_std,h_update_p05,h_update_p50,h_update_p95,h_moment_coordinate_count,h_moment_weighted_mean,h_moment_weighted_std,h_moment_p50,h_update_minus_moment_weighted_rmse,h_update_minus_moment_eps_weighted_rmse,off_support_candidate_energy_exact,predicted_1_l2,predicted_1p3_l2,s_K_star_predicted_layer,c_K_star_predicted_layer,R_pred_layer,predicted_layer_residual_with_global_c_star,predicted_off_support_candidate_energy_exact
model.dec.16x16_block0.affine,0.006106623538484629,0.005853759926977236,0.9940580151740686,0.9528959723232723,1.0369981259576317,0.1043442264638402,0.10887562778857948,0.0,131274,131328,0.9995888157894737,1.0000000000000002,0.9528959723232721,0.10432091674071019,0.30661445664321874,0.9649083341084033,1.631641180654337,131274,0.9528962903719383,0.1043298120859933,0.9649179499513206,0.001149854842078881,0.0011498548933973824,1.4300159812595203e-08,0.006106631841612078,0.005853768441199219,0.9528967857822277,1.0369988146063296,0.10433763236309475,0.10886873596669704,0.0
model.dec.16x16_block0.conv0,0.017333427402875672,0.016455548072443198,0.9936595806359254,0.9433340917956882,1.0466698604203633,0.10673636282755072,0.1130120138210651,0.0,1178689,1179904,0.9989702552072033,1.0,0.9433340917956882,0.10668634995076064,0.29957011691329055,0.9469387755102041,1.5859673566878911,1178689,0.9433358282885379,0.10672851095659738,0.9469185372356234,0.0023474165016539794,0.0023474164917025656,2.528383440497337e-07,0.01733341625174779,0.01645555369744011,0.9433359058161181,1.0466698108761618,0.10672864886638332,0.11300373059562893,0.0
model.dec.16x16_block0.conv1,0.012338328110579489,0.01170991322168059,0.9938109468840844,0.9431942352700389,1.0471440146831164,0.10542690435475244,0.1117197568186249,0.0,589372,590080,0.9988001626898048,1.0,0.9431942352700387,0.10536923720479428,0.2924391624221847,0.9448275862068966,1.5909090909090908,589372,0.9431934696784432,0.10541822212124247,0.9448139598526382,0.002630129282783551,0.002630129272409769,1.4590001920794192e-07,0.012338314209331272,0.011709879460022103,0.9431937821360157,1.0471471902317835,0.10541595082250574,0.11170870370654827,0.0
model.dec.16x16_block0.norm0,0.00047871985116216723,0.00045389027701930103,0.9934432242295703,0.9419166954406478,1.0477884557571608,0.10839682063766967,0.11500730211429246,0.0,1020,1024,0.99609375,1.0,0.9419166954406478,0.10837929991646673,0.07641025641025645,0.9416125541125542,1.5567251461988294,1020,0.9419366750975822,0.10817874745256499,0.9416554841368936,0.003528702642833449,0.0035287026433890784,6.862429026831398e-11,0.00047872005178982685,0.0004538927736308249,0.9419289441698481,1.0477914327687519,0.10833250627221332,0.11493951598594333,0.0
model.dec.16x16_block0.norm1,0.0003521138427744865,0.0003347445635215311,0.9940848605463858,0.9450480564039714,1.0456660941960692,0.10324873647475247,0.10911352657719338,0.0,508,512,0.9921875,1.0,0.9450480564039714,0.10296457144345092,0.2922360248447205,0.9444444444444444,1.4491039426523296,508,0.9450771001342031,0.10410956214731738,0.9461755891708883,0.010791843871737204,0.01079184387094566,5.728027493824575e-10,0.0003520842682137173,0.00033472308598553845,0.9450758718995192,1.0456553955294228,0.10316770273988424,0.10902550109605535,0.0
model.dec.16x16_block0.skip,0.005689068651013998,0.005383135986796567,0.9936652153355777,0.9402303448293802,1.05013687932724,0.10633744484295388,0.1133370520720918,0.0,131290,131328,0.9997106481481481,1.0,0.9402303448293802,0.10632408897113134,0.2593038225391167,0.9404162775904992,1.6129812535271197,131290,0.9402317348203467,0.10633184548694222,0.940413849648439,0.0009454682352553233,0.0009454682349378018,7.247614859477781e-09,0.00568906809580269,0.005383143153671921,0.9402316463280123,1.0501353317789035,0.10633796853746998,0.11333714521344879,0.0
model.dec.16x16_block1.affine,0.006236376492519483,0.005880408446239184,0.9953519798516038,0.9385379789563723,1.0556051923398628,0.09080691592751083,0.09831756271521026,0.0,131250,131328,0.999406067251462,1.0,0.9385379789563723,0.09079373583605044,0.1925586111983005,0.9460726846424384,1.411764705882353,131250,0.9385400305721096,0.09081250633644371,0.9460637585834843,0.0012410629540600586,0.001241062895606447,7.339256259289407e-09,0.006236372538173103,0.005880415969122516,0.938539937676413,1.0556033558085454,0.09080540570130569,0.09831530310099916,0.0
model.dec.16x16_block1.conv0,0.017421313368463455,0.016493956626687522,0.9937375103870837,0.9408397086931364,1.0496094397652664,0.10579166555615845,0.11263846721084068,0.0,1178724,1179904,0.9989999186374485,1.0,0.9408397086931364,0.10573749901763112,0.2916666666666667,0.943089430894309,1.5907221924810464,1178724,0.9408414175008839,0.10577446100353909,0.9430856652666194,0.002349660412627951,0.002349660401690271,2.7416669468724145e-07,0.017421294871101518,0.016493951542343736,0.9408412836850327,1.049609615053115,0.10578404285343185,0.11263031252281412,0.0
model.dec.16x16_block1.conv1,0.012183317590127448,0.011518908553927332,0.9938064508195767,0.939609883975292,1.0511290680681846,0.10506475661127758,0.11221702980674443,0.0,589381,590080,0.9988154148590022,1.0,0.939609883975292,0.10500947011002851,0.2916666666666667,0.9409545678202395,1.5806451612903225,589381,0.939614275956616,0.10505436339217808,0.9408970141206005,0.0026312155076369053,0.0026312154919261605,1.3591725179922617e-07,0.012183272867135789,0.011518906237745569,0.9396142681454539,1.051126678222659,0.10505506915171368,0.11220607728730242,0.0
model.dec.16x16_block1.norm0,0.0005088464185493556,0.0004829087392497566,0.9954575122209529,0.9447155657963868,1.0489248769832415,0.090353809734609,0.0961711730848749,0.0,1021,1024,0.9970703125,1.0,0.9447155657963868,0.09023703069151592,0.3333333333333333,0.9392106021319504,1.4615384615384615,1021,0.9447247964886012,0.0901810316863864,0.9383855586431225,0.002663174931782321,0.0026631749311544824,4.305123842546881e-10,0.0005088436777130197,0.0004829057702628181,0.9447184810580207,1.0489297118939838,0.09031572715566846,0.0961320468350175,0.0
model.dec.16x16_block1.norm1,0.0003442922622771834,0.00032359126183829993,0.9950804768178885,0.9352500256451363,1.0587384423337338,0.09311319701668397,0.10163225348663721,0.0,510,512,0.99609375,1.0,0.9352500256451363,0.09306619062258856,0.37083333333333357,0.9375,1.5,510,0.9349737685700138,0.0930299661498338,0.937266670366065,0.00477317495885973,0.004773174960497603,8.178895003407217e-11,0.0003443131634684116,0.0003235131825071149,0.9349590228349205,1.0590485411451747,0.09317118396676762,0.10178520485016572,0.0
model.dec.16x16_block1.skip,0.005509310940147912,0.005208696341672774,0.9940050241719272,0.9397673119661806,1.0513730106358394,0.1033685912570225,0.11047704129075035,0.0,131296,131328,0.9997563352826511,0.9999999999999999,0.9397673119661808,0.10335603128468349,0.27919545916565336,0.9394082093293821,1.5995183618714015,131296,0.9397690871867032,0.1033758383461708,0.9394833004441417,0.0011492384350221367,0.0011492384341265634,6.213367370767685e-09,0.005509310732272512,0.005208705645804542,0.9397689476169739,1.0513710051286433,0.10336949334150497,0.11047739949159167,0.0
model.dec.16x16_block2.affine,0.005970810575792077,0.005620545291248996,0.995067689462386,0.9366940963019743,1.0570790512304034,0.09337899208677508,0.10142804970352538,0.0,131266,131328,0.9995278996101364,1.0,0.9366940963019743,0.09335889233097056,0.2718073188946975,0.9325044902925954,1.4110526888348986,131266,0.9366950711974242,0.09336080692015969,0.9325285567836529,0.0009229572654124564,0.0009229571768450834,1.0549730747429175e-08,0.005970802717720649,0.0056205441130495895,0.9366950297043765,1.0570777653670995,0.093380128716436,0.10142870078493514,0.0
model.dec.16x16_block2.conv0,0.016977219014693852,0.01604903866428368,0.9938149488973081,0.9394809907436205,1.0512912580274747,0.10497757640154327,0.11216288041428966,0.0,1178710,1179904,0.9989880532653505,1.0,0.9394809907436205,0.10492661027094957,0.3,0.9416909620991254,1.578125,1178710,0.9394832999096135,0.1049701883249473,0.9416478911472386,0.0023539140352890897,0.0023539140218179714,2.431013886682264e-07,0.016977203905369696,0.01604905115451004,0.9394835093124989,1.0512905687427778,0.10496923769103819,0.11215375727021538,0.0
model.dec.16x16_block2.conv1,0.01171769307546459,0.011087898137059635,0.9939172299118374,0.9404968137462493,1.0503719369134972,0.10421047445622061,0.11113498881727361,0.0,589263,590080,0.9986154419739697,1.0000000000000002,0.940496813746249,0.104143523058673,0.2962962962962963,0.9416949152542373,1.5731707317073171,589263,0.9404997718263953,0.10418679202199176,0.941666189343226,0.0027795281413593707,0.002779528127812949,1.5100707455858522e-07,0.011717676908066766,0.011087905490832583,0.9405006699876984,1.0503719519049295,0.10419322404454281,0.11111659337699643,0.0
model.dec.16x16_block2.norm0,0.0004628741110615283,0.00043321815451169687,0.9939077542309199,0.9302289170057925,1.0619457274022794,0.1031537440369478,0.11314560015787017,0.0,1021,1024,0.9970703125,1.0,0.9302289170057925,0.10307977277875406,0.08333333333333333,0.9331103678929766,1.5319148936170213,1021,0.9303370058435622,0.10306959979202804,0.9306194611901928,0.0031994745060529273,0.0031994745047334355,2.576912124361178e-10,0.0004628502882600214,0.00043324726787437215,0.9303485756928123,1.0618302872614351,0.10308241854351156,0.11303472984594944,0.0
model.dec.16x16_block2.norm1,0.0003255083536183718,0.0003054162153251893,0.9951589834925177,0.9337323820005119,1.0606266008511613,0.09221190377967402,0.1012643705059692,0.0,511,512,0.998046875,1.0,0.9337323820005119,0.09221190377967403,0.17318757192174913,0.9221226740179187,1.3660287081339713,511,0.9337659465533846,0.0924040043785126,0.9226450829262581,0.005596202044977423,0.005596202043727862,0.0,0.0003254923140049461,0.00030541494654775565,0.9337743326525805,1.0605785363036402,0.09221791435434988,0.10125548541565751,0.0
model.dec.16x16_block2.skip,0.0050204228939271745,0.004745456055972807,0.9942445654784952,0.9397901320375136,1.0518542622280511,0.10126652844691898,0.10836707158151264,0.0,131293,131328,0.9997334917153996,1.0,0.9397901320375136,0.10125409861389927,0.2994350282485876,0.9390495867768595,1.5655656382335141,131293,0.9397891264299792,0.1012659939905834,0.9390065206775657,0.0009860966060078564,0.0009860966057412424,5.002265446686696e-09,0.005020428228918832,0.00474545613214302,0.9397890182895102,1.051855217426325,0.10126763037129323,0.10836834144779951,0.0
model.dec.16x16_block3.affine,0.005746227702009086,0.005427196076533552,0.9954610443294498,0.9401928629173283,1.0539781037080829,0.0898860463457759,0.09691196623808633,0.0,131265,131328,0.9995202850877193,1.0,0.9401928629173283,0.08986811114380769,0.39254867224642537,0.9439655172413793,1.4429504417979235,131265,0.940194807884673,0.08987443928207606,0.943956191883485,0.0010110039957833357,0.0010110040253398513,8.39271454199684e-09,0.00574621917070538,0.005427198244430365,0.9401947265880303,1.0539762212610564,0.08988525106246696,0.09691047527540922,0.0
model.dec.16x16_block3.conv0,0.016352620504374308,0.015484731164705222,0.9941140191222654,0.9413529977690814,1.0498321940414634,0.10258898392055296,0.10929356957589831,0.0,1178667,1179904,0.9989516096224778,1.0,0.9413529977690815,0.10253965064465649,0.3176470588235294,0.944558521560575,1.5636363636363637,1178667,0.9413524678517446,0.1025730172485529,0.9445760067126167,0.002326013804267381,0.0023260137986472725,2.133499443739075e-07,0.016352625466776915,0.015484710251009342,0.9413522311494307,1.049834812061177,0.10258156094596416,0.10928618916592966,0.0
model.dec.16x16_block3.conv1,0.011213721236898531,0.010636001215402223,0.9939600693365016,0.942752212417956,1.0479494043313113,0.10408851858535498,0.11046924404393339,0.0,589192,590080,0.9984951193058569,1.0,0.9427522124179561,0.10401815674321004,0.3018867924528302,0.9444444444444444,1.5877494308289777,589192,0.9427509646823912,0.10406820867400013,0.9445434135216415,0.0029483074115685256,0.0029483074039674284,1.4516913769246597e-07,0.011213708290461222,0.010635955919829975,0.9427508266755741,1.047954370047931,0.1040742397224169,0.11045506525001389,0.0
model.dec.16x16_block3.norm0,0.00044271783118893693,0.0004163476437335925,0.9950736476944746,0.9358027605221478,1.058098571736958,0.09323335154640901,0.10156955320627775,0.0,1021,1024,0.9970703125,1.0,0.9358027605221478,0.093005215366117,0.45528455284552843,0.9411764705882353,1.457142857142857,1021,0.9358531934824078,0.09304514587838837,0.9408030146269488,0.0035914149037867588,0.003591414903297507,6.565523934241958e-10,0.000442725512944675,0.0004163738591451825,0.9358620735036406,1.0580691103477,0.0930705526741485,0.10139019229818393,0.0
model.dec.16x16_block3.norm1,0.0003013253038123545,0.00028272837645832127,0.9950699162726147,0.9336570753628796,1.0605222885350563,0.09305506217204977,0.10211257823405115,0.0,510,512,0.99609375,1.0,0.9336570753628796,0.09299785882862939,0.15892857142857153,0.9373968646864687,1.7652777777777764,510,0.933698862798958,0.09381816504416676,0.9370647700326815,0.007868558931963506,0.007868558931978964,7.618696715502613e-11,0.0003012535848000812,0.00028267207461353956,0.9336631394220226,1.0604467070280954,0.09336159085869832,0.10240936002590117,0.0
model.dec.16x16_block3.skip,0.004610851900533315,0.00436283547427498,0.9942049594693012,0.9407269544638992,1.0507230570390624,0.10171869918044503,0.10857690594068845,0.0,131268,131328,0.9995431286549707,0.9999999999999997,0.9407269544638995,0.10169542474819387,0.2983033729025674,0.941341437518515,1.5751482336232905,131268,0.9407272417163034,0.10170699869127223,0.9413326347267461,0.0009541079981740736,0.0009541079976899437,7.935496779807955e-09,0.004610847444103132,0.004362832424233971,0.9407272934365487,1.0507228736920764,0.10171791798478347,0.10857591783112935,0.0
model.dec.16x16_block4.affine,0.0058588824706153645,0.005420073636521122,0.9945868767694476,0.9200959631883125,1.0751085702128527,0.09612599237775178,0.11045626750217735,0.0,131258,131328,0.9994669834307992,1.0,0.9200959631883123,0.09610360083627172,0.3122460056783388,0.919592809407864,1.4285714285714286,131258,0.9200978384424047,0.09612762456482234,0.9195664099301417,0.0012058870280906933,0.0012058870642049299,1.1648912548427199e-08,0.005858882345693372,0.00542008378804822,0.9200976911332021,1.0751065161802507,0.0961263177273522,0.11045551305114963,0.0
model.dec.16x16_block4.conv0,0.014732223951916994,0.01389561910413201,0.9937249682555522,0.9372939006502164,1.0535535458509442,0.10549944534508496,0.11326932343591191,0.0,1178561,1179904,0.9988617718051638,1.0,0.9372939006502164,0.10544428235203394,0.29333333333333333,0.9393592677345538,1.5747800586510263,1178561,0.9372952546971116,0.1054878621795096,0.9393142947596623,0.002462694594394742,0.0024626945850261717,1.991143848198116e-07,0.014732213641447955,0.013895613670153037,0.9372950555825942,1.0535541933599495,0.10549178828351524,0.11326123748946598,0.0
model.dec.16x16_block4.conv1,0.011101352064515464,0.010452604965993892,0.9942850774855329,0.9361804830745647,1.0559959678540662,0.10051883685097761,0.10863997805936397,0.0,589226,590080,0.9985527386117137,0.9999999999999998,0.9361804830745649,0.10046329534228833,0.3333333333333333,0.9368029739776952,1.5434782608695652,589226,0.9361851782432323,0.1005075795409632,0.9368154201600765,0.0028055630636080143,0.0028055630524885444,1.0846220943161636e-07,0.011101304212727398,0.010452595628560733,0.9361853188123022,1.0559942054920528,0.1005039360843337,0.10862361787189799,0.0
model.dec.16x16_block4.norm0,0.00044229571978569176,0.0004034313254015776,0.9934722577379319,0.9061761436061659,1.089178007894963,0.10405033380639939,0.12445972159309188,0.0,1023,1024,0.9990234375,1.0,0.9061761436061659,0.10405033380639939,0.1375,0.8924731182795699,1.3757467144563917,1023,0.9060526571859133,0.10403913060906507,0.8920013927992618,0.0029916965732284,0.002991696574060955,0.0,0.00044234328036761475,0.0004034191940048855,0.906058445884713,1.0893362774081905,0.10397520856264589,0.12445336238350457,0.0
model.dec.16x16_block4.norm1,0.00031153625542189366,0.00028371682404327095,0.9941232198298442,0.9053504294575033,1.0916004941832815,0.09858758135231653,0.12005315887363659,0.0,511,512,0.998046875,1.0,0.9053504294575033,0.09848058991691737,0.49615384615384617,0.9069767441860465,1.3642105263157895,511,0.905313314148866,0.09831706656640782,0.9081803195982282,0.005788890973706188,0.0057888909774745775,1.6133710691652592e-10,0.00031152586952837497,0.0002836912907259175,0.9053253882799207,1.0916940087537539,0.09834058215414865,0.11984945405432613,0.0
model.dec.16x16_block4.norm2,0.0002553426614381747,0.0002392216760626187,0.9945055170423498,0.9317176977024493,1.0615245646471867,0.09807497011093279,0.10767813562688762,0.0,512,512,1.0,1.0,0.9317176977024493,0.09807497011093276,0.24907950509794938,0.935068254853531,1.3108191395491855,512,0.9317461344849927,0.09798879796008701,0.9354250453949883,0.0009679193265819943,0.0009679193265259139,0.0,0.00025533732388657783,0.000239223544496939,0.931744566048598,1.0614942147401885,0.09807669867839026,0.10767032594516143,0.0
model.dec.16x16_block4.proj,0.0029260887483514918,0.0027271942011814804,0.9932874403826755,0.9257708772654859,1.0657279932332884,0.10780964444060091,0.11925273487531267,0.0,65676,65792,0.9982368677042801,1.0,0.9257708772654859,0.10772210362259171,0.2852037421309308,0.9292929292929293,1.56438127090301,65676,0.9257611913215846,0.10779042768485107,0.9292428479727421,0.0033411725533753125,0.003341172552439091,1.2736450540480143e-08,0.0029260960574080883,0.0027271633613023057,0.9257603576211088,1.0657453106939643,0.10778873300660968,0.11923614826650444,0.0
model.dec.16x16_block4.qkv,0.005670812003105807,0.005414205301187526,0.9943824102362543,0.9493861750239909,1.0415112456870101,0.10105753432266928,0.10605203658603242,0.0,197154,197376,0.9988752431906615,1.0,0.9493861750239909,0.10102315272225519,0.3333333333333333,0.95,1.5547164863074185,197154,0.9493908766335214,0.1010582613745325,0.9500072715698678,0.0023146870437206393,0.0023146870367354447,1.7615418751101053e-08,0.005670804376632739,0.005414219859182282,0.9493912624236109,1.0415084244232031,0.10104612446700748,0.10603946442435369,0.0
model.dec.16x16_block4.skip,0.004497947240630094,0.004251838559678499,0.9942425864288605,0.9398418301724061,1.0517922153852366,0.1012896605991806,0.10837656171038104,0.0,131294,131328,0.9997411062378168,1.0,0.9398418301724061,0.1012814000166102,0.3096182194493664,0.9410146721484602,1.5633948232165853,131294,0.9398435687294854,0.1012863808005956,0.9410567124095122,0.0010094579248952804,0.0010094579247990072,2.6691216378601006e-09,0.004497940235281335,0.004251839745749099,0.9398437932466687,1.051790549247796,0.1012876462467485,0.10837390244855441,0.0
model.dec.16x16_up.affine,0.006491544349770722,0.0061941304633558675,0.9953196971021602,0.9497185452975262,1.043110408178018,0.09220947408133492,0.09697672672795345,0.0,131246,131328,0.9993756091617934,1.0,0.9497185452975262,0.09219928395816304,0.4166666666666667,0.9497907949790795,1.5442969625721081,131246,0.9497199313821909,0.09222012548446475,0.9497430946061494,0.0013746976613872026,0.0013746976549613786,6.243219538809905e-09,0.006491540188313837,0.0061941321889856715,0.9497198593857216,1.0431099328963205,0.09220501995427703,0.09697187809179574,0.0
model.dec.16x16_up.conv0,0.012576877671526591,0.011900568473587584,0.993483624156382,0.9400600216878702,1.0499432894664869,0.10784605654286214,0.11489468154402327,0.0,589493,590080,0.9990052196312365,1.0,0.9400600216878702,0.10779380042620898,0.29508196721311475,0.945054945054945,1.5813502270188036,589493,0.9400601531462491,0.10783460271280015,0.9450535036265433,0.0023025782475623556,0.0023025782277751464,1.4052817771166346e-07,0.012576875196702166,0.011900555398876168,0.940060193702314,1.0499453754513652,0.10783706926123396,0.11488550261426307,0.0
model.dec.16x16_up.conv1,0.01250859019787152,0.011872199858482289,0.9939229709327325,0.9433558832919314,1.0472006266611034,0.1044774777692984,0.11072455894770895,0.0,589514,590080,0.9990408080260303,1.0,0.9433558832919313,0.10442742195382304,0.3,0.9455782312925171,1.5714285714285714,589514,0.9433577518310842,0.10446128468484472,0.945558098295747,0.002316581826920476,0.0023165818177038303,1.289945820355083e-07,0.012508563582043306,0.011872188050093433,0.9433577918855648,1.0472003720160195,0.10447001489938278,0.11071650203472871,0.0
model.dec.16x16_up.norm0,0.00038299297602549103,0.00036364503742041465,0.9949122899588247,0.944651572116631,1.0478471575431847,0.09565549753876221,0.10152584416546857,0.0,512,512,1.0,1.0,0.944651572116631,0.09565549753876221,0.3,0.945389446101021,1.5817677070828329,512,0.9447794082738897,0.09574125480030439,0.9462244700998661,0.0030375093133130616,0.0030375093120481663,0.0,0.00038298466970474446,0.00036368343218481697,0.9447738940467508,1.04771613163894,0.0956470044226045,0.10148900860891759,0.0
model.dec.16x16_up.norm1,0.0003608656703016322,0.0003437083422814403,0.9950826552537198,0.9477715338906902,1.0447554662482568,0.09433878513709062,0.09951824743268801,0.0,509,512,0.994140625,1.0,0.9477715338906902,0.09414349020157076,0.3821428571428572,0.948051948051948,1.5272727272727258,509,0.9477101305000597,0.09426744676827276,0.9492539071404276,0.0046443290158761875,0.004644329014550507,3.7792376997764344e-10,0.00036093478178617116,0.0003437386301997004,0.9476905654590707,1.0448822307553989,0.09415801116411467,0.09935115395980956,0.0
model.dec.16x16_up.skip,0.004092000427601766,0.0038831024373045084,0.993624869303219,0.9428999874320635,1.0470785810345278,0.10698168766233201,0.11335613257036617,0.0,65788,65792,0.9999392023346303,0.9999999999999998,0.9428999874320635,0.10697776908438518,0.2719709102556639,0.9442426904029649,1.6098216322823167,65788,0.9428999233924704,0.10698207128556554,0.9442387843317246,0.000505677235747145,0.0005056772355037313,1.1068350177447438e-09,0.00409199930386199,0.003883101046808103,0.9428998506014932,1.0470786038859763,0.10698219103710553,0.11335658335578072,0.0
model.dec.32x32_aux_conv,0.00068342876647968,0.0006613753436610749,0.9967156597986675,0.9645528464177086,1.0299509354800802,0.07836766833167721,0.08110624874521258,0.0,6914,6915,0.9998553868402025,1.0,0.9645528464177086,0.07836456237525932,0.5566044728939467,0.966374776960539,1.3826180920247062,6914,0.9645521398596308,0.0783516146841338,0.9663221138061011,0.0008203330241162217,0.0008203330241101139,1.7926345212947325e-11,0.0006834297653690731,0.0006613755512010805,0.9645523902061497,1.029952812659842,0.0783595668391758,0.08109792953293496,0.0
model.dec.32x32_aux_norm,0.00017571534706541754,0.00016956848284954937,0.9978608100858991,0.9629537003292841,1.0340333039530314,0.0630874138870335,0.06537670530087131,0.0,512,512,1.0,1.0,0.9629537003292841,0.0630874138870335,0.6025655539079171,0.9566802724936057,1.2211466165413531,512,0.9629528826277461,0.06265165277437612,0.9558341014338922,0.007533342204773845,0.007533342196904061,0.0,0.00017571239368942748,0.0001695604558891931,0.9629535568879748,1.034096291616436,0.062637333303865,0.06491182159262794,0.0
model.dec.32x32_block0.affine,0.005185555845948555,0.004861725002457913,0.994275257565376,0.9321841327400924,1.060502161628541,0.10017644152264514,0.10957185428565273,0.0,131239,131328,0.9993223075048733,1.0000000000000002,0.9321841327400924,0.10014318442240404,0.3778429243575824,0.932934131736527,1.5,131239,0.9321865305939645,0.10017428520964294,0.9329484028163199,0.001595218002483094,0.0015952180195893775,1.4123752058769306e-08,0.005185556307134874,0.004861736146597824,0.9321861755805296,1.0604998125060074,0.10017676482673571,0.10957129978275999,0.0
model.dec.32x32_block0.conv0,0.013858815472374289,0.01319039787032007,0.9947280963367039,0.946751862713079,1.0451355044669335,0.09760169695253931,0.10303576313901087,0.0,1178433,1179904,0.9987532884031243,1.0,0.9467518627130788,0.09755055829509213,0.35,0.946987951807229,1.5486725663716814,1178433,0.9467521368310547,0.09758045858299695,0.9469406673864862,0.002385974020972951,0.002385974014297529,1.5112165275142538e-07,0.013858799145328855,0.013190372453091745,0.9467525122304215,1.0451377867866896,0.09758844535420934,0.10302211041658861,0.0
model.dec.32x32_block0.conv1,0.009590034711160196,0.0091432851392718,0.9949855415371438,0.9486343678339274,1.0436014774886133,0.09535950323490994,0.10038555172275875,0.0,588903,590080,0.9980053552060738,1.0000000000000002,0.9486343678339273,0.09527514948616754,0.36363636363636365,0.9495176848874598,1.5294117647058822,588903,0.94864383559158,0.09534018900049539,0.9494317872463777,0.003378010901534431,0.0033780108765518817,1.1659989703674417e-07,0.009589976498083297,0.009143298502708171,0.9486441746063531,1.043596545699888,0.09533373741933698,0.10035740677302218,0.0
model.dec.32x32_block0.norm0,0.0004640687417871024,0.0004285181061580991,0.9967402616547063,0.92038357854266,1.0794316330334701,0.07449704018725291,0.09067416925426,0.0,1024,1024,1.0,1.0,0.92038357854266,0.07449704018725291,0.47125,0.9220166729112027,1.378835811452072,1024,0.92034559385597,0.07466838686768719,0.9216204955735712,0.0028300979723614697,0.002830097971718561,0.0,0.00046405715277048743,0.000428486389963167,0.9203375755431087,1.0794835584554132,0.07450407649527964,0.09070505903807452,0.0
model.dec.32x32_block0.norm1,0.00027757983543403946,0.0002589381961659629,0.9948970323080772,0.928081978699566,1.0665222767091775,0.09411955297308697,0.1051954659718059,0.0,508,512,0.9921875,1.0,0.928081978699566,0.09364708647977732,0.42084057971014494,0.930845708532595,1.625,508,0.928222858346484,0.09420699768853619,0.9310407669161453,0.00632937119974673,0.006329371202556577,5.38910752964229e-10,0.00027760709657081984,0.00025900658594860186,0.9282447620113756,1.0663555176064,0.09404811609633873,0.10506317858413315,0.0
model.dec.32x32_block0.skip,0.003808200191353411,0.0036453486050584613,0.9956149934553017,0.9530391117063938,1.0400929017678955,0.08954530041409325,0.09369273794691367,0.0,131268,131328,0.9995431286549707,0.9999999999999998,0.953039111706394,0.08952809901708061,0.4131823804114604,0.9555489536845001,1.5,131268,0.9530390881458307,0.08954957745387158,0.9555283482903634,0.0012169534931893238,0.0012169534926843922,3.52197210674265e-09,0.003808201829021121,0.0036453493214497696,0.9530391497002457,1.040093428987135,0.08954250647851408,0.09368982599091634,0.0
model.dec.32x32_block1.affine,0.005172366626281228,0.004953140326946386,0.9960450815722587,0.953828569677248,1.0401300989128386,0.08508348483526404,0.08900638714826507,0.0,131255,131328,0.9994441398635477,1.0,0.953828569677248,0.08506422981290054,0.5185185185185185,0.9503463984056183,1.5154615388976118,131255,0.9538283816695291,0.08508737133515352,0.9503707474247508,0.0014855173901211127,0.0014855173694891478,6.9103544280165494e-09,0.005172373907297791,0.004953144849043856,0.9538283758524466,1.0401309166551787,0.0850803257894804,0.08900313363499218,0.0
model.dec.32x32_block1.conv0,0.012394360807141323,0.011885698078016942,0.9957963250388162,0.9549289915612861,1.0384126251519,0.08783613807741607,0.0916677439556306,0.0,1178138,1179904,0.9985032680624865,1.0,0.9549289915612861,0.08778428743383239,0.408,0.9546247818499127,1.5,1178138,0.9549296825834528,0.08781495756924211,0.9546109609977638,0.002397128234942902,0.0023971282313856057,1.1028819243663496e-07,0.012394356246041934,0.01188568590031039,0.954929650619409,1.0384147054116193,0.08782209787249717,0.09165321982324978,0.0
model.dec.32x32_block1.conv1,0.008701885342525037,0.008337850262213667,0.9957495817607612,0.9540933469681859,1.0392245504357267,0.08824895909119476,0.09220801850205275,0.0,588399,590080,0.9971512337310195,0.9999999999999998,0.954093346968186,0.0881679610353422,0.4166666666666667,0.9548611111111112,1.495659606094387,588399,0.9540966420520918,0.0882106752722937,0.9546338036516676,0.003470173251016962,0.0034701732355855272,8.530865946491758e-08,0.008701866619848841,0.008337832892630839,0.9540969621055426,1.0392283460902894,0.0882105770471965,0.09216813403458864,0.0
model.dec.32x32_block1.norm0,0.00034901355389578944,0.0003298414359211119,0.9959492881486813,0.9412395009898596,1.0538390957038166,0.08497738179665237,0.09173472677956912,0.0,1020,1024,0.99609375,1.0,0.9412395009898596,0.08493172130207763,0.4166666666666667,0.9408263305322129,1.5714285714285714,1020,0.9410659092869198,0.08537592492377402,0.9410555144481707,0.004023316229015612,0.004023316229696373,7.450637229131233e-11,0.00034906135753069874,0.00032982412797222894,0.9410386069369123,1.0540134239142604,0.08521133732847064,0.09202596029424268,0.0
model.dec.32x32_block1.norm1,0.00024042516744081802,0.000229111375245893,0.9955034855699227,0.9486576429114829,1.044662631653236,0.09026740677307549,0.09520806398361244,0.0,507,512,0.990234375,1.0,0.9486576429114829,0.08974159919506279,0.4215686274509804,0.9398496240601504,1.4825757575757574,507,0.9487416074949125,0.08955769938316419,0.9385457122382186,0.007212381207244471,0.0072123812083720535,4.31352681686545e-10,0.00024047057435593302,0.00022917536192537574,0.9487629591019493,1.044589727210408,0.0900698323750809,0.0949863073195659,0.0
model.dec.32x32_block1.skip,0.0033828712785167257,0.0032504804347843657,0.9963064132018213,0.9573153207835531,1.0368855981272955,0.08250871798279084,0.08589709688719976,0.0,131245,131328,0.9993679946393762,1.0,0.9573153207835531,0.08249587700802241,0.46080522875817,0.9602649006622517,1.4552943545342418,131245,0.9573145431079656,0.08250104410824659,0.9602430217413203,0.0010152072283965159,0.0010152072285866728,1.91168595764135e-09,0.0033828697264215147,0.003250476208664064,0.957314592519058,1.0368865540843215,0.08250775323455235,0.08589616692345588,0.0
model.dec.32x32_block2.affine,0.005204156374379525,0.0049787695604288345,0.9970942209947418,0.953911066317641,1.042232259008153,0.07287897504472558,0.07652638411191942,0.0,131230,131328,0.9992537768031189,1.0,0.953911066317641,0.0728692249939664,0.4023478875912157,0.9495880058691955,1.3782047931909764,131230,0.9539121073538742,0.07289229061157339,0.9495938690120529,0.0010612033122688364,0.0010612032371305111,3.0343266090140195e-09,0.005204151115545142,0.004978768945562943,0.9539121004915847,1.0422315399944164,0.07287657832650761,0.0765236768529385,0.0
model.dec.32x32_block2.conv0,0.011180110570070486,0.010747585674196463,0.9964093594318876,0.9578612742644739,1.0365087703601377,0.08139084968945047,0.08468600592940377,0.0,1177647,1179904,0.9980871325124756,1.0,0.9578612742644739,0.08134068497016306,0.4621151236822879,0.9581464872944694,1.4528301886792452,1177647,0.9578650508896187,0.08136666849720567,0.9580108110306493,0.002371711325019925,0.0023717113187648243,8.044774540842077e-08,0.011180083349301512,0.010747585203681288,0.9578652427030087,1.0365081080975023,0.08137129154134277,0.08466543098246775,0.0
model.dec.32x32_block2.conv1,0.00868934059337899,0.008376682321802524,0.9965938611351493,0.9607346022261755,1.0337915609064812,0.0794989267541151,0.08246998674921587,0.0,588230,590080,0.9968648318872018,1.0,0.9607346022261755,0.07942698346597289,0.48148148148148145,0.9626865671641791,1.4395289423951796,588230,0.9607283574080474,0.07944547001781779,0.9622707928608112,0.0033252678148469592,0.0033252678163964247,6.80628616914204e-08,0.008689371364281141,0.008376628089688181,0.9607283515263988,1.0338055426608077,0.07945737698848632,0.08242759366410851,0.0
model.dec.32x32_block2.norm0,0.0002984587992604118,0.0002835773603688006,0.996936719433883,0.9472285087668754,1.049253494121976,0.07431264296314234,0.0794402566055999,0.0,1023,1024,0.9990234375,1.0,0.9472285087668754,0.07428016573083532,0.5241558441558442,0.9444444444444444,1.25488346281909,1023,0.947218499380906,0.07418675308844093,0.9439074857942991,0.003199236239563958,0.0031992362395493325,3.3891996418228535e-11,0.0002984513475584796,0.00028356680047763585,0.9472267081975344,1.049277251169191,0.07418641518379249,0.0793141889128087,0.0
model.dec.32x32_block2.norm1,0.00022320890502784875,0.0002124318228093085,0.9970768366784172,0.9489354820772437,1.047660496437959,0.07271633575765046,0.07740829211079898,0.0,507,512,0.990234375,1.0,0.9489354820772437,0.07259070659172645,0.5,0.9464285714285714,1.3316312056737587,507,0.9486849819042323,0.07330429940721826,0.9462349206086399,0.007219764714121302,0.0072197647131058305,7.17053808517893e-11,0.0002232912083398777,0.00021244460103281385,0.948637992582054,1.0479784799304335,0.07275624480695239,0.0775212751317144,0.0
model.dec.32x32_block2.skip,0.003132859133662191,0.0030292447388558805,0.9972386125652541,0.9642565118993851,1.031348855951353,0.07180788636620286,0.07433097519702438,0.0,131253,131328,0.9994289108187134,1.0,0.9642565118993853,0.0717929054431789,0.5351489007847825,0.9666408068269977,1.391304347826087,131253,0.9642573540552015,0.07180922742787883,0.9666070978011188,0.0013157920589972972,0.001315792058631637,1.6646721573968123e-09,0.003132850966549765,0.003029238355306261,0.9642574504486404,1.031348829251879,0.07180178802806493,0.07432467461680328,0.0
model.dec.32x32_block3.affine,0.00576397694356163,0.005575038266099809,0.9980724858935842,0.9653564467174727,1.0318972753380682,0.06002470302049263,0.06211439542715663,0.0,131290,131328,0.9997106481481481,1.0000000000000002,0.9653564467174724,0.060019100370895785,0.48225561108809667,0.9659538463791856,1.2674840807659367,131290,0.9653568253983472,0.06001765009901733,0.9659776281160342,0.0004882691596855036,0.00048826914657657905,1.7616890365744085e-09,0.005763976007177903,0.005575038779294374,0.9653567695094242,1.031897095130154,0.06002347827533937,0.062113158349338476,0.0
model.dec.32x32_block3.conv0,0.012603919404269349,0.012180894551905243,0.9966504979585008,0.9631999564059505,1.0312627284446074,0.07903413691671479,0.08184284175582561,0.0,1178109,1179904,0.9984786897917118,1.0,0.9631999564059505,0.07900285330238319,0.48314606741573035,0.9655172413793104,1.434782608695652,1178109,0.9632025979362812,0.07901702878703189,0.9653574485064791,0.0020772628750781903,0.002077262871007205,6.19210741492515e-08,0.01260389470405838,0.012180888210924013,0.9632025072663515,1.0312624912520587,0.07902005548053238,0.0818282084150936,0.0
model.dec.32x32_block3.conv1,0.007667329098456958,0.007453505543812871,0.9963726140037508,0.9685861539026475,1.0249562023332925,0.08272450214264851,0.08561359393797746,0.0,587629,590080,0.9958463259219089,0.9999999999999999,0.9685861539026475,0.08264747115487546,0.47368421052631576,0.9696969696969697,1.4666666666666666,587629,0.9685863932381008,0.08265392215347489,0.968764605567097,0.004057394306389908,0.0040573942935299215,5.904282895872442e-08,0.007667324343691888,0.007453458796366246,0.9685869942206752,1.024968677245206,0.0826500672645125,0.0855367226457343,0.0
model.dec.32x32_block3.norm0,0.0003030949462205407,0.00029305837758525734,0.9983750484476922,0.9653152438470292,1.032567074555475,0.05509778673701075,0.05701898816482356,0.0,1023,1024,0.9990234375,1.0,0.9653152438470292,0.055096382940390175,0.6744903558012915,0.9634146341463414,1.3033582089552234,1023,0.9654953721958218,0.05515112413261637,0.9644445811827524,0.0028530493785030525,0.0028530493778968144,1.1203965758092078e-12,0.00030307069033110105,0.00029308700226802695,0.9654890766511269,1.0323860396879174,0.055067625411387905,0.05698408307646592,0.0
model.dec.32x32_block3.norm1,0.0002077050281849028,0.00020124253468824273,0.9970673602641393,0.966044802034577,1.0290861446698372,0.07414783635030192,0.07671586956584361,0.0,503,512,0.982421875,1.0,0.966044802034577,0.07397882863674747,0.5,0.9666666666666667,1.3697188175919248,503,0.965429368634452,0.07253721993504199,0.964230940564376,0.01022685042839338,0.010226850429876352,8.51501397614998e-11,0.00020775976278079603,0.0002011486854027026,0.9654215912606122,1.0299247427416462,0.07302161466263865,0.07555793902273995,0.0
model.dec.32x32_block3.skip,0.0029089475683360256,0.002838403198712342,0.9971870575159938,0.9730044517051915,1.0219706867062637,0.0731354590610121,0.07596100578317551,0.0,131200,131328,0.9990253411306043,1.0,0.9730044517051915,0.07311479392434243,0.5491322199735007,0.9741031928549768,1.4,131200,0.9730069218436405,0.0731230348716163,0.9740749298868239,0.0014999281239482089,0.0014999281239684087,2.016314476348986e-09,0.002908943494178185,0.0028384043025003083,0.9730070598139384,1.0219697685577742,0.07312405464687355,0.07594963103048105,0.0
model.dec.32x32_block4.affine,0.004777911828090046,0.004653425764093524,0.9970848566468724,0.9711063175401505,1.0237583603336096,0.0743126718710743,0.07702917595277069,0.0,131258,131328,0.9994669834307992,1.0,0.9711063175401505,0.07430688028841032,0.5780853027151207,0.9692982456140351,1.3620318638149276,131258,0.9711048223033818,0.07430560308443397,0.9692575737978888,0.0007162834919891319,0.0007162834975309449,1.5491770091315523e-09,0.004777913854477834,0.004653419907648569,0.9711049189298422,1.0237603311265908,0.074309470458521,0.07702590047439724,0.0
model.dec.32x32_block4.conv0,0.009719024033660411,0.009450256208994782,0.996793841358263,0.9692287163566061,1.0251429259182099,0.07780008024805231,0.08054053616816886,0.0,883511,884992,0.9983265385449812,0.9999999999999999,0.9692287163566062,0.0777636322718838,0.5178571428571429,0.9707792207792207,1.4166666666666667,883511,0.9692312650624241,0.07779304077987878,0.9706395884500686,0.002212206068685756,0.002212206058984579,4.222586967620906e-08,0.009719019635839082,0.009450264372964045,0.9692311849841231,1.025142837991317,0.07778532204012524,0.08052546334987551,0.0
model.dec.32x32_block4.conv1,0.008227408829067383,0.008007617828929158,0.9965079383921978,0.9698867407617734,1.023859827693612,0.08126746794514789,0.0841510921768018,0.0,588166,590080,0.9967563720173536,1.0,0.9698867407617734,0.0811944832904414,0.48717948717948717,0.9719101123595506,1.4736842105263157,588166,0.9698983211722825,0.08122281591651308,0.9712469129448862,0.0035171182394588933,0.003517118152042579,6.32791960520084e-08,0.008227371064330663,0.0080076429610469,0.9698981249234052,1.0238560192095094,0.08122167868700114,0.08410435071481713,0.0
model.dec.32x32_block4.norm0,0.00024231516404076621,0.00023360766183961232,0.9954215177448938,0.9596514284434194,1.0325249029189236,0.09214771762405553,0.0956035745096364,0.0,767,768,0.9986979166666666,1.0,0.9596514284434194,0.09213589769692847,0.3883484162895928,0.953125,1.4573262243285938,767,0.9596245628821288,0.09211245472036543,0.9539291570338921,0.003701689726909827,0.0037016897275263636,1.008356918228287e-11,0.00024232024875734287,0.00023360131431816842,0.9596083242179819,1.0325779698425792,0.09211091313754664,0.09556895992699647,0.0
model.dec.32x32_block4.norm1,0.0001742200876589983,0.00017056884916435364,0.9976441093572549,0.9767358626390555,1.0189999231174263,0.06716424148529335,0.07028373961709904,0.0,503,512,0.982421875,1.0,0.9767358626390555,0.06703079143496668,0.6705882352941177,0.9848484848484849,1.2639109697933224,503,0.9778569470677209,0.06623251469018557,0.9717011612908264,0.014889349674905166,0.014889349672473743,4.28551690247022e-11,0.0001742934877309741,0.0001708085912568799,0.9777812828967308,1.0180863598314973,0.0659902097049066,0.06925654037547492,0.0
model.dec.32x32_block4.skip,0.0024436308529187218,0.002378305754926832,0.9967255122973478,0.9700802472467488,1.0241026447904928,0.07869786532460919,0.08150360189998511,0.0,98321,98560,0.9975750811688312,1.0,0.9700802472467487,0.07865283555207857,0.5135135135135135,0.9714867617107943,1.4344262295081966,98321,0.9700786400687545,0.07862581309976953,0.9712192874139084,0.0032527084973485963,0.003252708512883569,3.335732435309115e-09,0.0024436384381766605,0.0023782981723875006,0.9700781937045326,1.0241133648734693,0.07864742539436732,0.08145148227948713,0.0
model.dec.32x32_up.affine,0.005875749456298023,0.005479355652068777,0.9954567710479619,0.9283005896354762,1.0674712416312835,0.088791152851728,0.10002440892768552,0.0,131264,131328,0.9995126705653021,1.0,0.9283005896354762,0.08877683633845708,0.4017648522550544,0.9228475533179964,1.4428492628444831,131264,0.9283018456235016,0.08878410170065164,0.9228345053866404,0.0009916946534979107,0.0009916946241542571,6.919584997516978e-09,0.005875749149902024,0.005479363089982362,0.9283021368849921,1.0674700114539737,0.0887887821120843,0.10002126827490893,0.0
model.dec.32x32_up.conv0,0.010467162154197613,0.009882302093890405,0.9944693413451015,0.9389026662153465,1.0533245952552552,0.09915880484422364,0.10650311529389464,0.0,589258,590080,0.9986069685466378,1.0,0.9389026662153465,0.09910778402622265,0.33783783783783783,0.9410821599502373,1.537477248394005,589258,0.9389004325347765,0.09914571064117342,0.9410238173863216,0.0024855197400484173,0.0024855197337803024,8.737887114373176e-08,0.010467178845372868,0.009882281005812848,0.9389006971432755,1.0533302409709882,0.09914393121826566,0.10648869978307944,0.0
model.dec.32x32_up.conv1,0.01028729293179922,0.0097264336160104,0.9943966527537138,0.9401825237322516,1.0517369532486556,0.09994982942182437,0.10694630149929849,0.0,589138,590080,0.9984036062906725,1.0,0.9401825237322516,0.09988536322389747,0.33653846153846156,0.9419354838709677,1.5454545454545454,589138,0.9401831041026992,0.0999336709053591,0.9419396513903242,0.002899562728907135,0.0028995627116307912,1.0748746420551161e-07,0.010287296147538474,0.009726422480645043,0.9401832190398448,1.0517407967703594,0.09993025191169728,0.1069264052838589,0.0
model.dec.32x32_up.norm0,0.00029948478090637524,0.00027132464278550156,0.9934545234575443,0.9000413740056628,1.0965628010919048,0.1034875925755292,0.1272728750123568,0.0,511,512,0.998046875,1.0,0.9000413740056628,0.10348740119717521,0.18169398907103823,0.8761061946902655,1.550494350282486,511,0.8999952135534123,0.10333452943457144,0.8759923536601071,0.0018375305354409416,0.0018375305351534242,2.8009914395230195e-13,0.0002994763378892679,0.00027130247061006205,0.899999106969391,1.0966287026096906,0.10343063739647984,0.12724660653155936,0.0
model.dec.32x32_up.norm1,0.0003085256436354163,0.0002836789783273114,0.9948820426103719,0.9147606600163384,1.0820210378208739,0.09290580067916081,0.1100456489503192,0.0,509,512,0.994140625,1.0,0.9147606600163384,0.09281818210631093,0.3219047619047619,0.9074074074074074,1.3571428571428572,509,0.9147984863808358,0.0928737277937748,0.9085013919623695,0.006130370775723591,0.0061303707804395615,1.2212322676320365e-10,0.0003084794585588358,0.00028365083193042183,0.9148186277557588,1.0819803556226963,0.09279436593677134,0.10991542051014769,0.0
model.dec.32x32_up.skip,0.0029559626383751014,0.0028125177629828918,0.9948094236131729,0.9465340117535596,1.0455469925229042,0.09681771584443259,0.10228634965840738,0.0,65779,65792,0.9998024075875487,0.9999999999999998,0.9465340117535598,0.09681083014692017,0.3450090744101633,0.9475373238454026,1.5585036057692305,65779,0.9465326412039098,0.09681179920232187,0.9475933714634939,0.0006449073355341616,0.0006449073379618929,9.184738141232261e-10,0.0029559648214928414,0.002812515521850907,0.9465325122619206,1.0455485468183945,0.0968180188117259,0.10228688439148965,0.0
model.dec.8x8_block0.affine,0.006244769509164991,0.0060700340819093155,0.9960369329935169,0.9681667387784021,1.0247094143503779,0.08645193339345782,0.08945973488106701,0.0,131239,131328,0.9993223075048733,1.0,0.968166738778402,0.08642878000718199,0.43478260869565216,0.9638009049773756,1.5393258426966292,131239,0.9681659677275992,0.08645109946562354,0.9637105254893876,0.0014175041019063605,0.0014175041548754037,1.2306809089501181e-08,0.0062447810030413125,0.006070038850034255,0.9681659625963467,1.0247107550583265,0.08644909535613632,0.08945687730564587,0.0
model.dec.8x8_block0.conv0,0.019499208583538808,0.018966809622250155,0.9961336432979551,0.968935589862893,1.0240951469751134,0.08545216425094078,0.08844419240452514,0.0,1179132,1179904,0.9993457094814493,1.0,0.968935589862893,0.08542496839228615,0.425,0.9687924016282226,1.5,1179132,0.968935891218174,0.08544867983974526,0.9687915657696798,0.001568859457345121,0.0015688594456842375,1.3930678405878247e-07,0.01949922252446277,0.018966821455717143,0.9689358043642486,1.0240955601635198,0.08544872391283065,0.08844074086001903,0.0
model.dec.8x8_block0.conv1,0.013284725618337613,0.012839290726482462,0.9956442782685481,0.962260472373109,1.0301862721266661,0.09010732000073983,0.09333140748468964,0.0,589778,590080,0.999488204989154,1.0,0.962260472373109,0.09008812259448046,0.39436619718309857,0.9617312870626834,1.5294117647058822,589778,0.9622610593206643,0.09011077015770308,0.9617495339752085,0.0014632416505218223,0.0014632416485972342,4.813301982037175e-08,0.013284720997994805,0.012839290586773312,0.9622608973638972,1.0301860329525467,0.0901062739755135,0.09333034505713492,0.0
model.dec.8x8_block0.norm0,0.0005533657505475477,0.0005417353958543747,0.9964253412441446,0.9754829895852853,1.0178172979680702,0.08270252480434279,0.08606282948078085,0.0,1024,1024,1.0,1.0,0.9754829895852853,0.08270252480434279,0.5011194029850746,0.9748412457287318,1.7306133056133055,1024,0.9754730202032057,0.0823234838385397,0.9746718828203067,0.003159752363892913,0.0031597523252826676,0.0,0.0005533616848041529,0.0005417266835622067,0.9754876086532996,1.017839898993051,0.08254667002947308,0.08590319648870223,0.0
model.dec.8x8_block0.norm1,0.0003544804165057683,0.00034512228953827195,0.9963348543566215,0.9700320527487941,1.023350866801617,0.0832804522115615,0.08623818670122055,0.0,510,512,0.99609375,1.0,0.9700320527487941,0.08321252562612755,0.2452586206896552,0.9656778753480403,1.3715238095238087,510,0.9700438098992277,0.08385533220273331,0.9665370026332705,0.005849757364590958,0.005849757368557773,1.1203965758092079e-10,0.0003545013003341682,0.00034514360466034356,0.9700411761012859,1.0233546646595795,0.08320655663640807,0.08616230631264914,0.0
model.dec.8x8_block0.skip,0.005962476411706116,0.005761497219883181,0.9955014318129033,0.9619457312265622,1.0302276610530847,0.09155284793356656,0.09484109176316892,0.0,131316,131328,0.9999086257309941,0.9999999999999998,0.9619457312265624,0.09155056907071825,0.38457707631014404,0.9622219377515038,1.5327819464621664,131316,0.9619454648426405,0.09155626935018081,0.9622124305986854,0.0006468148009587623,0.0006468148010704143,1.169552060832595e-09,0.005962475665129952,0.005761495102415242,0.9619454655668641,1.030227875800941,0.09155316798841151,0.09484147473926188,0.0
model.dec.8x8_block1.affine,0.006775467871644205,0.006661222475096175,0.9966074633583948,0.9798030423189845,1.0137000939197938,0.08091392471272821,0.08483027042139042,0.0,131258,131328,0.9994669834307992,1.0,0.9798030423189842,0.08089895505576793,0.5154681860879023,0.9857978194539803,1.573839371814297,131258,0.9798018753838688,0.08090887844826221,0.9858195576561556,0.0011518948944207426,0.001151894872903299,8.767082417098711e-09,0.006775469963899299,0.006661216630767355,0.9798019474847329,1.013701366039713,0.08091301289939178,0.08482936871546404,0.0
model.dec.8x8_block1.conv0,0.01804197091959849,0.01752026042817693,0.9958480511334009,0.9670516198314503,1.025501969707719,0.08839878873507233,0.09145977246003963,0.0,1179050,1179904,0.9992762123020178,1.0000000000000002,0.9670516198314499,0.08837278779584144,0.4339478311071458,0.9708333333333333,1.4864864864864864,1179050,0.9670529818655045,0.08840218504087705,0.9708167702204976,0.0017311868226075327,0.0017311867941821176,1.1795626209694557e-07,0.01804195770869202,0.017520266108240787,0.9670531411766975,1.0255014162588314,0.08839341518476858,0.0914543057365934,0.0
model.dec.8x8_block1.conv1,0.012250409805844766,0.011825014793601834,0.9951810719236025,0.9606234472412924,1.0309818782366684,0.09464931077110697,0.09811676817941686,0.0,589609,590080,0.9992018031453362,1.0000000000000002,0.9606234472412923,0.09461640439570758,0.3866099256772957,0.964735516372796,1.5231551470988085,589609,0.9606237763842456,0.0946464262590044,0.9647147865013854,0.001968654807873899,0.0019686548085872833,7.368936357148286e-08,0.01225042335517813,0.011825022222241278,0.9606234573266682,1.0309828743018143,0.09464450452304217,0.09811183535795552,0.0
model.dec.8x8_block1.norm0,0.0005481109609387068,0.0005345409837186437,0.9964460491353041,0.9717763177279438,1.0217420518734313,0.08214800490621336,0.08516314918577018,0.0,1023,1024,0.9990234375,1.0,0.9717763177279438,0.08208319967488684,0.3670406597621788,0.973173466747175,1.4395401517725674,1023,0.9718342224563098,0.0820565828057473,0.9733496207753207,0.002441335190973645,0.0024413351897527268,2.5208922955707176e-10,0.00054805976803502,0.0005345220079792207,0.9718368100614766,1.0216873293474789,0.08210280719992774,0.08512061103183391,0.0
model.dec.8x8_block1.norm1,0.0003992097853979327,0.0003897928053695373,0.9963495745130944,0.9728466334838872,1.0204203216260255,0.08335327735523503,0.08648404393467395,0.0,512,512,1.0,1.0,0.9728466334838872,0.08335327735523501,0.4705263157894737,0.9789103039288363,1.4492784380305603,512,0.9728586390201471,0.08354486516644112,0.9799519821653947,0.003599201592797383,0.0035992015931435926,0.0,0.0003992302748922945,0.0003898127066054502,0.9728368904764982,1.0204106515236264,0.08346383881466089,0.08659748848497997,0.0
model.dec.8x8_block1.skip,0.0058540302158042665,0.005652727271183968,0.9952903534568028,0.9610652347749538,1.0307342850832912,0.09360526594965574,0.09701092421555371,0.0,131317,131328,0.9999162402534113,0.9999999999999998,0.961065234774954,0.0936003324913135,0.38826135482912616,0.9616069661587175,1.541907653045628,131317,0.961065124133627,0.09360203314053167,0.961611081764381,0.0005382063314001872,0.0005382063313195156,2.4953518490188482e-09,0.005854028202937215,0.005652724350317919,0.9610650777141838,1.0307344730136232,0.09360515650532673,0.0970108538880034,0.0
model.dec.8x8_block2.affine,0.006210598141235766,0.006056551661454989,0.9960096118539482,0.9713047813296232,1.0213428019446702,0.08703238442487805,0.09017900200595355,0.0,131251,131328,0.9994136817738791,1.0,0.9713047813296232,0.08701216514870798,0.44795938361628573,0.9694031458737341,1.5573648738227104,131251,0.9713039185596541,0.08702120445306132,0.9693222087598197,0.0011219360000136256,0.0011219360162283767,1.0701495247273675e-08,0.006210605246732706,0.00605655055365279,0.9713037664795102,1.02134444546045,0.08702921016452658,0.09017579019252753,0.0
model.dec.8x8_block2.conv0,0.01713357672689099,0.01654290722865177,0.9954114711820019,0.9610952741849186,1.0309529383556986,0.09238825504669998,0.09575213875949626,0.0,1178712,1179904,0.9989897483185073,1.0,0.9610952741849188,0.09234896572841356,0.4177215189873418,0.967391304347826,1.4969492470719448,1178712,0.9610964706387521,0.09238186394836236,0.9673830762202771,0.0020425843656353263,0.0020425843579582117,1.6798733485605303e-07,0.017133562060534457,0.016542904422508598,0.9610967088876012,1.030953062102671,0.0923802556062678,0.09574382113507854,0.0
model.dec.8x8_block2.conv1,0.01212671161543445,0.011666635515415054,0.9949628129496015,0.9572148541325087,1.0341993700565195,0.09644151446377838,0.10024548390456961,0.0,589416,590080,0.9988747288503254,0.9999999999999998,0.957214854132509,0.09639749083937035,0.3895762132604238,0.9631578947368421,1.52,589416,0.9572148151444573,0.09642354066873221,0.9631409650632162,0.0022245572450300096,0.002224557238992666,9.842792964650255e-08,0.01212671106217772,0.011666625639939927,0.9572151804782294,1.0342013791255849,0.09643058891108029,0.1002342036248579,0.0
model.dec.8x8_block2.norm0,0.0005245365216907094,0.0005085321046455131,0.9958892674361995,0.9655031522511024,1.0272316881433337,0.08781535817992081,0.09086108896609477,0.0,1023,1024,0.9990234375,1.0,0.9655031522511024,0.08781418184453116,0.5004854368932039,0.9745098039215686,1.498739495798319,1023,0.9655249020437142,0.08795184413571254,0.973915109103692,0.0038765637438163596,0.003876563743359237,4.481586303236831e-12,0.0005245447578206005,0.0005085472517625622,0.9655153078039754,1.027215686012447,0.087832454521151,0.09087869527156867,0.0
model.dec.8x8_block2.norm1,0.00035312670341115847,0.0003440717318073249,0.9953429176724563,0.969820062083971,1.0215374609098764,0.09392563998440173,0.09723538482818836,0.0,511,512,0.998046875,1.0,0.969820062083971,0.09392321331551316,0.5477269176691142,0.9767441860465116,1.6666666666666667,511,0.9699977954952884,0.09387428473301213,0.9783918102460347,0.005801730095688517,0.005801730095944189,4.481586303236831e-12,0.00035313594268839146,0.0003441412118116408,0.9699961726316756,1.0213638895285198,0.09388379932727317,0.09719875543144713,0.0
model.dec.8x8_block2.skip,0.005740080350782779,0.0055097165617681455,0.9946608191444203,0.9547425913357694,1.0362480464570674,0.09905653461957999,0.10321010847683651,0.0,131309,131328,0.9998553240740741,1.0,0.9547425913357692,0.09904939736934155,0.3359213250517601,0.9557621865314173,1.5530441754534179,131309,0.9547421198699202,0.09905558929725838,0.9557416692459195,0.0008372096671630964,0.000837209666790995,3.6729576492266128e-09,0.005740079537104344,0.005509713231699403,0.9547421415273109,1.0362485170801163,0.09905656687268234,0.10321018365046218,0.0
model.dec.8x8_block3.affine,0.006059366645518607,0.0058119505922562265,0.994683494275003,0.9540685787572621,1.0370273959466136,0.09877449583448498,0.10300544534711227,0.0,131247,131328,0.9993832236842105,1.0,0.9540685787572621,0.098739537673553,0.4697688914461067,0.9572778827977315,1.4697552447552447,131247,0.9540693075584934,0.0987468056223612,0.9572118584310066,0.0013662618920706098,0.0013662619163001656,1.998722827730316e-08,0.006059370022039546,0.005811957486597015,0.9540695270697862,1.037027122147273,0.09877119454257066,0.10300191451698427,0.0
model.dec.8x8_block3.conv0,0.017103849994366035,0.016384458425821494,0.994374346557272,0.9525507500497068,1.038034289553186,0.10146775199707998,0.10597366633531552,0.0,1178675,1179904,0.9989583898351052,0.9999999999999998,0.952550750049707,0.10142504450232862,0.35714285714285715,0.9595015576323987,1.53,1178675,0.952551276149389,0.10146407552867777,0.9594736432132669,0.0022321822868362606,0.0022321822812140773,1.9985271645707548e-07,0.01710384393640913,0.01638444913191907,0.9525514988822221,1.0380355478987855,0.10145879497935127,0.10596435393639944,0.0
model.dec.8x8_block3.conv1,0.01213385753975177,0.01155819673238863,0.9937650038410851,0.9466182854486672,1.0432598842005207,0.10620531957487972,0.11179894454650277,0.0,589391,590080,0.998832361713666,1.0,0.9466182854486672,0.10614782184497147,0.32608695652173914,0.9534246575342465,1.5555555555555556,589391,0.9466165862726403,0.10618564801921392,0.9533476934489163,0.0025361191988790503,0.002536119195725318,1.417290073278812e-07,0.012133861266320888,0.011558165330940458,0.946616393629907,1.0432641087546157,0.10619634619571963,0.11179011829012846,0.0
model.dec.8x8_block3.norm0,0.0005212073122388364,0.0005027994366033779,0.9951707408611573,0.9600235378122771,1.0316047101543049,0.09469227947164133,0.09820184602847763,0.0,1023,1024,0.9990234375,1.0,0.9600235378122771,0.09468668585771882,0.44781266083376225,0.9628099173553719,1.6444219066937114,1023,0.9601680152797144,0.0949016642359635,0.9625964119469134,0.004136851597281783,0.004136851596260321,2.268803066013646e-11,0.0005211521146087773,0.0005028171175366498,0.9601575039530998,1.0314576015864294,0.09472061391795784,0.09822169180008629,0.0
model.dec.8x8_block3.norm1,0.0003686259484178582,0.00035262311492698464,0.994326756954826,0.9511609255873846,1.0394515512564226,0.10175100963948805,0.10646947197989633,0.0,511,512,0.998046875,1.0,0.9511609255873846,0.10175049573694431,0.4142156862745098,0.9503105590062112,1.3791554357592093,511,0.9513679164596353,0.10221614591137777,0.9471695340416627,0.006313489195475466,0.006313489194766946,1.1203965758092078e-12,0.0003686329145630348,0.00035270010829560806,0.9513639098506212,1.0392587896483076,0.1016470709794761,0.10633188124640126,0.0
model.dec.8x8_block3.skip,0.005758277003770023,0.0055045393929556855,0.9940899271417994,0.9502855038946343,1.0399135619713287,0.10377606963812294,0.10867805015181158,0.0,131310,131328,0.9998629385964912,1.0,0.9502855038946345,0.10376965154401815,0.3008578401163508,0.9509240953145017,1.5941133617685352,131310,0.950284422781121,0.10378144234165605,0.9508953378548254,0.0008819466198501976,0.0008819466194859471,3.4822227147738275e-09,0.005758280548489998,0.0055045366819586284,0.9502844864906463,1.039914753242345,0.10377562868680167,0.10867772264880966,0.0
model.dec.8x8_block4.affine,0.005995751905221523,0.005757052238505806,0.9947063072760083,0.9551055920062471,1.0359489526768482,0.09866778093390917,0.10276679779824618,0.0,131269,131328,0.9995507431773879,1.0,0.9551055920062471,0.09865002642381301,0.4497247706422021,0.9518005540166204,1.5492957746478873,131269,0.9551066596517775,0.0986741926601808,0.9517828907432445,0.0014479635494821477,0.0014479635560565203,9.92919078847391e-09,0.005995742915311319,0.005757049140313707,0.9551068870996337,1.0359483658305637,0.0986642261327535,0.10276297940370918,0.0
model.dec.8x8_block4.conv0,0.01733309342062905,0.01649043665363956,0.9937022892280094,0.9453929691274002,1.0444802022680573,0.10660500313820077,0.11244525837473561,0.0,1178766,1179904,0.9990355147537426,1.0,0.9453929691274002,0.10655786511520567,0.32,0.9521739130434783,1.5735294117647058,1178766,0.9453945629212512,0.10660036220362047,0.9521408796714848,0.0023400021030898347,0.0023400020926403822,2.380053109336912e-07,0.01733308717934902,0.016490443747983766,0.9453945395622303,1.0444802864185236,0.10659778594369589,0.11243754712597218,0.0
model.dec.8x8_block4.conv1,0.012496363249420118,0.011856582657291254,0.9934586495123788,0.9425962065476173,1.0470656272910654,0.10834608368211324,0.11480231435840159,0.0,589395,590080,0.9988391404555315,1.0000000000000002,0.9425962065476176,0.108290395241483,0.29532635532218243,0.9475,1.5826941596329196,589395,0.9425956330841202,0.10832746501215283,0.9474923300831288,0.002527152000090877,0.0025271519925636134,1.4853045133094066e-07,0.01249635311504413,0.011856554297653997,0.9425959310368024,1.0470686318741926,0.10833534463605894,0.11479144002565626,0.0
model.dec.8x8_block4.norm0,0.0005093526363675563,0.0004867690650151626,0.9943882306485627,0.9502992519029472,1.0405227103697274,0.10110186562364848,0.10594325675659184,0.0,1024,1024,1.0,1.0,0.9502992519029472,0.10110186562364848,0.33505747126436786,0.9504950495049505,1.5414166666666667,1024,0.9503161117288681,0.10113361829862569,0.9512611761746816,0.0031330175361205382,0.0031330175356555985,0.0,0.0005093657489883461,0.00048678797455180197,0.9503006172052755,1.0404969378500626,0.10120734254529125,0.1060507339940613,0.0
model.dec.8x8_block4.norm1,0.0003523054512395449,0.0003368138020193809,0.9944078027695898,0.950681494226535,1.0401452896835437,0.10096450933406194,0.10574083488252402,0.0,510,512,0.99609375,1.0,0.950681494226535,0.10078290614456427,0.41360465116279077,0.9493589743589743,1.8356818181818169,510,0.9507753671772141,0.10075072346908265,0.9510316778950275,0.005771897604427746,0.005771897604244917,3.5852690425894654e-10,0.000352287400364331,0.000336840881970353,0.9507908596470452,1.0399911126813464,0.10112632788248815,0.10588870699442915,0.0
model.dec.8x8_block4.skip,0.005863757483094801,0.005542995244011946,0.9930919232306237,0.9387673046172309,1.0505602007390118,0.11092022656718448,0.1183036926633359,0.0,131307,131328,0.9998400950292398,1.0000000000000002,0.9387673046172305,0.1109147535633212,0.2546162957796444,0.9395960218949966,1.6270096923725241,131307,0.9387671073435956,0.11092066586006714,0.9396297830324503,0.0008294704503161769,0.0008294704501124053,3.2912385221716998e-09,0.0058637590092669185,0.005542995459103747,0.9387672080577559,1.0505605580112383,0.11091925961702287,0.1183026390974168,0.0
model.dec.8x8_in0.affine,0.005456296410279336,0.0053500320207485776,0.9946919876344821,0.9753198111819746,1.0144489416914273,0.10089329621569158,0.10477903629647861,0.0,131230,131328,0.9992537768031189,1.0,0.9753198111819745,0.10084901291813912,0.4391646334317506,0.9774730656219393,1.5216591201125864,131230,0.975325415290586,0.10087912210241802,0.9773463610365468,0.0018757870698119532,0.0018757870377217106,2.0969323712511358e-08,0.005456281623617427,0.005350044453062916,0.9753256676222296,1.0144448200072873,0.10088465051732194,0.10477081500141472,0.0
model.dec.8x8_in0.conv0,0.012811879215024687,0.012541122439565159,0.9965955033175851,0.975534191359594,1.0181115188270462,0.08070400254050068,0.08401324123694882,0.0,589654,590080,0.9992780639913232,1.0,0.975534191359594,0.08067150393305715,0.47619047619047616,0.9763975155279503,1.4749046941220167,589654,0.9755343242658044,0.08069330486435039,0.9763709008589505,0.0016021940026319248,0.0016021939945497262,6.787027595537312e-08,0.012811880752452723,0.012541120525552308,0.975534294993487,1.0181121820976486,0.08069951296569675,0.08400880442100028,0.0
model.dec.8x8_in0.conv1,0.012267347883534787,0.011958435867873018,0.9962767732629796,0.9711888839239361,1.0220127365265774,0.08404150413971727,0.08708268851492942,0.0,589670,590080,0.9993051789587852,0.9999999999999998,0.9711888839239363,0.08401421243541121,0.44554455445544555,0.9714964370546318,1.4974093264248705,589670,0.9711888300205258,0.0840359778963372,0.971500228890091,0.00160126383497992,0.001601263829265783,5.441728667150014e-08,0.012267340430353213,0.011958423394361529,0.9711889000853947,1.0220136437275886,0.08403639284265492,0.08707753182618672,0.0
model.dec.8x8_in0.norm0,0.00035955268142941356,0.00035427748694349416,0.9968758619181367,0.9822501496886227,1.0117193511144327,0.07782545482477338,0.0821416027552995,0.0,512,512,1.0,1.0,0.9822501496886227,0.07782545482477338,0.48269230769230775,0.9879182385168054,1.343333333333333,512,0.9822707939642366,0.07787520832226492,0.9874795911637846,0.001615785640210436,0.001615785640849298,0.0,0.00035954759391459756,0.00035427969153126464,0.982274551823677,1.0117032628299651,0.07777159929350042,0.08209222653972466,0.0
model.dec.8x8_in0.norm1,0.00030829596052952066,0.00030051598754772855,0.9949588652331743,0.9698506767372456,1.0207170724842252,0.09775317536046277,0.10119414920671302,0.0,511,512,0.998046875,1.0,0.9698506767372456,0.09774093847689945,0.41801075268817206,0.9710982658959537,1.6869328493647913,511,0.9699182155195469,0.09789334319072289,0.9670310233396242,0.003015091511578902,0.003015091506940467,1.7926345212947325e-11,0.00030827682955052247,0.00030051793673465874,0.9699223338689685,1.0206525631827565,0.09770847541563425,0.10115057740584402,0.0
model.dec.8x8_in0.norm2,0.00031979758433693987,0.00031619076524730193,0.9968980700683593,0.9856546111879525,1.0082697841876302,0.07781582803790894,0.08290049356540091,0.0,511,512,0.998046875,1.0,0.9856546111879525,0.07781024761011816,0.3920840322709481,0.9792418772563177,1.4934714959417408,511,0.9856561085281152,0.07780501346198643,0.9793812126237831,0.0002867236572949185,0.00028672365726374567,7.002478598807549e-12,0.0003197985464504894,0.00031619263347648207,0.9856562784430251,1.0082656416786777,0.07783114028430806,0.08291656700288232,0.0
model.dec.8x8_in0.proj,0.004138973000754097,0.004014122752997885,0.9958011581917601,0.9657632668371866,1.0267733105065626,0.08878128924094386,0.09185760950762246,0.0,65769,65792,0.9996504134241245,1.0,0.9657632668371866,0.08875932178841686,0.39704008992131884,0.9653916211293261,1.5064277494657239,65769,0.9657653144798996,0.08877138647475519,0.9653990135580427,0.0011336716928795356,0.001133671684740249,5.267616714227541e-09,0.004138965655253502,0.004014123859900925,0.9657658698320709,1.0267718672027808,0.08877469702092368,0.09185083719736763,0.0
model.dec.8x8_in0.qkv,0.007034031488899615,0.0068769061712321234,0.996952750201192,0.9746829440705193,1.019731382579533,0.07626525273246368,0.07935245711693185,0.0,197275,197376,0.9994882863164721,1.0,0.9746829440705193,0.07624781518418057,0.5022815017479861,0.9756713334863438,1.4375,197275,0.9746831642326134,0.0762593303518291,0.9756745305093896,0.0011407586822760796,0.00114075866754476,1.0374153512183186e-08,0.007034033561450605,0.006876907982858051,0.9746832934577487,1.019731811766705,0.07626039619677422,0.07934765895705741,0.0
model.dec.8x8_in1.affine,0.005842511590170745,0.005692743598826879,0.9959899782784103,0.9704585923079773,1.02219305871859,0.08717151257119876,0.09027925777064168,0.0,131238,131328,0.9993146929824561,1.0,0.9704585923079773,0.0871497757266234,0.3124575791855205,0.9657746272309715,1.6904761904761905,131238,0.97045983039732,0.08716318676989387,0.965788079302945,0.001358406843849116,0.0013584071308621038,1.0197592784288681e-08,0.005842507323967931,0.005692747176493142,0.970460296015916,1.0221920756211598,0.08716734275822324,0.09027514341977742,0.0
model.dec.8x8_in1.conv0,0.012535822979469206,0.012206155565746772,0.996017880367719,0.9698245750554235,1.0229186221183455,0.08680913228400841,0.08987757994261308,0.0,589661,590080,0.9992899267895878,1.0,0.9698245750554235,0.08677583712810492,0.42857142857142855,0.9694501018329938,1.5040650406504066,589661,0.9698221396679932,0.08680966866891432,0.9694228853148273,0.0018424032701078923,0.0018424032517778868,7.160616995382885e-08,0.012535830031746074,0.012206127116058344,0.969822413821823,1.0229222618686622,0.0868016772423174,0.08986989796155194,0.0
model.dec.8x8_in1.conv1,0.01319315428042924,0.012806478233195405,0.9958043352076397,0.9666184653260455,1.0258714369623059,0.08882606988353388,0.0919003846416844,0.0,589709,590080,0.9993712716919739,1.0,0.9666184653260452,0.0887996802263629,0.4107142857142857,0.9668508287292817,1.5220978656949489,589709,0.9666188340075268,0.08882009588545524,0.9668583659645608,0.0015447757957999548,0.0015447757930654056,6.432629363601595e-08,0.013193159796270093,0.012806484406440393,0.966618948730424,1.0258718187751885,0.08882148772561173,0.09189572416912105,0.0
model.dec.8x8_in1.norm0,0.000307893611577113,0.0002979647306148009,0.9958350140463109,0.9637215601103177,1.0290185632944615,0.08823345228113168,0.09133404006862633,0.0,512,512,1.0,1.0,0.9637215601103177,0.08823345228113166,0.21695906432748538,0.9617216117216117,1.5570261437908497,512,0.963730635461648,0.08811851543158407,0.9611846821038029,0.0030230325745628913,0.003023032575703905,0.0,0.0003078954669487491,0.00029796924787564425,0.9637489263332624,1.0290289846768452,0.0880312670575132,0.09112411169982719,0.0
model.dec.8x8_in1.norm1,0.0003586804518733461,0.00034873530505593546,0.9963269648002632,0.968701768357769,1.0247399697338888,0.0832562009625147,0.08616653996270311,0.0,512,512,1.0,1.0,0.968701768357769,0.08325620096251471,0.47031927473393775,0.9698836961160905,1.5107142857142855,512,0.9688879221150934,0.08312777050894704,0.968737789131987,0.0025861780186235686,0.002586178004565646,0.0,0.0003586692719163489,0.0003487902422698957,0.968903130209616,1.024566255389381,0.08305568224783055,0.08596490309719011,0.0
model.enc.16x16_block0.affine,0.0064143263137874775,0.006236066640382574,0.9971239266760527,0.9694129907463629,1.0256269873012327,0.07368213171509734,0.07628990408274129,0.0,131255,131328,0.9994441398635477,1.0,0.9694129907463629,0.0736722365376564,0.45,0.967670011148272,1.4820004384304188,131255,0.9694126382333225,0.073690336479408,0.9676285980218184,0.0011338810108504542,0.0011338809634421033,4.729772745112349e-09,0.006414318958300909,0.006236054270955892,0.9694122007176602,1.0256278679575541,0.07368179140720796,0.07628961971192856,0.0
model.enc.16x16_block0.conv0,0.012426020841715247,0.012025534487765336,0.9959442794868513,0.9638453398254961,1.0291122100794379,0.08707240229011637,0.09012936640825214,0.0,589497,590080,0.999011998373102,1.0,0.9638453398254961,0.08703284984312228,0.4375,0.9662447257383966,1.5,589497,0.9638471221123559,0.08706586653673157,0.9662282117148763,0.0020481285130158973,0.0020481285102306405,8.383028804549131e-08,0.012426011831987748,0.012025536297474255,0.9638470752101376,1.02911226087823,0.08706260973802808,0.09011923506530703,0.0
model.enc.16x16_block0.conv1,0.011734125933264287,0.01135253092996435,0.9958371721997344,0.9634524431476538,1.029310455942019,0.08818581350516161,0.09129412014085318,0.0,589536,590080,0.9990780911062906,1.0,0.9634524431476538,0.08814768056224984,0.4166666666666667,0.9642857142857143,1.5128205128205128,589536,0.9634515931040871,0.08817776942661273,0.9642543223939734,0.0019473035946979663,0.0019473035940134312,7.299417418178678e-08,0.011734131393714571,0.011352520057499775,0.9634518627539288,1.0293127654203562,0.08817704945672233,0.09128512783887621,0.0
model.enc.16x16_block0.norm0,0.0003666170151128966,0.0003552025565622524,0.9965747014573639,0.9655467890760941,1.0285996979340208,0.08012267909992886,0.08290220568567704,0.0,512,512,1.0,1.0,0.9655467890760941,0.08012267909992886,0.4995555555555556,0.9658847063102383,1.3776315789473679,512,0.9653156640264126,0.08007926001920185,0.964968533724065,0.002365810772808141,0.0023658107734471174,0.0,0.0003666812658933024,0.0003551828347331227,0.9653263697378571,1.028839609390009,0.08007566791924031,0.08285679332671679,0.0
model.enc.16x16_block0.norm1,0.0003638448541046129,0.00035251772897088854,0.9970956232653396,0.9660542968109382,1.029134371863848,0.07378883117576102,0.07634438143616963,0.0,512,512,1.0,1.0,0.9660542968109382,0.073788831175761,0.48227076454152906,0.9586973378133885,1.430222222222222,512,0.9659506778351615,0.07381724998785962,0.9579250393313921,0.002770517944373154,0.0027705179445883838,0.0,0.00036385782944827876,0.00035249301314595037,0.9659589971305239,1.0292505661339326,0.07369089533812115,0.07624384090454765,0.0
model.enc.16x16_block0.norm2,0.00034024856324735254,0.0003282908321851037,0.9967114405697208,0.9616829095474314,1.0330158578258177,0.07818491266400905,0.08104733525794063,0.0,512,512,1.0,1.0,0.9616829095474314,0.07818491266400905,0.5233426952689942,0.95861632712526,1.3111690167321286,512,0.9616847317671484,0.07820696469844869,0.9586128356792112,0.00024558975708107616,0.000245589757096902,0.0,0.0003402434095138444,0.00032828664991692074,0.9616836561792189,1.0330116859210674,0.07820439246639878,0.08106741878253206,0.0
model.enc.16x16_block0.proj,0.003588669194054581,0.0034623738263242143,0.9954556227129414,0.9604227380608599,1.0317663852810788,0.09187529713835124,0.09526610692888313,0.0,65723,65792,0.9989512402723736,1.0,0.9604227380608599,0.09184043335443011,0.38461538461538464,0.9622641509433962,1.5356698280972114,65723,0.9604204862441844,0.09186112961019346,0.9622545977733058,0.0017063941733093774,0.001706394173928986,6.503382407363946e-09,0.003588680972000856,0.0034623744187965004,0.9604200318796287,1.031769897436094,0.09187206804516689,0.0952629845053221,0.0
model.enc.16x16_block0.qkv,0.006959736920019189,0.00673454535421652,0.9954856823832917,0.9632754160864138,1.028773004356656,0.09184083476460264,0.09507975305060452,0.0,197256,197376,0.9993920233463035,0.9999999999999999,0.9632754160864139,0.09181525999416315,0.3977272727272727,0.9634146341463414,1.527027027027027,197256,0.9632758988466348,0.09183431209239104,0.9634377299672983,0.0015804865296898303,0.0015804865137742442,1.7937185925128104e-08,0.006959734468405816,0.006734542735803659,0.9632761118056256,1.0287738225774494,0.0918331647699537,0.09507184824252779,0.0
model.enc.16x16_block1.affine,0.005718698567577013,0.005521210011677557,0.996082959263014,0.9616844011196956,1.031711921893461,0.0853700231033734,0.08846789235169629,0.0,131249,131328,0.9993984527290448,1.0,0.9616844011196956,0.08535388629821672,0.5029536162413648,0.9603211220817569,1.512022955523669,131249,0.9616821539656004,0.085363157000239,0.9602964788500378,0.0010795765660113845,0.0010795765753488526,7.103262866178168e-09,0.005718695869873455,0.005521192819456221,0.9616821175308579,1.031714923836553,0.08536689909999953,0.08846482706431896,0.0
model.enc.16x16_block1.conv0,0.012226773913266823,0.011822161166868518,0.9956938913516695,0.962744035338165,1.0297714541817935,0.08963434507959539,0.09282006225446575,0.0,589472,590080,0.9989696312364426,1.0000000000000002,0.962744035338165,0.08959448092689215,0.4210854889778364,0.9655172413793104,1.5,589472,0.9627459615251288,0.08961819198298154,0.9655315903819044,0.0020577978517169644,0.002057797850123047,8.421040084225046e-08,0.012226753439690213,0.01182215480541325,0.962745935594128,1.0297711462844725,0.08962578728862683,0.09281117635510036,0.0
model.enc.16x16_block1.conv1,0.011799948663821384,0.011432668177832941,0.9957244621300662,0.9647319404860544,1.0277126348534549,0.08949796281400216,0.09261455586419724,0.0,589595,590080,0.9991780775488069,1.0000000000000002,0.9647319404860542,0.08945824963148066,0.40601503759398494,0.964975845410628,1.52,589595,0.964731420496322,0.08948202565389944,0.9649765109096161,0.0019062135592217192,0.0019062135583974538,7.801772470160497e-08,0.011799948839826468,0.01143265616946221,0.964731734005591,1.0277146044826184,0.08948901478374048,0.09260536669221736,0.0
model.enc.16x16_block1.norm0,0.0003442984812575305,0.00033237072351701536,0.995331420631224,0.9608495024611236,1.0310507882433484,0.09317245727751336,0.09657727323021073,0.0,509,512,0.994140625,1.0,0.9608495024611236,0.0929784527445655,0.3666666666666667,0.9673566878980892,1.8853897780072277,509,0.96086840685621,0.093007012259823,0.9681119154749575,0.003276069322497728,0.003276069322281098,3.3751946846252385e-10,0.0003442772600582023,0.00033235757469437935,0.9608662123664352,1.0310231953186229,0.0932209348013128,0.0966263126975873,0.0
model.enc.16x16_block1.norm1,0.0003328575478628153,0.00032349068510565304,0.9956982729374754,0.967678571626713,1.0245293011542624,0.09004761961214594,0.09317153077419495,0.0,512,512,1.0,1.0,0.967678571626713,0.09004761961214594,0.3752173913043479,0.9707712960702953,1.487209302325581,512,0.9677484000370754,0.09024035422097267,0.9703545736636985,0.002492852359610129,0.0024928523594323544,0.0,0.0003328348490038434,0.00032349457494967946,0.9677592318686572,1.0244503225989776,0.0900222847827003,0.09314649872492962,0.0
model.enc.16x16_block1.norm2,0.0003295422486983533,0.00032104596049080755,0.9946612620854216,0.9690168150230526,1.0209843740119489,0.10053331107716112,0.10404415386694144,0.0,512,512,1.0,1.0,0.9690168150230526,0.10053331107716112,0.44712599463897507,0.966728007367446,1.6751291399085784,512,0.9690163876442232,0.10054210602465254,0.966579085170344,0.00041299201022970623,0.0004129920102528507,0.0,0.0003295436174902053,0.00032104741273421484,0.9690173563299748,1.020984189110474,0.10053158523357919,0.1040424933889947,0.0
model.enc.16x16_block1.proj,0.003716200631124515,0.003586032396108396,0.9955254532933402,0.9606549487023102,1.0316617111000024,0.09118391076082749,0.09453659036590105,0.0,65740,65792,0.9992096303501945,1.0,0.9606549487023102,0.09116316024758964,0.38784929356357933,0.9614098889758034,1.5194951940714638,65740,0.9606550015074556,0.0911931968435378,0.961420869436135,0.0018334279664590602,0.0018334279665946397,4.119813093664969e-09,0.003716201483494059,0.0035860323489633806,0.9606551410573131,1.0316624180552243,0.09117940757593893,0.0945319540765865,0.0
model.enc.16x16_block1.qkv,0.006651367827745973,0.0064255411856114185,0.9953934919817341,0.9615979816869742,1.0303767507304578,0.09261875474086038,0.09596104246107406,0.0,197235,197376,0.9992856274319066,1.0,0.9615979816869742,0.092582906398336,0.3832526881720432,0.9625,1.5352112676056338,197235,0.9615977122304604,0.09260820004631969,0.9624640077475396,0.0018290358645377484,0.0018290358698282029,2.31572755041408e-08,0.006651377717515586,0.006425547618704956,0.9615978467825151,1.030377607088506,0.09261526125269244,0.09595747736027821,0.0
model.enc.16x16_block2.affine,0.005381317659195812,0.0052140598891691845,0.9935613397499459,0.9626802684964644,1.0254330208590257,0.10977411438994567,0.11364387484381513,0.0,131233,131328,0.9992766203703703,1.0,0.9626802684964645,0.1097316691102016,0.3333333333333333,0.9609323703217334,1.9310344827586208,131233,0.9626811250133969,0.10976062496149237,0.9608779523273047,0.0018188810133974418,0.0018188810067192476,2.127179796386141e-08,0.005381307163556611,0.0052140520946166065,0.9626809631044981,1.0254328266270194,0.10977191818596645,0.11364164632298404,0.0
model.enc.16x16_block2.conv0,0.01222620552061009,0.01181916322412519,0.9955226097269796,0.9623790633844272,1.0298075926468178,0.09137677800605797,0.0946376673436984,0.0,589481,590080,0.99898488340564,0.9999999999999998,0.9623790633844275,0.09133434595857343,0.4,0.9642857142857143,1.5222222222222221,589481,0.9623800851944225,0.09137100306387382,0.96423026554335,0.0022410101336548835,0.0022410101318065174,9.136796136513869e-08,0.01222621214360544,0.011819174541713797,0.9623803798953632,1.0298081448913148,0.09136716504836595,0.09462771222296576,0.0
model.enc.16x16_block2.conv1,0.011694992462919265,0.011329870032118975,0.9956622762144038,0.9645772941846842,1.0277490194441992,0.09013624310894384,0.0932781517383469,0.0,589632,590080,0.9992407809110629,1.0,0.9645772941846842,0.09010190942026602,0.4,0.9646689165408513,1.5272727272727273,589632,0.9645779862235533,0.09013333737469362,0.964649606351913,0.0018413323052991364,0.0018413323041970861,6.672962094911995e-08,0.011694992293218513,0.011329871571671889,0.964577987122571,1.0277494486269712,0.09013039353405504,0.09327214703091119,0.0
model.enc.16x16_block2.norm0,0.0003509309411582229,0.00033657419304334923,0.9945604439171624,0.9538725133197348,1.0369839394597828,0.09989976863530599,0.10418592302735116,0.0,509,512,0.994140625,1.0,0.9538725133197348,0.09961463428270724,0.39508513749351454,0.9525,1.4750162232316675,509,0.9538894107831636,0.09936061442895831,0.9527671106684029,0.003357280297838216,0.0033572802983059366,5.523555118739395e-10,0.0003509409080764997,0.0003365937954730584,0.9539010774444474,1.0369531085501948,0.09990177853191488,0.10418425193218453,0.0
model.enc.16x16_block2.norm1,0.0003081921876688615,0.00029838552553069093,0.99388496595369,0.9622595891424278,1.0265497342864707,0.10690687021915232,0.11069587236697269,0.0,512,512,1.0,1.0,0.9622595891424278,0.10690687021915234,0.44048404840484046,0.9599735530464857,1.555448275862069,512,0.9623986950621589,0.10691040859509081,0.9590213281056281,0.0036213587439316713,0.003621358743702167,0.0,0.00030815879915071246,0.0002983971649709163,0.9624219409846531,1.0264204027693522,0.10673746967322986,0.11051419670233832,0.0
model.enc.16x16_block2.norm2,0.00031722285278953585,0.0003064988469934238,0.9957559917981954,0.9620935587998959,1.0305962306190164,0.08892138262359026,0.09211430720159652,0.0,511,512,0.998046875,1.0,0.9620935587998959,0.08891944397162223,0.44631851726663285,0.9721964782205746,1.5027067348678602,511,0.9620922049444108,0.08892452662241952,0.9717979712696315,0.0006655600603162083,0.000665560060330408,2.735343202659199e-12,0.00031722236324788206,0.0003064983079706155,0.9620923783425358,1.030595410164225,0.08893189234581726,0.0921252644225256,0.0
model.enc.16x16_block2.proj,0.004030796575116733,0.0039016436513772323,0.9956432594663958,0.9637413176131563,1.028601225249924,0.09025661122825585,0.09342553457589728,0.0,65760,65792,0.9995136186770428,1.0,0.9637413176131563,0.09023572798781947,0.4035050071530758,0.964326801471409,1.5517241379310345,65760,0.9637406463602954,0.09023252650957443,0.9643955008824506,0.001232039470097306,0.0012320394703195384,4.828252759369048e-09,0.004030792291459124,0.0039016363014300354,0.9637406282285408,1.028602178591132,0.09025544882551732,0.0934244084068135,0.0
model.enc.16x16_block2.qkv,0.006934618390517561,0.006710518395184626,0.9957681572025618,0.9635887888775625,1.0290221662433403,0.08893102786814908,0.09205985727950114,0.0,197210,197376,0.9991589656290532,1.0,0.9635887888775625,0.08890107813123073,0.41509433962264153,0.9637462235649547,1.5178001519756823,197210,0.963584106937778,0.08892332576485182,0.9637785365925075,0.001703608708229889,0.0017036087081371662,2.019295562784972e-08,0.006934631345420133,0.006710497322781874,0.9635846260482525,1.0290280281619528,0.08892339672935083,0.09205216034406688,0.0
model.enc.16x16_block3.affine,0.006038275669761499,0.0059101762186592735,0.995660073495998,0.9745375683513667,1.017240396007629,0.09109026499552181,0.09460476562448385,0.0,131250,131328,0.999406067251462,1.0,0.9745375683513667,0.09107587335481085,0.43203008834076795,0.9769221014846173,1.6373682937318559,131250,0.9745357281254057,0.09109363560723616,0.9767808283743283,0.0012746359715230342,0.0012746359708791254,7.536251898552124e-09,0.006038282823170078,0.005910170551659157,0.9745359237641383,1.017243040333254,0.09108531555932188,0.09459967259029618,0.0
model.enc.16x16_block3.conv0,0.01207340763724591,0.011695864695166943,0.9956203257163451,0.9644866608672459,1.0277589864106582,0.09056540578236696,0.09372414871475614,0.0,589453,590080,0.9989374322125814,0.9999999999999998,0.9644866608672461,0.09052071658092457,0.4,0.9660377358490566,1.518796992481203,589453,0.9644873977237849,0.0905565787281907,0.9660211992598101,0.002166004850296353,0.002166004849225067,9.300345124004362e-08,0.012073396327124149,0.011695854423924304,0.9644875868024575,1.027759852665986,0.09055615151081983,0.09371461599055567,0.0
model.enc.16x16_block3.conv1,0.011714065824987232,0.011368260455199525,0.995581005779074,0.9661909320847063,1.0258650812727514,0.0911344868430627,0.09428938925236208,0.0,589656,590080,0.9992814533622559,1.0,0.9661909320847065,0.09110197899752817,0.38921867248162634,0.9661016949152542,1.532720483206138,589656,0.966193517205732,0.09113353630583305,0.966119465739685,0.0017883325981061552,0.0017883325968863285,6.409001386956729e-08,0.011714048226228081,0.011368268368578977,0.9661934561282435,1.0258632505659424,0.09113044729932125,0.09428527763766754,0.0
model.enc.16x16_block3.norm0,0.00033185374140749454,0.00032586022876224507,0.9955566023110383,0.9775761478502707,1.013867769364709,0.09246433646439055,0.09634260767262096,0.0,512,512,1.0,1.0,0.9775761478502707,0.09246433646439055,0.40217770034843214,0.9741360089186176,1.5,512,0.9776710583241045,0.09262488985935233,0.9724272733370698,0.002625786302917408,0.002625786302873106,0.0,0.0003318926000317839,0.00032592858237069156,0.9776599746262775,1.0137668340459367,0.0925442677137781,0.09643521087474693,0.0
model.enc.16x16_block3.norm1,0.0003426433603541914,0.00033416937508287355,0.9955122589040553,0.970892035092775,1.020756811063502,0.09229229018637847,0.09559227345197292,0.0,512,512,1.0,1.0,0.970892035092775,0.09229229018637847,0.3585752688172043,0.9753258845437616,1.459343251088534,512,0.9709093602608301,0.09228996383471959,0.9755314604408813,0.002050222157933428,0.0020502221578756192,0.0,0.0003426423394218672,0.00033417711034324356,0.9709217172665352,1.020734678766578,0.092249294280247,0.09554941137539516,0.0
model.enc.16x16_block3.norm2,0.00032914327619678604,0.00031956361265423364,0.9957011982520239,0.9667214707048392,1.0255496606252767,0.08992776542760893,0.09304035468895593,0.0,512,512,1.0,1.0,0.9667214707048392,0.08992776542760891,0.2830136224631638,0.959029264664696,1.3967608069213142,512,0.9667232335788738,0.08992486172571991,0.9590810620378032,0.00019755507189444266,0.00019755507182985186,0.0,0.0003291443946389151,0.0003195652051584487,0.9667230066376769,1.0255480383665374,0.08992787182598884,0.09304054970285305,0.0
model.enc.16x16_block3.proj,0.004094715051386855,0.003977586439708401,0.9960972821265842,0.9676040926645599,1.0254295150071655,0.08573741234267433,0.08871153294366983,0.0,65747,65792,0.9993160262645915,1.0000000000000002,0.9676040926645597,0.08571143522003272,0.437175925925926,0.9672223262783293,1.491535087719297,65747,0.9676055205637996,0.08573894447421869,0.9673194558690393,0.0012464303399302935,0.001246430338949609,5.887413753968964e-09,0.00409471904499354,0.003977595045727141,0.967605629947152,1.0254287070845118,0.08573314137167005,0.08870722116689155,0.0
model.enc.16x16_block3.qkv,0.007226364983394666,0.007013491761613178,0.995730582186028,0.9663984937095442,1.025952957040225,0.08958796744842763,0.09268875079628182,0.0,197272,197376,0.9994730869001297,0.9999999999999999,0.9663984937095443,0.08956560160499229,0.40578002883375075,0.9667774086378738,1.5173774954627897,197272,0.9663970119590013,0.08958755384776076,0.9668692155952685,0.0015435978300424895,0.0015435978287404522,1.6496890961767904e-08,0.007226378571604844,0.007013490158963951,0.9663967253214355,1.02595540688634,0.08958487001922794,0.09268562764288096,0.0
model.enc.16x16_down.affine,0.005236018141511434,0.005062102329341553,0.9947236039438733,0.961683580248594,1.02889876521268,0.09918359243282972,0.10273967555611749,0.0,131263,131328,0.999505056042885,1.0,0.961683580248594,0.09916735612322473,0.3662029791920246,0.9624664879356568,1.6333333333333333,131263,0.9616850299667792,0.09917566438141495,0.9624769257376804,0.0012107213598682703,0.0012107213727325964,6.961061399704485e-09,0.005236012212851659,0.005062102433052326,0.9616848527365353,1.0288977544663929,0.09918211772763512,0.10273813349399613,0.0
model.enc.16x16_down.conv0,0.011400785143187087,0.011033460836338948,0.9956960758643636,0.9636155334890123,1.0288446387970116,0.08969257700065858,0.09284642353641688,0.0,589472,590080,0.9989696312364426,0.9999999999999998,0.9636155334890125,0.08965164605256846,0.4120935520371433,0.9647390691114246,1.5104166666666667,589472,0.9636147454117177,0.08969286583814143,0.9647137996661893,0.002225755076481316,0.0022257550750188187,7.522467013391879e-08,0.011400792948272023,0.011033449498153314,0.9636146042458006,1.0288471698871744,0.08968468038524448,0.09283834123059324,0.0
model.enc.16x16_down.conv1,0.0114968923202523,0.01110937659904329,0.9957169339103041,0.9621551717387499,1.0304493927773035,0.08933797096011846,0.09254162429558951,0.0,589572,590080,0.9991390997830802,1.0,0.9621551717387499,0.08930381792624585,0.4090909090909091,0.9630649270595308,1.5148266762894946,589572,0.9621563998669694,0.08932895831431902,0.9630859310343847,0.0019451165818420344,0.0019451165799472137,6.358063321507907e-08,0.011496875816140643,0.011109367435927296,0.9621564689035412,1.0304495233833177,0.08933038337263716,0.09253375510042677,0.0
model.enc.16x16_down.norm0,0.0002516953982790604,0.0002298996232057129,0.9860976533303646,0.900705696229445,1.0795852474057706,0.15177748078872988,0.1711695624162883,0.0,507,512,0.990234375,1.0,0.900705696229445,0.15142309594572198,-0.14132791327913277,0.8898305084745762,1.744639376218323,507,0.9005788388164717,0.1520276373292574,0.8900748742205518,0.008482027014894132,0.008482027014983153,5.366699598126106e-10,0.00025169881410984737,0.00022987674417474324,0.9006341971534455,1.0797437453166296,0.15158004323649765,0.17101147308325215,0.0
model.enc.16x16_down.norm1,0.0003141033033375497,0.0003029003914143889,0.9946651732479829,0.959189117407342,1.031453327521736,0.09947695738367066,0.10320106875631031,0.0,512,512,1.0,1.0,0.959189117407342,0.09947695738367067,0.32562953995157384,0.9607832231510788,1.750568181818181,512,0.9590588564258117,0.09947395051091193,0.9606439907451267,0.0025295932812465097,0.0025295932811018555,0.0,0.00031411719487674374,0.0003028726072331109,0.9590631590055597,1.0315983461629172,0.09942060668765564,0.10315265178579008,0.0
model.enc.16x16_down.skip,0.003735080335885462,0.003608943306875511,0.9956736598460222,0.9620488630485343,1.0304736848497882,0.0897811587601302,0.09300503992092735,0.0,65774,65792,0.9997264105058365,0.9999999999999999,0.9620488630485344,0.08976966911784055,0.40509837791152736,0.9621345108656807,1.5247993827160489,65774,0.9620499070255977,0.08977373720323237,0.9621472153789479,0.0010970178232173155,0.0010970178231884836,2.2690569058628526e-09,0.003735076847879527,0.0036089432865729063,0.9620500709014089,1.0304730655863379,0.08977786821345515,0.09300161424558641,0.0
model.enc.32x32_block0.affine,0.005768144826782262,0.0056076444305504115,0.99686130064305,0.9691233296755873,1.0253931798880582,0.07696497300224742,0.07967332244642336,0.0,131284,131328,0.9996649610136452,1.0,0.9691233296755871,0.07695495335442268,0.5373251135626217,0.9706278602606897,1.4565217391304348,131284,0.969123827423322,0.07696385057602054,0.9706251388829199,0.0010833069995487886,0.00108330700286917,4.045490536436875e-09,0.0057681429410686245,0.005607644631075881,0.9691237743495105,1.025392906605907,0.07696382742885394,0.0796722507504187,0.0
model.enc.32x32_block0.conv0,0.008642172596309991,0.008372061013736113,0.9970238737376429,0.965861837409625,1.029191304906307,0.07468385957305418,0.0772719382785652,0.0,294923,295168,0.9991699642237641,1.0,0.965861837409625,0.07465184197121365,0.5185185185185185,0.9631901840490797,1.4098360655737705,294923,0.9658611530126373,0.0746732629579551,0.9632048772244612,0.0016692590089978309,0.001669259008001326,2.815463429219057e-08,0.00864216302770674,0.008372042837308951,0.9658615542812351,1.0291931930967915,0.07467415194119925,0.07726195643574209,0.0
model.enc.32x32_block0.conv1,0.011189995848908535,0.010855181765584618,0.9960325045633509,0.9662303746538272,1.0267538427387732,0.08632750655519472,0.08931591947796462,0.0,589603,590080,0.9991916350325379,1.0,0.9662303746538271,0.08629775927841686,0.4444444444444444,0.9664634146341463,1.4903775104413137,589603,0.9662324135633213,0.08632028427585337,0.966457608600555,0.001829338659840811,0.0018293386580289807,5.069475154217755e-08,0.01118997126321513,0.01085517253504458,0.966232378521895,1.0267532064997866,0.08631975890219534,0.08930796994093265,0.0
model.enc.32x32_block0.norm0,0.00016979372616688748,0.00016734230018003235,0.9979019089208407,0.9834945292897671,1.012520344721168,0.0638092065915672,0.06830631241596634,0.0,256,256,1.0,1.0,0.9834945292897671,0.0638092065915672,0.8056570555407919,0.9808283893649747,1.3043727772389266,256,0.9831912620411077,0.06375779920264132,0.9784000319385446,0.0022439714477266036,0.002243971447736423,0.0,0.00016981592537545237,0.00016731185065204998,0.9831882142708364,1.0128382402271625,0.06377098504326353,0.06818766353638513,0.0
model.enc.32x32_block0.norm1,0.00024234754965895078,0.00023324068089934394,0.9969386459860502,0.9594759630616645,1.0358640571766184,0.07524970566957982,0.07819713822698515,0.0,512,512,1.0,1.0,0.9594759630616645,0.07524970566957982,0.6440194420963652,0.9466616266114913,1.2353273809523808,512,0.9595446682132064,0.07516353059673442,0.9475417551374363,0.002180288498284879,0.0021802884982710376,0.0,0.00024231202431925663,0.00023322163110715466,0.9595500791467371,1.0358095727962497,0.07510368228550633,0.07803956120984401,0.0
model.enc.32x32_block0.skip,0.0026133017294427963,0.0025101084284073222,0.9960348458789615,0.9567037106584887,1.0369829270572022,0.08545097486723631,0.08899314531200295,0.0,33003,33024,0.9993640988372093,1.0000000000000002,0.9567037106584885,0.08543195958166647,0.42109923913170133,0.9571636893911776,1.50700469483568,33003,0.9567098644635391,0.08548932747364095,0.9571703603286013,0.0018466074520274503,0.0018466074516464974,1.7495736544611905e-09,0.002613295870459839,0.002510117906196768,0.9567092102166087,1.0369764073276817,0.08545437467212365,0.08899596685105995,0.0
model.enc.32x32_block1.affine,0.00591299181647878,0.005720294539689889,0.9950858508707865,0.9626572022973906,1.0286069103727946,0.0957890957671839,0.09918607701240154,0.0,131273,131328,0.9995812012670565,1.0,0.9626572022973904,0.09577845243988786,0.26654627539503395,0.967741935483871,1.709090909090909,131273,0.9626571921688827,0.09579389466850524,0.9677473652653207,0.0012577154431507652,0.0012577154102043952,5.6203775150152815e-09,0.005912991279239143,0.005720292812777907,0.9626571641015588,1.0286073037037948,0.0957874177478413,0.09918439444556988,0.0
model.enc.32x32_block1.conv0,0.011250564807315261,0.01087920861025386,0.9958273122323819,0.9629572608230482,1.0298193659606232,0.08824546662086408,0.09137519280701366,0.0,589499,590080,0.9990153877440348,1.0,0.9629572608230482,0.08820188449757096,0.4222222222222222,0.9629629629629629,1.5,589499,0.9629543050920146,0.08823079309808617,0.9629740466721275,0.0020036593590423857,0.0020036593579981616,7.674034595879219e-08,0.0112505666495567,0.010879166187136798,0.9629541851974216,1.0298244455569459,0.08823597320669596,0.09136555203712055,0.0
model.enc.32x32_block1.conv1,0.01118086906090561,0.010791744995213383,0.9957196350804947,0.9610659359287116,1.0316228623031503,0.08920850806231358,0.09247011399529997,0.0,589611,590080,0.9992051925162689,1.0,0.9610659359287116,0.08917451835123331,0.40384615384615385,0.9611650485436893,1.5177538549788356,589611,0.9610670285258928,0.08920411307626143,0.9612048008140891,0.0018559149252437835,0.0018559149244417369,5.975905170159376e-08,0.011180869364313237,0.010791746963806787,0.9610667264184943,1.0316233904454117,0.08920161323951763,0.09246297064068361,0.0
model.enc.32x32_block1.norm0,0.0002837196030783044,0.0002739549077940604,0.9959049071296427,0.9616291368103096,1.0314023838075004,0.08729543673678583,0.09045998981564982,0.0,512,512,1.0,1.0,0.9616291368103096,0.08729543673678583,0.3420301418439716,0.9506097560975609,1.4102990033222589,512,0.9615749774843145,0.08730231253947358,0.950373443709434,0.0037709223583271617,0.0037709223582618303,0.0,0.00028372414851716884,0.00027394560243745316,0.9616012809146441,1.0314756245755285,0.08706812483480716,0.09022684289966582,0.0
model.enc.32x32_block1.norm1,0.00028524347531205503,0.00027700474549086334,0.9947786962605807,0.966046354876077,1.0243656006143134,0.09910791277068864,0.10253936615888502,0.0,511,512,0.998046875,1.0,0.966046354876077,0.09871856029325873,0.23024956970740101,0.9534883720930233,1.4065971168437026,511,0.965976811020493,0.09819958790859036,0.9523508885955003,0.00344401768067872,0.003444017681124689,4.940948899318607e-10,0.0002852792340781176,0.00027702082769758045,0.9659799847748357,1.0244331003081588,0.09911448656872655,0.10254662107905764,0.0
model.enc.32x32_block2.affine,0.005779582252172529,0.005495024256816901,0.9960405523041598,0.9470004503573379,1.0476201795469278,0.08452304811671138,0.08975645767695253,0.0,131271,131328,0.9995659722222222,1.0,0.9470004503573379,0.08451659115879255,0.36963044152163327,0.9443929564411492,1.4764575163398694,131271,0.9470003749848624,0.08452400880629106,0.944370368606503,0.000999477995727679,0.0009994780555750283,2.8744912055157533e-09,0.005779578810724504,0.005495018876590801,0.9470003098318138,1.0476208279499921,0.0845205193851804,0.0897538246592417,0.0
model.enc.32x32_block2.conv0,0.01168687095636138,0.011268379807236368,0.9957806192881163,0.9601230530158142,1.0327624554323582,0.08847977001700255,0.09178307130274616,0.0,589520,590080,0.9990509761388287,0.9999999999999998,0.9601230530158147,0.08843859300064301,0.4057962637178521,0.9601259181532005,1.5106382978723405,589520,0.9601242341394365,0.08847359380431659,0.9600989903599106,0.0021653743847300376,0.0021653743838833898,7.844691297459883e-08,0.011686869957044535,0.011268383944263577,0.9601241486683365,1.0327626990308298,0.08847263640577266,0.09177564477056455,0.0
model.enc.32x32_block2.conv1,0.010989939423325743,0.010567204891827409,0.9952382189897614,0.9569557912139623,1.0350521117400813,0.09372315861760484,0.09747342220612683,0.0,589603,590080,0.9991916350325379,0.9999999999999999,0.9569557912139626,0.0936829102329689,0.36632181305448636,0.9568965517241379,1.5384615384615385,589603,0.9569534072011703,0.09371827050228275,0.9568839260368727,0.0018729559314781261,0.0018729559307167495,7.182477530017353e-08,0.0109899511343679,0.010567187327996884,0.956953500829154,1.035055281112023,0.09371963636080323,0.09747003451295588,0.0
model.enc.32x32_block2.norm0,0.00031159515799474946,0.0002946499252193452,0.9960518293697085,0.9418843313454891,1.0533344846850703,0.08394590173380387,0.09052213644197503,0.0,510,512,0.99609375,1.0,0.9418843313454891,0.08353691011518852,0.4593023255813954,0.9385714535989251,1.39858620689655,510,0.9418939687121595,0.08343293574284935,0.939367561011189,0.0025929977774781393,0.0025929977771956426,5.243455974787092e-10,0.00031158740063992596,0.00029464477121385243,0.9419080915901248,1.0533454587383841,0.08375796097085544,0.0903284867567964,0.0
model.enc.32x32_block2.norm1,0.0003362428474079079,0.0003182328648838886,0.9959657853557777,0.9426194419999046,1.0523311968770654,0.08492743757140801,0.0912877272968597,0.0,512,512,1.0,1.0,0.9426194419999046,0.08492743757140801,0.3145072820124835,0.939984151854053,1.4138895781637715,512,0.9425838662162025,0.08512422604924806,0.9410432029576317,0.003726146808602363,0.0037261468087158214,0.0,0.00033624391273255405,0.000318221317002233,0.9425860757593175,1.052376990064308,0.08488161651227816,0.09125131485909103,0.0
model.enc.32x32_block3.affine,0.0057541793212064025,0.005486650819903601,0.9945720848974435,0.9483315413798614,1.0430673123219747,0.09921225509758111,0.1043618470964978,0.0,131247,131328,0.9993832236842105,1.0,0.9483315413798614,0.09919453581245838,0.36585365853658536,0.9505376344086022,1.6544905430140324,131247,0.9483341596360009,0.09920301917743529,0.9505418066892244,0.0010308992746666404,0.0010308992659292307,9.177430124797717e-09,0.005754171891065138,0.005486657111098611,0.9483340394373581,1.0430649741468017,0.09921071789945998,0.1043597504781043,0.0
model.enc.32x32_block3.conv0,0.011456961842696924,0.01100363043362363,0.9951722906784484,0.9557951099739901,1.036171746224084,0.0942599680056943,0.09815478196892351,0.0,589462,590080,0.9989526843817788,1.0,0.9557951099739901,0.09421744296922298,0.36485603554035473,0.956390977443609,1.5384615384615385,589462,0.9557929447945794,0.0942494734194701,0.9563505747637508,0.0021420426817387764,0.0021420426805640667,8.294582077028292e-08,0.011456978273539233,0.011003611893010178,0.9557929434990792,1.0361758613944108,0.094251412260439,0.09814622812649554,0.0
model.enc.32x32_block3.conv1,0.010763358055902061,0.010368166084238477,0.9949816088438032,0.9584494465087992,1.032906227389964,0.09638420295959733,0.1000714354650275,0.0,589574,590080,0.999142489154013,1.0,0.958449446508799,0.09634517609772061,0.3333333333333333,0.9586865860385024,1.5692574257425724,589574,0.9584479657345741,0.09638263980484177,0.958673189893441,0.0019519343935384336,0.001951934392987118,6.870031092660228e-08,0.0107633656036039,0.01036815204688881,0.9584477638606129,1.0329086595412527,0.0963811500128858,0.10006844778872084,0.0
model.enc.32x32_block3.norm0,0.0003202442290241218,0.0002967280731628236,0.9939515065303068,0.9209637165009096,1.072723691099823,0.10175557862296918,0.11535829238056312,0.0,512,512,1.0,1.0,0.9209637165009096,0.10175557862296918,0.42838709677419357,0.9264761791612213,1.3756261343012703,512,0.9210709094197622,0.10163419224156311,0.9264891937631834,0.0034657257439567727,0.003465725743925188,0.0,0.0003202453227707367,0.0002967648997954771,0.9210732416979774,1.0725923393188275,0.1017826016923128,0.11533728601123308,0.0
model.enc.32x32_block3.norm1,0.0003010440108930576,0.00028579723420109045,0.9935426552081368,0.9432233581958342,1.0465463976699831,0.10771291629796069,0.11402368045034136,0.0,511,512,0.998046875,1.0,0.9432233581958342,0.10762480624321735,0.3147496087636933,0.9405204460966543,1.4944444444444445,511,0.9431858475164229,0.10762732375829322,0.9410622743508783,0.0031296487709795264,0.003129648771100284,1.3556798567291414e-10,0.00030104853308895026,0.00028578668822497343,0.9431874029280009,1.0466151838449922,0.10759326653634387,0.11391049894382398,0.0
model.enc.32x32_conv,0.0008943196365359672,0.0008575937684863234,0.9976734441858182,0.956703278966452,1.0403981287791697,0.06537441808025402,0.068399592612172,0.0,3583,3584,0.9997209821428571,1.0,0.956703278966452,0.0653634098268107,0.5722869662502331,0.9554065184139311,1.409371428571428,3583,0.9566882317235694,0.06534343570873968,0.9556837990326292,0.001142066684285406,0.001142066684308159,9.075212264054584e-11,0.000894330912730481,0.0008575901990599713,0.9566873041255682,1.0404156529457256,0.06537230226686186,0.06839982150621683,0.0
model.enc.8x8_block0.affine,0.006082033252505372,0.005920171598396409,0.9962631712191434,0.969749537023713,1.0235017068158228,0.08407095905717084,0.08704373073128145,0.0,131231,131328,0.999261391325536,1.0,0.969749537023713,0.08405623549582497,0.361432425934336,0.9666666666666667,1.476292662987942,131231,0.9697517907185316,0.0840650640781308,0.966633048992555,0.0011859287983036525,0.0011859288021686103,7.219381467542894e-09,0.0060820275881978796,0.005920177650170041,0.9697518548465804,1.0235001541931388,0.08406623963115371,0.08703905061934636,0.0
model.enc.8x8_block0.conv0,0.012144931615786411,0.011769980855455584,0.9958206214339602,0.9650766278922888,1.027544011959843,0.08851100887701226,0.09158703572669723,0.0,589429,590080,0.9988967597613883,1.0,0.9650766278922888,0.08846552302773071,0.42857142857142855,0.968944099378882,1.4883224419321293,589429,0.9650792499206865,0.088489949884202,0.9689006230523031,0.002065913760143625,0.0020659137593660444,9.361247102756656e-08,0.012144903248298198,0.011769974042325038,0.9650791700098809,1.027543108050318,0.08850193324482891,0.09157766822379054,0.0
model.enc.8x8_block0.conv1,0.012485306111331682,0.01212929934096071,0.9960427294703337,0.9676415070967479,1.0252775554320233,0.08634144385171837,0.0893369049764486,0.0,589599,590080,0.9991848562906724,1.0,0.9676415070967478,0.08630428106357076,0.43103448275862066,0.9690265486725663,1.496554085970713,589599,0.9676437833915528,0.08633901432556979,0.9690185607549193,0.0018811477642204518,0.0018811477632166601,7.88522483710297e-08,0.01248528165122104,0.012129299139516912,0.9676440648712136,1.0252762823385395,0.08633401140170538,0.0893293373826259,0.0
model.enc.8x8_block0.norm0,0.0003341609299217469,0.0003257442874046565,0.9952719004544687,0.9702035964029087,1.0209879240881363,0.0946815777683609,0.09803152396235165,0.0,512,512,1.0,1.0,0.9702035964029087,0.0946815777683609,0.4599025974025974,0.9747611464968153,1.575227272727272,512,0.9702182526778138,0.0944907060563977,0.9730088717827832,0.003186903626796254,0.003186903626853644,0.0,0.0003341663510128346,0.0003257557346382989,0.9702531467419023,1.021001436140304,0.09436316097096664,0.09770444899068467,0.0
model.enc.8x8_block0.norm1,0.00034682109934273855,0.00033651671927736323,0.9952881633990314,0.965717218812128,1.0257645912337505,0.0940803792833055,0.097340308906561,0.0,512,512,1.0,1.0,0.965717218812128,0.0940803792833055,0.4492156862745098,0.9723478879682814,1.7000803697006224,512,0.965629457243124,0.09456932323957452,0.9738947719861937,0.0062676642567652645,0.006267664256655973,0.0,0.0003468735567439107,0.0003365331486678997,0.9656326082298168,1.02588484014306,0.0939239134614139,0.09717932277702138,0.0
model.enc.8x8_block1.affine,0.0062775484377854554,0.0060384966266465966,0.995979290183876,0.9580519598677689,1.035408086438329,0.08617238956295191,0.08958706729671741,0.0,131262,131328,0.9994974415204678,1.0,0.9580519598677687,0.08616376386224255,0.5635799168152109,0.9575714714328576,1.4337990196078416,131262,0.9580512485190112,0.08616839603099176,0.9575189402187266,0.0010018430289912437,0.001001843075150081,4.61851648982467e-09,0.006277556724483169,0.006038499625055597,0.9580514137371753,1.035409201536229,0.08616961882860984,0.08958426258615544,0.0
model.enc.8x8_block1.conv0,0.012730661320298918,0.012353766177039018,0.9961190981497079,0.9666286859271761,1.0265092192529262,0.08540985157041668,0.08836594099906486,0.0,589502,590080,0.9990204718004339,0.9999999999999998,0.9666286859271761,0.08537462841654991,0.45833423248453464,0.9717100087102076,1.457142857142857,589502,0.9666272469889423,0.08539910544746383,0.9716700092531168,0.0019356064703247883,0.0019356064708735412,7.686526771518603e-08,0.012730668984376801,0.01235374777453475,0.9666273589146125,1.0265121042241698,0.08540180880258612,0.08835769551807188,0.0
model.enc.8x8_block1.conv1,0.012709112168018517,0.01236999271110994,0.9960907497235656,0.9695118864943981,1.0233982641228692,0.08597874662758073,0.08900733774176173,0.0,589631,590080,0.9992390862255965,1.0000000000000002,0.9695118864943979,0.08595229662926146,0.4434782608695652,0.9716262975778547,1.4878048780487805,589631,0.9695151144370442,0.08598107403956852,0.9716120699891646,0.0017753868358570191,0.0017753868351256144,5.791111756737383e-08,0.012709081099180158,0.012369997774307388,0.9695151211056467,1.0233958371060918,0.08597371807230662,0.08900236002592812,0.0
model.enc.8x8_block1.norm0,0.00036967360566216966,0.00035510835135339,0.9958695502905802,0.9566319822408665,1.036716500814471,0.08721821379285202,0.09081812982653434,0.0,512,512,1.0,1.0,0.9566319822408665,0.08721821379285202,0.6056149732620322,0.963018084695585,1.5699013157894735,512,0.9565329574953679,0.08719507986330506,0.9629251826755234,0.004522254187759898,0.004522254187992531,0.0,0.00036972903998845543,0.00035512512174297033,0.9565485430681665,1.0368390598333106,0.08704655686548313,0.090651461603944,0.0
model.enc.8x8_block1.norm1,0.0003734519239911032,0.0003606920328434789,0.9956591218079642,0.9616400119888606,1.0308816963523872,0.08989464645734091,0.09314440916578262,0.0,511,512,0.998046875,1.0,0.9616400119888606,0.08988954561613569,0.38675213675213677,0.9627906976744186,1.3547500886210564,511,0.9616267723769333,0.09020464810270484,0.962717386478864,0.00318137430802951,0.0031813743082543884,1.008356918228287e-11,0.0003734355126252952,0.0003606728145165557,0.9616323037995763,1.0308926842976116,0.08988021170147964,0.09312996536515934,0.0
model.enc.8x8_block2.affine,0.006901439794520732,0.006793491362228197,0.9969296508197276,0.9813362389932021,1.0127708416263113,0.07707767236945756,0.0811999001165238,0.0,131230,131328,0.9992537768031189,1.0,0.9813362389932021,0.07705812390537611,0.43554973176533224,0.9853821843231207,1.5797525439407947,131230,0.9813362511835828,0.07707671271380667,0.9852916661562897,0.001312454395157707,0.0013124544048406246,1.1314806514747274e-08,0.006901441560406943,0.006793492701984897,0.9813362520561056,1.0127709739265973,0.07707676861719742,0.08119921669872801,0.0
model.enc.8x8_block2.conv0,0.012951050441027713,0.01261165093335478,0.9963114344885377,0.9702017677943903,1.0231237536798345,0.08356219601667608,0.08653692105723954,0.0,589500,590080,0.999017082429501,1.0,0.9702017677943904,0.08353037358634684,0.4673913043478261,0.9741100323624595,1.4651162790697674,589500,0.9702024822335015,0.08355235495312029,0.9740801421309739,0.001818520347678629,0.0018185203466161992,7.031565800769714e-08,0.012951016834798516,0.012611619620358512,0.9702026056535993,1.0231244080564073,0.08355373861320538,0.08652832938654699,0.0
model.enc.8x8_block2.conv1,0.012702199723139166,0.012353188180012707,0.9960901650906658,0.9687211287671317,1.0242324519679815,0.08591508171901652,0.08891705749436056,0.0,589678,590080,0.9993187364425162,0.9999999999999998,0.9687211287671318,0.08588688323903972,0.4448592901560335,0.9708222811671088,1.4944690095615774,589678,0.9687211651223997,0.08591843117839287,0.9708263208775836,0.0016898765585102722,0.001689876556871406,6.162589970830638e-08,0.012702203320202395,0.012353188210073834,0.9687211360924969,1.024233034821371,0.08591190840144339,0.0889138739923104,0.0
model.enc.8x8_block2.norm0,0.0004053802666285537,0.00039679598614860757,0.9969241815318122,0.9758134430573335,1.0184916295157862,0.07671244139104759,0.07994433616376716,0.0,511,512,0.998046875,1.0,0.9758134430573335,0.07670736849385877,0.5403852127990059,0.9727810650887574,1.4093992248062017,511,0.9758611366976371,0.07689527421012833,0.9721039169824033,0.004391247360122897,0.004391247360014713,1.008356918228287e-11,0.00040536465946123233,0.00039679840338450843,0.9758590975563952,1.0184484460282357,0.07668864342451023,0.07992574460548191,0.0
model.enc.8x8_block2.norm1,0.00040553237784415896,0.000398245559748775,0.996934922680683,0.9790214740107436,1.015176139077653,0.07682951319346053,0.08052944021930593,0.0,512,512,1.0,1.0,0.9790214740107436,0.07682951319346053,0.3949561403508772,0.9783777466105656,1.3493986254295531,512,0.9791680822087572,0.07692097830415363,0.9784460044548909,0.002438136250209864,0.00243813624992421,0.0,0.00040552315140381193,0.00039829355129955384,0.9791675312805191,1.0150367366884758,0.07676656868415876,0.08048974337561028,0.0
model.enc.8x8_block3.affine,0.006721020860808736,0.006576748301850574,0.9976633759569565,0.9762476637892624,1.0195488794948748,0.066854639654099,0.0698927505384817,0.0,131251,131328,0.9994136817738791,1.0,0.9762476637892623,0.06682954565202612,0.587402568777927,0.9769911504424779,1.373999069095936,131251,0.9762479758776633,0.06683984877401881,0.977006864522594,0.0012790451043924811,0.0012790451329265922,1.194736201578886e-08,0.006721013755421519,0.006576740051371074,0.9762478871421598,1.019549515076338,0.066848551963927,0.06988673455686313,0.0
model.enc.8x8_block3.conv0,0.013530258961998779,0.01326482857624672,0.9972604449791207,0.9776966490939477,1.017215714139559,0.07251918207484516,0.07591058707270726,0.0,589721,590080,0.9993916079175705,1.0,0.9776966490939477,0.07249989587629237,0.5142857142857142,0.977332170880558,1.438287153652393,589721,0.9776968541098405,0.07251880207317978,0.9773399825864502,0.0013728402980938198,0.0013728402946874122,4.036784486091452e-08,0.013530268428768172,0.013264836432409081,0.9776968078882213,1.0172160978885425,0.07251561743870576,0.07590716319520241,0.0
model.enc.8x8_block3.conv1,0.013004051777944758,0.012702898893709486,0.9968434946145438,0.9737582056091978,1.0204760761257607,0.07755314824872163,0.08058333709021955,0.0,589707,590080,0.9993678823210412,1.0,0.9737582056091978,0.07753019493240165,0.48366013071895425,0.9735915492957746,1.4591194968553458,589707,0.9737591306762851,0.0775439235367476,0.9735887948006765,0.001365068178503372,0.0013650681733845939,4.745910565657164e-08,0.013004035026925981,0.012702890276200198,0.9737592973588273,1.0204759757832456,0.07754694238260906,0.08057719780971971,0.0
model.enc.8x8_block3.norm0,0.0003377296046802644,0.00033349109533835304,0.9964529446990653,0.9839474519724785,1.0091173761454193,0.08309571508260902,0.08783622213340969,0.0,512,512,1.0,1.0,0.9839474519724785,0.08309571508260902,0.4951590271281572,0.9901269668172612,1.4219043887147333,512,0.9838829955149282,0.08305201043632582,0.9894776698811301,0.0010204664113596328,0.001020466411243546,0.0,0.00033774448326259017,0.00033348448020318174,0.983889844441431,1.0091872406105311,0.08302815969958126,0.08775585982789427,0.0
model.enc.8x8_block3.norm1,0.00039370018474542385,0.0003853307503746871,0.9976119742366487,0.97640434399072,1.0192802369894032,0.06759944337113057,0.07067864049575426,0.0,512,512,1.0,1.0,0.97640434399072,0.06759944337113058,0.47318524970963993,0.9789929486177635,1.4342436974789914,512,0.9762926862178893,0.06767177938955034,0.9779751315266003,0.00193704418602081,0.0019370441856603271,0.0,0.0003937042273276265,0.0003852867399055515,0.9762864837038562,1.0194109814096386,0.06753779339643026,0.07059820198365378,0.0
model.enc.8x8_down.affine,0.00567698011914701,0.0055030147653896645,0.9958861634521815,0.9653682322474064,1.027368849963697,0.0878364357532316,0.09088466143011073,0.0,131262,131328,0.9994974415204678,1.0,0.9653682322474064,0.08782730225529263,0.45454545454545453,0.9651162790697675,1.393939393939394,131262,0.965368452603496,0.08783263707301106,0.9650513593433308,0.001251755236567238,0.0012517552412698322,4.076670166535347e-09,0.005676983832549375,0.0055030161075980055,0.9653682975509873,1.027369762338671,0.08783132955236832,0.09087944480947277,0.0
model.enc.8x8_down.conv0,0.011965000736775791,0.011614536000632307,0.9960055437800899,0.9668317202444636,1.0260596776756956,0.0866759956567917,0.08967634845928903,0.0,589450,590080,0.9989323481561823,0.9999999999999998,0.9668317202444637,0.08663595900109138,0.43333333333333335,0.9693633182927053,1.4962147735751554,589450,0.9668298136395301,0.08667446748269851,0.9693260096926748,0.0021861137410465734,0.0021861137400511293,7.83183170368316e-08,0.011965002779047832,0.011614505355591723,0.9668298916063534,1.0260635018306945,0.08666585327328091,0.08966592898665361,0.0
model.enc.8x8_down.conv1,0.012216229317620259,0.011886660160984072,0.9960544124207631,0.9691828791407041,1.0236709849667462,0.08635046921187624,0.08938066745415037,0.0,589543,590080,0.9990899539045554,1.0000000000000002,0.9691828791407037,0.08630820222586012,0.42857142857142855,0.9701492537313433,1.5019916797678927,589543,0.9691838531851905,0.08633960899764125,0.9701299557656401,0.0018963417149652432,0.0018963417141602216,8.586488673542363e-08,0.01221622179710965,0.011886656420133415,0.9691838807384161,1.0236714268159646,0.08634252630775568,0.08937258838995196,0.0
model.enc.8x8_down.norm0,0.00032453970038984783,0.0003150856473313297,0.995722465174509,0.9667164205950313,1.0255988276716537,0.08970313885243836,0.09280794420576743,0.0,511,512,0.998046875,1.0,0.9667164205950313,0.08969637014415993,0.4409722222222222,0.9753086419753086,1.387674418604651,511,0.9663702942294367,0.08974864521860161,0.972862410619945,0.0034002638758369357,0.003400263876088807,1.008356918228287e-11,0.000324582914835772,0.0003150095473074615,0.966368267345693,1.0259980595971796,0.08951846766479166,0.092616981164873,0.0
model.enc.8x8_down.norm1,0.0003407953879091401,0.0003291160669208202,0.9957217622378444,0.9615976088929878,1.031056877247678,0.08923553476359669,0.09246592635939975,0.0,511,512,0.998046875,1.0,0.9615976088929878,0.08917998462173261,0.5066371681415929,0.965,1.5916666666666668,511,0.9615551300995748,0.08912973247173321,0.9652318526778292,0.0026260868503284913,0.0026260868501183326,9.075212264054584e-11,0.0003408021425902877,0.0003291056368891002,0.9615601697283764,1.0311229580364216,0.08910052768270109,0.09232864951330165,0.0
model.enc.8x8_down.skip,0.004089372467487176,0.003967492319962488,0.9957483089553036,0.9660709069192148,1.0263373916820164,0.08937028856461474,0.09246472502105184,0.0,65773,65792,0.9997112110894941,1.0,0.9660709069192148,0.08935485465347956,0.38311688311688313,0.9657853810264385,1.5142857142857142,65773,0.9660718124688575,0.08937028009398537,0.9658124412785396,0.0008377097162717919,0.0008377097161816815,3.6368598036661796e-09,0.004089370824693029,0.003967494275555284,0.9660716637554864,1.0263363593545118,0.08937152987757903,0.092466080188331,0.0
model.map_layer0,0.005060603176731934,0.0048165694171503366,0.9995022332231316,0.9513039692681304,1.05014248493738,0.030026826879196934,0.03484009232504998,0.0,66039,66048,0.9998637354651163,0.9999999999999999,0.9513039692681305,0.030022573300925053,0.6928323848156445,0.9517483585280195,1.2773722627737227,66039,0.9513037562982609,0.03003136752859416,0.951746750411981,0.0005186677341722483,0.0005186670306377973,5.157262575128099e-10,0.005060602247373986,0.004816566877617343,0.9513035814214656,1.0501427784600235,0.030028748300576953,0.0348416865731441,0.0
model.map_layer1,0.00693263030530149,0.006686273250941552,0.996345760995384,0.9609397468285634,1.0330563167251052,0.08237632918681628,0.08542464785120876,0.0,262608,262656,0.9998172514619883,1.0000000000000002,0.9609397468285633,0.08237317819022048,0.4306253642696567,0.956802682515709,1.4341563480515878,262608,0.9609396891090545,0.08237696852502722,0.9567837860948099,0.0006799503023861409,0.0006799505011651653,1.967069545602872e-09,0.006932630516679173,0.006686273094953362,0.9609396871895707,1.0330563638082475,0.08237641715760223,0.08542475793391983,0.0
