arm,k,next_k,space,block,coordinate_count,b_norm,R_norm,delta_norm,cos_b_R,cos_b_delta,cos_R_delta,R_over_b_diagnostic,closure_l2,closure_relative,closure_max_abs,closure_pass
B,0,1,state,theta,55732739,0.0017402857558004362,0.0,0.0017402857558004362,,0.9999999999999999,,0.0,0.0,0.0,0.0,True
B,0,1,state,EMA,55732771,1.420134842651573e-05,0.0,1.420134842651573e-05,,0.9999999999999999,,0.0,0.0,0.0,0.0,True
B,0,1,state,m,55732739,5.793186261713652,0.0,5.793186261713652,,1.0,,0.0,0.0,0.0,0.0,True
B,0,1,state,v,55732739,0.34325523413825704,0.0,0.34325523413825704,,1.0,,0.0,0.0,0.0,0.0,True
B,0,1,state,net_buffer,32,0.0,0.0,0.0,,,,,0.0,0.0,0.0,True
B,0,1,state,scaler,1,0.0,0.0,0.0,,,,,0.0,0.0,0.0,True
B,0,1,observable,residual,393216,0.1686073553794147,0.0,0.1686073553794147,,0.9999999999999999,,0.0,0.0,0.0,0.0,True
B,0,1,observable,feature,49152,0.03683943670608457,0.0,0.03683943670608457,,0.9999999999999999,,0.0,0.0,0.0,0.0,True
C,0,1,state,theta,55732739,0.001686035969038221,0.0,0.001686035969038221,,0.9999999999999999,,0.0,0.0,0.0,0.0,True
C,0,1,state,EMA,55732771,1.3772990281233456e-05,0.0,1.3772990281233456e-05,,0.9999999999999999,,0.0,0.0,0.0,0.0,True
C,0,1,state,m,55732739,5.603700672395438,0.0,5.603700672395438,,1.0,,0.0,0.0,0.0,0.0,True
C,0,1,state,v,55732739,0.3464789521208402,0.0,0.3464789521208402,,1.0,,0.0,0.0,0.0,0.0,True
C,0,1,state,net_buffer,32,0.0,0.0,0.0,,,,,0.0,0.0,0.0,True
C,0,1,state,scaler,1,0.0,0.0,0.0,,,,,0.0,0.0,0.0,True
C,0,1,observable,residual,393216,0.1649967391496615,0.0,0.1649967391496615,,0.9999999999999999,,0.0,0.0,0.0,0.0,True
C,0,1,observable,feature,49152,0.036790777035365464,0.0,0.036790777035365464,,1.0,,0.0,0.0,0.0,0.0,True
D,0,1,state,theta,55732739,0.0007561632664733321,0.0,0.0007561632664733321,,1.0,,0.0,0.0,0.0,0.0,True
D,0,1,state,EMA,55732771,9.642786655341546e-06,0.0,9.642786655341546e-06,,1.0,,0.0,0.0,0.0,0.0,True
D,0,1,state,m,55732739,2.0156382907960735,0.0,2.0156382907960735,,1.0,,0.0,0.0,0.0,0.0,True
D,0,1,state,v,55732739,0.2384841656458956,0.0,0.2384841656458956,,1.0,,0.0,0.0,0.0,0.0,True
D,0,1,state,net_buffer,32,0.0,0.0,0.0,,,,,0.0,0.0,0.0,True
D,0,1,state,scaler,1,0.0,0.0,0.0,,,,,0.0,0.0,0.0,True
D,0,1,observable,residual,393216,0.16090471273316662,0.0,0.16090471273316662,,1.0,,0.0,0.0,0.0,0.0,True
D,0,1,observable,feature,49152,0.038124967776847575,0.0,0.038124967776847575,,1.0,,0.0,0.0,0.0,0.0,True
B,1,2,state,theta,55732739,0.0010969332034286398,0.0034581535862938623,0.00359314863161161,-0.033133074499894895,0.27339641182092683,0.9523148546205541,3.1525653298531315,0.0,0.0,0.0,True
B,1,2,state,EMA,55732771,1.1825839990539849e-05,2.4858834652407462e-05,2.5251517651290488e-05,-0.20439213133891773,0.26710829370637246,0.8887278112062756,2.102077710529944,0.0,0.0,0.0,True
B,1,2,state,m,55732739,4.798421161749341,5.571633416740478,8.135172552325496,0.2265395190562509,0.7449892767920445,0.8185032826438432,1.1611388890068268,0.0,0.0,0.0,True
B,1,2,state,v,55732739,1.7187333706857386,0.3427013649619251,1.7967924356935772,0.13325225919310088,0.9819715770978306,0.31819282973310264,0.19939181423189242,0.0,0.0,0.0,True
B,1,2,state,net_buffer,32,0.0,0.0,0.0,,,,,0.0,0.0,0.0,True
B,1,2,state,scaler,1,0.0,0.0,0.0,,,,,0.0,0.0,0.0,True
B,1,2,observable,residual,393216,0.17022398475168787,0.17600952240121692,0.17564545355372008,-0.485701254257763,0.48242603065265793,0.531363138722079,1.0339877935413664,0.0,0.0,0.0,True
B,1,2,observable,feature,49152,0.03444407336708549,0.03694067008154791,0.03762502033390442,-0.44615553552308246,0.4774160589113212,0.5733752670804427,1.0724826209680574,0.0,0.0,0.0,True
C,1,2,state,theta,55732739,0.0009253484603491439,0.003394653937718167,0.0034046668711646844,-0.12545828712221677,0.14669893145213245,0.9629609676819977,3.668514168637972,0.0,0.0,0.0,True
C,1,2,state,EMA,55732771,1.0715983043521258e-05,2.4341876480109444e-05,2.4399330354485075e-05,-0.21474631330216784,0.22495104295155727,0.9033304729223115,2.271548618661376,0.0,0.0,0.0,True
C,1,2,state,m,55732739,2.2139075590405164,5.327067885746588,5.369950825013684,-0.1883501885714686,0.22543098767092454,0.9143618143857011,2.4061835210749636,0.0,0.0,0.0,True
C,1,2,state,v,55732739,0.35700114362622404,0.66556828962723,0.9305068239562597,0.6216356106144445,0.8283035372887162,0.9537736754707467,1.8643309734718165,0.0,0.0,0.0,True
C,1,2,state,net_buffer,32,0.0,0.0,0.0,,,,,0.0,0.0,0.0,True
C,1,2,state,scaler,1,0.0,0.0,0.0,,,,,0.0,0.0,0.0,True
C,1,2,observable,residual,393216,0.16681254195167647,0.17042045783105703,0.17075607789598152,-0.48740072266409573,0.49046270375857653,0.521890086914864,1.0216285648379229,0.0,0.0,0.0,True
C,1,2,observable,feature,49152,0.0348754319484896,0.036598467100107356,0.036319829461851874,-0.4844193797150106,0.4720954220158146,0.5425171946091593,1.0494054139361673,0.0,0.0,0.0,True
D,1,2,state,theta,55732739,0.0006568881791544234,0.001756767216653774,0.0018931086147523052,0.02865126330517109,0.3735769695058921,0.9379218281509435,2.6743778810499608,0.0,0.0,0.0,True
D,1,2,state,EMA,55732771,9.152927410309459e-06,1.785667978598291e-05,1.843036711123187e-05,-0.19260375971980148,0.3100135614734737,0.8732214316288343,1.95092553294697,0.0,0.0,0.0,True
D,1,2,state,m,55732739,4.944673250846384,2.960850090136713,6.027503841007536,0.10636212228616325,0.8725992863615214,0.5784776124714208,0.5987959041843466,0.0,0.0,0.0,True
D,1,2,state,v,55732739,1.945246547407887,0.286198752912746,1.9988457991302053,0.11629635413976305,0.9898364445080957,0.2563598625277777,0.14712723859816967,0.0,0.0,0.0,True
D,1,2,state,net_buffer,32,0.0,0.0,0.0,,,,,0.0,0.0,0.0,True
D,1,2,state,scaler,1,0.0,0.0,0.0,,,,,0.0,0.0,0.0,True
D,1,2,observable,residual,393216,0.1683830598762997,0.17404538596730196,0.18571283023057272,-0.4121195840161698,0.5204570286905772,0.5635121130068448,1.0336276469566594,0.0,0.0,0.0,True
D,1,2,observable,feature,49152,0.036698932059598524,0.03684032425179319,0.037079677080310104,-0.4915377609338467,0.501366868015878,0.5070543985006444,1.0038527604009035,0.0,0.0,0.0,True
B,2,3,state,theta,55732739,0.0012200110482335994,0.005576371186548675,0.005666337974845815,-0.035053659097179724,0.1808114585132675,0.976575234257832,4.570754662117576,0.0,0.0,0.0,True
B,2,3,state,EMA,55732771,1.2260615998712235e-05,3.677276301564714e-05,3.698308691820965e-05,-0.14950435308529403,0.18286542353416094,0.9447493560936062,2.9992590110896122,0.0,0.0,0.0,True
B,2,3,state,m,55732739,3.5746593293152404,8.362564137593662,7.44032921672432,-0.45749637935495463,-0.033759727350886365,0.9041495666459545,2.3394017071818674,0.0,0.0,0.0,True
B,2,3,state,v,55732739,0.554919346710638,1.7833426266041077,2.147767128327283,0.5682317913786326,0.7301868537717876,0.9771382629785521,3.213696976281545,0.0,0.0,0.0,True
B,2,3,state,net_buffer,32,0.0,0.0,0.0,,,,,0.0,0.0,0.0,True
B,2,3,state,scaler,1,0.0,0.0,0.0,,,,,0.0,0.0,0.0,True
B,2,3,observable,residual,393216,0.160456956339304,0.17937989626030126,0.18003523162885546,-0.4431629267194271,0.4497032929913775,0.6013896330007585,1.1179315646557735,0.0,0.0,0.0,True
B,2,3,observable,feature,49152,0.035991434649768984,0.036920288028832744,0.03599018612831825,-0.5129376276235932,0.4738411086921671,0.5128877872150424,1.0258076230664988,0.0,0.0,0.0,True
C,2,3,state,theta,55732739,0.0009152742681085546,0.005201571671114146,0.005198724966188659,-0.09108991910056308,0.08491765351353771,0.9845105185146227,5.6830743006283475,0.0,0.0,0.0,True
C,2,3,state,EMA,55732771,1.0633735290725574e-05,3.540155758312656e-05,3.5435713415714425e-05,-0.14697381776237836,0.15325310808023695,0.9549314420002022,3.3291742379559457,0.0,0.0,0.0,True
C,2,3,state,m,55732739,2.0313154524412833,5.974773011797768,6.155694695089729,-0.07957624347007171,0.252752213623774,0.9443497195250425,2.941331935725268,0.0,0.0,0.0,True
C,2,3,state,v,55732739,0.19532192979760066,0.7249850103602956,0.6718423122550593,-0.3968131596212326,-0.13747520981744302,0.96373611254211,3.7117440479497112,0.0,0.0,0.0,True
C,2,3,state,net_buffer,32,0.0,0.0,0.0,,,,,0.0,0.0,0.0,True
C,2,3,state,scaler,1,0.0,0.0,0.0,,,,,0.0,0.0,0.0,True
C,2,3,observable,residual,393216,0.15673012964940314,0.15895070882121554,0.16480543690484076,-0.4549714400462422,0.5121924273007061,0.5317966305116362,1.0141681703242365,0.0,0.0,0.0,True
C,2,3,observable,feature,49152,0.037128392609103486,0.041437966218478374,0.03670718165392501,-0.5681432890851449,0.3701098688759013,0.5542163197081743,1.1160721837529326,0.0,0.0,0.0,True
D,2,3,state,theta,55732739,0.0008425109905818873,0.0032858365716171324,0.0034216724797974363,0.036356596048899445,0.2811411171521071,0.9692533177707325,3.9000518786677687,0.0,0.0,0.0,True
D,2,3,state,EMA,55732771,1.0155583789205527e-05,2.7823006093217698e-05,2.81197460112616e-05,-0.15312815083980963,0.20964265868494808,0.9341442954839612,2.7396756967128817,0.0,0.0,0.0,True
D,2,3,state,m,55732739,3.1433752460815203,6.057856285134494,5.381414557067092,-0.4626273819819269,0.06333744573150894,0.8554711360059246,1.9271820291535724,0.0,0.0,0.0,True
D,2,3,state,v,55732739,0.49982586931142625,1.98841452800973,2.329962280045364,0.6163366743088164,0.740509269797572,0.985627776768101,3.9782145144848626,0.0,0.0,0.0,True
D,2,3,state,net_buffer,32,0.0,0.0,0.0,,,,,0.0,0.0,0.0,True
D,2,3,state,scaler,1,0.0,0.0,0.0,,,,,0.0,0.0,0.0,True
D,2,3,observable,residual,393216,0.167285461034138,0.17689992241086824,0.17915904010237196,-0.4592343421019278,0.4802824434576864,0.5585913706193899,1.0574733830262046,0.0,0.0,0.0,True
D,2,3,observable,feature,49152,0.03553219850878656,0.036097281148992195,0.0365144373999622,-0.4803647115426604,0.4982231620579605,0.5211326865976058,1.0159033964663318,0.0,0.0,0.0,True
B,3,4,state,theta,55732739,0.0012423399604091954,0.008066909270871232,0.00799513876175639,-0.13451566452126248,0.01966373616393398,0.9880747940639908,6.493318679223838,0.0,0.0,0.0,True
B,3,4,state,EMA,55732771,1.2431792470589354e-05,4.9631679817162585e-05,4.9552411768411166e-05,-0.13161164141962747,0.11905950513593647,0.9685807308155382,3.9923188819777407,0.0,0.0,0.0,True
B,3,4,state,m,55732739,3.6114326514280375,9.518012183090038,10.318493880259465,0.041257088215055526,0.38805257493616624,0.9368624424022676,2.6355225479080753,0.0,0.0,0.0,True
B,3,4,state,v,55732739,0.4730257790299687,2.5151865651328715,2.925713534611806,0.8446673997421057,0.8878250875001262,0.9962479188188317,5.317229370227455,0.0,0.0,0.0,True
B,3,4,state,net_buffer,32,0.0,0.0,0.0,,,,,0.0,0.0,0.0,True
B,3,4,state,scaler,1,0.0,0.0,0.0,,,,,0.0,0.0,0.0,True
B,3,4,observable,residual,393216,0.16649708320306122,0.17853744626773735,0.1802370018630771,-0.45602426135439383,0.47204333885530375,0.5693100518857493,1.0723157597301065,0.0,0.0,0.0,True
B,3,4,observable,feature,49152,0.03715553341005988,0.03692730301450697,0.0360168853093718,-0.5272910986828713,0.49099457324655693,0.4813164945181299,0.9938574318652866,0.0,0.0,0.0,True
C,3,4,state,theta,55732739,0.0011148167299270414,0.007135379814929502,0.007177782843553691,-0.0399700572305575,0.11558098210056815,0.9878845154532572,6.400495815483926,0.0,0.0,0.0,True
C,3,4,state,EMA,55732771,1.1551892935660837e-05,4.710063836674825e-05,4.7132923799830824e-05,-0.11983412236011715,0.12533975824350438,0.9699446529003443,4.077309115404627,0.0,0.0,0.0,True
C,3,4,state,m,55732739,2.33290605988827,6.900482515804952,7.293574427416569,0.004258814181458357,0.3238869989186117,0.9474665677285103,2.957891290374306,0.0,0.0,0.0,True
C,3,4,state,v,55732739,0.12379837572249762,0.7704591902375634,0.788540270467913,0.0674257770571437,0.22287661378510976,0.9876558256903331,6.223499991345601,0.0,0.0,0.0,True
C,3,4,state,net_buffer,32,0.0,0.0,0.0,,,,,0.0,0.0,0.0,True
C,3,4,state,scaler,1,0.0,0.0,0.0,,,,,0.0,0.0,0.0,True
C,3,4,observable,residual,393216,0.18136644419301834,0.18071056531661314,0.18688408108039334,-0.46719438742962793,0.5187144981394125,0.5135653072573843,0.9963836812298796,0.0,0.0,0.0,True
C,3,4,observable,feature,49152,0.03592966686175984,0.03749676505935406,0.03845417687199966,-0.45211653304567456,0.49349020018978484,0.5526673660203609,1.0436157174410678,0.0,0.0,0.0,True
D,3,4,state,theta,55732739,0.0007118971807706678,0.005259225331580318,0.005337047918609557,0.04244517239384763,0.17521407356434418,0.991080089744231,7.387619270927464,0.0,0.0,0.0,True
D,3,4,state,EMA,55732771,9.438986006382755e-06,3.877363666840793e-05,3.892071426036635e-05,-0.10610764168963767,0.13681164287340628,0.9704880509295578,4.1078180052591176,0.0,0.0,0.0,True
D,3,4,state,m,55732739,2.739348444036363,5.085232060232312,5.941504723968925,0.06955608125669546,0.5205848353446855,0.8879518991061061,1.8563655424351007,0.0,0.0,0.0,True
D,3,4,state,v,55732739,0.46268005604451407,1.9563461114054126,2.369935690910248,0.8701379783694337,0.9135147062079975,0.9953610172003516,4.228291420491213,0.0,0.0,0.0,True
D,3,4,state,net_buffer,32,0.0,0.0,0.0,,,,,0.0,0.0,0.0,True
D,3,4,state,scaler,1,0.0,0.0,0.0,,,,,0.0,0.0,0.0,True
D,3,4,observable,residual,393216,0.1666489759599342,0.16724924946224926,0.17845542056655306,-0.4287085138576754,0.5320533188497457,0.5368590897289822,1.0036020233479226,0.0,0.0,0.0,True
D,3,4,observable,feature,49152,0.03729657631044302,0.037440168950937984,0.03718856191694115,-0.5048058202268693,0.4946833156608756,0.5004936785794838,1.0038500220315063,0.0,0.0,0.0,True
B,4,5,state,theta,55732739,0.0011599049605432782,0.010026501899390004,0.010438002931570694,0.30420952465574236,0.4033398308964727,0.9943814064938996,8.644244347997075,0.0,0.0,0.0,True
B,4,5,state,EMA,55732771,1.2070866681311299e-05,6.271553239473728e-05,6.322572550078136e-05,-0.053796660336691136,0.1375544593336362,0.9816599111883063,5.195611388189425,0.0,0.0,0.0,True
B,4,5,state,m,55732739,3.034234600074537,8.433452304734338,9.421862388618134,0.16494918666557984,0.4696869383137391,0.9482145318702221,2.7794331738643967,0.0,0.0,0.0,True
B,4,5,state,v,55732739,0.25613392410687286,2.930128125763052,2.9708349131830962,0.11632474860578836,0.2009469927359158,0.9963269338728731,11.43982834753449,0.0,0.0,0.0,True
B,4,5,state,net_buffer,32,0.0,0.0,0.0,,,,,0.0,0.0,0.0,True
B,4,5,state,scaler,1,0.0,0.0,0.0,,,,,0.0,0.0,0.0,True
B,4,5,observable,residual,393216,0.16012493901844732,0.1798580184901441,0.1937629164140596,-0.35494808325931426,0.4969200602389667,0.6349098195892197,1.1232355159206238,0.0,0.0,0.0,True
B,4,5,observable,feature,49152,0.03784669531164412,0.03750462857272122,0.03859086336794513,-0.47544378390800923,0.5186552215255833,0.5055769900588913,0.9909617805172635,0.0,0.0,0.0,True
C,4,5,state,theta,55732739,0.0010226648121795198,0.008599986114724727,0.00881083119258334,0.1492422234516308,0.2617398757492283,0.9933921889807402,8.409388894877782,0.0,0.0,0.0,True
C,4,5,state,EMA,55732771,1.1196011987892178e-05,5.891297124275902e-05,5.917353860632595e-05,-0.07169692251433131,0.1178251870315848,0.9820310396745701,5.261960357533549,0.0,0.0,0.0,True
C,4,5,state,m,55732739,2.7646918034975774,6.8859414677024535,6.382842721695424,-0.37607419542899284,0.0274277330483458,0.9159260970384815,2.490672363187511,0.0,0.0,0.0,True
C,4,5,state,v,55732739,0.21732592517295043,0.7217005381036172,0.7405801883377857,-0.0625563598974798,0.23249199652449137,0.9561495574203389,3.320821193004377,0.0,0.0,0.0,True
C,4,5,state,net_buffer,32,0.0,0.0,0.0,,,,,0.0,0.0,0.0,True
C,4,5,state,scaler,1,0.0,0.0,0.0,,,,,0.0,0.0,0.0,True
C,4,5,observable,residual,393216,0.16822498906335426,0.17730386897600306,0.1761153665697027,-0.481438679102803,0.47051004235303373,0.5468793230552047,1.0539686758976674,0.0,0.0,0.0,True
C,4,5,observable,feature,49152,0.035617198172079804,0.03783844332538225,0.0368456691019435,-0.49815609202710337,0.45508054339645304,0.5453970456995749,1.0623643988662665,0.0,0.0,0.0,True
D,4,5,state,theta,55732739,0.0007411256551212532,0.007478765409607173,0.007805923588304922,0.4015407501527547,0.4796555699726551,0.9962123601584818,10.09108962552861,0.0,0.0,0.0,True
D,4,5,state,EMA,55732771,9.541920566313124e-06,5.0774826849393016e-05,5.1259389476112574e-05,-0.04293828023780002,0.1436173332782038,0.9825539029016435,5.321237637279112,0.0,0.0,0.0,True
D,4,5,state,m,55732739,1.8337492951126735,6.072871456817626,6.753128525078528,0.24076333860371485,0.48805144011811474,0.9646449101448739,3.3117239488533694,0.0,0.0,0.0,True
D,4,5,state,v,55732739,0.22550065773851982,2.3945084981247384,2.470714492144746,0.29623183857767094,0.3783643620499317,0.9961931985231174,10.618631990427719,0.0,0.0,0.0,True
D,4,5,state,net_buffer,32,0.0,0.0,0.0,,,,,0.0,0.0,0.0,True
D,4,5,state,scaler,1,0.0,0.0,0.0,,,,,0.0,0.0,0.0,True
D,4,5,observable,residual,393216,0.16090993375584886,0.1912584730186194,0.17980945141250887,-0.48968304228045145,0.3740287415253134,0.6254599312797058,1.1886057532583343,0.0,0.0,0.0,True
D,4,5,observable,feature,49152,0.03693028367962252,0.037830286744137985,0.03731331894662456,-0.5020075596647342,0.48077185992063787,0.5170005161963603,1.0243703263241402,0.0,0.0,0.0,True
B,5,6,state,theta,55732739,0.0010134547159428569,0.012860012672115805,0.013100938402277527,0.20055069406786688,0.27421998888512444,0.997124123302001,12.689281987455777,0.0,0.0,0.0,True
B,5,6,state,EMA,55732771,1.1365036308999546e-05,7.786397621328372e-05,7.812859231408865e-05,-0.049657154390633146,0.09597680693596401,0.9893896531487025,6.851185873610114,0.0,0.0,0.0,True
B,5,6,state,m,55732739,4.590510248274553,7.869536373486507,10.507284063524638,0.37924552524195676,0.7209281349824966,0.9146480465950371,1.7143053708342009,0.0,0.0,0.0,True
B,5,6,state,v,55732739,1.4936962001707805,2.4144754254911915,3.8596299617146275,0.9477245570043257,0.9798747265170804,0.9923459070142531,1.616443440918665,0.0,0.0,0.0,True
B,5,6,state,net_buffer,32,0.0,0.0,0.0,,,,,0.0,0.0,0.0,True
B,5,6,state,scaler,1,0.0,0.0,0.0,,,,,0.0,0.0,0.0,True
B,5,6,observable,residual,393216,0.16175027980389176,0.19616794773779014,0.20267220331530852,-0.37139664358442454,0.4386105296192693,0.671500257526946,1.212782741245498,0.0,0.0,0.0,True
B,5,6,observable,feature,49152,0.03801286779027067,0.03912638104253965,0.037543503423904716,-0.5265685792896054,0.46373255887652276,0.5090094826719208,1.0292930609290674,0.0,0.0,0.0,True
C,5,6,state,theta,55732739,0.0007911710898307348,0.010583535359848588,0.010653638480016856,0.05152278493942422,0.12544674841199321,0.9972460317372637,13.377050167635495,0.0,0.0,0.0,True
C,5,6,state,EMA,55732771,9.935421864468653e-06,7.185520575493572e-05,7.193971690504389e-05,-0.060623970267255224,0.07755485074535715,0.9904526192295289,7.232224935702671,0.0,0.0,0.0,True
C,5,6,state,m,55732739,1.7050688447417064,6.04498118265114,6.47223671527098,0.11840326978524386,0.3740305691919548,0.9651789920381435,3.5453003562251286,0.0,0.0,0.0,True
C,5,6,state,v,55732739,0.1720755570334756,0.766212149638936,0.8688656711535344,0.5242331884745837,0.660343036139213,0.9856758023643908,4.452765766667703,0.0,0.0,0.0,True
C,5,6,state,net_buffer,32,0.0,0.0,0.0,,,,,0.0,0.0,0.0,True
C,5,6,state,scaler,1,0.0,0.0,0.0,,,,,0.0,0.0,0.0,True
C,5,6,observable,residual,393216,0.16668934380829875,0.1750323044461434,0.1715029276652496,-0.49712727725854766,0.46457522300852516,0.5374047316008874,1.0500509537516656,0.0,0.0,0.0,True
C,5,6,observable,feature,49152,0.03610089875062201,0.036726074872657645,0.036772485124154514,-0.4902022785286495,0.49215311680808127,0.5174883335712053,1.0173174669792637,0.0,0.0,0.0,True
D,5,6,state,theta,55732739,0.0006496810567174035,0.010358331151019874,0.010502687035566515,0.19238296643338415,0.2515972838095145,0.9981558704401851,15.94371737319334,0.0,0.0,0.0,True
D,5,6,state,EMA,55732771,9.080428078411836e-06,6.477633949465003e-05,6.498314391679523e-05,-0.04727952481756543,0.092606069281424,0.9902109576654669,7.133621778102272,0.0,0.0,0.0,True
D,5,6,state,m,55732739,4.571909532992367,6.925483924550233,7.5271920623460655,-0.19275155672470284,0.43004239810170314,0.8029875144407547,1.5147902368963595,0.0,0.0,0.0,True
D,5,6,state,v,55732739,1.5959265599372061,1.7292912932889029,3.1594447550389506,0.8052442062674431,0.9458713750384877,0.9540922988126458,1.0835657082848125,0.0,0.0,0.0,True
D,5,6,state,net_buffer,32,0.0,0.0,0.0,,,,,0.0,0.0,0.0,True
D,5,6,state,scaler,1,0.0,0.0,0.0,,,,,0.0,0.0,0.0,True
D,5,6,observable,residual,393216,0.1597681815489796,0.16962446423290306,0.17991189362903862,-0.4046044653452669,0.5065666535446798,0.583516422624925,1.0616911489407035,0.0,0.0,0.0,True
D,5,6,observable,feature,49152,0.035188605362988984,0.03645445818990866,0.03724092492606851,-0.46004675793574823,0.49455941540068454,0.544187729403008,1.0359733730240723,0.0,0.0,0.0,True
B,6,7,state,theta,55732739,0.0010218182437139877,0.01569028435900491,0.015898745068549682,0.1728026790813832,0.23480730085316767,0.9979943209756951,15.355259563555713,0.0,0.0,0.0,True
B,6,7,state,EMA,55732771,1.1464188126759026e-05,9.43183406445424e-05,9.452172619005857e-05,-0.0430138326921623,0.07836499713915897,0.9926312791394477,8.227215010925208,0.0,0.0,0.0,True
B,6,7,state,m,55732739,3.3791701523741358,8.479574722777,8.411922747554694,-0.2191939452063613,0.18075519246280622,0.9199895574176773,2.5093660101192077,0.0,0.0,0.0,True
B,6,7,state,v,55732739,0.6628575367523973,4.403894649409812,4.970827331532428,0.8350801112957382,0.873187113779338,0.997305571957158,6.64380263515784,0.0,0.0,0.0,True
B,6,7,state,net_buffer,32,0.0,0.0,0.0,,,,,0.0,0.0,0.0,True
B,6,7,state,scaler,1,0.0,0.0,0.0,,,,,0.0,0.0,0.0,True
B,6,7,observable,residual,393216,0.16873552913419768,0.18068100781355415,0.19775512672490025,-0.3609734428829293,0.5234477881535883,0.605657941257454,1.0707940926291586,0.0,0.0,0.0,True
B,6,7,observable,feature,49152,0.03518811209935188,0.03815737136719376,0.03751825894103178,-0.4791025608045551,0.45062906011528286,0.5676877699466828,1.0843824544908325,0.0,0.0,0.0,True
C,6,7,state,theta,55732739,0.0008363784579343383,0.012519405735148256,0.012588564002008728,0.049512872813912256,0.11568040656361812,0.9977958751574807,14.968589418321818,0.0,0.0,0.0,True
C,6,7,state,EMA,55732771,1.0162009420910976e-05,8.553650613052074e-05,8.559626606119747e-05,-0.05351881870089538,0.06523878802156115,0.9929480724068065,8.417282703409736,0.0,0.0,0.0,True
C,6,7,state,m,55732739,2.4444318396802562,6.405961804487745,6.600204392676665,-0.11012547130702773,0.2634724886271287,0.9297844780192227,2.620634251485481,0.0,0.0,0.0,True
C,6,7,state,v,55732739,0.30314405460346616,0.8033645721344645,1.030877613967324,0.6681122683005727,0.8147250166120733,0.9757694031265512,2.650108289886543,0.0,0.0,0.0,True
C,6,7,state,net_buffer,32,0.0,0.0,0.0,,,,,0.0,0.0,0.0,True
C,6,7,state,scaler,1,0.0,0.0,0.0,,,,,0.0,0.0,0.0,True
C,6,7,observable,residual,393216,0.15505472420028438,0.18928979323441067,0.20240940244238895,-0.32202468354996117,0.4648931190907433,0.6884973872720791,1.220793459926476,0.0,0.0,0.0,True
C,6,7,observable,feature,49152,0.03482202954123647,0.03842952232337909,0.038309709364857836,-0.45649888237908326,0.4510343679637051,0.5881878283395023,1.1035980047593321,0.0,0.0,0.0,True
D,6,7,state,theta,55732739,0.0008179830410114568,0.013362001246432874,0.013565663603489563,0.22027006931438586,0.2772611861593426,0.998268777952812,16.3353035166969,0.0,0.0,0.0,True
D,6,7,state,EMA,55732771,1.0079149477611361e-05,8.018762807740195e-05,8.040843275517732e-05,-0.04091004920235654,0.08455169979801443,0.9921259107144869,7.95579312079073,0.0,0.0,0.0,True
D,6,7,state,m,55732739,3.784687110136299,8.220618137448474,8.128243299270288,-0.2544651906852154,0.20826467490116932,0.8928801394189694,2.1720733836706576,0.0,0.0,0.0,True
D,6,7,state,v,55732739,0.8232633844247762,3.107241579353948,3.8191712316901745,0.8313577030281086,0.8919455033395726,0.9927986218985196,3.7742982842908948,0.0,0.0,0.0,True
D,6,7,state,net_buffer,32,0.0,0.0,0.0,,,,,0.0,0.0,0.0,True
D,6,7,state,scaler,1,0.0,0.0,0.0,,,,,0.0,0.0,0.0,True
D,6,7,observable,residual,393216,0.17062130857022392,0.17449364015552424,0.17728963232552752,-0.47238567858424063,0.49745160390872767,0.5296112146774882,1.0226954746611063,0.0,0.0,0.0,True
D,6,7,observable,feature,49152,0.03369886035910066,0.03735066537911206,0.03774027229422523,-0.4394928661801579,0.4579593184478246,0.5972467945424699,1.10836583139896,0.0,0.0,0.0,True
B,7,8,state,theta,55732739,0.001552328230607387,0.018509164041219925,0.01892247404871874,0.22729034316991437,0.30436202277230623,0.9968037587951752,11.923486074834672,0.0,0.0,0.0,True
B,7,8,state,EMA,55732771,1.3640496184978667e-05,0.00011226325046820379,0.00011257096757345879,-0.03816227500628884,0.08311445969766322,0.9926422461337743,8.230144193129245,0.0,0.0,0.0,True
B,7,8,state,m,55732739,4.417337045531848,7.5369054778844635,9.110140900832365,0.10027402296314415,0.5678389538431433,0.8759304297362707,1.706210189577467,0.0,0.0,0.0,True
B,7,8,state,v,55732739,0.317517049440055,4.833384638838244,5.089885545641802,0.7964225414020966,0.818669396337485,0.9992881625102324,15.222441274766108,0.0,0.0,0.0,True
B,7,8,state,net_buffer,32,0.0,0.0,0.0,,,,,0.0,0.0,0.0,True
B,7,8,state,scaler,1,0.0,0.0,0.0,,,,,0.0,0.0,0.0,True
B,7,8,observable,residual,393216,0.1634306963258218,0.19061709011138028,0.18227441222255267,-0.47861857447967887,0.396094084215708,0.6166313847302999,1.1663481487673444,0.0,0.0,0.0,True
B,7,8,observable,feature,49152,0.03749691384054063,0.038620304437620004,0.04109904756430697,-0.41722930537046266,0.5202892114075982,0.5590273858888285,1.0299595481872643,0.0,0.0,0.0,True
C,7,8,state,theta,55732739,0.0015033027564176542,0.01499560680561375,0.014597763998191994,-0.3112599940078187,-0.21676126072686128,0.9951995936130063,9.975107636566857,0.0,0.0,0.0,True
C,7,8,state,EMA,55732771,1.326316270354187e-05,0.00010056145887540655,0.00010024679521201001,-0.08963307102785346,0.042390684994076236,0.9912799771861511,7.582012007479336,0.0,0.0,0.0,True
C,7,8,state,m,55732739,3.8778987288708047,8.466938747525658,6.5218609300537675,-0.6729696834971881,-0.27907592323140984,0.8980918989444077,2.1833831514189965,0.0,0.0,0.0,True
C,7,8,state,v,55732739,0.24731747223442666,1.2039095151062418,1.0549522627119512,-0.6677458212553765,-0.5275955086503531,0.9846552713465196,4.867870855339663,0.0,0.0,0.0,True
C,7,8,state,net_buffer,32,0.0,0.0,0.0,,,,,0.0,0.0,0.0,True
C,7,8,state,scaler,1,0.0,0.0,0.0,,,,,0.0,0.0,0.0,True
C,7,8,observable,residual,393216,0.16565913234664945,0.1739993774437876,0.1745880663739979,-0.47247406534389097,0.4779761919105908,0.5483177384962543,1.0503458214406545,0.0,0.0,0.0,True
C,7,8,observable,feature,49152,0.03695577916674063,0.03793854485620042,0.03811553239612515,-0.4822475840396178,0.4895643952688508,0.5277824648405853,1.0265930176989546,0.0,0.0,0.0,True
D,7,8,state,theta,55732739,0.0006829303998236343,0.01638606906035316,0.01652837834884575,0.18844648656108134,0.22814262011722164,0.9991763587574812,23.993761391475378,0.0,0.0,0.0,True
D,7,8,state,EMA,55732771,9.20103059523923e-06,9.727608253203528e-05,9.740635117748504e-05,-0.03312585642315626,0.061378718939816675,0.995533549315485,10.572302909455336,0.0,0.0,0.0,True
D,7,8,state,m,55732739,2.0194313259165177,7.922741955540873,8.245883954809258,0.03583436991362712,0.279331822337641,0.9695876207457343,3.923253964551204,0.0,0.0,0.0,True
D,7,8,state,v,55732739,0.1877207006730874,3.8195931050660197,3.9608408138169406,0.7417745023345556,0.7627162052980088,0.9994947336877904,20.347213127644242,0.0,0.0,0.0,True
D,7,8,state,net_buffer,32,0.0,0.0,0.0,,,,,0.0,0.0,0.0,True
D,7,8,state,scaler,1,0.0,0.0,0.0,,,,,0.0,0.0,0.0,True
D,7,8,observable,residual,393216,0.16581261311955872,0.16934340298920314,0.1748031123095734,-0.45611728435479826,0.5066966992433369,0.5361083274957504,1.0212938557762101,0.0,0.0,0.0,True
D,7,8,observable,feature,49152,0.033879345296519287,0.037408729013164665,0.03767578409423637,-0.44491606597759115,0.4574715872574762,0.5928281128821349,1.1041750861994368,0.0,0.0,0.0,True
B,8,9,state,theta,55732739,0.0011739635999467929,0.021984111881442593,0.022394439097005343,0.3260845455100826,0.372531890399765,0.9987713097653613,18.72639993475008,0.0,0.0,0.0,True
B,8,9,state,EMA,55732771,1.2138856196471569e-05,0.00013255281337954343,0.00013291019980859775,-0.016307539411867498,0.07506757180787364,0.9958216803097659,10.919711975669742,0.0,0.0,0.0,True
B,8,9,state,m,55732739,3.1668712147150173,9.097470069336897,9.674458173408658,0.013920368407768243,0.340433675005327,0.9449163890616921,2.8726997255414335,0.0,0.0,0.0,True
B,8,9,state,v,55732739,0.26164658570268545,5.047499712183469,5.211332453049964,0.6104040231755368,0.6414215072846727,0.9992089139695896,19.291288279676042,0.0,0.0,0.0,True
B,8,9,state,net_buffer,32,0.0,0.0,0.0,,,,,0.0,0.0,0.0,True
B,8,9,state,scaler,1,0.0,0.0,0.0,,,,,0.0,0.0,0.0,True
B,8,9,observable,residual,393216,0.17504122623798635,0.18013060856880844,0.18009203281971253,-0.48609343473570965,0.4857567469701254,0.5277535946389288,1.029075335223615,0.0,0.0,0.0,True
B,8,9,observable,feature,49152,0.03701749260519411,0.037735120028791265,0.0363780726808967,-0.526491691667584,0.47144513609602584,0.5015581195254403,1.0193861705127067,0.0,0.0,0.0,True
C,8,9,state,theta,55732739,0.0009739777932046885,0.01652799208153067,0.016714691411327955,0.1633056139032068,0.21975228834778557,0.9983461681900297,16.969577948125963,0.0,0.0,0.0,True
C,8,9,state,EMA,55732771,1.0955753142929328e-05,0.00011594785839218046,0.00011614728889414144,-0.02902538801398424,0.06535082855548818,0.995545091987541,10.583285044808754,0.0,0.0,0.0,True
C,8,9,state,m,55732739,2.4520029224608946,6.343936309635719,6.535646803008784,-0.1138890161345291,0.2646254165601738,0.927938778216365,2.587246634791437,0.0,0.0,0.0,True
C,8,9,state,v,55732739,0.1503169854028271,1.0850629639485552,1.061440896833822,-0.22470425873237132,-0.08808901547706362,0.9904330050826334,7.218498701532288,0.0,0.0,0.0,True
C,8,9,state,net_buffer,32,0.0,0.0,0.0,,,,,0.0,0.0,0.0,True
C,8,9,state,scaler,1,0.0,0.0,0.0,,,,,0.0,0.0,0.0,True
C,8,9,observable,residual,393216,0.1602428614500739,0.17710280000579554,0.17402415613826003,-0.471446074387105,0.44102177150281,0.583579511489863,1.1052149119352477,0.0,0.0,0.0,True
C,8,9,observable,feature,49152,0.03604037510837754,0.03672735791927176,0.036548515133424206,-0.4955977408714045,0.4880739868716987,0.5161859344088304,1.0190614778239233,0.0,0.0,0.0,True
D,8,9,state,theta,55732739,0.0006927073425195012,0.019222662317747517,0.019494400578121896,0.3770391133149807,0.40731710967649065,0.9994582804369027,27.75004845167547,0.0,0.0,0.0,True
D,8,9,state,EMA,55732771,9.302683592532884e-06,0.00011586348249667636,0.0001161121255014264,-0.013388246187205678,0.06675852957893837,0.9967859547719337,12.454845028769777,0.0,0.0,0.0,True
D,8,9,state,m,55732739,1.9884898215407059,7.980992649015798,8.380497157767046,0.0813603408916757,0.3147577112025923,0.9716341054073675,4.0135949214122855,0.0,0.0,0.0,True
D,8,9,state,v,55732739,0.22622331326233924,3.877776664265016,4.023779069111209,0.6283712392195462,0.6617924581508847,0.999043143004361,17.141366238271665,0.0,0.0,0.0,True
D,8,9,state,net_buffer,32,0.0,0.0,0.0,,,,,0.0,0.0,0.0,True
D,8,9,state,scaler,1,0.0,0.0,0.0,,,,,0.0,0.0,0.0,True
D,8,9,observable,residual,393216,0.159028043111698,0.17725517897535728,0.17915126743041054,-0.43659828855753585,0.45569722449666206,0.6018590271041144,1.1146158596119864,0.0,0.0,0.0,True
D,8,9,observable,feature,49152,0.03741599657832831,0.037744813977098286,0.03840356391601416,-0.4778844626892686,0.5045973460680713,0.5172512269882589,1.0087881502255758,0.0,0.0,0.0,True
B,9,10,state,theta,55732739,0.0010264047725971023,0.025676518521939636,0.025842084050504484,0.14183910871169694,0.18064871491961823,0.9992267964765082,25.0159773292661,0.0,0.0,0.0,True
B,9,10,state,EMA,55732771,1.1485524863367142e-05,0.00015539398145311003,0.00015552009715919432,-0.025971284460493314,0.047902127787214865,0.9972710309005628,13.529549872704218,0.0,0.0,0.0,True
B,9,10,state,m,55732739,5.77683578431738,8.72562087699004,9.7740366280051,-0.13863792572989253,0.4672720165729722,0.8107942141186262,1.5104498730391216,0.0,0.0,0.0,True
B,9,10,state,v,55732739,1.552981820572488,4.158406686482964,5.6498648882031555,0.9458816195732496,0.9710572519145785,0.9960138441263795,2.6776917999915915,0.0,0.0,0.0,True
B,9,10,state,net_buffer,32,0.0,0.0,0.0,,,,,0.0,0.0,0.0,True
B,9,10,state,scaler,1,0.0,0.0,0.0,,,,,0.0,0.0,0.0,True
B,9,10,observable,residual,393216,0.16024603053202097,0.18348925749927097,0.19022033826819443,-0.39388813892201385,0.46247309401489056,0.6327937793573961,1.1450471309029115,0.0,0.0,0.0,True
B,9,10,observable,feature,49152,0.03737223650279531,0.0380973589130372,0.03752644187201578,-0.505645335221988,0.4825526690193371,0.5116462126643528,1.0194027031319801,0.0,0.0,0.0,True
C,9,10,state,theta,55732739,0.0008349802048000512,0.01871106514278717,0.01870180171987611,-0.03340390763802279,0.011226592822777048,0.9990039366790074,22.40899249493923,0.0,0.0,0.0,True
C,9,10,state,EMA,55732771,1.0283891804861183e-05,0.0001332565695040482,0.00013324719112548324,-0.039498726101198645,0.0376775451882325,0.9970219091018885,12.957795748206722,0.0,0.0,0.0,True
C,9,10,state,m,55732739,2.4683597604666354,7.512031911471551,6.5155024554576135,-0.5412366800656966,-0.24517333279611214,0.9479031144153042,3.043329433490451,0.0,0.0,0.0,True
C,9,10,state,v,55732739,0.5008041829801886,1.6319861080513371,1.208259270055541,-0.8896875630951554,-0.7872098183475387,0.9819306868246045,3.2587309841137992,0.0,0.0,0.0,True
C,9,10,state,net_buffer,32,0.0,0.0,0.0,,,,,0.0,0.0,0.0,True
C,9,10,state,scaler,1,0.0,0.0,0.0,,,,,0.0,0.0,0.0,True
C,9,10,observable,residual,393216,0.1576385031555445,0.1887359692750703,0.18174083480926878,-0.46116868403645156,0.3884618701609243,0.6384807703955472,1.197270752367151,0.0,0.0,0.0,True
C,9,10,observable,feature,49152,0.03596714599938536,0.03933523998418007,0.03693532270979381,-0.521877067065458,0.4180005802421679,0.5567789804054625,1.0936436264598886,0.0,0.0,0.0,True
D,9,10,state,theta,55732739,0.0006287072510781766,0.022411881361357956,0.022561842505923566,0.225294799570862,0.25166329252145586,0.9996313833658301,35.64756303179832,0.0,0.0,0.0,True
D,9,10,state,EMA,55732771,8.968097145394816e-06,0.00013655016086371106,0.00013668853252109072,-0.017400965948792396,0.048226375134184166,0.9978460138169477,15.226213392863453,0.0,0.0,0.0,True
D,9,10,state,m,55732739,3.9989626038262003,7.912272795156231,9.01338767883628,0.04180342810962041,0.48036574982440244,0.8963825177351604,1.978581341967485,0.0,0.0,0.0,True
D,9,10,state,v,55732739,1.153300502462471,3.5218978063154114,4.595001299724581,0.9084837891510067,0.9473093221556698,0.9944834220386785,3.0537555466208737,0.0,0.0,0.0,True
D,9,10,state,net_buffer,32,0.0,0.0,0.0,,,,,0.0,0.0,0.0,True
D,9,10,state,scaler,1,0.0,0.0,0.0,,,,,0.0,0.0,0.0,True
D,9,10,observable,residual,393216,0.16504194492433735,0.17296532222006736,0.17002459930058833,-0.4947620386341406,0.4673751316963157,0.5370330732421416,1.0480082641983068,0.0,0.0,0.0,True
D,9,10,observable,feature,49152,0.03544560582168007,0.037729964725572905,0.03663308417043001,-0.5002231622158932,0.4523835197511669,0.5459341507187999,1.0644468856135512,0.0,0.0,0.0,True
B,10,11,state,theta,55732739,0.0014393058413090729,0.028830185634576597,0.029084623104726436,0.15259618481327786,0.20074807762096136,0.9988033233278873,20.030618098760065,0.0,0.0,0.0,True
B,10,11,state,EMA,55732771,1.3115876602694335e-05,0.00018006533191225317,0.00018024758388038832,-0.02251721645082918,0.050271445273567625,0.9973503944393659,13.728806496644163,0.0,0.0,0.0,True
B,10,11,state,m,55732739,4.206855477049135,9.34319276079587,9.683212510006383,-0.1428335781854268,0.29663025781787666,0.9028318371682853,2.220944553899811,0.0,0.0,0.0,True
B,10,11,state,v,55732739,0.935361656464724,5.646405939207286,6.347998608913034,0.7138485768141568,0.782300187229118,0.9946619266134848,6.036601885679534,0.0,0.0,0.0,True
B,10,11,state,net_buffer,32,0.0,0.0,0.0,,,,,0.0,0.0,0.0,True
B,10,11,state,scaler,1,0.0,0.0,0.0,,,,,0.0,0.0,0.0,True
B,10,11,observable,residual,393216,0.154507883453691,0.18015638724187907,0.1789225414716425,-0.43677430552474517,0.4237599237449296,0.6297211789055225,1.1660012629444596,0.0,0.0,0.0,True
B,10,11,observable,feature,49152,0.03689342702895486,0.03782560983433416,0.037823342260645966,-0.4877393489187911,0.48764566041778185,0.5243120404111558,1.025266907426293,0.0,0.0,0.0,True
C,10,11,state,theta,55732739,0.0011465473211653492,0.02096984604912475,0.020778499766029638,-0.19346571136626803,-0.14006780541143055,0.9985335173206757,18.2895600225301,0.0,0.0,0.0,True
C,10,11,state,EMA,55732771,1.1657776374143472e-05,0.00015173328468983554,0.0001516007214674238,-0.04978161604579715,0.027072748827441314,0.9970463219392408,13.015628351421675,0.0,0.0,0.0,True
C,10,11,state,m,55732739,3.062565722791514,8.217688715044368,6.820875819393364,-0.6036697657790103,-0.27829336720470566,0.9337379174058068,2.683269343050697,0.0,0.0,0.0,True
C,10,11,state,v,55732739,0.6206453282901467,1.3380369464156228,1.734586436878976,0.5016859809966502,0.7447998432911588,0.950892945846857,2.155880154776741,0.0,0.0,0.0,True
C,10,11,state,net_buffer,32,0.0,0.0,0.0,,,,,0.0,0.0,0.0,True
C,10,11,state,scaler,1,0.0,0.0,0.0,,,,,0.0,0.0,0.0,True
C,10,11,observable,residual,393216,0.16442972478006454,0.17922775749747386,0.17579454290700156,-0.4793967861486518,0.44659243995234843,0.571125099962388,1.089996092477821,0.0,0.0,0.0,True
C,10,11,observable,feature,49152,0.037746708863834015,0.03664298997510652,0.03830703205555792,-0.46997502134750296,0.5358133420067186,0.49345978157776726,0.970759864317999,0.0,0.0,0.0,True
D,10,11,state,theta,55732739,0.0008006238914411045,0.025532037785068764,0.02576387155081792,0.2752022232451014,0.3038012916044631,0.9995536272249009,31.89017722055694,0.0,0.0,0.0,True
D,10,11,state,EMA,55732771,9.946190877684714e-06,0.00015908389439601514,0.00015925301288099278,-0.014248455485877887,0.04822195166631955,0.9980481603623745,15.99445419380961,0.0,0.0,0.0,True
D,10,11,state,m,55732739,4.336925561565078,9.229476719252496,9.117839937694999,-0.26053501754086406,0.21192779165085082,0.8883195797846275,2.1281150871129615,0.0,0.0,0.0,True
D,10,11,state,v,55732739,1.2264978027275462,4.347797715133031,5.4822213928212005,0.9045469445090253,0.9410938690017836,0.9954400167390778,3.5448883034801892,0.0,0.0,0.0,True
D,10,11,state,net_buffer,32,0.0,0.0,0.0,,,,,0.0,0.0,0.0,True
D,10,11,state,scaler,1,0.0,0.0,0.0,,,,,0.0,0.0,0.0,True
D,10,11,observable,residual,393216,0.16440978846946577,0.17877737025601012,0.18237373783027508,-0.4377226822372188,0.47240836023149413,0.5856735620591667,1.0873888466148882,0.0,0.0,0.0,True
D,10,11,observable,feature,49152,0.03606724921169813,0.03730250264483701,0.03725976915416283,-0.48462690333979536,0.48281171023026526,0.532030761258013,1.0342486177941799,0.0,0.0,0.0,True
B,11,12,state,theta,55732739,0.0011632306049344735,0.032432094395089935,0.03265701530441081,0.17609598971380266,0.2105027756471307,0.9993851041042071,27.881053212932684,0.0,0.0,0.0,True
B,11,12,state,EMA,55732771,1.187570924393327e-05,0.0002072227398586713,0.000207356691282511,-0.017371362930377013,0.03991174710222244,0.9983591140605728,17.44929381498048,0.0,0.0,0.0,True
B,11,12,state,m,55732739,2.277751342985976,10.206798730116285,11.025787750566028,0.2624057043865082,0.4494983637825814,0.9799294091376978,4.481085594152639,0.0,0.0,0.0,True
B,11,12,state,v,55732739,0.17657270106084866,6.358255024922974,6.4117430948361385,0.29031262316396295,0.31542973044576916,0.9996527019476438,36.00927542435825,0.0,0.0,0.0,True
B,11,12,state,net_buffer,32,0.0,0.0,0.0,,,,,0.0,0.0,0.0,True
B,11,12,state,scaler,1,0.0,0.0,0.0,,,,,0.0,0.0,0.0,True
B,11,12,observable,residual,393216,0.15617822536730613,0.18342579024542302,0.1866279387677011,-0.40504378115629,0.43874861537553783,0.6438841477960259,1.1744645568486578,0.0,0.0,0.0,True
B,11,12,observable,feature,49152,0.038141177953717506,0.03962449410003726,0.039683076087786685,-0.4797457777009013,0.4821071373944845,0.53741864599973,1.0388901503807693,0.0,0.0,0.0,True
C,11,12,state,theta,55732739,0.0010907288427368356,0.022599890160826926,0.022618678887405194,-0.00689828035119443,0.04132993218369587,0.9988366747654196,20.71998949264028,0.0,0.0,0.0,True
C,11,12,state,EMA,55732771,1.1269693520206635e-05,0.00017116418661047842,0.00017116840740301649,-0.03254618067281552,0.03329442076684338,0.9978325072973281,15.188007225181403,0.0,0.0,0.0,True
C,11,12,state,m,55732739,1.8122931450541826,6.444069972508286,6.443511825875616,-0.140925086629626,0.1403213108572535,0.9604502282731919,3.5557547574984762,0.0,0.0,0.0,True
C,11,12,state,v,55732739,0.08741111908450097,1.6583657514635846,1.670151440256116,0.10895505601014989,0.16052343874841524,0.9986457483062596,18.972022882585797,0.0,0.0,0.0,True
C,11,12,state,net_buffer,32,0.0,0.0,0.0,,,,,0.0,0.0,0.0,True
C,11,12,state,scaler,1,0.0,0.0,0.0,,,,,0.0,0.0,0.0,True
C,11,12,observable,residual,393216,0.1614343674316571,0.16955651699444302,0.16475520903334176,-0.5053692970956823,0.45974697895502986,0.5339591064499651,1.0503123943928756,0.0,0.0,0.0,True
C,11,12,observable,feature,49152,0.03576034174469453,0.03862585540327151,0.03847488109116572,-0.46712037912157145,0.4604931067322122,0.5697605915410161,1.0801310479367023,0.0,0.0,0.0,True
D,11,12,state,theta,55732739,0.0006669691129201069,0.02883817298109236,0.02900969851639706,0.246372445659531,0.26790696615587195,0.9997517132495836,43.237643876541476,0.0,0.0,0.0,True
D,11,12,state,EMA,55732771,9.156419033347888e-06,0.0001837633038452468,0.00018387378296339784,-0.012844239132921454,0.03696078421498884,0.9987595493487947,20.06934186563291,0.0,0.0,0.0,True
D,11,12,state,m,55732739,1.6424988469329034,10.028408407540084,10.509037649002968,0.2177406327215834,0.36407623291216623,0.988296692104922,6.105580181238172,0.0,0.0,0.0,True
D,11,12,state,v,55732739,0.1533198403083652,5.432307275854159,5.4967368308535764,0.40860993142167523,0.4317133267935806,0.9996758903290703,35.43120880460354,0.0,0.0,0.0,True
D,11,12,state,net_buffer,32,0.0,0.0,0.0,,,,,0.0,0.0,0.0,True
D,11,12,state,scaler,1,0.0,0.0,0.0,,,,,0.0,0.0,0.0,True
D,11,12,observable,residual,393216,0.15767511179404792,0.16895405958933815,0.16897936585839182,-0.46646075009722676,0.46671186168448464,0.5645944295362884,1.0715328352519107,0.0,0.0,0.0,True
D,11,12,observable,feature,49152,0.038814097773623386,0.03797863868799106,0.03757953108504642,-0.5212275797605933,0.5060889079387055,0.4722693427091866,0.978475370199122,0.0,0.0,0.0,True
B,12,13,state,theta,55732739,0.0011509739703179198,0.03566076623110361,0.03601432449486244,0.2925667632148914,0.3216533721732674,0.9995329209986785,30.983121383060872,0.0,0.0,0.0,True
B,12,13,state,EMA,55732771,1.2092425391124109e-05,0.00023637945471616706,0.00023665959738194652,-0.0023979020351325006,0.048701217880445555,0.9986937393595929,19.54772901800747,0.0,0.0,0.0,True
B,12,13,state,m,55732739,3.9316684562129747,10.25961462784966,11.818275453476344,0.23494231193126086,0.5366337974918526,0.9462742638487046,2.6094811254079726,0.0,0.0,0.0,True
B,12,13,state,v,55732739,0.46170194194567643,6.666509051400995,7.08459966774996,0.899309363058137,0.911407313552992,0.9995938038633018,14.438988545959749,0.0,0.0,0.0,True
B,12,13,state,net_buffer,32,0.0,0.0,0.0,,,,,0.0,0.0,0.0,True
B,12,13,state,scaler,1,0.0,0.0,0.0,,,,,0.0,0.0,0.0,True
B,12,13,observable,residual,393216,0.1777124386527746,0.21564325831206999,0.20602970352785197,-0.4649422259591827,0.37592046580603644,0.6456216711792357,1.213439306482125,0.0,0.0,0.0,True
B,12,13,observable,feature,49152,0.03574794417311202,0.0386633653374187,0.03747980128786722,-0.49489919944023764,0.44326477326698394,0.559547694061551,1.0815549322273903,0.0,0.0,0.0,True
C,12,13,state,theta,55732739,0.0010352622894281448,0.024493633900442027,0.024629981909823906,0.11093711363405692,0.15235558639431027,0.9991271207905386,23.659351017191742,0.0,0.0,0.0,True
C,12,13,state,EMA,55732771,1.1307522440526847e-05,0.00019189785735620996,0.0001920459265156889,-0.01636254657101593,0.042529331190945346,0.9982655762188857,16.97081375389859,0.0,0.0,0.0,True
C,12,13,state,m,55732739,3.0421601482448026,7.261339130988157,6.711930522428879,-0.38324248594710275,0.03863366694774575,0.9081521468013973,2.386902325039542,0.0,0.0,0.0,True
C,12,13,state,v,55732739,0.22894847719278463,1.7597231156248059,1.6389356445911873,-0.5745209376207477,-0.47716900888073305,0.9934419494838044,7.686109718664091,0.0,0.0,0.0,True
C,12,13,state,net_buffer,32,0.0,0.0,0.0,,,,,0.0,0.0,0.0,True
C,12,13,state,scaler,1,0.0,0.0,0.0,,,,,0.0,0.0,0.0,True
C,12,13,observable,residual,393216,0.17084288694765346,0.1923001633274374,0.20762163147147716,-0.35095458888774583,0.49780103090185474,0.6374194597951085,1.1255965452419363,0.0,0.0,0.0,True
C,12,13,observable,feature,49152,0.03639616177784097,0.03687310596321844,0.03656613555727834,-0.5019316629413705,0.4892062590504937,0.5087964498802602,1.0131042440213531,0.0,0.0,0.0,True
D,12,13,state,theta,55732739,0.0006651159182770936,0.03213390959573433,0.032403442959700414,0.39659311246821416,0.4138203201832092,0.999822458008812,48.313246928405405,0.0,0.0,0.0,True
D,12,13,state,EMA,55732771,9.175426424344841e-06,0.0002104212517979173,0.00021061965630786737,-0.00016885933468007466,0.04339526040439318,0.9990506400501428,22.933130523461436,0.0,0.0,0.0,True
D,12,13,state,m,55732739,2.3765249867961735,10.518001818678988,11.691534424854558,0.40837541413377865,0.5706537818659366,0.9826354503082321,4.425790545908988,0.0,0.0,0.0,True
D,12,13,state,v,55732739,0.36985044910019454,5.703398932989898,6.013870973497989,0.8298775986687373,0.8485339114103954,0.9994111217287708,15.42082467890911,0.0,0.0,0.0,True
D,12,13,state,net_buffer,32,0.0,0.0,0.0,,,,,0.0,0.0,0.0,True
D,12,13,state,scaler,1,0.0,0.0,0.0,,,,,0.0,0.0,0.0,True
D,12,13,observable,residual,393216,0.1745736547227404,0.19445251290135135,0.1994254617105912,-0.42003455174413934,0.46582256765945457,0.6073725243235386,1.1138708942662783,0.0,0.0,0.0,True
D,12,13,observable,feature,49152,0.035934662376320245,0.04125307453424771,0.03798340999873916,-0.5229225163408313,0.3781256299671969,0.5913642419495708,1.1480022854321326,0.0,0.0,0.0,True
B,13,14,state,theta,55732739,0.0010330315895277786,0.03918657260161253,0.03934641127572913,0.14186239231646172,0.16754088395201638,0.9996622222699141,37.93356660034527,0.0,0.0,0.0,True
B,13,14,state,EMA,55732771,1.151737476961313e-05,0.00026814761819162473,0.00026824902535318377,-0.012669433992921678,0.030270738951927383,0.9990779993304777,23.282008578820594,0.0,0.0,0.0,True
B,13,14,state,m,55732739,3.4442384839781908,11.374296935925836,11.018801805959676,-0.2530059464943582,0.0514097387331179,0.9531784220543844,3.3024127071445437,0.0,0.0,0.0,True
B,13,14,state,v,55732739,0.6243618371649706,6.66701296450017,7.2506225264759925,0.928816674104414,0.940166809149308,0.9994908193152997,10.67812375396447,0.0,0.0,0.0,True
B,13,14,state,net_buffer,32,0.0,0.0,0.0,,,,,0.0,0.0,0.0,True
B,13,14,state,scaler,1,0.0,0.0,0.0,,,,,0.0,0.0,0.0,True
B,13,14,observable,residual,393216,0.1685404415299805,0.1831051713119282,0.20793860338632286,-0.302892772816885,0.5438105605822183,0.63506961908265,1.086416824648919,0.0,0.0,0.0,True
B,13,14,observable,feature,49152,0.03822327759885009,0.03868535645652062,0.03917684549663327,-0.48108767785177187,0.5006076687823154,0.5180766429586681,1.0120889386441425,0.0,0.0,0.0,True
C,13,14,state,theta,55732739,0.0009114807097701791,0.026566933333662217,0.026550010502729912,-0.035714814854276626,-0.0014068693300003257,0.9994112795601816,29.147005579921494,0.0,0.0,0.0,True
C,13,14,state,EMA,55732771,1.0623930879483724e-05,0.00021422092872741674,0.0002142035319735097,-0.026434108718356632,0.0231611099688562,0.9987701538459699,20.163998726790187,0.0,0.0,0.0,True
C,13,14,state,m,55732739,2.089365547950168,6.5621518350980965,6.88292764672399,-0.001917917375558428,0.3017291463049226,0.9528132418668118,3.1407389872662943,0.0,0.0,0.0,True
C,13,14,state,v,55732739,0.24488190733452272,1.9574314526509091,2.119107767894158,0.6249355958422758,0.6928154012555435,0.9959223902139044,7.993369024102485,0.0,0.0,0.0,True
C,13,14,state,net_buffer,32,0.0,0.0,0.0,,,,,0.0,0.0,0.0,True
C,13,14,state,scaler,1,0.0,0.0,0.0,,,,,0.0,0.0,0.0,True
C,13,14,observable,residual,393216,0.17414552327268967,0.17545078531505487,0.2040119219931042,-0.3189238220541196,0.5793293209678723,0.5877677552754353,1.0074952374188875,0.0,0.0,0.0,True
C,13,14,observable,feature,49152,0.03686133970831875,0.03633843657807482,0.038394587449284444,-0.4498360871780602,0.5343200942311936,0.5145745030244274,0.985814321064247,0.0,0.0,0.0,True
D,13,14,state,theta,55732739,0.0006115921037133118,0.0356404266042208,0.03580293136531172,0.25773347098967775,0.2736458325159458,0.9998637819534602,58.27483119521685,0.0,0.0,0.0,True
D,13,14,state,EMA,55732771,8.818601005860585e-06,0.00023953763916670953,0.00023964983058437445,-0.00568243500557462,0.031118085590640145,0.9993227512645215,27.162770943772124,0.0,0.0,0.0,True
D,13,14,state,m,55732739,3.3738372600671536,10.624491802099003,10.303323419035587,-0.2525313952664235,0.06704822251916435,0.948479589930909,3.149082478829323,0.0,0.0,0.0,True
D,13,14,state,v,55732739,0.7541443441925957,5.989728885956639,6.685105628394927,0.9126446880844952,0.9305221100179897,0.9989363051150987,7.942417034724806,0.0,0.0,0.0,True
D,13,14,state,net_buffer,32,0.0,0.0,0.0,,,,,0.0,0.0,0.0,True
D,13,14,state,scaler,1,0.0,0.0,0.0,,,,,0.0,0.0,0.0,True
D,13,14,observable,residual,393216,0.1782202765266823,0.1904359138502827,0.1971264263500299,-0.4297270267827426,0.4889492457190847,0.5775473457014558,1.0685423542240522,0.0,0.0,0.0,True
D,13,14,observable,feature,49152,0.03502622953078323,0.037430499550551694,0.03670166275767233,-0.48848927082268945,0.4561600440106878,0.553668708732912,1.0686419877896205,0.0,0.0,0.0,True
B,14,15,state,theta,55732739,0.0011498633781806852,0.04269583969691235,0.04289067637926042,0.15636419367826532,0.18246305692649467,0.999649359169679,37.13122837642307,0.0,0.0,0.0,True
B,14,15,state,EMA,55732771,1.2098329606216139e-05,0.00030197478332715465,0.00030210043675514016,-0.009643844237233029,0.030407542375327508,0.9991978567232751,24.96003937369995,0.0,0.0,0.0,True
B,14,15,state,m,55732739,4.916088041668589,11.445163278686191,12.894235550593173,0.09865406040605053,0.46882964464249366,0.9252316881059004,2.3281038056433063,0.0,0.0,0.0,True
B,14,15,state,v,55732739,1.5598427760942362,7.194023098170536,8.68505550663595,0.9465323805470383,0.963634438320094,0.9983200208313361,4.612018088248605,0.0,0.0,0.0,True
B,14,15,state,net_buffer,32,0.0,0.0,0.0,,,,,0.0,0.0,0.0,True
B,14,15,state,scaler,1,0.0,0.0,0.0,,,,,0.0,0.0,0.0,True
B,14,15,observable,residual,393216,0.1771890592540239,0.18983559346034812,0.1856881285340989,-0.4898421337401154,0.4534462582949876,0.5549139162174892,1.0713731099401218,0.0,0.0,0.0,True
B,14,15,observable,feature,49152,0.0368136508993596,0.038689619926199674,0.037982984635466996,-0.4947758069719041,0.4652336605069591,0.5390602210803683,1.0509585162299866,0.0,0.0,0.0,True
C,14,15,state,theta,55732739,0.0009633900813131493,0.02871667999493054,0.028608616845440134,-0.12873267087564075,-0.0955441099401144,0.9994422439624271,29.807946492233192,0.0,0.0,0.0,True
C,14,15,state,EMA,55732771,1.1003307761191345e-05,0.00023775712734615698,0.00023769437349960913,-0.02884223384221433,0.017441982473460467,0.9989288508382009,21.60778672252776,0.0,0.0,0.0,True
C,14,15,state,m,55732739,2.1860429379116137,7.520937234005464,7.402494922695156,-0.19908500093746684,0.09304121770045692,0.9572082044849498,3.440434359075499,0.0,0.0,0.0,True
C,14,15,state,v,55732739,0.2258113727326345,2.4337852309160137,2.528514443435965,0.381279087528708,0.4563006502938163,0.9965861146677427,10.777956847185317,0.0,0.0,0.0,True
C,14,15,state,net_buffer,32,0.0,0.0,0.0,,,,,0.0,0.0,0.0,True
C,14,15,state,scaler,1,0.0,0.0,0.0,,,,,0.0,0.0,0.0,True
C,14,15,observable,residual,393216,0.16703525374453024,0.1675991171013204,0.1817475679013727,-0.41003917750811153,0.5409318581394708,0.545306438955137,1.0033757146719011,0.0,0.0,0.0,True
C,14,15,observable,feature,49152,0.034793555112538434,0.03637691094903121,0.037581054057225886,-0.44305578097480675,0.49696728554034214,0.5577657610091746,1.045507158764647,0.0,0.0,0.0,True
D,14,15,state,theta,55732739,0.0007570872236192952,0.038801974820950574,0.03903141985338762,0.2942031356648728,0.3118705374197629,0.9998281487759961,51.25165715445005,0.0,0.0,0.0,True
D,14,15,state,EMA,55732771,9.677630925774954e-06,0.00027059488331129984,0.00027072857480630225,-0.004064241114714557,0.031684383821423266,0.9993608959799395,27.96085998595069,0.0,0.0,0.0,True
D,14,15,state,m,55732739,4.775143934417202,9.281415488963445,11.503699691855097,0.2638581166535952,0.6279823829484579,0.9163465890640524,1.9436933454648262,0.0,0.0,0.0,True
D,14,15,state,v,55732739,1.607028852675869,6.778084596235905,8.327921301607988,0.9561235922218855,0.9711565650423668,0.9984007406572338,4.217774052376032,0.0,0.0,0.0,True
D,14,15,state,net_buffer,32,0.0,0.0,0.0,,,,,0.0,0.0,0.0,True
D,14,15,state,scaler,1,0.0,0.0,0.0,,,,,0.0,0.0,0.0,True
D,14,15,observable,residual,393216,0.16241525853742564,0.20365046482900986,0.19957616639670242,-0.42359460356059053,0.3815586900887051,0.6756930960814687,1.253887514405442,0.0,0.0,0.0,True
D,14,15,observable,feature,49152,0.03752723766237817,0.038795978440320476,0.037091385199509254,-0.5280735005723232,0.45940882033964064,0.5116778081771403,1.033808531002383,0.0,0.0,0.0,True
B,15,16,state,theta,55732739,0.0013625094095550529,0.0462938303111395,0.04609506400149982,-0.16028522878857984,-0.13141771043356243,0.9995742749636537,33.976888516503834,0.0,0.0,0.0,True
B,15,16,state,EMA,55732771,1.3026548346639588e-05,0.0003382426984618183,0.00033809944436270133,-0.03025097442495177,0.0082649562802793,0.9992581718605438,25.965642583215345,0.0,0.0,0.0,True
B,15,16,state,m,55732739,3.367517424003971,12.238318504606752,11.916380852228057,-0.23192434904889556,0.04440554375794882,0.961475582243714,3.6342257407106207,0.0,0.0,0.0,True
B,15,16,state,v,55732739,0.21109129369783303,8.674933658603997,8.730470605763514,0.251769874335903,0.2743469807017796,0.9997261867338249,41.095648743437735,0.0,0.0,0.0,True
B,15,16,state,net_buffer,32,0.0,0.0,0.0,,,,,0.0,0.0,0.0,True
B,15,16,state,scaler,1,0.0,0.0,0.0,,,,,0.0,0.0,0.0,True
B,15,16,observable,residual,393216,0.15771687950137672,0.18397595958813023,0.18038145535170957,-0.45120270285097425,0.41415803597962686,0.6254172694855046,1.166495052208564,0.0,0.0,0.0,True
B,15,16,observable,feature,49152,0.03742433673579407,0.03765834416603295,0.03722848655160986,-0.508313510435967,0.4910780240880212,0.5005588437845834,1.00625281436224,0.0,0.0,0.0,True
C,15,16,state,theta,55732739,0.0012482883581617446,0.03091978926480431,0.0310070954557816,0.04985355398783367,0.08997133399822937,0.9991913276766913,24.769748962761646,0.0,0.0,0.0,True
C,15,16,state,EMA,55732771,1.2349754713730445e-05,0.000262676700565421,0.00026276158395302745,-0.01663312249379866,0.030372099516592903,0.9988952023878034,21.2697909111812,0.0,0.0,0.0,True
C,15,16,state,m,55732739,2.9714938657167327,9.221641161919493,9.601494071638554,-0.03065013560359131,0.28004488609316724,0.9509524667583165,3.1033687359456175,0.0,0.0,0.0,True
C,15,16,state,v,55732739,0.1467947706339164,2.6033780518768532,2.6210536456006137,0.09262586916732159,0.14800724361795478,0.9984439080400274,17.734814671084422,0.0,0.0,0.0,True
C,15,16,state,net_buffer,32,0.0,0.0,0.0,,,,,0.0,0.0,0.0,True
C,15,16,state,scaler,1,0.0,0.0,0.0,,,,,0.0,0.0,0.0,True
C,15,16,observable,residual,393216,0.16859918466915297,0.17748648832295502,0.1779355875029476,-0.47229635686849103,0.4764250031738873,0.5499614158471533,1.0527126134758116,0.0,0.0,0.0,True
C,15,16,observable,feature,49152,0.03825073303439318,0.041513438090055824,0.036784776087553615,-0.5772850701240086,0.3883575363211268,0.5282582376402266,1.085297843906128,0.0,0.0,0.0,True
D,15,16,state,theta,55732739,0.0006599561740724531,0.04196076288241195,0.04213209185007111,0.2522726124557779,0.266910731303672,0.9998851208352816,63.58113543128289,0.0,0.0,0.0,True
D,15,16,state,EMA,55732771,9.12541949835536e-06,0.00030372220843339763,0.00030381367306555885,-0.004998071409464716,0.025039670318996267,0.9995488217199956,33.28309547721465,0.0,0.0,0.0,True
D,15,16,state,m,55732739,1.642975372581386,9.739827307828039,10.391200807238791,0.32537361810041016,0.46308971529549925,0.9887604271969501,5.928163909435331,0.0,0.0,0.0,True
D,15,16,state,v,55732739,0.17977810304680286,8.316129835233577,8.386745935816439,0.38365459851060973,0.40186021872347905,0.99980404740408,46.257746045237674,0.0,0.0,0.0,True
D,15,16,state,net_buffer,32,0.0,0.0,0.0,,,,,0.0,0.0,0.0,True
D,15,16,state,scaler,1,0.0,0.0,0.0,,,,,0.0,0.0,0.0,True
D,15,16,observable,residual,393216,0.16004866413740748,0.17727635336374611,0.18278280453965232,-0.416470888549389,0.47169767391608663,0.6052032316601181,1.1076403187692216,0.0,0.0,0.0,True
D,15,16,observable,feature,49152,0.036799110616750424,0.03853863766021294,0.039093684340598935,-0.4622396178599015,0.4856289651916071,0.5506933202707737,1.047270899060009,0.0,0.0,0.0,True
B,16,17,state,theta,55732739,0.0012507126776418825,0.04914621707981065,0.049262250742304454,0.08015915047590674,0.10535920729677171,0.9996797223730787,39.29457017455989,0.0,0.0,0.0,True
B,16,17,state,EMA,55732771,1.2424018486492612e-05,0.0003760540159190583,0.0003760756672119335,-0.014776181465271656,0.018260623340617278,0.9994542831072242,30.268307820686527,0.0,0.0,0.0,True
B,16,17,state,m,55732739,5.226876223877599,9.519990186902627,11.486308704254325,0.14052343979952622,0.5715202473504354,0.8927575496460569,1.8213536688343746,0.0,0.0,0.0,True
B,16,17,state,v,55732739,0.5922346923322168,8.301726510232658,8.811604456404718,0.8517083409331975,0.8696355406277738,0.9993796000547064,14.017629527139835,0.0,0.0,0.0,True
B,16,17,state,net_buffer,32,0.0,0.0,0.0,,,,,0.0,0.0,0.0,True
B,16,17,state,scaler,1,0.0,0.0,0.0,,,,,0.0,0.0,0.0,True
B,16,17,observable,residual,393216,0.15677467424223288,0.17173118703912996,0.17940099248230953,-0.4064387504800349,0.48481596428276386,0.6020696030645049,1.0954013323209828,0.0,0.0,0.0,True
B,16,17,observable,feature,49152,0.03450496188244141,0.037760392698798856,0.03721255239657421,-0.47265554849017916,0.4476259135000791,0.5764568575144446,1.094346744316041,0.0,0.0,0.0,True
C,16,17,state,theta,55732739,0.00114194362256169,0.03367885169123765,0.03351844312647685,-0.1570886778479837,-0.12377134121053757,0.9994338087538035,29.492569533062266,0.0,0.0,0.0,True
C,16,17,state,EMA,55732771,1.1719047865468615e-05,0.0002896311861606574,0.0002895114186260275,-0.030448774269970013,0.010017336346464826,0.9991811614560493,24.71456636115342,0.0,0.0,0.0,True
C,16,17,state,m,55732739,4.442929065080073,14.557281385127233,12.1196376767055,-0.6553217045941355,-0.4205384288240079,0.9608978294121594,3.276505470128381,0.0,0.0,0.0,True
C,16,17,state,v,55732739,0.3951574436649975,3.0071373509571457,2.7229272307344794,-0.7509478667939284,-0.6842070232960581,0.9953974094482408,7.60997268093096,0.0,0.0,0.0,True
C,16,17,state,net_buffer,32,0.0,0.0,0.0,,,,,0.0,0.0,0.0,True
C,16,17,state,scaler,1,0.0,0.0,0.0,,,,,0.0,0.0,0.0,True
C,16,17,observable,residual,393216,0.15384689824521824,0.17625551220380267,0.17035094418809066,-0.47416810080546534,0.4125140433002622,0.6064317467708995,1.1456552859640179,0.0,0.0,0.0,True
C,16,17,observable,feature,49152,0.035552491416645245,0.037769455776912556,0.03689511506822366,-0.4949596551159731,0.45692050506452747,0.5467500738109895,1.0623574965334035,0.0,0.0,0.0,True
D,16,17,state,theta,55732739,0.0006822609167159418,0.04501481692903498,0.045282958138431834,0.38661094089054177,0.3993882552543852,0.9999034587263693,65.97888846647334,0.0,0.0,0.0,True
D,16,17,state,EMA,55732771,9.182044545003282e-06,0.0003386180161164583,0.00033878613520315823,0.004755977571158325,0.031856392908084605,0.999632660620212,36.87828069846695,0.0,0.0,0.0,True
D,16,17,state,m,55732739,2.37655792914377,9.575974214418151,10.560926207955447,0.311669335660714,0.50763496925271,0.9768721267630986,4.029346012141264,0.0,0.0,0.0,True
D,16,17,state,v,55732739,0.36684366030987237,7.966621374132037,8.260133636271561,0.7918169548779687,0.8080921969748861,0.9996320601759604,21.716666351553254,0.0,0.0,0.0,True
D,16,17,state,net_buffer,32,0.0,0.0,0.0,,,,,0.0,0.0,0.0,True
D,16,17,state,scaler,1,0.0,0.0,0.0,,,,,0.0,0.0,0.0,True
D,16,17,observable,residual,393216,0.1487336353989804,0.16977488710402883,0.1792556864573159,-0.37250860403156505,0.47692227172162294,0.6380290102330929,1.1414693566025258,0.0,0.0,0.0,True
D,16,17,observable,feature,49152,0.0365862573206162,0.03869344190240109,0.040827596518990275,-0.41282997260619514,0.5048654958275839,0.5777841535196819,1.057594975165648,0.0,0.0,0.0,True
B,17,18,state,theta,55732739,0.0011261449902590906,0.0522421305174944,0.052371267707929964,0.10403550239197254,0.12528207873952493,0.9997712843104235,46.390234800471944,0.0,0.0,0.0,True
B,17,18,state,EMA,55732771,1.177121449355593e-05,0.0004159935043568758,0.00041606920670923895,-0.0077165880563711915,0.02057629800104496,0.9995997397479848,35.339896710284954,0.0,0.0,0.0,True
B,17,18,state,m,55732739,4.5384833654142716,12.26977224413152,10.92782430908206,-0.46445831986206293,-0.10617982165222911,0.9299047640310092,2.7034961365362498,0.0,0.0,0.0,True
B,17,18,state,v,55732739,0.758141735991458,8.270801909460335,8.9570315251535,0.8968645273795145,0.9127946640144344,0.9992989657411758,10.909308268913879,0.0,0.0,0.0,True
B,17,18,state,net_buffer,32,0.0,0.0,0.0,,,,,0.0,0.0,0.0,True
B,17,18,state,scaler,1,0.0,0.0,0.0,,,,,0.0,0.0,0.0,True
B,17,18,observable,residual,393216,0.1759957691427453,0.1912480957385861,0.18576970158930364,-0.4908063889516961,0.4421064424217739,0.5645067355854387,1.0866630298565305,0.0,0.0,0.0,True
B,17,18,observable,feature,49152,0.03606010792368482,0.037098108224989136,0.038049585017455714,-0.4592858421699929,0.499912733238242,0.539722343334296,1.0287852799415096,0.0,0.0,0.0,True
C,17,18,state,theta,55732739,0.0010434866878398562,0.036056648644110394,0.03600536653095733,-0.06358011386712932,-0.034689249380251974,0.9995816487726714,34.554009231063624,0.0,0.0,0.0,True
C,17,18,state,EMA,55732771,1.1131032232210518e-05,0.00031793160676845674,0.00031789449783279765,-0.02083902036988466,0.014173409836436723,0.999387058055128,28.562634635846216,0.0,0.0,0.0,True
C,17,18,state,m,55732739,2.535221081283322,10.5961479473118,11.417496131571765,0.21690187381588266,0.4233454840347883,0.976224736311365,4.179575511398028,0.0,0.0,0.0,True
C,17,18,state,v,55732739,0.238162771553589,3.1681953169815213,2.993552279506331,-0.7506683195257647,-0.7149035270321895,0.9986176256052481,13.302647161496632,0.0,0.0,0.0,True
C,17,18,state,net_buffer,32,0.0,0.0,0.0,,,,,0.0,0.0,0.0,True
C,17,18,state,scaler,1,0.0,0.0,0.0,,,,,0.0,0.0,0.0,True
C,17,18,observable,residual,393216,0.1628845301487372,0.18663520078450138,0.18426682143232803,-0.4508193846068374,0.4273464054624402,0.614346610317191,1.145812930264626,0.0,0.0,0.0,True
C,17,18,observable,feature,49152,0.035832548685189,0.03838746905594112,0.038860480208164176,-0.45344001884751683,0.47416125313560753,0.5697190921517014,1.071301664673609,0.0,0.0,0.0,True
D,17,18,state,theta,55732739,0.0005964584220460806,0.04824450625703533,0.04841689683341547,0.2833583861950395,0.29466869607326024,0.9999302086523982,80.8849443210781,0.0,0.0,0.0,True
D,17,18,state,EMA,55732771,8.746472700518164e-06,0.0003757211826686685,0.00037581860317445606,-0.0004998727384633222,0.022773380167308926,0.9997291442515394,42.95688050868893,0.0,0.0,0.0,True
D,17,18,state,m,55732739,3.093405211332568,9.815066130274552,10.326470885869186,0.012043386047605487,0.3110076886206143,0.9540840537223896,3.1729002376789968,0.0,0.0,0.0,True
D,17,18,state,v,55732739,0.6009856118038567,8.145670522637262,8.69377598790092,0.9058047547488721,0.9178258921015756,0.9995709757691875,13.553852808868509,0.0,0.0,0.0,True
D,17,18,state,net_buffer,32,0.0,0.0,0.0,,,,,0.0,0.0,0.0,True
D,17,18,state,scaler,1,0.0,0.0,0.0,,,,,0.0,0.0,0.0,True
D,17,18,observable,residual,393216,0.16205335530030618,0.1829050686568181,0.2033624759539992,-0.30970010219910327,0.5183239255426795,0.6526136512452102,1.1286719014109332,0.0,0.0,0.0,True
D,17,18,observable,feature,49152,0.035801748183624145,0.037867795759215346,0.0389023190934221,-0.44342965848275107,0.4886609560979895,0.5653194797012513,1.057708008139564,0.0,0.0,0.0,True
B,18,19,state,theta,55732739,0.0014484711737147973,0.05533023903443805,0.05550328103407642,0.10656275316648957,0.13232756049277938,0.9996632825458815,38.19906121606568,0.0,0.0,0.0,True
B,18,19,state,EMA,55732771,1.3209064759198489e-05,0.00045787838387694504,0.00045794542373106057,-0.009348543492117153,0.019497014951432457,0.9995839561645694,34.66395178039301,0.0,0.0,0.0,True
B,18,19,state,m,55732739,3.9418314611669687,10.10670342869426,11.471331010287981,0.17455223616481635,0.49741212591483946,0.9410206117445808,2.5639613281949396,0.0,0.0,0.0,True
B,18,19,state,v,55732739,0.8287739083600022,8.786922063523315,9.437147081094462,0.7664315888797868,0.8014443858802165,0.9984077270349233,10.602315028125208,0.0,0.0,0.0,True
B,18,19,state,net_buffer,32,0.0,0.0,0.0,,,,,0.0,0.0,0.0,True
B,18,19,state,scaler,1,0.0,0.0,0.0,,,,,0.0,0.0,0.0,True
B,18,19,observable,residual,393216,0.1561289634220414,0.18144292870680517,0.1748761690330652,-0.4715413543944575,0.40354909113427617,0.6165600860926134,1.1621349731012822,0.0,0.0,0.0,True
B,18,19,observable,feature,49152,0.03602562049006891,0.03848917533624812,0.03916951167724827,-0.4489450872291515,0.4785889205314659,0.5697198930312921,1.0683834119348015,0.0,0.0,0.0,True
C,18,19,state,theta,55732739,0.0013996345365165951,0.03839981148288809,0.03821637606642276,-0.14897097263206635,-0.11306207374208736,0.999344011537742,27.435598708829655,0.0,0.0,0.0,True
C,18,19,state,EMA,55732771,1.2657490173873194e-05,0.000347783006323241,0.00034767493937083873,-0.026733856309243232,0.009663938568915023,0.9993375519916434,27.47645872489896,0.0,0.0,0.0,True
C,18,19,state,m,55732739,4.37821507928485,10.65517465008511,12.122633521286717,0.1528031282533748,0.4954665244443012,0.9341352760092312,2.4336800401833063,0.0,0.0,0.0,True
C,18,19,state,v,55732739,1.1389725879771624,3.0145283620936323,4.050090321460417,0.8764602976552304,0.933580911386802,0.9907908952821268,2.6467084404967935,0.0,0.0,0.0,True
C,18,19,state,net_buffer,32,0.0,0.0,0.0,,,,,0.0,0.0,0.0,True
C,18,19,state,scaler,1,0.0,0.0,0.0,,,,,0.0,0.0,0.0,True
C,18,19,observable,residual,393216,0.15234317832467337,0.17414890943195382,0.17055215969053591,-0.4607591474367254,0.42275908683067726,0.6095226038644227,1.14313559259482,0.0,0.0,0.0,True
C,18,19,observable,feature,49152,0.03429611860543,0.0374003623358486,0.03829182029369428,-0.43219706985950684,0.473516052596179,0.5896214960234113,1.0905129751308684,0.0,0.0,0.0,True
D,18,19,state,theta,55732739,0.0007051927951050036,0.05155460984533173,0.05180100201167028,0.34339253269973946,0.35537267866156513,0.99991825975905,73.1071136903139,0.0,0.0,0.0,True
D,18,19,state,EMA,55732771,9.440964222764202e-06,0.0004148080428031859,0.0004149308716736036,0.0016322107755940638,0.02438482906615289,0.9997411153659219,43.9370421299759,0.0,0.0,0.0,True
D,18,19,state,m,55732739,4.575562573988973,10.593284791673815,11.108215949184892,-0.10069059375551664,0.3158849678963555,0.912168860029846,2.3151873939817182,0.0,0.0,0.0,True
D,18,19,state,v,55732739,1.517968795304971,7.724461571147448,9.189707915658193,0.9585609058175979,0.9709052515907142,0.9988921518318313,5.088682715375284,0.0,0.0,0.0,True
D,18,19,state,net_buffer,32,0.0,0.0,0.0,,,,,0.0,0.0,0.0,True
D,18,19,state,scaler,1,0.0,0.0,0.0,,,,,0.0,0.0,0.0,True
D,18,19,observable,residual,393216,0.1541331804126655,0.1802938061869255,0.18497275971989885,-0.3966995485890882,0.4466101333515249,0.6441448096197859,1.16972741173717,0.0,0.0,0.0,True
D,18,19,observable,feature,49152,0.03587871085102411,0.03721962003846109,0.03793552122120385,-0.4618412613491154,0.4926558007875803,0.5443275932083961,1.0373733937377156,0.0,0.0,0.0,True
B,19,20,state,theta,55732739,0.0012845549382853234,0.05842956430528336,0.05836458744711326,-0.06154737944889763,-0.03960675005439537,0.9997586870282903,45.48623228468339,0.0,0.0,0.0,True
B,19,20,state,EMA,55732771,1.2604048524485176e-05,0.0005016143939576231,0.0005015143964998805,-0.020496449860906818,0.004631440822903964,0.9996842746848569,39.79787867233017,0.0,0.0,0.0,True
B,19,20,state,m,55732739,2.7946636593026204,11.07676034611103,11.751969509844754,0.12282056692831092,0.35356776932242906,0.9717522251528878,3.9635396943885266,0.0,0.0,0.0,True
B,19,20,state,v,55732739,0.20067774323479912,9.436533356197339,9.514125814894907,0.3776086516904213,0.395621673891196,0.9998092513504961,47.02331810237823,0.0,0.0,0.0,True
B,19,20,state,net_buffer,32,0.0,0.0,0.0,,,,,0.0,0.0,0.0,True
B,19,20,state,scaler,1,0.0,0.0,0.0,,,,,0.0,0.0,0.0,True
B,19,20,observable,residual,393216,0.16545192978590625,0.19550810645709218,0.18841746004971804,-0.46521225259872767,0.3953941591189708,0.6291234446813232,1.1816610825275864,0.0,0.0,0.0,True
B,19,20,observable,feature,49152,0.04026044451376129,0.03863879507979308,0.03873305038294055,-0.5186407362586812,0.5220552263638671,0.4584737922654151,0.9597210251016002,0.0,0.0,0.0,True
C,19,20,state,theta,55732739,0.0011826128927490567,0.040671468048771336,0.04077326800867705,0.07164966605563057,0.10047538979617586,0.9995814379886455,34.391192839296714,0.0,0.0,0.0,True
C,19,20,state,EMA,55732771,1.1925362475686865e-05,0.0003789966566111388,0.0003790731756170136,-0.009315666134804498,0.022145476642672732,0.9995050778759812,31.780724265935554,0.0,0.0,0.0,True
C,19,20,state,m,55732739,2.436744666146318,10.269349707734417,10.244139622737958,-0.1289747306655196,0.10857505797875536,0.9717820712460036,4.214372498853262,0.0,0.0,0.0,True
C,19,20,state,v,55732739,0.12160097545317412,3.996004261802164,4.012229711616223,0.11848747872747446,0.1483158961949474,0.9995470705935531,32.86161354306683,0.0,0.0,0.0,True
C,19,20,state,net_buffer,32,0.0,0.0,0.0,,,,,0.0,0.0,0.0,True
C,19,20,state,scaler,1,0.0,0.0,0.0,,,,,0.0,0.0,0.0,True
C,19,20,observable,residual,393216,0.1577429617798343,0.19101610154587131,0.17730416330870288,-0.4967107636682797,0.35455009591961045,0.6354248678343558,1.2109326425129328,0.0,0.0,0.0,True
C,19,20,observable,feature,49152,0.03930921474364967,0.04056511268264112,0.03918392636948618,-0.5190582521911695,0.46584301130360356,0.5145308867897237,1.0319491993717411,0.0,0.0,0.0,True
D,19,20,state,theta,55732739,0.0006301571095038102,0.05497114224948629,0.05515143927392916,0.28085189944392513,0.2913597004252658,0.9999398709565107,87.23402691238527,0.0,0.0,0.0,True
D,19,20,state,EMA,55732771,8.922278875202152e-06,0.0004561046705115401,0.00045618648755104655,-0.0006101618217581053,0.018948349971815437,0.9998087162250083,51.11975055825703,0.0,0.0,0.0,True
D,19,20,state,m,55732739,1.5571217941248283,10.216598433323568,11.000904970877253,0.4468180217740689,0.5565071338739438,0.9919500751914525,6.5612070114693575,0.0,0.0,0.0,True
D,19,20,state,v,55732739,0.18067302082219527,9.121896018045199,9.211767740731982,0.48997460854823355,0.5048076093929036,0.9998538250125165,50.48842365359175,0.0,0.0,0.0,True
D,19,20,state,net_buffer,32,0.0,0.0,0.0,,,,,0.0,0.0,0.0,True
D,19,20,state,scaler,1,0.0,0.0,0.0,,,,,0.0,0.0,0.0,True
D,19,20,observable,residual,393216,0.15488675462191334,0.1774447715162021,0.17709162867403752,-0.43871425082935855,0.4350245418116161,0.6182886555320898,1.1456420011469286,0.0,0.0,0.0,True
D,19,20,observable,feature,49152,0.03624231784635287,0.0368832355430098,0.038641071144525065,-0.4416534387989281,0.5163601692128245,0.5402720633194,1.0176842358530724,0.0,0.0,0.0,True
B,20,21,state,theta,55732739,0.001316108047581134,0.06113077288386214,0.061421589897601304,0.21072834074878127,0.2311580408413111,0.999780602412787,46.44814154598779,0.0,0.0,0.0,True
B,20,21,state,EMA,55732771,1.2796197826879382e-05,0.0005466692464388949,0.000546828832119041,0.0007693719009464844,0.02416988462913355,0.9997261654172133,42.721224994707,0.0,0.0,0.0,True
B,20,21,state,m,55732739,5.7554449526411515,10.79379445432095,13.671181570683865,0.2999694664769729,0.6578256363481282,0.9158134680143826,1.8754057319873627,0.0,0.0,0.0,True
B,20,21,state,v,55732739,0.733346690541598,9.384085600315434,10.021603541662017,0.8597821830226358,0.8782642674958971,0.9993015566010764,12.796247288420995,0.0,0.0,0.0,True
B,20,21,state,net_buffer,32,0.0,0.0,0.0,,,,,0.0,0.0,0.0,True
B,20,21,state,scaler,1,0.0,0.0,0.0,,,,,0.0,0.0,0.0,True
B,20,21,observable,residual,393216,0.16033140183160832,0.1816825342131759,0.18383837324738164,-0.4277146285308536,0.44943350368366297,0.615249396733603,1.133168750086724,0.0,0.0,0.0,True
B,20,21,observable,feature,49152,0.03732965375530235,0.03772119366617957,0.0384807776086111,-0.4742572048314598,0.5051900479246975,0.5201905383113742,1.010488709952784,0.0,0.0,0.0,True
C,20,21,state,theta,55732739,0.0012009675484132378,0.0429083198409845,0.0428241173263548,-0.0840380146119005,-0.05615906670131077,0.9996094627327672,35.72812595783836,0.0,0.0,0.0,True
C,20,21,state,EMA,55732771,1.2033966369032869e-05,0.0004118028028908823,0.00041179021603286183,-0.015657249862410183,0.013565807959079046,0.9995730059787495,34.22003936711829,0.0,0.0,0.0,True
C,20,21,state,m,55732739,4.67582882465387,8.347694545853152,7.438174393579742,-0.4639856846849311,0.10790524835614394,0.8306039332056107,1.7852866002790626,0.0,0.0,0.0,True
C,20,21,state,v,55732739,0.44618163528565863,4.067062952589652,3.7086705520339054,-0.8227051565354354,-0.781900680332409,0.9976585864332393,9.115263002668852,0.0,0.0,0.0,True
C,20,21,state,net_buffer,32,0.0,0.0,0.0,,,,,0.0,0.0,0.0,True
C,20,21,state,scaler,1,0.0,0.0,0.0,,,,,0.0,0.0,0.0,True
C,20,21,observable,residual,393216,0.16575425385373785,0.18312963689407302,0.18223113820382447,-0.4579672519515589,0.4493572179902777,0.5883715473338651,1.1048261666675974,0.0,0.0,0.0,True
C,20,21,observable,feature,49152,0.038137445356181215,0.03804545046965527,0.03929913245428403,-0.46779466720892676,0.5175683340739456,0.5141323904431199,0.9975878067954796,0.0,0.0,0.0,True
D,20,21,state,theta,55732739,0.0006645997093271288,0.05826343388204794,0.05853044916855936,0.39698581629787555,0.4065295398773529,0.9999456927387699,87.66695661217864,0.0,0.0,0.0,True
D,20,21,state,EMA,55732771,9.174593017693538e-06,0.0004993316038930978,0.000499484462332758,0.007476735679307956,0.025842572511750747,0.999831301193419,54.42547728603531,0.0,0.0,0.0,True
D,20,21,state,m,55732739,2.485266983814257,10.32842176373882,11.290929163164312,0.28501886452398156,0.48083394632850257,0.977489945956885,4.155860046829779,0.0,0.0,0.0,True
D,20,21,state,v,55732739,0.41964788892884164,9.246832076213376,9.605643501665035,0.8489274638812802,0.8609040707050288,0.9997334059524777,22.034739885898325,0.0,0.0,0.0,True
D,20,21,state,net_buffer,32,0.0,0.0,0.0,,,,,0.0,0.0,0.0,True
D,20,21,state,scaler,1,0.0,0.0,0.0,,,,,0.0,0.0,0.0,True
D,20,21,observable,residual,393216,0.16351567817638074,0.17842452771542872,0.19519607035920988,-0.35083183400052476,0.5170118112602557,0.6201867805545072,1.0911768810509175,0.0,0.0,0.0,True
D,20,21,observable,feature,49152,0.036025984644904675,0.03749378424373159,0.03793266935825863,-0.4681723331486367,0.4869794957607821,0.5437902290432576,1.040742803098777,0.0,0.0,0.0,True
B,21,22,state,theta,55732739,0.0010023378754324159,0.06429803538300848,0.06448393603084394,0.17794069591690675,0.19297170432683944,0.9998830104177633,64.14806519734658,0.0,0.0,0.0,True
B,21,22,state,EMA,55732771,1.134620589947604e-05,0.0005938790883511798,0.0005939666421112774,-0.0018354868523458381,0.01726721319646579,0.9998175325613153,52.34164562257809,0.0,0.0,0.0,True
B,21,22,state,m,55732739,2.7441742317850792,11.83499407084476,11.995013635860431,-0.057228069704234046,0.17231163122402854,0.9735670697126227,4.312770644721827,0.0,0.0,0.0,True
B,21,22,state,v,55732739,0.26324690748059487,10.195816532852453,10.389349974983405,0.7292463025852391,0.7410000081273606,0.9998496914448458,38.731002124323275,0.0,0.0,0.0,True
B,21,22,state,net_buffer,32,0.0,0.0,0.0,,,,,0.0,0.0,0.0,True
B,21,22,state,scaler,1,0.0,0.0,0.0,,,,,0.0,0.0,0.0,True
B,21,22,observable,residual,393216,0.16204145236975165,0.18086874587339508,0.18557700468711913,-0.41851908623337036,0.46527548100163835,0.6091881129684235,1.1161881310510762,0.0,0.0,0.0,True
B,21,22,observable,feature,49152,0.036116978419939924,0.03932025505090668,0.03822091473251617,-0.48927965596912176,0.44160056540078124,0.5664163829270312,1.0886917115192076,0.0,0.0,0.0,True
C,21,22,state,theta,55732739,0.0008454283635902544,0.04480031854916268,0.04484985169037363,0.049186272908127236,0.06798214360148769,0.9998227492244576,52.991265113120356,0.0,0.0,0.0,True
C,21,22,state,EMA,55732771,1.0391313144817354e-05,0.00044574751096564976,0.000445774376816212,-0.009070560604295008,0.014240686909214265,0.9997282910537263,42.896167669431215,0.0,0.0,0.0,True
C,21,22,state,m,55732739,2.522734153413164,7.522107720922068,7.956284140586244,0.009384483901233712,0.32594678701764157,0.9484053291258978,2.981728261277527,0.0,0.0,0.0,True
C,21,22,state,v,55732739,0.37657339089085506,3.873053832631684,4.221492635073434,0.918295075075345,0.9317035444335914,0.9993762130104468,10.284990725099423,0.0,0.0,0.0,True
C,21,22,state,net_buffer,32,0.0,0.0,0.0,,,,,0.0,0.0,0.0,True
C,21,22,state,scaler,1,0.0,0.0,0.0,,,,,0.0,0.0,0.0,True
C,21,22,observable,residual,393216,0.15259824350547357,0.17987790672679402,0.17692713220311812,-0.4433500034378811,0.4117478875773396,0.6342920588075293,1.178767871730725,0.0,0.0,0.0,True
C,21,22,observable,feature,49152,0.03617274261141407,0.03774581432445602,0.037364631896911416,-0.48964692951355626,0.47345898052103363,0.5361739419236448,1.0434877645286862,0.0,0.0,0.0,True
D,21,22,state,theta,55732739,0.0005995489632609547,0.061607629325042094,0.06178880903853889,0.2977718450454058,0.3066019026914094,0.9999570972065519,102.75662723184006,0.0,0.0,0.0,True
D,21,22,state,EMA,55732771,8.743818302684046e-06,0.0005447205741476518,0.0005448129608961178,0.002540879550499499,0.018589659933224867,0.9998712039463385,62.2977920275907,0.0,0.0,0.0,True
D,21,22,state,m,55732739,2.9055372512305073,10.611107591301112,11.275013115894023,0.09873464977531846,0.3506178841967925,0.9665607199026637,3.6520294437138134,0.0,0.0,0.0,True
D,21,22,state,v,55732739,0.5163970100342193,9.646452504196333,10.1064528149204,0.8852609783150176,0.8960636493348868,0.9997175875181435,18.680302784009353,0.0,0.0,0.0,True
D,21,22,state,net_buffer,32,0.0,0.0,0.0,,,,,0.0,0.0,0.0,True
D,21,22,state,scaler,1,0.0,0.0,0.0,,,,,0.0,0.0,0.0,True
D,21,22,observable,residual,393216,0.16985222192080918,0.18363995377107936,0.1791131217143692,-0.48878298285867994,0.44715952007287046,0.5617627403977055,1.0811748689204577,0.0,0.0,0.0,True
D,21,22,observable,feature,49152,0.033415792374604514,0.04277674876234394,0.04043236769773881,-0.45881896709548137,0.3410388625975547,0.6787866005157472,1.2801356999947608,0.0,0.0,0.0,True
B,22,23,state,theta,55732739,0.001329072794996416,0.06745373742734817,0.06782060553025201,0.26693202457851617,0.2850849729326246,0.9998216469636526,50.75247772830236,0.0,0.0,0.0,True
B,22,23,state,EMA,55732771,1.2867568359383699e-05,0.0006427673201074586,0.0006429746890747009,0.006108722042121081,0.026119310046010372,0.9997997361778549,49.95250867571411,0.0,0.0,0.0,True
B,22,23,state,m,55732739,6.876968656760708,11.390663446712837,15.289004169489303,0.3620030276313445,0.7194990065574617,0.9078516015506922,1.6563494782711774,0.0,0.0,0.0,True
B,22,23,state,v,55732739,2.0920030327046537,10.423193914812586,12.463444611033653,0.9703581261393394,0.9793627948940545,0.9991769086437885,4.982399046208323,0.0,0.0,0.0,True
B,22,23,state,net_buffer,32,0.0,0.0,0.0,,,,,0.0,0.0,0.0,True
B,22,23,state,scaler,1,0.0,0.0,0.0,,,,,0.0,0.0,0.0,True
B,22,23,observable,residual,393216,0.17600964800356597,0.1920665116547056,0.22077614328636797,-0.2828948277873915,0.5511239731525645,0.6444278375189928,1.091227178926091,0.0,0.0,0.0,True
B,22,23,observable,feature,49152,0.03590956243822418,0.03756746929006762,0.03913979761523091,-0.4332321989558811,0.5016409461667785,0.5623506490193793,1.0461689516461128,0.0,0.0,0.0,True
C,22,23,state,theta,55732739,0.0010815363273614083,0.04667403316708287,0.04687961016761061,0.17891122576658253,0.2011971682151697,0.9997423611150947,43.15530785817626,0.0,0.0,0.0,True
C,22,23,state,EMA,55732771,1.147199555826279e-05,0.00048072650669412606,0.00048088262189270294,0.0016786472699923745,0.02553422651874828,0.9997154029729488,41.90434909538291,0.0,0.0,0.0,True
C,22,23,state,m,55732739,3.2820188095741347,7.188183461813066,7.554723643213242,-0.11376389764358805,0.32618837675086404,0.9020592323080424,2.190171317983941,0.0,0.0,0.0,True
C,22,23,state,v,55732739,0.7876316435952243,5.2136482803239526,4.483841278892624,-0.9372680408338304,-0.91416132078453,0.9981232685243546,6.61939921119183,0.0,0.0,0.0,True
C,22,23,state,net_buffer,32,0.0,0.0,0.0,,,,,0.0,0.0,0.0,True
C,22,23,state,scaler,1,0.0,0.0,0.0,,,,,0.0,0.0,0.0,True
C,22,23,observable,residual,393216,0.18550732262177375,0.19091054988908235,0.1839934368634508,-0.522460840413369,0.46612551917596046,0.5108347330836074,1.0291267600165042,0.0,0.0,0.0,True
C,22,23,observable,feature,49152,0.03491985400658403,0.0389588512096682,0.03839123261703161,-0.46429977329638566,0.43841437418658347,0.5924678464420459,1.1156647791918783,0.0,0.0,0.0,True
D,22,23,state,theta,55732739,0.0006921413460502232,0.06479157614730564,0.06501606374542895,0.31955838115984686,0.3291007068077464,0.9999491198043209,93.61032470758398,0.0,0.0,0.0,True
D,22,23,state,EMA,55732771,9.398999487686356e-06,0.0005919531712078621,0.0005920582740081991,0.0032443597625728786,0.019118909463165117,0.9998739835792079,62.98044509773416,0.0,0.0,0.0,True
D,22,23,state,m,55732739,4.500249720042939,10.432692270584289,12.355837794323168,0.2510495462825647,0.576195034249293,0.9357906856200101,2.3182474128312918,0.0,0.0,0.0,True
D,22,23,state,v,55732739,1.4828156728831237,10.4998216295076,11.94867706055921,0.9739001361907101,0.9799070916802206,0.9996032158823119,7.08100259629182,0.0,0.0,0.0,True
D,22,23,state,net_buffer,32,0.0,0.0,0.0,,,,,0.0,0.0,0.0,True
D,22,23,state,scaler,1,0.0,0.0,0.0,,,,,0.0,0.0,0.0,True
D,22,23,observable,residual,393216,0.18259804623157072,0.19935669216075458,0.2214815175771937,-0.3300777498744639,0.5273344662722287,0.627976281951782,1.091778889615996,0.0,0.0,0.0,True
D,22,23,observable,feature,49152,0.03574452424710948,0.039071738226188195,0.03782341894213357,-0.4917872111553389,0.4370187447927344,0.5682468410777527,1.093083179848107,0.0,0.0,0.0,True
B,23,24,state,theta,55732739,0.0012045327904051629,0.07116906264434927,0.07137237025680246,0.16056406152366104,0.17698342507000914,0.9998612497335936,59.08437131081378,0.0,0.0,0.0,True
B,23,24,state,EMA,55732771,1.1975706856502057e-05,0.0006941273590743334,0.0006941986268575595,-0.002675112924824702,0.014576286087705155,0.9998511893463552,57.961285074163776,0.0,0.0,0.0,True
B,23,24,state,m,55732739,2.334900524177295,13.593244832586434,14.607465567684379,0.36469448193058146,0.49921609415157103,0.9888621748023432,5.8217661488495445,0.0,0.0,0.0,True
B,23,24,state,v,55732739,0.168329328440338,12.444916142212469,12.508015050623083,0.3690412458047453,0.38063726868163983,0.9999217746913835,73.93195385213812,0.0,0.0,0.0,True
B,23,24,state,net_buffer,32,0.0,0.0,0.0,,,,,0.0,0.0,0.0,True
B,23,24,state,scaler,1,0.0,0.0,0.0,,,,,0.0,0.0,0.0,True
B,23,24,observable,residual,393216,0.15460792204122498,0.19023239938980988,0.20199151863037476,-0.327957495063847,0.45655273787069767,0.6907595601351231,1.2304181886558563,0.0,0.0,0.0,True
B,23,24,observable,feature,49152,0.03586598598349084,0.039217263108184665,0.03786106623364106,-0.4944320169973637,0.43516248016162506,0.5674423214652826,1.0934388678520206,0.0,0.0,0.0,True
C,23,24,state,theta,55732739,0.0011457349524242493,0.04846695944945025,0.048696595328347705,0.1890817598289921,0.21171814721685425,0.9997330758401529,42.30206938079308,0.0,0.0,0.0,True
C,23,24,state,EMA,55732771,1.15653513880835e-05,0.0005168573029286876,0.0005169845856206755,-0.00018127349566539826,0.022189556859318955,0.9997497426668779,44.6901512617453,0.0,0.0,0.0,True
C,23,24,state,m,55732739,2.0040934711568634,6.450302065926846,6.528026530161002,-0.11633229222415721,0.19205115673119907,0.9523799037689208,3.2185634845681164,0.0,0.0,0.0,True
C,23,24,state,v,55732739,0.07864188752742636,4.465766588764114,4.469497349044338,0.03865470714234291,0.056217683457377585,0.9998454230767411,56.786106350851234,0.0,0.0,0.0,True
C,23,24,state,net_buffer,32,0.0,0.0,0.0,,,,,0.0,0.0,0.0,True
C,23,24,state,scaler,1,0.0,0.0,0.0,,,,,0.0,0.0,0.0,True
C,23,24,observable,residual,393216,0.15524571089698364,0.18346156274861344,0.1877054589641718,-0.39544864117340517,0.4405630270789283,0.6503266234238932,1.1817496386122577,0.0,0.0,0.0,True
C,23,24,observable,feature,49152,0.03637161586979605,0.038433691360826944,0.038073506830267105,-0.4830300942404732,0.4677001881951841,0.5480216574895075,1.0566946351356168,0.0,0.0,0.0,True
D,23,24,state,theta,55732739,0.0006160787009100074,0.06812734455964957,0.0683403298361695,0.34173002285716897,0.3496798709014942,0.9999641106798564,110.58221045301346,0.0,0.0,0.0,True
D,23,24,state,EMA,55732771,8.803197502512597e-06,0.0006411970918394793,0.000641292593991748,0.003984725350051996,0.01771140336744812,0.9999057780666962,72.83684043854176,0.0,0.0,0.0,True
D,23,24,state,m,55732739,1.47830739797094,11.972778234773658,12.734710864956481,0.4700725884746632,0.5580324774847873,0.9947371522001484,8.098977419180185,0.0,0.0,0.0,True
D,23,24,state,v,55732739,0.15731909568645053,11.9633651136708,12.026030331137894,0.39280013469054686,0.4038348806683085,0.9999276356812602,76.04521918632649,0.0,0.0,0.0,True
D,23,24,state,net_buffer,32,0.0,0.0,0.0,,,,,0.0,0.0,0.0,True
D,23,24,state,scaler,1,0.0,0.0,0.0,,,,,0.0,0.0,0.0,True
D,23,24,observable,residual,393216,0.16442941125903937,0.1901615034548322,0.18829856133131972,-0.44361572009185357,0.42523308943017557,0.6225115632648068,1.1564932453310006,0.0,0.0,0.0,True
D,23,24,observable,feature,49152,0.03726981723259979,0.03824142924429043,0.03779895035820343,-0.499099969236649,0.48105888922554735,0.5195928570482619,1.0260696747082723,0.0,0.0,0.0,True
B,24,25,state,theta,55732739,0.0009662963245040155,0.07453194781929091,0.07476225947793387,0.23223057781540676,0.24444009263363084,0.9999209747685037,77.1315650585207,0.0,0.0,0.0,True
B,24,25,state,EMA,55732771,1.1141539969114664e-05,0.0007473982048076553,0.0007475152399739267,0.0030516699653462677,0.01795595849436873,0.9998889188354427,67.08212750477128,0.0,0.0,0.0,True
B,24,25,state,m,55732739,3.6889218175995877,13.298406800073634,15.852295043267969,0.6200925421661087,0.7528982184876031,0.9831938949697937,3.6049576156989467,0.0,0.0,0.0,True
B,24,25,state,v,55732739,0.4877485393075223,12.453847446772368,12.894144136724776,0.8990875998600004,0.9062135668212515,0.999862881445062,25.533336223730437,0.0,0.0,0.0,True
B,24,25,state,net_buffer,32,0.0,0.0,0.0,,,,,0.0,0.0,0.0,True
B,24,25,state,scaler,1,0.0,0.0,0.0,,,,,0.0,0.0,0.0,True
B,24,25,observable,residual,393216,0.15376591069551734,0.18703611053191901,0.1937375564815348,-0.3666965238683485,0.43966911048413576,0.6743694302909939,1.2163691528630316,0.0,0.0,0.0,True
B,24,25,observable,feature,49152,0.03516630826902833,0.03920442745153795,0.03934763334650777,-0.4444195099463645,0.4509317161984479,0.5991677760229518,1.1148292038964487,0.0,0.0,0.0,True
C,24,25,state,theta,55732739,0.0009212091387610952,0.05053423928317331,0.05047095908283524,-0.07776423863624478,-0.05960947758529662,0.9998344210786908,54.85642418955505,0.0,0.0,0.0,True
C,24,25,state,EMA,55732771,1.0697653010244185e-05,0.0005540585812770572,0.0005540254958260759,-0.012746584927982998,0.006561608222556658,0.9998135950557838,51.79253624570593,0.0,0.0,0.0,True
C,24,25,state,m,55732739,2.739086573339167,7.285257485656433,7.403401645486236,-0.1445058916725273,0.227776909191272,0.9305780866567216,2.6597397674711383,0.0,0.0,0.0,True
C,24,25,state,v,55732739,0.21527578380355902,4.792271583812378,4.636575747712883,-0.7339510596555594,-0.7121671688253063,0.9995026386568915,22.26108064335451,0.0,0.0,0.0,True
C,24,25,state,net_buffer,32,0.0,0.0,0.0,,,,,0.0,0.0,0.0,True
C,24,25,state,scaler,1,0.0,0.0,0.0,,,,,0.0,0.0,0.0,True
C,24,25,observable,residual,393216,0.17217405889327508,0.191992085688284,0.16982257514263852,-0.5697164799865971,0.3697565155687888,0.5529399541358487,1.1151046035761603,0.0,0.0,0.0,True
C,24,25,observable,feature,49152,0.03679290413343594,0.03730651462142885,0.037905999613785844,-0.47669193684268296,0.5014823409322199,0.5214909008969896,1.0139594984437819,0.0,0.0,0.0,True
D,24,25,state,theta,55732739,0.0006097959022199279,0.0712947155516372,0.07152824914441049,0.37932073652576936,0.3866075326383567,0.9999688883477578,116.91570128971476,0.0,0.0,0.0,True
D,24,25,state,EMA,55732771,8.717838405772221e-06,0.0006923015708565534,0.0006924311304887494,0.00856655828813588,0.02115514384101037,0.9999207462534098,79.41206737649202,0.0,0.0,0.0,True
D,24,25,state,m,55732739,2.2972322330947588,12.263478386958678,13.331556407378747,0.391526566641642,0.5324741991186926,0.9873495212213459,5.3383711974290495,0.0,0.0,0.0,True
D,24,25,state,v,55732739,0.3553258524718782,12.010564719887446,12.327492115749127,0.8889102151811289,0.8948810851787371,0.9999128276967129,33.80155042571243,0.0,0.0,0.0,True
D,24,25,state,net_buffer,32,0.0,0.0,0.0,,,,,0.0,0.0,0.0,True
D,24,25,state,scaler,1,0.0,0.0,0.0,,,,,0.0,0.0,0.0,True
D,24,25,observable,residual,393216,0.16322042988350086,0.19095511075713084,0.19671465959546852,-0.391559961328191,0.44963631221948724,0.645831509483003,1.169921626192418,0.0,0.0,0.0,True
D,24,25,observable,feature,49152,0.03602318040686458,0.0377389902586871,0.037734899173706114,-0.47738097373344507,0.4772055811402069,0.5443822500894995,1.0476307153461542,0.0,0.0,0.0,True
B,25,26,state,theta,55732739,0.0009739616309663315,0.07785778268398634,0.07800972451129802,0.1499013899413695,0.16209455362475528,0.9999238091774135,79.93927092049664,0.0,0.0,0.0,True
B,25,26,state,EMA,55732771,1.1213287842888535e-05,0.0008028204989425241,0.0008028865543582201,-0.0010926246945965874,0.012873682196207227,0.9999024677515457,71.59545979653709,0.0,0.0,0.0,True
B,25,26,state,m,55732739,2.7256847027157654,14.02896609624099,13.469383587111981,-0.2983502199038865,-0.10838360996109363,0.9811701760756462,5.146951179739564,0.0,0.0,0.0,True
B,25,26,state,v,55732739,0.3097196627920671,12.929703173604649,13.206788248716524,0.8922408240362527,0.89697271235529,0.9999439267179797,41.74647181598255,0.0,0.0,0.0,True
B,25,26,state,net_buffer,32,0.0,0.0,0.0,,,,,0.0,0.0,0.0,True
B,25,26,state,scaler,1,0.0,0.0,0.0,,,,,0.0,0.0,0.0,True
B,25,26,observable,residual,393216,0.15851408005008155,0.19228393204175276,0.20747498857441532,-0.31256781706616765,0.47433337305423634,0.6879746471948891,1.2130400780864503,0.0,0.0,0.0,True
B,25,26,observable,feature,49152,0.035790480428641615,0.03742931712251989,0.04024383837568504,-0.39651210853648106,0.5205592662346049,0.5774289729844883,1.0457897372220457,0.0,0.0,0.0,True
C,25,26,state,theta,55732739,0.0009545618708228732,0.05226642413486842,0.05233869770381209,0.0666345206599788,0.08478067251065337,0.9998344094021944,54.754359808874966,0.0,0.0,0.0,True
C,25,26,state,EMA,55732771,1.087815539563257e-05,0.0005921206252972269,0.0005921503909607015,-0.006449412221220044,0.011921507620642062,0.9998312533887458,54.432080050534594,0.0,0.0,0.0,True
C,25,26,state,m,55732739,2.707991395082285,7.0326498851503585,7.8263463387273955,0.11710333910662356,0.451237145221387,0.9391054780463001,2.596998608607715,0.0,0.0,0.0,True
C,25,26,state,v,55732739,0.4075250169272959,4.476315671057032,4.855805978242606,0.9251599118166642,0.9367822455855759,0.9994924635636027,10.984149402184123,0.0,0.0,0.0,True
C,25,26,state,net_buffer,32,0.0,0.0,0.0,,,,,0.0,0.0,0.0,True
C,25,26,state,scaler,1,0.0,0.0,0.0,,,,,0.0,0.0,0.0,True
C,25,26,observable,residual,393216,0.15649101682664654,0.1811326602928837,0.18904501533129225,-0.3803136138404641,0.46340179905088413,0.6433229457906888,1.1574636293247045,0.0,0.0,0.0,True
C,25,26,observable,feature,49152,0.036702419536179406,0.03953798837708589,0.0398275464820144,-0.4562229745711716,0.4686274329917216,0.5723049340391655,1.0772583627112464,0.0,0.0,0.0,True
D,25,26,state,theta,55732739,0.0005836488302056504,0.0744495657041881,0.07463560318080356,0.3152274839221141,0.3222617233757047,0.999972461877603,127.55883649754867,0.0,0.0,0.0,True
D,25,26,state,EMA,55732771,8.662658948097799e-06,0.0007453557754592779,0.0007454471936337506,0.004742688173668102,0.01636286121098018,0.9999324782697468,86.04237797252168,0.0,0.0,0.0,True
D,25,26,state,m,55732739,3.066904687461246,12.541452131531777,11.68645288997798,-0.3915503408920483,-0.15776430943408373,0.9704060472787537,4.089286564009092,0.0,0.0,0.0,True
D,25,26,state,v,55732739,0.6061325551254254,12.024336594008362,12.58445630357202,0.9204064180543751,0.9276053607324604,0.9998226847802804,19.837800316665383,0.0,0.0,0.0,True
D,25,26,state,net_buffer,32,0.0,0.0,0.0,,,,,0.0,0.0,0.0,True
D,25,26,state,scaler,1,0.0,0.0,0.0,,,,,0.0,0.0,0.0,True
D,25,26,observable,residual,393216,0.16458565400507208,0.1981585027570697,0.19900904962748864,-0.4101089949340667,0.4186697527458675,0.6565552966413227,1.203984052892988,0.0,0.0,0.0,True
D,25,26,observable,feature,49152,0.0405757959004117,0.039734676592142124,0.0392779323827072,-0.5217760690375635,0.5051995189141167,0.4726113668174549,0.9792704175086546,0.0,0.0,0.0,True
B,26,27,state,theta,55732739,0.0010479291563907167,0.08090437781553968,0.08111724590036626,0.1969230202997069,0.20932495183763042,0.9999197863510055,77.20405269969868,0.0,0.0,0.0,True
B,26,27,state,EMA,55732771,1.1529177051548552e-05,0.0008599944588214302,0.0008601172448667787,0.003947734044448714,0.017351362902840915,0.9999101611773743,74.59287466714021,0.0,0.0,0.0,True
B,26,27,state,m,55732739,4.924721770065278,11.172491236033407,13.626627252890037,0.33266618226000144,0.634157786480664,0.9401284256349444,2.268654303263373,0.0,0.0,0.0,True
B,26,27,state,v,55732739,1.2956563562068417,12.459387926082751,13.73084297199434,0.9793969219776698,0.9830672864200312,0.9998184234786684,9.616275076640541,0.0,0.0,0.0,True
B,26,27,state,net_buffer,32,0.0,0.0,0.0,,,,,0.0,0.0,0.0,True
B,26,27,state,scaler,1,0.0,0.0,0.0,,,,,0.0,0.0,0.0,True
B,26,27,observable,residual,393216,0.16115657753095686,0.18315810293991208,0.19663706850855703,-0.3532219140403967,0.49055410849107217,0.6419647583320975,1.1365226647651345,0.0,0.0,0.0,True
B,26,27,observable,feature,49152,0.03700561963278912,0.038002198057619695,0.03757366496524289,-0.49840280872940673,0.4807946576329801,0.5205372782228692,1.0269304617709345,0.0,0.0,0.0,True
C,26,27,state,theta,55732739,0.0008930920814104237,0.053969988050876036,0.054072371626369506,0.10647420790900672,0.12278921028032203,0.999865138085938,60.43048547205059,0.0,0.0,0.0,True
C,26,27,state,EMA,55732771,1.0489394170912662e-05,0.0006311215471981923,0.0006312045414366932,-0.00039739666876708815,0.0162207143617262,0.9998619105486738,60.16758803366425,0.0,0.0,0.0,True
C,26,27,state,m,55732739,2.1526396899883418,7.737390385443454,7.52155450536617,-0.23797352700709135,0.04139378500966528,0.960588548668601,3.59437318815085,0.0,0.0,0.0,True
C,26,27,state,v,55732739,0.21511749786331055,4.518440051276164,4.38489975043969,-0.6354094182978592,-0.6057018444869817,0.9992822222797164,21.00452123214663,0.0,0.0,0.0,True
C,26,27,state,net_buffer,32,0.0,0.0,0.0,,,,,0.0,0.0,0.0,True
C,26,27,state,scaler,1,0.0,0.0,0.0,,,,,0.0,0.0,0.0,True
C,26,27,observable,residual,393216,0.16373942987264758,0.1852604533986083,0.18306967571137348,-0.4552173931198455,0.4337455065661612,0.6048157159333027,1.131434582022786,0.0,0.0,0.0,True
C,26,27,observable,feature,49152,0.038461682646904895,0.04140719845936957,0.03755496313476078,-0.5599310778949651,0.4067772700540733,0.52912598971083,1.0765831240277708,0.0,0.0,0.0,True
D,26,27,state,theta,55732739,0.0006433861021573622,0.07737985984585266,0.07760885778529233,0.352295492908801,0.3595460977529558,0.9999699014324386,120.26970987776598,0.0,0.0,0.0,True
D,26,27,state,EMA,55732771,9.048434037315451e-06,0.0008001213301873758,0.000800232877897069,0.006674292546340452,0.017980613225196455,0.9999360738414336,88.42649754506704,0.0,0.0,0.0,True
D,26,27,state,m,55732739,3.9956729623034417,9.68370230572706,11.897618165001784,0.41110667698791825,0.6704457587667038,0.9519846731094349,2.423547271532593,0.0,0.0,0.0,True
D,26,27,state,v,55732739,1.1704715023851335,12.232079258947218,13.378237282665506,0.9772605829918666,0.9810261346756202,0.9998279025200867,10.4505570908999,0.0,0.0,0.0,True
D,26,27,state,net_buffer,32,0.0,0.0,0.0,,,,,0.0,0.0,0.0,True
D,26,27,state,scaler,1,0.0,0.0,0.0,,,,,0.0,0.0,0.0,True
D,26,27,observable,residual,393216,0.16282950516529102,0.19970212609509727,0.2003567400920373,-0.4036541195305359,0.4103626324236949,0.6686838959970351,1.2264492598707846,0.0,0.0,0.0,True
D,26,27,observable,feature,49152,0.03675514374447312,0.03830536225506585,0.03738549181278994,-0.5044914779736169,0.466234736549247,0.5286196464459202,1.0421769132878398,0.0,0.0,0.0,True
B,27,28,state,theta,55732739,0.0015516788053429574,0.08386215813854993,0.0837268198388794,-0.0964015489747935,-0.07802473749933099,0.9998298521226123,54.04608083179587,0.0,0.0,0.0,True
B,27,28,state,EMA,55732771,1.3663566458469303e-05,0.0009190758729909714,0.0009188961943641857,-0.020582232216696295,-0.005716713831673348,0.9998894890722219,67.26471275157346,0.0,0.0,0.0,True
B,27,28,state,m,55732739,3.9203936375128055,12.860977276891123,13.420404602322671,-0.006614060522011664,0.2857835116809705,0.9563830552382258,3.280532126628602,0.0,0.0,0.0,True
B,27,28,state,v,55732739,0.2458700149852201,13.69934247612087,13.745786431892661,0.1802427923794034,0.19752072899543638,0.999845213824685,55.717825034274206,0.0,0.0,0.0,True
B,27,28,state,net_buffer,32,0.0,0.0,0.0,,,,,0.0,0.0,0.0,True
B,27,28,state,scaler,1,0.0,0.0,0.0,,,,,0.0,0.0,0.0,True
B,27,28,observable,residual,393216,0.15923532600835758,0.1976376910257956,0.1917040096101149,-0.43955077169314205,0.37747528885540965,0.6658477350453811,1.2411673714626767,0.0,0.0,0.0,True
B,27,28,observable,feature,49152,0.03560444392168464,0.03738289932408427,0.0360843690321714,-0.5120505716862387,0.4562227189512681,0.5307456933039398,1.0499503771582983,0.0,0.0,0.0,True
C,27,28,state,theta,55732739,0.0014671024532805727,0.05570814516857407,0.05615829900349251,0.2949038348632448,0.31866435440821445,0.9996883863005246,37.97154387139471,0.0,0.0,0.0,True
C,27,28,state,EMA,55732771,1.3146883832567838e-05,0.0006710660379807756,0.0006713803523172826,0.01411797371795776,0.03369323579654622,0.9998082949915917,51.04373374916355,0.0,0.0,0.0,True
C,27,28,state,m,55732739,3.605207567818988,8.273018792607266,8.574668476135217,-0.13269354513317033,0.29242312775744084,0.909030015701042,2.2947413254244675,0.0,0.0,0.0,True
C,27,28,state,v,55732739,0.18587429053397872,4.359826194265482,4.370624791349498,0.03685147714819732,0.07928850964007496,0.9990965010490531,23.455778535808236,0.0,0.0,0.0,True
C,27,28,state,net_buffer,32,0.0,0.0,0.0,,,,,0.0,0.0,0.0,True
C,27,28,state,scaler,1,0.0,0.0,0.0,,,,,0.0,0.0,0.0,True
C,27,28,observable,residual,393216,0.15196097859227967,0.1846186838080933,0.18551308747275472,-0.40565362630121327,0.4154409862532656,0.6628921089134194,1.214908495051458,0.0,0.0,0.0,True
C,27,28,observable,feature,49152,0.03594249487886516,0.0378798690169261,0.03737946060743435,-0.48825790338049385,0.46676300751282157,0.543899283048074,1.0539020494985214,0.0,0.0,0.0,True
D,27,28,state,theta,55732739,0.0006188626087150738,0.080095843580783,0.08028128554387895,0.29613326747458585,0.30315790678418364,0.9999728933506151,129.4242735832492,0.0,0.0,0.0,True
D,27,28,state,EMA,55732771,8.88259524492268e-06,0.0008565757430790147,0.000856661019508608,0.00441592920526456,0.014784346196318595,0.9999462430100301,96.43304906509572,0.0,0.0,0.0,True
D,27,28,state,m,55732739,1.4334802058107703,10.980313441458476,11.683917504294687,0.44128731827148737,0.5374013703763633,0.993920923612084,7.659898892882206,0.0,0.0,0.0,True
D,27,28,state,v,55732739,0.1472296360643779,13.35161415126663,13.402310803755732,0.33947746027281567,0.3491787175512701,0.9999466129705873,90.68564256606925,0.0,0.0,0.0,True
D,27,28,state,net_buffer,32,0.0,0.0,0.0,,,,,0.0,0.0,0.0,True
D,27,28,state,scaler,1,0.0,0.0,0.0,,,,,0.0,0.0,0.0,True
D,27,28,observable,residual,393216,0.15041983343476484,0.1886259063195231,0.1901833134563509,-0.3883287982774621,0.40577146599887615,0.6846739117025127,1.2539962451250004,0.0,0.0,0.0,True
D,27,28,observable,feature,49152,0.0354542664046668,0.04018965088031727,0.037530182344749655,-0.5136163996348829,0.3946744111411844,0.5856555136330485,1.1335631774636623,0.0,0.0,0.0,True
B,28,29,state,theta,55732739,0.0014394985527420745,0.0863399695150941,0.08643839844598547,0.060079987187418936,0.07666503468492766,0.9998618221010449,59.97919855537656,0.0,0.0,0.0,True
B,28,29,state,EMA,55732771,1.3111614350240717e-05,0.0009792102289566923,0.0009792574366219362,-0.0030944613483154526,0.010295031487977654,0.9999103595788176,74.68265941933495,0.0,0.0,0.0,True
B,28,29,state,m,55732739,4.014876052350828,12.982592494173618,12.819971830126844,-0.19487620724147128,0.11582534553119903,0.951654873989389,3.2336222401117287,0.0,0.0,0.0,True
B,28,29,state,v,55732739,0.2216039863912349,13.611358036832625,13.67122203099884,0.26259316062937615,0.2776528319951398,0.9998776771405017,61.42199090589552,0.0,0.0,0.0,True
B,28,29,state,net_buffer,32,0.0,0.0,0.0,,,,,0.0,0.0,0.0,True
B,28,29,state,scaler,1,0.0,0.0,0.0,,,,,0.0,0.0,0.0,True
B,28,29,observable,residual,393216,0.1515476316685752,0.19007908535096246,0.1847392434527694,-0.4333840998013819,0.3744216825829022,0.6733856277540186,1.2542530903198343,0.0,0.0,0.0,True
B,28,29,observable,feature,49152,0.034375179518742374,0.04254782434235299,0.04170728401995231,-0.42816973782243356,0.38740208346898275,0.6672554541528213,1.2377484259872635,0.0,0.0,0.0,True
C,28,29,state,theta,55732739,0.0013009892355730832,0.05833057079846991,0.05839564141109288,0.038892290871256265,0.06112782864433952,0.9997521705301462,44.83555221175632,0.0,0.0,0.0,True
C,28,29,state,EMA,55732771,1.2336246428912575e-05,0.0007127874937577129,0.0007128200291677929,-0.0060160798681577025,0.011290451457765869,0.9998502409451178,57.779933131616616,0.0,0.0,0.0,True
C,28,29,state,m,55732739,3.97584746777554,9.115676658310507,8.734955885606873,-0.3118361699808281,0.129737320566402,0.9016489281312764,2.2927631736865064,0.0,0.0,0.0,True
C,28,29,state,v,55732739,0.28814892446659013,5.082702390177481,5.30297056928676,0.752642618870309,0.7757175546424768,0.9993597893992197,17.639151003552687,0.0,0.0,0.0,True
C,28,29,state,net_buffer,32,0.0,0.0,0.0,,,,,0.0,0.0,0.0,True
C,28,29,state,scaler,1,0.0,0.0,0.0,,,,,0.0,0.0,0.0,True
C,28,29,observable,residual,393216,0.16236864861390013,0.18902230798050992,0.192334087369526,-0.40892064685703505,0.4423216151001408,0.6375698496149182,1.1641552084971163,0.0,0.0,0.0,True
C,28,29,observable,feature,49152,0.03436380412745216,0.03776159813232182,0.03952016723710574,-0.402643268240142,0.48479933616005616,0.605393281504559,1.0988771205966477,0.0,0.0,0.0,True
D,28,29,state,theta,55732739,0.0006391431199355927,0.08278359626182265,0.08301840419635462,0.36403996647162845,0.37070913402165456,0.9999742913080445,129.5227839895466,0.0,0.0,0.0,True
D,28,29,state,EMA,55732771,8.92160468926434e-06,0.0009146245463962935,0.0009147520142573558,0.009411349167222022,0.01916306865587309,0.9999524422755868,102.51794136282358,0.0,0.0,0.0,True
D,28,29,state,m,55732739,2.181866708169265,10.587257128163658,11.756864015543309,0.46262577022959567,0.602184790293127,0.9863722910494916,4.8523849273299975,0.0,0.0,0.0,True
D,28,29,state,v,55732739,0.2907771335712544,13.168464877895167,13.41439059500135,0.8426099974999057,0.8488389547606546,0.9999318644176786,45.28714041631564,0.0,0.0,0.0,True
D,28,29,state,net_buffer,32,0.0,0.0,0.0,,,,,0.0,0.0,0.0,True
D,28,29,state,scaler,1,0.0,0.0,0.0,,,,,0.0,0.0,0.0,True
D,28,29,observable,residual,393216,0.15484229541005137,0.19258684132237786,0.19511950707856784,-0.3855424549569114,0.4130386193614825,0.6810624145607018,1.2437612140298737,0.0,0.0,0.0,True
D,28,29,observable,feature,49152,0.03380060232446599,0.04179761987376812,0.04132743458297056,-0.4181687671274815,0.3949469237007752,0.6693680348351181,1.2365939361830138,0.0,0.0,0.0,True
B,29,30,state,theta,55732739,0.0009709870155964575,0.08894180257699782,0.08913124493172765,0.18985209920711374,0.2003424832199082,0.9999427986053608,91.59937377984679,0.0,0.0,0.0,True
B,29,30,state,EMA,55732771,1.115015292879942e-05,0.0010411501659952534,0.0010412615809449986,0.004638041268835703,0.015345856082809422,0.9999426656265822,93.37541580314074,0.0,0.0,0.0,True
B,29,30,state,m,55732739,2.8041512658843972,10.592380899680789,10.448031144967674,-0.18349283532372332,0.08236243267590111,0.9645682610815223,3.7773928348833468,0.0,0.0,0.0,True
B,29,30,state,v,55732739,0.5075460706389988,14.224832487134002,14.705040112194178,0.9442659098299763,0.9479450824294031,0.999935452546857,28.02668232506457,0.0,0.0,0.0,True
B,29,30,state,net_buffer,32,0.0,0.0,0.0,,,,,0.0,0.0,0.0,True
B,29,30,state,scaler,1,0.0,0.0,0.0,,,,,0.0,0.0,0.0,True
B,29,30,observable,residual,393216,0.1587397407280915,0.21001408509234376,0.20351918470229904,-0.4182091426052065,0.3484188990356374,0.7057205660251121,1.323008870551711,0.0,0.0,0.0,True
B,29,30,observable,feature,49152,0.03781808814665766,0.03638134298785222,0.04120769265430147,-0.38366044708012176,0.5790182437713457,0.5307756142834408,0.9620090483359769,0.0,0.0,0.0,True
C,29,30,state,theta,55732739,0.0008978591456090766,0.06039472545210182,0.0604436172666066,0.047042552242492146,0.06185899093974687,0.9998899101502864,67.26525619019242,0.0,0.0,0.0,True
C,29,30,state,EMA,55732771,1.0552525388245955e-05,0.000755425530038588,0.0007554586814112975,-0.003842863702092577,0.010125673617167631,0.9999024390197612,71.58717958452172,0.0,0.0,0.0,True
C,29,30,state,m,55732739,2.191229265849279,8.51194404765236,8.155275786259093,-0.2880756066674398,-0.0319859421599197,0.9663320473874911,3.884552009373283,0.0,0.0,0.0,True
C,29,30,state,v,55732739,0.326286589997083,4.958145330132016,5.263406607648803,0.9314578917413022,0.9394277422845001,0.9997455909462326,15.19567607781963,0.0,0.0,0.0,True
C,29,30,state,net_buffer,32,0.0,0.0,0.0,,,,,0.0,0.0,0.0,True
C,29,30,state,scaler,1,0.0,0.0,0.0,,,,,0.0,0.0,0.0,True
C,29,30,observable,residual,393216,0.15846713818835925,0.20502738670772283,0.195414161925536,-0.4456952369007101,0.34330883615329466,0.6877666218638663,1.2938164281355327,0.0,0.0,0.0,True
C,29,30,observable,feature,49152,0.03654720700234917,0.03767092388243535,0.04139587116325902,-0.3781244961224385,0.5387713137592223,0.5761813673620446,1.030746997438517,0.0,0.0,0.0,True
D,29,30,state,theta,55732739,0.0005999307490553804,0.08555452881400522,0.08574242902427412,0.31004097380092116,0.31635842935997516,0.9999778744707817,142.60734084511407,0.0,0.0,0.0,True
D,29,30,state,EMA,55732771,8.694266381475768e-06,0.0009744212936683756,0.0009745228109411575,0.0072157093229892775,0.01613652037506534,0.9999602041395427,112.07630993967508,0.0,0.0,0.0,True
D,29,30,state,m,55732739,3.3042684750932407,10.832058959568451,11.116301820431598,-0.06537105010772462,0.23354578240271887,0.9549988504271812,3.2782018293058917,0.0,0.0,0.0,True
D,29,30,state,v,55732739,0.7525923268473609,13.763645108235844,14.474562256556903,0.9416804161329603,0.9474239798626799,0.9998469250566827,18.28831442634062,0.0,0.0,0.0,True
D,29,30,state,net_buffer,32,0.0,0.0,0.0,,,,,0.0,0.0,0.0,True
D,29,30,state,scaler,1,0.0,0.0,0.0,,,,,0.0,0.0,0.0,True
D,29,30,observable,residual,393216,0.1651377710018012,0.1993507664362779,0.20056703050281868,-0.406801338860329,0.4190200757422567,0.6589941515561166,1.207178498455714,0.0,0.0,0.0,True
D,29,30,observable,feature,49152,0.0343311570658303,0.03745769863723038,0.03892088552827743,-0.4148134904705249,0.48285639173018846,0.5965093349685925,1.0910700902216872,0.0,0.0,0.0,True
B,30,31,state,theta,55732739,0.0028147742463802933,0.09158135104004231,0.09191011850577564,0.10164268557584537,0.13190439651095215,0.9995357828633546,32.53594889814446,0.0,0.0,0.0,True
B,30,31,state,EMA,55732771,1.7091119160047602e-05,0.0011047046912654652,0.0011047832761244866,-0.003137448115081173,0.012332885375049948,0.9998803318610341,64.63618215522338,0.0,0.0,0.0,True
B,30,31,state,m,55732739,7.135283057094623,8.983927758547056,12.590646892939208,0.20982810868725751,0.7164336911324309,0.8324521207280637,1.259084984668453,0.0,0.0,0.0,True
B,30,31,state,v,55732739,0.5458060904779104,14.315788543953431,14.17870003100257,-0.26902755256243904,-0.23313388796402587,0.9993124642087943,26.228707949041862,0.0,0.0,0.0,True
B,30,31,state,net_buffer,32,0.0,0.0,0.0,,,,,0.0,0.0,0.0,True
B,30,31,state,scaler,1,0.0,0.0,0.0,,,,,0.0,0.0,0.0,True
B,30,31,observable,residual,393216,0.15711790096197337,0.20111760474268991,0.20156177880546172,-0.38778187031871525,0.3925751226734502,0.6955194188001801,1.2800425891087077,0.0,0.0,0.0,True
B,30,31,observable,feature,49152,0.03748435071957045,0.037520167695396206,0.03801470342216271,-0.4862426257644775,0.506131684010988,0.507532003135066,1.000955518106575,0.0,0.0,0.0,True
C,30,31,state,theta,55732739,0.0028814963987646523,0.06257365505455866,0.06225063050265138,-0.13483853745894955,-0.08924959775333058,0.998947605708305,21.715680464284137,0.0,0.0,0.0,True
C,30,31,state,EMA,55732771,1.6982630966014437e-05,0.0007993597703031039,0.0007990389934629771,-0.02950738005551375,-0.008265405858085228,0.9997743087538842,47.06925398678091,0.0,0.0,0.0,True
C,30,31,state,m,55732739,8.74330624788125,7.1588214847486356,10.08507935094511,-0.20757764363301995,0.7196071245793006,0.529882452114845,0.818777391731351,0.0,0.0,0.0,True
C,30,31,state,v,55732739,1.2637380973581385,4.561587589475652,5.713835876429352,0.8884148661384431,0.9304293017886206,0.9948327927168833,3.609598855183453,0.0,0.0,0.0,True
C,30,31,state,net_buffer,32,0.0,0.0,0.0,,,,,0.0,0.0,0.0,True
C,30,31,state,scaler,1,0.0,0.0,0.0,,,,,0.0,0.0,0.0,True
C,30,31,observable,residual,393216,0.16678733815187427,0.200752726525514,0.18178857483311722,-0.5237370298328389,0.3391065774466213,0.6238016967360449,1.2036448854571402,0.0,0.0,0.0,True
C,30,31,observable,feature,49152,0.03673339267009293,0.037240512612557376,0.036257878959142724,-0.5195887857329864,0.4794444805017156,0.5006981721051023,1.0138054207793696,0.0,0.0,0.0,True
D,30,31,state,theta,55732739,0.000632686301690593,0.08830425043548278,0.088555685957026,0.39439282471156883,0.40041753030049343,0.9999784476418137,139.57035295299758,0.0,0.0,0.0,True
D,30,31,state,EMA,55732771,8.901437394878763e-06,0.0010359214829209521,0.0010360549709323137,0.010700811059989594,0.019291097497090102,0.9999630951902068,116.3768767858712,0.0,0.0,0.0,True
D,30,31,state,m,55732739,3.2597396492239765,12.771456620647534,12.454454747071795,-0.2236588699923103,0.03238119223075241,0.9669140222348388,3.917937625383041,0.0,0.0,0.0,True
D,30,31,state,v,55732739,0.7688509626155069,13.296444756354738,14.049463270283063,0.9782291812352536,0.9805229541474602,0.9999355088333562,17.293917030580776,0.0,0.0,0.0,True
D,30,31,state,net_buffer,32,0.0,0.0,0.0,,,,,0.0,0.0,0.0,True
D,30,31,state,scaler,1,0.0,0.0,0.0,,,,,0.0,0.0,0.0,True
D,30,31,observable,residual,393216,0.1595373421695942,0.2050489239981801,0.20168308755356726,-0.4099469550865298,0.37424139548996105,0.6924084614485422,1.2852722830257843,0.0,0.0,0.0,True
D,30,31,observable,feature,49152,0.03687404329473062,0.037698148090846005,0.03741469340690797,-0.4967278974575248,0.4850586708849392,0.518025949952545,1.0223491844799444,0.0,0.0,0.0,True
B,31,32,state,theta,55732739,0.0012391905188132572,0.09472890435583627,0.09495732342226444,0.17801077167756407,0.19063254134563687,0.999917543948833,76.44418103404782,0.0,0.0,0.0,True
B,31,32,state,EMA,55732771,1.2401473651868709e-05,0.001169964322858845,0.0011700870064522114,0.004593244501847042,0.015191524858560413,0.9999438327300976,94.34074979327555,0.0,0.0,0.0,True
B,31,32,state,m,55732739,2.5071086576052157,12.734912083231233,13.156300233365146,0.07242364074695348,0.26066730725466314,0.9817719108603382,5.079521401914662,0.0,0.0,0.0,True
B,31,32,state,v,55732739,0.17191999475255001,14.187033737541224,14.221545056030394,0.19492568112210112,0.20654135662281475,0.9999297054989748,82.52113873061175,0.0,0.0,0.0,True
B,31,32,state,net_buffer,32,0.0,0.0,0.0,,,,,0.0,0.0,0.0,True
B,31,32,state,scaler,1,0.0,0.0,0.0,,,,,0.0,0.0,0.0,True
B,31,32,observable,residual,393216,0.1507811578054503,0.1970064380742215,0.1971555742683102,-0.38169132292649843,0.3833800292605401,0.7073326686126842,1.3065719944160046,0.0,0.0,0.0,True
B,31,32,observable,feature,49152,0.03537179542951934,0.03979627621721773,0.039413179730418996,-0.45518930335659796,0.4378473470055597,0.6012053191154901,1.125084993113071,0.0,0.0,0.0,True
C,31,32,state,theta,55732739,0.0011444098382998615,0.06421382164989503,0.06404225666153364,-0.1586263482391051,-0.14118169264842478,0.9998443439426299,56.1108612499271,0.0,0.0,0.0,True
C,31,32,state,EMA,55732771,1.1716965197077981e-05,0.0008437097697834515,0.0008436300523406015,-0.01374698777680748,0.00014046121799840737,0.9999035649165543,72.00753399812598,0.0,0.0,0.0,True
C,31,32,state,m,55732739,2.1731002684097804,9.391642470966968,9.039954252689428,-0.27450023869720175,-0.04479091600590416,0.9729170837295932,4.321771345525411,0.0,0.0,0.0,True
C,31,32,state,v,55732739,0.10365355009357255,5.791594549192446,5.793800106448126,0.012333596399777,0.030219326962903446,0.999839977875248,55.87454114175658,0.0,0.0,0.0,True
C,31,32,state,net_buffer,32,0.0,0.0,0.0,,,,,0.0,0.0,0.0,True
C,31,32,state,scaler,1,0.0,0.0,0.0,,,,,0.0,0.0,0.0,True
C,31,32,observable,residual,393216,0.15606376825607104,0.1929385755750058,0.17724426713424934,-0.5009123383126367,0.3352348494808044,0.647492358131112,1.236280385453914,0.0,0.0,0.0,True
C,31,32,observable,feature,49152,0.03447608811103851,0.0382600748331757,0.04076001240924422,-0.37566793240020013,0.4932040918717477,0.6209152696311463,1.1097568468310546,0.0,0.0,0.0,True
D,31,32,state,theta,55732739,0.000601132840860251,0.09114978708393105,0.09136462116602592,0.3545057049261611,0.3602516153939677,0.9999810751626901,151.63002399518078,0.0,0.0,0.0,True
D,31,32,state,EMA,55732771,8.735649429952222e-06,0.0010992394607145398,0.0010993486744813653,0.00852920162434279,0.01647455884036486,0.9999684307150919,125.83374247431904,0.0,0.0,0.0,True
D,31,32,state,m,55732739,1.3754565302038093,11.54643745712869,12.150644866375794,0.39120914174271787,0.484956023552244,0.994558622913537,8.394621860872467,0.0,0.0,0.0,True
D,31,32,state,v,55732739,0.1260243245067295,14.036267995749359,14.078907556858644,0.33436857105890255,0.34230718383383996,0.9999644157188133,111.37745074761216,0.0,0.0,0.0,True
D,31,32,state,net_buffer,32,0.0,0.0,0.0,,,,,0.0,0.0,0.0,True
D,31,32,state,scaler,1,0.0,0.0,0.0,,,,,0.0,0.0,0.0,True
D,31,32,observable,residual,393216,0.15310796062251514,0.1951469333589636,0.1965613181695103,-0.38301761932613465,0.3986707431468803,0.694459561284231,1.2745707836844276,0.0,0.0,0.0,True
D,31,32,observable,feature,49152,0.03581741751234136,0.03874567064459838,0.04101264113169081,-0.39706787426228796,0.4982063058805397,0.5979552678078677,1.0817550045658106,0.0,0.0,0.0,True
B,32,33,state,theta,55732739,0.001049787725020931,0.09780450927672985,0.09804377200108154,0.22282735149005545,0.23299090829234126,0.9999455212110919,93.16598674725387,0.0,0.0,0.0,True
B,32,33,state,EMA,55732771,1.1516691645134365e-05,0.0012369791728149189,0.0012370998214402621,0.005821322397835304,0.015130182613482401,0.9999566678053046,107.40750998030971,0.0,0.0,0.0,True
B,32,33,state,m,55732739,3.0055889532739037,12.361419543292737,13.379445708751044,0.23108698446715864,0.4381461120943588,0.9758230882848262,4.1128110781175815,0.0,0.0,0.0,True
B,32,33,state,v,55732739,0.3839308694023969,14.316981026462107,14.524992248449998,0.5323210488227917,0.5511301547330582,0.999749621972256,37.290518078806834,0.0,0.0,0.0,True
B,32,33,state,net_buffer,32,0.0,0.0,0.0,,,,,0.0,0.0,0.0,True
B,32,33,state,scaler,1,0.0,0.0,0.0,,,,,0.0,0.0,0.0,True
B,32,33,observable,residual,393216,0.15346781938335444,0.19437309790332355,0.18684633954108867,-0.4428713453207444,0.3606468512375125,0.67652702525531,1.2665397780741896,0.0,0.0,0.0,True
B,32,33,observable,feature,49152,0.036442151348397865,0.03888913203823677,0.038622390057759706,-0.4758335139658018,0.46443006164916983,0.5579337548357037,1.0671469877407904,0.0,0.0,0.0,True
C,32,33,state,theta,55732739,0.0008700452953016576,0.06573246237937838,0.06579000816869604,0.05955201437841148,0.07272450594288507,0.9999128615493204,75.55062102437778,0.0,0.0,0.0,True
C,32,33,state,EMA,55732771,1.0372179487815483e-05,0.0008891075831716549,0.0008891426789317459,-0.0024492053720333155,0.009216262601004846,0.9999319576494915,85.72042011190771,0.0,0.0,0.0,True
C,32,33,state,m,55732739,2.402804789580154,9.126008457135516,10.236770390142823,0.3587640169548549,0.5545585205166319,0.9757030757494899,3.7980648684865153,0.0,0.0,0.0,True
C,32,33,state,v,55732739,0.26564292449023047,5.958868020441191,6.16190863400023,0.7550687846477822,0.7732990606626249,0.9996004592797217,22.43187177628117,0.0,0.0,0.0,True
C,32,33,state,net_buffer,32,0.0,0.0,0.0,,,,,0.0,0.0,0.0,True
C,32,33,state,scaler,1,0.0,0.0,0.0,,,,,0.0,0.0,0.0,True
C,32,33,observable,residual,393216,0.15209367243238284,0.20768416302333137,0.19467831252318202,-0.4490003789112755,0.30225968048715723,0.7160224714531838,1.3655016655322247,0.0,0.0,0.0,True
C,32,33,observable,feature,49152,0.035932988150764116,0.03758013918280652,0.03788138787312149,-0.46966759290022514,0.4826331786247041,0.5465369748771778,1.0458395228677184,0.0,0.0,0.0,True
D,32,33,state,theta,55732739,0.0006909148652931877,0.09401043821747278,0.09425971880734202,0.3576015179088309,0.36398570572081296,0.9999765712721986,136.06660232672766,0.0,0.0,0.0,True
D,32,33,state,EMA,55732771,9.220025106605176e-06,0.0011642443732059102,0.0011643759038800837,0.010306906210830755,0.01822416849834716,0.9999686520993635,126.27344933929213,0.0,0.0,0.0,True
D,32,33,state,m,55732739,2.663421024724129,11.469062931992488,11.609556468734345,-0.06304091785012259,0.16713823442232187,0.9734358462709302,4.306139669818228,0.0,0.0,0.0,True
D,32,33,state,v,55732739,0.44319289516001387,13.986315128543993,14.356813184365151,0.8312034158764166,0.840622891065602,0.9998527105253203,31.558076136338475,0.0,0.0,0.0,True
D,32,33,state,net_buffer,32,0.0,0.0,0.0,,,,,0.0,0.0,0.0,True
D,32,33,state,scaler,1,0.0,0.0,0.0,,,,,0.0,0.0,0.0,True
D,32,33,observable,residual,393216,0.15447591163288427,0.2031566889620802,0.1975553704771599,-0.415949355780336,0.3541944598500843,0.7031068439157463,1.315135070669704,0.0,0.0,0.0,True
D,32,33,observable,feature,49152,0.035802511540707564,0.03972701725881342,0.03906911478220008,-0.46883030722617547,0.43966396294969234,0.5872084612515219,1.1096153747103379,0.0,0.0,0.0,True
B,33,34,state,theta,55732739,0.0010339732998362148,0.10090401251844627,0.10111300031325299,0.19720683793210475,0.20702515481104586,0.9999497474130524,97.58860556112025,0.0,0.0,0.0,True
B,33,34,state,EMA,55732771,1.1226198223205898e-05,0.0013057739476720115,0.001305870207332587,0.004276195642258385,0.012872598665339042,0.9999630482107756,116.31488431879103,0.0,0.0,0.0,True
B,33,34,state,m,55732739,2.74934018446796,12.216051107831056,13.143025898235274,0.23742505145975912,0.42986575474513755,0.979136269094367,4.443266488753937,0.0,0.0,0.0,True
B,33,34,state,v,55732739,0.4730532370636245,14.767774541917044,15.217505210353531,0.9491574362004513,0.9521926268043821,0.9999521162799829,31.217997013580977,0.0,0.0,0.0,True
B,33,34,state,net_buffer,32,0.0,0.0,0.0,,,,,0.0,0.0,0.0,True
B,33,34,state,scaler,1,0.0,0.0,0.0,,,,,0.0,0.0,0.0,True
B,33,34,observable,residual,393216,0.17411489145328768,0.2036389942447136,0.2086958654666237,-0.3981048093511966,0.445841264104521,0.6436304728757564,1.169566787452794,0.0,0.0,0.0,True
B,33,34,observable,feature,49152,0.03865008414201786,0.04012400103527406,0.037679802883225734,-0.5429459775599077,0.4475851221560966,0.5079403779613142,1.0381348948126572,0.0,0.0,0.0,True
C,33,34,state,theta,55732739,0.0009967860579543789,0.06741666734803055,0.06750714822777305,0.08344080411513924,0.09809460429129065,0.9998917411010848,67.63403923042841,0.0,0.0,0.0,True
C,33,34,state,EMA,55732771,1.0676753563945699e-05,0.0009355993772952727,0.0009356325462982041,-0.0025991248906850335,0.008812235067419618,0.999934889803575,87.62957501001951,0.0,0.0,0.0,True
C,33,34,state,m,55732739,2.2415510768362132,9.615887862370293,9.116667489778115,-0.33348539662236854,-0.10587279857522316,0.9727637124427042,4.289836605437705,0.0,0.0,0.0,True
C,33,34,state,v,55732739,0.33257909084873377,6.004110151240563,6.320548242765246,0.9488440965013062,0.9539589496051335,0.999861976442615,18.05317987946332,0.0,0.0,0.0,True
C,33,34,state,net_buffer,32,0.0,0.0,0.0,,,,,0.0,0.0,0.0,True
C,33,34,state,scaler,1,0.0,0.0,0.0,,,,,0.0,0.0,0.0,True
C,33,34,observable,residual,393216,0.1675009003267331,0.20688812079007918,0.20673042160636926,-0.40575146206482926,0.4041772961282404,0.6720074602752699,1.2351463209243414,0.0,0.0,0.0,True
C,33,34,observable,feature,49152,0.04077885541854754,0.03656225291579052,0.04128356012654859,-0.43440974967019175,0.6030452849925299,0.45653815910759815,0.8965983115642042,0.0,0.0,0.0,True
D,33,34,state,theta,55732739,0.0005763437937450226,0.09692381658347111,0.09711573112125749,0.3303427000781929,0.3356245037697901,0.9999843117817298,168.17014017565825,0.0,0.0,0.0,True
D,33,34,state,EMA,55732771,8.62374400350244e-06,0.0012310554235625947,0.0012311579306979257,0.008384529563068472,0.015388411286437335,0.9999754693544692,142.75185152326125,0.0,0.0,0.0,True
D,33,34,state,m,55732739,3.2090544826543423,10.759349775853511,11.84443432198285,0.20605390234230542,0.45811056426427993,0.9642155686268017,3.3528099426202345,0.0,0.0,0.0,True
D,33,34,state,v,55732739,0.717750126881658,14.160555480460227,14.843635951539556,0.94930756622762,0.953976009159659,0.999884472714412,19.72908809084057,0.0,0.0,0.0,True
D,33,34,state,net_buffer,32,0.0,0.0,0.0,,,,,0.0,0.0,0.0,True
D,33,34,state,scaler,1,0.0,0.0,0.0,,,,,0.0,0.0,0.0,True
D,33,34,observable,residual,393216,0.17568382380800482,0.21488030365803615,0.20586354987213173,-0.45904155829413823,0.3742519470686154,0.6520538846897073,1.2231080756351649,0.0,0.0,0.0,True
D,33,34,observable,feature,49152,0.043739914476138855,0.04326950961225926,0.037087485675913336,-0.6366752260902879,0.43657016284210715,0.4158111393355846,0.9892454096101123,0.0,0.0,0.0,True
B,34,35,state,theta,55732739,0.0009268923506465848,0.10396812635343795,0.10413504391872147,0.1757699903396555,0.18438911813787992,0.9999616103704002,112.16850185559467,0.0,0.0,0.0,True
B,34,35,state,EMA,55732771,1.0906651250242861e-05,0.001376311944169232,0.001376418998772614,0.005853641057512056,0.013777118284102401,0.9999686062297442,126.1901487992096,0.0,0.0,0.0,True
B,34,35,state,m,55732739,3.3214691574950788,12.470757024064673,11.692850520501176,-0.3600711681814477,-0.09996629053090654,0.964246632989842,3.754590644300797,0.0,0.0,0.0,True
B,34,35,state,v,55732739,0.7746858950883373,14.985170513966706,15.731661484630791,0.9617574189743069,0.9653643276222112,0.9999090328958882,19.343543762672933,0.0,0.0,0.0,True
B,34,35,state,net_buffer,32,0.0,0.0,0.0,,,,,0.0,0.0,0.0,True
B,34,35,state,scaler,1,0.0,0.0,0.0,,,,,0.0,0.0,0.0,True
B,34,35,observable,residual,393216,0.16706157909762753,0.20908453207129046,0.21169158564179447,-0.38380462926179154,0.41009645007114043,0.6847958751045197,1.2515416961856056,0.0,0.0,0.0,True
B,34,35,observable,feature,49152,0.03716262733700893,0.03697517414145698,0.03743319841754863,-0.49013365332164793,0.5086354080800813,0.5011733068725152,0.9949558680592726,0.0,0.0,0.0,True
C,34,35,state,theta,55732739,0.0007323529567105041,0.06915515369124692,0.06923178613232159,0.09940164949274935,0.10986989834419235,0.9999446013257631,94.42872191281893,0.0,0.0,0.0,True
C,34,35,state,EMA,55732771,9.661115931771288e-06,0.0009831085252394447,0.0009831670125947007,0.0011405172114855664,0.010966975078943146,0.999951718593437,101.75931353917618,0.0,0.0,0.0,True
C,34,35,state,m,55732739,1.6750248717751708,7.254744982690931,7.68051077126706,0.14620014040002327,0.3561832914869599,0.9764498843194486,4.33112672231693,0.0,0.0,0.0,True
C,34,35,state,v,55732739,0.14616901925627013,5.676887856094871,5.782036282330457,0.7131499553470294,0.7254609164523896,0.9998429624728173,38.83783229154665,0.0,0.0,0.0,True
C,34,35,state,net_buffer,32,0.0,0.0,0.0,,,,,0.0,0.0,0.0,True
C,34,35,state,scaler,1,0.0,0.0,0.0,,,,,0.0,0.0,0.0,True
C,34,35,observable,residual,393216,0.16237111081101388,0.1994572552820515,0.19940494212654047,-0.4073544907223448,0.4068169088469146,0.6685624373592975,1.2284035890731986,0.0,0.0,0.0,True
C,34,35,observable,feature,49152,0.036329585510693575,0.03780355115345436,0.03828583535521148,-0.4671450045496304,0.4876436745314377,0.5441272619885387,1.040572046777878,0.0,0.0,0.0,True
D,34,35,state,theta,55732739,0.0006618494024108654,0.0996840342796854,0.09986372292095913,0.26841971441021895,0.2745642623069872,0.9999796200898947,150.61437528926433,0.0,0.0,0.0,True
D,34,35,state,EMA,55732771,9.13768802037852e-06,0.0012995496948939637,0.0012996300478276684,0.005278132435237243,0.012308797755899688,0.9999752829613061,142.21865443378653,0.0,0.0,0.0,True
D,34,35,state,m,55732739,3.5192763682016848,10.61363327916196,10.02078624042054,-0.32954269050729107,0.002158623166880514,0.9434271173266038,3.015856718460966,0.0,0.0,0.0,True
D,34,35,state,v,55732739,0.852951956490862,14.630508227971191,15.453826535714686,0.9632672559244136,0.9671417907718236,0.9998901490724473,17.152792858536497,0.0,0.0,0.0,True
D,34,35,state,net_buffer,32,0.0,0.0,0.0,,,,,0.0,0.0,0.0,True
D,34,35,state,scaler,1,0.0,0.0,0.0,,,,,0.0,0.0,0.0,True
D,34,35,observable,residual,393216,0.17085299323496686,0.20778454253707154,0.21553591823516274,-0.364915259285473,0.440897479165655,0.6747723507148964,1.2161598026633007,0.0,0.0,0.0,True
D,34,35,observable,feature,49152,0.03737216067100727,0.03832629233970817,0.038244593027131873,-0.4897362888198289,0.48640560727467147,0.5235717648585047,1.0255305460420194,0.0,0.0,0.0,True
B,35,36,state,theta,55732739,0.001047668681394442,0.10686255391139694,0.10706017070826493,0.18389774248322888,0.19334408832672148,0.9999537373099959,102.00033255662791,0.0,0.0,0.0,True
B,35,36,state,EMA,55732771,1.1368059629965693e-05,0.0014485809030667688,0.0014486960320596403,0.0062039509573937595,0.014050555851575022,0.9999692122381371,127.42551941303816,0.0,0.0,0.0,True
B,35,36,state,m,55732739,2.518376930568056,11.071804189874088,11.794412274518152,0.1825682170031837,0.3849056972791984,0.9777155069221929,4.396404706334681,0.0,0.0,0.0,True
B,35,36,state,v,55732739,0.1646419476837853,15.672691067130595,15.727760756542128,0.3298166523226595,0.33913005995550993,0.999951167022027,95.19257569299343,0.0,0.0,0.0,True
B,35,36,state,net_buffer,32,0.0,0.0,0.0,,,,,0.0,0.0,0.0,True
B,35,36,state,scaler,1,0.0,0.0,0.0,,,,,0.0,0.0,0.0,True
B,35,36,observable,residual,393216,0.16848928704428717,0.20902720190762789,0.210193001445675,-0.39609353664755104,0.4076965588566527,0.6769477734100818,1.2405963938388878,0.0,0.0,0.0,True
B,35,36,observable,feature,49152,0.03890390351549364,0.04016202481000614,0.03849884368182731,-0.5262027401502654,0.4615862272994379,0.5114617036382962,1.0323392045739435,0.0,0.0,0.0,True
C,35,36,state,theta,55732739,0.001005591950413007,0.07116879969441108,0.07118838889310013,0.012418109894645365,0.0265404787980998,0.999900241493733,70.7730403621283,0.0,0.0,0.0,True
C,35,36,state,EMA,55732771,1.1017022613232065e-05,0.0010317966241517945,0.0010318532894321086,-0.0001951860159568532,0.010481752058801546,0.9999429999887895,93.6547613973805,0.0,0.0,0.0,True
C,35,36,state,m,55732739,2.143839296548321,8.315091072888823,8.403133134873098,-0.08762766793346205,0.16841423722106702,0.9671668060547642,3.878598123598396,0.0,0.0,0.0,True
C,35,36,state,v,55732739,0.11786578326904934,5.780508536417045,5.760319822622408,-0.1811816135087322,-0.16135494362826067,0.9997975114175193,49.04314361719397,0.0,0.0,0.0,True
C,35,36,state,net_buffer,32,0.0,0.0,0.0,,,,,0.0,0.0,0.0,True
C,35,36,state,scaler,1,0.0,0.0,0.0,,,,,0.0,0.0,0.0,True
C,35,36,observable,residual,393216,0.16984854376979444,0.20652483861859242,0.2066188155713596,-0.41065266802792977,0.4115722352868788,0.6619730181912189,1.215935291729716,0.0,0.0,0.0,True
C,35,36,observable,feature,49152,0.038139361209094474,0.03924929989027644,0.03736901464450021,-0.5339798906019141,0.45976658766440254,0.5053290311200777,1.029102183308652,0.0,0.0,0.0,True
D,35,36,state,theta,55732739,0.0006002489305133163,0.10232182596569168,0.10252894071353136,0.34246416379374367,0.347626799317932,0.999984872566003,170.46565310526898,0.0,0.0,0.0,True
D,35,36,state,EMA,55732771,8.65813359950476e-06,0.0013695664879227914,0.001369664584305982,0.008169471533142765,0.014490239627092952,0.9999800213807577,158.18264666199306,0.0,0.0,0.0,True
D,35,36,state,m,55732739,1.4226630475333595,10.091632214106829,10.75563946096827,0.4116032496535446,0.5184639817469401,0.9927075918062028,7.093480238770448,0.0,0.0,0.0,True
D,35,36,state,v,55732739,0.1317384907575304,15.469179415089178,15.51404811922179,0.3368250245570909,0.3443424428021536,0.9999680364696383,117.42338420713182,0.0,0.0,0.0,True
D,35,36,state,net_buffer,32,0.0,0.0,0.0,,,,,0.0,0.0,0.0,True
D,35,36,state,scaler,1,0.0,0.0,0.0,,,,,0.0,0.0,0.0,True
D,35,36,observable,residual,393216,0.16924396419934684,0.21589900541181828,0.21738502479278568,-0.383141143265612,0.3980226904701934,0.6948715976257499,1.2756673860316696,0.0,0.0,0.0,True
D,35,36,observable,feature,49152,0.033283748893494905,0.03855797804932711,0.03766197833417692,-0.45821376850397477,0.4146344179548387,0.6188444439135747,1.1584625930423067,0.0,0.0,0.0,True
B,36,37,state,theta,55732739,0.0011346950726718002,0.10995420029279158,0.1101844598936116,0.19797903791392696,0.20786344901402748,0.9999490512363347,96.90198092945698,0.0,0.0,0.0,True
B,36,37,state,EMA,55732771,1.1885553365056365e-05,0.0015226468770811372,0.0015227448930762784,0.00434399005257402,0.012149058149396144,0.9999695383844237,128.10904383785217,0.0,0.0,0.0,True
B,36,37,state,m,55732739,5.183767418993274,11.637023044463634,13.270631837464409,0.11453158120345465,0.49105228361318487,0.9216387187400701,2.244896829635082,0.0,0.0,0.0,True
B,36,37,state,v,55732739,0.9300060895390538,15.856343035890069,16.66647670376731,0.8640330775031875,0.8778346630081876,0.9996053368475522,17.049719581673997,0.0,0.0,0.0,True
B,36,37,state,net_buffer,32,0.0,0.0,0.0,,,,,0.0,0.0,0.0,True
B,36,37,state,scaler,1,0.0,0.0,0.0,,,,,0.0,0.0,0.0,True
B,36,37,observable,residual,393216,0.16733263438266313,0.2173581340656272,0.21678945847027611,-0.3883178202249527,0.38253058123444705,0.7028934492704828,1.2989584181682319,0.0,0.0,0.0,True
B,36,37,observable,feature,49152,0.037418365535550904,0.038620906810223114,0.03754371635410378,-0.5128177552202466,0.4691298707469792,0.5175860697697605,1.0321377285581779,0.0,0.0,0.0,True
C,36,37,state,theta,55732739,0.0009322140357107227,0.07310846448339127,0.07309687825695114,-0.01880328904934214,-0.006053138854558014,0.9999187042775163,78.42454810032244,0.0,0.0,0.0,True
C,36,37,state,EMA,55732771,1.071575149218242e-05,0.0010815670579975678,0.0010815583002867228,-0.005771079415119281,0.004136570452573374,0.9999509192042665,100.93245058796066,0.0,0.0,0.0,True
C,36,37,state,m,55732739,3.10745560351316,11.367577680169209,12.085187089130276,0.10153995861699515,0.35263988379345135,0.9667296424448547,3.6581625389329773,0.0,0.0,0.0,True
C,36,37,state,v,55732739,0.48768645443997977,5.376688799058365,4.936910105286826,-0.9102378653081501,-0.8925378802669417,0.9991630425975989,11.024888532597293,0.0,0.0,0.0,True
C,36,37,state,net_buffer,32,0.0,0.0,0.0,,,,,0.0,0.0,0.0,True
C,36,37,state,scaler,1,0.0,0.0,0.0,,,,,0.0,0.0,0.0,True
C,36,37,observable,residual,393216,0.16012206693259048,0.19660159502462035,0.1953495974199095,-0.41501886347679434,0.4019905720048552,0.6662307908879118,1.2278232400496512,0.0,0.0,0.0,True
C,36,37,observable,feature,49152,0.036330010257667716,0.03779936932537185,0.0372269184836986,-0.4962013627564085,0.47207537993725973,0.5311309539418637,1.0404447743692562,0.0,0.0,0.0,True
D,36,37,state,theta,55732739,0.0007671496074237659,0.10512994717792395,0.10541162302795917,0.36401529877969024,0.37032025139898445,0.9999770266654606,137.0396936406841,0.0,0.0,0.0,True
D,36,37,state,EMA,55732771,9.64532384314074e-06,0.00144118872046839,0.0014413293226364634,0.011231639310406206,0.017922507593487035,0.999977611383375,149.41838593561477,0.0,0.0,0.0,True
D,36,37,state,m,55732739,3.0250368831157526,10.811449747618163,12.322977287776883,0.3947018561576072,0.591767394839604,0.9742318873083808,3.5739893976044668,0.0,0.0,0.0,True
D,36,37,state,v,55732739,0.5765580663317522,15.952706217722548,16.423112232258806,0.8098450134366516,0.8217551860277362,0.9997879001548826,27.668863119405813,0.0,0.0,0.0,True
D,36,37,state,net_buffer,32,0.0,0.0,0.0,,,,,0.0,0.0,0.0,True
D,36,37,state,scaler,1,0.0,0.0,0.0,,,,,0.0,0.0,0.0,True
D,36,37,observable,residual,393216,0.16500924489134605,0.22884986169924812,0.2155937442843005,-0.4385274456711177,0.2998802206103446,0.7258502770774582,1.3868911517650986,0.0,0.0,0.0,True
D,36,37,observable,feature,49152,0.03568299353665351,0.03777650819012759,0.03709625186875734,-0.49118302164711747,0.46171279398107323,0.5458672125426747,1.058669815673498,0.0,0.0,0.0,True
B,37,38,state,theta,55732739,0.0010519743213108514,0.11318194408592758,0.11340310333571274,0.2057906832664525,0.21466576497570158,0.9999587953478656,107.59002552922874,0.0,0.0,0.0,True
B,37,38,state,EMA,55732771,1.153470149895834e-05,0.0015985886059738412,0.001598719499960518,0.00774053130602009,0.014954860217528045,0.9999739733776816,138.58950802655832,0.0,0.0,0.0,True
B,37,38,state,m,55732739,4.785204152911576,12.620863899900986,12.946641236333525,-0.12061634687289116,0.2520284292553412,0.9302559510289297,2.6374765833599327,0.0,0.0,0.0,True
B,37,38,state,v,55732739,1.1918807375898262,16.72179366866349,17.86811205433687,0.9591000764060259,0.9642739126805987,0.9998217226770004,14.029754103147633,0.0,0.0,0.0,True
B,37,38,state,net_buffer,32,0.0,0.0,0.0,,,,,0.0,0.0,0.0,True
B,37,38,state,scaler,1,0.0,0.0,0.0,,,,,0.0,0.0,0.0,True
B,37,38,observable,residual,393216,0.17416145539217814,0.2423235041928522,0.23714003243153653,-0.3888014618668524,0.33712453311896884,0.7363129453308367,1.391372756085359,0.0,0.0,0.0,True
B,37,38,observable,feature,49152,0.03500886686369063,0.03871710079145131,0.0394855425856317,-0.4299434163510977,0.46504880206170013,0.5993400981681565,1.105922706444597,0.0,0.0,0.0,True
C,37,38,state,theta,55732739,0.0008463418677001331,0.074935286802933,0.07501340828041242,0.08670583474161228,0.09789807755566476,0.9999368286354084,88.54021012402907,0.0,0.0,0.0,True
C,37,38,state,EMA,55732771,1.0291029780221026e-05,0.0011323186920391048,0.0011323753295813164,0.0009594926757161727,0.010047447144592749,0.9999587032909583,110.0296779060322,0.0,0.0,0.0,True
C,37,38,state,m,55732739,1.9536549490034494,12.068816839183446,11.864630799990772,-0.1845689077343123,-0.023083178673400227,0.9868181384257864,6.177558040809456,0.0,0.0,0.0,True
C,37,38,state,v,55732739,0.28884831949275724,5.3742263269693415,5.114834436145709,-0.9032226968907809,-0.892555748235342,0.99970625299416,18.60570397780728,0.0,0.0,0.0,True
C,37,38,state,net_buffer,32,0.0,0.0,0.0,,,,,0.0,0.0,0.0,True
C,37,38,state,scaler,1,0.0,0.0,0.0,,,,,0.0,0.0,0.0,True
C,37,38,observable,residual,393216,0.17061479946001906,0.19353947895425863,0.19968689032370152,-0.40417201990132806,0.46268213787422346,0.6238854770560552,1.1343651287390906,0.0,0.0,0.0,True
C,37,38,observable,feature,49152,0.03445311788150707,0.03997126625685933,0.04092771104313982,-0.402880665140692,0.44833847478268807,0.6374842507338402,1.1601639768664933,0.0,0.0,0.0,True
D,37,38,state,theta,55732739,0.0006229824228782693,0.10820686279148438,0.10840652115750792,0.31790497109935834,0.3230661923047221,0.9999851562722819,173.69167863766197,0.0,0.0,0.0,True
D,37,38,state,EMA,55732771,8.86831447911841e-06,0.0015146913790751468,0.001514804136867023,0.009787721703916293,0.01564142293262504,0.9999828643207791,170.79811306214762,0.0,0.0,0.0,True
D,37,38,state,m,55732739,3.648668484775307,13.336062110237176,12.550913922310794,-0.3456501800980521,-0.07656365037439904,0.9620733012830153,3.6550490037349723,0.0,0.0,0.0,True
D,37,38,state,v,55732739,0.9664264775238188,15.444307152939327,16.365406859145462,0.9502325542748612,0.9558033018730361,0.999830752392919,15.980840252339508,0.0,0.0,0.0,True
D,37,38,state,net_buffer,32,0.0,0.0,0.0,,,,,0.0,0.0,0.0,True
D,37,38,state,scaler,1,0.0,0.0,0.0,,,,,0.0,0.0,0.0,True
D,37,38,observable,residual,393216,0.1725578163647235,0.23444001109360965,0.23412835254808256,-0.369826169953806,0.36670383592441685,0.7287610104240199,1.358617163989199,0.0,0.0,0.0,True
D,37,38,observable,feature,49152,0.03399472621632546,0.0379745225958276,0.03752105448623123,-0.4608588468010348,0.439588698954213,0.5945395879702962,1.1170709937234589,0.0,0.0,0.0,True
B,38,39,state,theta,55732739,0.0012197018561665883,0.11635146921319614,0.11640494755616716,0.03861404412120253,0.04907439710992786,0.9999451851333099,95.39336898189055,0.0,0.0,0.0,True
B,38,39,state,EMA,55732771,1.2193667112469742e-05,0.001676428223004889,0.0016764934292049396,0.001710850708988731,0.008984100542230741,0.9999735491620464,137.48351562677195,0.0,0.0,0.0,True
B,38,39,state,m,55732739,5.135755139672253,13.700043789384269,12.111585840277604,-0.4787990462997955,-0.11755791353229926,0.9281236391932536,2.667581186563065,0.0,0.0,0.0,True
B,38,39,state,v,55732739,0.9899038620139436,16.938498600420605,17.872663564022353,0.9404945953217373,0.9467234801328225,0.9998228729882269,17.111256204172694,0.0,0.0,0.0,True
B,38,39,state,net_buffer,32,0.0,0.0,0.0,,,,,0.0,0.0,0.0,True
B,38,39,state,scaler,1,0.0,0.0,0.0,,,,,0.0,0.0,0.0,True
B,38,39,observable,residual,393216,0.17927926414420667,0.24617619282292538,0.23846663692029352,-0.40645763446225086,0.3322019053548196,0.7267547756320527,1.3731437040309855,0.0,0.0,0.0,True
B,38,39,observable,feature,49152,0.03674481946271707,0.03734552083459599,0.0399095578031901,-0.4197825353078713,0.5278891374409921,0.5492590889933243,1.0163479200785954,0.0,0.0,0.0,True
C,38,39,state,theta,55732739,0.0009482320752293385,0.076926964587743,0.07693979067102334,0.007364243025462407,0.01968735454637898,0.9999240565670536,81.12672688185275,0.0,0.0,0.0,True
C,38,39,state,EMA,55732771,1.0756637755730811e-05,0.0011842167084464292,0.001184259512848636,-0.0005622481230834845,0.008520779461429111,0.9999587486517388,110.09171595608622,0.0,0.0,0.0,True
C,38,39,state,m,55732739,2.601750486842612,11.183536965163132,11.903512449434304,0.16931437849929262,0.37764349948125636,0.9765227516862497,4.2984663678241715,0.0,0.0,0.0,True
C,38,39,state,v,55732739,0.32070824993988917,4.773875014036678,4.5022786128174985,-0.8563643315439545,-0.8367914026032162,0.9993232971294689,14.88541381436696,0.0,0.0,0.0,True
C,38,39,state,net_buffer,32,0.0,0.0,0.0,,,,,0.0,0.0,0.0,True
C,38,39,state,scaler,1,0.0,0.0,0.0,,,,,0.0,0.0,0.0,True
C,38,39,observable,residual,393216,0.17469094971052684,0.2042617307517277,0.1896322023047007,-0.5083616862063598,0.3736291145546264,0.6088393405165443,1.1692748312960768,0.0,0.0,0.0,True
C,38,39,observable,feature,49152,0.03900282263182642,0.04053771538772045,0.03811819740507929,-0.5412514883336466,0.44760049021372306,0.509661550428994,1.0393533763026053,0.0,0.0,0.0,True
D,38,39,state,theta,55732739,0.0006575214112845994,0.11134782786908315,0.11152392029449186,0.26507166971669316,0.2705489188704535,0.9999838408922476,169.34479388518,0.0,0.0,0.0,True
D,38,39,state,EMA,55732771,9.085526445897731e-06,0.001590073112577572,0.0015901605716053895,0.006769504959387723,0.01248272320526791,0.9999836780561998,175.01166520686505,0.0,0.0,0.0,True
D,38,39,state,m,55732739,3.357277160481221,11.328207158428908,11.648601154469759,-0.051399947112615384,0.23822670849987929,0.9576809388530892,3.374224592409034,0.0,0.0,0.0,True
D,38,39,state,v,55732739,0.7423675204818646,15.809121522866027,16.517273400841002,0.9517956816697335,0.9559338719993486,0.9999049675009686,21.2955457865458,0.0,0.0,0.0,True
D,38,39,state,net_buffer,32,0.0,0.0,0.0,,,,,0.0,0.0,0.0,True
D,38,39,state,scaler,1,0.0,0.0,0.0,,,,,0.0,0.0,0.0,True
D,38,39,observable,residual,393216,0.16564388399134378,0.21630777646557162,0.21161589428417518,-0.41090725998574745,0.36273952157480477,0.7005310374381329,1.3058603267047,0.0,0.0,0.0,True
D,38,39,observable,feature,49152,0.03640901298761657,0.04052277344228091,0.03912909606435683,-0.48686149451213695,0.4262821436073247,0.5826003986374692,1.1129874203418675,0.0,0.0,0.0,True
B,39,40,state,theta,55732739,0.001416172556224271,0.11924437272125651,0.1195227562096076,0.19086590099785694,0.20226991044445006,0.9999323606843132,84.20186664200014,0.0,0.0,0.0,True
B,39,40,state,EMA,55732771,1.3038165712083674e-05,0.0017560727195758158,0.0017562172876993923,0.007376220644058301,0.014799618327829197,0.9999724431954805,134.68709927105013,0.0,0.0,0.0,True
B,39,40,state,m,55732739,3.307216530574078,10.734896880041289,11.929389112171698,0.2272315192479053,0.48171146096091516,0.9628657937769604,3.245900829534705,0.0,0.0,0.0,True
B,39,40,state,v,55732739,0.19866610313030508,17.88125671245884,18.0329379310918,0.761181344046642,0.7657956331648433,0.9999744751943648,90.00658104583913,0.0,0.0,0.0,True
B,39,40,state,net_buffer,32,0.0,0.0,0.0,,,,,0.0,0.0,0.0,True
B,39,40,state,scaler,1,0.0,0.0,0.0,,,,,0.0,0.0,0.0,True
B,39,40,observable,residual,393216,0.16715312821720787,0.24119391287112305,0.23973812947700812,-0.3551949093334371,0.3398803451955143,0.7584190843811893,1.4429518337084457,0.0,0.0,0.0,True
B,39,40,observable,feature,49152,0.036001864449227844,0.037641106676366595,0.03750763624444276,-0.4819261186763103,0.476213214013239,0.5409796486507711,1.045532148187784,0.0,0.0,0.0,True
C,39,40,state,theta,55732739,0.0013503829740365422,0.07898097528215592,0.07877065876352207,-0.16408725163147478,-0.14738213915461199,0.9998570011676605,58.487834044639435,0.0,0.0,0.0,True
C,39,40,state,EMA,55732771,1.2551388772259764e-05,0.0012372588910935383,0.0012371434864150792,-0.01426640208210697,-0.00412227369237539,0.9999485439796176,98.57545754841446,0.0,0.0,0.0,True
C,39,40,state,m,55732739,2.7323366586825175,10.425269535016652,9.942408960283192,-0.3036721492406997,-0.04360385387096661,0.9651116774371814,3.8155142785528944,0.0,0.0,0.0,True
C,39,40,state,v,55732739,0.15746288729306596,4.471440239360123,4.359937606709921,-0.7168986442817064,-0.6991170134177735,0.999682954688904,28.39678807005483,0.0,0.0,0.0,True
C,39,40,state,net_buffer,32,0.0,0.0,0.0,,,,,0.0,0.0,0.0,True
C,39,40,state,scaler,1,0.0,0.0,0.0,,,,,0.0,0.0,0.0,True
C,39,40,observable,residual,393216,0.15723217766069542,0.2001131986018525,0.19901055049627975,-0.39985163379318084,0.38800248561499695,0.6896300479402439,1.2727242068331182,0.0,0.0,0.0,True
C,39,40,observable,feature,49152,0.03570835378991828,0.03915993242987975,0.04106511456423631,-0.4012778849304753,0.4868935382892836,0.6046728472623709,1.0966602565962023,0.0,0.0,0.0,True
D,39,40,state,theta,55732739,0.000612007081320336,0.11450620776198987,0.11472630874603641,0.3573112379610985,0.36196023723653836,0.9999875880589673,187.09948178206645,0.0,0.0,0.0,True
D,39,40,state,EMA,55732771,8.806324508474705e-06,0.0016674407158937042,0.0016675557687703118,0.010424580714225537,0.015704838979272447,0.9999860570564367,189.34581780276827,0.0,0.0,0.0,True
D,39,40,state,m,55732739,1.5612725269043741,11.406810800465065,11.533747759707122,0.013319925473342067,0.14853891660784732,0.9907973602551883,7.306098457443565,0.0,0.0,0.0,True
D,39,40,state,v,55732739,0.13000604958421105,16.479588903078852,16.558963951113157,0.6080747986910793,0.6130111028868599,0.9999805757409879,126.76016966736802,0.0,0.0,0.0,True
D,39,40,state,net_buffer,32,0.0,0.0,0.0,,,,,0.0,0.0,0.0,True
D,39,40,state,scaler,1,0.0,0.0,0.0,,,,,0.0,0.0,0.0,True
D,39,40,observable,residual,393216,0.15998454823127953,0.21958417606377806,0.21940590772782181,-0.3654036257215358,0.36347104311078016,0.7343705725578104,1.3725336508519506,0.0,0.0,0.0,True
D,39,40,observable,feature,49152,0.034195466556561076,0.039664148664061705,0.03942946430793192,-0.43790537806499163,0.42674489333131005,0.626175637606501,1.1599241846417023,0.0,0.0,0.0,True
B,40,41,state,theta,55732739,0.0011768215336234226,0.12192952232020451,0.12226095805853081,0.27719331752150683,0.2860673667601211,0.9999572334997738,103.60918698078599,0.0,0.0,0.0,True
B,40,41,state,EMA,55732771,1.214666977450444e-05,0.0018373950085794181,0.0018375717390173927,0.011244997629998334,0.017854090588536327,0.9999781553207986,151.2673879087472,0.0,0.0,0.0,True
B,40,41,state,m,55732739,3.309399109313535,11.177854877622156,10.697141474983706,-0.2901672831109863,0.006165322634954635,0.9551687759984776,3.3776085955195554,0.0,0.0,0.0,True
B,40,41,state,v,55732739,0.4306088181228031,17.514326018780498,17.811598602935927,0.6839198317838935,0.6966810783985455,0.999844445534509,40.67340305554467,0.0,0.0,0.0,True
B,40,41,state,net_buffer,32,0.0,0.0,0.0,,,,,0.0,0.0,0.0,True
B,40,41,state,scaler,1,0.0,0.0,0.0,,,,,0.0,0.0,0.0,True
B,40,41,observable,residual,393216,0.16624028694639903,0.2125712002547657,0.22102719128613568,-0.3391448092144086,0.42595604298132467,0.7066626913445199,1.2786984680994034,0.0,0.0,0.0,True
B,40,41,observable,feature,49152,0.03756364775949029,0.0394615365686413,0.039799585201402435,-0.4669147722677111,0.48087117748490493,0.5508226886922901,1.050524614150965,0.0,0.0,0.0,True
C,40,41,state,theta,55732739,0.0009788509248071532,0.08032253131198938,0.08045536341431817,0.12972103083053868,0.14167324590678723,0.9999272323051575,82.05798173793828,0.0,0.0,0.0,True
C,40,41,state,EMA,55732771,1.0937681845175524e-05,0.0012908398231865792,0.0012909254627779044,0.003593381648034084,0.012065887942784749,0.9999641061180948,118.01767883346805,0.0,0.0,0.0,True
C,40,41,state,m,55732739,2.212437869049009,9.532737755225588,9.599770930754476,-0.08563934224756815,0.14542643652052326,0.9732801020724253,4.308703032335604,0.0,0.0,0.0,True
C,40,41,state,v,55732739,0.20076850637250188,4.308758946378438,4.2658498097447355,-0.23595796237272518,-0.19126727647709385,0.9989535986409147,21.461328891813604,0.0,0.0,0.0,True
C,40,41,state,net_buffer,32,0.0,0.0,0.0,,,,,0.0,0.0,0.0,True
C,40,41,state,scaler,1,0.0,0.0,0.0,,,,,0.0,0.0,0.0,True
C,40,41,observable,residual,393216,0.15717111151158894,0.20616882131942493,0.20623971410747038,-0.3807197704472268,0.38149085653058656,0.7095174295458206,1.3117475554928755,0.0,0.0,0.0,True
C,40,41,observable,feature,49152,0.03623363907849459,0.03963119909430354,0.04032703752909271,-0.437762483322143,0.46828599627022666,0.5894177387653566,1.0937681144432847,0.0,0.0,0.0,True
D,40,41,state,theta,55732739,0.0007658689159017813,0.11734819915970565,0.11764514913128915,0.3849568425087807,0.3904951583447427,0.9999819500254953,153.22230309025224,0.0,0.0,0.0,True
D,40,41,state,EMA,55732771,9.677530321196693e-06,0.0017465953679942654,0.0017467494155788887,0.013148371378773732,0.01868752013133679,0.9999846550273952,180.4794518875025,0.0,0.0,0.0,True
D,40,41,state,m,55732739,2.4781969254773064,9.999176785822605,10.12543603733657,-0.07265035797690175,0.17300520649713738,0.9697493377907193,4.034859652606801,0.0,0.0,0.0,True
D,40,41,state,v,55732739,0.3837939764890448,15.57582328589993,15.834409288419593,0.667035172604758,0.6803800352905864,0.9998369423752667,40.5838138169543,0.0,0.0,0.0,True
D,40,41,state,net_buffer,32,0.0,0.0,0.0,,,,,0.0,0.0,0.0,True
D,40,41,state,scaler,1,0.0,0.0,0.0,,,,,0.0,0.0,0.0,True
D,40,41,observable,residual,393216,0.16580548128440506,0.2090629134358685,0.2127112464815597,-0.37434877671823574,0.41155809497889695,0.6910487187456553,1.2608926545514152,0.0,0.0,0.0,True
D,40,41,observable,feature,49152,0.036755622729793457,0.03899465101224047,0.03820752341112032,-0.492489595050563,0.4593640539006737,0.5468265774099437,1.0609166194491406,0.0,0.0,0.0,True
B,41,42,state,theta,55732739,0.001214604041044441,0.12474509963104054,0.1249397762190519,0.15553660069644112,0.16501576531598997,0.9999538881495578,102.70433442965653,0.0,0.0,0.0,True
B,41,42,state,EMA,55732771,1.1895319984631264e-05,0.0019203996701211434,0.0019205268148294507,0.007591891830217364,0.013785168916439805,0.9999808194681716,161.44161507233912,0.0,0.0,0.0,True
B,41,42,state,m,55732739,5.314490606134442,9.67890179992785,12.34364830453144,0.2958945424334572,0.6625613938206665,0.9115158086581602,1.8212285084774877,0.0,0.0,0.0,True
B,41,42,state,v,55732739,1.4640180329396626,17.499626641247595,18.9169189107337,0.9654563970608672,0.9705145222931477,0.9997966532398753,11.953149652200231,0.0,0.0,0.0,True
B,41,42,state,net_buffer,32,0.0,0.0,0.0,,,,,0.0,0.0,0.0,True
B,41,42,state,scaler,1,0.0,0.0,0.0,,,,,0.0,0.0,0.0,True
B,41,42,observable,residual,393216,0.16585466343075392,0.24111375323025394,0.2337901253590936,-0.38742075937899717,0.3098599222114284,0.7564828211016832,1.4537652921102306,0.0,0.0,0.0,True
B,41,42,observable,feature,49152,0.03709982050211623,0.03778813407025457,0.03680733546649793,-0.5169861265990999,0.47718421382918336,0.5055525301004383,1.0185530161284493,0.0,0.0,0.0,True
C,41,42,state,theta,55732739,0.0011182959000026304,0.08211702234561484,0.08214001248146811,0.013751904402210325,0.027362563910016135,0.9999073358121923,73.43049576182985,0.0,0.0,0.0,True
C,41,42,state,EMA,55732771,1.125768157176184e-05,0.0013456313112841965,0.0013456607071652361,-0.0015718355210082007,0.006794112683697369,0.9999650052167179,119.53005622929551,0.0,0.0,0.0,True
C,41,42,state,m,55732739,2.3539375879175304,8.855248995086674,8.372165923781472,-0.3325375845267858,-0.0705630452943782,0.964204048147633,3.761887758001558,0.0,0.0,0.0,True
C,41,42,state,v,55732739,0.38559694425761165,3.7743780274314243,3.445537021970399,-0.8667407003634127,-0.8375501677309708,0.9984410093322007,9.788402329531475,0.0,0.0,0.0,True
C,41,42,state,net_buffer,32,0.0,0.0,0.0,,,,,0.0,0.0,0.0,True
C,41,42,state,scaler,1,0.0,0.0,0.0,,,,,0.0,0.0,0.0,True
C,41,42,observable,residual,393216,0.17036446539055736,0.18659448854915162,0.20434168056549498,-0.34738404755703084,0.5165099768898603,0.6235271759011115,1.0952664813133843,0.0,0.0,0.0,True
C,41,42,observable,feature,49152,0.034890287966932054,0.037803946167565806,0.03822155143411466,-0.44942836397886043,0.468325371871778,0.5788164084854517,1.083509147399277,0.0,0.0,0.0,True
D,41,42,state,theta,55732739,0.0005926860417234433,0.12036033706279661,0.12054888331320526,0.31590867050491983,0.3203311307697988,0.9999891198416369,203.07604463369267,0.0,0.0,0.0,True
D,41,42,state,EMA,55732771,8.572493360044275e-06,0.0018276949927883022,0.0018277942769689857,0.009236865049133043,0.013926438921571218,0.9999890024732899,213.20459707872698,0.0,0.0,0.0,True
D,41,42,state,m,55732739,3.910516618193524,9.499211752741976,11.28081777568169,0.29248374926431897,0.5929429780446016,0.9434576930880793,2.4291449647719867,0.0,0.0,0.0,True
D,41,42,state,v,55732739,1.1583732290330326,15.99271615210894,17.096125162295795,0.949195219699951,0.9556892451083907,0.9997726573405723,13.80618590906065,0.0,0.0,0.0,True
D,41,42,state,net_buffer,32,0.0,0.0,0.0,,,,,0.0,0.0,0.0,True
D,41,42,state,scaler,1,0.0,0.0,0.0,,,,,0.0,0.0,0.0,True
D,41,42,observable,residual,393216,0.1616420724737189,0.22915394019887517,0.22338213676348698,-0.3879508200261015,0.325637557753199,0.7451122459635443,1.4176627204290078,0.0,0.0,0.0,True
D,41,42,observable,feature,49152,0.03642969472964001,0.0396049791163101,0.038715202832242036,-0.48406318044227437,0.4457779196464986,0.5674955473729867,1.087161981735922,0.0,0.0,0.0,True
B,42,43,state,theta,55732739,0.0010338394095063363,0.12749784268240635,0.12780761941658056,0.2959468564788377,0.30331857628019265,0.9999701487998577,123.3246106794161,0.0,0.0,0.0,True
B,42,43,state,EMA,55732771,1.1467998917050763e-05,0.002005006407272801,0.0020051636818195512,0.010854907027901347,0.01657328893379297,0.9999836469785451,174.83489680939303,0.0,0.0,0.0,True
B,42,43,state,m,55732739,3.0410308309548864,13.906673357690345,12.897673249130177,-0.4290958025654562,-0.22688311899018276,0.9770583848141241,4.573012945522699,0.0,0.0,0.0,True
B,42,43,state,v,55732739,0.5524655323622705,18.26735201060007,18.781929065271346,0.9294163044046785,0.9333674016333157,0.9999410826615135,33.065143326663765,0.0,0.0,0.0,True
B,42,43,state,net_buffer,32,0.0,0.0,0.0,,,,,0.0,0.0,0.0,True
B,42,43,state,scaler,1,0.0,0.0,0.0,,,,,0.0,0.0,0.0,True
B,42,43,observable,residual,393216,0.1726302022235396,0.21816246496557268,0.22190386910267265,-0.373787192686161,0.4104654293000257,0.6923516337270622,1.2637560644404109,0.0,0.0,0.0,True
B,42,43,observable,feature,49152,0.037660676009300266,0.03980468577893275,0.038376822725746156,-0.5103022546694985,0.4520503230263874,0.5364268440388216,1.0569296676751905,0.0,0.0,0.0,True
C,42,43,state,theta,55732739,0.0010700983095366264,0.083840433652878,0.08385466045752257,0.0069142300234478924,0.019674402639957813,0.9999185746057824,78.34834697494527,0.0,0.0,0.0,True
C,42,43,state,EMA,55732771,1.127722528365407e-05,0.0014013100351330627,0.001401287808167491,-0.005994760083759721,0.002052902910665027,0.99996761743437,124.26017924499664,0.0,0.0,0.0,True
C,42,43,state,m,55732739,2.4857984006185574,7.861873826985215,8.000255921943262,-0.1019329718391052,0.21054504426412543,0.9510307023739768,3.1627157797788,0.0,0.0,0.0,True
C,42,43,state,v,55732739,0.25639394811603033,3.3230340760548365,3.4398315840020106,0.42496657683326317,0.485073854161217,0.9977212112558081,12.960657224838268,0.0,0.0,0.0,True
C,42,43,state,net_buffer,32,0.0,0.0,0.0,,,,,0.0,0.0,0.0,True
C,42,43,state,scaler,1,0.0,0.0,0.0,,,,,0.0,0.0,0.0,True
C,42,43,observable,residual,393216,0.1666867400811053,0.20929735271563332,0.21705639277285343,-0.3507941063783571,0.42968770040083987,0.6948637851988834,1.2556328872578277,0.0,0.0,0.0,True
C,42,43,observable,feature,49152,0.0365957051313502,0.039981993618936784,0.03854623536191993,-0.49618087182308357,0.4347351829028661,0.5661747389070042,1.092532401696659,0.0,0.0,0.0,True
D,42,43,state,theta,55732739,0.0006662464127309388,0.12329455402221619,0.12346276795349341,0.24995043953386759,0.25500622499064246,0.9999863493455953,185.05848837044056,0.0,0.0,0.0,True
D,42,43,state,EMA,55732771,9.132865356204313e-06,0.0019105491376536934,0.0019106412945071453,0.00770081155732824,0.012480440103982164,0.9999885764123136,209.19493095951344,0.0,0.0,0.0,True
D,42,43,state,m,55732739,3.2210012164966306,12.137942069772038,10.612559920250654,-0.5764999282286805,-0.35585396397758423,0.9687610884551232,3.768375500017367,0.0,0.0,0.0,True
D,42,43,state,v,55732739,0.6399803474051875,16.608537578839222,17.20970116090824,0.9370806622182106,0.9415340562139513,0.9999157234456099,25.951636868505187,0.0,0.0,0.0,True
D,42,43,state,net_buffer,32,0.0,0.0,0.0,,,,,0.0,0.0,0.0,True
D,42,43,state,scaler,1,0.0,0.0,0.0,,,,,0.0,0.0,0.0,True
D,42,43,observable,residual,393216,0.17596221248534688,0.2273180176308033,0.22651806043634945,-0.39157792726596585,0.3838523698453663,0.69934864744779,1.291857009639118,0.0,0.0,0.0,True
D,42,43,observable,feature,49152,0.03510922510004621,0.03812134715956874,0.0370734897538175,-0.4899284279949393,0.443241073937942,0.5642937807339394,1.0857928949140654,0.0,0.0,0.0,True
B,43,44,state,theta,55732739,0.0014998886432139376,0.130606354290903,0.13088484065539396,0.1801272895593254,0.19120363455038467,0.9999364671377792,87.07736729777604,0.0,0.0,0.0,True
B,43,44,state,EMA,55732771,1.3398079056629976e-05,0.0020915248161724647,0.0020917256997705536,0.011791237422063176,0.01819538037058655,0.9999794888656116,156.10631996812137,0.0,0.0,0.0,True
B,43,44,state,m,55732739,3.021910560011453,14.137303296957446,14.465690207425885,0.0030535470408904293,0.2118861552203437,0.9779368035784256,4.6782666184878305,0.0,0.0,0.0,True
B,43,44,state,v,55732739,0.17790800259714354,18.893038747330266,18.958720011367713,0.3651201154772445,0.37323914734199093,0.9999618395342926,106.19555315963966,0.0,0.0,0.0,True
B,43,44,state,net_buffer,32,0.0,0.0,0.0,,,,,0.0,0.0,0.0,True
B,43,44,state,scaler,1,0.0,0.0,0.0,,,,,0.0,0.0,0.0,True
B,43,44,observable,residual,393216,0.17130488064909596,0.2222350902448833,0.23342297803768572,-0.3184599299574776,0.4306855744055584,0.718358369692834,1.2973074053862699,0.0,0.0,0.0,True
B,43,44,observable,feature,49152,0.03837112429590152,0.03913083978488581,0.040261875878762114,-0.46039040471146164,0.505581538027046,0.5331381579362685,1.0197991459183133,0.0,0.0,0.0,True
C,43,44,state,theta,55732739,0.0013971464191454694,0.0856959336531136,0.08570418283294266,-0.0022471760662659056,0.014055003247762984,0.9998671148426286,61.33640145284661,0.0,0.0,0.0,True
C,43,44,state,EMA,55732771,1.2854481228906978e-05,0.0014578921701516537,0.0014578836782605255,-0.005069199611400765,0.003747990932328388,0.9999611285584946,113.41509191931964,0.0,0.0,0.0,True
C,43,44,state,m,55732739,2.929097746307177,8.358197107661313,8.66608249732503,-0.06817437050544903,0.2722433026295498,0.9414297308127612,2.8535056975134423,0.0,0.0,0.0,True
C,43,44,state,v,55732739,0.12393629876303332,3.5299420154857213,3.574429042112778,0.3436576246972828,0.3740535261356603,0.9994697411647991,28.48190603331623,0.0,0.0,0.0,True
C,43,44,state,net_buffer,32,0.0,0.0,0.0,,,,,0.0,0.0,0.0,True
C,43,44,state,scaler,1,0.0,0.0,0.0,,,,,0.0,0.0,0.0,True
C,43,44,observable,residual,393216,0.172491702369342,0.21178352580501242,0.2203754392039607,-0.3564149027654729,0.4401983177555298,0.6820402174585486,1.2277896437681282,0.0,0.0,0.0,True
C,43,44,observable,feature,49152,0.03819073841694287,0.0392695816916291,0.041552629492927415,-0.42474574012644395,0.5176844676108256,0.5546755648922836,1.0282488194626689,0.0,0.0,0.0,True
D,43,44,state,theta,55732739,0.0006248879273735434,0.126227668575261,0.12645507416387383,0.36176676099455274,0.36605777223104763,0.999989388269698,202.00049168145483,0.0,0.0,0.0,True
D,43,44,state,EMA,55732771,8.813349536154896e-06,0.0019952794561413174,0.00199539979113746,0.01144558035139846,0.01586172405925376,0.9999902470191951,226.39286549978607,0.0,0.0,0.0,True
D,43,44,state,m,55732739,1.7099717814979116,10.445859394993235,11.146301201013813,0.34150608081528433,0.4734571755291856,0.9895502514676432,6.108790512228691,0.0,0.0,0.0,True
D,43,44,state,v,55732739,0.15396145642744508,17.112071029867277,17.219014785143933,0.6922857303911234,0.6969274489616849,0.999979183712531,111.14516208757355,0.0,0.0,0.0,True
D,43,44,state,net_buffer,32,0.0,0.0,0.0,,,,,0.0,0.0,0.0,True
D,43,44,state,scaler,1,0.0,0.0,0.0,,,,,0.0,0.0,0.0,True
D,43,44,observable,residual,393216,0.16625859484683012,0.21458341420389596,0.2225782160564804,-0.3384161860716094,0.42070646389744437,0.7112951906939201,1.2906605784897094,0.0,0.0,0.0,True
D,43,44,observable,feature,49152,0.03279665553133261,0.0398980253519939,0.04055275230292994,-0.39087897752046585,0.4241723483566565,0.667735249374412,1.2165272557708493,0.0,0.0,0.0,True
B,44,45,state,theta,55732739,0.0010513613779892966,0.13359500828152443,0.1338442445251181,0.23334673870087322,0.24076732609261764,0.9999708280706605,127.06859038042816,0.0,0.0,0.0,True
B,44,45,state,EMA,55732771,1.1485881151902982e-05,0.002179920904518253,0.002180035325369575,0.007327659137284592,0.01259594198630644,0.999986121220607,189.7913512849716,0.0,0.0,0.0,True
B,44,45,state,m,55732739,2.806857295678457,15.745954756303156,15.42225156801387,-0.2032698910195557,-0.025535908936340935,0.9839941407243881,5.609816637470747,0.0,0.0,0.0,True
B,44,45,state,v,55732739,0.22017992120604601,18.814819932211,18.9230533672773,0.48713079519166036,0.4959801113493503,0.9999483690636495,85.4520240953486,0.0,0.0,0.0,True
B,44,45,state,net_buffer,32,0.0,0.0,0.0,,,,,0.0,0.0,0.0,True
B,44,45,state,scaler,1,0.0,0.0,0.0,,,,,0.0,0.0,0.0,True
B,44,45,observable,residual,393216,0.16237441126707886,0.22348802490353264,0.22204118851718227,-0.372154832872149,0.35670076907397313,0.734366466440983,1.3763746587874124,0.0,0.0,0.0,True
B,44,45,observable,feature,49152,0.03499330666816143,0.03761752570166928,0.03693440255672564,-0.484464013038936,0.45402031833006706,0.5594926814362856,1.074992028001043,0.0,0.0,0.0,True
C,44,45,state,theta,55732739,0.0008459933690129186,0.08757701006754884,0.08765638563984172,0.08903781142994273,0.09860843125017922,0.9999537948752714,103.51973582219829,0.0,0.0,0.0,True
C,44,45,state,EMA,55732771,1.0334608570498878e-05,0.0015154727967306516,0.0015155164019838552,0.0008097053903872868,0.007628881513827492,0.9999767490045691,146.64056082943603,0.0,0.0,0.0,True
C,44,45,state,m,55732739,2.0875414629161426,8.326819900288568,8.508074091051006,-0.0375788328726996,0.20858178602237662,0.9694758696582868,3.988816532849417,0.0,0.0,0.0,True
C,44,45,state,v,55732739,0.10720312980742877,3.815450663000634,3.7732142720214537,-0.4058525640403906,-0.3819839534235684,0.9996628142388436,35.590851403820096,0.0,0.0,0.0,True
C,44,45,state,net_buffer,32,0.0,0.0,0.0,,,,,0.0,0.0,0.0,True
C,44,45,state,scaler,1,0.0,0.0,0.0,,,,,0.0,0.0,0.0,True
C,44,45,observable,residual,393216,0.16359061704270997,0.19884657073526757,0.20142561731995312,-0.3954813661212139,0.4217462740345918,0.6660003419997736,1.215513299783893,0.0,0.0,0.0,True
C,44,45,observable,feature,49152,0.03487935500568074,0.038551360697431654,0.037697465252619786,-0.476585422089718,0.43786335195083714,0.5816934486943596,1.1052773393072453,0.0,0.0,0.0,True
D,44,45,state,theta,55732739,0.0007194847857642102,0.12917591756477104,0.12941829136550667,0.3344024698558256,0.3393355776988801,0.9999862746499448,179.53947063323258,0.0,0.0,0.0,True
D,44,45,state,EMA,55732771,9.18523988348324e-06,0.0020818520277761567,0.0020819719863436983,0.01085427771287139,0.015265450331963975,0.9999902691183544,226.65189523462655,0.0,0.0,0.0,True
D,44,45,state,m,55732739,1.710265405696662,11.839566172376879,12.016241296596263,0.03184682454740038,0.17370806234533118,0.989829714725412,6.922648457333517,0.0,0.0,0.0,True
D,44,45,state,v,55732739,0.18220775397862082,17.059109894927538,17.132909838940673,0.40056747981212215,0.4094769935975775,0.9999525215968955,93.624500178676,0.0,0.0,0.0,True
D,44,45,state,net_buffer,32,0.0,0.0,0.0,,,,,0.0,0.0,0.0,True
D,44,45,state,scaler,1,0.0,0.0,0.0,,,,,0.0,0.0,0.0,True
D,44,45,observable,residual,393216,0.17057795313660148,0.23034240324028213,0.21528283193812378,-0.45566996505940605,0.30479828655943314,0.7089053591532387,1.350364446311654,0.0,0.0,0.0,True
D,44,45,observable,feature,49152,0.03509977506524636,0.03760363823889886,0.037897942252157056,-0.4582895735156335,0.47143508782692084,0.5677822070280796,1.0713355902993145,0.0,0.0,0.0,True
B,45,46,state,theta,55732739,0.00103069370257592,0.13667368182522377,0.1368848315254839,0.20124934536601297,0.2084685525828505,0.999972800000537,132.60358677233356,0.0,0.0,0.0,True
B,45,46,state,EMA,55732771,1.1377889826703087e-05,0.0022700473884639583,0.0022701602291764645,0.0074116987557780005,0.012423262846768094,0.9999874408774029,199.5139189286506,0.0,0.0,0.0,True
B,45,46,state,m,55732739,3.8080616519315855,13.491727652238671,15.15106673686843,0.32141388267826776,0.5375522636209278,0.9712643861210919,3.542938346440684,0.0,0.0,0.0,True
B,45,46,state,v,55732739,0.9207830765619113,18.15882834363966,19.042413977962283,0.9575953095847619,0.9615163259855449,0.9999029493285857,19.72107090786513,0.0,0.0,0.0,True
B,45,46,state,net_buffer,32,0.0,0.0,0.0,,,,,0.0,0.0,0.0,True
B,45,46,state,scaler,1,0.0,0.0,0.0,,,,,0.0,0.0,0.0,True
B,45,46,observable,residual,393216,0.17314923925010547,0.20680029446517315,0.2146578080806766,-0.3723966355660217,0.4478640037220556,0.6630091939824914,1.1943471155911947,0.0,0.0,0.0,True
B,45,46,observable,feature,49152,0.03653755379159711,0.038324725503091045,0.03821640024862285,-0.47964440379795614,0.47506603340017384,0.5442608974986917,1.0489132830754793,0.0,0.0,0.0,True
C,45,46,state,theta,55732739,0.0009148857583521021,0.089603135608131,0.08967445260745995,0.07287761950100106,0.08302196182771829,0.9999482315976297,97.93915228227482,0.0,0.0,0.0,True
C,45,46,state,EMA,55732771,1.0712758013474602e-05,0.001574219405078146,0.0015742511459462085,-0.00043962856697988954,0.006365366935327972,0.9999768458148427,146.94809712849658,0.0,0.0,0.0,True
C,45,46,state,m,55732739,2.210058138521264,8.445236928416987,8.786767293947223,0.026812869975108688,0.27729187500735114,0.9678752885354005,3.821273649419758,0.0,0.0,0.0,True
C,45,46,state,v,55732739,0.2571503834157783,3.753053977087135,3.9491698711942678,0.7483179415021584,0.7762714975258926,0.9990667282864103,14.59478273854619,0.0,0.0,0.0,True
C,45,46,state,net_buffer,32,0.0,0.0,0.0,,,,,0.0,0.0,0.0,True
C,45,46,state,scaler,1,0.0,0.0,0.0,,,,,0.0,0.0,0.0,True
C,45,46,observable,residual,393216,0.17381818134834703,0.21201138205042325,0.20868903186185497,-0.4288907081673147,0.3971865163286552,0.6586947954723914,1.2197307577711543,0.0,0.0,0.0,True
C,45,46,observable,feature,49152,0.03582799675980722,0.039206236342756946,0.039378038925027226,-0.45211135232923616,0.45970832274327683,0.58428486802602,1.0942904959380684,0.0,0.0,0.0,True
D,45,46,state,theta,55732739,0.0005838224567517075,0.13223722508517957,0.13243002448944277,0.3282696198778868,0.33220024113698815,0.9999913295469542,226.50246415824054,0.0,0.0,0.0,True
D,45,46,state,EMA,55732771,8.607143753999336e-06,0.002170270959566026,0.0021703777987489205,0.010430190122823197,0.01439541194087256,0.999992137296495,252.14763707851435,0.0,0.0,0.0,True
D,45,46,state,m,55732739,3.7896066744407864,10.940774868666054,13.032067749252516,0.4314043910050435,0.6529666018862611,0.9649756331970523,2.8870476037676207,0.0,0.0,0.0,True
D,45,46,state,v,55732739,1.0759097673952895,16.67385018789322,17.699804057079806,0.9506421846074231,0.9563255661613043,0.9998221077781816,15.497442901981985,0.0,0.0,0.0,True
D,45,46,state,net_buffer,32,0.0,0.0,0.0,,,,,0.0,0.0,0.0,True
D,45,46,state,scaler,1,0.0,0.0,0.0,,,,,0.0,0.0,0.0,True
D,45,46,observable,residual,393216,0.16959161946087783,0.2273248299611698,0.23347870663756154,-0.3362384524903836,0.39899257522744797,0.7294095839869127,1.3404249023850505,0.0,0.0,0.0,True
D,45,46,observable,feature,49152,0.036023881537308775,0.038578405797538705,0.03714108658344892,-0.5060475896672373,0.44428889373455216,0.547873238156511,1.0709119659297206,0.0,0.0,0.0,True
B,46,47,state,theta,55732739,0.0009553646804522001,0.13930480581851057,0.13951355941537896,0.2152413899854085,0.22176715185337956,0.9999776396278759,145.81322574388432,0.0,0.0,0.0,True
B,46,47,state,EMA,55732771,1.1175837112637925e-05,0.0023617866508455748,0.0023618886066963727,0.006757108660879152,0.011488554569967302,0.9999888057781484,211.32973101180988,0.0,0.0,0.0,True
B,46,47,state,m,55732739,3.0032755667151703,12.678102167800155,12.24301948001631,-0.2608270178937173,-0.024790944322144657,0.9715549972975231,4.221424869668826,0.0,0.0,0.0,True
B,46,47,state,v,55732739,0.5480352426610755,19.296122033913953,19.813008604470575,0.9415946419716853,0.9446904674741283,0.9999566182767868,35.20963713979132,0.0,0.0,0.0,True
B,46,47,state,net_buffer,32,0.0,0.0,0.0,,,,,0.0,0.0,0.0,True
B,46,47,state,scaler,1,0.0,0.0,0.0,,,,,0.0,0.0,0.0,True
B,46,47,observable,residual,393216,0.163815652308955,0.23217342192439294,0.2220782217694438,-0.41307285788920306,0.3057981680852701,0.740755311112562,1.417284726165945,0.0,0.0,0.0,True
B,46,47,observable,feature,49152,0.03644205688653923,0.03886664152806429,0.03781908832535346,-0.49716726179621923,0.4526506560799361,0.5486341636017638,1.0665325958157053,0.0,0.0,0.0,True
C,46,47,state,theta,55732739,0.0009598809449800922,0.09163206368139457,0.09174268792707325,0.11007975778900894,0.12040977401399164,0.9999459272029079,95.46190510459087,0.0,0.0,0.0,True
C,46,47,state,EMA,55732771,1.0894703268931001e-05,0.0016340334373371001,0.0016341022476586665,0.002982391371704389,0.009649353653428965,0.9999777749203943,149.98420764675245,0.0,0.0,0.0,True
C,46,47,state,m,55732739,2.5242547762158773,8.432414416132367,8.58642310776981,-0.08810698093600491,0.2074554418821173,0.9561618203111254,3.3405559912511844,0.0,0.0,0.0,True
C,46,47,state,v,55732739,0.25745652772352673,3.886731418992827,4.012987579362105,0.46524306651570196,0.5147614666046486,0.9983861659702098,15.096651280742229,0.0,0.0,0.0,True
C,46,47,state,net_buffer,32,0.0,0.0,0.0,,,,,0.0,0.0,0.0,True
C,46,47,state,scaler,1,0.0,0.0,0.0,,,,,0.0,0.0,0.0,True
C,46,47,observable,residual,393216,0.17502691729300535,0.20941174990788705,0.2068449233239476,-0.4324768229800114,0.4083309739532732,0.6464585286031129,1.1964545405168707,0.0,0.0,0.0,True
C,46,47,observable,feature,49152,0.03776849977014777,0.03967497606571176,0.037431356762789136,-0.5336986692092236,0.44331863117144255,0.5214338909499012,1.0504779460970508,0.0,0.0,0.0,True
D,46,47,state,theta,55732739,0.0007096484539567668,0.13499572478359623,0.13514035646800598,0.20128827682114586,0.2063240471063108,0.9999867710134056,190.22901273286,0.0,0.0,0.0,True
D,46,47,state,EMA,55732771,9.389506790211836e-06,0.002260325101998587,0.0022603990547625636,0.005799210521072048,0.009952936343414131,0.9999913727457239,240.72884257934405,0.0,0.0,0.0,True
D,46,47,state,m,55732739,3.2852614957650044,11.656545453034992,10.738569117428082,-0.4093392359403767,-0.13840018138660232,0.9602544724286228,3.548133221072758,0.0,0.0,0.0,True
D,46,47,state,v,55732739,0.6473184409062434,17.755946694285466,18.359266017875587,0.9296348590563097,0.9343437491867985,0.9999155992395239,27.430002873743575,0.0,0.0,0.0,True
D,46,47,state,net_buffer,32,0.0,0.0,0.0,,,,,0.0,0.0,0.0,True
D,46,47,state,scaler,1,0.0,0.0,0.0,,,,,0.0,0.0,0.0,True
D,46,47,observable,residual,393216,0.17068995644369875,0.21823219448713166,0.21503471490151518,-0.4096696304005005,0.37801735419276083,0.6896826086229256,1.2785297918750977,0.0,0.0,0.0,True
D,46,47,observable,feature,49152,0.03703226935649269,0.03827098161827719,0.039406508711606794,-0.452698482290619,0.5000964233180575,0.5457608447936679,1.0334495369392565,0.0,0.0,0.0,True
B,47,48,state,theta,55732739,0.0012841113557080749,0.14216537000633037,0.14231296349532768,0.1104816361250512,0.1193902060432362,0.9999597874620032,110.71109166224811,0.0,0.0,0.0,True
B,47,48,state,EMA,55732771,1.2627411769364558e-05,0.0024552365448963823,0.002455279615455464,0.0008393812465634314,0.0059823293398308325,0.9999867748885943,194.43703822607947,0.0,0.0,0.0,True
B,47,48,state,m,55732739,2.692110493635486,11.578252025913594,11.656403325413288,-0.0871294825276578,0.14441018717779697,0.9731723855989387,4.3008086233035945,0.0,0.0,0.0,True
B,47,48,state,v,55732739,0.17778287535004408,19.497110035136725,19.535420840632483,0.2111446063480988,0.21983107165586488,0.9999604354433497,109.668099341672,0.0,0.0,0.0,True
B,47,48,state,net_buffer,32,0.0,0.0,0.0,,,,,0.0,0.0,0.0,True
B,47,48,state,scaler,1,0.0,0.0,0.0,,,,,0.0,0.0,0.0,True
B,47,48,observable,residual,393216,0.16400445793487017,0.21223733113910956,0.2107813139551691,-0.39521788989719003,0.3801307917726603,0.6993970792482689,1.2940948911485914,0.0,0.0,0.0,True
B,47,48,observable,feature,49152,0.03568102447257321,0.03765793853292776,0.03672653909012961,-0.49953237983353316,0.4593317321895075,0.5400484759691178,1.055405193364729,0.0,0.0,0.0,True
C,47,48,state,theta,55732739,0.0011737973508031956,0.09376468590515791,0.0940775694864966,0.2607421929817556,0.27235192530816044,0.9999274525690726,79.88149388904094,0.0,0.0,0.0,True
C,47,48,state,EMA,55732771,1.1923719981262983e-05,0.0016950058281466434,0.001695243676341251,0.01643157252193487,0.023462899007770786,0.9999752703840822,142.15411220744764,0.0,0.0,0.0,True
C,47,48,state,m,55732739,2.38666741083139,8.635325906834803,9.257894601268438,0.1320637991676293,0.3809809367083739,0.9667984631443576,3.6181521847766414,0.0,0.0,0.0,True
C,47,48,state,v,55732739,0.12559190996950154,4.205825105091211,4.258552976428624,0.4075359322627411,0.43198165557392165,0.999637281670116,33.48802567070239,0.0,0.0,0.0,True
C,47,48,state,net_buffer,32,0.0,0.0,0.0,,,,,0.0,0.0,0.0,True
C,47,48,state,scaler,1,0.0,0.0,0.0,,,,,0.0,0.0,0.0,True
C,47,48,observable,residual,393216,0.1574182730194685,0.19431080672544893,0.20060438094771715,-0.3644408334980864,0.4317128083126535,0.6826429186214781,1.2343599189492938,0.0,0.0,0.0,True
C,47,48,observable,feature,49152,0.035689458218279846,0.03642950687477924,0.036744866113930325,-0.4809682827276383,0.4944369861022548,0.5242639715796984,1.0207357772699488,0.0,0.0,0.0,True
D,47,48,state,theta,55732739,0.0006379623838724548,0.13778385870523163,0.13801728088016063,0.3638818945495043,0.3678888151112101,0.999990731493723,215.97489474046824,0.0,0.0,0.0,True
D,47,48,state,EMA,55732771,9.020516899199824e-06,0.0023519893282389044,0.002352117108988492,0.012248317656343771,0.016082715087289316,0.9999926472227442,260.7377553327948,0.0,0.0,0.0,True
D,47,48,state,m,55732739,1.6283112040428571,10.02364990527328,10.517902122855109,0.22979672362847606,0.3738115324851748,0.9885840696706684,6.155856374620546,0.0,0.0,0.0,True
D,47,48,state,v,55732739,0.1412794471234627,18.23964141661338,18.32037794007166,0.5688587815887491,0.5740634649785343,0.9999798874616397,129.10328988387067,0.0,0.0,0.0,True
D,47,48,state,net_buffer,32,0.0,0.0,0.0,,,,,0.0,0.0,0.0,True
D,47,48,state,scaler,1,0.0,0.0,0.0,,,,,0.0,0.0,0.0,True
D,47,48,observable,residual,393216,0.15792599969149523,0.2113045837464628,0.21715174117886787,-0.33615585789768654,0.4001567088191768,0.7286003463610051,1.3379974428481782,0.0,0.0,0.0,True
D,47,48,observable,feature,49152,0.03799637243585387,0.04128062915651099,0.0385392541380564,-0.5299730773605527,0.41824240574705845,0.548624388328916,1.086436059816017,0.0,0.0,0.0,True
B,48,49,state,theta,55732739,0.001357579293558999,0.14456365707379823,0.14479268571262321,0.16414189070796778,0.17325827730760468,0.9999572284555421,106.48634504052683,0.0,0.0,0.0,True
B,48,49,state,EMA,55732771,1.279529404300546e-05,0.0025499918803370595,0.002550131606691694,0.008411546285354966,0.01342858881552622,0.999987413141159,199.29138570527897,0.0,0.0,0.0,True
B,48,49,state,m,55732739,3.9317335963821,12.590926237337571,12.493804229083324,-0.18074042353258563,0.13254924002436252,0.9508955658401441,3.2023853927752075,0.0,0.0,0.0,True
B,48,49,state,v,55732739,0.22198291314350174,19.602938333640054,19.497053649877735,-0.48136849239684465,-0.4725972510788526,0.9999502029130727,88.30832092453736,0.0,0.0,0.0,True
B,48,49,state,net_buffer,32,0.0,0.0,0.0,,,,,0.0,0.0,0.0,True
B,48,49,state,scaler,1,0.0,0.0,0.0,,,,,0.0,0.0,0.0,True
B,48,49,observable,residual,393216,0.1663117618886923,0.21666009666017225,0.22022720437497886,-0.362183129538743,0.3988659361292089,0.7102881894367618,1.3027346604936858,0.0,0.0,0.0,True
B,48,49,observable,feature,49152,0.03811679073805399,0.03688517338442496,0.038651440077457536,-0.4692475387512876,0.5383632244826528,0.4915460616065352,0.9676883250194659,0.0,0.0,0.0,True
C,48,49,state,theta,55732739,0.0011820371058068454,0.09625346050321608,0.09627341336771637,0.010741583959039605,0.023017276064435516,0.9999246322174327,81.43015141433698,0.0,0.0,0.0,True
C,48,49,state,EMA,55732771,1.182255841346325e-05,0.0017576191317325788,0.0017576876497836884,0.002432416935626688,0.009158521969390944,0.9999773789957479,148.66656355286378,0.0,0.0,0.0,True
C,48,49,state,m,55732739,4.218739420806928,10.818330256419383,9.49472381879653,-0.48953252830323285,-0.11345091886769036,0.9218930690928422,2.564351380192649,0.0,0.0,0.0,True
C,48,49,state,v,55732739,0.24769383677297116,4.042984616181795,4.217996315365906,0.6912248578867731,0.7212678902655051,0.9990992021383611,16.322507935017676,0.0,0.0,0.0,True
C,48,49,state,net_buffer,32,0.0,0.0,0.0,,,,,0.0,0.0,0.0,True
C,48,49,state,scaler,1,0.0,0.0,0.0,,,,,0.0,0.0,0.0,True
C,48,49,observable,residual,393216,0.16992484399658156,0.20362308424225184,0.20121353250604013,-0.4313495924234085,0.4079850325088079,0.6477003331662244,1.1983126154663306,0.0,0.0,0.0,True
C,48,49,observable,feature,49152,0.03816942019302506,0.03980152654236742,0.0369476172194276,-0.5515858415588852,0.43887706163900303,0.5074160715707833,1.0427595268958423,0.0,0.0,0.0,True
D,48,49,state,theta,55732739,0.0006705321489501335,0.14050784000251315,0.14076170304113952,0.37655526989893634,0.3806397521942006,0.9999902628039233,209.54676106508728,0.0,0.0,0.0,True
D,48,49,state,EMA,55732771,9.021706554719343e-06,0.0024453655420103955,0.0024455011373946487,0.013185666815445352,0.016874039109056462,0.9999931964180012,271.0535448230912,0.0,0.0,0.0,True
D,48,49,state,m,55732739,1.603681069944086,12.50787674928137,12.892463973093394,0.17939530531393993,0.2984329020612637,0.9924844181185667,7.799478951084376,0.0,0.0,0.0,True
D,48,49,state,v,55732739,0.14605829018662717,18.23273413945088,18.284223376148606,0.3490176390633296,0.3560230029621487,0.9999719803745216,124.8319018123097,0.0,0.0,0.0,True
D,48,49,state,net_buffer,32,0.0,0.0,0.0,,,,,0.0,0.0,0.0,True
D,48,49,state,scaler,1,0.0,0.0,0.0,,,,,0.0,0.0,0.0,True
D,48,49,observable,residual,393216,0.16350741118632608,0.22274898196377013,0.22312196803707562,-0.36473861321679385,0.3686873916231263,0.7310419363542798,1.362317342973126,0.0,0.0,0.0,True
D,48,49,observable,feature,49152,0.0372594307421184,0.03829490583397277,0.03813079778573207,-0.49087528287375126,0.48416002497464933,0.5246460444162558,1.027790953088391,0.0,0.0,0.0,True
B,49,50,state,theta,55732739,0.0009895535463965975,0.14728008601868542,0.1474523758553266,0.170851064203009,0.17736243873248475,0.9999781382962817,148.83488271554117,0.0,0.0,0.0,True
B,49,50,state,EMA,55732771,1.1180699812743402e-05,0.002646447457567572,0.0026465558997685458,0.007586853953324385,0.011811165662961799,0.9999910767558693,236.69783661942486,0.0,0.0,0.0,True
B,49,50,state,m,55732739,3.8034561942762215,13.063788121608626,13.162152496592858,-0.11961328096116768,0.17024978519654355,0.9579621760561638,3.4347150208455597,0.0,0.0,0.0,True
B,49,50,state,v,55732739,0.9853491428734805,18.845974518124468,19.799397837696155,0.9659328858092345,0.9691858233444943,0.9999170591712075,19.126189589170124,0.0,0.0,0.0,True
B,49,50,state,net_buffer,32,0.0,0.0,0.0,,,,,0.0,0.0,0.0,True
B,49,50,state,scaler,1,0.0,0.0,0.0,,,,,0.0,0.0,0.0,True
B,49,50,observable,residual,393216,0.1726182084621061,0.216389830735297,0.22235372118642432,-0.36383362540409775,0.42224754028913575,0.6907261156695484,1.2535747686362986,0.0,0.0,0.0,True
B,49,50,observable,feature,49152,0.038052140052611434,0.03893548086084905,0.03893466821134279,-0.4886777076144631,0.4886451944933314,0.5224199723419938,1.0232139587160223,0.0,0.0,0.0,True
C,49,50,state,theta,55732739,0.0009329541201827968,0.09828984289052009,0.09839958580460059,0.11294922101432849,0.12230453217746269,0.999955625087971,105.35335100000613,0.0,0.0,0.0,True
C,49,50,state,EMA,55732771,1.072538120493821e-05,0.0018213088391045786,0.0018213650782869034,0.00229922534135179,0.00818780420247322,0.9999826618427903,169.81297021554875,0.0,0.0,0.0,True
C,49,50,state,m,55732739,1.9673305579284548,9.544096520258483,9.970954466815094,0.11875990055056586,0.3109819147042801,0.9806219188152956,4.851292774259632,0.0,0.0,0.0,True
C,49,50,state,v,55732739,0.1671098821263404,4.320524678748756,4.439167302934477,0.7003766008108058,0.7193025296065809,0.9996389473811628,25.854393670640622,0.0,0.0,0.0,True
C,49,50,state,net_buffer,32,0.0,0.0,0.0,,,,,0.0,0.0,0.0,True
C,49,50,state,scaler,1,0.0,0.0,0.0,,,,,0.0,0.0,0.0,True
C,49,50,observable,residual,393216,0.16266578412903993,0.2082440222046839,0.2140552231196703,-0.3543420619577505,0.41520205214039235,0.7035786870859402,1.2801956067139943,0.0,0.0,0.0,True
C,49,50,observable,feature,49152,0.0358959713028718,0.03830667972269423,0.03719854324995393,-0.4989583588265763,0.4511610345483565,0.5483033208014857,1.067158188853064,0.0,0.0,0.0,True
D,49,50,state,theta,55732739,0.0005822759637454333,0.1433444945218294,0.14353785327819177,0.3302670142776911,0.33387871622778514,0.9999926694435898,246.17965268526615,0.0,0.0,0.0,True
D,49,50,state,EMA,55732771,8.539136975977904e-06,0.002540476488409362,0.0025405822814462873,0.010708836204297321,0.01406948471311611,0.9999943521539024,297.5097478300406,0.0,0.0,0.0,True
D,49,50,state,m,55732739,3.7586081843779557,12.542047671870666,13.733139106376184,0.1821041602848278,0.4399989832703819,0.9631087078252589,3.336886170790467,0.0,0.0,0.0,True
D,49,50,state,v,55732739,1.0807040360256037,18.071738712029514,19.109557979221716,0.9579918030718265,0.9625173753053391,0.9998684606344235,16.722190451411773,0.0,0.0,0.0,True
D,49,50,state,net_buffer,32,0.0,0.0,0.0,,,,,0.0,0.0,0.0,True
D,49,50,state,scaler,1,0.0,0.0,0.0,,,,,0.0,0.0,0.0,True
D,49,50,observable,residual,393216,0.17946471424896138,0.22118181145103558,0.19934711164578672,-0.5213553905736058,0.32180242804879855,0.640174388311911,1.2324529218830305,0.0,0.0,0.0,True
D,49,50,observable,feature,49152,0.03415054371419126,0.03902266897615364,0.03994580830470274,-0.41022193881129704,0.4541800393876665,0.626182515358273,1.1426661110504595,0.0,0.0,0.0,True
B,50,51,state,theta,55732739,0.0010118703183596,0.1497506857021351,0.1499723105910678,0.21580855007947047,0.22223668183671325,0.9999782985095957,147.99395039564396,0.0,0.0,0.0,True
B,50,51,state,EMA,55732771,1.1357458427484475e-05,0.0027443979429647284,0.0027445054853382747,0.007399854582226588,0.011537817756367969,0.9999914378627099,241.63838771563752,0.0,0.0,0.0,True
B,50,51,state,m,55732739,2.6431324394153726,13.375892731454096,13.821596829049781,0.07263458537174347,0.26152440319661385,0.9816431290889001,5.06062145505379,0.0,0.0,0.0,True
B,50,51,state,v,55732739,0.3874022769435564,20.519811234436624,20.866875412583045,0.8940119538191095,0.897707895420972,0.9999654039424751,52.967709421662256,0.0,0.0,0.0,True
B,50,51,state,net_buffer,32,0.0,0.0,0.0,,,,,0.0,0.0,0.0,True
B,50,51,state,scaler,1,0.0,0.0,0.0,,,,,0.0,0.0,0.0,True
B,50,51,observable,residual,393216,0.1669278701096097,0.22710436453001986,0.21496696351654557,-0.4382810452252738,0.313500878208125,0.7161241924008604,1.3604939928898425,0.0,0.0,0.0,True
B,50,51,observable,feature,49152,0.034714889830770826,0.03924203278358862,0.041946740705249674,-0.36172064447056085,0.48919739881931146,0.636162429133333,1.1304092559384993,0.0,0.0,0.0,True
C,50,51,state,theta,55732739,0.0010241227717144928,0.10041935196720438,0.100503740916519,0.07733659730808942,0.08746155791397697,0.9999483921804582,98.05401729237157,0.0,0.0,0.0,True
C,50,51,state,EMA,55732771,1.1361674067110609e-05,0.0018861804510011276,0.0018862200058899778,0.00046964735931746447,0.006493152281746025,0.999981858474345,166.01254708240393,0.0,0.0,0.0,True
C,50,51,state,m,55732739,3.08569267107863,10.293512390796748,9.846151111500358,-0.29171408675419164,0.008422591078003833,0.9540146464213239,3.335883864026732,0.0,0.0,0.0,True
C,50,51,state,v,55732739,0.3566537994566606,3.9518829982125294,4.231918970195964,0.7678707050780323,0.8013359914410108,0.9985415676506674,11.080445530744303,0.0,0.0,0.0,True
C,50,51,state,net_buffer,32,0.0,0.0,0.0,,,,,0.0,0.0,0.0,True
C,50,51,state,scaler,1,0.0,0.0,0.0,,,,,0.0,0.0,0.0,True
C,50,51,observable,residual,393216,0.16541509874123753,0.20139456602033948,0.20344092087954738,-0.39824030674373356,0.418852139600903,0.666137401323611,1.217510176234791,0.0,0.0,0.0,True
C,50,51,observable,feature,49152,0.035879999350102595,0.03765551266227001,0.03884674013386588,-0.44269879354585345,0.49450608359845794,0.5604454881549664,1.0494847643346554,0.0,0.0,0.0,True
D,50,51,state,theta,55732739,0.0006426392518016801,0.1459575564604423,0.14614398863575237,0.28808775046434837,0.29211754622468067,0.9999911342306274,227.12206895430214,0.0,0.0,0.0,True
D,50,51,state,EMA,55732771,9.023562801885655e-06,0.0026370765891289855,0.002637173450711678,0.009023589196804542,0.012444937443852751,0.9999941465136201,292.2433906680314,0.0,0.0,0.0,True
D,50,51,state,m,55732739,3.0842576438666276,12.741596541382526,12.78435586001828,-0.10714405744542674,0.13446678979474455,0.9708065700850916,4.131171261493195,0.0,0.0,0.0,True
D,50,51,state,v,55732739,0.5816647011660119,19.4173200413918,19.97022013654413,0.9491030280703234,0.951952548318347,0.9999579190440416,33.382324907231975,0.0,0.0,0.0,True
D,50,51,state,net_buffer,32,0.0,0.0,0.0,,,,,0.0,0.0,0.0,True
D,50,51,state,scaler,1,0.0,0.0,0.0,,,,,0.0,0.0,0.0,True
D,50,51,observable,residual,393216,0.17140231109350715,0.20867387456849737,0.20382946815207234,-0.43862952374862285,0.39185594505479854,0.6549188480663845,1.2174507638619705,0.0,0.0,0.0,True
D,50,51,observable,feature,49152,0.03364743797566564,0.04147288302285274,0.04143712960051874,-0.40671801482602477,0.40494284920954,0.6706030102302344,1.2325717950010515,0.0,0.0,0.0,True
B,51,52,state,theta,55732739,0.0012654172553406987,0.1522387441343671,0.1524804752844396,0.18702444101125543,0.19502682702065874,0.9999667682354942,120.30715046111698,0.0,0.0,0.0,True
B,51,52,state,EMA,55732771,1.2500536650460729e-05,0.002843749195680399,0.0028438827590606787,0.008486965448694104,0.012882154759098582,0.9999903400526795,227.49016903810988,0.0,0.0,0.0,True
B,51,52,state,m,55732739,3.042733354611333,15.42373961638091,14.692632487392599,-0.3332229138583018,-0.1427116689095753,0.9807521663819069,5.069040832318046,0.0,0.0,0.0,True
B,51,52,state,v,55732739,0.19779254599070856,20.558627318697404,20.659926962025548,0.5086022886326419,0.5156822418108503,0.9999660259320333,103.94035435320782,0.0,0.0,0.0,True
B,51,52,state,net_buffer,32,0.0,0.0,0.0,,,,,0.0,0.0,0.0,True
B,51,52,state,scaler,1,0.0,0.0,0.0,,,,,0.0,0.0,0.0,True
B,51,52,observable,residual,393216,0.16643662736650577,0.21324339655763988,0.21794736478654303,-0.36167582099054163,0.40978539443769496,0.7022213499202254,1.281228777173321,0.0,0.0,0.0,True
B,51,52,observable,feature,49152,0.03463751595584267,0.037998107481414335,0.03911401354818589,-0.42308973911503106,0.47453341886790384,0.5968022142065961,1.0970217243596765,0.0,0.0,0.0,True
C,51,52,state,theta,55732739,0.0011338972168294604,0.10286887651816821,0.10300209126684896,0.11204867080998757,0.12291224326317758,0.9999401655575728,90.72151778077767,0.0,0.0,0.0,True
C,51,52,state,EMA,55732771,1.1680328274673387e-05,0.0019524141075933864,0.001952493278474345,0.00378702298710667,0.009769132416878396,0.9999821063613018,167.15404410566373,0.0,0.0,0.0,True
C,51,52,state,m,55732739,2.3869825517668612,10.879647315507226,10.546428635867697,-0.24715994620378962,-0.02863817732790831,0.9756554746341928,4.557908187244198,0.0,0.0,0.0,True
C,51,52,state,v,55732739,0.13252839935666708,4.397678187305325,4.342099600222459,-0.4317891041993821,-0.4067942443343691,0.9996209824951405,33.18291180345484,0.0,0.0,0.0,True
C,51,52,state,net_buffer,32,0.0,0.0,0.0,,,,,0.0,0.0,0.0,True
C,51,52,state,scaler,1,0.0,0.0,0.0,,,,,0.0,0.0,0.0,True
C,51,52,observable,residual,393216,0.1678394577100994,0.21061275932046836,0.20987158843674605,-0.40286328494633733,0.39543851674642594,0.6813518928831286,1.254846519370011,0.0,0.0,0.0,True
C,51,52,observable,feature,49152,0.035093474190289325,0.03879678222861303,0.038976103821339404,-0.4471513638545165,0.45529025130220246,0.5927910980517779,1.1055269711469162,0.0,0.0,0.0,True
D,51,52,state,theta,55732739,0.0006495896222718738,0.14846506611096125,0.14869541759472882,0.35269819544681535,0.35652040516129063,0.9999916446906613,228.5520904593884,0.0,0.0,0.0,True
D,51,52,state,EMA,55732771,9.038911565996808e-06,0.0027350990919088637,0.002735219644819304,0.01168500670887302,0.014989129988898155,0.9999945404135357,302.59164191825323,0.0,0.0,0.0,True
D,51,52,state,m,55732739,1.6049595244842332,11.952404386004023,12.259875975387109,0.12690041857451867,0.254629382084062,0.9915332296885166,7.447168731463821,0.0,0.0,0.0,True
D,51,52,state,v,55732739,0.15052588229269104,19.873479676692636,19.93362249863891,0.3963688402827709,0.40272429031274715,0.9999759676120376,132.0269934578395,0.0,0.0,0.0,True
D,51,52,state,net_buffer,32,0.0,0.0,0.0,,,,,0.0,0.0,0.0,True
D,51,52,state,scaler,1,0.0,0.0,0.0,,,,,0.0,0.0,0.0,True
D,51,52,observable,residual,393216,0.1722705878851507,0.2306912783973978,0.21569525439001613,-0.45759900080485866,0.3092626659068195,0.7040508607504923,1.3391216761342626,0.0,0.0,0.0,True
D,51,52,observable,feature,49152,0.035213742129148795,0.03755876181256887,0.03818353583089322,-0.4508920855890084,0.47870877553853863,0.5678144705766569,1.0665938790265332,0.0,0.0,0.0,True
B,52,53,state,theta,55732739,0.0012090956037961753,0.15448509470683836,0.15460790874958977,0.09770219697511812,0.10544498588987432,0.9999697121192217,127.76913109418672,0.0,0.0,0.0,True
B,52,53,state,EMA,55732771,1.22576090897987e-05,0.002944412141205737,0.002944461370410216,0.0019347458462148019,0.006097651145968196,0.9999913349699665,240.21096770463998,0.0,0.0,0.0,True
B,52,53,state,m,55732739,3.093618527518688,14.318228472979735,14.869501787740074,0.07359658052576165,0.2789193102445521,0.9782377665167886,4.628310939314169,0.0,0.0,0.0,True
B,52,53,state,v,55732739,0.17904955471972367,20.57694984828749,20.589269945501304,0.06447817742245653,0.07313585094743053,0.9999623440627454,114.92321151257677,0.0,0.0,0.0,True
B,52,53,state,net_buffer,32,0.0,0.0,0.0,,,,,0.0,0.0,0.0,True
B,52,53,state,scaler,1,0.0,0.0,0.0,,,,,0.0,0.0,0.0,True
B,52,53,observable,residual,393216,0.16074362075722443,0.22823984265740258,0.2264194998746889,-0.3634168627520581,0.34359855589604493,0.7500365489208897,1.4198998478584701,0.0,0.0,0.0,True
B,52,53,observable,feature,49152,0.03832122259763199,0.03805787669523248,0.039728025257362666,-0.458920641249425,0.5249613411429059,0.5152905666629213,0.9931279357873154,0.0,0.0,0.0,True
C,52,53,state,theta,55732739,0.0011928600871004551,0.10509916413932162,0.10511826128929919,0.010336075195125683,0.021681988672898177,0.9999356186229,88.10686624178317,0.0,0.0,0.0,True
C,52,53,state,EMA,55732771,1.2007508679502387e-05,0.0020200068741287242,0.002020049685970567,0.0005933148021963458,0.006537467246562446,0.9999823333012777,168.22864159798692,0.0,0.0,0.0,True
C,52,53,state,m,55732739,3.241458669636439,10.454307274969505,10.431488069920439,-0.16206192823030421,0.1483214536576258,0.9518287483182744,3.2251860475339815,0.0,0.0,0.0,True
C,52,53,state,v,55732739,0.22085967492135422,4.409153226798529,4.431802075158315,0.07776638672163341,0.12720414411813916,0.998764974298081,19.963595565232005,0.0,0.0,0.0,True
C,52,53,state,net_buffer,32,0.0,0.0,0.0,,,,,0.0,0.0,0.0,True
C,52,53,state,scaler,1,0.0,0.0,0.0,,,,,0.0,0.0,0.0,True
C,52,53,observable,residual,393216,0.17365086290712697,0.22720105334853277,0.21313910454653429,-0.4606247417283209,0.323715521536278,0.6906905693548907,1.3083784874138278,0.0,0.0,0.0,True
C,52,53,observable,feature,49152,0.036805665187265926,0.0385948136677772,0.0387418969713341,-0.47281755883902865,0.4789997665512169,0.5470162939664058,1.0486106818449863,0.0,0.0,0.0,True
D,52,53,state,theta,55732739,0.0005883997935334743,0.1509176146198217,0.15112538433971448,0.351403434537483,0.35481377359218275,0.9999933564333463,256.4882181782002,0.0,0.0,0.0,True
D,52,53,state,EMA,55732771,8.56522707010818e-06,0.00283451313904269,0.00283462587456747,0.011651380927440034,0.01467256041444083,0.9999954354465,330.9326321230722,0.0,0.0,0.0,True
D,52,53,state,m,55732739,1.4171707923956827,13.523435706109888,14.096620639195685,0.36063172558410966,0.4465006832499238,0.9955941082358387,9.542558863529035,0.0,0.0,0.0,True
D,52,53,state,v,55732739,0.09597421300915103,19.851925220794396,19.882790207969716,0.31942941945490727,0.3237605534242094,0.999989538690043,206.84644966978306,0.0,0.0,0.0,True
D,52,53,state,net_buffer,32,0.0,0.0,0.0,,,,,0.0,0.0,0.0,True
D,52,53,state,scaler,1,0.0,0.0,0.0,,,,,0.0,0.0,0.0,True
D,52,53,observable,residual,393216,0.16297624795151142,0.2219635260135554,0.21522219655624028,-0.40785967769706,0.33661154346684036,0.7224723496916071,1.361937882381449,0.0,0.0,0.0,True
D,52,53,observable,feature,49152,0.03678418377072437,0.038098890654484234,0.03902633172222995,-0.45722620680431725,0.4961873601430974,0.5452779418282223,1.035741091659242,0.0,0.0,0.0,True
B,53,54,state,theta,55732739,0.0010082301197878777,0.15659022248068047,0.15681619567704683,0.2210709831115461,0.22718179327992827,0.9999803414910757,155.3119862295183,0.0,0.0,0.0,True
B,53,54,state,EMA,55732771,1.1287346976514632e-05,0.0030462046429240667,0.0030463313031493795,0.009368977639674468,0.013073814434027041,0.9999931362278762,269.8778241921903,0.0,0.0,0.0,True
B,53,54,state,m,55732739,3.7871495800778914,13.298260070533658,13.016580733365037,-0.21598261443663364,0.07029162430041683,0.9588003069788859,3.5114166444569506,0.0,0.0,0.0,True
B,53,54,state,v,55732739,1.0006582947912435,20.71501186560825,21.684651393688426,0.9675274426907864,0.9704099165992267,0.9999319718317489,20.70138425218351,0.0,0.0,0.0,True
B,53,54,state,net_buffer,32,0.0,0.0,0.0,,,,,0.0,0.0,0.0,True
B,53,54,state,scaler,1,0.0,0.0,0.0,,,,,0.0,0.0,0.0,True
B,53,54,observable,residual,393216,0.15951604903741937,0.20884552316875674,0.21947184018068397,-0.3135888876403808,0.42841219930925245,0.7236603231629631,1.3092445834071882,0.0,0.0,0.0,True
B,53,54,observable,feature,49152,0.03754369277206291,0.039280299474472466,0.03845730181768712,-0.4995861049592677,0.4659661523039052,0.5336825847530167,1.046255617766556,0.0,0.0,0.0,True
C,53,54,state,theta,55732739,0.000913374680647859,0.10718767863939813,0.10730442483067579,0.12362748616026235,0.13200497519596555,0.9999643260229681,117.353459549995,0.0,0.0,0.0,True
C,53,54,state,EMA,55732771,1.0519771034130118e-05,0.0020888860861364754,0.002088947699670206,0.0033389799576531124,0.00837480029410129,0.9999873198217972,198.56763796087753,0.0,0.0,0.0,True
C,53,54,state,m,55732739,1.8548170873588565,10.22557902476975,10.642645624925176,0.13874650670284075,0.30759085395014424,0.9849927156892652,5.51298513177401,0.0,0.0,0.0,True
C,53,54,state,v,55732739,0.1782348623928567,4.033197232190987,4.169320036044681,0.7545192982442694,0.7726343815914755,0.9996063721316224,22.628554133821517,0.0,0.0,0.0,True
C,53,54,state,net_buffer,32,0.0,0.0,0.0,,,,,0.0,0.0,0.0,True
C,53,54,state,scaler,1,0.0,0.0,0.0,,,,,0.0,0.0,0.0,True
C,53,54,observable,residual,393216,0.1558687992803617,0.19176421443529487,0.19676766433650117,-0.37388824925634495,0.4277654723348619,0.678397552813303,1.230292498053879,0.0,0.0,0.0,True
C,53,54,observable,feature,49152,0.03528914135084133,0.038245816487184205,0.03689220905117298,-0.4990252608904939,0.43921232198046145,0.5593496309574605,1.0837842753652713,0.0,0.0,0.0,True
D,53,54,state,theta,55732739,0.0005823375517076736,0.15336414709754578,0.1535574473127071,0.3302490767032961,0.3336256653559338,0.9999935934310098,263.3595354581096,0.0,0.0,0.0,True
D,53,54,state,EMA,55732771,8.586067653300904e-06,0.0029352813970399028,0.002935393104738687,0.011548029197174426,0.014472604319898252,0.9999957227061642,341.8656264502455,0.0,0.0,0.0,True
D,53,54,state,m,55732739,3.8210591519445516,12.954466279573,13.15701136520967,-0.09405840998465045,0.19780956170411204,0.9572890971720363,3.3902815330614344,0.0,0.0,0.0,True
D,53,54,state,v,55732739,1.1171579678857788,19.146180231907355,20.215601184911797,0.9548292130395769,0.9595801774082346,0.9998651591084414,17.13829268759681,0.0,0.0,0.0,True
D,53,54,state,net_buffer,32,0.0,0.0,0.0,,,,,0.0,0.0,0.0,True
D,53,54,state,scaler,1,0.0,0.0,0.0,,,,,0.0,0.0,0.0,True
D,53,54,observable,residual,393216,0.1554669616861552,0.2179496629109775,0.2182619221320543,-0.35464799052841595,0.3581547845580481,0.7459552072345342,1.4019034047308236,0.0,0.0,0.0,True
D,53,54,observable,feature,49152,0.03480599763747785,0.04015853390870015,0.04031729853574866,-0.42878699186731756,0.4362033500178827,0.6258895263136333,1.1537820098412832,0.0,0.0,0.0,True
B,54,55,state,theta,55732739,0.0009252007384898691,0.15880701261261346,0.15903935629215418,0.24839859308762446,0.25385313538208387,0.9999841226861376,171.64600719171645,0.0,0.0,0.0,True
B,54,55,state,EMA,55732771,1.0887052876803397e-05,0.003149300254726486,0.0031494357478836785,0.01071712770160512,0.014173493111393161,0.999994025843762,289.2702267880569,0.0,0.0,0.0,True
B,54,55,state,m,55732739,2.9339379148918603,12.76822923788351,13.508136008118173,0.14460389958605388,0.3538810721646284,0.9766327562582853,4.351908461687446,0.0,0.0,0.0,True
B,54,55,state,v,55732739,0.505745868502206,21.840825044040177,22.33098053516415,0.9684706794349646,0.9698608847121449,0.9999840828201138,43.18537511482391,0.0,0.0,0.0,True
B,54,55,state,net_buffer,32,0.0,0.0,0.0,,,,,0.0,0.0,0.0,True
B,54,55,state,scaler,1,0.0,0.0,0.0,,,,,0.0,0.0,0.0,True
B,54,55,observable,residual,393216,0.1674104257658382,0.23620722216833165,0.22617595984437033,-0.4130197756628153,0.3088399487903214,0.7386435136159636,1.410946905413893,0.0,0.0,0.0,True
B,54,55,observable,feature,49152,0.03807794862645533,0.040326149030592943,0.0399067021345205,-0.4830829742120871,0.46601376760094626,0.5495653407365518,1.0590420567607897,0.0,0.0,0.0,True
C,54,55,state,theta,55732739,0.0008184174266417366,0.1092576526152422,0.10934305533163247,0.10064647680578025,0.10805272626233028,0.9999722718024177,133.4986879049802,0.0,0.0,0.0,True
C,54,55,state,EMA,55732771,1.011523501776331e-05,0.0021589793467771444,0.002159026607652751,0.0023297015315847094,0.007014741020294847,0.9999890249629118,213.43837715938113,0.0,0.0,0.0,True
C,54,55,state,m,55732739,2.1349049038571764,9.931788644973379,9.802245128719642,-0.16776146575982526,0.04781899218030266,0.976677663466569,4.652098848538599,0.0,0.0,0.0,True
C,54,55,state,v,55732739,0.14859353728274313,4.140839226522155,4.133233338205669,-0.06908129532987124,-0.03325749818369183,0.9993566427300212,27.86688642213951,0.0,0.0,0.0,True
C,54,55,state,net_buffer,32,0.0,0.0,0.0,,,,,0.0,0.0,0.0,True
C,54,55,state,scaler,1,0.0,0.0,0.0,,,,,0.0,0.0,0.0,True
C,54,55,observable,residual,393216,0.1604158484255156,0.19759495599636165,0.191104996946691,-0.44571360146599953,0.37856199530482343,0.6598227805501896,1.2317670475564582,0.0,0.0,0.0,True
C,54,55,observable,feature,49152,0.03678955135382406,0.03900596301431867,0.0384819202964877,-0.4857374596604931,0.4636695318259963,0.5492423360066057,1.0602456833240026,0.0,0.0,0.0,True
D,54,55,state,theta,55732739,0.0006280026208987294,0.15580949842694572,0.15602322672746083,0.3385483988021066,0.34210969706926253,0.999992827870633,248.10326142264827,0.0,0.0,0.0,True
D,54,55,state,EMA,55732771,8.883318964351379e-06,0.0030374314743567346,0.0030375473383838676,0.011580816980523115,0.014504879118426853,0.9999957242029246,341.92529690151844,0.0,0.0,0.0,True
D,54,55,state,m,55732739,2.797013680389872,11.951094148532182,12.3848447499979,0.040871332282253474,0.26528155070103565,0.9742077569493525,4.272805039289738,0.0,0.0,0.0,True
D,54,55,state,v,55732739,0.477215587289516,20.315131115043513,20.77337522599122,0.9593301837171107,0.9611405866842565,0.9999789733774205,42.57013319793089,0.0,0.0,0.0,True
D,54,55,state,net_buffer,32,0.0,0.0,0.0,,,,,0.0,0.0,0.0,True
D,54,55,state,scaler,1,0.0,0.0,0.0,,,,,0.0,0.0,0.0,True
D,54,55,observable,residual,393216,0.16404800889073393,0.21489868948696422,0.21388706613271527,-0.3878389680823046,0.3773109069989077,0.7072633317105795,1.3099743845723844,0.0,0.0,0.0,True
D,54,55,observable,feature,49152,0.0360989854064647,0.03910946816454522,0.03894297690167704,-0.46611435699898396,0.45886324626625924,0.5722010633587596,1.08339521801467,0.0,0.0,0.0,True
B,55,56,state,theta,55732739,0.001436417581005112,0.16122586775031197,0.16147618971288236,0.16994885038570376,0.17858093201779093,0.9999615767128525,112.24164190297402,0.0,0.0,0.0,True
B,55,56,state,EMA,55732771,1.3087934251466823e-05,0.0032537693340453544,0.0032539100285788906,0.008738978601591313,0.012760818360530305,0.9999919114677592,248.60831904627653,0.0,0.0,0.0,True
B,55,56,state,m,55732739,3.948701416424342,12.49582356763814,12.260902658529801,-0.21693481885410212,0.10096501283979537,0.9492949308312058,3.1645399967854377,0.0,0.0,0.0,True
B,55,56,state,v,55732739,0.3193792305113948,22.2828273189484,22.512212787941596,0.7147531770188262,0.7216572179165655,0.9999507756380155,69.7691809303592,0.0,0.0,0.0,True
B,55,56,state,net_buffer,32,0.0,0.0,0.0,,,,,0.0,0.0,0.0,True
B,55,56,state,scaler,1,0.0,0.0,0.0,,,,,0.0,0.0,0.0,True
B,55,56,observable,residual,393216,0.15742107931835264,0.2184685491396598,0.22107097033292492,-0.3436531059532122,0.3724762402291443,0.7435182739817229,1.387797301896596,0.0,0.0,0.0,True
B,55,56,observable,feature,49152,0.03857691825703121,0.039426095058050364,0.03899862680423241,-0.5002516392026803,0.48345162693868643,0.5161189024839784,1.0220125618993523,0.0,0.0,0.0,True
C,55,56,state,theta,55732739,0.0013111188920594936,0.111263658223663,0.11141801747620192,0.11192065452841837,0.1235331650791394,0.9999316271448033,84.86160858294939,0.0,0.0,0.0,True
C,55,56,state,EMA,55732771,1.2298948275925168e-05,0.002230174465414943,0.0022303358267549795,0.010363008609267994,0.015876651863997504,0.9999847972521619,181.33050203816566,0.0,0.0,0.0,True
C,55,56,state,m,55732739,3.0045623383640576,8.99622072756636,9.280982447414576,-0.07071381089053426,0.2551890708257074,0.9464253083475419,2.994186744837079,0.0,0.0,0.0,True
C,55,56,state,v,55732739,0.1930643503628542,4.0439655545064435,3.9078714811289506,-0.7169247967855902,-0.6924881859799082,0.999406698305168,20.946205484886388,0.0,0.0,0.0,True
C,55,56,state,net_buffer,32,0.0,0.0,0.0,,,,,0.0,0.0,0.0,True
C,55,56,state,scaler,1,0.0,0.0,0.0,,,,,0.0,0.0,0.0,True
C,55,56,observable,residual,393216,0.16222491489250493,0.20100074606974375,0.19838106884222295,-0.4195862611263512,0.39261691561627765,0.6700911601307185,1.239025128803013,0.0,0.0,0.0,True
C,55,56,observable,feature,49152,0.03494781186675189,0.03765039768554695,0.03934732185595312,-0.4144592944914112,0.4916028256127038,0.5887555020909121,1.0773320466843364,0.0,0.0,0.0,True
D,55,56,state,theta,55732739,0.0006549611225468198,0.15859162583048697,0.1588447122262417,0.38465777696095943,0.38816818322102076,0.9999927570370848,242.13899172183318,0.0,0.0,0.0,True
D,55,56,state,EMA,55732771,9.074794091311622e-06,0.0031411637465387694,0.0031412976830558,0.013314998844577219,0.01620329904474037,0.9999958279521671,346.14160001119785,0.0,0.0,0.0,True
D,55,56,state,m,55732739,1.871504698493075,11.773113616888654,12.665601183744531,0.4154757811769262,0.5339618844176459,0.9909263927857856,6.290720844232077,0.0,0.0,0.0,True
D,55,56,state,v,55732739,0.19121657363420647,21.03154456773311,21.15240661598285,0.6293391034310922,0.634783087306802,0.99997532284401,109.98808402437982,0.0,0.0,0.0,True
D,55,56,state,net_buffer,32,0.0,0.0,0.0,,,,,0.0,0.0,0.0,True
D,55,56,state,scaler,1,0.0,0.0,0.0,,,,,0.0,0.0,0.0,True
D,55,56,observable,residual,393216,0.1631367371053767,0.21883153514197862,0.21593547975212005,-0.39037988677607366,0.3598728068348098,0.7184842174146715,1.3413994850260267,0.0,0.0,0.0,True
D,55,56,observable,feature,49152,0.03459686155737202,0.03849033995945701,0.038806501742767376,-0.4402466704687629,0.45486237491891773,0.5993631429169007,1.1125384854816507,0.0,0.0,0.0,True
B,56,57,state,theta,55732739,0.0012495423482287128,0.1636375739961624,0.16384861766051087,0.1651876636075081,0.17260109532111972,0.9999717136260773,130.9580057275583,0.0,0.0,0.0,True
B,56,57,state,EMA,55732771,1.2368808403741178e-05,0.0033596143626499703,0.003359694410345976,0.00463100803443146,0.008312425506249728,0.9999932232988685,271.6198887545054,0.0,0.0,0.0,True
B,56,57,state,m,55732739,3.247931916179056,12.810659903488952,13.906254084501935,0.22497795795112757,0.4408123125050708,0.9737613674588774,3.9442513679780933,0.0,0.0,0.0,True
B,56,57,state,v,55732739,0.18304859410223318,22.640241723961974,22.740160005574065,0.5430185574850899,0.5486821549673977,0.9999771550379197,123.6843245642047,0.0,0.0,0.0,True
B,56,57,state,net_buffer,32,0.0,0.0,0.0,,,,,0.0,0.0,0.0,True
B,56,57,state,scaler,1,0.0,0.0,0.0,,,,,0.0,0.0,0.0,True
B,56,57,observable,residual,393216,0.16530485946190546,0.21184521660192837,0.22403939958177763,-0.314263860914388,0.4406794695961544,0.7136953300982014,1.2815425831492155,0.0,0.0,0.0,True
B,56,57,observable,feature,49152,0.038730642403127194,0.04134604202266522,0.03775385347141639,-0.5570907766596112,0.4157759353705201,0.5236434575016046,1.0675279173610313,0.0,0.0,0.0,True
C,56,57,state,theta,55732739,0.0012138169188979334,0.11308934786552519,0.11314723943832755,0.04233940538410926,0.053045506833354114,0.999942559038617,93.16837333936896,0.0,0.0,0.0,True
C,56,57,state,EMA,55732771,1.1950072995669956e-05,0.0023026271049799434,0.0023026838622600626,0.002154714677992323,0.00734428971943837,0.999986533851676,192.68728365209884,0.0,0.0,0.0,True
C,56,57,state,m,55732739,2.914304394548152,10.69740107808617,11.096509785838588,0.0032873507985928395,0.2658016404661935,0.9648963165543484,3.6706533120212197,0.0,0.0,0.0,True
C,56,57,state,v,55732739,0.16143826982212148,3.684270439679229,3.6429031443206386,-0.27671275608500445,-0.23553916305508735,0.9990928297869694,22.82154314301492,0.0,0.0,0.0,True
C,56,57,state,net_buffer,32,0.0,0.0,0.0,,,,,0.0,0.0,0.0,True
C,56,57,state,scaler,1,0.0,0.0,0.0,,,,,0.0,0.0,0.0,True
C,56,57,observable,residual,393216,0.1599754187944358,0.20463878443646266,0.2086822778643267,-0.3653472457955946,0.40832984664378286,0.7005492142459966,1.279188927765322,0.0,0.0,0.0,True
C,56,57,observable,feature,49152,0.0354443937551491,0.038725453417808864,0.03919125745914097,-0.4444160479915832,0.4652614376952428,0.586186754677085,1.0925692137753975,0.0,0.0,0.0,True
D,56,57,state,theta,55732739,0.0005977626738363904,0.16185052370616104,0.1620761144179714,0.3758081250727072,0.37897320496889875,0.9999941592743578,270.76050544845504,0.0,0.0,0.0,True
D,56,57,state,EMA,55732771,8.71746597291396e-06,0.0032466448578568753,0.00324676638787699,0.012598706497338776,0.015283203566300715,0.9999963960373113,372.4298859260852,0.0,0.0,0.0,True
D,56,57,state,m,55732739,1.6723450376604654,16.415557717369147,17.111428776142237,0.37398669063423,0.456510396968479,0.9958836708809442,9.815891665713773,0.0,0.0,0.0,True
D,56,57,state,v,55732739,0.13933210435156504,21.36448316404975,21.433855841584165,0.4954419441448318,0.5003389617836155,0.9999840575174526,153.33496370759275,0.0,0.0,0.0,True
D,56,57,state,net_buffer,32,0.0,0.0,0.0,,,,,0.0,0.0,0.0,True
D,56,57,state,scaler,1,0.0,0.0,0.0,,,,,0.0,0.0,0.0,True
D,56,57,observable,residual,393216,0.15950271190380674,0.21654572571509084,0.22157549449707417,-0.3363884663832928,0.39110474524877786,0.7351483224420561,1.357630369605789,0.0,0.0,0.0,True
D,56,57,observable,feature,49152,0.03700410604630326,0.04004379486554038,0.03821057806846142,-0.5104523486912486,0.43348354680739776,0.5536415069429667,1.0821446359340112,0.0,0.0,0.0,True
B,57,58,state,theta,55732739,0.001146167308086167,0.16611361497500757,0.16632256365233183,0.17896677978779676,0.18563317797104148,0.9999770157156418,144.9296396809456,0.0,0.0,0.0,True
B,57,58,state,EMA,55732771,1.2213071788473457e-05,0.0034667309370745012,0.0034668569729423286,0.008558471166731153,0.012080968116978383,0.999993795346841,283.8541357258178,0.0,0.0,0.0,True
B,57,58,state,m,55732739,5.624701609228218,13.477864736577159,11.93106006549751,-0.46788601750367753,-0.05711167684023442,0.9090680493977191,2.396191953447731,0.0,0.0,0.0,True
B,57,58,state,v,55732739,1.4496727218780459,22.192868731061367,23.599100916297633,0.9681061635945509,0.9718474364599425,0.9998815595559696,15.308882064298336,0.0,0.0,0.0,True
B,57,58,state,net_buffer,32,0.0,0.0,0.0,,,,,0.0,0.0,0.0,True
B,57,58,state,scaler,1,0.0,0.0,0.0,,,,,0.0,0.0,0.0,True
B,57,58,observable,residual,393216,0.16388364494854643,0.2056395194743224,0.21328085400067284,-0.35098024777217707,0.42998812941459824,0.6944814519732126,1.2547897597645319,0.0,0.0,0.0,True
B,57,58,observable,feature,49152,0.035547615476450765,0.03837159387181616,0.03912303975878268,-0.4418561028591147,0.47524151145703075,0.5793175369602847,1.0794421329677149,0.0,0.0,0.0,True
C,57,58,state,theta,55732739,0.0011197703916635718,0.115020517919237,0.11497298480152714,-0.04730791328349189,-0.03758804995227554,0.9999526768580828,102.71794894340644,0.0,0.0,0.0,True
C,57,58,state,EMA,55732771,1.1877586752642606e-05,0.00237607671424634,0.0023761117542950047,0.00045070860456087204,0.005449451167204041,0.9999875061776623,200.04709405449677,0.0,0.0,0.0,True
C,57,58,state,m,55732739,2.886406858241978,10.983661955068452,10.179751692084604,-0.39971889732481836,-0.14774136270887364,0.9656336309366506,3.8053062144393133,0.0,0.0,0.0,True
C,57,58,state,v,55732739,0.4766851088433535,3.117725378811659,2.7333409806158278,-0.8331085541786808,-0.7758704782404444,0.9953368263522359,6.540429564449,0.0,0.0,0.0,True
C,57,58,state,net_buffer,32,0.0,0.0,0.0,,,,,0.0,0.0,0.0,True
C,57,58,state,scaler,1,0.0,0.0,0.0,,,,,0.0,0.0,0.0,True
C,57,58,observable,residual,393216,0.17054326608935108,0.20095811487201276,0.1952860350596561,-0.4571149241725173,0.4029080349946327,0.6298465872783553,1.1783409540587004,0.0,0.0,0.0,True
C,57,58,observable,feature,49152,0.03567606251361571,0.039169852152408466,0.03816932987218115,-0.4830885214558128,0.4389271859833294,0.5746801406992383,1.0979309204164378,0.0,0.0,0.0,True
D,57,58,state,theta,55732739,0.000580551531636416,0.16534647254424803,0.16555439779659317,0.35662087156916666,0.3596796912300375,0.9999946334307395,284.8092951855308,0.0,0.0,0.0,True
D,57,58,state,EMA,55732771,8.59844540071519e-06,0.0033540190979678176,0.0033541387069154502,0.0126289675407107,0.015192050231797111,0.9999967146678397,390.0727331115973,0.0,0.0,0.0,True
D,57,58,state,m,55732739,3.7552773814452087,16.575954881244094,16.99871686229966,0.000738879562024577,0.22163584735526407,0.9752930008334838,4.4140427450567925,0.0,0.0,0.0,True
D,57,58,state,v,55732739,1.061729811017757,21.667998668437782,22.69177351714902,0.9625314187887224,0.9658945033581083,0.9999195061884145,20.408204086939207,0.0,0.0,0.0,True
D,57,58,state,net_buffer,32,0.0,0.0,0.0,,,,,0.0,0.0,0.0,True
D,57,58,state,scaler,1,0.0,0.0,0.0,,,,,0.0,0.0,0.0,True
D,57,58,observable,residual,393216,0.1622296502042667,0.2070689848440578,0.2098086114609032,-0.3747294609799475,0.40339050212797994,0.6971913805134993,1.2763942015737135,0.0,0.0,0.0,True
D,57,58,observable,feature,49152,0.03520412985961655,0.03878484446485836,0.039869910013011524,-0.422585482171015,0.4718901460867743,0.5996524764143908,1.1017129132155976,0.0,0.0,0.0,True
B,58,59,state,theta,55732739,0.0009569741680467139,0.16870156600752814,0.16893472083372887,0.2409696009321956,0.24630178450095008,0.9999848868082808,176.28643660451775,0.0,0.0,0.0,True
B,58,59,state,EMA,55732771,1.1083627223557755e-05,0.003575339089123709,0.003575463108060749,0.009639565257459038,0.012739144640598549,0.9999951957023161,322.578431862494,0.0,0.0,0.0,True
B,58,59,state,m,55732739,3.8207669549465506,11.689121385023482,13.287005908487952,0.2833621672449504,0.5368419170521639,0.9612234899177857,3.0593651805667386,0.0,0.0,0.0,True
B,58,59,state,v,55732739,0.7122830705388149,23.721642536349748,24.409409279245505,0.9645649254831111,0.9665677348452114,0.999970360772343,33.303673100646954,0.0,0.0,0.0,True
B,58,59,state,net_buffer,32,0.0,0.0,0.0,,,,,0.0,0.0,0.0,True
B,58,59,state,scaler,1,0.0,0.0,0.0,,,,,0.0,0.0,0.0,True
B,58,59,observable,residual,393216,0.16227855461267038,0.20670247962931088,0.21161864796874655,-0.36188649552326857,0.4133648876566318,0.6992581401607123,1.2737510518421389,0.0,0.0,0.0,True
B,58,59,observable,feature,49152,0.03601305629062521,0.03944340344142969,0.039621454215231076,-0.4515603579402435,0.45939704321187363,0.5850702684052818,1.0952528750440282,0.0,0.0,0.0,True
C,58,59,state,theta,55732739,0.0008304000487325341,0.11674396345667737,0.1168472990527793,0.12093931262244391,0.12793906973622274,0.9999751163695674,140.5876163360869,0.0,0.0,0.0,True
C,58,59,state,EMA,55732771,1.0281411641101944e-05,0.0024505798404932232,0.0024506454357821773,0.004282323176995441,0.00847759785474347,0.9999911994769721,238.35052286950105,0.0,0.0,0.0,True
C,58,59,state,m,55732739,1.799846142646039,9.491358900665643,9.761324085725732,0.05731164393171461,0.24011204871442815,0.9829108180062566,5.273427920184304,0.0,0.0,0.0,True
C,58,59,state,v,55732739,0.1876909562724746,2.6496552472777464,2.543611927900265,-0.5891010939553333,-0.5398716028340542,0.9982207866543966,14.117117307619184,0.0,0.0,0.0,True
C,58,59,state,net_buffer,32,0.0,0.0,0.0,,,,,0.0,0.0,0.0,True
C,58,59,state,scaler,1,0.0,0.0,0.0,,,,,0.0,0.0,0.0,True
C,58,59,observable,residual,393216,0.169247265105979,0.21003761042764962,0.19803409643372377,-0.47179386293126196,0.3542461161224565,0.6574008808443674,1.2410103660825986,0.0,0.0,0.0,True
C,58,59,observable,feature,49152,0.03476628262521762,0.037745957342259384,0.038543414711628324,-0.4373499155323764,0.47370196715817836,0.5848191381430784,1.0857058762699139,0.0,0.0,0.0,True
D,58,59,state,theta,55732739,0.0006281543088670897,0.1688196005556496,0.16904361449673883,0.3549986480469904,0.35824413983483466,0.9999939659910867,268.75498292788103,0.0,0.0,0.0,True
D,58,59,state,EMA,55732771,8.919119963171347e-06,0.0034633176260051696,0.0034634402862789614,0.012465096615392825,0.01503987494384743,0.9999966846312404,388.30261733285704,0.0,0.0,0.0,True
D,58,59,state,m,55732739,3.005537904977501,15.379984003592849,15.720103814085036,0.01670625963584439,0.2075355194546178,0.9815581043652843,5.117215117507554,0.0,0.0,0.0,True
D,58,59,state,v,55732739,0.5734091144458522,23.09884130533819,23.65363365884358,0.9667403193518914,0.9683074771923617,0.999980779143988,40.28335218853492,0.0,0.0,0.0,True
D,58,59,state,net_buffer,32,0.0,0.0,0.0,,,,,0.0,0.0,0.0,True
D,58,59,state,scaler,1,0.0,0.0,0.0,,,,,0.0,0.0,0.0,True
D,58,59,observable,residual,393216,0.15712755047361773,0.2272505863610017,0.22091739696122584,-0.3854586914993206,0.3147413366664668,0.7545100958536238,1.4462809715802059,0.0,0.0,0.0,True
D,58,59,observable,feature,49152,0.03667874091232146,0.03851188352805807,0.040962603056054925,-0.40725857057034365,0.5125271518507575,0.5755042447260055,1.0499783408628622,0.0,0.0,0.0,True
B,59,60,state,theta,55732739,0.001447271239469386,0.17134789180661908,0.17161778829727292,0.18241013593680383,0.19055637414317636,0.9999656239182229,118.39376554559357,0.0,0.0,0.0,True
B,59,60,state,EMA,55732771,1.3420788451749477e-05,0.003685352470028493,0.0036854455793372174,0.005116952195583381,0.008758387600601965,0.9999933696549679,274.6002951524123,0.0,0.0,0.0,True
B,59,60,state,m,55732739,3.2030335140519184,13.636122013271752,14.804307923579083,0.2628878938239071,0.458502008002393,0.9779694412170812,4.25725236824691,0.0,0.0,0.0,True
B,59,60,state,v,55732739,0.2755344187713467,24.239284296272867,24.210936323395863,-0.10850707190467733,-0.0972535433504452,0.9999360016443753,87.97189260187464,0.0,0.0,0.0,True
B,59,60,state,net_buffer,32,0.0,0.0,0.0,,,,,0.0,0.0,0.0,True
B,59,60,state,scaler,1,0.0,0.0,0.0,,,,,0.0,0.0,0.0,True
B,59,60,observable,residual,393216,0.15215736330192722,0.21217943351406934,0.21511529627473866,-0.3391298279924586,0.37282792018812716,0.7464756614267682,1.3944736482653146,0.0,0.0,0.0,True
B,59,60,observable,feature,49152,0.03410247713937675,0.039374846345121985,0.03991419409334409,-0.41712519946772725,0.4429060113881788,0.6300977468616791,1.1546037017838051,0.0,0.0,0.0,True
C,59,60,state,theta,55732739,0.001267815050323865,0.11804021422003967,0.11830474183082147,0.20351194551808624,0.21377341520073356,0.9999449548409258,93.10523186318552,0.0,0.0,0.0,True
C,59,60,state,EMA,55732771,1.2501310125137328e-05,0.002525848451902684,0.0025260354174088933,0.012481551094830753,0.01742961176709148,0.9999877556090793,202.04669963540618,0.0,0.0,0.0,True
C,59,60,state,m,55732739,3.1165973089160435,9.372963416758731,8.879891419456861,-0.32030174049411814,0.012885384239025213,0.9431097159525716,3.007434868131443,0.0,0.0,0.0,True
C,59,60,state,v,55732739,0.2097010108346581,2.4769569990678577,2.540231387600648,0.2632597992724099,0.339254218108707,0.9968236978124818,11.81185054477802,0.0,0.0,0.0,True
C,59,60,state,net_buffer,32,0.0,0.0,0.0,,,,,0.0,0.0,0.0,True
C,59,60,state,scaler,1,0.0,0.0,0.0,,,,,0.0,0.0,0.0,True
C,59,60,observable,residual,393216,0.16610916270960444,0.1908223691989307,0.20284971775763108,-0.3605573789913007,0.4796987173262513,0.6454555930038542,1.1487769012027977,0.0,0.0,0.0,True
C,59,60,observable,feature,49152,0.03462155328779376,0.038411536889697805,0.03925251309334466,-0.4261096310337528,0.46504098814962874,0.6027374485847126,1.1094689071399997,0.0,0.0,0.0,True
D,59,60,state,theta,55732739,0.0006704209671216719,0.17233176269044137,0.17259408014430494,0.3896253922819487,0.39291759920922387,0.999993601046143,257.0500791917589,0.0,0.0,0.0,True
D,59,60,state,EMA,55732771,9.106874974886616e-06,0.003574496149646153,0.003574631664524448,0.01360691649939404,0.01615404075994761,0.9999967553605426,392.50524021723015,0.0,0.0,0.0,True
D,59,60,state,m,55732739,1.594018907648358,15.152238881803825,15.40957075085898,0.11020662392764663,0.21180966378153263,0.9947006682998067,9.50568328211225,0.0,0.0,0.0,True
D,59,60,state,v,55732739,0.17101739203396957,23.50485701007979,23.550760468071726,0.26503815650854134,0.27178321361044594,0.9999754859858077,137.441325297552,0.0,0.0,0.0,True
D,59,60,state,net_buffer,32,0.0,0.0,0.0,,,,,0.0,0.0,0.0,True
D,59,60,state,scaler,1,0.0,0.0,0.0,,,,,0.0,0.0,0.0,True
D,59,60,observable,residual,393216,0.1679362074080225,0.2186413743770065,0.23819975208486435,-0.26237270176889055,0.46419309141375753,0.7329121730250365,1.3019311186764466,0.0,0.0,0.0,True
D,59,60,observable,feature,49152,0.035877690100816234,0.03840542378970391,0.03986892564998926,-0.42552281884605225,0.4899882701215818,0.580367983011494,1.0704541926134248,0.0,0.0,0.0,True
B,60,61,state,theta,55732739,0.0011072554459171547,0.17408071261297015,0.1743201373277092,0.2132009978915329,0.21926002167390465,0.9999807437694789,157.21820403310522,0.0,0.0,0.0,True
B,60,61,state,EMA,55732771,1.1812950257041616e-05,0.003796719905212024,0.003796887688870345,0.012648001633796957,0.0157586620211657,0.9999951609197646,321.4031907862158,0.0,0.0,0.0,True
B,60,61,state,m,55732739,3.0991210294580127,16.468415850790663,15.868318022663978,-0.28419975693554245,-0.09964501279793941,0.9823124533578012,5.313898906900945,0.0,0.0,0.0,True
B,60,61,state,v,55732739,0.1795911935612941,24.25449827466904,24.274946168158166,0.11020376636409737,0.11750914852462291,0.999972965231383,135.05393997167812,0.0,0.0,0.0,True
B,60,61,state,net_buffer,32,0.0,0.0,0.0,,,,,0.0,0.0,0.0,True
B,60,61,state,scaler,1,0.0,0.0,0.0,,,,,0.0,0.0,0.0,True
B,60,61,observable,residual,393216,0.16868684051938806,0.21678197511229735,0.20484528583001255,-0.4578844857860676,0.33891791571428936,0.6812111263229085,1.2851149173511343,0.0,0.0,0.0,True
B,60,61,observable,feature,49152,0.03591359391959971,0.038369919163073536,0.03804847840563274,-0.4769044261929387,0.46295700580386334,0.5583026747050114,1.0683954173167085,0.0,0.0,0.0,True
C,60,61,state,theta,55732739,0.0010938918345968342,0.11966927189268149,0.11978462098832536,0.10092869763075217,0.10996366215016322,0.9999587257747419,109.39771932458652,0.0,0.0,0.0,True
C,60,61,state,EMA,55732771,1.1514708177584054e-05,0.002602189776020543,0.002602283534315945,0.0059301243970956334,0.010354758387740222,0.9999902106579946,225.9883390780398,0.0,0.0,0.0,True
C,60,61,state,m,55732739,3.1807047915661233,8.919594614106165,7.86681247977109,-0.4897555052860715,-0.15097802047099565,0.9358081116941888,2.8042824463801663,0.0,0.0,0.0,True
C,60,61,state,v,55732739,0.19687066534015707,2.4964469553949877,2.5057313841755056,0.007817565179400639,0.08635674338335925,0.9969089346243477,12.680644681530266,0.0,0.0,0.0,True
C,60,61,state,net_buffer,32,0.0,0.0,0.0,,,,,0.0,0.0,0.0,True
C,60,61,state,scaler,1,0.0,0.0,0.0,,,,,0.0,0.0,0.0,True
C,60,61,observable,residual,393216,0.18386028110434627,0.21430025268186964,0.19070338888468594,-0.5502535901619037,0.34577674827486843,0.5932273861396022,1.1655603450331276,0.0,0.0,0.0,True
C,60,61,observable,feature,49152,0.03714421586746012,0.03992089052057338,0.038750844411749905,-0.496261255819093,0.4472941136489969,0.5545080535395176,1.0747538907005367,0.0,0.0,0.0,True
D,60,61,state,theta,55732739,0.0005578935889434327,0.17557650383385287,0.17577097712229456,0.347189216680267,0.34997906610986285,0.9999955700860396,314.7132487511975,0.0,0.0,0.0,True
D,60,61,state,EMA,55732771,8.408297131644157e-06,0.003687561529285302,0.0036876762621833883,0.012505323458154177,0.014785041568405195,0.9999974009587501,438.56222865951895,0.0,0.0,0.0,True
D,60,61,state,m,55732739,1.3878449480364043,11.887909933000417,12.402177905881562,0.32019432460872777,0.4188204910025955,0.994364869008221,8.565733477518547,0.0,0.0,0.0,True
D,60,61,state,v,55732739,0.09382577050880501,23.48350181041645,23.524514128610114,0.435495442769554,0.4387246313692735,0.9999935546926958,250.28839819879397,0.0,0.0,0.0,True
D,60,61,state,net_buffer,32,0.0,0.0,0.0,,,,,0.0,0.0,0.0,True
D,60,61,state,scaler,1,0.0,0.0,0.0,,,,,0.0,0.0,0.0,True
D,60,61,observable,residual,393216,0.16130273076624563,0.2113683314077984,0.20802241715887557,-0.40214676996266674,0.36679527168423504,0.7042556338152056,1.3103828459922735,0.0,0.0,0.0,True
D,60,61,observable,feature,49152,0.03377451616150678,0.038317106910021416,0.03671448179755597,-0.4871821241965287,0.41147541472375415,0.5954807289205407,1.1344975817504643,0.0,0.0,0.0,True
B,61,62,state,theta,55732739,0.001371224261960992,0.17679885785310095,0.17698329668765364,0.13069892624696347,0.13831048241943195,0.9999704983692341,128.93504203335812,0.0,0.0,0.0,True
B,61,62,state,EMA,55732771,1.2970191135252964e-05,0.003909678847500775,0.003909799096537907,0.0076125987806147846,0.010929719534738362,0.9999944978820194,301.43571569074817,0.0,0.0,0.0,True
B,61,62,state,m,55732739,5.174459588466961,14.543547770610687,12.308437379719726,-0.5766539287341141,-0.260970119284232,0.9391667653029514,2.810640903066654,0.0,0.0,0.0,True
B,61,62,state,v,55732739,1.020531243238925,24.29314054928199,25.28059320724082,0.966247320559088,0.9688741480928753,0.9999459237913771,23.804406489488063,0.0,0.0,0.0,True
B,61,62,state,net_buffer,32,0.0,0.0,0.0,,,,,0.0,0.0,0.0,True
B,61,62,state,scaler,1,0.0,0.0,0.0,,,,,0.0,0.0,0.0,True
B,61,62,observable,residual,393216,0.16796635625770848,0.20267360434053772,0.20322398487578652,-0.41109531668427585,0.41652655689007245,0.6575179696635892,1.2066321426272912,0.0,0.0,0.0,True
B,61,62,observable,feature,49152,0.03552633679394905,0.037736709053688804,0.03697283377603913,-0.49199727594146725,0.45871460216635235,0.5479116978048676,1.0622178490442118,0.0,0.0,0.0,True
C,61,62,state,theta,55732739,0.0013347546647898129,0.12125334100821895,0.12110314628859233,-0.11796038615665999,-0.10708504824821762,0.9999401051394721,90.8431670679443,0.0,0.0,0.0,True
C,61,62,state,EMA,55732771,1.2638579272535653e-05,0.0026793862137153637,0.0026793703355572915,-0.0036148049246643573,0.0011021696974581694,0.9999888750576483,212.0005861369103,0.0,0.0,0.0,True
C,61,62,state,m,55732739,3.3100611992942346,9.631604795517804,9.295189774291282,-0.27169244605664783,0.07457910486845531,0.9394414082686272,2.9097965915468382,0.0,0.0,0.0,True
C,61,62,state,v,55732739,0.2224362416369986,3.287177826974598,3.1737086563290897,-0.5351495562834139,-0.4841955202247747,0.9982457478077644,14.778067651129698,0.0,0.0,0.0,True
C,61,62,state,net_buffer,32,0.0,0.0,0.0,,,,,0.0,0.0,0.0,True
C,61,62,state,scaler,1,0.0,0.0,0.0,,,,,0.0,0.0,0.0,True
C,61,62,observable,residual,393216,0.16936985200601143,0.19159944657257352,0.2012577256719138,-0.3835273523501324,0.47643499512954574,0.6292502573104822,1.131248827954181,0.0,0.0,0.0,True
C,61,62,observable,feature,49152,0.03556012172317796,0.03941407780507173,0.04016968934181721,-0.42965686916071805,0.4636728029958748,0.6008367909729325,1.1083785964484416,0.0,0.0,0.0,True
D,61,62,state,theta,55732739,0.000565909813305521,0.17858503297326164,0.17878966220735806,0.3602161023912571,0.36296905276930075,0.9999956406492801,315.57154298161623,0.0,0.0,0.0,True
D,61,62,state,EMA,55732771,8.450651198485262e-06,0.0038024400499296544,0.003802564766846561,0.013647288877697969,0.015869196897347296,0.999997531024619,449.9582293268977,0.0,0.0,0.0,True
D,61,62,state,m,55732739,3.4934051002082036,11.753770716857764,11.22866342954127,-0.29556404480062803,0.0017288865764265701,0.9548105028339139,3.364559900641712,0.0,0.0,0.0,True
D,61,62,state,v,55732739,0.9022305657215584,23.480741542355148,24.355567931729638,0.9684768267058261,0.9707342768451843,0.9999574227080076,26.02521177452732,0.0,0.0,0.0,True
D,61,62,state,net_buffer,32,0.0,0.0,0.0,,,,,0.0,0.0,0.0,True
D,61,62,state,scaler,1,0.0,0.0,0.0,,,,,0.0,0.0,0.0,True
D,61,62,observable,residual,393216,0.16475232772694137,0.2004453360586888,0.21287868794803352,-0.33315824754719725,0.4602260178366748,0.6837543986995627,1.2166464585004506,0.0,0.0,0.0,True
D,61,62,observable,feature,49152,0.03248805192956227,0.03910170536530193,0.038398111973732385,-0.4368922572785396,0.4011869026168097,0.648675826568041,1.2035718685158099,0.0,0.0,0.0,True
B,62,63,state,theta,55732739,0.0011352569376826553,0.17939045958872324,0.1796523626164586,0.2277035407363374,0.23369077449865724,0.9999810689749357,158.0174968627844,0.0,0.0,0.0,True
B,62,63,state,EMA,55732771,1.2016788484690266e-05,0.004024071270427652,0.004024183276366423,0.007827804512229442,0.010813730077465361,0.9999955417369398,334.87077479598105,0.0,0.0,0.0,True
B,62,63,state,m,55732739,3.474827034944236,12.137050596395797,14.190046235734773,0.49763884441601064,0.6705189475981024,0.9771821230357638,3.4928502841553875,0.0,0.0,0.0,True
B,62,63,state,v,55732739,0.5442149620689017,25.488569177496164,26.00716449996813,0.9519421934010954,0.9538855883954803,0.9999794618979548,46.835480378191285,0.0,0.0,0.0,True
B,62,63,state,net_buffer,32,0.0,0.0,0.0,,,,,0.0,0.0,0.0,True
B,62,63,state,scaler,1,0.0,0.0,0.0,,,,,0.0,0.0,0.0,True
B,62,63,observable,residual,393216,0.1683474541983906,0.22454732568306482,0.21815241715280248,-0.4123050886083914,0.34730510977005646,0.7111395586973323,1.3338326186889942,0.0,0.0,0.0,True
B,62,63,observable,feature,49152,0.033979874217473074,0.03846348863182439,0.03845199917067463,-0.4420540428472008,0.44150977665460855,0.6096574525162656,1.1319491174586442,0.0,0.0,0.0,True
C,62,63,state,theta,55732739,0.0009891253570615364,0.12226839871780469,0.12234975940860152,0.07823766026747322,0.08627004130137308,0.9999675206786802,123.61264206291905,0.0,0.0,0.0,True
C,62,63,state,EMA,55732771,1.1146452158501738e-05,0.0027571403789624404,0.002757207531365634,0.004003248238169434,0.008045810578495445,0.9999918285482783,247.35587070720845,0.0,0.0,0.0,True
C,62,63,state,m,55732739,2.230260800514937,8.437112650753924,8.31896651832386,-0.1847729014197426,0.08069644407766849,0.9646656076862027,3.7830161606238653,0.0,0.0,0.0,True
C,62,63,state,v,55732739,0.12073522257972419,3.384311810259329,3.439307730763543,0.4413720820527812,0.4694188769875733,0.999503747826393,28.03085742459779,0.0,0.0,0.0,True
C,62,63,state,net_buffer,32,0.0,0.0,0.0,,,,,0.0,0.0,0.0,True
C,62,63,state,scaler,1,0.0,0.0,0.0,,,,,0.0,0.0,0.0,True
C,62,63,observable,residual,393216,0.16314517632385084,0.1907462980404174,0.18666487404886528,-0.45239913496719875,0.41170957569688355,0.6264679522234249,1.1691813533106064,0.0,0.0,0.0,True
C,62,63,observable,feature,49152,0.035369052914839494,0.041439341643749475,0.04039150640922203,-0.45600814171088405,0.407817811280986,0.6266358400587095,1.1716271211311717,0.0,0.0,0.0,True
D,62,63,state,theta,55732739,0.0006232286283267924,0.1815733030645612,0.18180601574820238,0.3719216703214622,0.37487359540553183,0.999994937179619,291.343007704955,0.0,0.0,0.0,True
D,62,63,state,EMA,55732771,8.882726105940567e-06,0.00391913656357414,0.003919268883546403,0.013763325771552455,0.016029285369358933,0.9999974321437427,441.2087592066032,0.0,0.0,0.0,True
D,62,63,state,m,55732739,2.977342624911697,10.594364346778555,11.511906428663943,0.18100443171336944,0.4252092868542223,0.9671097159802747,3.5583289132176263,0.0,0.0,0.0,True
D,62,63,state,v,55732739,0.5713300707887432,24.342887245323244,24.898655919656562,0.9721323085027903,0.9733793391262804,0.9999855311988902,42.60739717711156,0.0,0.0,0.0,True
D,62,63,state,net_buffer,32,0.0,0.0,0.0,,,,,0.0,0.0,0.0,True
D,62,63,state,scaler,1,0.0,0.0,0.0,,,,,0.0,0.0,0.0,True
D,62,63,observable,residual,393216,0.16090881733785717,0.2226813165483291,0.20974916159385093,-0.43933416802259606,0.30072733506349275,0.7246206564105641,1.3838975404360185,0.0,0.0,0.0,True
D,62,63,observable,feature,49152,0.035824402856160474,0.037765855644808374,0.039221343949797836,-0.4328848806104686,0.49656980059465294,0.5674974656648076,1.05419358408968,0.0,0.0,0.0,True
B,63,64,state,theta,55732739,0.0013766570579818495,0.18207919610691084,0.18236849510952377,0.20653258750879283,0.2137537217601754,0.999972723039071,132.26184041349785,0.0,0.0,0.0,True
B,63,64,state,EMA,55732771,1.2846163486144265e-05,0.004139851363053463,0.004139956657261398,0.00664512847076541,0.009747929986833128,0.9999951859879547,322.26363672848026,0.0,0.0,0.0,True
B,63,64,state,m,55732739,2.7996909920108646,13.865531610667952,13.854204626825018,-0.10500280564454044,0.09699375080225131,0.9795983650545573,4.952522135562218,0.0,0.0,0.0,True
B,63,64,state,v,55732739,0.2593283660954046,25.968909162186502,26.044089174315584,0.28532935147678623,0.2944629902229317,0.9999544611599349,100.13909991100924,0.0,0.0,0.0,True
B,63,64,state,net_buffer,32,0.0,0.0,0.0,,,,,0.0,0.0,0.0,True
B,63,64,state,scaler,1,0.0,0.0,0.0,,,,,0.0,0.0,0.0,True
B,63,64,observable,residual,393216,0.16522015061861844,0.2202233617296053,0.21644277401513273,-0.39780520382118995,0.3585897088629936,0.7138049617983379,1.3329086125696137,0.0,0.0,0.0,True
B,63,64,observable,feature,49152,0.03693610880352562,0.03766136075515561,0.038604894704318056,-0.4645063858377587,0.5036192012004537,0.5311321920436748,1.0196353101375086,0.0,0.0,0.0,True
C,63,64,state,theta,55732739,0.0012195168454042576,0.12396406385289904,0.12410416272044582,0.11002671775401071,0.11972906939518296,0.9999523027135311,101.6501447438442,0.0,0.0,0.0,True
C,63,64,state,EMA,55732771,1.1961512735998265e-05,0.002836025415125805,0.0028361054284967743,0.004580478002035812,0.008797932725802015,0.9999911061398645,237.0958822449576,0.0,0.0,0.0,True
C,63,64,state,m,55732739,2.141340909570952,8.539518424615297,8.552820970176159,-0.11916122894852786,0.1313907310095435,0.9686106653139076,3.9879303601061404,0.0,0.0,0.0,True
C,63,64,state,v,55732739,0.1413155198431644,3.3627233916001575,3.3346907040209675,-0.2185547198110324,-0.1780145751131347,0.9991446024479436,23.79585338773968,0.0,0.0,0.0,True
C,63,64,state,net_buffer,32,0.0,0.0,0.0,,,,,0.0,0.0,0.0,True
C,63,64,state,scaler,1,0.0,0.0,0.0,,,,,0.0,0.0,0.0,True
C,63,64,observable,residual,393216,0.18293016565026027,0.18858757217736807,0.20542545959577524,-0.3888460449535735,0.5335202087285393,0.5717689569378863,1.0309265916148793,0.0,0.0,0.0,True
C,63,64,observable,feature,49152,0.035701849996641465,0.036991715694214874,0.037495524360927124,-0.46835782639042495,0.49009823846592093,0.5406105175793751,1.0361288195904343,0.0,0.0,0.0,True
D,63,64,state,theta,55732739,0.0006662755334474735,0.18443219208917377,0.1846850032306678,0.377893099591644,0.38098344227022146,0.9999944217724265,276.81069291990394,0.0,0.0,0.0,True
D,63,64,state,EMA,55732771,9.129696593117231e-06,0.004037522242085691,0.004037653024156215,0.013194534391292256,0.01545524647575808,0.9999974440659514,442.2405718421717,0.0,0.0,0.0,True
D,63,64,state,m,55732739,1.6480718898253641,10.970011551846893,11.692850234253596,0.3779294842797914,0.49551329077876144,0.9914491573033176,6.6562700447547325,0.0,0.0,0.0,True
D,63,64,state,v,55732739,0.18968552684259335,24.920169336603635,24.97561265387189,0.28880999582635175,0.29576369682342524,0.9999735645703,131.3762296544803,0.0,0.0,0.0,True
D,63,64,state,net_buffer,32,0.0,0.0,0.0,,,,,0.0,0.0,0.0,True
D,63,64,state,scaler,1,0.0,0.0,0.0,,,,,0.0,0.0,0.0,True
D,63,64,observable,residual,393216,0.16899937822657998,0.2024832651764662,0.22092760587938257,-0.3032076394112569,0.4870595729484706,0.6845743067753439,1.1981302375266367,0.0,0.0,0.0,True
D,63,64,observable,feature,49152,0.03659662891811975,0.03872295794186136,0.039194471034000575,-0.45958183633577,0.47966614430227683,0.5588495377567908,1.0581017729392233,0.0,0.0,0.0,True
