arm,k,next_k,space,block,coordinate_count,delta_k_norm,b_norm,R_norm,delta_norm,feedback_gain_G,cos_R_delta_k,cos_b_R,cos_b_delta,cos_R_delta,R_over_b_diagnostic,carryover_rule,carryover_retention_min,carryover_retention_max,carryover_norm,corrected_R_norm,corrected_R_over_delta_k,corrected_R_over_b,cos_corrected_R_delta_k,cos_corrected_R_b,cos_corrected_R_R,closure_l2,closure_relative,closure_max_abs,closure_pass
B,0,1,state,theta,55732739,0.0,0.0017402857558004362,0.0,0.0017402857558004362,0.0,,,0.9999999999999999,,0.0,identity_parameter_carryover,1.0,1.0,0.0,0.0,0.0,0.0,,,,0.0,0.0,0.0,True
B,0,1,state,EMA,55732771,0.0,1.420134842651573e-05,0.0,1.420134842651573e-05,0.0,,,0.9999999999999999,,0.0,ema_transition_carryover_counterfactual_map,0.9993,1.0,0.0,0.0,0.0,0.0,,,,0.0,0.0,0.0,True
B,0,1,state,m,55732739,0.0,5.793186261713652,0.0,5.793186261713652,0.0,,,1.0,,0.0,radam_beta1_per_parameter_group,0.9,0.9,0.0,0.0,0.0,0.0,,,,0.0,0.0,0.0,True
B,0,1,state,v,55732739,0.0,0.34325523413825704,0.0,0.34325523413825704,0.0,,,1.0,,0.0,radam_beta2_per_parameter_group,0.999,0.999,0.0,0.0,0.0,0.0,,,,0.0,0.0,0.0,True
B,0,1,state,net_buffer,32,0.0,0.0,0.0,0.0,0.0,,,,,,not_declared_for_this_readout,,,,,,,,,,0.0,0.0,0.0,True
B,0,1,state,scaler,1,0.0,0.0,0.0,0.0,0.0,,,,,,not_declared_for_this_readout,,,,,,,,,,0.0,0.0,0.0,True
B,0,1,observable,residual,393216,0.0,0.1686073553794147,0.0,0.1686073553794147,0.0,,,0.9999999999999999,,0.0,not_declared_for_this_readout,,,,,,,,,,0.0,0.0,0.0,True
B,0,1,observable,feature,49152,0.0,0.03683943670608457,0.0,0.03683943670608457,0.0,,,0.9999999999999999,,0.0,not_declared_for_this_readout,,,,,,,,,,0.0,0.0,0.0,True
C,0,1,state,theta,55732739,0.0,0.001686035969038221,0.0,0.001686035969038221,0.0,,,0.9999999999999999,,0.0,identity_parameter_carryover,1.0,1.0,0.0,0.0,0.0,0.0,,,,0.0,0.0,0.0,True
C,0,1,state,EMA,55732771,0.0,1.3772990281233456e-05,0.0,1.3772990281233456e-05,0.0,,,0.9999999999999999,,0.0,ema_transition_carryover_counterfactual_map,0.9993,1.0,0.0,0.0,0.0,0.0,,,,0.0,0.0,0.0,True
C,0,1,state,m,55732739,0.0,5.603700672395438,0.0,5.603700672395438,0.0,,,1.0,,0.0,radam_beta1_per_parameter_group,0.9,0.9,0.0,0.0,0.0,0.0,,,,0.0,0.0,0.0,True
C,0,1,state,v,55732739,0.0,0.3464789521208402,0.0,0.3464789521208402,0.0,,,1.0,,0.0,radam_beta2_per_parameter_group,0.999,0.999,0.0,0.0,0.0,0.0,,,,0.0,0.0,0.0,True
C,0,1,state,net_buffer,32,0.0,0.0,0.0,0.0,0.0,,,,,,not_declared_for_this_readout,,,,,,,,,,0.0,0.0,0.0,True
C,0,1,state,scaler,1,0.0,0.0,0.0,0.0,0.0,,,,,,not_declared_for_this_readout,,,,,,,,,,0.0,0.0,0.0,True
C,0,1,observable,residual,393216,0.0,0.1649967391496615,0.0,0.1649967391496615,0.0,,,0.9999999999999999,,0.0,not_declared_for_this_readout,,,,,,,,,,0.0,0.0,0.0,True
C,0,1,observable,feature,49152,0.0,0.036790777035365464,0.0,0.036790777035365464,0.0,,,1.0,,0.0,not_declared_for_this_readout,,,,,,,,,,0.0,0.0,0.0,True
D,0,1,state,theta,55732739,0.0,0.0007561632664733321,0.0,0.0007561632664733321,0.0,,,1.0,,0.0,identity_parameter_carryover,1.0,1.0,0.0,0.0,0.0,0.0,,,,0.0,0.0,0.0,True
D,0,1,state,EMA,55732771,0.0,9.642786655341546e-06,0.0,9.642786655341546e-06,0.0,,,1.0,,0.0,ema_transition_carryover_counterfactual_map,0.9993,1.0,0.0,0.0,0.0,0.0,,,,0.0,0.0,0.0,True
D,0,1,state,m,55732739,0.0,2.0156382907960735,0.0,2.0156382907960735,0.0,,,1.0,,0.0,radam_beta1_per_parameter_group,0.9,0.9,0.0,0.0,0.0,0.0,,,,0.0,0.0,0.0,True
D,0,1,state,v,55732739,0.0,0.2384841656458956,0.0,0.2384841656458956,0.0,,,1.0,,0.0,radam_beta2_per_parameter_group,0.999,0.999,0.0,0.0,0.0,0.0,,,,0.0,0.0,0.0,True
D,0,1,state,net_buffer,32,0.0,0.0,0.0,0.0,0.0,,,,,,not_declared_for_this_readout,,,,,,,,,,0.0,0.0,0.0,True
D,0,1,state,scaler,1,0.0,0.0,0.0,0.0,0.0,,,,,,not_declared_for_this_readout,,,,,,,,,,0.0,0.0,0.0,True
D,0,1,observable,residual,393216,0.0,0.16090471273316662,0.0,0.16090471273316662,0.0,,,1.0,,0.0,not_declared_for_this_readout,,,,,,,,,,0.0,0.0,0.0,True
D,0,1,observable,feature,49152,0.0,0.038124967776847575,0.0,0.038124967776847575,0.0,,,1.0,,0.0,not_declared_for_this_readout,,,,,,,,,,0.0,0.0,0.0,True
B,1,2,state,theta,55732739,0.0017402857558004362,0.0010969332034286398,0.0034581535862938623,0.00359314863161161,1.9871182504181912,0.9555228163373184,-0.033133074499894895,0.27339641182092683,0.9523148546205541,3.1525653298531315,identity_parameter_carryover,1.0,1.0,0.0017402857558003672,0.001867193849245273,1.0729237098113613,1.702194667286085,0.8376521264432945,-0.056373806674015405,0.9614806948970149,0.0,0.0,0.0,True
B,1,2,state,EMA,55732771,1.420134842651573e-05,1.1825839990539849e-05,2.4858834652407462e-05,2.5251517651290488e-05,1.7504559360006158,0.5811196728572582,-0.20439213133891773,0.26710829370637246,0.8887278112062756,2.102077710529944,ema_transition_carryover_counterfactual_map,0.9993,1.0,1.4191407525956181e-05,2.0232171352381813e-05,1.4246655137765487,1.7108443348266726,0.012581463967956905,-0.25140424340742296,0.8210650386560832,0.0,0.0,0.0,True
B,1,2,state,m,55732739,5.793186261713652,4.798421161749341,5.571633416740478,8.135172552325496,0.9617563056038116,0.907762004690542,0.2265395190562509,0.7449892767920445,0.8185032826438432,1.1611388890068268,radam_beta1_per_parameter_group,0.9,0.9,5.213867502126528,2.3424302314748955,0.40434229552667506,0.48816686833319256,-0.06666170042001927,-0.1943027842311971,0.3580395214379618,0.0,0.0,0.0,True
B,1,2,state,v,55732739,0.34325523413825704,1.7187333706857386,0.3427013649619251,1.7967924356935772,0.9983864217606983,0.8247415348731404,0.13325225919310088,0.9819715770978306,0.31819282973310264,0.19939181423189242,radam_beta2_per_parameter_group,0.999,0.999,0.3429119826795866,0.20295697400773105,0.5912713159851879,0.11808520010684116,-0.29696901637621115,-0.6024427363103654,0.29507539568536273,0.0,0.0,0.0,True
B,1,2,state,net_buffer,32,0.0,0.0,0.0,0.0,0.0,,,,,,not_declared_for_this_readout,,,,,,,,,,0.0,0.0,0.0,True
B,1,2,state,scaler,1,0.0,0.0,0.0,0.0,0.0,,,,,,not_declared_for_this_readout,,,,,,,,,,0.0,0.0,0.0,True
B,1,2,observable,residual,393216,0.1686073553794147,0.17022398475168787,0.17600952240121692,0.17564545355372008,1.0439018037211083,-0.05574897389312685,-0.485701254257763,0.48242603065265793,0.531363138722079,1.0339877935413664,not_declared_for_this_readout,,,,,,,,,,0.0,0.0,0.0,True
B,1,2,observable,feature,49152,0.03683943670608457,0.03444407336708549,0.03694067008154791,0.03762502033390442,1.0027479620894046,0.011482996781054978,-0.44615553552308246,0.4774160589113212,0.5733752670804427,1.0724826209680574,not_declared_for_this_readout,,,,,,,,,,0.0,0.0,0.0,True
C,1,2,state,theta,55732739,0.001686035969038221,0.0009253484603491439,0.003394653937718167,0.0034046668711646844,2.0133935456042535,0.9428890578783105,-0.12545828712221677,0.14669893145213245,0.9629609676819977,3.668514168637972,identity_parameter_carryover,1.0,1.0,0.0016860359690381308,0.001890271225090109,1.1211333920523603,2.042766920881772,0.8013379582856632,-0.1928095171019172,0.9548413197882855,0.0,0.0,0.0,True
C,1,2,state,EMA,55732771,1.3772990281233456e-05,1.0715983043521258e-05,2.4341876480109444e-05,2.4399330354485075e-05,1.7673632220068247,0.5754696164835812,-0.21474631330216784,0.22495104295155727,0.9033304729223115,2.271548618661376,ema_transition_carryover_counterfactual_map,0.9993,1.0,1.3763349230068389e-05,1.990885371958444e-05,1.4454997290393412,1.8578653623030013,0.012289059725734922,-0.26283574713184643,0.8248333836015161,0.0,0.0,0.0,True
C,1,2,state,m,55732739,5.603700672395438,2.2139075590405164,5.327067885746588,5.369950825013684,0.9506339109061304,0.8354849322769792,-0.1883501885714686,0.22543098767092454,0.9143618143857011,2.4061835210749636,radam_beta1_per_parameter_group,0.9,0.9,5.043330473479936,2.986684519950081,0.5329843070781564,1.349055658513799,-0.19842923407658142,0.09563606039935878,0.37280176666566184,0.0,0.0,0.0,True
C,1,2,state,v,55732739,0.3464789521208402,0.35700114362622404,0.66556828962723,0.9305068239562597,1.9209486912645195,0.23123878805771797,0.6216356106144445,0.8283035372887162,0.9537736754707467,1.8643309734718165,radam_beta2_per_parameter_group,0.999,0.999,0.3461324811405588,0.6754595928412267,1.9494967550168796,1.8920376164072596,-0.2845873809696486,0.754457504125621,0.8668601942874039,0.0,0.0,0.0,True
C,1,2,state,net_buffer,32,0.0,0.0,0.0,0.0,0.0,,,,,,not_declared_for_this_readout,,,,,,,,,,0.0,0.0,0.0,True
C,1,2,state,scaler,1,0.0,0.0,0.0,0.0,0.0,,,,,,not_declared_for_this_readout,,,,,,,,,,0.0,0.0,0.0,True
C,1,2,observable,residual,393216,0.1649967391496615,0.16681254195167647,0.17042045783105703,0.17075607789598152,1.0328716719454432,0.00026014509371302685,-0.48740072266409573,0.49046270375857653,0.521890086914864,1.0216285648379229,not_declared_for_this_readout,,,,,,,,,,0.0,0.0,0.0,True
C,1,2,observable,feature,49152,0.036790777035365464,0.0348754319484896,0.036598467100107356,0.036319829461851874,0.9947728764990952,0.011464830248906576,-0.4844193797150106,0.4720954220158146,0.5425171946091593,1.0494054139361673,not_declared_for_this_readout,,,,,,,,,,0.0,0.0,0.0,True
D,1,2,state,theta,55732739,0.0007561632664733321,0.0006568881791544234,0.001756767216653774,0.0018931086147523052,2.3232644252175274,0.7976203623957083,0.02865126330517109,0.3735769695058921,0.9379218281509435,2.6743778810499608,identity_parameter_carryover,1.0,1.0,0.0007561632664733338,0.001240520711071371,1.6405461175825589,1.8884807954197413,0.5199994097332219,0.024460374515846747,0.9299610943396978,0.0,0.0,0.0,True
D,1,2,state,EMA,55732771,9.642786655341546e-06,9.152927410309459e-06,1.785667978598291e-05,1.843036711123187e-05,1.851817366102499,0.543666733160246,-0.19260375971980148,0.3100135614734737,0.8732214316288343,1.95092553294697,ema_transition_carryover_counterfactual_map,0.9993,1.0,9.636036734110205e-06,1.4987305716854029e-05,1.5542504726630997,1.6374330359020417,0.004807136892037097,-0.22981854214859937,0.8419049702807918,0.0,0.0,0.0,True
D,1,2,state,m,55732739,2.0156382907960735,4.944673250846384,2.960850090136713,6.027503841007536,1.4689391959146247,0.5899314214610849,0.10636212228616325,0.8725992863615214,0.5784776124714208,0.5987959041843466,radam_beta1_per_parameter_group,0.9,0.9,1.8140744184638198,2.3916975391247206,1.1865707999524673,0.4836917259831742,-0.0281707510895979,-0.18496239319328744,0.7905140846653812,0.0,0.0,0.0,True
D,1,2,state,v,55732739,0.2384841656458956,1.945246547407887,0.286198752912746,1.9988457991302053,1.200074445771371,0.8131755811698944,0.11629635413976305,0.9898364445080957,0.2563598625277777,0.14712723859816967,radam_beta2_per_parameter_group,0.999,0.999,0.23824568381321343,0.16666425512217412,0.6988483058017335,0.08567770257413405,-0.0330955583682212,-0.3281107681224209,0.5547871140287245,0.0,0.0,0.0,True
D,1,2,state,net_buffer,32,0.0,0.0,0.0,0.0,0.0,,,,,,not_declared_for_this_readout,,,,,,,,,,0.0,0.0,0.0,True
D,1,2,state,scaler,1,0.0,0.0,0.0,0.0,0.0,,,,,,not_declared_for_this_readout,,,,,,,,,,0.0,0.0,0.0,True
D,1,2,observable,residual,393216,0.16090471273316662,0.1683830598762997,0.17404538596730196,0.18571283023057272,1.0816674229792569,-0.09193663657121949,-0.4121195840161698,0.5204570286905772,0.5635121130068448,1.0336276469566594,not_declared_for_this_readout,,,,,,,,,,0.0,0.0,0.0,True
D,1,2,observable,feature,49152,0.038124967776847575,0.036698932059598524,0.03684032425179319,0.037079677080310104,0.9663044036502892,-0.002472918727160602,-0.4915377609338467,0.501366868015878,0.5070543985006444,1.0038527604009035,not_declared_for_this_readout,,,,,,,,,,0.0,0.0,0.0,True
B,2,3,state,theta,55732739,0.00359314863161161,0.0012200110482335994,0.005576371186548675,0.005666337974845815,1.5519455937584035,0.9695678832234834,-0.035053659097179724,0.1808114585132675,0.976575234257832,4.570754662117576,identity_parameter_carryover,1.0,1.0,0.003593148631611718,0.002269954172907184,0.6317451365458983,1.8606013250402538,0.798924400079885,-0.11094969662925032,0.9218554712095967,0.0,0.0,0.0,True
B,2,3,state,EMA,55732771,2.5251517651290488e-05,1.2260615998712235e-05,3.677276301564714e-05,3.698308691820965e-05,1.4562595216437557,0.7049760954012412,-0.14950435308529403,0.18286542353416094,0.9447493560936062,2.9992590110896122,ema_transition_carryover_counterfactual_map,0.9993,1.0,2.5233841665994855e-05,2.6089513906385553e-05,1.0331859758556825,2.127912162743357,0.026450367161586656,-0.21059431961306255,0.7276298023067213,0.0,0.0,0.0,True
B,2,3,state,m,55732739,8.135172552325496,3.5746593293152404,8.362564137593662,7.44032921672432,1.027951660988821,0.9332408543804995,-0.45749637935495463,-0.033759727350886365,0.9041495666459545,2.3394017071818674,radam_beta1_per_parameter_group,0.9,0.9,7.321655116903541,3.0427823169824952,0.3740279997026854,0.8512090346705482,0.15861515330308432,-0.2721004777140689,0.5027295092733046,0.0,0.0,0.0,True
B,2,3,state,v,55732739,1.7967924356935772,0.554919346710638,1.7833426266041077,2.147767128327283,0.992514544906642,0.9817341223424553,0.5682317913786326,0.7301868537717876,0.9771382629785521,3.213696976281545,radam_beta2_per_parameter_group,0.999,0.999,1.794995676392882,0.3421656222022634,0.190431357236978,0.6166042402927523,-0.12925719347008044,-0.4904733995895592,0.06176576453407162,0.0,0.0,0.0,True
B,2,3,state,net_buffer,32,0.0,0.0,0.0,0.0,0.0,,,,,,not_declared_for_this_readout,,,,,,,,,,0.0,0.0,0.0,True
B,2,3,state,scaler,1,0.0,0.0,0.0,0.0,0.0,,,,,,not_declared_for_this_readout,,,,,,,,,,0.0,0.0,0.0,True
B,2,3,observable,residual,393216,0.17564545355372008,0.160456956339304,0.17937989626030126,0.18003523162885546,1.0212612545956905,0.009673926367382948,-0.4431629267194271,0.4497032929913775,0.6013896330007585,1.1179315646557735,not_declared_for_this_readout,,,,,,,,,,0.0,0.0,0.0,True
B,2,3,observable,feature,49152,0.03762502033390442,0.035991434649768984,0.036920288028832744,0.03599018612831825,0.9812695834097229,-0.005883762782943893,-0.5129376276235932,0.4738411086921671,0.5128877872150424,1.0258076230664988,not_declared_for_this_readout,,,,,,,,,,0.0,0.0,0.0,True
C,2,3,state,theta,55732739,0.0034046668711646844,0.0009152742681085546,0.005201571671114146,0.005198724966188659,1.5277769802291312,0.9713116593342049,-0.09108991910056308,0.08491765351353771,0.9845105185146227,5.6830743006283475,identity_parameter_carryover,1.0,1.0,0.003404666871164851,0.0020603363830720687,0.6051506538045701,2.25105900478315,0.7997142376304814,-0.18923717458259146,0.9195484089728714,0.0,0.0,0.0,True
C,2,3,state,EMA,55732771,2.4399330354485075e-05,1.0633735290725574e-05,3.540155758312656e-05,3.5435713415714425e-05,1.4509233273534925,0.7070696631538292,-0.14697381776237836,0.15325310808023695,0.9549314420002022,3.3291742379559457,ema_transition_carryover_counterfactual_map,0.9993,1.0,2.43822508976978e-05,2.50424095856295e-05,1.026356429533166,2.3549965182479897,0.025920688482664937,-0.2078175735342742,0.7252340311685125,0.0,0.0,0.0,True
C,2,3,state,m,55732739,5.369950825013684,2.0313154524412833,5.974773011797768,6.155694695089729,1.112630861341741,0.8505843861274599,-0.07957624347007171,0.252752213623774,0.9443497195250425,2.941331935725268,radam_beta1_per_parameter_group,0.9,0.9,4.8329556269311285,3.151625222868887,0.5869002018022866,1.551519346284295,0.07903636693611937,0.04233618471839583,0.5914207067338233,0.0,0.0,0.0,True
C,2,3,state,v,55732739,0.9305068239562597,0.19532192979760066,0.7249850103602956,0.6718423122550593,0.7791291710015175,0.8927513047046569,-0.3968131596212326,-0.13747520981744302,0.96373611254211,3.7117440479497112,radam_beta2_per_parameter_group,0.999,0.999,0.9295763219572367,0.43175640832925255,0.4640013347710259,2.2104860871314016,-0.6539451473559845,0.13301937689013285,-0.24295056468341744,0.0,0.0,0.0,True
C,2,3,state,net_buffer,32,0.0,0.0,0.0,0.0,0.0,,,,,,not_declared_for_this_readout,,,,,,,,,,0.0,0.0,0.0,True
C,2,3,state,scaler,1,0.0,0.0,0.0,0.0,0.0,,,,,,not_declared_for_this_readout,,,,,,,,,,0.0,0.0,0.0,True
C,2,3,observable,residual,393216,0.17075607789598152,0.15673012964940314,0.15895070882121554,0.16480543690484076,0.9308641354367638,0.0576055204217304,-0.4549714400462422,0.5121924273007061,0.5317966305116362,1.0141681703242365,not_declared_for_this_readout,,,,,,,,,,0.0,0.0,0.0,True
C,2,3,observable,feature,49152,0.036319829461851874,0.037128392609103486,0.041437966218478374,0.03670718165392501,1.1409185239154902,-0.01404886273225576,-0.5681432890851449,0.3701098688759013,0.5542163197081743,1.1160721837529326,not_declared_for_this_readout,,,,,,,,,,0.0,0.0,0.0,True
D,2,3,state,theta,55732739,0.0018931086147523052,0.0008425109905818873,0.0032858365716171324,0.0034216724797974363,1.735683069641016,0.9318783307972605,0.036356596048899445,0.2811411171521071,0.9692533177707325,3.9000518786677687,identity_parameter_carryover,1.0,1.0,0.0018931086147523104,0.001669486575537847,0.8818757479249457,1.9815605899512385,0.7001501551471192,0.047437348904405,0.9114716452233833,0.0,0.0,0.0,True
D,2,3,state,EMA,55732771,1.843036711123187e-05,1.0155583789205527e-05,2.7823006093217698e-05,2.81197460112616e-05,1.5096284260264001,0.6712896510535296,-0.15312815083980963,0.20964265868494808,0.9341442954839612,2.7396756967128817,ema_transition_carryover_counterfactual_map,0.9993,1.0,1.8417465910499905e-05,2.062391310996e-05,1.1190180307038666,2.030795426244365,0.012598488933264183,-0.20649470193952352,0.7495935299204401,0.0,0.0,0.0,True
D,2,3,state,m,55732739,6.027503841007536,3.1433752460815203,6.057856285134494,5.381414557067092,1.0050356573678905,0.9072783842745281,-0.4626273819819269,0.06333744573150894,0.8554711360059246,1.9271820291535724,radam_beta1_per_parameter_group,0.9,0.9,5.424753303457641,2.548514189569053,0.4228141958584057,0.810757224339025,0.028019761231368533,-0.09950247341494968,0.445787148589601,0.0,0.0,0.0,True
D,2,3,state,v,55732739,1.9988457991302053,0.49982586931142625,1.98841452800973,2.329962280045364,0.9947813527561684,0.9921022045962602,0.6163366743088164,0.740509269797572,0.985627776768101,3.9782145144848626,radam_beta2_per_parameter_group,0.999,0.999,1.9968469810350524,0.2505762200988364,0.1253604556228771,0.5013270330406008,-0.09632416091138153,-0.029781517070487082,0.029285446023777625,0.0,0.0,0.0,True
D,2,3,state,net_buffer,32,0.0,0.0,0.0,0.0,0.0,,,,,,not_declared_for_this_readout,,,,,,,,,,0.0,0.0,0.0,True
D,2,3,state,scaler,1,0.0,0.0,0.0,0.0,0.0,,,,,,not_declared_for_this_readout,,,,,,,,,,0.0,0.0,0.0,True
D,2,3,observable,residual,393216,0.18571283023057272,0.167285461034138,0.17689992241086824,0.17915904010237196,0.9525455090595368,0.034270036145021596,-0.4592343421019278,0.4802824434576864,0.5585913706193899,1.0574733830262046,not_declared_for_this_readout,,,,,,,,,,0.0,0.0,0.0,True
D,2,3,observable,feature,49152,0.037079677080310104,0.03553219850878656,0.036097281148992195,0.0365144373999622,0.973505812114001,-0.018424915816532963,-0.4803647115426604,0.4982231620579605,0.5211326865976058,1.0159033964663318,not_declared_for_this_readout,,,,,,,,,,0.0,0.0,0.0,True
B,3,4,state,theta,55732739,0.005666337974845815,0.0012423399604091954,0.008066909270871232,0.00799513876175639,1.4236548025695095,0.9511789827439391,-0.13451566452126248,0.01966373616393398,0.9880747940639908,6.493318679223838,identity_parameter_carryover,1.0,1.0,0.005666337974845409,0.0031978029597814982,0.5643509042307898,2.5740160195187016,0.627536031627996,-0.32945281301982887,0.8372022021823924,0.0,0.0,0.0,True
B,3,4,state,EMA,55732771,3.698308691820965e-05,1.2431792470589354e-05,4.9631679817162585e-05,4.9552411768411166e-05,1.342010198524695,0.7726298452887814,-0.13161164141962747,0.11905950513593647,0.9685807308155382,3.9923188819777407,ema_transition_carryover_counterfactual_map,0.9993,1.0,3.695719887022651e-05,3.153964025261044e-05,0.852812538941443,2.537014700593312,0.044062589718826,-0.20648349171996788,0.6682842544473824,0.0,0.0,0.0,True
B,3,4,state,m,55732739,7.44032921672432,3.6114326514280375,9.518012183090038,10.318493880259465,1.2792461067039234,0.7495254181646881,0.041257088215055526,0.38805257493616624,0.9368624424022676,2.6355225479080753,radam_beta1_per_parameter_group,0.9,0.9,6.696296118338692,6.315876102752193,0.8488705161803071,1.748856122307794,0.06930090713744964,-0.1806736894171119,0.7123268352528013,0.0,0.0,0.0,True
B,3,4,state,v,55732739,2.147767128327283,0.4730257790299687,2.5151865651328715,2.925713534611806,1.1710704256339657,0.9898415498128221,0.8446673997421057,0.8878250875001262,0.9962479188188317,5.317229370227455,radam_beta2_per_parameter_group,0.999,0.999,2.1456193874981637,0.4962083751925323,0.2310345328634337,1.0490091601563536,0.6932909587990451,0.5733295112400607,0.7887076563030537,0.0,0.0,0.0,True
B,3,4,state,net_buffer,32,0.0,0.0,0.0,0.0,0.0,,,,,,not_declared_for_this_readout,,,,,,,,,,0.0,0.0,0.0,True
B,3,4,state,scaler,1,0.0,0.0,0.0,0.0,0.0,,,,,,not_declared_for_this_readout,,,,,,,,,,0.0,0.0,0.0,True
B,3,4,observable,residual,393216,0.18003523162885546,0.16649708320306122,0.17853744626773735,0.1802370018630771,0.9916805985830273,-0.04057726979860475,-0.45602426135439383,0.47204333885530375,0.5693100518857493,1.0723157597301065,not_declared_for_this_readout,,,,,,,,,,0.0,0.0,0.0,True
B,3,4,observable,feature,49152,0.03599018612831825,0.03715553341005988,0.03692730301450697,0.0360168853093718,1.026038122805132,-0.019040363307782377,-0.5272910986828713,0.49099457324655693,0.4813164945181299,0.9938574318652866,not_declared_for_this_readout,,,,,,,,,,0.0,0.0,0.0,True
C,3,4,state,theta,55732739,0.005198724966188659,0.0011148167299270414,0.007135379814929502,0.007177782843553691,1.372524967436518,0.9694864912668564,-0.0399700572305575,0.11558098210056815,0.9878845154532572,6.400495815483926,identity_parameter_carryover,1.0,1.0,0.005198724966188033,0.0024524317974531622,0.47173716890261147,2.1998519860871304,0.7009081256528398,-0.07373764952693315,0.8543708292211308,0.0,0.0,0.0,True
C,3,4,state,EMA,55732771,3.5435713415714425e-05,1.1551892935660837e-05,4.710063836674825e-05,4.7132923799830824e-05,1.329185553968863,0.7780421471216576,-0.11983412236011715,0.12533975824350438,0.9699446529003443,4.077309115404627,ema_transition_carryover_counterfactual_map,0.9993,1.0,3.541090852445895e-05,2.961496769404174e-05,0.8357378711869986,2.563646309655448,0.04171449025268181,-0.19039692625361954,0.6601208979466708,0.0,0.0,0.0,True
C,3,4,state,m,55732739,6.155694695089729,2.33290605988827,6.900482515804952,7.293574427416569,1.1209916764243237,0.884819938126054,0.004258814181458357,0.3238869989186117,0.9474665677285103,2.957891290374306,radam_beta1_per_parameter_group,0.9,0.9,5.540125077521912,3.264526466231963,0.5303262471473785,1.3993390142714581,0.17324394242247862,0.24712709370496538,0.612177419160749,0.0,0.0,0.0,True
C,3,4,state,v,55732739,0.6718423122550593,0.12379837572249762,0.7704591902375634,0.788540270467913,1.1467857504411914,0.9574490012004971,0.0674257770571437,0.22287661378510976,0.9876558256903331,6.223499991345601,radam_beta2_per_parameter_group,0.999,0.999,0.671170476561222,0.23208898725812724,0.34545157847994634,1.874733702309393,0.2865491654005574,0.4117148722972114,0.5508563335191752,0.0,0.0,0.0,True
C,3,4,state,net_buffer,32,0.0,0.0,0.0,0.0,0.0,,,,,,not_declared_for_this_readout,,,,,,,,,,0.0,0.0,0.0,True
C,3,4,state,scaler,1,0.0,0.0,0.0,0.0,0.0,,,,,,not_declared_for_this_readout,,,,,,,,,,0.0,0.0,0.0,True
C,3,4,observable,residual,393216,0.16480543690484076,0.18136644419301834,0.18071056531661314,0.18688408108039334,1.0965085176222436,0.03143835094113841,-0.46719438742962793,0.5187144981394125,0.5135653072573843,0.9963836812298796,not_declared_for_this_readout,,,,,,,,,,0.0,0.0,0.0,True
C,3,4,observable,feature,49152,0.03670718165392501,0.03592966686175984,0.03749676505935406,0.03845417687199966,1.0215103249514832,-0.003987632496506364,-0.45211653304567456,0.49349020018978484,0.5526673660203609,1.0436157174410678,not_declared_for_this_readout,,,,,,,,,,0.0,0.0,0.0,True
D,3,4,state,theta,55732739,0.0034216724797974363,0.0007118971807706678,0.005259225331580318,0.005337047918609557,1.5370335304247662,0.9420983889838942,0.04244517239384763,0.17521407356434418,0.991080089744231,7.387619270927464,identity_parameter_carryover,1.0,1.0,0.003421672479797367,0.0023367754703633135,0.6829337068817443,3.282462037331888,0.6560472975819918,0.06093736683695099,0.8711462554064697,0.0,0.0,0.0,True
D,3,4,state,EMA,55732771,2.81197460112616e-05,9.438986006382755e-06,3.877363666840793e-05,3.892071426036635e-05,1.3788757783544554,0.7414997784781773,-0.10610764168963767,0.13681164287340628,0.9704880509295578,4.1078180052591176,ema_transition_carryover_counterfactual_map,0.9993,1.0,2.81000622748699e-05,2.6023425655293576e-05,0.9254502385928921,2.7570149630157545,0.02499981109964159,-0.1585047212267047,0.689280763953492,0.0,0.0,0.0,True
D,3,4,state,m,55732739,5.381414557067092,2.739348444036363,5.085232060232312,5.941504723968925,0.9449619623810952,0.742655520255957,0.06955608125669546,0.5205848353446855,0.8879518991061061,1.8563655424351007,radam_beta1_per_parameter_group,0.9,0.9,4.8432729840845585,3.568599806604844,0.6631341571554664,1.3027184673690506,-0.2989120048698623,-0.45580600855795,0.417067960872867,0.0,0.0,0.0,True
D,3,4,state,v,55732739,2.329962280045364,0.46268005604451407,1.9563461114054126,2.369935690910248,0.8396471171058284,0.9939037806425767,0.8701379783694337,0.9135147062079975,0.9953610172003516,4.228291420491213,radam_beta2_per_parameter_group,0.999,0.999,2.327632355616617,0.4397426866968784,0.18873382220089704,0.95042498796311,-0.8714472595868943,-0.9108678677500492,-0.8120578172603888,0.0,0.0,0.0,True
D,3,4,state,net_buffer,32,0.0,0.0,0.0,0.0,0.0,,,,,,not_declared_for_this_readout,,,,,,,,,,0.0,0.0,0.0,True
D,3,4,state,scaler,1,0.0,0.0,0.0,0.0,0.0,,,,,,not_declared_for_this_readout,,,,,,,,,,0.0,0.0,0.0,True
D,3,4,observable,residual,393216,0.17915904010237196,0.1666489759599342,0.16724924946224926,0.17845542056655306,0.9335239202369168,-0.09455764847642904,-0.4287085138576754,0.5320533188497457,0.5368590897289822,1.0036020233479226,not_declared_for_this_readout,,,,,,,,,,0.0,0.0,0.0,True
D,3,4,observable,feature,49152,0.0365144373999622,0.03729657631044302,0.037440168950937984,0.03718856191694115,1.0253524801939504,-0.0145301564931662,-0.5048058202268693,0.4946833156608756,0.5004936785794838,1.0038500220315063,not_declared_for_this_readout,,,,,,,,,,0.0,0.0,0.0,True
B,4,5,state,theta,55732739,0.00799513876175639,0.0011599049605432782,0.010026501899390004,0.010438002931570694,1.254074781960052,0.98082238601082,0.30420952465574236,0.4033398308964727,0.9943814064938996,8.644244347997075,identity_parameter_carryover,1.0,1.0,0.007995138761756409,0.0026834896768863307,0.3356401629603256,2.3135427195943996,0.6853310338347212,0.09027581189525385,0.8141230582751459,0.0,0.0,0.0,True
B,4,5,state,EMA,55732771,4.9552411768411166e-05,1.2070866681311299e-05,6.271553239473728e-05,6.322572550078136e-05,1.265640362528578,0.8254078716652213,-0.053796660336691136,0.1375544593336362,0.9816599111883063,5.195611388189425,ema_transition_carryover_counterfactual_map,0.9993,1.0,4.9517725231381995e-05,3.5476534123699693e-05,0.7159396053113077,2.9390212865681122,0.06337058955844982,-0.10789338910844433,0.6157087421685853,0.0,0.0,0.0,True
B,4,5,state,m,55732739,10.318493880259465,3.034234600074537,8.433452304734338,9.421862388618134,0.8173142711135933,0.9268060855797651,0.16494918666557984,0.4696869383137391,0.9482145318702221,2.7794331738643967,radam_beta1_per_parameter_group,0.9,0.9,9.286644253478144,3.49182007760701,0.3384040459904024,1.1508075471557908,-0.42111830000456246,-0.3714963679455962,-0.04967784764879182,0.0,0.0,0.0,True
B,4,5,state,v,55732739,2.925713534611806,0.25613392410687286,2.930128125763052,2.9708349131830962,1.0015088938472685,0.9968907073041476,0.11632474860578836,0.2009469927359158,0.9963269338728731,11.43982834753449,radam_beta2_per_parameter_group,0.999,0.999,2.9227878609113107,0.23089117332962023,0.07891790176930487,0.9014470618631525,-0.007667513236104608,-0.18575146324675965,0.07115069679885044,0.0,0.0,0.0,True
B,4,5,state,net_buffer,32,0.0,0.0,0.0,0.0,0.0,,,,,,not_declared_for_this_readout,,,,,,,,,,0.0,0.0,0.0,True
B,4,5,state,scaler,1,0.0,0.0,0.0,0.0,0.0,,,,,,not_declared_for_this_readout,,,,,,,,,,0.0,0.0,0.0,True
B,4,5,observable,residual,393216,0.1802370018630771,0.16012493901844732,0.1798580184901441,0.1937629164140596,0.9978973053867103,-0.014549280144349976,-0.35494808325931426,0.4969200602389667,0.6349098195892197,1.1232355159206238,not_declared_for_this_readout,,,,,,,,,,0.0,0.0,0.0,True
B,4,5,observable,feature,49152,0.0360168853093718,0.03784669531164412,0.03750462857272122,0.03859086336794513,1.041306827355288,-0.003328339221648059,-0.47544378390800923,0.5186552215255833,0.5055769900588913,0.9909617805172635,not_declared_for_this_readout,,,,,,,,,,0.0,0.0,0.0,True
C,4,5,state,theta,55732739,0.007177782843553691,0.0010226648121795198,0.008599986114724727,0.00881083119258334,1.198139634782669,0.9683789352397997,0.1492422234516308,0.2617398757492283,0.9933921889807402,8.409388894877782,identity_parameter_carryover,1.0,1.0,0.0071777828435537604,0.0024344455185769612,0.3391639969664612,2.3804921119644584,0.47249467877712464,-0.23015556648104787,0.6774324562685948,0.0,0.0,0.0,True
C,4,5,state,EMA,55732771,4.7132923799830824e-05,1.1196011987892178e-05,5.891297124275902e-05,5.917353860632595e-05,1.2499324568311734,0.8308209005998153,-0.07169692251433131,0.1178251870315848,0.9820310396745701,5.261960357533549,ema_transition_carryover_counterfactual_map,0.9993,1.0,4.709993089698298e-05,3.283935435867325e-05,0.696739173197465,2.933129617419762,0.056219038528370374,-0.1374157579047815,0.6023676355111709,0.0,0.0,0.0,True
C,4,5,state,m,55732739,7.293574427416569,2.7646918034975774,6.8859414677024535,6.382842721695424,0.9441106738855201,0.6926170395110051,-0.37607419542899284,0.0274277330483458,0.9159260970384815,2.490672363187511,radam_beta1_per_parameter_group,0.9,0.9,6.564216826577584,5.2812333877713105,0.7240939871565768,1.9102430806537234,-0.3398631155228859,-0.7168216327473304,0.4429747507096679,0.0,0.0,0.0,True
C,4,5,state,v,55732739,0.788540270467913,0.21732592517295043,0.7217005381036172,0.7405801883377857,0.9152361206300426,0.8854100448232043,-0.0625563598974798,0.23249199652449137,0.9561495574203389,3.320821193004377,radam_beta2_per_parameter_group,0.999,0.999,0.7877517428083721,0.36695547208352636,0.4653604715276978,1.6885029790693358,-0.4053648148984646,-0.7185885135725196,0.06599501184449255,0.0,0.0,0.0,True
C,4,5,state,net_buffer,32,0.0,0.0,0.0,0.0,0.0,,,,,,not_declared_for_this_readout,,,,,,,,,,0.0,0.0,0.0,True
C,4,5,state,scaler,1,0.0,0.0,0.0,0.0,0.0,,,,,,not_declared_for_this_readout,,,,,,,,,,0.0,0.0,0.0,True
C,4,5,observable,residual,393216,0.18688408108039334,0.16822498906335426,0.17730386897600306,0.1761153665697027,0.948737142034751,0.087767831941187,-0.481438679102803,0.47051004235303373,0.5468793230552047,1.0539686758976674,not_declared_for_this_readout,,,,,,,,,,0.0,0.0,0.0,True
C,4,5,observable,feature,49152,0.03845417687199966,0.035617198172079804,0.03783844332538225,0.0368456691019435,0.9839878630436696,0.006583350197656262,-0.49815609202710337,0.45508054339645304,0.5453970456995749,1.0623643988662665,not_declared_for_this_readout,,,,,,,,,,0.0,0.0,0.0,True
D,4,5,state,theta,55732739,0.005337047918609557,0.0007411256551212532,0.007478765409607173,0.007805923588304922,1.4012925354351307,0.9697377800096936,0.4015407501527547,0.4796555699726551,0.9962123601584818,10.09108962552861,identity_parameter_carryover,1.0,1.0,0.005337047918609493,0.0026462725385035567,0.4958307624101268,3.570612513839652,0.7238080806292883,0.22019058780261158,0.8703670448516763,0.0,0.0,0.0,True
D,4,5,state,EMA,55732771,3.892071426036635e-05,9.541920566313124e-06,5.0774826849393016e-05,5.1259389476112574e-05,1.3045707874148118,0.7911292060696319,-0.04293828023780002,0.1436173332782038,0.9825539029016435,5.321237637279112,ema_transition_carryover_counterfactual_map,0.9993,1.0,3.889346987915449e-05,3.1082576692346314e-05,0.7986126997673897,3.257475942744745,0.041051248329840764,-0.08092945958313576,0.6436103126396361,0.0,0.0,0.0,True
D,4,5,state,m,55732739,5.941504723968925,1.8337492951126735,6.072871456817626,6.753128525078528,1.0221100106709917,0.7395088029495785,0.24076333860371485,0.48805144011811474,0.9646449101448739,3.3117239488533694,radam_beta1_per_parameter_group,0.9,0.9,5.347354115672589,4.176679351890777,0.7029665961623195,2.277671960405113,-0.20504619627719828,0.09858391997782447,0.5072105933862,0.0,0.0,0.0,True
D,4,5,state,v,55732739,2.369935690910248,0.22550065773851982,2.3945084981247384,2.470714492144746,1.010368554433244,0.994295141285965,0.29623183857767094,0.3783643620499317,0.9961931985231174,10.618631990427719,radam_beta2_per_parameter_group,0.999,0.999,2.3675657708564075,0.2557525825508593,0.10791541033445913,1.1341544859147072,0.05193454730543271,0.39142940837169543,0.15815815135222697,0.0,0.0,0.0,True
D,4,5,state,net_buffer,32,0.0,0.0,0.0,0.0,0.0,,,,,,not_declared_for_this_readout,,,,,,,,,,0.0,0.0,0.0,True
D,4,5,state,scaler,1,0.0,0.0,0.0,0.0,0.0,,,,,,not_declared_for_this_readout,,,,,,,,,,0.0,0.0,0.0,True
D,4,5,observable,residual,393216,0.17845542056655306,0.16090993375584886,0.1912584730186194,0.17980945141250887,1.071743701656244,0.09995733467068904,-0.48968304228045145,0.3740287415253134,0.6254599312797058,1.1886057532583343,not_declared_for_this_readout,,,,,,,,,,0.0,0.0,0.0,True
D,4,5,observable,feature,49152,0.03718856191694115,0.03693028367962252,0.037830286744137985,0.03731331894662456,1.0172559731841768,0.031639997844543966,-0.5020075596647342,0.48077185992063787,0.5170005161963603,1.0243703263241402,not_declared_for_this_readout,,,,,,,,,,0.0,0.0,0.0,True
B,5,6,state,theta,55732739,0.010438002931570694,0.0010134547159428569,0.012860012672115805,0.013100938402277527,1.2320376566689324,0.991525619096653,0.20055069406786688,0.27421998888512444,0.997124123302001,12.689281987455777,identity_parameter_carryover,1.0,1.0,0.010438002931571821,0.002853280880686683,0.27335505645976343,2.815400467135982,0.8106559401126786,0.06708654904537871,0.8798521625575804,0.0,0.0,0.0,True
B,5,6,state,EMA,55732771,6.322572550078136e-05,1.1365036308999546e-05,7.786397621328372e-05,7.812859231408865e-05,1.2315236495360018,0.8571090731498986,-0.049657154390633146,0.09597680693596401,0.9893896531487025,6.851185873610114,ema_transition_carryover_counterfactual_map,0.9993,1.0,6.318146768586333e-05,4.026781739464908e-05,0.6368897640273252,3.5431314339719715,0.0883199792830733,-0.10593428131734191,0.5888217573957608,0.0,0.0,0.0,True
B,5,6,state,m,55732739,9.421862388618134,4.590510248274553,7.869536373486507,10.507284063524638,0.8352421261207467,0.9559289226236812,0.37924552524195676,0.7209281349824966,0.9146480465950371,1.7143053708342009,radam_beta1_per_parameter_group,0.9,0.9,8.479675944717451,2.5008188379103236,0.2654272302821341,0.5447801448325517,-0.38265807309027444,-0.6984152013022862,-0.09454148072467161,0.0,0.0,0.0,True
B,5,6,state,v,55732739,2.9708349131830962,1.4936962001707805,2.4144754254911915,3.8596299617146275,0.812726218739703,0.9969487820877324,0.9477245570043257,0.9798747265170804,0.9923459070142531,1.616443440918665,radam_beta2_per_parameter_group,0.999,0.999,2.9678641456973023,0.5915810403686506,0.19912955706273225,0.3960517810121045,-0.9478934796890326,-0.980440667156226,-0.9201328003461456,0.0,0.0,0.0,True
B,5,6,state,net_buffer,32,0.0,0.0,0.0,0.0,0.0,,,,,,not_declared_for_this_readout,,,,,,,,,,0.0,0.0,0.0,True
B,5,6,state,scaler,1,0.0,0.0,0.0,0.0,0.0,,,,,,not_declared_for_this_readout,,,,,,,,,,0.0,0.0,0.0,True
B,5,6,observable,residual,393216,0.1937629164140596,0.16175027980389176,0.19616794773779014,0.20267220331530852,1.0124122374303612,-0.03310165679552277,-0.37139664358442454,0.4386105296192693,0.671500257526946,1.212782741245498,not_declared_for_this_readout,,,,,,,,,,0.0,0.0,0.0,True
B,5,6,observable,feature,49152,0.03859086336794513,0.03801286779027067,0.03912638104253965,0.037543503423904716,1.0138767995286506,0.03866670909119235,-0.5265685792896054,0.46373255887652276,0.5090094826719208,1.0292930609290674,not_declared_for_this_readout,,,,,,,,,,0.0,0.0,0.0,True
C,5,6,state,theta,55732739,0.00881083119258334,0.0007911710898307348,0.010583535359848588,0.010653638480016856,1.2011960198213139,0.9865176541414026,0.05152278493942422,0.12544674841199321,0.9972460317372637,13.377050167635495,identity_parameter_carryover,1.0,1.0,0.008810831192581775,0.002378430291220003,0.26994391780222565,3.0062148652687126,0.6853315353222028,-0.05160043828355448,0.7952702451231863,0.0,0.0,0.0,True
C,5,6,state,EMA,55732771,5.917353860632595e-05,9.935421864468653e-06,7.185520575493572e-05,7.193971690504389e-05,1.2143131448159505,0.8613458524615052,-0.060623970267255224,0.07755485074535715,0.9904526192295289,7.232224935702671,ema_transition_carryover_counterfactual_map,0.9993,1.0,5.9132117309850516e-05,3.660800713517811e-05,0.618655027185826,3.684595141963396,0.0753951487918935,-0.12229566646585181,0.5715143598388246,0.0,0.0,0.0,True
C,5,6,state,m,55732739,6.382842721695424,1.7050688447417064,6.04498118265114,6.47223671527098,0.9470672310480274,0.9280529176682519,0.11840326978524386,0.3740305691919548,0.9651789920381435,3.5453003562251286,radam_beta1_per_parameter_group,0.9,0.9,5.744558310304736,2.255456992951686,0.3533624579664696,1.3227952641955378,-0.05963132390285629,-0.31166497924678854,0.31644455408307876,0.0,0.0,0.0,True
C,5,6,state,v,55732739,0.7405801883377857,0.1720755570334756,0.766212149638936,0.8688656711535344,1.0346106494675218,0.978076918647562,0.5242331884745837,0.660343036139213,0.9856758023643908,4.452765766667703,radam_beta2_per_parameter_group,0.999,0.999,0.7398396203551403,0.15984606492036335,0.21583896982058617,0.9289295218685062,0.0599001170207438,-0.1886858807778786,0.26645694041653123,0.0,0.0,0.0,True
C,5,6,state,net_buffer,32,0.0,0.0,0.0,0.0,0.0,,,,,,not_declared_for_this_readout,,,,,,,,,,0.0,0.0,0.0,True
C,5,6,state,scaler,1,0.0,0.0,0.0,0.0,0.0,,,,,,not_declared_for_this_readout,,,,,,,,,,0.0,0.0,0.0,True
C,5,6,observable,residual,393216,0.1761153665697027,0.16668934380829875,0.1750323044461434,0.1715029276652496,0.9938502690329941,-0.08702179771670404,-0.49712727725854766,0.46457522300852516,0.5374047316008874,1.0500509537516656,not_declared_for_this_readout,,,,,,,,,,0.0,0.0,0.0,True
C,5,6,observable,feature,49152,0.0368456691019435,0.03610089875062201,0.036726074872657645,0.036772485124154514,0.9967541848960603,0.018900613623623625,-0.4902022785286495,0.49215311680808127,0.5174883335712053,1.0173174669792637,not_declared_for_this_readout,,,,,,,,,,0.0,0.0,0.0,True
D,5,6,state,theta,55732739,0.007805923588304922,0.0006496810567174035,0.010358331151019874,0.010502687035566515,1.3269834163556313,0.989013912896789,0.19238296643338415,0.2515972838095145,0.9981558704401851,15.94371737319334,identity_parameter_carryover,1.0,1.0,0.0078059235883049215,0.0028794746025303858,0.36888326793827503,4.4321356960587694,0.8468940939096901,0.08742552940921791,0.916196349451673,0.0,0.0,0.0,True
D,5,6,state,EMA,55732771,5.1259389476112574e-05,9.080428078411836e-06,6.477633949465003e-05,6.498314391679523e-05,1.263697054465241,0.8277656713227417,-0.04727952481756543,0.092606069281424,0.9902109576654669,7.133621778102272,ema_transition_carryover_counterfactual_map,0.9993,1.0,5.122350805989515e-05,3.6423218174931395e-05,0.7105667575675088,4.011178532598631,0.06578556777206367,-0.09035201744525984,0.6143135911408846,0.0,0.0,0.0,True
D,5,6,state,m,55732739,6.753128525078528,4.571909532992367,6.925483924550233,7.5271920623460655,1.025522304044954,0.8408514706968216,-0.19275155672470284,0.43004239810170314,0.8029875144407547,1.5147902368963595,radam_beta1_per_parameter_group,0.9,0.9,6.077815516251208,3.7571587946601217,0.556358253912609,0.8217920253117996,-0.06774059519860388,-0.6560954037325949,0.483062843042424,0.0,0.0,0.0,True
D,5,6,state,v,55732739,2.470714492144746,1.5959265599372061,1.7292912932889029,3.1594447550389506,0.6999154693053029,0.9655109885542412,0.8052442062674431,0.9458713750384877,0.9540922988126458,1.0835657082848125,radam_beta2_per_parameter_group,0.999,0.999,2.468243832119945,0.9167718549920398,0.3710553598591719,0.5744448886345443,-0.8710935896317047,-0.9626942546226728,-0.7131820642880492,0.0,0.0,0.0,True
D,5,6,state,net_buffer,32,0.0,0.0,0.0,0.0,0.0,,,,,,not_declared_for_this_readout,,,,,,,,,,0.0,0.0,0.0,True
D,5,6,state,scaler,1,0.0,0.0,0.0,0.0,0.0,,,,,,not_declared_for_this_readout,,,,,,,,,,0.0,0.0,0.0,True
D,5,6,observable,residual,393216,0.17980945141250887,0.1597681815489796,0.16962446423290306,0.17991189362903862,0.9433567751884189,-0.0569540051861773,-0.4046044653452669,0.5065666535446798,0.583516422624925,1.0616911489407035,not_declared_for_this_readout,,,,,,,,,,0.0,0.0,0.0,True
D,5,6,observable,feature,49152,0.03731331894662456,0.035188605362988984,0.03645445818990866,0.03724092492606851,0.9769824614651815,-0.006811016660220068,-0.46004675793574823,0.49455941540068454,0.544187729403008,1.0359733730240723,not_declared_for_this_readout,,,,,,,,,,0.0,0.0,0.0,True
B,6,7,state,theta,55732739,0.013100938402277527,0.0010218182437139877,0.01569028435900491,0.015898745068549682,1.1976458385818562,0.9925432814293769,0.1728026790813832,0.23480730085316767,0.9979943209756951,15.355259563555713,identity_parameter_carryover,1.0,1.0,0.01310093840228087,0.003125744803517698,0.23858938249601297,3.0590027362954486,0.7909628192242446,0.11816842764272185,0.859646623862937,0.0,0.0,0.0,True
B,6,7,state,EMA,55732771,7.812859231408865e-05,1.1464188126759026e-05,9.43183406445424e-05,9.452172619005857e-05,1.2072192503529122,0.8825242610848347,-0.0430138326921623,0.07836499713915897,0.9926312791394477,8.227215010925208,ema_transition_carryover_counterfactual_map,0.9993,1.0,7.8073902537786e-05,4.46544251058843e-05,0.5715503605436384,3.8951231968755464,0.1156508304393323,-0.09936248815756148,0.569176009704071,0.0,0.0,0.0,True
B,6,7,state,m,55732739,10.507284063524638,3.3791701523741358,8.479574722777,8.411922747554694,0.8070186997430953,0.8698638037556113,-0.2191939452063613,0.18075519246280622,0.9199895574176773,2.5093660101192077,radam_beta1_per_parameter_group,0.9,0.9,9.45655540265368,4.671734308077865,0.4446186359704018,1.3825093432467732,-0.44533360479674444,0.2445249558225043,0.05429663849650296,0.0,0.0,0.0,True
B,6,7,state,v,55732739,3.8596299617146275,0.6628575367523973,4.403894649409812,4.970827331532428,1.141014732783709,0.9953707456381784,0.8350801112957382,0.873187113779338,0.997305571957158,6.64380263515784,radam_beta2_per_parameter_group,0.999,0.999,3.855770364359121,0.6765009024579804,0.17527610397071516,1.02058265154897,0.7800987916179297,0.6754609042659265,0.8366191745003201,0.0,0.0,0.0,True
B,6,7,state,net_buffer,32,0.0,0.0,0.0,0.0,0.0,,,,,,not_declared_for_this_readout,,,,,,,,,,0.0,0.0,0.0,True
B,6,7,state,scaler,1,0.0,0.0,0.0,0.0,0.0,,,,,,not_declared_for_this_readout,,,,,,,,,,0.0,0.0,0.0,True
B,6,7,observable,residual,393216,0.20267220331530852,0.16873552913419768,0.18068100781355415,0.19775512672490025,0.8914937759494259,0.05032212884984628,-0.3609734428829293,0.5234477881535883,0.605657941257454,1.0707940926291586,not_declared_for_this_readout,,,,,,,,,,0.0,0.0,0.0,True
B,6,7,observable,feature,49152,0.037543503423904716,0.03518811209935188,0.03815737136719376,0.03751825894103178,1.0163508433498558,-0.020406914974918224,-0.4791025608045551,0.45062906011528286,0.5676877699466828,1.0843824544908325,not_declared_for_this_readout,,,,,,,,,,0.0,0.0,0.0,True
C,6,7,state,theta,55732739,0.010653638480016856,0.0008363784579343383,0.012519405735148256,0.012588564002008728,1.1751295821264294,0.991134124781074,0.049512872813912256,0.11568040656361812,0.9977958751574807,14.968589418321818,identity_parameter_carryover,1.0,1.0,0.010653638480020971,0.002417870773444652,0.2269525831930451,2.8908812159225556,0.7257508487785705,0.09663339806399082,0.8107220228837062,0.0,0.0,0.0,True
C,6,7,state,EMA,55732771,7.193971690504389e-05,1.0162009420910976e-05,8.553650613052074e-05,8.559626606119747e-05,1.1890025400492443,0.8852644712605189,-0.05351881870089538,0.06523878802156115,0.9929480724068065,8.417282703409736,ema_transition_carryover_counterfactual_map,0.9993,1.0,7.1889359322717e-05,3.996623481107664e-05,0.5555517387402242,3.932906687611972,0.09590772231884746,-0.11520835346044501,0.5478477160519334,0.0,0.0,0.0,True
C,6,7,state,m,55732739,6.47223671527098,2.4444318396802562,6.405961804487745,6.600204392676665,0.9897601225513181,0.9539838723347126,-0.11012547130702773,0.2634724886271287,0.9297844780192227,2.620634251485481,radam_beta1_per_parameter_group,0.9,0.9,5.82501289259617,1.9420782084597839,0.30006291393476525,0.7944906366110078,0.14735315726768275,0.07122382841908018,0.43715718811618076,0.0,0.0,0.0,True
C,6,7,state,v,55732739,0.8688656711535344,0.30314405460346616,0.8033645721344645,1.030877613967324,0.9246130890036104,0.9707050704451267,0.6681122683005727,0.8147250166120733,0.9757694031265512,2.650108289886543,radam_beta2_per_parameter_group,0.999,0.999,0.8679968136380332,0.2122099966092084,0.24423798022480445,0.7000302113356439,-0.4154693532816483,-0.18620856678186018,-0.18474311834384313,0.0,0.0,0.0,True
C,6,7,state,net_buffer,32,0.0,0.0,0.0,0.0,0.0,,,,,,not_declared_for_this_readout,,,,,,,,,,0.0,0.0,0.0,True
C,6,7,state,scaler,1,0.0,0.0,0.0,0.0,0.0,,,,,,not_declared_for_this_readout,,,,,,,,,,0.0,0.0,0.0,True
C,6,7,observable,residual,393216,0.1715029276652496,0.15505472420028438,0.18928979323441067,0.20240940244238895,1.1037117314048341,-0.03343375288041783,-0.32202468354996117,0.4648931190907433,0.6884973872720791,1.220793459926476,not_declared_for_this_readout,,,,,,,,,,0.0,0.0,0.0,True
C,6,7,observable,feature,49152,0.036772485124154514,0.03482202954123647,0.03842952232337909,0.038309709364857836,1.04506187693407,-0.01417770261637451,-0.45649888237908326,0.4510343679637051,0.5881878283395023,1.1035980047593321,not_declared_for_this_readout,,,,,,,,,,0.0,0.0,0.0,True
D,6,7,state,theta,55732739,0.010502687035566515,0.0008179830410114568,0.013362001246432874,0.013565663603489563,1.2722459691680348,0.9872560736104841,0.22027006931438586,0.2772611861593426,0.998268777952812,16.3353035166969,identity_parameter_carryover,1.0,1.0,0.010502687035567568,0.003428201342256638,0.3264118344807673,4.191042075906097,0.7843850410472291,0.08668364144446918,0.8730991509876102,0.0,0.0,0.0,True
D,6,7,state,EMA,55732771,6.498314391679523e-05,1.0079149477611361e-05,8.018762807740195e-05,8.040843275517732e-05,1.2339758165605934,0.8580010877709495,-0.04091004920235654,0.08455169979801443,0.9921259107144869,7.95579312079073,ema_transition_carryover_counterfactual_map,0.9993,1.0,6.493765591431351e-05,4.136899995280281e-05,0.6366112419210112,4.104413774663731,0.09338916111768206,-0.08805993370698029,0.5915310665851312,0.0,0.0,0.0,True
D,6,7,state,m,55732739,7.5271920623460655,3.784687110136299,8.220618137448474,8.128243299270288,1.0921228087922978,0.8486678059105898,-0.2544651906852154,0.20826467490116932,0.8928801394189694,2.1720733836706576,radam_beta1_per_parameter_group,0.9,0.9,6.774472683170496,4.352794882949636,0.5782760486110092,1.1501069325630138,0.04643023165606858,-0.16368742063992842,0.5677596430500548,0.0,0.0,0.0,True
D,6,7,state,v,55732739,3.1594447550389506,0.8232633844247762,3.107241579353948,3.8191712316901745,0.9834771044495256,0.9943481194255014,0.8313577030281086,0.8919455033395726,0.9927986218985196,3.7742982842908948,radam_beta2_per_parameter_group,0.999,0.999,3.156285345555947,0.3365488574282244,0.10652151992576155,0.4087985252294137,-0.19790744509904704,-0.36462765184591367,-0.09272002394278318,0.0,0.0,0.0,True
D,6,7,state,net_buffer,32,0.0,0.0,0.0,0.0,0.0,,,,,,not_declared_for_this_readout,,,,,,,,,,0.0,0.0,0.0,True
D,6,7,state,scaler,1,0.0,0.0,0.0,0.0,0.0,,,,,,not_declared_for_this_readout,,,,,,,,,,0.0,0.0,0.0,True
D,6,7,observable,residual,393216,0.17991189362903862,0.17062130857022392,0.17449364015552424,0.17728963232552752,0.9698838505658425,-0.027794809540317815,-0.47238567858424063,0.49745160390872767,0.5296112146774882,1.0226954746611063,not_declared_for_this_readout,,,,,,,,,,0.0,0.0,0.0,True
D,6,7,observable,feature,49152,0.03724092492606851,0.03369886035910066,0.03735066537911206,0.03774027229422523,1.0029467703410002,-0.008678640239776813,-0.4394928661801579,0.4579593184478246,0.5972467945424699,1.10836583139896,not_declared_for_this_readout,,,,,,,,,,0.0,0.0,0.0,True
B,7,8,state,theta,55732739,0.015898745068549682,0.001552328230607387,0.018509164041219925,0.01892247404871874,1.1641902528416586,0.9937234752175443,0.22729034316991437,0.30436202277230623,0.9968037587951752,11.923486074834672,identity_parameter_carryover,1.0,1.0,0.015898745068547007,0.00324165146900383,0.2038935434857904,2.0882513150813815,0.7694367422640175,0.035456498257023766,0.8360577520502561,0.0,0.0,0.0,True
B,7,8,state,EMA,55732771,9.452172619005857e-05,1.3640496184978667e-05,0.00011226325046820379,0.00011257096757345879,1.1876978446465487,0.9036614851793042,-0.03816227500628884,0.08311445969766322,0.9926422461337743,8.230144193129245,ema_transition_carryover_counterfactual_map,0.9993,1.0,9.445556126989839e-05,4.858229617091221e-05,0.5139802046486738,3.561622356847438,0.14392926910361692,-0.1047801999392445,0.5538519133182603,0.0,0.0,0.0,True
B,7,8,state,m,55732739,8.411922747554694,4.417337045531848,7.5369054778844635,9.110140900832365,0.8959789223070797,0.9253112573865913,0.10027402296314415,0.5678389538431433,0.8759304297362707,1.706210189577467,radam_beta1_per_parameter_group,0.9,0.9,7.570730272616604,2.919692665456656,0.34708980967584335,0.660962166880595,-0.20438685041465124,-0.6094856517126698,0.18208201696707366,0.0,0.0,0.0,True
B,7,8,state,v,55732739,4.970827331532428,0.317517049440055,4.833384638838244,5.089885545641802,0.9723501374062389,0.9996672239363643,0.7964225414020966,0.818669396337485,0.9992881625102324,15.222441274766108,radam_beta2_per_parameter_group,0.999,0.999,4.965856577243406,0.18309376071425637,0.03683365936949804,0.57664229696372,-0.7323044356959891,-0.766817383496678,-0.7144941468328065,0.0,0.0,0.0,True
B,7,8,state,net_buffer,32,0.0,0.0,0.0,0.0,0.0,,,,,,not_declared_for_this_readout,,,,,,,,,,0.0,0.0,0.0,True
B,7,8,state,scaler,1,0.0,0.0,0.0,0.0,0.0,,,,,,not_declared_for_this_readout,,,,,,,,,,0.0,0.0,0.0,True
B,7,8,observable,residual,393216,0.19775512672490025,0.1634306963258218,0.19061709011138028,0.18227441222255267,0.9639046697209029,-0.022711692584501675,-0.47861857447967887,0.396094084215708,0.6166313847302999,1.1663481487673444,not_declared_for_this_readout,,,,,,,,,,0.0,0.0,0.0,True
B,7,8,observable,feature,49152,0.03751825894103178,0.03749691384054063,0.038620304437620004,0.04109904756430697,1.0293735777643716,0.01890643183742825,-0.41722930537046266,0.5202892114075982,0.5590273858888285,1.0299595481872643,not_declared_for_this_readout,,,,,,,,,,0.0,0.0,0.0,True
C,7,8,state,theta,55732739,0.012588564002008728,0.0015033027564176542,0.01499560680561375,0.014597763998191994,1.1912086877598538,0.9893541245916019,-0.3112599940078187,-0.21676126072686128,0.9951995936130063,9.975107636566857,identity_parameter_carryover,1.0,1.0,0.012588564002021314,0.0031325973340407052,0.24884469217782457,2.0838100114348443,0.7174242975453369,-0.4923695538509908,0.8111668422608684,0.0,0.0,0.0,True
C,7,8,state,EMA,55732771,8.559626606119747e-05,1.326316270354187e-05,0.00010056145887540655,0.00010024679521201001,1.1748346452812513,0.9019256562217556,-0.08963307102785346,0.042390684994076236,0.9912799771861511,7.582012007479336,ema_transition_carryover_counterfactual_map,0.9993,1.0,8.55363489360731e-05,4.373737824263548e-05,0.5109729694443123,3.2976582750474446,0.11803658696927766,-0.18981066859049897,0.5353322986246347,0.0,0.0,0.0,True
C,7,8,state,m,55732739,6.600204392676665,3.8778987288708047,8.466938747525658,6.5218609300537675,1.282829779774737,0.8974929103718761,-0.6729696834971881,-0.27907592323140984,0.8980918989444077,2.1833831514189965,radam_beta1_per_parameter_group,0.9,0.9,5.940183802759383,4.086038917686563,0.6190776337502935,1.053673446205844,0.40597599022307645,-0.803141232679948,0.7674096994862676,0.0,0.0,0.0,True
C,7,8,state,v,55732739,1.030877613967324,0.24731747223442666,1.2039095151062418,1.0549522627119512,1.167849120782637,0.9746414636627069,-0.6677458212553765,-0.5275955086503531,0.9846552713465196,4.867870855339663,radam_beta2_per_parameter_group,0.999,0.999,1.0298467502252222,0.30525238360478124,0.29610923689575525,1.234253208424512,0.4702121569056166,-0.8995241168700308,0.6557792228498793,0.0,0.0,0.0,True
C,7,8,state,net_buffer,32,0.0,0.0,0.0,0.0,0.0,,,,,,not_declared_for_this_readout,,,,,,,,,,0.0,0.0,0.0,True
C,7,8,state,scaler,1,0.0,0.0,0.0,0.0,0.0,,,,,,not_declared_for_this_readout,,,,,,,,,,0.0,0.0,0.0,True
C,7,8,observable,residual,393216,0.20240940244238895,0.16565913234664945,0.1739993774437876,0.1745880663739979,0.8596407841938687,-0.046956533981266854,-0.47247406534389097,0.4779761919105908,0.5483177384962543,1.0503458214406545,not_declared_for_this_readout,,,,,,,,,,0.0,0.0,0.0,True
C,7,8,observable,feature,49152,0.038309709364857836,0.03695577916674063,0.03793854485620042,0.03811553239612515,0.9903114767819697,0.024063665599928032,-0.4822475840396178,0.4895643952688508,0.5277824648405853,1.0265930176989546,not_declared_for_this_readout,,,,,,,,,,0.0,0.0,0.0,True
D,7,8,state,theta,55732739,0.013565663603489563,0.0006829303998236343,0.01638606906035316,0.01652837834884575,1.2079076659499421,0.9921987082557685,0.18844648656108134,0.22814262011722164,0.9991763587574812,23.993761391475378,identity_parameter_carryover,1.0,1.0,0.013565663603490841,0.003379785861495377,0.24914268555398777,4.948946279691461,0.7966696891234608,0.13363075386503734,0.8658048989655668,0.0,0.0,0.0,True
D,7,8,state,EMA,55732771,8.040843275517732e-05,9.20103059523923e-06,9.727608253203528e-05,9.740635117748504e-05,1.2097746367997937,0.8842798576026073,-0.03312585642315626,0.061378718939816675,0.995533549315485,10.572302909455336,ema_transition_carryover_counterfactual_map,0.9993,1.0,8.035214709758659e-05,4.57759328750186e-05,0.5692926886710299,4.975087562332838,0.12380159083713048,-0.07858184899645489,0.5728402610631022,0.0,0.0,0.0,True
D,7,8,state,m,55732739,8.128243299270288,2.0194313259165177,7.922741955540873,8.245883954809258,0.9747176190274885,0.9130049243681361,0.03583436991362712,0.279331822337641,0.9695876207457343,3.923253964551204,radam_beta1_per_parameter_group,0.9,0.9,7.315418786803656,3.233108894579763,0.3977623178270285,1.600999674060428,-0.02533671755817805,-0.0360714768044852,0.38468502601858506,0.0,0.0,0.0,True
D,7,8,state,v,55732739,3.8191712316901745,0.1877207006730874,3.8195931050660197,3.9608408138169406,1.000110462021798,0.9986428678146513,0.7417745023345556,0.7627162052980088,0.9994947336877904,20.347213127644242,radam_beta2_per_parameter_group,0.999,0.999,3.8153521407753503,0.1989301767729558,0.052087263101036514,1.0597135854472943,-0.004738991652469677,-0.13883142402468848,0.04734777817958593,0.0,0.0,0.0,True
D,7,8,state,net_buffer,32,0.0,0.0,0.0,0.0,0.0,,,,,,not_declared_for_this_readout,,,,,,,,,,0.0,0.0,0.0,True
D,7,8,state,scaler,1,0.0,0.0,0.0,0.0,0.0,,,,,,not_declared_for_this_readout,,,,,,,,,,0.0,0.0,0.0,True
D,7,8,observable,residual,393216,0.17728963232552752,0.16581261311955872,0.16934340298920314,0.1748031123095734,0.9551793907399275,0.048603462863711276,-0.45611728435479826,0.5066966992433369,0.5361083274957504,1.0212938557762101,not_declared_for_this_readout,,,,,,,,,,0.0,0.0,0.0,True
D,7,8,observable,feature,49152,0.03774027229422523,0.033879345296519287,0.037408729013164665,0.03767578409423637,0.9912151327771077,0.025420470561877774,-0.44491606597759115,0.4574715872574762,0.5928281128821349,1.1041750861994368,not_declared_for_this_readout,,,,,,,,,,0.0,0.0,0.0,True
B,8,9,state,theta,55732739,0.01892247404871874,0.0011739635999467929,0.021984111881442593,0.022394439097005343,1.1617990239987228,0.9964861428330576,0.3260845455100826,0.372531890399765,0.9987713097653613,18.72639993475008,identity_parameter_carryover,1.0,1.0,0.018922474048718326,0.0035067237865837385,0.18532057581662703,2.9870805080691363,0.8510475832310086,0.16425473657621625,0.8920373813713344,0.0,0.0,0.0,True
B,8,9,state,EMA,55732771,0.00011257096757345879,1.2138856196471569e-05,0.00013255281337954343,0.00013291019980859775,1.1775044333082185,0.9190606957992191,-0.016307539411867498,0.07506757180787364,0.9958216803097659,10.919711975669742,ema_transition_carryover_counterfactual_map,0.9993,1.0,0.00011249216823932737,5.306812831452686e-05,0.4714193140420239,4.371756898310757,0.17584778193251774,-0.07561991800649884,0.5495894408173988,0.0,0.0,0.0,True
B,8,9,state,m,55732739,9.110140900832365,3.1668712147150173,9.097470069336897,9.674458173408658,0.9986091508755578,0.9028403526112926,0.013920368407768243,0.340433675005327,0.9449163890616921,2.8726997255414335,radam_beta1_per_parameter_group,0.9,0.9,8.1991266008351,3.9117197692563725,0.42938081988380344,1.2352001404668371,0.003690572251410172,0.04462614831470562,0.4333049962176759,0.0,0.0,0.0,True
B,8,9,state,v,55732739,5.089885545641802,0.26164658570268545,5.047499712183469,5.211332453049964,0.9916725370191034,0.9988287445963792,0.6104040231755368,0.6414215072846727,0.9992089139695896,19.291288279676042,radam_beta2_per_parameter_group,0.999,0.999,5.084795737039743,0.24801757166145572,0.04872753413361524,0.9479105985479334,-0.17421320545756622,-0.3125645233495364,-0.12636375000508662,0.0,0.0,0.0,True
B,8,9,state,net_buffer,32,0.0,0.0,0.0,0.0,0.0,,,,,,not_declared_for_this_readout,,,,,,,,,,0.0,0.0,0.0,True
B,8,9,state,scaler,1,0.0,0.0,0.0,0.0,0.0,,,,,,not_declared_for_this_readout,,,,,,,,,,0.0,0.0,0.0,True
B,8,9,observable,residual,393216,0.18227441222255267,0.17504122623798635,0.18013060856880844,0.18009203281971253,0.9882385924189584,0.020860382169829078,-0.48609343473570965,0.4857567469701254,0.5277535946389288,1.029075335223615,not_declared_for_this_readout,,,,,,,,,,0.0,0.0,0.0,True
B,8,9,observable,feature,49152,0.04109904756430697,0.03701749260519411,0.037735120028791265,0.0363780726808967,0.9181507179636651,0.07988162975942927,-0.526491691667584,0.47144513609602584,0.5015581195254403,1.0193861705127067,not_declared_for_this_readout,,,,,,,,,,0.0,0.0,0.0,True
C,8,9,state,theta,55732739,0.014597763998191994,0.0009739777932046885,0.01652799208153067,0.016714691411327955,1.1322276537405143,0.9927487196266053,0.1633056139032068,0.21975228834778557,0.9983461681900297,16.969577948125963,identity_parameter_carryover,1.0,1.0,0.014597763998196534,0.0026879059399755644,0.18413134643829526,2.759719943030243,0.673527652815924,-0.20065804911699942,0.7574969542751261,0.0,0.0,0.0,True
C,8,9,state,EMA,55732771,0.00010024679521201001,1.0955753142929328e-05,0.00011594785839218046,0.00011614728889414144,1.1566240910441534,0.9191020174813513,-0.02902538801398424,0.06535082855548818,0.995545091987541,10.583285044808754,ema_transition_carryover_counterfactual_map,0.9993,1.0,0.00010017662276094673,4.6130628243819205e-05,0.4601706034218693,4.210630491760504,0.13854759957240867,-0.0964835615804084,0.5175590105123073,0.0,0.0,0.0,True
C,8,9,state,m,55732739,6.5218609300537675,2.4520029224608946,6.343936309635719,6.535646803008784,0.9727187343725556,0.9235568377574314,-0.1138890161345291,0.2646254165601738,0.927938778216365,2.587246634791437,radam_beta1_per_parameter_group,0.9,0.9,5.869674684462481,2.4326791955669673,0.37300384378894014,0.9921192072338424,-0.004393891072954007,-0.513357860277618,0.3793998494912695,0.0,0.0,0.0,True
C,8,9,state,v,55732739,1.0549522627119512,0.1503169854028271,1.0850629639485552,1.061440896833822,1.0285422405362674,0.9915039825188366,-0.22470425873237132,-0.08808901547706362,0.9904330050826334,7.218498701532288,radam_beta2_per_parameter_group,0.999,0.999,1.0538973194053418,0.1428371576581488,0.13539679728347073,0.95023963709335,0.15365000951551233,-0.42736515207425263,0.2808763171876066,0.0,0.0,0.0,True
C,8,9,state,net_buffer,32,0.0,0.0,0.0,0.0,0.0,,,,,,not_declared_for_this_readout,,,,,,,,,,0.0,0.0,0.0,True
C,8,9,state,scaler,1,0.0,0.0,0.0,0.0,0.0,,,,,,not_declared_for_this_readout,,,,,,,,,,0.0,0.0,0.0,True
C,8,9,observable,residual,393216,0.1745880663739979,0.1602428614500739,0.17710280000579554,0.17402415613826003,1.0144038116924363,-0.003996263970027483,-0.471446074387105,0.44102177150281,0.583579511489863,1.1052149119352477,not_declared_for_this_readout,,,,,,,,,,0.0,0.0,0.0,True
C,8,9,observable,feature,49152,0.03811553239612515,0.03604037510837754,0.03672735791927176,0.036548515133424206,0.9635798219364631,-0.026656757306624146,-0.4955977408714045,0.4880739868716987,0.5161859344088304,1.0190614778239233,not_declared_for_this_readout,,,,,,,,,,0.0,0.0,0.0,True
D,8,9,state,theta,55732739,0.01652837834884575,0.0006927073425195012,0.019222662317747517,0.019494400578121896,1.1630095773485196,0.9941544792821579,0.3770391133149807,0.40731710967649065,0.9994582804369027,27.75004845167547,identity_parameter_carryover,1.0,1.0,0.01652837834884653,0.0033126480634529257,0.20042184378507177,4.782175473128707,0.7794119534024013,0.2751572974755832,0.8424984766001467,0.0,0.0,0.0,True
D,8,9,state,EMA,55732771,9.740635117748504e-05,9.302683592532884e-06,0.00011586348249667636,0.0001161121255014264,1.1894859123257826,0.9057112174650687,-0.013388246187205678,0.06675852957893837,0.9967859547719337,12.454845028769777,ema_transition_carryover_counterfactual_map,0.9993,1.0,9.733816702874216e-05,4.969862765755982e-05,0.510219580723268,5.342396864647973,0.1529355863794979,-0.054444560118902106,0.5574240987532814,0.0,0.0,0.0,True
D,8,9,state,m,55732739,8.245883954809258,1.9884898215407059,7.980992649015798,8.380497157767046,0.96787593577048,0.8285697057301056,0.0813603408916757,0.3147577112025923,0.9716341054073675,4.0135949214122855,radam_beta1_per_parameter_group,0.9,0.9,7.421295372087487,4.540997139315796,0.5506986472526507,2.2836411281187132,-0.17804165399235394,-0.05480469272569125,0.40342067416240657,0.0,0.0,0.0,True
D,8,9,state,v,55732739,3.9608408138169406,0.22622331326233924,3.877776664265016,4.023779069111209,0.9790286574350162,0.9974753447882554,0.6283712392195462,0.6617924581508847,0.999043143004361,17.141366238271665,radam_beta2_per_parameter_group,0.999,0.999,3.956880031273937,0.28936731204308563,0.07305704158411538,1.2791224205416956,-0.30719923216863526,-0.3112216812745198,-0.23884387223166462,0.0,0.0,0.0,True
D,8,9,state,net_buffer,32,0.0,0.0,0.0,0.0,0.0,,,,,,not_declared_for_this_readout,,,,,,,,,,0.0,0.0,0.0,True
D,8,9,state,scaler,1,0.0,0.0,0.0,0.0,0.0,,,,,,not_declared_for_this_readout,,,,,,,,,,0.0,0.0,0.0,True
D,8,9,observable,residual,393216,0.1748031123095734,0.159028043111698,0.17725517897535728,0.17915126743041054,1.0140275915765236,-0.014307991316454868,-0.43659828855753585,0.45569722449666206,0.6018590271041144,1.1146158596119864,not_declared_for_this_readout,,,,,,,,,,0.0,0.0,0.0,True
D,8,9,observable,feature,49152,0.03767578409423637,0.03741599657832831,0.037744813977098286,0.03840356391601416,1.0018322082611275,0.0048364488097537356,-0.4778844626892686,0.5045973460680713,0.5172512269882589,1.0087881502255758,not_declared_for_this_readout,,,,,,,,,,0.0,0.0,0.0,True
B,9,10,state,theta,55732739,0.022394439097005343,0.0010264047725971023,0.025676518521939636,0.025842084050504484,1.1465577865432308,0.9976100191888535,0.14183910871169694,0.18064871491961823,0.9992267964765082,25.0159773292661,identity_parameter_carryover,1.0,1.0,0.02239443909700689,0.00367703371817892,0.1641940529187277,3.5824401993717903,0.8758997836885042,0.052028344994006194,0.9071447150893278,0.0,0.0,0.0,True
B,9,10,state,EMA,55732771,0.00013291019980859775,1.1485524863367142e-05,0.00015539398145311003,0.00015552009715919432,1.1691652083654294,0.9327150018566399,-0.025971284460493314,0.047902127787214865,0.9972710309005628,13.529549872704218,ema_transition_carryover_counterfactual_map,0.9993,1.0,0.00013281716307369268,5.7333247217063066e-05,0.43136830205377713,4.991782952812748,0.21141545637498885,-0.08208654641975831,0.5496535165890402,0.0,0.0,0.0,True
B,9,10,state,m,55732739,9.674458173408658,5.77683578431738,8.72562087699004,9.7740366280051,0.9019234690551866,0.8614730588551834,-0.13863792572989253,0.4672720165729722,0.8107942141186262,1.5104498730391216,radam_beta1_per_parameter_group,0.9,0.9,8.707012121774836,4.587947468688149,0.4742330150642071,0.7941973149285712,-0.25940245013395447,-0.8140351580489087,0.26695260124553916,0.0,0.0,0.0,True
B,9,10,state,v,55732739,5.211332453049964,1.552981820572488,4.158406686482964,5.6498648882031555,0.797954596822782,0.996297152009356,0.9458816195732496,0.9710572519145785,0.9960138441263795,2.6776917999915915,radam_beta2_per_parameter_group,0.999,0.999,5.2061212040762985,1.1216206468986811,0.21522722969674402,0.7222368169675092,-0.9478360338463797,-0.9826966587076148,-0.9169205693927114,0.0,0.0,0.0,True
B,9,10,state,net_buffer,32,0.0,0.0,0.0,0.0,0.0,,,,,,not_declared_for_this_readout,,,,,,,,,,0.0,0.0,0.0,True
B,9,10,state,scaler,1,0.0,0.0,0.0,0.0,0.0,,,,,,not_declared_for_this_readout,,,,,,,,,,0.0,0.0,0.0,True
B,9,10,observable,residual,393216,0.18009203281971253,0.16024603053202097,0.18348925749927097,0.19022033826819443,1.0188638254917104,-0.01714524071615836,-0.39388813892201385,0.46247309401489056,0.6327937793573961,1.1450471309029115,not_declared_for_this_readout,,,,,,,,,,0.0,0.0,0.0,True
B,9,10,observable,feature,49152,0.0363780726808967,0.03737223650279531,0.0380973589130372,0.03752644187201578,1.04726160858553,0.003417844024907672,-0.505645335221988,0.4825526690193371,0.5116462126643528,1.0194027031319801,not_declared_for_this_readout,,,,,,,,,,0.0,0.0,0.0,True
C,9,10,state,theta,55732739,0.016714691411327955,0.0008349802048000512,0.01871106514278717,0.01870180171987611,1.1194382643586362,0.9954277266797212,-0.03340390763802279,0.011226592822777048,0.9990039366790074,22.40899249493923,identity_parameter_carryover,1.0,1.0,0.016714691411326196,0.002616383402671663,0.15653195971649683,3.13346758118439,0.7303293644056231,-0.16274041896519834,0.7922378145883135,0.0,0.0,0.0,True
C,9,10,state,EMA,55732771,0.00011614728889414144,1.0283891804861183e-05,0.0001332565695040482,0.00013324719112548324,1.1473067582791403,0.9316965362648606,-0.039498726101198645,0.0376775451882325,0.9970219091018885,12.957795748206722,ema_transition_carryover_counterfactual_map,0.9993,1.0,0.00011606598614588154,4.9074990919906844e-05,0.4225237746585252,4.772025207101961,0.16482322144040876,-0.10495690297009617,0.5118348829615168,0.0,0.0,0.0,True
C,9,10,state,m,55732739,6.535646803008784,2.4683597604666354,7.512031911471551,6.5155024554576135,1.1493937995568049,0.9033499924353657,-0.5412366800656966,-0.24517333279611214,0.9479031144153042,3.043329433490451,radam_beta1_per_parameter_group,0.9,0.9,5.882081983753183,3.346336221324643,0.5120130145013507,1.355692259661545,0.27011989437542405,-0.6415623435297102,0.6569731932094285,0.0,0.0,0.0,True
C,9,10,state,v,55732739,1.061440896833822,0.5008041829801886,1.6319861080513371,1.208259270055541,1.5375195292732715,0.9601982659259306,-0.8896875630951554,-0.7872098183475387,0.9819306868246045,3.2587309841137992,radam_beta2_per_parameter_group,0.999,0.999,1.0603794650090907,0.6815349683717176,0.6420847080649257,1.3608811418387825,0.7433965819354382,-0.9635503639201699,0.9006310955914354,0.0,0.0,0.0,True
C,9,10,state,net_buffer,32,0.0,0.0,0.0,0.0,0.0,,,,,,not_declared_for_this_readout,,,,,,,,,,0.0,0.0,0.0,True
C,9,10,state,scaler,1,0.0,0.0,0.0,0.0,0.0,,,,,,not_declared_for_this_readout,,,,,,,,,,0.0,0.0,0.0,True
C,9,10,observable,residual,393216,0.17402415613826003,0.1576385031555445,0.1887359692750703,0.18174083480926878,1.084538913811034,0.04406875654557954,-0.46116868403645156,0.3884618701609243,0.6384807703955472,1.197270752367151,not_declared_for_this_readout,,,,,,,,,,0.0,0.0,0.0,True
C,9,10,observable,feature,49152,0.036548515133424206,0.03596714599938536,0.03933523998418007,0.03693532270979381,1.0762472795565738,-0.003663432186208993,-0.521877067065458,0.4180005802421679,0.5567789804054625,1.0936436264598886,not_declared_for_this_readout,,,,,,,,,,0.0,0.0,0.0,True
D,9,10,state,theta,55732739,0.019494400578121896,0.0006287072510781766,0.022411881361357956,0.022561842505923566,1.1496573732310744,0.995898014003296,0.225294799570862,0.25166329252145586,0.9996313833658301,35.64756303179832,identity_parameter_carryover,1.0,1.0,0.019494400578120238,0.0034779390867890297,0.1784070801690737,5.5318895731275175,0.81242008247542,0.16785462005192064,0.8618456121929037,0.0,0.0,0.0,True
D,9,10,state,EMA,55732771,0.0001161121255014264,8.968097145394816e-06,0.00013655016086371106,0.00013668853252109072,1.1760198194118285,0.922446601919705,-0.017400965948792396,0.048226375134184166,0.9978460138169477,15.226213392863453,ema_transition_carryover_counterfactual_map,0.9993,1.0,0.00011603084736765345,5.365220492557254e-05,0.46207236921964223,5.982562862080875,0.18506945849551298,-0.0592923722477074,0.5501712377441584,0.0,0.0,0.0,True
D,9,10,state,m,55732739,8.380497157767046,3.9989626038262003,7.912272795156231,9.01338767883628,0.9441292856740767,0.9151148717717199,0.04180342810962041,0.48036574982440244,0.8963825177351604,1.978581341967485,radam_beta1_per_parameter_group,0.9,0.9,7.542447249557541,3.204419350873976,0.38236625948904707,0.8013126573896923,-0.09418515872866697,-0.5437833187317591,0.3152106632796496,0.0,0.0,0.0,True
D,9,10,state,v,55732739,4.023779069111209,1.153300502462471,3.5218978063154114,4.595001299724581,0.8752711681790581,0.9968351006778136,0.9084837891510067,0.9473093221556698,0.9944834220386785,3.0537555466208737,radam_beta2_per_parameter_group,0.999,0.999,4.01975534244432,0.5809252500047625,0.14437304832769557,0.5037067518520969,-0.8761953247939434,-0.9605622622296437,-0.8351081574838094,0.0,0.0,0.0,True
D,9,10,state,net_buffer,32,0.0,0.0,0.0,0.0,0.0,,,,,,not_declared_for_this_readout,,,,,,,,,,0.0,0.0,0.0,True
D,9,10,state,scaler,1,0.0,0.0,0.0,0.0,0.0,,,,,,not_declared_for_this_readout,,,,,,,,,,0.0,0.0,0.0,True
D,9,10,observable,residual,393216,0.17915126743041054,0.16504194492433735,0.17296532222006736,0.17002459930058833,0.9654708264190983,0.003436466530094753,-0.4947620386341406,0.4673751316963157,0.5370330732421416,1.0480082641983068,not_declared_for_this_readout,,,,,,,,,,0.0,0.0,0.0,True
D,9,10,observable,feature,49152,0.03840356391601416,0.03544560582168007,0.037729964725572905,0.03663308417043001,0.9824599823101218,0.017311208365962723,-0.5002231622158932,0.4523835197511669,0.5459341507187999,1.0644468856135512,not_declared_for_this_readout,,,,,,,,,,0.0,0.0,0.0,True
B,10,11,state,theta,55732739,0.025842084050504484,0.0014393058413090729,0.028830185634576597,0.029084623104726436,1.1156292804493755,0.9965381447627372,0.15259618481327786,0.20074807762096136,0.9988033233278873,20.030618098760065,identity_parameter_carryover,1.0,1.0,0.025842084050504775,0.003753283561811778,0.14523919798714946,2.607703973742025,0.7695383541837352,-0.08758027093036778,0.8199655281568949,0.0,0.0,0.0,True
B,10,11,state,EMA,55732771,0.00015552009715919432,1.3115876602694335e-05,0.00018006533191225317,0.00018024758388038832,1.1578267709538126,0.94477737757855,-0.02251721645082918,0.050271445273567625,0.9973503944393659,13.728806496644163,ema_transition_carryover_counterfactual_map,0.9993,1.0,0.00015541123356446648,6.08156531180513e-05,0.39104690794913055,4.63679668239317,0.2418853988766401,-0.0857855823327735,0.5465092047045169,0.0,0.0,0.0,True
B,10,11,state,m,55732739,9.7740366280051,4.206855477049135,9.34319276079587,9.683212510006383,0.9559195567187918,0.9239568400067192,-0.1428335781854268,0.29663025781787666,0.9028318371682853,2.220944553899811,radam_beta1_per_parameter_group,0.9,0.9,8.796632736893375,3.577498411145344,0.3660205652283829,0.8503972695669477,-0.04582136991146545,-0.3700202674444514,0.3397580183881747,0.0,0.0,0.0,True
B,10,11,state,v,55732739,5.6498648882031555,0.935361656464724,5.646405939207286,6.347998608913034,0.9993877819975674,0.9982660314938245,0.7138485768141568,0.782300187229118,0.9946619266134848,6.036601885679534,radam_beta2_per_parameter_group,0.999,0.999,5.644215100307605,0.33245496540669395,0.0588429939450155,0.3554293284409741,-0.022859791438785675,-0.2557282368206877,0.03602812364159897,0.0,0.0,0.0,True
B,10,11,state,net_buffer,32,0.0,0.0,0.0,0.0,0.0,,,,,,not_declared_for_this_readout,,,,,,,,,,0.0,0.0,0.0,True
B,10,11,state,scaler,1,0.0,0.0,0.0,0.0,0.0,,,,,,not_declared_for_this_readout,,,,,,,,,,0.0,0.0,0.0,True
B,10,11,observable,residual,393216,0.19022033826819443,0.154507883453691,0.18015638724187907,0.1789225414716425,0.9470931914119192,-0.04452574694868213,-0.43677430552474517,0.4237599237449296,0.6297211789055225,1.1660012629444596,not_declared_for_this_readout,,,,,,,,,,0.0,0.0,0.0,True
B,10,11,observable,feature,49152,0.03752644187201578,0.03689342702895486,0.03782560983433416,0.037823342260645966,1.0079721910043775,-0.02322885267092931,-0.4877393489187911,0.48764566041778185,0.5243120404111558,1.025266907426293,not_declared_for_this_readout,,,,,,,,,,0.0,0.0,0.0,True
C,10,11,state,theta,55732739,0.01870180171987611,0.0011465473211653492,0.02096984604912475,0.020778499766029638,1.1212741084105378,0.9930832352043967,-0.19346571136626803,-0.14006780541143055,0.9985335173206757,18.2895600225301,identity_parameter_carryover,1.0,1.0,0.01870180171987737,0.0032510266640243266,0.17383494449998174,2.835492791278765,0.6530247382522537,-0.4931701391870929,0.737428677385925,0.0,0.0,0.0,True
C,10,11,state,EMA,55732771,0.00013324719112548324,1.1657776374143472e-05,0.00015173328468983554,0.0001516007214674238,1.1387353339924693,0.9418404201979995,-0.04978161604579715,0.027072748827441314,0.9970463219392408,13.015628351421675,ema_transition_carryover_counterfactual_map,0.9993,1.0,0.00013315391849796473,5.191619550745818e-05,0.38962318881879465,4.45335318171023,0.1878916977059933,-0.13117326023559445,0.5070391210958825,0.0,0.0,0.0,True
C,10,11,state,m,55732739,6.5155024554576135,3.062565722791514,8.217688715044368,6.820875819393364,1.2612517255919293,0.8278155777381514,-0.6036697657790103,-0.27829336720470566,0.9337379174058068,2.683269343050697,radam_beta1_per_parameter_group,0.9,0.9,5.8639520590480325,4.7047388669347,0.7220838145788504,1.5362082948692943,0.1995389539824468,-0.5708523920163491,0.7149000079150116,0.0,0.0,0.0,True
C,10,11,state,v,55732739,1.208259270055541,0.6206453282901467,1.3380369464156228,1.734586436878976,1.1074087984064183,0.9431790541367467,0.5016859809966502,0.7447998432911588,0.950892945846857,2.155880154776741,radam_beta2_per_parameter_group,0.999,0.999,1.2070510313921345,0.447993225940394,0.37077574080586256,0.7218184130614461,0.12267460074382042,-0.3794859777581483,0.4454792738802774,0.0,0.0,0.0,True
C,10,11,state,net_buffer,32,0.0,0.0,0.0,0.0,0.0,,,,,,not_declared_for_this_readout,,,,,,,,,,0.0,0.0,0.0,True
C,10,11,state,scaler,1,0.0,0.0,0.0,0.0,0.0,,,,,,not_declared_for_this_readout,,,,,,,,,,0.0,0.0,0.0,True
C,10,11,observable,residual,393216,0.18174083480926878,0.16442972478006454,0.17922775749747386,0.17579454290700156,0.9861721923175255,-0.044446487817140536,-0.4793967861486518,0.44659243995234843,0.571125099962388,1.089996092477821,not_declared_for_this_readout,,,,,,,,,,0.0,0.0,0.0,True
C,10,11,observable,feature,49152,0.03693532270979381,0.037746708863834015,0.03664298997510652,0.03830703205555792,0.9920852800722986,0.0064149935899312695,-0.46997502134750296,0.5358133420067186,0.49345978157776726,0.970759864317999,not_declared_for_this_readout,,,,,,,,,,0.0,0.0,0.0,True
D,10,11,state,theta,55732739,0.022561842505923566,0.0008006238914411045,0.025532037785068764,0.02576387155081792,1.1316468403839526,0.9966303343498735,0.2752022232451014,0.3038012916044631,0.9995536272249009,31.89017722055694,identity_parameter_carryover,1.0,1.0,0.02256184250592507,0.003564302252535665,0.15797921874509427,4.451905933159206,0.8091796497869334,0.2670883706198644,0.854647257446401,0.0,0.0,0.0,True
D,10,11,state,EMA,55732771,0.00013668853252109072,9.946190877684714e-06,0.00015908389439601514,0.00015925301288099278,1.163842287731554,0.9359949786962222,-0.014248455485877887,0.04822195166631955,0.9980481603623745,15.99445419380961,ema_transition_carryover_counterfactual_map,0.9993,1.0,0.0001365928509646906,5.7336461004679514e-05,0.41946796814014103,5.764665258266827,0.21467797568487687,-0.059475316429041,0.5447436277035789,0.0,0.0,0.0,True
D,10,11,state,m,55732739,9.01338767883628,4.336925561565078,9.229476719252496,9.117839937694999,1.023974231234234,0.9348087357149719,-0.26053501754086406,0.21192779165085082,0.8883195797846275,2.1281150871129615,radam_beta1_per_parameter_group,0.9,0.9,8.112048708283249,3.318189361508152,0.3681400911334776,0.7651017557033439,0.15543017554535563,-0.2678950900778057,0.4961328426748494,0.0,0.0,0.0,True
D,10,11,state,v,55732739,4.595001299724581,1.2264978027275462,4.347797715133031,5.4822213928212005,0.9462016290166518,0.9963705985013442,0.9045469445090253,0.9410938690017836,0.9954400167390778,3.5448883034801892,radam_beta2_per_parameter_group,0.999,0.999,4.590406353391455,0.4513660252288109,0.09822979272190092,0.3680120944571127,-0.5724589963779283,-0.543906153325852,-0.5005875456133825,0.0,0.0,0.0,True
D,10,11,state,net_buffer,32,0.0,0.0,0.0,0.0,0.0,,,,,,not_declared_for_this_readout,,,,,,,,,,0.0,0.0,0.0,True
D,10,11,state,scaler,1,0.0,0.0,0.0,0.0,0.0,,,,,,not_declared_for_this_readout,,,,,,,,,,0.0,0.0,0.0,True
D,10,11,observable,residual,393216,0.17002459930058833,0.16440978846946577,0.17877737025601012,0.18237373783027508,1.0514794388072497,-0.010203407360047035,-0.4377226822372188,0.47240836023149413,0.5856735620591667,1.0873888466148882,not_declared_for_this_readout,,,,,,,,,,0.0,0.0,0.0,True
D,10,11,observable,feature,49152,0.03663308417043001,0.03606724921169813,0.03730250264483701,0.03725976915416283,1.0182736040266944,-0.014643262527786294,-0.48462690333979536,0.48281171023026526,0.532030761258013,1.0342486177941799,not_declared_for_this_readout,,,,,,,,,,0.0,0.0,0.0,True
B,11,12,state,theta,55732739,0.029084623104726436,0.0011632306049344735,0.032432094395089935,0.03265701530441081,1.115094195249156,0.9971296250627699,0.17609598971380266,0.2105027756471307,0.9993851041042071,27.881053212932684,identity_parameter_carryover,1.0,1.0,0.029084623104723803,0.004076845749692316,0.14017186109005492,3.504761422540091,0.7982590510563666,0.1345095317360227,0.8415709777205891,0.0,0.0,0.0,True
B,11,12,state,EMA,55732771,0.00018024758388038832,1.187570924393327e-05,0.0002072227398586713,0.000207356691282511,1.1496561307372841,0.9539010746576984,-0.017371362930377013,0.03991174710222244,0.9983591140605728,17.44929381498048,ema_transition_carryover_counterfactual_map,0.9993,1.0,0.00018012141111974157,6.462035329221955e-05,0.35850884600539995,5.441388970114016,0.27156433276681796,-0.07332557120709643,0.5478882491215176,0.0,0.0,0.0,True
B,11,12,state,m,55732739,9.683212510006383,2.277751342985976,10.206798730116285,11.025787750566028,1.054071540779348,0.9317704829668202,0.2624057043865082,0.4494983637825814,0.9799294091376978,4.481085594152639,radam_beta1_per_parameter_group,0.9,0.9,8.714891042787926,3.7899835168101514,0.39139732943934463,1.6639145130924355,0.20989609479547,0.19771928900029634,0.5505355066108847,0.0,0.0,0.0,True
B,11,12,state,v,55732739,6.347998608913034,0.17657270106084866,6.358255024922974,6.4117430948361385,1.0016156928572004,0.9996044656154259,0.29031262316396295,0.31542973044576916,0.9996527019476438,36.00927542435825,radam_beta2_per_parameter_group,0.999,0.999,6.341650665823854,0.17936846492395764,0.0282559080388127,1.015833500004882,0.07855032163454759,0.4170676028046825,0.10655551935892472,0.0,0.0,0.0,True
B,11,12,state,net_buffer,32,0.0,0.0,0.0,0.0,0.0,,,,,,not_declared_for_this_readout,,,,,,,,,,0.0,0.0,0.0,True
B,11,12,state,scaler,1,0.0,0.0,0.0,0.0,0.0,,,,,,not_declared_for_this_readout,,,,,,,,,,0.0,0.0,0.0,True
B,11,12,observable,residual,393216,0.1789225414716425,0.15617822536730613,0.18342579024542302,0.1866279387677011,1.0251687056127259,-0.016818669797477787,-0.40504378115629,0.43874861537553783,0.6438841477960259,1.1744645568486578,not_declared_for_this_readout,,,,,,,,,,0.0,0.0,0.0,True
B,11,12,observable,feature,49152,0.037823342260645966,0.038141177953717506,0.03962449410003726,0.039683076087786685,1.047620113182471,0.03345598421159259,-0.4797457777009013,0.4821071373944845,0.53741864599973,1.0388901503807693,not_declared_for_this_readout,,,,,,,,,,0.0,0.0,0.0,True
C,11,12,state,theta,55732739,0.020778499766029638,0.0010907288427368356,0.022599890160826926,0.022618678887405194,1.087657454354575,0.9952717438996305,-0.00689828035119443,0.04132993218369587,0.9988366747654196,20.71998949264028,identity_parameter_carryover,1.0,1.0,0.02077849976602885,0.0027853480345831566,0.1340495255166048,2.5536576328120337,0.6155540725933191,-0.1610458886200267,0.6891908800044443,0.0,0.0,0.0,True
C,11,12,state,EMA,55732771,0.0001516007214674238,1.1269693520206635e-05,0.00017116418661047842,0.00017116840740301649,1.1290459897135676,0.951073414787896,-0.03254618067281552,0.03329442076684338,0.9978325072973281,15.188007225181403,ema_transition_carryover_counterfactual_map,0.9993,1.0,0.00015149460142427405,5.407651381906123e-05,0.35670353871423544,4.798401458043351,0.20887267368121085,-0.10198146371635142,0.5008033395541576,0.0,0.0,0.0,True
C,11,12,state,m,55732739,6.820875819393364,1.8122931450541826,6.444069972508286,6.443511825875616,0.9447569700926486,0.7860883229624978,-0.140925086629626,0.1403213108572535,0.9604502282731919,3.5557547574984762,radam_beta1_per_parameter_group,0.9,0.9,6.138788088975762,4.125211141194501,0.6047920018519541,2.276238340608615,-0.2601515157653189,-0.2530230963644911,0.3923290911894456,0.0,0.0,0.0,True
C,11,12,state,v,55732739,1.734586436878976,0.08741111908450097,1.6583657514635846,1.670151440256116,0.9560582950524307,0.9956343129524553,0.10895505601014989,0.16052343874841524,0.9986457483062596,18.972022882585797,radam_beta2_per_parameter_group,0.999,0.999,1.732851870466699,0.17504156955406872,0.10091256672629083,2.0025091931937715,-0.4668949501114158,-0.17510076595499374,-0.3823150702525979,0.0,0.0,0.0,True
C,11,12,state,net_buffer,32,0.0,0.0,0.0,0.0,0.0,,,,,,not_declared_for_this_readout,,,,,,,,,,0.0,0.0,0.0,True
C,11,12,state,scaler,1,0.0,0.0,0.0,0.0,0.0,,,,,,not_declared_for_this_readout,,,,,,,,,,0.0,0.0,0.0,True
C,11,12,observable,residual,393216,0.17579454290700156,0.1614343674316571,0.16955651699444302,0.16475520903334176,0.9645152471208475,-0.004291682438225967,-0.5053692970956823,0.45974697895502986,0.5339591064499651,1.0503123943928756,not_declared_for_this_readout,,,,,,,,,,0.0,0.0,0.0,True
C,11,12,observable,feature,49152,0.03830703205555792,0.03576034174469453,0.03862585540327151,0.03847488109116572,1.0083228412801908,0.03311035920897905,-0.46712037912157145,0.4604931067322122,0.5697605915410161,1.0801310479367023,not_declared_for_this_readout,,,,,,,,,,0.0,0.0,0.0,True
D,11,12,state,theta,55732739,0.02576387155081792,0.0006669691129201069,0.02883817298109236,0.02900969851639706,1.1193260657355217,0.9947763079857767,0.246372445659531,0.26790696615587195,0.9997517132495836,43.237643876541476,identity_parameter_carryover,1.0,1.0,0.02576387155081927,0.0041489224925615265,0.1610364530958784,6.220561660489526,0.7046792755489424,0.2236788173857095,0.773425863245641,0.0,0.0,0.0,True
D,11,12,state,EMA,55732771,0.00015925301288099278,9.156419033347888e-06,0.0001837633038452468,0.00018387378296339784,1.1539078634736422,0.9466435592377666,-0.012844239132921454,0.03696078421498884,0.9987595493487947,20.06934186563291,ema_transition_carryover_counterfactual_map,0.9993,1.0,0.0001591415362569055,6.10490205370217e-05,0.3833460945736873,6.667346733988447,0.24270351304759744,-0.05470813423300095,0.5424000786464294,0.0,0.0,0.0,True
D,11,12,state,m,55732739,9.117839937694999,1.6424988469329034,10.028408407540084,10.509037649002968,1.099866687292964,0.8247098039573725,0.2177406327215834,0.36407623291216623,0.988296692104922,6.105580181238172,radam_beta1_per_parameter_group,0.9,0.9,8.2060557440363,5.6719942935658585,0.622076537022402,3.453271400559809,0.01136654665250507,-0.030263940041227753,0.5748936995319284,0.0,0.0,0.0,True
D,11,12,state,v,55732739,5.4822213928212005,0.1533198403083652,5.432307275854159,5.4967368308535764,0.9908952752195666,0.998875470267329,0.40860993142167523,0.4317133267935806,0.9996758903290703,35.43120880460354,radam_beta2_per_parameter_group,0.999,0.999,5.476739276057959,0.2624628022935308,0.04787526505901745,1.711864568640636,-0.19256363496407652,-0.0021193043924529506,-0.14582349559355445,0.0,0.0,0.0,True
D,11,12,state,net_buffer,32,0.0,0.0,0.0,0.0,0.0,,,,,,not_declared_for_this_readout,,,,,,,,,,0.0,0.0,0.0,True
D,11,12,state,scaler,1,0.0,0.0,0.0,0.0,0.0,,,,,,not_declared_for_this_readout,,,,,,,,,,0.0,0.0,0.0,True
D,11,12,observable,residual,393216,0.18237373783027508,0.15767511179404792,0.16895405958933815,0.16897936585839182,0.9264166080018283,0.03943143724427237,-0.46646075009722676,0.46671186168448464,0.5645944295362884,1.0715328352519107,not_declared_for_this_readout,,,,,,,,,,0.0,0.0,0.0,True
D,11,12,observable,feature,49152,0.03725976915416283,0.038814097773623386,0.03797863868799106,0.03757953108504642,1.0192934510907434,0.028455659446957,-0.5212275797605933,0.5060889079387055,0.4722693427091866,0.978475370199122,not_declared_for_this_readout,,,,,,,,,,0.0,0.0,0.0,True
B,12,13,state,theta,55732739,0.03265701530441081,0.0011509739703179198,0.03566076623110361,0.03601432449486244,1.091978734084958,0.9968066414741653,0.2925667632148914,0.3216533721732674,0.9995329209986785,30.983121383060872,identity_parameter_carryover,1.0,1.0,0.03265701530440917,0.0040571326645470395,0.12423464381936535,3.524956053894413,0.7122945079083758,0.1479787713510586,0.7660672553561029,0.0,0.0,0.0,True
B,12,13,state,EMA,55732771,0.000207356691282511,1.2092425391124109e-05,0.00023637945471616706,0.00023665959738194652,1.1399654057660202,0.9617048623259175,-0.0023979020351325006,0.048701217880445555,0.9986937393595929,19.54772901800747,ema_transition_carryover_counterfactual_map,0.9993,1.0,0.00020721154222824243,6.783952413308902e-05,0.32716341929213055,5.61008415920296,0.2965193076351917,-0.058268404071438164,0.5469246357429438,0.0,0.0,0.0,True
B,12,13,state,m,55732739,11.025787750566028,3.9316684562129747,10.25961462784966,11.818275453476344,0.9305108043026643,0.8233974306641735,0.23494231193126086,0.5366337974918526,0.9462742638487046,2.6094811254079726,radam_beta1_per_parameter_group,0.9,0.9,9.923208726943104,6.006028854165589,0.5447256005682912,1.5276030827763794,-0.24566455449906505,0.1985018250816958,0.3477955404721915,0.0,0.0,0.0,True
B,12,13,state,v,55732739,6.4117430948361385,0.46170194194567643,6.666509051400995,7.08459966774996,1.0397342739402704,0.9987704208847785,0.899309363058137,0.911407313552992,0.9995938038633018,14.438988545959749,radam_beta2_per_parameter_group,0.999,0.999,6.405331414983591,0.41620040313361123,0.0649122082681087,0.9014482403510902,0.6078337123454308,0.674827892988663,0.6464517980530528,0.0,0.0,0.0,True
B,12,13,state,net_buffer,32,0.0,0.0,0.0,0.0,0.0,,,,,,not_declared_for_this_readout,,,,,,,,,,0.0,0.0,0.0,True
B,12,13,state,scaler,1,0.0,0.0,0.0,0.0,0.0,,,,,,not_declared_for_this_readout,,,,,,,,,,0.0,0.0,0.0,True
B,12,13,observable,residual,393216,0.1866279387677011,0.1777124386527746,0.21564325831206999,0.20602970352785197,1.1554714676481785,0.028692680396563544,-0.4649422259591827,0.37592046580603644,0.6456216711792357,1.213439306482125,not_declared_for_this_readout,,,,,,,,,,0.0,0.0,0.0,True
B,12,13,observable,feature,49152,0.039683076087786685,0.03574794417311202,0.0386633653374187,0.03747980128786722,0.9743036364390657,0.06347990056590404,-0.49489919944023764,0.44326477326698394,0.559547694061551,1.0815549322273903,not_declared_for_this_readout,,,,,,,,,,0.0,0.0,0.0,True
C,12,13,state,theta,55732739,0.022618678887405194,0.0010352622894281448,0.024493633900442027,0.024629981909823906,1.08289409926947,0.9955513543348936,0.11093711363405692,0.15235558639431027,0.9991271207905386,23.659351017191742,identity_parameter_carryover,1.0,1.0,0.022618678887406762,0.0029059726524414257,0.12847667482735098,2.8069916987381225,0.6077109890479082,-0.2403545841715122,0.6798334799051888,0.0,0.0,0.0,True
C,12,13,state,EMA,55732771,0.00017116840740301649,1.1307522440526847e-05,0.00019189785735620996,0.0001920459265156889,1.1211055840718662,0.9583817796817273,-0.01636254657101593,0.042529331190945346,0.9982655762188857,16.97081375389859,ema_transition_carryover_counterfactual_map,0.9993,1.0,0.00017104859003860088,5.627462172210234e-05,0.3287675720999354,4.976741989068328,0.22857230520488597,-0.08689052348068382,0.4969914388976828,0.0,0.0,0.0,True
C,12,13,state,m,55732739,6.443511825875616,3.0421601482448026,7.261339130988157,6.711930522428879,1.1269226048175065,0.7739459885399076,-0.38324248594710275,0.03863366694774575,0.9081521468013973,2.386902325039542,radam_beta1_per_parameter_group,0.9,0.9,5.799160491765773,4.601748201054012,0.7141677280042356,1.51265810371917,-0.03895828108729826,-0.5370098035679727,0.6026192682221698,0.0,0.0,0.0,True
C,12,13,state,v,55732739,1.670151440256116,0.22894847719278463,1.7597231156248059,1.6389356445911873,1.0536308703568547,0.9843086262837254,-0.5745209376207477,-0.47716900888073305,0.9934419494838044,7.686109718664091,radam_beta2_per_parameter_group,0.999,0.999,1.6684813138605197,0.31696507234784327,0.18978223453750817,1.384438438876118,0.20074555296749952,-0.22506765593206682,0.3704590059553926,0.0,0.0,0.0,True
C,12,13,state,net_buffer,32,0.0,0.0,0.0,0.0,0.0,,,,,,not_declared_for_this_readout,,,,,,,,,,0.0,0.0,0.0,True
C,12,13,state,scaler,1,0.0,0.0,0.0,0.0,0.0,,,,,,not_declared_for_this_readout,,,,,,,,,,0.0,0.0,0.0,True
C,12,13,observable,residual,393216,0.16475520903334176,0.17084288694765346,0.1923001633274374,0.20762163147147716,1.1671871527201385,-0.03600906516410506,-0.35095458888774583,0.49780103090185474,0.6374194597951085,1.1255965452419363,not_declared_for_this_readout,,,,,,,,,,0.0,0.0,0.0,True
C,12,13,observable,feature,49152,0.03847488109116572,0.03639616177784097,0.03687310596321844,0.03656613555727834,0.9583682890623652,0.01129184301556603,-0.5019316629413705,0.4892062590504937,0.5087964498802602,1.0131042440213531,not_declared_for_this_readout,,,,,,,,,,0.0,0.0,0.0,True
D,12,13,state,theta,55732739,0.02900969851639706,0.0006651159182770936,0.03213390959573433,0.032403442959700414,1.10769539978402,0.9962068686141234,0.39659311246821416,0.4138203201832092,0.999822458008812,48.313246928405405,identity_parameter_carryover,1.0,1.0,0.029009698516395895,0.00410275167622319,0.14142689810803116,6.168476146009101,0.7317827583130077,0.2797824503348776,0.7883120726070705,0.0,0.0,0.0,True
D,12,13,state,EMA,55732771,0.00018387378296339784,9.175426424344841e-06,0.0002104212517979173,0.00021061965630786737,1.144378760292347,0.9554809701724509,-0.00016885933468007466,0.04339526040439318,0.9990506400501428,22.933130523461436,ema_transition_carryover_counterfactual_map,0.9993,1.0,0.0001837450718745035,6.445288483866561e-05,0.3505278664522592,7.024511108023819,0.2685439136137596,-0.04011933880703592,0.5408032913699594,0.0,0.0,0.0,True
D,12,13,state,m,55732739,10.509037649002968,2.3765249867961735,10.518001818678988,11.691534424854558,1.0008529962471748,0.8999176492876242,0.40837541413377865,0.5706537818659366,0.9826354503082321,4.425790545908988,radam_beta1_per_parameter_group,0.9,0.9,9.458133644975193,4.5864843360795335,0.43643238222813585,1.9299121034122335,0.0015702281672944833,0.28408203582839536,0.4374724248321628,0.0,0.0,0.0,True
D,12,13,state,v,55732739,5.4967368308535764,0.36985044910019454,5.703398932989898,6.013870973497989,1.0375972342311008,0.9990014156715814,0.8298775986687373,0.8485339114103954,0.9994111217287708,15.42082467890911,radam_beta2_per_parameter_group,0.999,0.999,5.491240174602481,0.3279636115579774,0.05966514709547203,0.8867465548734003,0.6295315282491798,0.5471261945845689,0.6636169898803158,0.0,0.0,0.0,True
D,12,13,state,net_buffer,32,0.0,0.0,0.0,0.0,0.0,,,,,,not_declared_for_this_readout,,,,,,,,,,0.0,0.0,0.0,True
D,12,13,state,scaler,1,0.0,0.0,0.0,0.0,0.0,,,,,,not_declared_for_this_readout,,,,,,,,,,0.0,0.0,0.0,True
D,12,13,observable,residual,393216,0.16897936585839182,0.1745736547227404,0.19445251290135135,0.1994254617105912,1.1507470862703233,0.02189513364248182,-0.42003455174413934,0.46582256765945457,0.6073725243235386,1.1138708942662783,not_declared_for_this_readout,,,,,,,,,,0.0,0.0,0.0,True
D,12,13,observable,feature,49152,0.03757953108504642,0.035934662376320245,0.04125307453424771,0.03798340999873916,1.0977538394741455,0.0058853336115863904,-0.5229225163408313,0.3781256299671969,0.5913642419495708,1.1480022854321326,not_declared_for_this_readout,,,,,,,,,,0.0,0.0,0.0,True
B,13,14,state,theta,55732739,0.03601432449486244,0.0010330315895277786,0.03918657260161253,0.03934641127572913,1.08808295452557,0.9978430667869613,0.14186239231646172,0.16754088395201638,0.9996622222699141,37.93356660034527,identity_parameter_carryover,1.0,1.0,0.03601432449487064,0.0040188583678049,0.11159055248636424,3.890353798030522,0.7683090579971882,0.06579717680534808,0.8086696026475904,0.0,0.0,0.0,True
B,13,14,state,EMA,55732771,0.00023665959738194652,1.151737476961313e-05,0.00026814761819162473,0.00026824902535318377,1.1330519495427835,0.9677926790775822,-0.012669433992921678,0.030270738951927383,0.9990779993304777,23.282008578820594,ema_transition_carryover_counterfactual_map,0.9993,1.0,0.00023649393638247346,7.132200566279801e-05,0.30136958928266466,6.192557513277284,0.3227245953274928,-0.0650772004914142,0.550608715356565,0.0,0.0,0.0,True
B,13,14,state,m,55732739,11.818275453476344,3.4442384839781908,11.374296935925836,11.018801805959676,0.9624328846202419,0.9720706165205045,-0.2530059464943582,0.0514097387331179,0.9531784220543844,3.3024127071445437,radam_beta1_per_parameter_group,0.9,0.9,10.636447635702403,2.7022829767110217,0.22865290180016454,0.7845806814137359,0.15548786078714782,-0.6662716984587573,0.3829794044282476,0.0,0.0,0.0,True
B,13,14,state,v,55732739,7.08459966774996,0.6243618371649706,6.66701296450017,7.2506225264759925,0.9410571206795636,0.9997141575885576,0.928816674104414,0.940166809149308,0.9994908193152997,10.67812375396447,radam_beta2_per_parameter_group,0.999,0.999,7.077515163810627,0.44213969909604134,0.06240856503278796,0.7081465790793007,-0.9327547723412238,-0.9657947150009736,-0.9238689624379826,0.0,0.0,0.0,True
B,13,14,state,net_buffer,32,0.0,0.0,0.0,0.0,0.0,,,,,,not_declared_for_this_readout,,,,,,,,,,0.0,0.0,0.0,True
B,13,14,state,scaler,1,0.0,0.0,0.0,0.0,0.0,,,,,,not_declared_for_this_readout,,,,,,,,,,0.0,0.0,0.0,True
B,13,14,observable,residual,393216,0.20602970352785197,0.1685404415299805,0.1831051713119282,0.20793860338632286,0.888731906985321,-0.0039792615300842556,-0.302892772816885,0.5438105605822183,0.63506961908265,1.086416824648919,not_declared_for_this_readout,,,,,,,,,,0.0,0.0,0.0,True
B,13,14,observable,feature,49152,0.03747980128786722,0.03822327759885009,0.03868535645652062,0.03917684549663327,1.0321654631889323,-0.023296605054109108,-0.48108767785177187,0.5006076687823154,0.5180766429586681,1.0120889386441425,not_declared_for_this_readout,,,,,,,,,,0.0,0.0,0.0,True
C,13,14,state,theta,55732739,0.024629981909823906,0.0009114807097701791,0.026566933333662217,0.026550010502729912,1.0786420156916858,0.996937781053277,-0.035714814854276626,-0.0014068693300003257,0.9994112795601816,29.147005579921494,identity_parameter_carryover,1.0,1.0,0.024629981909831348,0.002785545623050273,0.1130957234661724,3.0560664566917946,0.6661523120875221,-0.09395366496556315,0.722434342643647,0.0,0.0,0.0,True
C,13,14,state,EMA,55732771,0.0001920459265156889,1.0623930879483724e-05,0.00021422092872741674,0.0002142035319735097,1.1154671833662468,0.9642862313678744,-0.026434108718356632,0.0231611099688562,0.9987701538459699,20.163998726790187,ema_transition_carryover_counterfactual_map,0.9993,1.0,0.00019191149495156645,5.860205698132674e-05,0.3051460556573655,5.51604275725244,0.25014134052992953,-0.090553603770115,0.49765004859472034,0.0,0.0,0.0,True
C,13,14,state,m,55732739,6.711930522428879,2.089365547950168,6.5621518350980965,6.88292764672399,0.9776847083219535,0.8875259253520873,-0.001917917375558428,0.3017291463049226,0.9528132418668118,3.1407389872662943,radam_beta1_per_parameter_group,0.9,0.9,6.040737320733469,3.0313150138282254,0.45163086889809884,1.450830380926968,-0.07147308676227512,-0.16809078852493956,0.39614518768805357,0.0,0.0,0.0,True
C,13,14,state,v,55732739,1.6389356445911873,0.24488190733452272,1.9574314526509091,2.119107767894158,1.1943308812099005,0.9890896218898546,0.6249355958422758,0.6928154012555435,0.9959223902139044,7.993369024102485,radam_beta2_per_parameter_group,0.999,0.999,1.6372967151845237,0.4152342766784167,0.2533560594943262,1.6956511046411562,0.7195418032039448,0.5814987175723254,0.8139941286649445,0.0,0.0,0.0,True
C,13,14,state,net_buffer,32,0.0,0.0,0.0,0.0,0.0,,,,,,not_declared_for_this_readout,,,,,,,,,,0.0,0.0,0.0,True
C,13,14,state,scaler,1,0.0,0.0,0.0,0.0,0.0,,,,,,not_declared_for_this_readout,,,,,,,,,,0.0,0.0,0.0,True
C,13,14,observable,residual,393216,0.20762163147147716,0.17414552327268967,0.17545078531505487,0.2040119219931042,0.8450506051396581,0.034654151887058594,-0.3189238220541196,0.5793293209678723,0.5877677552754353,1.0074952374188875,not_declared_for_this_readout,,,,,,,,,,0.0,0.0,0.0,True
C,13,14,observable,feature,49152,0.03656613555727834,0.03686133970831875,0.03633843657807482,0.038394587449284444,0.9937729547918224,-0.02649876394245417,-0.4498360871780602,0.5343200942311936,0.5145745030244274,0.985814321064247,not_declared_for_this_readout,,,,,,,,,,0.0,0.0,0.0,True
D,13,14,state,theta,55732739,0.032403442959700414,0.0006115921037133118,0.0356404266042208,0.03580293136531172,1.099896287210781,0.9974231923306022,0.25773347098967775,0.2736458325159458,0.9998637819534602,58.27483119521685,identity_parameter_carryover,1.0,1.0,0.03240344295969377,0.004053372904461059,0.12509080931622504,6.627575601206759,0.7759328327406411,0.1687766615219753,0.8191896386355053,0.0,0.0,0.0,True
D,13,14,state,EMA,55732771,0.00021061965630786737,8.818601005860585e-06,0.00023953763916670953,0.00023964983058437445,1.1372995444289022,0.962428981250793,-0.00568243500557462,0.031118085590640145,0.9993227512645215,27.162770943772124,ema_transition_carryover_counterfactual_map,0.9993,1.0,0.0002104722231886325,6.806732571740999e-05,0.32317651120802554,7.718608163831704,0.2947925841704043,-0.044618814838597164,0.5431838467606616,0.0,0.0,0.0,True
D,13,14,state,m,55732739,11.691534424854558,3.3738372600671536,10.624491802099003,10.303323419035587,0.9087337398171473,0.9778382244612535,-0.2525313952664235,0.06704822251916435,0.948479589930909,3.149082478829323,radam_beta1_per_parameter_group,0.9,0.9,10.522380704335012,2.2283571771370547,0.1905957846217243,0.6604815245572043,-0.059840723083136586,0.061604780777239056,0.1504721679641229,0.0,0.0,0.0,True
D,13,14,state,v,55732739,6.013870973497989,0.7541443441925957,5.989728885956639,6.685105628394927,0.9959855993506114,0.99890323964002,0.9126446880844952,0.9305221100179897,0.9989363051150987,7.942417034724806,radam_beta2_per_parameter_group,0.999,0.999,6.0078571680899735,0.28153760263096117,0.04681470618036952,0.3733205782142168,-0.08772391009825348,-0.09668498567555418,-0.040986011819180684,0.0,0.0,0.0,True
D,13,14,state,net_buffer,32,0.0,0.0,0.0,0.0,0.0,,,,,,not_declared_for_this_readout,,,,,,,,,,0.0,0.0,0.0,True
D,13,14,state,scaler,1,0.0,0.0,0.0,0.0,0.0,,,,,,not_declared_for_this_readout,,,,,,,,,,0.0,0.0,0.0,True
D,13,14,observable,residual,393216,0.1994254617105912,0.1782202765266823,0.1904359138502827,0.1971264263500299,0.9549227677188269,0.09565110462194838,-0.4297270267827426,0.4889492457190847,0.5775473457014558,1.0685423542240522,not_declared_for_this_readout,,,,,,,,,,0.0,0.0,0.0,True
D,13,14,observable,feature,49152,0.03798340999873916,0.03502622953078323,0.037430499550551694,0.03670166275767233,0.9854433699289817,-0.003713615311605374,-0.48848927082268945,0.4561600440106878,0.553668708732912,1.0686419877896205,not_declared_for_this_readout,,,,,,,,,,0.0,0.0,0.0,True
B,14,15,state,theta,55732739,0.03934641127572913,0.0011498633781806852,0.04269583969691235,0.04289067637926042,1.0851266560935207,0.9977330015650357,0.15636419367826532,0.18246305692649467,0.999649359169679,37.13122837642307,identity_parameter_carryover,1.0,1.0,0.03934641127572766,0.0043399837963786795,0.11030189680998435,3.774347351809226,0.7494583325694255,-0.0550935699173202,0.7923132516848461,0.0,0.0,0.0,True
B,14,15,state,EMA,55732771,0.00026824902535318377,1.2098329606216139e-05,0.00030197478332715465,0.00030210043675514016,1.1257255564286455,0.972790999013621,-0.009643844237233029,0.030407542375327508,0.9991978567232751,24.96003937369995,ema_transition_carryover_counterfactual_map,0.9993,1.0,0.00026806125184909756,7.453282369464169e-05,0.27784937371723833,6.160587958882077,0.344775603912804,-0.06481883148303104,0.5528733288453535,0.0,0.0,0.0,True
B,14,15,state,m,55732739,11.018801805959676,4.916088041668589,11.445163278686191,12.894235550593173,1.038693995974763,0.8981185198623832,0.09865406040605053,0.46882964464249366,0.9252316881059004,2.3281038056433063,radam_beta1_per_parameter_group,0.9,0.9,9.916921370435759,5.0460657089661725,0.45795049206139055,1.0264392472624366,0.07177705442036209,-0.2533619546309126,0.5030835273499824,0.0,0.0,0.0,True
B,14,15,state,v,55732739,7.2506225264759925,1.5598427760942362,7.194023098170536,8.68505550663595,0.9921938525831705,0.9987761974408879,0.9465323805470383,0.963634438320094,0.9983200208313361,4.612018088248605,radam_beta2_per_parameter_group,0.999,0.999,7.243371953033052,0.3605239636795076,0.049723173749983154,0.23112839909560665,-0.16130111892385127,-0.24390233013005208,-0.1122932226310585,0.0,0.0,0.0,True
B,14,15,state,net_buffer,32,0.0,0.0,0.0,0.0,0.0,,,,,,not_declared_for_this_readout,,,,,,,,,,0.0,0.0,0.0,True
B,14,15,state,scaler,1,0.0,0.0,0.0,0.0,0.0,,,,,,not_declared_for_this_readout,,,,,,,,,,0.0,0.0,0.0,True
B,14,15,observable,residual,393216,0.20793860338632286,0.1771890592540239,0.18983559346034812,0.1856881285340989,0.9129406005851558,0.060469474005715444,-0.4898421337401154,0.4534462582949876,0.5549139162174892,1.0713731099401218,not_declared_for_this_readout,,,,,,,,,,0.0,0.0,0.0,True
B,14,15,observable,feature,49152,0.03917684549663327,0.0368136508993596,0.038689619926199674,0.037982984635466996,0.9875634302798711,-0.0331914265592372,-0.4947758069719041,0.4652336605069591,0.5390602210803683,1.0509585162299866,not_declared_for_this_readout,,,,,,,,,,0.0,0.0,0.0,True
C,14,15,state,theta,55732739,0.026550010502729912,0.0009633900813131493,0.02871667999493054,0.028608616845440134,1.0816071049003106,0.9960736755343462,-0.12873267087564075,-0.0955441099401144,0.9994422439624271,29.807946492233192,identity_parameter_carryover,1.0,1.0,0.026550010502730998,0.003268262126677929,0.12309833648999428,3.3924598042603082,0.6284436221310111,-0.3247104510636913,0.6948382228778551,0.0,0.0,0.0,True
C,14,15,state,EMA,55732771,0.0002142035319735097,1.1003307761191345e-05,0.00023775712734615698,0.00023769437349960913,1.1099589495824005,0.9689704599354433,-0.02884223384221433,0.017441982473460467,0.9989288508382009,21.60778672252776,ema_transition_carryover_counterfactual_map,0.9993,1.0,0.00021405359015214283,6.099357311850181e-05,0.28474587956861896,5.543203411398351,0.2676682484837148,-0.09816797134630054,0.4975199860288841,0.0,0.0,0.0,True
C,14,15,state,m,55732739,6.88292764672399,2.1860429379116137,7.520937234005464,7.402494922695156,1.0926945073416747,0.9008129365545564,-0.19908500093746684,0.09304121770045692,0.9572082044849498,3.440434359075499,radam_beta1_per_parameter_group,0.9,0.9,6.194634720983858,3.316808948647295,0.4818892655694222,1.5172661484023424,0.1749642030662592,-0.4374187476071685,0.5851196649505357,0.0,0.0,0.0,True
C,14,15,state,v,55732739,2.119107767894158,0.2258113727326345,2.4337852309160137,2.528514443435965,1.1484952619160862,0.9925191670834752,0.381279087528708,0.4563006502938163,0.9965861146677427,10.777956847185317,radam_beta2_per_parameter_group,0.999,0.999,2.116988703923028,0.4212445459146166,0.19878391854191732,1.865470905282433,0.7088276613231704,-0.01572292404312454,0.7896443262087941,0.0,0.0,0.0,True
C,14,15,state,net_buffer,32,0.0,0.0,0.0,0.0,0.0,,,,,,not_declared_for_this_readout,,,,,,,,,,0.0,0.0,0.0,True
C,14,15,state,scaler,1,0.0,0.0,0.0,0.0,0.0,,,,,,not_declared_for_this_readout,,,,,,,,,,0.0,0.0,0.0,True
C,14,15,observable,residual,393216,0.2040119219931042,0.16703525374453024,0.1675991171013204,0.1817475679013727,0.8215162891656175,-0.038036628970252784,-0.41003917750811153,0.5409318581394708,0.545306438955137,1.0033757146719011,not_declared_for_this_readout,,,,,,,,,,0.0,0.0,0.0,True
C,14,15,observable,feature,49152,0.038394587449284444,0.034793555112538434,0.03637691094903121,0.037581054057225886,0.9474489339697063,0.0023932476359275626,-0.44305578097480675,0.49696728554034214,0.5577657610091746,1.045507158764647,not_declared_for_this_readout,,,,,,,,,,0.0,0.0,0.0,True
D,14,15,state,theta,55732739,0.03580293136531172,0.0007570872236192952,0.038801974820950574,0.03903141985338762,1.0837653047187228,0.998032488477551,0.2942031356648728,0.3118705374197629,0.9998281487759961,51.25165715445005,identity_parameter_carryover,1.0,1.0,0.035802931365298205,0.003802747932761899,0.10621331236710567,5.022866341057326,0.7685758232667455,0.2828017315081872,0.8071758081060666,0.0,0.0,0.0,True
D,14,15,state,EMA,55732771,0.00023964983058437445,9.677630925774954e-06,0.00027059488331129984,0.00027072857480630225,1.1291261197701137,0.9684003446246533,-0.004064241114714557,0.031684383821423266,0.9993608959799395,27.96085998595069,ema_transition_carryover_counterfactual_map,0.9993,1.0,0.00023948207643072057,7.11581896695442e-05,0.2969256831771106,7.352852182038145,0.31706964337326987,-0.04440299693518754,0.5435826592022189,0.0,0.0,0.0,True
D,14,15,state,m,55732739,10.303323419035587,4.775143934417202,9.281415488963445,11.503699691855097,0.9008176402398329,0.9691485504715478,0.2638581166535952,0.6279823829484579,0.9163465890640524,1.9436933454648262,radam_beta1_per_parameter_group,0.9,0.9,9.27299083685022,2.3044787621327694,0.22366363438375628,0.4825988061894991,-0.12060014349618767,0.19040752096553865,0.12779890468646932,0.0,0.0,0.0,True
D,14,15,state,v,55732739,6.685105628394927,1.607028852675869,6.778084596235905,8.327921301607988,1.0139083767720962,0.9997607693342804,0.9561235922218855,0.9711565650423668,0.9984007406572338,4.217774052376032,radam_beta2_per_parameter_group,0.999,0.999,6.6784205973563235,0.1777396406109768,0.026587409457829544,0.11060139979131174,0.5516072433380687,0.5683483481923444,0.5697191801562012,0.0,0.0,0.0,True
D,14,15,state,net_buffer,32,0.0,0.0,0.0,0.0,0.0,,,,,,not_declared_for_this_readout,,,,,,,,,,0.0,0.0,0.0,True
D,14,15,state,scaler,1,0.0,0.0,0.0,0.0,0.0,,,,,,not_declared_for_this_readout,,,,,,,,,,0.0,0.0,0.0,True
D,14,15,observable,residual,393216,0.1971264263500299,0.16241525853742564,0.20365046482900986,0.19957616639670242,1.0330957071549376,0.07150943916123816,-0.42359460356059053,0.3815586900887051,0.6756930960814687,1.253887514405442,not_declared_for_this_readout,,,,,,,,,,0.0,0.0,0.0,True
D,14,15,observable,feature,49152,0.03670166275767233,0.03752723766237817,0.038795978440320476,0.037091385199509254,1.0570632370657467,0.015436868801348006,-0.5280735005723232,0.45940882033964064,0.5116778081771403,1.033808531002383,not_declared_for_this_readout,,,,,,,,,,0.0,0.0,0.0,True
B,15,16,state,theta,55732739,0.04289067637926042,0.0013625094095550529,0.0462938303111395,0.04609506400149982,1.079344841797008,0.9983422890985185,-0.16028522878857984,-0.13141771043356243,0.9995742749636537,33.976888516503834,identity_parameter_carryover,1.0,1.0,0.042890676379254825,0.0042619797044755586,0.09936844238102104,3.1280368961762766,0.7804852147027806,-0.23602152540454244,0.8151738193502646,0.0,0.0,0.0,True
B,15,16,state,EMA,55732771,0.00030210043675514016,1.3026548346639588e-05,0.0003382426984618183,0.00033809944436270133,1.1196365754875501,0.9768946066121085,-0.03025097442495177,0.0082649562802793,0.9992581718605438,25.965642583215345,ema_transition_carryover_counterfactual_map,0.9993,1.0,0.000301888967363686,7.771909392955617e-05,0.25726243485225214,5.966207767509271,0.36720063303178774,-0.09218611359597587,0.5575077147470436,0.0,0.0,0.0,True
B,15,16,state,m,55732739,12.894235550593173,3.367517424003971,12.238318504606752,11.916380852228057,0.949130986213739,0.9725497216555791,-0.23192434904889556,0.04440554375794882,0.961475582243714,3.6342257407106207,radam_beta1_per_parameter_group,0.9,0.9,11.604811709996438,2.8633011692815358,0.22206056016634623,0.8502706322680513,0.10392254520185393,-0.3055468311240549,0.3325050526764466,0.0,0.0,0.0,True
B,15,16,state,v,55732739,8.68505550663595,0.21109129369783303,8.674933658603997,8.730470605763514,0.9988345672604835,0.9998574984958393,0.251769874335903,0.2743469807017796,0.9997261867338249,41.095648743437735,radam_beta2_per_parameter_group,0.999,0.999,8.67637058828926,0.14646970846423435,0.016864567918111972,0.6938690170419755,-0.018250331813536396,-0.1653227354092274,-0.001369112060710549,0.0,0.0,0.0,True
B,15,16,state,net_buffer,32,0.0,0.0,0.0,0.0,0.0,,,,,,not_declared_for_this_readout,,,,,,,,,,0.0,0.0,0.0,True
B,15,16,state,scaler,1,0.0,0.0,0.0,0.0,0.0,,,,,,not_declared_for_this_readout,,,,,,,,,,0.0,0.0,0.0,True
B,15,16,observable,residual,393216,0.1856881285340989,0.15771687950137672,0.18397595958813023,0.18038145535170957,0.9907793300547253,0.03199930378280523,-0.45120270285097425,0.41415803597962686,0.6254172694855046,1.166495052208564,not_declared_for_this_readout,,,,,,,,,,0.0,0.0,0.0,True
B,15,16,observable,feature,49152,0.037982984635466996,0.03742433673579407,0.03765834416603295,0.03722848655160986,0.9914530026392157,0.04892196611517575,-0.508313510435967,0.4910780240880212,0.5005588437845834,1.00625281436224,not_declared_for_this_readout,,,,,,,,,,0.0,0.0,0.0,True
C,15,16,state,theta,55732739,0.028608616845440134,0.0012482883581617446,0.03091978926480431,0.0310070954557816,1.0807858846112846,0.9964115073300347,0.04985355398783367,0.08997133399822937,0.9991913276766913,24.769748962761646,identity_parameter_carryover,1.0,1.0,0.028608616845453884,0.0034190760634639277,0.11951210650748,2.739011415999209,0.6435121481291936,-0.15537825042784065,0.7059902109206808,0.0,0.0,0.0,True
C,15,16,state,EMA,55732771,0.00023769437349960913,1.2349754713730445e-05,0.000262676700565421,0.00026276158395302745,1.1051027279190222,0.973055729138709,-0.01663312249379866,0.030372099516592903,0.9988952023878034,21.2697909111812,ema_transition_carryover_counterfactual_map,0.9993,1.0,0.00023752798815978134,6.320387010171596e-05,0.26590393862149997,5.117823921753358,0.2859173055000016,-0.09011937153801658,0.4991582130205327,0.0,0.0,0.0,True
C,15,16,state,m,55732739,7.402494922695156,2.9714938657167327,9.221641161919493,9.601494071638554,1.2457477186032313,0.8336642212217829,-0.03065013560359131,0.28004488609316724,0.9509524667583165,3.1033687359456175,radam_beta1_per_parameter_group,0.9,0.9,6.662245264131571,5.195074112195682,0.7018004289699966,1.7483038319995372,0.1973998852296171,-0.03133378027259807,0.7059698426654698,0.0,0.0,0.0,True
C,15,16,state,v,55732739,2.528514443435965,0.1467947706339164,2.6033780518768532,2.6210536456006137,1.0296077440392852,0.9976507717617217,0.09262586916732159,0.14800724361795478,0.9984439080400274,17.734814671084422,radam_beta2_per_parameter_group,0.999,0.999,2.525985940337349,0.19205999802086465,0.07595764323967114,1.3083572200254514,0.3711141468270724,-0.07347890729709057,0.4338552023669958,0.0,0.0,0.0,True
C,15,16,state,net_buffer,32,0.0,0.0,0.0,0.0,0.0,,,,,,not_declared_for_this_readout,,,,,,,,,,0.0,0.0,0.0,True
C,15,16,state,scaler,1,0.0,0.0,0.0,0.0,0.0,,,,,,not_declared_for_this_readout,,,,,,,,,,0.0,0.0,0.0,True
C,15,16,observable,residual,393216,0.1817475679013727,0.16859918466915297,0.17748648832295502,0.1779355875029476,0.9765549568138926,0.009268229738533557,-0.47229635686849103,0.4764250031738873,0.5499614158471533,1.0527126134758116,not_declared_for_this_readout,,,,,,,,,,0.0,0.0,0.0,True
C,15,16,observable,feature,49152,0.037581054057225886,0.03825073303439318,0.041513438090055824,0.036784776087553615,1.104637406573056,-0.07879681213497136,-0.5772850701240086,0.3883575363211268,0.5282582376402266,1.085297843906128,not_declared_for_this_readout,,,,,,,,,,0.0,0.0,0.0,True
D,15,16,state,theta,55732739,0.03903141985338762,0.0006599561740724531,0.04196076288241195,0.04213209185007111,1.0750508959199465,0.9983697930578678,0.2522726124557779,0.266910731303672,0.9998851208352816,63.58113543128289,identity_parameter_carryover,1.0,1.0,0.039031419853396865,0.003731074619538286,0.09559156785874542,5.653518773094577,0.7667866751003274,0.22755562532194898,0.8021743400542365,0.0,0.0,0.0,True
D,15,16,state,EMA,55732771,0.00027072857480630225,9.12541949835536e-06,0.00030372220843339763,0.00030381367306555885,1.1218697865591074,0.9733134337128142,-0.004998071409464716,0.025039670318996267,0.9995488217199956,33.28309547721465,ema_transition_carryover_counterfactual_map,0.9993,1.0,0.0002705390656242923,7.407241784378855e-05,0.27360398841084665,8.11715207801004,0.33855840933590076,-0.044143331248277656,0.545451366292625,0.0,0.0,0.0,True
D,15,16,state,m,55732739,11.503699691855097,1.642975372581386,9.739827307828039,10.391200807238791,0.8466691211284033,0.9446906962470282,0.32537361810041016,0.46308971529549925,0.9887604271969501,5.928163909435331,radam_beta1_per_parameter_group,0.9,0.9,10.353329466446175,3.39575111754462,0.2951877403361716,2.0668301997791563,-0.3393079132729313,0.20853610987916268,-0.012034660049521577,0.0,0.0,0.0,True
D,15,16,state,v,55732739,8.327921301607988,0.17977810304680286,8.316129835233577,8.386745935816439,0.9985841044905005,0.9998121809407796,0.38365459851060973,0.40186021872347905,0.99980404740408,46.257746045237674,radam_beta2_per_parameter_group,0.999,0.999,8.319593482232435,0.16124890576560896,0.01936244351090042,0.8969329580901737,-0.0311665661047609,0.12453663177546974,-0.01178965157067968,0.0,0.0,0.0,True
D,15,16,state,net_buffer,32,0.0,0.0,0.0,0.0,0.0,,,,,,not_declared_for_this_readout,,,,,,,,,,0.0,0.0,0.0,True
D,15,16,state,scaler,1,0.0,0.0,0.0,0.0,0.0,,,,,,not_declared_for_this_readout,,,,,,,,,,0.0,0.0,0.0,True
D,15,16,observable,residual,393216,0.19957616639670242,0.16004866413740748,0.17727635336374611,0.18278280453965232,0.888264147790922,-0.061824366383364776,-0.416470888549389,0.47169767391608663,0.6052032316601181,1.1076403187692216,not_declared_for_this_readout,,,,,,,,,,0.0,0.0,0.0,True
D,15,16,observable,feature,49152,0.037091385199509254,0.036799110616750424,0.03853863766021294,0.039093684340598935,1.0390185605881022,-0.03238835034963664,-0.4622396178599015,0.4856289651916071,0.5506933202707737,1.047270899060009,not_declared_for_this_readout,,,,,,,,,,0.0,0.0,0.0,True
B,16,17,state,theta,55732739,0.04609506400149982,0.0012507126776418825,0.04914621707981065,0.049262250742304454,1.066192620498619,0.9986537015719905,0.08015915047590674,0.10535920729677171,0.9996797223730787,39.29457017455989,identity_parameter_carryover,1.0,1.0,0.04609506400149093,0.003925473054072987,0.08516037756114758,3.1385890014916527,0.7604147480837952,0.07355814803265379,0.7930791391609714,0.0,0.0,0.0,True
B,16,17,state,EMA,55732771,0.00033809944436270133,1.2424018486492612e-05,0.0003760540159190583,0.0003760756672119335,1.1122586037604978,0.980416444911402,-0.014776181465271656,0.018260623340617278,0.9994542831072242,30.268307820686527,ema_transition_carryover_counterfactual_map,0.9993,1.0,0.0003378627757720449,8.021804312427274e-05,0.23726168280305607,6.4566905797416325,0.38428718040675003,-0.06750288952212058,0.5585750123544947,0.0,0.0,0.0,True
B,16,17,state,m,55732739,11.916380852228057,5.226876223877599,9.519990186902627,11.486308704254325,0.7988994565512425,0.8172656700920189,0.14052343979952622,0.5715202473504354,0.8927575496460569,1.8213536688343746,radam_beta1_per_parameter_group,0.9,0.9,10.724742489900104,6.226200669312326,0.522490909490207,1.1911896135725537,-0.4729017721905326,-0.6480588376015176,0.12126598027738836,0.0,0.0,0.0,True
B,16,17,state,v,55732739,8.730470605763514,0.5922346923322168,8.301726510232658,8.811604456404718,0.9508910670579641,0.9993819795665514,0.8517083409331975,0.8696355406277738,0.9993796000547064,14.017629527139835,radam_beta2_per_parameter_group,0.999,0.999,8.721740205448338,0.5156623560226422,0.05906466894032289,0.8707060945585049,-0.8244626098191168,-0.8378534229295671,-0.8040600144534527,0.0,0.0,0.0,True
B,16,17,state,net_buffer,32,0.0,0.0,0.0,0.0,0.0,,,,,,not_declared_for_this_readout,,,,,,,,,,0.0,0.0,0.0,True
B,16,17,state,scaler,1,0.0,0.0,0.0,0.0,0.0,,,,,,not_declared_for_this_readout,,,,,,,,,,0.0,0.0,0.0,True
B,16,17,observable,residual,393216,0.18038145535170957,0.15677467424223288,0.17173118703912996,0.17940099248230953,0.952044580770716,0.0015912682525130828,-0.4064387504800349,0.48481596428276386,0.6020696030645049,1.0954013323209828,not_declared_for_this_readout,,,,,,,,,,0.0,0.0,0.0,True
B,16,17,observable,feature,49152,0.03722848655160986,0.03450496188244141,0.037760392698798856,0.03721255239657421,1.0142876113551276,0.023563340794010918,-0.47265554849017916,0.4476259135000791,0.5764568575144446,1.094346744316041,not_declared_for_this_readout,,,,,,,,,,0.0,0.0,0.0,True
C,16,17,state,theta,55732739,0.0310070954557816,0.00114194362256169,0.03367885169123765,0.03351844312647685,1.0861659628605387,0.9948023406015417,-0.1570886778479837,-0.12377134121053757,0.9994338087538035,29.492569533062266,identity_parameter_carryover,1.0,1.0,0.03100709545578335,0.004241926439617549,0.13680502405221567,3.714654870703472,0.5885781073698202,-0.3357126149087456,0.667838209100052,0.0,0.0,0.0,True
C,16,17,state,EMA,55732771,0.00026276158395302745,1.1719047865468615e-05,0.0002896311861606574,0.0002895114186260275,1.1022584877263994,0.9761859255135349,-0.030448774269970013,0.010017336346464826,0.9991811614560493,24.71456636115342,ema_transition_carryover_counterfactual_map,0.9993,1.0,0.00026257765164145423,6.598520053527762e-05,0.2511219469093833,5.630593994731417,0.3054660092696728,-0.10055842852066163,0.504758309498632,0.0,0.0,0.0,True
C,16,17,state,m,55732739,9.601494071638554,4.442929065080073,14.557281385127233,12.1196376767055,1.516147515846244,0.8424165980635578,-0.6553217045941355,-0.4205384288240079,0.9608978294121594,3.276505470128381,radam_beta1_per_parameter_group,0.9,0.9,8.641344434265239,8.639708036952737,0.8998295444948723,1.9445973389172322,0.41922146116005593,-0.7073399080280112,0.8423513123338084,0.0,0.0,0.0,True
C,16,17,state,v,55732739,2.6210536456006137,0.3951574436649975,3.0071373509571457,2.7229272307344794,1.147300955096652,0.9903406901528984,-0.7509478667939284,-0.6842070232960581,0.9953974094482408,7.60997268093096,radam_beta2_per_parameter_group,0.999,0.999,2.618432625132318,0.5506413646815103,0.21008397352177466,1.3934733446355811,0.6531617082693494,-0.731319389822854,0.7518450373029739,0.0,0.0,0.0,True
C,16,17,state,net_buffer,32,0.0,0.0,0.0,0.0,0.0,,,,,,not_declared_for_this_readout,,,,,,,,,,0.0,0.0,0.0,True
C,16,17,state,scaler,1,0.0,0.0,0.0,0.0,0.0,,,,,,not_declared_for_this_readout,,,,,,,,,,0.0,0.0,0.0,True
C,16,17,observable,residual,393216,0.1779355875029476,0.15384689824521824,0.17625551220380267,0.17035094418809066,0.9905579579514013,-0.08165254537989615,-0.47416810080546534,0.4125140433002622,0.6064317467708995,1.1456552859640179,not_declared_for_this_readout,,,,,,,,,,0.0,0.0,0.0,True
C,16,17,observable,feature,49152,0.036784776087553615,0.035552491416645245,0.037769455776912556,0.03689511506822366,1.0267686742747937,-0.036527843775635796,-0.4949596551159731,0.45692050506452747,0.5467500738109895,1.0623574965334035,not_declared_for_this_readout,,,,,,,,,,0.0,0.0,0.0,True
D,16,17,state,theta,55732739,0.04213209185007111,0.0006822609167159418,0.04501481692903498,0.045282958138431834,1.0684211239551593,0.9984963573520829,0.38661094089054177,0.3993882552543852,0.9999034587263693,65.97888846647334,identity_parameter_carryover,1.0,1.0,0.04213209185006551,0.0037434778144395126,0.08885098389514677,5.486871258079265,0.7519849241762562,0.3186974273951274,0.7869892210279628,0.0,0.0,0.0,True
D,16,17,state,EMA,55732771,0.00030381367306555885,9.182044545003282e-06,0.0003386180161164583,0.00033878613520315823,1.1145581852841402,0.9772960827570167,0.004755977571158325,0.031856392908084605,0.999632660620212,36.87828069846695,ema_transition_carryover_counterfactual_map,0.9993,1.0,0.0003036010044143209,7.677456011258477e-05,0.25270278107601124,8.361379618264237,0.35596499995793,-0.03392293490778966,0.5458832160044016,0.0,0.0,0.0,True
D,16,17,state,m,55732739,10.391200807238791,2.37655792914377,9.575974214418151,10.560926207955447,0.9215464499297588,0.8597017859705526,0.311669335660714,0.50763496925271,0.9768721267630986,4.029346012141264,radam_beta1_per_parameter_group,0.9,0.9,9.352080486108477,5.017870114364387,0.4828960778882074,2.111402399592352,-0.22312222637254414,-0.2944970948196053,0.3061007719759743,0.0,0.0,0.0,True
D,16,17,state,v,55732739,8.386745935816439,0.36684366030987237,7.966621374132037,8.260133636271561,0.9499061298744943,0.9994070671704945,0.7918169548779687,0.8080921969748861,0.9996320601759604,21.716666351553254,radam_beta2_per_parameter_group,0.999,0.999,8.378359261973399,0.49867957511862254,0.05946043661451117,1.3593790191096353,-0.8351285674679089,-0.7035277847017384,-0.8156942933497431,0.0,0.0,0.0,True
D,16,17,state,net_buffer,32,0.0,0.0,0.0,0.0,0.0,,,,,,not_declared_for_this_readout,,,,,,,,,,0.0,0.0,0.0,True
D,16,17,state,scaler,1,0.0,0.0,0.0,0.0,0.0,,,,,,not_declared_for_this_readout,,,,,,,,,,0.0,0.0,0.0,True
D,16,17,observable,residual,393216,0.18278280453965232,0.1487336353989804,0.16977488710402883,0.1792556864573159,0.9288340198719207,0.07879389560920941,-0.37250860403156505,0.47692227172162294,0.6380290102330929,1.1414693566025258,not_declared_for_this_readout,,,,,,,,,,0.0,0.0,0.0,True
D,16,17,observable,feature,49152,0.039093684340598935,0.0365862573206162,0.03869344190240109,0.040827596518990275,0.9897619667997833,0.008592593072170378,-0.41282997260619514,0.5048654958275839,0.5777841535196819,1.057594975165648,not_declared_for_this_readout,,,,,,,,,,0.0,0.0,0.0,True
B,17,18,state,theta,55732739,0.049262250742304454,0.0011261449902590906,0.0522421305174944,0.052371267707929964,1.0604901264211004,0.9986159051194716,0.10403550239197254,0.12528207873952493,0.9997712843104235,46.390234800471944,identity_parameter_carryover,1.0,1.0,0.04926225074229695,0.004000474918209914,0.08120771702325946,3.5523622205072636,0.7268066340236684,0.04429196186796034,0.7619253880030084,0.0,0.0,0.0,True
B,17,18,state,EMA,55732771,0.0003760756672119335,1.177121449355593e-05,0.0004159935043568758,0.00041606920670923895,1.1061430999800554,0.9831716282764624,-0.0077165880563711915,0.02057629800104496,0.9995997397479848,35.339896710284954,ema_transition_carryover_counterfactual_map,0.9993,1.0,0.00037581241537773465,8.29232447703922e-05,0.22049617138261082,7.044578519556156,0.4001362434034137,-0.06126081876719169,0.5608246533612278,0.0,0.0,0.0,True
B,17,18,state,m,55732739,11.486308704254325,4.5384833654142716,12.26977224413152,10.92782430908206,1.0682084697573044,0.9612397463157616,-0.46445831986206293,-0.10617982165222911,0.9299047640310092,2.7034961365362498,radam_beta1_per_parameter_group,0.9,0.9,10.337677569438526,3.683173163495094,0.32065768545215156,0.8115427262690639,0.3954511844022262,-0.6249690172922936,0.6333630202020926,0.0,0.0,0.0,True
B,17,18,state,v,55732739,8.811604456404718,0.758141735991458,8.270801909460335,8.9570315251535,0.9386260981618053,0.9994334701428942,0.8968645273795145,0.9127946640144344,0.9992989657411758,10.909308268913879,radam_beta2_per_parameter_group,0.999,0.999,8.802792972211675,0.604572765529281,0.06861097414442463,0.7974402896295538,-0.887695823521611,-0.9625118991102539,-0.8716965878568527,0.0,0.0,0.0,True
B,17,18,state,net_buffer,32,0.0,0.0,0.0,0.0,0.0,,,,,,not_declared_for_this_readout,,,,,,,,,,0.0,0.0,0.0,True
B,17,18,state,scaler,1,0.0,0.0,0.0,0.0,0.0,,,,,,not_declared_for_this_readout,,,,,,,,,,0.0,0.0,0.0,True
B,17,18,observable,residual,393216,0.17940099248230953,0.1759957691427453,0.1912480957385861,0.18576970158930364,1.066036999530227,0.10704219790288148,-0.4908063889516961,0.4421064424217739,0.5645067355854387,1.0866630298565305,not_declared_for_this_readout,,,,,,,,,,0.0,0.0,0.0,True
B,17,18,observable,feature,49152,0.03721255239657421,0.03606010792368482,0.037098108224989136,0.038049585017455714,0.9969245815131024,-0.008400618754450232,-0.4592858421699929,0.499912733238242,0.539722343334296,1.0287852799415096,not_declared_for_this_readout,,,,,,,,,,0.0,0.0,0.0,True
C,17,18,state,theta,55732739,0.03351844312647685,0.0010434866878398562,0.036056648644110394,0.03600536653095733,1.0757256388089387,0.99665700235148,-0.06358011386712932,-0.034689249380251974,0.9995816487726714,34.554009231063624,identity_parameter_carryover,1.0,1.0,0.03351844312647332,0.00381089647695293,0.11369550973990886,3.6520796301119542,0.6344093156630198,-0.10853957179899558,0.6954420331853143,0.0,0.0,0.0,True
C,17,18,state,EMA,55732771,0.0002895114186260275,1.1131032232210518e-05,0.00031793160676845674,0.00031789449783279765,1.0981660353063332,0.9790969606510518,-0.02083902036988466,0.014173409836436723,0.999387058055128,28.562634635846216,ema_transition_carryover_counterfactual_map,0.9993,1.0,0.0002893087615097209,6.829792886190197e-05,0.23590754791652935,6.135812693477274,0.32178294039659355,-0.0849212459459656,0.5076329291765012,0.0,0.0,0.0,True
C,17,18,state,m,55732739,12.1196376767055,2.535221081283322,10.5961479473118,11.417496131571765,0.8742957693923543,0.9602958756217005,0.21690187381588266,0.4233454840347883,0.976224736311365,4.179575511398028,radam_beta1_per_parameter_group,0.9,0.9,10.907673628242136,3.0454884671714537,0.2512854384273403,1.2012713564332764,-0.24043317348081467,-0.4440864559754855,0.039912793817777674,0.0,0.0,0.0,True
C,17,18,state,v,55732739,2.7229272307344794,0.238162771553589,3.1681953169815213,2.993552279506331,1.1635255181340032,0.9959665467755905,-0.7506683195257647,-0.7149035270321895,0.9986176256052481,13.302647161496632,radam_beta2_per_parameter_group,0.999,0.999,2.7202043221116985,0.519824636283619,0.19090654734221527,2.1826443859915075,0.8372289362128863,-0.8497046207119179,0.8829185464348654,0.0,0.0,0.0,True
C,17,18,state,net_buffer,32,0.0,0.0,0.0,0.0,0.0,,,,,,not_declared_for_this_readout,,,,,,,,,,0.0,0.0,0.0,True
C,17,18,state,scaler,1,0.0,0.0,0.0,0.0,0.0,,,,,,not_declared_for_this_readout,,,,,,,,,,0.0,0.0,0.0,True
C,17,18,observable,residual,393216,0.17035094418809066,0.1628845301487372,0.18663520078450138,0.18426682143232803,1.0955924058655682,0.04552851881819184,-0.4508193846068374,0.4273464054624402,0.614346610317191,1.145812930264626,not_declared_for_this_readout,,,,,,,,,,0.0,0.0,0.0,True
C,17,18,observable,feature,49152,0.03689511506822366,0.035832548685189,0.03838746905594112,0.038860480208164176,1.0404485521987914,-0.008965207334973078,-0.45344001884751683,0.47416125313560753,0.5697190921517014,1.071301664673609,not_declared_for_this_readout,,,,,,,,,,0.0,0.0,0.0,True
D,17,18,state,theta,55732739,0.045282958138431834,0.0005964584220460806,0.04824450625703533,0.04841689683341547,1.0654009419956603,0.9987080231450092,0.2833583861950395,0.29466869607326024,0.9999302086523982,80.8849443210781,identity_parameter_carryover,1.0,1.0,0.04528295813843373,0.00379681602881016,0.08384646641686129,6.365600498666158,0.7635917334782205,0.247825883268612,0.795417167838973,0.0,0.0,0.0,True
D,17,18,state,EMA,55732771,0.00033878613520315823,8.746472700518164e-06,0.0003757211826686685,0.00037581860317445606,1.1090217208663562,0.9804703322969285,-0.0004998727384633222,0.022773380167308926,0.9997291442515394,42.95688050868893,ema_transition_carryover_counterfactual_map,0.9993,1.0,0.000338548985931569,7.968764437347257e-05,0.23521518767492264,9.11083211507099,0.3743928826751346,-0.0366195294350789,0.5494446005806258,0.0,0.0,0.0,True
D,17,18,state,m,55732739,10.560926207955447,3.093405211332568,9.815066130274552,10.326470885869186,0.9293755052356065,0.9680097902763024,0.012043386047605487,0.3110076886206143,0.9540840537223896,3.1729002376789968,radam_beta1_per_parameter_group,0.9,0.9,9.504833337601328,2.462724920391656,0.23319213408919648,0.7961210226741586,-0.0015240156361515718,-0.07007535816158131,0.2494368733690108,0.0,0.0,0.0,True
D,17,18,state,v,55732739,8.260133636271561,0.6009856118038567,8.145670522637262,8.69377598790092,0.9861427043829324,0.9998546004494562,0.9058047547488721,0.9178258921015756,0.9995709757691875,13.553852808868509,radam_beta2_per_parameter_group,0.999,0.999,8.251873637927865,0.1755726358116068,0.021255423161756052,0.2921411633876325,-0.6116413963204346,-0.638136460475519,-0.5980618592861967,0.0,0.0,0.0,True
D,17,18,state,net_buffer,32,0.0,0.0,0.0,0.0,0.0,,,,,,not_declared_for_this_readout,,,,,,,,,,0.0,0.0,0.0,True
D,17,18,state,scaler,1,0.0,0.0,0.0,0.0,0.0,,,,,,not_declared_for_this_readout,,,,,,,,,,0.0,0.0,0.0,True
D,17,18,observable,residual,393216,0.1792556864573159,0.16205335530030618,0.1829050686568181,0.2033624759539992,1.0203585296044217,-0.05180473751555386,-0.30970010219910327,0.5183239255426795,0.6526136512452102,1.1286719014109332,not_declared_for_this_readout,,,,,,,,,,0.0,0.0,0.0,True
D,17,18,observable,feature,49152,0.040827596518990275,0.035801748183624145,0.037867795759215346,0.0389023190934221,0.9275048983498643,0.0351383142930174,-0.44342965848275107,0.4886609560979895,0.5653194797012513,1.057708008139564,not_declared_for_this_readout,,,,,,,,,,0.0,0.0,0.0,True
B,18,19,state,theta,55732739,0.052371267707929964,0.0014484711737147973,0.05533023903443805,0.05550328103407642,1.0564998988187573,0.9987367346113651,0.10656275316648957,0.13232756049277938,0.9996632825458815,38.19906121606568,identity_parameter_carryover,1.0,1.0,0.05237126770792694,0.004009573149113806,0.07656055170317529,2.768141487297066,0.7205441684565904,0.03505780892560681,0.7544768542343068,0.0,0.0,0.0,True
B,18,19,state,EMA,55732771,0.00041606920670923895,1.3209064759198489e-05,0.00045787838387694504,0.00045794542373106057,1.1004861126310737,0.9854199055679083,-0.009348543492117153,0.019497014951432457,0.9995839561645694,34.66395178039301,ema_transition_carryover_counterfactual_map,0.9993,1.0,0.00041577795951837707,8.557942667320919e-05,0.20568555733809576,6.478840722891729,0.413937270443509,-0.06547225154025961,0.5627813616410242,0.0,0.0,0.0,True
B,18,19,state,m,55732739,10.92782430908206,3.9418314611669687,10.10670342869426,11.471331010287981,0.9248596191553545,0.9640363329618081,0.17455223616481635,0.49741212591483946,0.9410206117445808,2.5639613281949396,radam_beta1_per_parameter_group,0.9,0.9,9.835041628732201,2.687632092106112,0.24594393321939062,0.6818231876688218,-0.034161043570997855,-0.10449821243866603,0.23268287484973488,0.0,0.0,0.0,True
B,18,19,state,v,55732739,8.9570315251535,0.8287739083600022,8.786922063523315,9.437147081094462,0.9810082769997541,0.9995736445511199,0.7664315888797868,0.8014443858802165,0.9984077270349233,10.602315028125208,radam_beta2_per_parameter_group,0.999,0.999,8.948074574133345,0.30498425705449544,0.0340497023146593,0.36799452055386933,-0.5406799167382311,-0.23740313552146303,-0.5158871227648262,0.0,0.0,0.0,True
B,18,19,state,net_buffer,32,0.0,0.0,0.0,0.0,0.0,,,,,,not_declared_for_this_readout,,,,,,,,,,0.0,0.0,0.0,True
B,18,19,state,scaler,1,0.0,0.0,0.0,0.0,0.0,,,,,,not_declared_for_this_readout,,,,,,,,,,0.0,0.0,0.0,True
B,18,19,observable,residual,393216,0.18576970158930364,0.1561289634220414,0.18144292870680517,0.1748761690330652,0.9767089420638462,-0.02726236660496185,-0.4715413543944575,0.40354909113427617,0.6165600860926134,1.1621349731012822,not_declared_for_this_readout,,,,,,,,,,0.0,0.0,0.0,True
B,18,19,observable,feature,49152,0.038049585017455714,0.03602562049006891,0.03848917533624812,0.03916951167724827,1.0115530910150725,0.0503089213611817,-0.4489450872291515,0.4785889205314659,0.5697198930312921,1.0683834119348015,not_declared_for_this_readout,,,,,,,,,,0.0,0.0,0.0,True
C,18,19,state,theta,55732739,0.03600536653095733,0.0013996345365165951,0.03839981148288809,0.03821637606642276,1.0665024462359527,0.9971479343135087,-0.14897097263206635,-0.11306207374208736,0.999344011537742,27.435598708829655,identity_parameter_carryover,1.0,1.0,0.03600536653097989,0.0036905141373410003,0.1024990020353745,2.6367698431663005,0.6191349178400454,-0.1778934867127537,0.6766359724936244,0.0,0.0,0.0,True
C,18,19,state,EMA,55732771,0.00031789449783279765,1.2657490173873194e-05,0.000347783006323241,0.00034767493937083873,1.0940202132915295,0.9816129152831199,-0.026733856309243232,0.009663938568915023,0.9993375519916434,27.47645872489896,ema_transition_carryover_counterfactual_map,0.9993,1.0,0.0003176719726460537,7.04948096520773e-05,0.22175536265228257,5.569414527185517,0.3364264432215804,-0.0997838291198337,0.5099963433927632,0.0,0.0,0.0,True
C,18,19,state,m,55732739,11.417496131571765,4.37821507928485,10.65517465008511,12.122633521286717,0.9332321664310727,0.9655514202151675,0.1528031282533748,0.4954665244443012,0.9341352760092312,2.4336800401833063,radam_beta1_per_parameter_group,0.9,0.9,10.27574625974693,2.772635399056944,0.24284093176874633,0.6332798523707598,0.004462453407185295,-0.09645829613030799,0.26451846395552964,0.0,0.0,0.0,True
C,18,19,state,v,55732739,2.993552279506331,1.1389725879771624,3.0145283620936323,4.050090321460417,1.0070070874428692,0.9954614080446922,0.8764602976552304,0.933580911386802,0.9907908952821268,2.6467084404967935,radam_beta2_per_parameter_group,0.999,0.999,2.9905587625419248,0.28706529263578584,0.09589453125673354,0.2520388073128427,0.03583813732409618,0.02754338348777952,0.1307804408126808,0.0,0.0,0.0,True
C,18,19,state,net_buffer,32,0.0,0.0,0.0,0.0,0.0,,,,,,not_declared_for_this_readout,,,,,,,,,,0.0,0.0,0.0,True
C,18,19,state,scaler,1,0.0,0.0,0.0,0.0,0.0,,,,,,not_declared_for_this_readout,,,,,,,,,,0.0,0.0,0.0,True
C,18,19,observable,residual,393216,0.18426682143232803,0.15234317832467337,0.17414890943195382,0.17055215969053591,0.9450909723100096,-0.0007983918610700165,-0.4607591474367254,0.42275908683067726,0.6095226038644227,1.14313559259482,not_declared_for_this_readout,,,,,,,,,,0.0,0.0,0.0,True
C,18,19,observable,feature,49152,0.038860480208164176,0.03429611860543,0.0374003623358486,0.03829182029369428,0.9624266641972987,-0.03217683418525421,-0.43219706985950684,0.473516052596179,0.5896214960234113,1.0905129751308684,not_declared_for_this_readout,,,,,,,,,,0.0,0.0,0.0,True
D,18,19,state,theta,55732739,0.04841689683341547,0.0007051927951050036,0.05155460984533173,0.05180100201167028,1.0648061568818001,0.998917692178189,0.34339253269973946,0.35537267866156513,0.99991825975905,73.1071136903139,identity_parameter_carryover,1.0,1.0,0.04841689683342145,0.003904916240750132,0.08065193137398904,5.537373988865964,0.7892397338162209,0.2735270509996447,0.8169483802928894,0.0,0.0,0.0,True
D,18,19,state,EMA,55732771,0.00037581860317445606,9.440964222764202e-06,0.0004148080428031859,0.0004149308716736036,1.1037453689077517,0.9830909765819928,0.0016322107755940638,0.02438482906615289,0.9997411153659219,43.9370421299759,ema_transition_carryover_counterfactual_map,0.9993,1.0,0.00037555553128578573,8.251697906978924e-05,0.21956597776902656,8.740312654805216,0.3906894432041368,-0.034694674693393136,0.5526473376176522,0.0,0.0,0.0,True
D,18,19,state,m,55732739,10.326470885869186,4.575562573988973,10.593284791673815,11.108215949184892,1.025837859686385,0.9027638567866496,-0.10069059375551664,0.3158849678963555,0.912168860029846,2.3151873939817182,radam_beta1_per_parameter_group,0.9,0.9,9.293823560435383,4.564516219302305,0.4420209256144246,0.9975857931111106,0.059022919668059906,-0.528663300038079,0.4826703824746812,0.0,0.0,0.0,True
D,18,19,state,v,55732739,8.69377598790092,1.517968795304971,7.724461571147448,9.189707915658193,0.8885047857107818,0.9979007793396618,0.9585609058175979,0.9709052515907142,0.9988921518318313,5.088682715375284,radam_beta2_per_parameter_group,0.999,0.999,8.685082299018983,1.0974768554526004,0.1262370754640967,0.7229903927189157,-0.8900744214681622,-0.8760652212283294,-0.8586867416540724,0.0,0.0,0.0,True
D,18,19,state,net_buffer,32,0.0,0.0,0.0,0.0,0.0,,,,,,not_declared_for_this_readout,,,,,,,,,,0.0,0.0,0.0,True
D,18,19,state,scaler,1,0.0,0.0,0.0,0.0,0.0,,,,,,not_declared_for_this_readout,,,,,,,,,,0.0,0.0,0.0,True
D,18,19,observable,residual,393216,0.2033624759539992,0.1541331804126655,0.1802938061869255,0.18497275971989885,0.8865637839092211,-0.03088307773283448,-0.3966995485890882,0.4466101333515249,0.6441448096197859,1.16972741173717,not_declared_for_this_readout,,,,,,,,,,0.0,0.0,0.0,True
D,18,19,observable,feature,49152,0.0389023190934221,0.03587871085102411,0.03721962003846109,0.03793552122120385,0.956745533578086,0.018892550093425792,-0.4618412613491154,0.4926558007875803,0.5443275932083961,1.0373733937377156,not_declared_for_this_readout,,,,,,,,,,0.0,0.0,0.0,True
B,19,20,state,theta,55732739,0.05550328103407642,0.0012845549382853234,0.05842956430528336,0.05836458744711326,1.052722707859565,0.9984375101963627,-0.06154737944889763,-0.03960675005439537,0.9997586870282903,45.48623228468339,identity_parameter_carryover,1.0,1.0,0.05550328103404923,0.004324065714156739,0.07790648829394366,3.3661975718443613,0.6556301083710617,-0.0024842412838065706,0.6967994431847983,0.0,0.0,0.0,True
B,19,20,state,EMA,55732771,0.00045794542373106057,1.2604048524485176e-05,0.0005016143939576231,0.0005015143964998805,1.0953584596845063,0.9872888436432625,-0.020496449860906818,0.004631440822903964,0.9996842746848569,39.79787867233017,ema_transition_carryover_counterfactual_map,0.9993,1.0,0.00045762486330501955,8.815215066862435e-05,0.19249488279719948,6.993955196013101,0.4266876233299389,-0.07344556258974715,0.5650057481964208,0.0,0.0,0.0,True
B,19,20,state,m,55732739,11.471331010287981,2.7946636593026204,11.07676034611103,11.751969509844754,0.9656037591607213,0.9440069920927601,0.12282056692831092,0.35356776932242906,0.9717522251528878,3.9635396943885266,radam_beta1_per_parameter_group,0.9,0.9,10.324197642891127,3.6569005522815794,0.31878607190411595,1.3085297545945551,0.0361895467709518,-0.13188978569856047,0.36387250991194153,0.0,0.0,0.0,True
B,19,20,state,v,55732739,9.437147081094462,0.20067774323479912,9.436533356197339,9.514125814894907,0.9999349671153952,0.999892605684165,0.3776086516904213,0.395621673891196,0.9998092513504961,47.02331810237823,radam_beta2_per_parameter_group,0.999,0.999,9.427710025062483,0.1385153661994584,0.014677673772505645,0.6902378109633771,0.056382922021616835,-0.06521382130090728,0.07100882890120012,0.0,0.0,0.0,True
B,19,20,state,net_buffer,32,0.0,0.0,0.0,0.0,0.0,,,,,,not_declared_for_this_readout,,,,,,,,,,0.0,0.0,0.0,True
B,19,20,state,scaler,1,0.0,0.0,0.0,0.0,0.0,,,,,,not_declared_for_this_readout,,,,,,,,,,0.0,0.0,0.0,True
B,19,20,observable,residual,393216,0.1748761690330652,0.16545192978590625,0.19550810645709218,0.18841746004971804,1.1179802687702174,0.07378517144551096,-0.46521225259872767,0.3953941591189708,0.6291234446813232,1.1816610825275864,not_declared_for_this_readout,,,,,,,,,,0.0,0.0,0.0,True
B,19,20,observable,feature,49152,0.03916951167724827,0.04026044451376129,0.03863879507979308,0.03873305038294055,0.9864507731975771,-0.009299731290500485,-0.5186407362586812,0.5220552263638671,0.4584737922654151,0.9597210251016002,not_declared_for_this_readout,,,,,,,,,,0.0,0.0,0.0,True
C,19,20,state,theta,55732739,0.03821637606642276,0.0011826128927490567,0.040671468048771336,0.04077326800867705,1.0642418835862786,0.9971767862305057,0.07164966605563057,0.10047538979617586,0.9995814379886455,34.391192839296714,identity_parameter_carryover,1.0,1.0,0.03821637606643373,0.0038475719584465805,0.10067861881407146,3.253450035964568,0.6082453451141256,-0.04612572256989433,0.6661304867455633,0.0,0.0,0.0,True
C,19,20,state,EMA,55732771,0.00034767493937083873,1.1925362475686865e-05,0.0003789966566111388,0.0003790731756170136,1.0900890852155771,0.9837249470371917,-0.009315666134804498,0.022145476642672732,0.9995050778759812,31.780724265935554,ema_transition_carryover_counterfactual_map,0.9993,1.0,0.0003474315679625729,7.268014258415236e-05,0.20904625083325293,6.094585613840321,0.3494337942456095,-0.07458145288143145,0.5121007540048028,0.0,0.0,0.0,True
C,19,20,state,m,55732739,12.122633521286717,2.436744666146318,10.269349707734417,10.244139622737958,0.8471220126964962,0.9122135344006481,-0.1289747306655196,0.10857505797875536,0.9717820712460036,4.214372498853262,radam_beta1_per_parameter_group,0.9,0.9,10.910369883664389,4.481352486851543,0.36966823083305456,1.839073477459888,-0.344210837085802,-0.18446808475734733,0.07068460587970324,0.0,0.0,0.0,True
C,19,20,state,v,55732739,4.050090321460417,0.12160097545317412,3.996004261802164,4.012229711616223,0.9866457151901861,0.9990884445458617,0.11848747872747446,0.1483158961949474,0.9995470705935531,32.86161354306683,radam_beta2_per_parameter_group,0.999,0.999,4.046040285222851,0.17882856118947327,0.04415421558425633,1.470617818015253,-0.300167951602643,-0.3961672234422887,-0.25917466717413656,0.0,0.0,0.0,True
C,19,20,state,net_buffer,32,0.0,0.0,0.0,0.0,0.0,,,,,,not_declared_for_this_readout,,,,,,,,,,0.0,0.0,0.0,True
C,19,20,state,scaler,1,0.0,0.0,0.0,0.0,0.0,,,,,,not_declared_for_this_readout,,,,,,,,,,0.0,0.0,0.0,True
C,19,20,observable,residual,393216,0.17055215969053591,0.1577429617798343,0.19101610154587131,0.17730416330870288,1.119986412910085,0.047901229484738524,-0.4967107636682797,0.35455009591961045,0.6354248678343558,1.2109326425129328,not_declared_for_this_readout,,,,,,,,,,0.0,0.0,0.0,True
C,19,20,observable,feature,49152,0.03829182029369428,0.03930921474364967,0.04056511268264112,0.03918392636948618,1.0593675717558193,0.07853595786484946,-0.5190582521911695,0.46584301130360356,0.5145308867897237,1.0319491993717411,not_declared_for_this_readout,,,,,,,,,,0.0,0.0,0.0,True
D,19,20,state,theta,55732739,0.05180100201167028,0.0006301571095038102,0.05497114224948629,0.05515143927392916,1.061198434677032,0.9989348549233183,0.28085189944392513,0.2913597004252658,0.9999398709565107,87.23402691238527,identity_parameter_carryover,1.0,1.0,0.05180100201166565,0.00401446368643378,0.07749779985972778,6.370575886376645,0.7750943187776839,0.25883910006518485,0.8034238374057979,0.0,0.0,0.0,True
D,19,20,state,EMA,55732771,0.0004149308716736036,8.922278875202152e-06,0.0004561046705115401,0.00045618648755104655,1.0992305023529918,0.9852726158546291,-0.0006101618217581053,0.018948349971815437,0.9998087162250083,51.11975055825703,ema_transition_carryover_counterfactual_map,0.9993,1.0,0.00041464042131154666,8.538005055654098e-05,0.20576933746135753,9.569309786296781,0.40696884436560254,-0.035553693055581315,0.5571654930796294,0.0,0.0,0.0,True
D,19,20,state,m,55732739,11.108215949184892,1.5571217941248283,10.216598433323568,11.000904970877253,0.9197335089684902,0.9558331997486097,0.4468180217740689,0.5565071338739438,0.9919500751914525,6.5612070114693575,radam_beta1_per_parameter_group,0.9,0.9,9.997394119034007,3.0117084929852638,0.2711244097848367,1.9341508829615848,-0.07704269802477157,-0.06402340203301948,0.21939614167968116,0.0,0.0,0.0,True
D,19,20,state,v,55732739,9.189707915658193,0.18067302082219527,9.121896018045199,9.211767740731982,0.9926208865139826,0.9999477536627324,0.48997460854823355,0.5048076093929036,0.9998538250125165,50.48842365359175,radam_beta2_per_parameter_group,0.999,0.999,9.180518264225881,0.11039554008025503,0.012012954175850776,0.6110239347184988,-0.5353371322210431,-0.2575743939433639,-0.5266752410136868,0.0,0.0,0.0,True
D,19,20,state,net_buffer,32,0.0,0.0,0.0,0.0,0.0,,,,,,not_declared_for_this_readout,,,,,,,,,,0.0,0.0,0.0,True
D,19,20,state,scaler,1,0.0,0.0,0.0,0.0,0.0,,,,,,not_declared_for_this_readout,,,,,,,,,,0.0,0.0,0.0,True
D,19,20,observable,residual,393216,0.18497275971989885,0.15488675462191334,0.1774447715162021,0.17709162867403752,0.9593021793311823,0.06183710276823815,-0.43871425082935855,0.4350245418116161,0.6182886555320898,1.1456420011469286,not_declared_for_this_readout,,,,,,,,,,0.0,0.0,0.0,True
D,19,20,observable,feature,49152,0.03793552122120385,0.03624231784635287,0.0368832355430098,0.038641071144525065,0.9722612041611839,-0.024949726171635947,-0.4416534387989281,0.5163601692128245,0.5402720633194,1.0176842358530724,not_declared_for_this_readout,,,,,,,,,,0.0,0.0,0.0,True
B,20,21,state,theta,55732739,0.05836458744711326,0.001316108047581134,0.06113077288386214,0.061421589897601304,1.0473949282903001,0.9986832748699624,0.21072834074878127,0.2311580408413111,0.999780602412787,46.44814154598779,identity_parameter_carryover,1.0,1.0,0.058364587447092095,0.004128873479726597,0.07074278531426188,3.1371842815755326,0.6504662894327685,0.10332896227709219,0.6885741521813693,0.0,0.0,0.0,True
B,20,21,state,EMA,55732771,0.0005015143964998805,1.2796197826879382e-05,0.0005466692464388949,0.000546828832119041,1.090036996453451,0.9888875161573562,0.0007693719009464844,0.02416988462913355,0.9997261654172133,42.721224994707,ema_transition_carryover_counterfactual_map,0.9993,1.0,0.0005011633379232571,9.033147343536178e-05,0.18011740852464903,7.059243273467818,0.4365151352870461,-0.05216410953294643,0.5654184092107379,0.0,0.0,0.0,True
B,20,21,state,m,55732739,11.751969509844754,5.7554449526411515,10.79379445432095,13.671181570683865,0.9184668531754504,0.9482335072594549,0.2999694664769729,0.6578256363481282,0.9158134680143826,1.8754057319873627,radam_beta1_per_parameter_group,0.9,0.9,10.576772282067974,3.444820344673237,0.293127066215367,0.5985324111374608,-0.09920247670912294,-0.21602353821407638,0.22194033363913168,0.0,0.0,0.0,True
B,20,21,state,v,55732739,9.514125814894907,0.733346690541598,9.384085600315434,10.021603541662017,0.9863318798689956,0.9996674772879456,0.8597821830226358,0.8782642674958971,0.9993015566010764,12.796247288420995,radam_beta2_per_parameter_group,0.999,0.999,9.504611852906363,0.2717413775115394,0.02856188606273345,0.3705496745486782,-0.45501599836278417,-0.6309764470029973,-0.4319023992821525,0.0,0.0,0.0,True
B,20,21,state,net_buffer,32,0.0,0.0,0.0,0.0,0.0,,,,,,not_declared_for_this_readout,,,,,,,,,,0.0,0.0,0.0,True
B,20,21,state,scaler,1,0.0,0.0,0.0,0.0,0.0,,,,,,not_declared_for_this_readout,,,,,,,,,,0.0,0.0,0.0,True
B,20,21,observable,residual,393216,0.18841746004971804,0.16033140183160832,0.1816825342131759,0.18383837324738164,0.9642552986609363,0.018893087201017972,-0.4277146285308536,0.44943350368366297,0.615249396733603,1.133168750086724,not_declared_for_this_readout,,,,,,,,,,0.0,0.0,0.0,True
B,20,21,observable,feature,49152,0.03873305038294055,0.03732965375530235,0.03772119366617957,0.0384807776086111,0.9738761417766714,0.02636973591176603,-0.4742572048314598,0.5051900479246975,0.5201905383113742,1.010488709952784,not_declared_for_this_readout,,,,,,,,,,0.0,0.0,0.0,True
C,20,21,state,theta,55732739,0.04077326800867705,0.0012009675484132378,0.0429083198409845,0.0428241173263548,1.0523640104554064,0.9978873792395683,-0.0840380146119005,-0.05615906670131077,0.9996094627327672,35.72812595783836,identity_parameter_carryover,1.0,1.0,0.040773268008667346,0.00345695803629602,0.0847849143600738,2.878477474985464,0.5913878049894727,-0.19261525919736722,0.6425274074668773,0.0,0.0,0.0,True
C,20,21,state,EMA,55732771,0.0003790731756170136,1.2033966369032869e-05,0.0004118028028908823,0.00041179021603286183,1.0863411852357925,0.9855894592377196,-0.015657249862410183,0.013565807959079046,0.9995730059787495,34.22003936711829,ema_transition_carryover_counterfactual_map,0.9993,1.0,0.0003788078255383202,7.473010039475883e-05,0.19713898318740541,6.209930965659217,0.3621121359737921,-0.0857922556396449,0.5145691329304758,0.0,0.0,0.0,True
C,20,21,state,m,55732739,10.244139622737958,4.67582882465387,8.347694545853152,7.438174393579742,0.8148751240489299,0.8680710942614976,-0.4639856846849311,0.10790524835614394,0.8306039332056107,1.7852866002790626,radam_beta1_per_parameter_group,0.9,0.9,9.21972540839384,4.589972303975622,0.44805835072646705,0.9816382241741701,-0.42992265284588904,0.046668254253777346,0.07501514211172343,0.0,0.0,0.0,True
C,20,21,state,v,55732739,4.012229711616223,0.44618163528565863,4.067062952589652,3.7086705520339054,1.0136665258259454,0.9967480268171289,-0.8227051565354354,-0.781900680332409,0.9976585864332393,9.115263002668852,radam_beta2_per_parameter_group,0.999,0.999,4.008217521366446,0.3308896902731772,0.0824702756462782,0.7416031143041821,0.1378690630423526,-0.37823579967152565,0.21723265693248558,0.0,0.0,0.0,True
C,20,21,state,net_buffer,32,0.0,0.0,0.0,0.0,0.0,,,,,,not_declared_for_this_readout,,,,,,,,,,0.0,0.0,0.0,True
C,20,21,state,scaler,1,0.0,0.0,0.0,0.0,0.0,,,,,,not_declared_for_this_readout,,,,,,,,,,0.0,0.0,0.0,True
C,20,21,observable,residual,393216,0.17730416330870288,0.16575425385373785,0.18312963689407302,0.18223113820382447,1.0328558194949289,0.0427904459611878,-0.4579672519515589,0.4493572179902777,0.5883715473338651,1.1048261666675974,not_declared_for_this_readout,,,,,,,,,,0.0,0.0,0.0,True
C,20,21,observable,feature,49152,0.03918392636948618,0.038137445356181215,0.03804545046965527,0.03929913245428403,0.9709453338316427,-0.006116825553312768,-0.46779466720892676,0.5175683340739456,0.5141323904431199,0.9975878067954796,not_declared_for_this_readout,,,,,,,,,,0.0,0.0,0.0,True
D,20,21,state,theta,55732739,0.05515143927392916,0.0006645997093271288,0.05826343388204794,0.05853044916855936,1.0564263534930058,0.9991146168414178,0.39698581629787555,0.4065295398773529,0.9999456927387699,87.66695661217864,identity_parameter_carryover,1.0,1.0,0.05515143927394104,0.003921037555835035,0.07109583371632085,5.89984843629389,0.7805100311860683,0.28976916321554486,0.8061194820507892,0.0,0.0,0.0,True
D,20,21,state,EMA,55732771,0.00045618648755104655,9.174593017693538e-06,0.0004993316038930978,0.000499484462332758,1.0945778042959315,0.9871370256506872,0.007476735679307956,0.025842572511750747,0.999831301193419,54.42547728603531,ema_transition_carryover_counterfactual_map,0.9993,1.0,0.00045586715837901785,8.800640259167443e-05,0.1929176005719079,9.592403981511863,0.4208961485821055,-0.027980355804432932,0.5605075497578068,0.0,0.0,0.0,True
D,20,21,state,m,55732739,11.000904970877253,2.485266983814257,10.32842176373882,11.290929163164312,0.9388701921415828,0.9586364853208856,0.28501886452398156,0.48083394632850257,0.977489945956885,4.155860046829779,radam_beta1_per_parameter_group,0.9,0.9,9.900814224129219,2.939812315464273,0.26723367970606526,1.1828959764123224,0.0001318840563659988,0.1511757909404449,0.28475967991682305,0.0,0.0,0.0,True
D,20,21,state,v,55732739,9.211767740731982,0.41964788892884164,9.246832076213376,9.605643501665035,1.0038064719463506,0.9997529186688764,0.8489274638812802,0.8609040707050288,0.9997334059524777,22.034739885898325,radam_beta2_per_parameter_group,0.999,0.999,9.202556145836828,0.20978770008205802,0.022773880756288795,0.4999136314436007,0.20016049931458393,0.3437899046384033,0.22188960658204085,0.0,0.0,0.0,True
D,20,21,state,net_buffer,32,0.0,0.0,0.0,0.0,0.0,,,,,,not_declared_for_this_readout,,,,,,,,,,0.0,0.0,0.0,True
D,20,21,state,scaler,1,0.0,0.0,0.0,0.0,0.0,,,,,,not_declared_for_this_readout,,,,,,,,,,0.0,0.0,0.0,True
D,20,21,observable,residual,393216,0.17709162867403752,0.16351567817638074,0.17842452771542872,0.19519607035920988,1.0075266067141129,0.07691211281213828,-0.35083183400052476,0.5170118112602557,0.6201867805545072,1.0911768810509175,not_declared_for_this_readout,,,,,,,,,,0.0,0.0,0.0,True
D,20,21,observable,feature,49152,0.038641071144525065,0.036025984644904675,0.03749378424373159,0.03793266935825863,0.970309133085302,0.041646125442665244,-0.4681723331486367,0.4869794957607821,0.5437902290432576,1.040742803098777,not_declared_for_this_readout,,,,,,,,,,0.0,0.0,0.0,True
B,21,22,state,theta,55732739,0.061421589897601304,0.0010023378754324159,0.06429803538300848,0.06448393603084394,1.046831179235227,0.9988733766840857,0.17794069591690675,0.19297170432683944,0.9998830104177633,64.14806519734658,identity_parameter_carryover,1.0,1.0,0.06142158989760601,0.00414399053139545,0.06746797890292458,4.134324994561044,0.6766438770380732,0.1423802806882732,0.7108231687221717,0.0,0.0,0.0,True
B,21,22,state,EMA,55732771,0.000546828832119041,1.134620589947604e-05,0.0005938790883511798,0.0005939666421112774,1.0860420180293207,0.9901830777094477,-0.0018354868523458381,0.01726721319646579,0.9998175325613153,52.34164562257809,ema_transition_carryover_counterfactual_map,0.9993,1.0,0.0005464460535691926,9.285216561544375e-05,0.16980115195394535,8.183543154256666,0.44805600005025814,-0.04785792332638409,0.5686184363784457,0.0,0.0,0.0,True
B,21,22,state,m,55732739,13.671181570683865,2.7441742317850792,11.83499407084476,11.995013635860431,0.8656891878477732,0.9602252566038376,-0.057228069704234046,0.17231163122402854,0.9735670697126227,4.312770644721827,radam_beta1_per_parameter_group,0.9,0.9,12.30406312324831,3.4356809828957475,0.25130826952537405,1.251990833198971,-0.27354195844876883,0.010785608150051505,0.00591495546659555,0.0,0.0,0.0,True
B,21,22,state,v,55732739,10.021603541662017,0.26324690748059487,10.195816532852453,10.389349974983405,1.0173837440751068,0.9997871736143553,0.7292463025852391,0.7410000081273606,0.9998496914448458,38.731002124323275,radam_beta2_per_parameter_group,0.999,0.999,10.011582080744688,0.2781930451350647,0.027759334519526224,1.0567761186542015,0.6544538639993346,0.5534556705997816,0.6699131557307667,0.0,0.0,0.0,True
B,21,22,state,net_buffer,32,0.0,0.0,0.0,0.0,0.0,,,,,,not_declared_for_this_readout,,,,,,,,,,0.0,0.0,0.0,True
B,21,22,state,scaler,1,0.0,0.0,0.0,0.0,0.0,,,,,,not_declared_for_this_readout,,,,,,,,,,0.0,0.0,0.0,True
B,21,22,observable,residual,393216,0.18383837324738164,0.16204145236975165,0.18086874587339508,0.18557700468711913,0.9838465314856192,0.08006883279517943,-0.41851908623337036,0.46527548100163835,0.6091881129684235,1.1161881310510762,not_declared_for_this_readout,,,,,,,,,,0.0,0.0,0.0,True
B,21,22,observable,feature,49152,0.0384807776086111,0.036116978419939924,0.03932025505090668,0.03822091473251617,1.0218155009972492,0.09206832375739604,-0.48927965596912176,0.44160056540078124,0.5664163829270312,1.0886917115192076,not_declared_for_this_readout,,,,,,,,,,0.0,0.0,0.0,True
C,21,22,state,theta,55732739,0.0428241173263548,0.0008454283635902544,0.04480031854916268,0.04484985169037363,1.046146922486402,0.998084963020857,0.049186272908127236,0.06798214360148769,0.9998227492244576,52.991265113120356,identity_parameter_carryover,1.0,1.0,0.042824117326355146,0.0033546234899234696,0.07833491264649999,3.9679571142816807,0.5635228399809569,-0.025638289208529882,0.6135445594026706,0.0,0.0,0.0,True
C,21,22,state,EMA,55732771,0.00041179021603286183,1.0391313144817354e-05,0.00044574751096564976,0.000445774376816212,1.0824626074410617,0.9872805660500689,-0.009070560604295008,0.014240686909214265,0.9997282910537263,42.896167669431215,ema_transition_carryover_counterfactual_map,0.9993,1.0,0.0004115019641224107,7.64127388501629e-05,0.18556229816801909,7.353520944393211,0.3739676296016513,-0.06340111637981305,0.5166627906637906,0.0,0.0,0.0,True
C,21,22,state,m,55732739,7.438174393579742,2.522734153413164,7.522107720922068,7.956284140586244,1.0112841300702458,0.9060559072904958,0.009384483901233712,0.32594678701764157,0.9484053291258978,2.981728261277527,radam_beta1_per_parameter_group,0.9,0.9,6.694356784400576,3.1853426207102133,0.42824252997612433,1.2626548922725627,0.03801580107238623,-0.1708908484061104,0.4572965562475934,0.0,0.0,0.0,True
C,21,22,state,v,55732739,3.7086705520339054,0.37657339089085506,3.873053832631684,4.221492635073434,1.0443240450429407,0.998321094102646,0.918295075075345,0.9317035444335914,0.9993762130104468,10.284990725099423,radam_beta2_per_parameter_group,0.999,0.999,3.7049619414374106,0.2764739757170053,0.07454800091784419,0.7341835148334677,0.584465130415383,0.5724471554384403,0.6304831147592506,0.0,0.0,0.0,True
C,21,22,state,net_buffer,32,0.0,0.0,0.0,0.0,0.0,,,,,,not_declared_for_this_readout,,,,,,,,,,0.0,0.0,0.0,True
C,21,22,state,scaler,1,0.0,0.0,0.0,0.0,0.0,,,,,,not_declared_for_this_readout,,,,,,,,,,0.0,0.0,0.0,True
C,21,22,observable,residual,393216,0.18223113820382447,0.15259824350547357,0.17987790672679402,0.17692713220311812,0.9870865566652041,0.005454887405388002,-0.4433500034378811,0.4117478875773396,0.6342920588075293,1.178767871730725,not_declared_for_this_readout,,,,,,,,,,0.0,0.0,0.0,True
C,21,22,observable,feature,49152,0.03929913245428403,0.03617274261141407,0.03774581432445602,0.037364631896911416,0.9604744931294614,-0.006678309172671038,-0.48964692951355626,0.47345898052103363,0.5361739419236448,1.0434877645286862,not_declared_for_this_readout,,,,,,,,,,0.0,0.0,0.0,True
D,21,22,state,theta,55732739,0.05853044916855936,0.0005995489632609547,0.061607629325042094,0.06178880903853889,1.0525740054996142,0.9992105132849202,0.2977718450454058,0.3066019026914094,0.9999570972065519,102.75662723184006,identity_parameter_carryover,1.0,1.0,0.05853044916857829,0.00389393028783898,0.06652828302453336,6.494766109943451,0.7777596227191222,0.2660351785843512,0.802117382086785,0.0,0.0,0.0,True
D,21,22,state,EMA,55732771,0.000499484462332758,8.743818302684046e-06,0.0005447205741476518,0.0005448129608961178,1.0905656035898017,0.9887060246668132,0.002540879550499499,0.018589659933224867,0.9998712039463385,62.2977920275907,ema_transition_carryover_counterfactual_map,0.9993,1.0,0.0004991348247055454,9.066132614836619e-05,0.1815098025771367,10.368619636176147,0.43495601034635906,-0.03129099832558059,0.5649924616937325,0.0,0.0,0.0,True
D,21,22,state,m,55732739,11.290929163164312,2.9055372512305073,10.611107591301112,11.275013115894023,0.9397904670165622,0.9646903681560682,0.09873464977531846,0.3506178841967925,0.9665607199026637,3.6520294437138134,radam_beta1_per_parameter_group,0.9,0.9,10.161836003135344,2.7958187684659,0.24761635894298395,0.962238142801941,0.026681731484873388,0.2427624159041707,0.2890324240876207,0.0,0.0,0.0,True
D,21,22,state,v,55732739,9.605643501665035,0.5163970100342193,9.646452504196333,10.1064528149204,1.0042484402553793,0.999906143112718,0.8852609783150176,0.8960636493348868,0.9997175875181435,18.680302784009353,radam_beta2_per_parameter_group,0.999,0.999,9.596037992355336,0.14113061573292426,0.014692468621020631,0.27329866941633174,0.3508035841729396,0.5012219798124512,0.36360052245053875,0.0,0.0,0.0,True
D,21,22,state,net_buffer,32,0.0,0.0,0.0,0.0,0.0,,,,,,not_declared_for_this_readout,,,,,,,,,,0.0,0.0,0.0,True
D,21,22,state,scaler,1,0.0,0.0,0.0,0.0,0.0,,,,,,not_declared_for_this_readout,,,,,,,,,,0.0,0.0,0.0,True
D,21,22,observable,residual,393216,0.19519607035920988,0.16985222192080918,0.18363995377107936,0.1791131217143692,0.9407973912237866,-0.004570964077979723,-0.48878298285867994,0.44715952007287046,0.5617627403977055,1.0811748689204577,not_declared_for_this_readout,,,,,,,,,,0.0,0.0,0.0,True
D,21,22,observable,feature,49152,0.03793266935825863,0.033415792374604514,0.04277674876234394,0.04043236769773881,1.1277020438064864,-0.0122335867588184,-0.45881896709548137,0.3410388625975547,0.6787866005157472,1.2801356999947608,not_declared_for_this_readout,,,,,,,,,,0.0,0.0,0.0,True
B,22,23,state,theta,55732739,0.06448393603084394,0.001329072794996416,0.06745373742734817,0.06782060553025201,1.0460549026517816,0.998845223914942,0.26693202457851617,0.2850849729326246,0.9998216469636526,50.75247772830236,identity_parameter_carryover,1.0,1.0,0.06448393603084691,0.004343447820240207,0.0673570518115186,3.2680285358274292,0.6658091804847299,0.05680584668988807,0.7008869519541452,0.0,0.0,0.0,True
B,22,23,state,EMA,55732771,0.0005939666421112774,1.2867568359383699e-05,0.0006427673201074586,0.0006429746890747009,1.0821606375447572,0.9912676699978625,0.006108722042121081,0.026119310046010372,0.9997997361778549,49.95250867571411,ema_transition_carryover_counterfactual_map,0.9993,1.0,0.0005935508672288067,9.531679153171901e-05,0.16047499097409207,7.407521675391688,0.4574597594420064,-0.04590721207259699,0.5707235215436459,0.0,0.0,0.0,True
B,22,23,state,m,55732739,11.995013635860431,6.876968656760708,11.390663446712837,15.289004169489303,0.9496165483846704,0.9628838446889427,0.3620030276313445,0.7194990065574617,0.9078516015506922,1.6563494782711774,radam_beta1_per_parameter_group,0.9,0.9,10.795511999065871,3.0793517563382893,0.2567193210295505,0.4477774888956338,0.055977305518278064,-0.06808459703875763,0.32339252698450804,0.0,0.0,0.0,True
B,22,23,state,v,55732739,10.389349974983405,2.0920030327046537,10.423193914812586,12.463444611033653,1.0032575608590213,0.9997015342013424,0.9703581261393394,0.9793627948940545,0.9991769086437885,4.982399046208323,radam_beta2_per_parameter_group,0.999,0.999,10.378960771630409,0.25794143693839594,0.02482748560395935,0.12329878728947893,0.15942446771611835,0.13879266427469233,0.18349478433607883,0.0,0.0,0.0,True
B,22,23,state,net_buffer,32,0.0,0.0,0.0,0.0,0.0,,,,,,not_declared_for_this_readout,,,,,,,,,,0.0,0.0,0.0,True
B,22,23,state,scaler,1,0.0,0.0,0.0,0.0,0.0,,,,,,not_declared_for_this_readout,,,,,,,,,,0.0,0.0,0.0,True
B,22,23,observable,residual,393216,0.18557700468711913,0.17600964800356597,0.1920665116547056,0.22077614328636797,1.0349693485921259,0.09854246146725709,-0.2828948277873915,0.5511239731525645,0.6444278375189928,1.091227178926091,not_declared_for_this_readout,,,,,,,,,,0.0,0.0,0.0,True
B,22,23,observable,feature,49152,0.03822091473251617,0.03590956243822418,0.03756746929006762,0.03913979761523091,0.9829034588255777,0.005279534107073643,-0.4332321989558811,0.5016409461667785,0.5623506490193793,1.0461689516461128,not_declared_for_this_readout,,,,,,,,,,0.0,0.0,0.0,True
C,22,23,state,theta,55732739,0.04484985169037363,0.0010815363273614083,0.04667403316708287,0.04687961016761061,1.0406730771219201,0.9981257301936007,0.17891122576658253,0.2011971682151697,0.9997423611150947,43.15530785817626,identity_parameter_carryover,1.0,1.0,0.044849851690384926,0.0033428347240276645,0.07453390809640414,3.0908205665019852,0.5195296474297527,-0.10350551056639462,0.570845511992238,0.0,0.0,0.0,True
C,22,23,state,EMA,55732771,0.000445774376816212,1.147199555826279e-05,0.00048072650669412606,0.00048088262189270294,1.078407669205995,0.9887104095404318,0.0016786472699923745,0.02553422651874828,0.9997154029729488,41.90434909538291,ema_transition_carryover_counterfactual_map,0.9993,1.0,0.00044546233609523035,7.796661404587398e-05,0.1749015154319172,6.796255599115705,0.38268899554499886,-0.05914644459964923,0.5168014339484758,0.0,0.0,0.0,True
C,22,23,state,m,55732739,7.956284140586244,3.2820188095741347,7.188183461813066,7.554723643213242,0.9034598733276786,0.8523235302297828,-0.11376389764358805,0.32618837675086404,0.9020592323080424,2.190171317983941,radam_beta1_per_parameter_group,0.9,0.9,7.160655552890293,3.899127538990134,0.490068915349576,1.1880271763269004,-0.2651869266749458,-0.6934202630680509,0.2782643637128744,0.0,0.0,0.0,True
C,22,23,state,v,55732739,4.221492635073434,0.7876316435952243,5.2136482803239526,4.483841278892624,1.235024843347443,0.997456197949774,-0.9372680408338304,-0.91416132078453,0.9981232685243546,6.61939921119183,radam_beta2_per_parameter_group,0.999,0.999,4.217271172402229,1.051013973821656,0.24896738302692153,1.3343978525598545,0.935396334610393,-0.9624715171139065,0.9582222849309631,0.0,0.0,0.0,True
C,22,23,state,net_buffer,32,0.0,0.0,0.0,0.0,0.0,,,,,,not_declared_for_this_readout,,,,,,,,,,0.0,0.0,0.0,True
C,22,23,state,scaler,1,0.0,0.0,0.0,0.0,0.0,,,,,,not_declared_for_this_readout,,,,,,,,,,0.0,0.0,0.0,True
C,22,23,observable,residual,393216,0.17692713220311812,0.18550732262177375,0.19091054988908235,0.1839934368634508,1.0790348970892198,0.0613052979750694,-0.522460840413369,0.46612551917596046,0.5108347330836074,1.0291267600165042,not_declared_for_this_readout,,,,,,,,,,0.0,0.0,0.0,True
C,22,23,observable,feature,49152,0.037364631896911416,0.03491985400658403,0.0389588512096682,0.03839123261703161,1.0426665333450955,0.019725958230841077,-0.46429977329638566,0.43841437418658347,0.5924678464420459,1.1156647791918783,not_declared_for_this_readout,,,,,,,,,,0.0,0.0,0.0,True
D,22,23,state,theta,55732739,0.06178880903853889,0.0006921413460502232,0.06479157614730564,0.06501606374542895,1.048597264706848,0.9989224573871555,0.31955838115984686,0.3291007068077464,0.9999491198043209,93.61032470758398,identity_parameter_carryover,1.0,1.0,0.06178880903855491,0.004200507859025126,0.06798169319633895,6.068858453545309,0.6982373377059728,0.3177133552797105,0.730708592031863,0.0,0.0,0.0,True
D,22,23,state,EMA,55732771,0.0005448129608961178,9.398999487686356e-06,0.0005919531712078621,0.0005920582740081991,1.0865254935091986,0.9900447679142885,0.0032443597625728786,0.019118909463165117,0.9998739835792079,62.98044509773416,ema_transition_carryover_counterfactual_map,0.9993,1.0,0.0005444315934539274,9.313970737340569e-05,0.1709572166201918,9.909534253664782,0.446947362458364,-0.030991859656713017,0.5684097804821894,0.0,0.0,0.0,True
D,22,23,state,m,55732739,11.275013115894023,4.500249720042939,10.432692270584289,12.355837794323168,0.9252931383181859,0.8771208145554324,0.2510495462825647,0.576195034249293,0.9357906856200101,2.3182474128312918,radam_beta1_per_parameter_group,0.9,0.9,10.147511544609424,5.108693629130651,0.45309868614956117,1.1352022547499667,-0.19511446068023336,0.38326078078844206,0.29990028542002223,0.0,0.0,0.0,True
D,22,23,state,v,55732739,10.1064528149204,1.4828156728831237,10.4998216295076,11.94867706055921,1.0389225400633604,0.9990699750744365,0.9739001361907101,0.9799070916802206,0.9996032158823119,7.08100259629182,radam_beta2_per_parameter_group,0.999,0.999,10.0963465709525,0.5999796882343351,0.059366001031397546,0.40462189549680183,0.65620548569624,0.7227380673159155,0.688131476451625,0.0,0.0,0.0,True
D,22,23,state,net_buffer,32,0.0,0.0,0.0,0.0,0.0,,,,,,not_declared_for_this_readout,,,,,,,,,,0.0,0.0,0.0,True
D,22,23,state,scaler,1,0.0,0.0,0.0,0.0,0.0,,,,,,not_declared_for_this_readout,,,,,,,,,,0.0,0.0,0.0,True
D,22,23,observable,residual,393216,0.1791131217143692,0.18259804623157072,0.19935669216075458,0.2214815175771937,1.1130211469300821,0.09262679338486679,-0.3300777498744639,0.5273344662722287,0.627976281951782,1.091778889615996,not_declared_for_this_readout,,,,,,,,,,0.0,0.0,0.0,True
D,22,23,observable,feature,49152,0.04043236769773881,0.03574452424710948,0.039071738226188195,0.03782341894213357,0.9663480140039707,0.10121835513202995,-0.4917872111553389,0.4370187447927344,0.5682468410777527,1.093083179848107,not_declared_for_this_readout,,,,,,,,,,0.0,0.0,0.0,True
B,23,24,state,theta,55732739,0.06782060553025201,0.0012045327904051629,0.07116906264434927,0.07137237025680246,1.0493722680285367,0.9992336592643183,0.16056406152366104,0.17698342507000914,0.9998612497335936,59.08437131081378,identity_parameter_carryover,1.0,1.0,0.06782060553023743,0.004313931273627184,0.06360797341602789,3.58141456006036,0.7635535091678785,0.0978189714794803,0.7882440843777825,0.0,0.0,0.0,True
B,23,24,state,EMA,55732771,0.0006429746890747009,1.1975706856502057e-05,0.0006941273590743334,0.0006941986268575595,1.0795562731609947,0.9921838786919892,-0.002675112924824702,0.014576286087705155,0.9998511893463552,57.961285074163776,ema_transition_carryover_counterfactual_map,0.9993,1.0,0.0006425246087026259,9.815665463996634e-05,0.15266021556964038,8.196314072824306,0.47044560452217576,-0.047977295232010504,0.5768819329194469,0.0,0.0,0.0,True
B,23,24,state,m,55732739,15.289004169489303,2.334900524177295,13.593244832586434,14.607465567684379,0.8890863447936707,0.9710780687692652,0.36469448193058146,0.49921609415157103,0.9888621748023432,5.8217661488495445,radam_beta1_per_parameter_group,0.9,0.9,13.760103394554267,3.293511118289298,0.21541698084312255,1.4105573595901995,-0.17003174852171626,-0.20723961208265204,0.07017137466935143,0.0,0.0,0.0,True
B,23,24,state,v,55732739,12.463444611033653,0.168329328440338,12.444916142212469,12.508015050623083,0.9985133749617837,0.9998979642998101,0.3690412458047453,0.38063726868163983,0.9999217746913835,73.93195385213812,radam_beta2_per_parameter_group,0.999,0.999,12.450981226645153,0.17792675407642347,0.01427588918066104,1.0570157662067021,-0.04122432403787811,-0.20571237079065308,-0.02694726938180575,0.0,0.0,0.0,True
B,23,24,state,net_buffer,32,0.0,0.0,0.0,0.0,0.0,,,,,,not_declared_for_this_readout,,,,,,,,,,0.0,0.0,0.0,True
B,23,24,state,scaler,1,0.0,0.0,0.0,0.0,0.0,,,,,,not_declared_for_this_readout,,,,,,,,,,0.0,0.0,0.0,True
B,23,24,observable,residual,393216,0.22077614328636797,0.15460792204122498,0.19023239938980988,0.20199151863037476,0.8616528786040986,0.11380352838511491,-0.327957495063847,0.45655273787069767,0.6907595601351231,1.2304181886558563,not_declared_for_this_readout,,,,,,,,,,0.0,0.0,0.0,True
B,23,24,observable,feature,49152,0.03913979761523091,0.03586598598349084,0.039217263108184665,0.03786106623364106,1.0019792001408716,-0.08339208715804378,-0.4944320169973637,0.43516248016162506,0.5674423214652826,1.0934388678520206,not_declared_for_this_readout,,,,,,,,,,0.0,0.0,0.0,True
C,23,24,state,theta,55732739,0.04687961016761061,0.0011457349524242493,0.04846695944945025,0.048696595328347705,1.0338601211947867,0.998438543407258,0.1890817598289921,0.21171814721685425,0.9997330758401529,42.30206938079308,identity_parameter_carryover,1.0,1.0,0.04687961016758361,0.003100852589470976,0.06614501653030751,2.7064309968984643,0.487501480604742,0.016149664242360782,0.5355139305449788,0.0,0.0,0.0,True
C,23,24,state,EMA,55732771,0.00048088262189270294,1.15653513880835e-05,0.0005168573029286876,0.0005169845856206755,1.0748096924243011,0.9899171998141845,-0.00018127349566539826,0.022189556859318955,0.9997497426668779,44.6901512617453,ema_transition_carryover_counterfactual_map,0.9993,1.0,0.0004805460055024429,7.954316656474113e-05,0.16541077373864682,6.877712911230644,0.3909817757999687,-0.058063187899557424,0.5174114704983603,0.0,0.0,0.0,True
C,23,24,state,m,55732739,7.554723643213242,2.0040934711568634,6.450302065926846,6.528026530161002,0.8538104595952297,0.7804728320498737,-0.11633229222415721,0.19205115673119907,0.9523799037689208,3.2185634845681164,radam_beta1_per_parameter_group,0.9,0.9,6.799251106971018,4.401984729459725,0.5826797825244384,2.196496716751778,-0.40094768484500426,-0.4800463466730656,0.2598081023033657,0.0,0.0,0.0,True
C,23,24,state,v,55732739,4.483841278892624,0.07864188752742636,4.465766588764114,4.469497349044338,0.9959689273093598,0.99916645525787,0.03865470714234291,0.056217683457377585,0.9998454230767411,56.786106350851234,radam_beta2_per_parameter_group,0.999,0.999,4.479357501937936,0.18311958754789842,0.040839890655791355,2.328524826976406,-0.09454657289972643,-0.5393968559456709,-0.053829128609865454,0.0,0.0,0.0,True
C,23,24,state,net_buffer,32,0.0,0.0,0.0,0.0,0.0,,,,,,not_declared_for_this_readout,,,,,,,,,,0.0,0.0,0.0,True
C,23,24,state,scaler,1,0.0,0.0,0.0,0.0,0.0,,,,,,not_declared_for_this_readout,,,,,,,,,,0.0,0.0,0.0,True
C,23,24,observable,residual,393216,0.1839934368634508,0.15524571089698364,0.18346156274861344,0.1877054589641718,0.9971092767008202,0.08569534136584907,-0.39544864117340517,0.4405630270789283,0.6503266234238932,1.1817496386122577,not_declared_for_this_readout,,,,,,,,,,0.0,0.0,0.0,True
C,23,24,observable,feature,49152,0.03839123261703161,0.03637161586979605,0.038433691360826944,0.038073506830267105,1.0011059489602452,-0.014215756699676197,-0.4830300942404732,0.4677001881951841,0.5480216574895075,1.0566946351356168,not_declared_for_this_readout,,,,,,,,,,0.0,0.0,0.0,True
D,23,24,state,theta,55732739,0.06501606374542895,0.0006160787009100074,0.06812734455964957,0.0683403298361695,1.0478540322958163,0.9989260497697859,0.34173002285716897,0.3496798709014942,0.9999641106798564,110.58221045301346,identity_parameter_carryover,1.0,1.0,0.06501606374543899,0.004381086393058003,0.0673846760427114,7.111244694203383,0.6934616586541034,0.3015208037821835,0.7260995436835149,0.0,0.0,0.0,True
D,23,24,state,EMA,55732771,0.0005920582740081991,8.803197502512597e-06,0.0006411970918394793,0.000641292593991748,1.0829965900123537,0.9911486539023526,0.003984725350051996,0.01771140336744812,0.9999057780666962,72.83684043854176,ema_transition_carryover_counterfactual_map,0.9993,1.0,0.0005916438349820634,9.576650772322282e-05,0.16175182735795463,10.878604926890402,0.4581747891188847,-0.027505355218731924,0.5721217418367948,0.0,0.0,0.0,True
D,23,24,state,m,55732739,12.355837794323168,1.47830739797094,11.972778234773658,12.734710864956481,0.9689976862819043,0.963405342080539,0.4700725884746632,0.5580324774847873,0.9947371522001484,8.098977419180185,radam_beta1_per_parameter_group,0.9,0.9,11.120253733681423,3.2359307494919323,0.2618948875307076,2.188943080399536,0.12805736875246668,0.13279906835117616,0.3892130207848411,0.0,0.0,0.0,True
D,23,24,state,v,55732739,11.94867706055921,0.15731909568645053,11.9633651136708,12.026030331137894,1.0012292618703433,0.9999283881312582,0.39280013469054686,0.4038348806683085,0.9999276356812602,76.04521918632649,radam_beta2_per_parameter_group,0.999,0.999,11.936728528913063,0.14547285463466267,0.012174808466022296,0.9246992807828087,0.17721427059536934,0.4807951667099493,0.18897956124811285,0.0,0.0,0.0,True
D,23,24,state,net_buffer,32,0.0,0.0,0.0,0.0,0.0,,,,,,not_declared_for_this_readout,,,,,,,,,,0.0,0.0,0.0,True
D,23,24,state,scaler,1,0.0,0.0,0.0,0.0,0.0,,,,,,not_declared_for_this_readout,,,,,,,,,,0.0,0.0,0.0,True
D,23,24,observable,residual,393216,0.2214815175771937,0.16442941125903937,0.1901615034548322,0.18829856133131972,0.8585885880457478,0.047131346520070616,-0.44361572009185357,0.42523308943017557,0.6225115632648068,1.1564932453310006,not_declared_for_this_readout,,,,,,,,,,0.0,0.0,0.0,True
D,23,24,observable,feature,49152,0.03782341894213357,0.03726981723259979,0.03824142924429043,0.03779895035820343,1.0110516265807798,-0.0036961238820032933,-0.499099969236649,0.48105888922554735,0.5195928570482619,1.0260696747082723,not_declared_for_this_readout,,,,,,,,,,0.0,0.0,0.0,True
B,24,25,state,theta,55732739,0.07137237025680246,0.0009662963245040155,0.07453194781929091,0.07476225947793387,1.0442689173852584,0.9992673918755703,0.23223057781540676,0.24444009263363084,0.9999209747685037,77.1315650585207,identity_parameter_carryover,1.0,1.0,0.07137237025680386,0.004216299338918732,0.05907467166563491,4.363360629652495,0.7364218245427743,0.1713566232564023,0.7617736034892192,0.0,0.0,0.0,True
B,24,25,state,EMA,55732771,0.0006941986268575595,1.1141539969114664e-05,0.0007473982048076553,0.0007475152399739267,1.0766345191302311,0.9930166276827798,0.0030516699653462677,0.01795595849436873,0.9998889188354427,67.08212750477128,ema_transition_carryover_counterfactual_map,0.9993,1.0,0.0006937126898738395,0.00010061613664261263,0.14493854172266715,9.030720790979476,0.4816936588667997,-0.04020445757561085,0.5817155267779548,0.0,0.0,0.0,True
B,24,25,state,m,55732739,14.607465567684379,3.6889218175995877,13.298406800073634,15.852295043267969,0.910384264707306,0.9681653416466844,0.6200925421661087,0.7528982184876031,0.9831938949697937,3.6049576156989467,radam_beta1_per_parameter_group,0.9,0.9,13.146718653368723,3.3398117107199763,0.22863731529913944,0.9053625627916451,-0.08134054070978756,-0.07519501568369545,0.17073101563615944,0.0,0.0,0.0,True
B,24,25,state,v,55732739,12.508015050623083,0.4877485393075223,12.453847446772368,12.894144136724776,0.9956693685103923,0.9998744585289135,0.8990875998600004,0.9062135668212515,0.999862881445062,25.533336223730437,radam_beta2_per_parameter_group,0.999,0.999,12.49550715961806,0.2020107441132904,0.016150503760644842,0.4141698597398032,-0.2139647936280205,-0.2568642314875294,-0.19845978332644157,0.0,0.0,0.0,True
B,24,25,state,net_buffer,32,0.0,0.0,0.0,0.0,0.0,,,,,,not_declared_for_this_readout,,,,,,,,,,0.0,0.0,0.0,True
B,24,25,state,scaler,1,0.0,0.0,0.0,0.0,0.0,,,,,,not_declared_for_this_readout,,,,,,,,,,0.0,0.0,0.0,True
B,24,25,observable,residual,393216,0.20199151863037476,0.15376591069551734,0.18703611053191901,0.1937375564815348,0.9259602175385259,0.10958193473091409,-0.3666965238683485,0.43966911048413576,0.6743694302909939,1.2163691528630316,not_declared_for_this_readout,,,,,,,,,,0.0,0.0,0.0,True
B,24,25,observable,feature,49152,0.03786106623364106,0.03516630826902833,0.03920442745153795,0.03934763334650777,1.035481336146399,0.05426007558650478,-0.4444195099463645,0.4509317161984479,0.5991677760229518,1.1148292038964487,not_declared_for_this_readout,,,,,,,,,,0.0,0.0,0.0,True
C,24,25,state,theta,55732739,0.048696595328347705,0.0009212091387610952,0.05053423928317331,0.05047095908283524,1.0377366003194861,0.998525337376478,-0.07776423863624478,-0.05960947758529662,0.9998344210786908,54.85642418955505,identity_parameter_carryover,1.0,1.0,0.048696595328331045,0.003261099319838671,0.06696770683555961,3.540020591007618,0.540652960257104,-0.019633445810760396,0.5855249462198181,0.0,0.0,0.0,True
C,24,25,state,EMA,55732771,0.0005169845856206755,1.0697653010244185e-05,0.0005540585812770572,0.0005540254958260759,1.0717119942983828,0.9909275381850957,-0.012746584927982998,0.006561608222556658,0.9998135950557838,51.79253624570593,ema_transition_carryover_counterfactual_map,0.9993,1.0,0.0005166226979572625,8.121104908625065e-05,0.15708601638238637,7.591482824174808,0.39907387433843466,-0.07122485453350937,0.5186846309005563,0.0,0.0,0.0,True
C,24,25,state,m,55732739,6.528026530161002,2.739086573339167,7.285257485656433,7.403401645486236,1.1159969175978142,0.8196934359540392,-0.1445058916725273,0.227776909191272,0.9305780866567216,2.6597397674711383,radam_beta1_per_parameter_group,0.9,0.9,5.875223726840961,4.174128052659135,0.6394165270888058,1.523912421494052,0.023107583708459986,-0.3811559431446832,0.591590658577271,0.0,0.0,0.0,True
C,24,25,state,v,55732739,4.469497349044338,0.21527578380355902,4.792271583812378,4.636575747712883,1.0722171218732361,0.9968331651375676,-0.7339510596555594,-0.7121671688253063,0.9995026386568915,22.26108064335451,radam_beta2_per_parameter_group,0.999,0.999,4.46502789656408,0.49255854482936146,0.11020446067267042,2.288035078199159,0.6335639850376561,-0.5274713631822785,0.6930824689344269,0.0,0.0,0.0,True
C,24,25,state,net_buffer,32,0.0,0.0,0.0,0.0,0.0,,,,,,not_declared_for_this_readout,,,,,,,,,,0.0,0.0,0.0,True
C,24,25,state,scaler,1,0.0,0.0,0.0,0.0,0.0,,,,,,not_declared_for_this_readout,,,,,,,,,,0.0,0.0,0.0,True
C,24,25,observable,residual,393216,0.1877054589641718,0.17217405889327508,0.191992085688284,0.16982257514263852,1.022836984857912,0.13344205367743361,-0.5697164799865971,0.3697565155687888,0.5529399541358487,1.1151046035761603,not_declared_for_this_readout,,,,,,,,,,0.0,0.0,0.0,True
C,24,25,observable,feature,49152,0.038073506830267105,0.03679290413343594,0.03730651462142885,0.037905999613785844,0.979854962868077,0.03837131753170755,-0.47669193684268296,0.5014823409322199,0.5214909008969896,1.0139594984437819,not_declared_for_this_readout,,,,,,,,,,0.0,0.0,0.0,True
D,24,25,state,theta,55732739,0.0683403298361695,0.0006097959022199279,0.0712947155516372,0.07152824914441049,1.043230486632859,0.9989523082987809,0.37932073652576936,0.3866075326383567,0.9999688883477578,116.91570128971476,identity_parameter_carryover,1.0,1.0,0.06834032983615074,0.0043517514494458304,0.06367764773565143,7.136406515038101,0.6617314584979241,0.20115845806574745,0.6953488376041571,0.0,0.0,0.0,True
D,24,25,state,EMA,55732771,0.000641292593991748,8.717838405772221e-06,0.0006923015708565534,0.0006924311304887494,1.0795408793781607,0.9921374319053679,0.00856655828813588,0.02115514384101037,0.9999207462534098,79.41206737649202,ema_transition_carryover_counterfactual_map,0.9993,1.0,0.0006408436910815125,9.810444239095641e-05,0.15297922244868273,11.253299020316765,0.4690369815139201,-0.024525927483091067,0.5758817394828734,0.0,0.0,0.0,True
D,24,25,state,m,55732739,12.734710864956481,2.2972322330947588,12.263478386958678,13.331556407378747,0.962996216954203,0.9362758213920922,0.391526566641642,0.5324741991186926,0.9873495212213459,5.3383711974290495,radam_beta1_per_parameter_group,0.9,0.9,11.46123948635937,4.307789238022136,0.33827146008287934,1.8752084251485615,0.004818901846753923,-0.07025176418729726,0.3557734346057612,0.0,0.0,0.0,True
D,24,25,state,v,55732739,12.026030331137894,0.3553258524718782,12.010564719887446,12.327492115749127,0.998713988670858,0.9998412086387414,0.8889102151811289,0.8948810851787371,0.9999128276967129,33.80155042571243,radam_beta2_per_parameter_group,0.999,0.999,12.014004423629387,0.21409678923714037,0.017802781411817934,0.6025364823520258,-0.024974114195487142,-0.1207239375608725,-0.007155563340740327,0.0,0.0,0.0,True
D,24,25,state,net_buffer,32,0.0,0.0,0.0,0.0,0.0,,,,,,not_declared_for_this_readout,,,,,,,,,,0.0,0.0,0.0,True
D,24,25,state,scaler,1,0.0,0.0,0.0,0.0,0.0,,,,,,not_declared_for_this_readout,,,,,,,,,,0.0,0.0,0.0,True
D,24,25,observable,residual,393216,0.18829856133131972,0.16322042988350086,0.19095511075713084,0.19671465959546852,1.0141081769665612,0.03478656813259385,-0.391559961328191,0.44963631221948724,0.645831509483003,1.169921626192418,not_declared_for_this_readout,,,,,,,,,,0.0,0.0,0.0,True
D,24,25,observable,feature,49152,0.03779895035820343,0.03602318040686458,0.0377389902586871,0.037734899173706114,0.9984137099324686,-0.01583886180631221,-0.47738097373344507,0.4772055811402069,0.5443822500894995,1.0476307153461542,not_declared_for_this_readout,,,,,,,,,,0.0,0.0,0.0,True
B,25,26,state,theta,55732739,0.07476225947793387,0.0009739616309663315,0.07785778268398634,0.07800972451129802,1.0414048910194604,0.9993905817449844,0.1499013899413695,0.16209455362475528,0.9999238091774135,79.93927092049664,identity_parameter_carryover,1.0,1.0,0.07476225947794618,0.004083735596947429,0.054622955826432,4.192912191926581,0.7463938787457005,0.10063221262278048,0.7691694570285221,0.0,0.0,0.0,True
B,25,26,state,EMA,55732771,0.0007475152399739267,1.1213287842888535e-05,0.0008028204989425241,0.0008028865543582201,1.073985460109852,0.9937460099732831,-0.0010926246945965874,0.012873682196207227,0.9999024677515457,71.59545979653709,ema_transition_carryover_counterfactual_map,0.9993,1.0,0.0007469919815120894,0.00010304302471953677,0.1378473898714505,9.189367664800171,0.49307254105839626,-0.04354021361161195,0.5871353058453156,0.0,0.0,0.0,True
B,25,26,state,m,55732739,15.852295043267969,2.7256847027157654,14.02896609624099,13.469383587111981,0.884980127984604,0.9887601454826465,-0.2983502199038865,-0.10838360996109363,0.9811701760756462,5.146951179739564,radam_beta1_per_parameter_group,0.9,0.9,14.267065202851011,2.1344914673983273,0.13464873455687962,0.7831028531185591,-0.18542245335984064,0.11117428182617566,-0.036420557470270835,0.0,0.0,0.0,True
B,25,26,state,v,55732739,12.894144136724776,0.3097196627920671,12.929703173604649,13.206788248716524,1.0027577663552398,0.9999387853558857,0.8922408240362527,0.89697271235529,0.9999439267179797,41.74647181598255,radam_beta2_per_parameter_group,0.999,0.999,12.881250214314784,0.15079250559791282,0.011694650222532367,0.48686771849919214,0.31607321545993217,0.3858138119561114,0.32655124542426794,0.0,0.0,0.0,True
B,25,26,state,net_buffer,32,0.0,0.0,0.0,0.0,0.0,,,,,,not_declared_for_this_readout,,,,,,,,,,0.0,0.0,0.0,True
B,25,26,state,scaler,1,0.0,0.0,0.0,0.0,0.0,,,,,,not_declared_for_this_readout,,,,,,,,,,0.0,0.0,0.0,True
B,25,26,observable,residual,393216,0.1937375564815348,0.15851408005008155,0.19228393204175276,0.20747498857441532,0.9924969403651966,0.10151907981889136,-0.31256781706616765,0.47433337305423634,0.6879746471948891,1.2130400780864503,not_declared_for_this_readout,,,,,,,,,,0.0,0.0,0.0,True
B,25,26,observable,feature,49152,0.03934763334650777,0.035790480428641615,0.03742931712251989,0.04024383837568504,0.9512469731763896,-0.021104266636704005,-0.39651210853648106,0.5205592662346049,0.5774289729844883,1.0457897372220457,not_declared_for_this_readout,,,,,,,,,,0.0,0.0,0.0,True
C,25,26,state,theta,55732739,0.05047095908283524,0.0009545618708228732,0.05226642413486842,0.05233869770381209,1.035574220990855,0.9986127034243782,0.0666345206599788,0.08478067251065337,0.9998344094021944,54.754359808874966,identity_parameter_carryover,1.0,1.0,0.05047095908281935,0.0032469825144304785,0.06433367967312416,3.401542229663375,0.5306329840611964,0.07964182611419092,0.5745282681572967,0.0,0.0,0.0,True
C,25,26,state,EMA,55732771,0.0005540254958260759,1.087815539563257e-05,0.0005921206252972269,0.0005921503909607015,1.0687606071528342,0.9918199568526861,-0.006449412221220044,0.011921507620642062,0.9998312533887458,54.432080050534594,ema_transition_carryover_counterfactual_map,0.9993,1.0,0.000553637679635361,8.272910809209513e-05,0.1493236479464586,7.605067686871777,0.40662076715576706,-0.0600626239718317,0.5199104252652895,0.0,0.0,0.0,True
C,25,26,state,m,55732739,7.403401645486236,2.707991395082285,7.0326498851503585,7.8263463387273955,0.9499214309732986,0.9235375947859239,0.11710333910662356,0.451237145221387,0.9391054780463001,2.596998608607715,radam_beta1_per_parameter_group,0.9,0.9,6.663061313806276,2.7023130716487485,0.36500965381181444,0.9979031235313937,-0.0622225291610709,-0.001702968866962951,0.32529993439180477,0.0,0.0,0.0,True
C,25,26,state,v,55732739,4.636575747712883,0.4075250169272959,4.476315671057032,4.855805978242606,0.9654356824139227,0.9995922263141931,0.9251599118166642,0.9367822455855759,0.9994924635636027,10.984149402184123,radam_beta2_per_parameter_group,0.999,0.999,4.631939230491528,0.20280106149254917,0.04373940436378858,0.4976407657661166,-0.7763710999131151,-0.6987144363720872,-0.7580570597489787,0.0,0.0,0.0,True
C,25,26,state,net_buffer,32,0.0,0.0,0.0,0.0,0.0,,,,,,not_declared_for_this_readout,,,,,,,,,,0.0,0.0,0.0,True
C,25,26,state,scaler,1,0.0,0.0,0.0,0.0,0.0,,,,,,not_declared_for_this_readout,,,,,,,,,,0.0,0.0,0.0,True
C,25,26,observable,residual,393216,0.16982257514263852,0.15649101682664654,0.1811326602928837,0.18904501533129225,1.0665994208411074,0.05201672530349271,-0.3803136138404641,0.46340179905088413,0.6433229457906888,1.1574636293247045,not_declared_for_this_readout,,,,,,,,,,0.0,0.0,0.0,True
C,25,26,observable,feature,49152,0.037905999613785844,0.036702419536179406,0.03953798837708589,0.0398275464820144,1.0430535741024627,-0.04579745202934714,-0.4562229745711716,0.4686274329917216,0.5723049340391655,1.0772583627112464,not_declared_for_this_readout,,,,,,,,,,0.0,0.0,0.0,True
D,25,26,state,theta,55732739,0.07152824914441049,0.0005836488302056504,0.0744495657041881,0.07463560318080356,1.0408414380992284,0.9990866893542412,0.3152274839221141,0.3222617233757047,0.999972461877603,127.55883649754867,identity_parameter_carryover,1.0,1.0,0.07152824914443334,0.004273324250421004,0.05974316862969012,7.32173873956928,0.6677052363962042,0.1920234961775203,0.6989041542721013,0.0,0.0,0.0,True
D,25,26,state,EMA,55732771,0.0006924311304887494,8.662658948097799e-06,0.0007453557754592779,0.0007454471936337506,1.0764330814144243,0.9929836037913473,0.004742688173668102,0.01636286121098018,0.9999324782697468,86.04237797252168,ema_transition_carryover_counterfactual_map,0.9993,1.0,0.0006919464307489117,0.00010044858599999472,0.1450665366952718,11.59558359642588,0.4796447136979958,-0.02668941415000775,0.5800411667790483,0.0,0.0,0.0,True
D,25,26,state,m,55732739,13.331556407378747,3.066904687461246,12.541452131531777,11.68645288997798,0.9407342810019044,0.9619153659106088,-0.3915503408920483,-0.15776430943408373,0.9704060472787537,4.089286564009092,radam_beta1_per_parameter_group,0.9,0.9,11.998400467385892,3.428798022177047,0.2571941277823553,1.1179995375126486,0.01907812835395421,-0.2855339169096311,0.2916492452106168,0.0,0.0,0.0,True
D,25,26,state,v,55732739,12.327492115749127,0.6061325551254254,12.024336594008362,12.58445630357202,0.9754081755725915,0.9998489781279445,0.9204064180543751,0.9276053607324604,0.9998226847802804,19.837800316665383,radam_beta2_per_parameter_group,0.999,0.999,12.315164764968491,0.3595944759937387,0.029170124192116474,0.5932604559069242,-0.8138170309041984,-0.8742115531656555,-0.8035949670627158,0.0,0.0,0.0,True
D,25,26,state,net_buffer,32,0.0,0.0,0.0,0.0,0.0,,,,,,not_declared_for_this_readout,,,,,,,,,,0.0,0.0,0.0,True
D,25,26,state,scaler,1,0.0,0.0,0.0,0.0,0.0,,,,,,not_declared_for_this_readout,,,,,,,,,,0.0,0.0,0.0,True
D,25,26,observable,residual,393216,0.19671465959546852,0.16458565400507208,0.1981585027570697,0.19900904962748864,1.0073397842569047,0.02959969591773048,-0.4101089949340667,0.4186697527458675,0.6565552966413227,1.203984052892988,not_declared_for_this_readout,,,,,,,,,,0.0,0.0,0.0,True
D,25,26,observable,feature,49152,0.037734899173706114,0.0405757959004117,0.039734676592142124,0.0392779323827072,1.052995435584189,-0.020291520299385673,-0.5217760690375635,0.5051995189141167,0.4726113668174549,0.9792704175086546,not_declared_for_this_readout,,,,,,,,,,0.0,0.0,0.0,True
B,26,27,state,theta,55732739,0.07800972451129802,0.0010479291563907167,0.08090437781553968,0.08111724590036626,1.0371063136343013,0.999257319145759,0.1969230202997069,0.20932495183763042,0.9999197863510055,77.20405269969868,identity_parameter_carryover,1.0,1.0,0.07800972451129722,0.0042135048388575284,0.0540125588861334,4.020791685355625,0.672733811926331,-0.06841200322580224,0.7007443318570655,0.0,0.0,0.0,True
B,26,27,state,EMA,55732771,0.0008028865543582201,1.1529177051548552e-05,0.0008599944588214302,0.0008601172448667787,1.0711282361788443,0.9943794615165689,0.003947734044448714,0.017351362902840915,0.9999101611773743,74.59287466714021,ema_transition_carryover_counterfactual_map,0.9993,1.0,0.0008023245361301326,0.00010527156791616252,0.1311163667453746,9.130883101671413,0.5019046622544128,-0.04073316361663483,0.5906572862433556,0.0,0.0,0.0,True
B,26,27,state,m,55732739,13.469383587111981,4.924721770065278,11.172491236033407,13.626627252890037,0.829473090863911,0.9163430746405946,0.33266618226000144,0.634157786480664,0.9401284256349444,2.268654303263373,radam_beta1_per_parameter_group,0.9,0.9,12.122444923032008,4.854178638842407,0.36038610137193433,0.9856757123515759,-0.388244869550058,-0.7520067522893255,0.013220112027404939,0.0,0.0,0.0,True
B,26,27,state,v,55732739,13.206788248716524,1.2956563562068417,12.459387926082751,13.73084297199434,0.943407866579037,0.999596937773353,0.9793969219776698,0.9830672864200312,0.9998184234786684,9.616275076640541,radam_beta2_per_parameter_group,0.999,0.999,13.193581591532821,0.8194841374779939,0.06205022160157931,0.6324857154848623,-0.902049887585606,-0.93983066439487,-0.8894325077532534,0.0,0.0,0.0,True
B,26,27,state,net_buffer,32,0.0,0.0,0.0,0.0,0.0,,,,,,not_declared_for_this_readout,,,,,,,,,,0.0,0.0,0.0,True
B,26,27,state,scaler,1,0.0,0.0,0.0,0.0,0.0,,,,,,not_declared_for_this_readout,,,,,,,,,,0.0,0.0,0.0,True
B,26,27,observable,residual,393216,0.20747498857441532,0.16115657753095686,0.18315810293991208,0.19663706850855703,0.8827960623032811,0.04126353920990212,-0.3532219140403967,0.49055410849107217,0.6419647583320975,1.1365226647651345,not_declared_for_this_readout,,,,,,,,,,0.0,0.0,0.0,True
B,26,27,observable,feature,49152,0.04024383837568504,0.03700561963278912,0.038002198057619695,0.03757366496524289,0.9442985458509413,-0.017467945711385865,-0.49840280872940673,0.4807946576329801,0.5205372782228692,1.0269304617709345,not_declared_for_this_readout,,,,,,,,,,0.0,0.0,0.0,True
C,26,27,state,theta,55732739,0.05233869770381209,0.0008930920814104237,0.053969988050876036,0.054072371626369506,1.031167958291502,0.9985002538014273,0.10647420790900672,0.12278921028032203,0.999865138085938,60.43048547205059,identity_parameter_carryover,1.0,1.0,0.05233869770379443,0.0033367395808074555,0.06375282013492713,3.7361652289402003,0.4646299254465893,-0.17860113679886133,0.5124119124655757,0.0,0.0,0.0,True
C,26,27,state,EMA,55732771,0.0005921503909607015,1.0489394170912662e-05,0.0006311215471981923,0.0006312045414366932,1.0658129367680804,0.9925967568823268,-0.00039739666876708815,0.0162207143617262,0.9998619105486738,60.16758803366425,ema_transition_carryover_counterfactual_map,0.9993,1.0,0.0005917358874517265,8.414760902653806e-05,0.14210513124886642,8.022161018591651,0.41252881570060573,-0.05417249422347422,0.5201148896536648,0.0,0.0,0.0,True
C,26,27,state,m,55732739,7.8263463387273955,2.1526396899883418,7.737390385443454,7.52155450536617,0.988633782683018,0.9122932370801387,-0.23797352700709135,0.04139378500966528,0.960588548668601,3.59437318815085,radam_beta1_per_parameter_group,0.9,0.9,7.04371152809812,3.1687880983245216,0.4048872821592742,1.472047604186692,0.004751782928870371,-0.4149093660535651,0.4138680004344175,0.0,0.0,0.0,True
C,26,27,state,v,55732739,4.855805978242606,0.21511749786331055,4.518440051276164,4.38489975043969,0.9305231863715155,0.9986452700701519,-0.6354094182978592,-0.6057018444869817,0.9992822222797164,21.00452123214663,radam_beta2_per_parameter_group,0.999,0.999,4.850950226114827,0.4122510506182761,0.08489858377073714,1.9163994315340525,-0.8214204434518403,0.29677696195088116,-0.7906309686141925,0.0,0.0,0.0,True
C,26,27,state,net_buffer,32,0.0,0.0,0.0,0.0,0.0,,,,,,not_declared_for_this_readout,,,,,,,,,,0.0,0.0,0.0,True
C,26,27,state,scaler,1,0.0,0.0,0.0,0.0,0.0,,,,,,not_declared_for_this_readout,,,,,,,,,,0.0,0.0,0.0,True
C,26,27,observable,residual,393216,0.18904501533129225,0.16373942987264758,0.1852604533986083,0.18306967571137348,0.9799806309304073,-0.06874772533642695,-0.4552173931198455,0.4337455065661612,0.6048157159333027,1.131434582022786,not_declared_for_this_readout,,,,,,,,,,0.0,0.0,0.0,True
C,26,27,observable,feature,49152,0.0398275464820144,0.038461682646904895,0.04140719845936957,0.03755496313476078,1.0396622970001057,-0.05485578910703344,-0.5599310778949651,0.4067772700540733,0.52912598971083,1.0765831240277708,not_declared_for_this_readout,,,,,,,,,,0.0,0.0,0.0,True
D,26,27,state,theta,55732739,0.07463560318080356,0.0006433861021573622,0.07737985984585266,0.07760885778529233,1.0367687343318066,0.9993372458183831,0.352295492908801,0.3595460977529558,0.9999699014324386,120.26970987776598,identity_parameter_carryover,1.0,1.0,0.07463560318078452,0.0038969402318749704,0.05221288588550286,6.0569232359977825,0.691048022075161,0.29533500897394194,0.7169013525850408,0.0,0.0,0.0,True
D,26,27,state,EMA,55732771,0.0007454471936337506,9.048434037315451e-06,0.0008001213301873758,0.000800232877897069,1.0733440772472576,0.9937185539762502,0.006674292546340452,0.017980613225196455,0.9999360738414336,88.42649754506704,ema_transition_carryover_counterfactual_map,0.9993,1.0,0.0007449253827965864,0.00010263752628970364,0.13768584437133316,11.34312587862494,0.4888078489066134,-0.024332355275700986,0.5833651505472041,0.0,0.0,0.0,True
D,26,27,state,m,55732739,11.68645288997798,3.9956729623034417,9.68370230572706,11.897618165001784,0.8286263074770591,0.9513126277291847,0.41110667698791825,0.6704457587667038,0.9519846731094349,2.423547271532593,radam_beta1_per_parameter_group,0.9,0.9,10.517807347546348,3.257833176403279,0.27877006026329154,0.8153402961500608,-0.40075074144200273,-0.3864380336447084,-0.09884503706466072,0.0,0.0,0.0,True
D,26,27,state,v,55732739,12.58445630357202,1.1704715023851335,12.232079258947218,13.378237282665506,0.9719990251366853,0.9998334057639492,0.9772605829918666,0.9810261346756202,0.9998279025200867,10.4505570908999,radam_beta2_per_parameter_group,0.999,0.999,12.571871929746369,0.4082852293626645,0.03244361293914424,0.3488211618400614,-0.8372344628587339,-0.8509005537086882,-0.8271136084532539,0.0,0.0,0.0,True
D,26,27,state,net_buffer,32,0.0,0.0,0.0,0.0,0.0,,,,,,not_declared_for_this_readout,,,,,,,,,,0.0,0.0,0.0,True
D,26,27,state,scaler,1,0.0,0.0,0.0,0.0,0.0,,,,,,not_declared_for_this_readout,,,,,,,,,,0.0,0.0,0.0,True
D,26,27,observable,residual,393216,0.19900904962748864,0.16282950516529102,0.19970212609509727,0.2003567400920373,1.0034826379448871,0.18976985250025208,-0.4036541195305359,0.4103626324236949,0.6686838959970351,1.2264492598707846,not_declared_for_this_readout,,,,,,,,,,0.0,0.0,0.0,True
D,26,27,observable,feature,49152,0.0392779323827072,0.03675514374447312,0.03830536225506585,0.03738549181278994,0.9752387646537745,-0.042322836070804205,-0.5044914779736169,0.466234736549247,0.5286196464459202,1.0421769132878398,not_declared_for_this_readout,,,,,,,,,,0.0,0.0,0.0,True
B,27,28,state,theta,55732739,0.08111724590036626,0.0015516788053429574,0.08386215813854993,0.0837268198388794,1.0338388243796537,0.9993367496708052,-0.0964015489747935,-0.07802473749933099,0.9998298521226123,54.04608083179587,identity_parameter_carryover,1.0,1.0,0.0811172459003217,0.004069187370029991,0.05016426932230965,2.6224418069115827,0.6608913253891352,0.028348787617787946,0.687781864970818,0.0,0.0,0.0,True
B,27,28,state,EMA,55732771,0.0008601172448667787,1.3663566458469303e-05,0.0009190758729909714,0.0009188961943641857,1.06854719920576,0.9949403334700728,-0.020582232216696295,-0.005716713831673348,0.9998894890722219,67.26471275157346,ema_transition_carryover_counterfactual_map,0.9993,1.0,0.0008595151653194561,0.00010743064140127025,0.12490232237804963,7.862562218130086,0.5111250339963969,-0.06864789828314577,0.5948914290465616,0.0,0.0,0.0,True
B,27,28,state,m,55732739,13.626627252890037,3.9203936375128055,12.860977276891123,13.420404602322671,0.9438122169345662,0.9650806362661899,-0.006614060522011664,0.2857835116809705,0.9563830552382258,3.280532126628602,radam_beta1_per_parameter_group,0.9,0.9,12.263964221119883,3.3722169561864503,0.24747260592097325,0.8601730509709398,0.04386310673038347,0.08847684005349486,0.3040323018918744,0.0,0.0,0.0,True
B,27,28,state,v,55732739,13.73084297199434,0.2458700149852201,13.69934247612087,13.745786431892661,0.9977058585596151,0.9999442753333518,0.1802427923794034,0.19752072899543638,0.999845213824685,55.717825034274206,radam_beta2_per_parameter_group,0.999,0.999,13.717112382167132,0.14580403535860828,0.010618724258662973,0.59301267528443,-0.12711100411903692,-0.06049500343161573,-0.11663274292301563,0.0,0.0,0.0,True
B,27,28,state,net_buffer,32,0.0,0.0,0.0,0.0,0.0,,,,,,not_declared_for_this_readout,,,,,,,,,,0.0,0.0,0.0,True
B,27,28,state,scaler,1,0.0,0.0,0.0,0.0,0.0,,,,,,not_declared_for_this_readout,,,,,,,,,,0.0,0.0,0.0,True
B,27,28,observable,residual,393216,0.19663706850855703,0.15923532600835758,0.1976376910257956,0.1917040096101149,1.0050886769459493,0.09482043118906729,-0.43955077169314205,0.37747528885540965,0.6658477350453811,1.2411673714626767,not_declared_for_this_readout,,,,,,,,,,0.0,0.0,0.0,True
B,27,28,observable,feature,49152,0.03757366496524289,0.03560444392168464,0.03738289932408427,0.0360843690321714,0.9949228897065249,-0.01960105853655007,-0.5120505716862387,0.4562227189512681,0.5307456933039398,1.0499503771582983,not_declared_for_this_readout,,,,,,,,,,0.0,0.0,0.0,True
C,27,28,state,theta,55732739,0.054072371626369506,0.0014671024532805727,0.05570814516857407,0.05615829900349251,1.0302515590310606,0.9984623891301428,0.2949038348632448,0.31866435440821445,0.9996883863005246,37.97154387139471,identity_parameter_carryover,1.0,1.0,0.054072371626377715,0.003455308665036547,0.0639015556578897,2.3551924797822856,0.44861870325243647,-0.01460190521168007,0.497470986010914,0.0,0.0,0.0,True
C,27,28,state,EMA,55732771,0.0006312045414366932,1.3146883832567838e-05,0.0006710660379807756,0.0006713803523172826,1.063151472981093,0.9932703746870102,0.01411797371795776,0.03369323579654622,0.9998082949915917,51.04373374916355,ema_transition_carryover_counterfactual_map,0.9993,1.0,0.0006307627001324844,8.556539464238835e-05,0.13555890210744015,6.508416422637225,0.41824519131802085,-0.05042216579258793,0.52063260700896,0.0,0.0,0.0,True
C,27,28,state,m,55732739,7.52155450536617,3.605207567818988,8.273018792607266,8.574668476135217,1.099908108982654,0.8645868241360752,-0.13269354513317033,0.29242312775744084,0.909030015701042,2.2947413254244675,radam_beta1_per_parameter_group,0.9,0.9,6.769398886273442,4.17469275523079,0.5550305794171141,1.1579618306849164,0.09182571751289316,-0.37624033385593425,0.5797518160297468,0.0,0.0,0.0,True
C,27,28,state,v,55732739,4.38489975043969,0.18587429053397872,4.359826194265482,4.370624791349498,0.9942818404977916,0.9990430836827993,0.03685147714819732,0.07928850964007496,0.9990965010490531,23.455778535808236,radam_beta2_per_parameter_group,0.999,0.999,4.380514934981258,0.19229907722747241,0.043854840058359344,1.0345652251047555,-0.12928158522475608,-0.21115049184651524,-0.08578801108655915,0.0,0.0,0.0,True
C,27,28,state,net_buffer,32,0.0,0.0,0.0,0.0,0.0,,,,,,not_declared_for_this_readout,,,,,,,,,,0.0,0.0,0.0,True
C,27,28,state,scaler,1,0.0,0.0,0.0,0.0,0.0,,,,,,not_declared_for_this_readout,,,,,,,,,,0.0,0.0,0.0,True
C,27,28,observable,residual,393216,0.18306967571137348,0.15196097859227967,0.1846186838080933,0.18551308747275472,1.0084613035485024,0.020642692518166257,-0.40565362630121327,0.4154409862532656,0.6628921089134194,1.214908495051458,not_declared_for_this_readout,,,,,,,,,,0.0,0.0,0.0,True
C,27,28,observable,feature,49152,0.03755496313476078,0.03594249487886516,0.0378798690169261,0.03737946060743435,1.0086514765305306,0.006937939105375225,-0.48825790338049385,0.46676300751282157,0.543899283048074,1.0539020494985214,not_declared_for_this_readout,,,,,,,,,,0.0,0.0,0.0,True
D,27,28,state,theta,55732739,0.07760885778529233,0.0006188626087150738,0.080095843580783,0.08028128554387895,1.032045128178165,0.9992855441699451,0.29613326747458585,0.30315790678418364,0.9999728933506151,129.4242735832492,identity_parameter_carryover,1.0,1.0,0.0776088577853025,0.0038816778822320804,0.05001591304140669,6.272277283469257,0.6259563330056138,0.3238076043582897,0.6549832246583206,0.0,0.0,0.0,True
D,27,28,state,EMA,55732771,0.000800232877897069,8.88259524492268e-06,0.0008565757430790147,0.000856661019508608,1.070408085868715,0.9943783768147257,0.00441592920526456,0.014784346196318595,0.9999462430100301,96.43304906509572,ema_transition_carryover_counterfactual_map,0.9993,1.0,0.0007996727172372629,0.00010459137671912969,0.1307011741306921,11.774866898152817,0.49801122634031414,-0.026340424618286267,0.5870319949573984,0.0,0.0,0.0,True
D,27,28,state,m,55732739,11.897618165001784,1.4334802058107703,10.980313441458476,11.683917504294687,0.9229001375887431,0.9108888327357972,0.44128731827148737,0.5374013703763633,0.993920923612084,7.659898892882206,radam_beta1_per_parameter_group,0.9,0.9,10.707856076584758,4.585720635588667,0.38543182105794027,3.19901217819398,-0.15395861172664546,0.16788903736215327,0.26749272678735875,0.0,0.0,0.0,True
D,27,28,state,v,55732739,13.378237282665506,0.1472296360643779,13.35161415126663,13.402310803755732,0.9980099671700867,0.999877270081616,0.33947746027281567,0.3491787175512701,0.9999466129705873,90.68564256606925,radam_beta2_per_parameter_group,0.999,0.999,13.364859236842864,0.2097042721879767,0.015675030107269467,1.4243346502349639,-0.07097484441313069,0.17387435474244814,-0.05533896619061091,0.0,0.0,0.0,True
D,27,28,state,net_buffer,32,0.0,0.0,0.0,0.0,0.0,,,,,,not_declared_for_this_readout,,,,,,,,,,0.0,0.0,0.0,True
D,27,28,state,scaler,1,0.0,0.0,0.0,0.0,0.0,,,,,,not_declared_for_this_readout,,,,,,,,,,0.0,0.0,0.0,True
D,27,28,observable,residual,393216,0.2003567400920373,0.15041983343476484,0.1886259063195231,0.1901833134563509,0.9414502663243302,0.05742643071081118,-0.3883287982774621,0.40577146599887615,0.6846739117025127,1.2539962451250004,not_declared_for_this_readout,,,,,,,,,,0.0,0.0,0.0,True
D,27,28,observable,feature,49152,0.03738549181278994,0.0354542664046668,0.04018965088031727,0.037530182344749655,1.0750066116976427,0.049986383257241904,-0.5136163996348829,0.3946744111411844,0.5856555136330485,1.1335631774636623,not_declared_for_this_readout,,,,,,,,,,0.0,0.0,0.0,True
B,28,29,state,theta,55732739,0.0837268198388794,0.0014394985527420745,0.0863399695150941,0.08643839844598547,1.031210425539192,0.9991338544958288,0.060079987187418936,0.07666503468492766,0.9998618221010449,59.97919855537656,identity_parameter_carryover,1.0,1.0,0.08372681983887667,0.004399003616573834,0.05253995822412822,3.055927779985782,0.5770321920691417,-0.1458864950999697,0.6105176351026583,0.0,0.0,0.0,True
B,28,29,state,EMA,55732771,0.0009188961943641857,1.3111614350240717e-05,0.0009792102289566923,0.0009792574366219362,1.0656374843670344,0.9954393421359582,-0.0030944613483154526,0.010295031487977654,0.9999103595788176,74.68265941933495,ema_transition_carryover_counterfactual_map,0.9993,1.0,0.0009182529697096912,0.00010916654405918969,0.11880182411107447,8.325942263332776,0.5174792048480519,-0.053985683854585326,0.596749649238801,0.0,0.0,0.0,True
B,28,29,state,m,55732739,13.420404602322671,4.014876052350828,12.982592494173618,12.819971830126844,0.9673771304873118,0.8933928332191445,-0.19487620724147128,0.11582534553119903,0.951654873989389,3.2336222401117287,radam_beta1_per_parameter_group,0.9,0.9,12.07836383586445,5.852473328922955,0.436087696484953,1.457697137498469,-0.08198392679448104,-0.30724676125898975,0.37452008433076556,0.0,0.0,0.0,True
B,28,29,state,v,55732739,13.745786431892661,0.2216039863912349,13.611358036832625,13.67122203099884,0.990220392574401,0.9997847210697396,0.26259316062937615,0.2776528319951398,0.9998776771405017,61.42199090589552,radam_beta2_per_parameter_group,0.999,0.999,13.732040906228356,0.30828666019633044,0.022427720794573874,1.3911602639316243,-0.40096807274945684,-0.2731567531165704,-0.38187396867177736,0.0,0.0,0.0,True
B,28,29,state,net_buffer,32,0.0,0.0,0.0,0.0,0.0,,,,,,not_declared_for_this_readout,,,,,,,,,,0.0,0.0,0.0,True
B,28,29,state,scaler,1,0.0,0.0,0.0,0.0,0.0,,,,,,not_declared_for_this_readout,,,,,,,,,,0.0,0.0,0.0,True
B,28,29,observable,residual,393216,0.1917040096101149,0.1515476316685752,0.19007908535096246,0.1847392434527694,0.9915237857441939,0.12132260800591867,-0.4333840998013819,0.3744216825829022,0.6733856277540186,1.2542530903198343,not_declared_for_this_readout,,,,,,,,,,0.0,0.0,0.0,True
B,28,29,observable,feature,49152,0.0360843690321714,0.034375179518742374,0.04254782434235299,0.04170728401995231,1.1791206409739083,-0.038484774485347616,-0.42816973782243356,0.38740208346898275,0.6672554541528213,1.2377484259872635,not_declared_for_this_readout,,,,,,,,,,0.0,0.0,0.0,True
C,28,29,state,theta,55732739,0.05615829900349251,0.0013009892355730832,0.05833057079846991,0.05839564141109288,1.0386812249217576,0.9985214698780627,0.038892290871256265,0.06112782864433952,0.9997521705301462,44.83555221175632,identity_parameter_carryover,1.0,1.0,0.05615829900348825,0.0037954369893866214,0.06758461450462704,2.917346958458683,0.5496147860864316,-0.2904931539185484,0.5942144575083113,0.0,0.0,0.0,True
C,28,29,state,EMA,55732771,0.0006713803523172826,1.2336246428912575e-05,0.0007127874937577129,0.0007128200291677929,1.06167463986325,0.9938180802537584,-0.0060160798681577025,0.011290451457765869,0.9998502409451178,57.779933131616616,ema_transition_carryover_counterfactual_map,0.9993,1.0,0.0006709103880646109,8.75573209505249e-05,0.13041388632884335,7.097565815912691,0.42795633995859694,-0.0660992002583877,0.5256513032862415,0.0,0.0,0.0,True
C,28,29,state,m,55732739,8.574668476135217,3.97584746777554,9.115676658310507,8.734955885606873,1.063093772509224,0.64963880649805,-0.3118361699808281,0.129737320566402,0.9016489281312764,2.2927631736865064,radam_beta1_per_parameter_group,0.9,0.9,7.717201419608527,7.158897270525022,0.8348891027623363,1.8005965592363071,-0.25077942133256675,-0.05337197408363589,0.5730328267487128,0.0,0.0,0.0,True
C,28,29,state,v,55732739,4.370624791349498,0.28814892446659013,5.082702390177481,5.30297056928676,1.1629235253132122,0.9975916972609136,0.752642618870309,0.7757175546424768,0.9993597893992197,17.639151003552687,radam_beta2_per_parameter_group,0.999,0.999,4.366254205822514,0.7875213575215847,0.1801850753879116,2.733035908356809,0.8942074923313303,0.6288777281590135,0.9231031498150247,0.0,0.0,0.0,True
C,28,29,state,net_buffer,32,0.0,0.0,0.0,0.0,0.0,,,,,,not_declared_for_this_readout,,,,,,,,,,0.0,0.0,0.0,True
C,28,29,state,scaler,1,0.0,0.0,0.0,0.0,0.0,,,,,,not_declared_for_this_readout,,,,,,,,,,0.0,0.0,0.0,True
C,28,29,observable,residual,393216,0.18551308747275472,0.16236864861390013,0.18902230798050992,0.192334087369526,1.0189162961792149,0.011892723557810556,-0.40892064685703505,0.4423216151001408,0.6375698496149182,1.1641552084971163,not_declared_for_this_readout,,,,,,,,,,0.0,0.0,0.0,True
C,28,29,observable,feature,49152,0.03737946060743435,0.03436380412745216,0.03776159813232182,0.03952016723710574,1.0102231952702783,0.023319988297647094,-0.402643268240142,0.48479933616005616,0.605393281504559,1.0988771205966477,not_declared_for_this_readout,,,,,,,,,,0.0,0.0,0.0,True
D,28,29,state,theta,55732739,0.08028128554387895,0.0006391431199355927,0.08278359626182265,0.08301840419635462,1.031169290588602,0.9992824486245423,0.36403996647162845,0.37070913402165456,0.9999742913080445,129.5227839895466,identity_parameter_carryover,1.0,1.0,0.08028128554386704,0.003974822489663342,0.049511196323467475,6.218986586390683,0.6145958067172673,0.30237079557960994,0.644032952786671,0.0,0.0,0.0,True
D,28,29,state,EMA,55732771,0.000856661019508608,8.92160468926434e-06,0.0009146245463962935,0.0009147520142573558,1.0676621505679504,0.9949419554706252,0.009411349167222022,0.01916306865587309,0.9999524422755868,102.51794136282358,ema_transition_carryover_counterfactual_map,0.9993,1.0,0.0008560613593113339,0.00010653773513573035,0.124363934753144,11.941544021103145,0.5062710910168308,-0.022731693403099093,0.5903371559500652,0.0,0.0,0.0,True
D,28,29,state,m,55732739,11.683917504294687,2.181866708169265,10.587257128163658,11.756864015543309,0.9061393256390311,0.9084946584386733,0.46262577022959567,0.602184790293127,0.9863722910494916,4.8523849273299975,radam_beta1_per_parameter_group,0.9,0.9,10.51552548108449,4.51440245476367,0.3863774674123041,2.069055106740027,-0.19871044764395004,-0.09093623913794072,0.2290354947773439,0.0,0.0,0.0,True
D,28,29,state,v,55732739,13.402310803755732,0.2907771335712544,13.168464877895167,13.41439059500135,0.9825518204073409,0.9998676195736299,0.8426099974999057,0.8488389547606546,0.9999318644176786,45.28714041631564,radam_beta2_per_parameter_group,0.999,0.999,13.388908766469585,0.3086679054955761,0.023030946678917343,1.0615274375415686,-0.7198258439369081,-0.506160213017507,-0.7084360069496961,0.0,0.0,0.0,True
D,28,29,state,net_buffer,32,0.0,0.0,0.0,0.0,0.0,,,,,,not_declared_for_this_readout,,,,,,,,,,0.0,0.0,0.0,True
D,28,29,state,scaler,1,0.0,0.0,0.0,0.0,0.0,,,,,,not_declared_for_this_readout,,,,,,,,,,0.0,0.0,0.0,True
D,28,29,observable,residual,393216,0.1901833134563509,0.15484229541005137,0.19258684132237786,0.19511950707856784,1.012637953468923,0.08308199840133956,-0.3855424549569114,0.4130386193614825,0.6810624145607018,1.2437612140298737,not_declared_for_this_readout,,,,,,,,,,0.0,0.0,0.0,True
D,28,29,observable,feature,49152,0.037530182344749655,0.03380060232446599,0.04179761987376812,0.04132743458297056,1.1137068157521346,-0.05642116096545229,-0.4181687671274815,0.3949469237007752,0.6693680348351181,1.2365939361830138,not_declared_for_this_readout,,,,,,,,,,0.0,0.0,0.0,True
B,29,30,state,theta,55732739,0.08643839844598547,0.0009709870155964575,0.08894180257699782,0.08913124493172765,1.0289617134979276,0.9993218637617144,0.18985209920711374,0.2003424832199082,0.9999427986053608,91.59937377984679,identity_parameter_carryover,1.0,1.0,0.08643839844599699,0.00408583374237688,0.04726873491218233,4.207918001732532,0.597941479173782,0.08235333937800103,0.6270497780647135,0.0,0.0,0.0,True
B,29,30,state,EMA,55732771,0.0009792574366219362,1.115015292879942e-05,0.0010411501659952534,0.0010412615809449986,1.06320373689152,0.995874499416202,0.004638041268835703,0.015345856082809422,0.9999426656265822,93.37541580314074,ema_transition_carryover_counterfactual_map,0.9993,1.0,0.000978571959270021,0.00011100668872603165,0.11335802473858385,9.955620289235277,0.5250399032389969,-0.0375856982694811,0.600101729728132,0.0,0.0,0.0,True
B,29,30,state,m,55732739,12.819971830126844,2.8041512658843972,10.592380899680789,10.448031144967674,0.8262405752553034,0.9590195150810579,-0.18349283532372332,0.08236243267590111,0.9645682610815223,3.7773928348833468,radam_beta1_per_parameter_group,0.9,0.9,11.537974359350809,3.3031766201981116,0.25765864886190076,1.1779594989702982,-0.4176810761340184,0.34612860268498075,-0.14312334045208558,0.0,0.0,0.0,True
B,29,30,state,v,55732739,13.67122203099884,0.5075460706389988,14.224832487134002,14.705040112194178,1.0404945845279872,0.9998151200777972,0.9442659098299763,0.9479450824294031,0.999935452546857,28.02668232506457,radam_beta2_per_parameter_group,0.999,0.999,13.657551051320072,0.6274104210340039,0.04589278263577176,1.236164473195697,0.8999715831302081,0.905182945556077,0.9081877251553524,0.0,0.0,0.0,True
B,29,30,state,net_buffer,32,0.0,0.0,0.0,0.0,0.0,,,,,,not_declared_for_this_readout,,,,,,,,,,0.0,0.0,0.0,True
B,29,30,state,scaler,1,0.0,0.0,0.0,0.0,0.0,,,,,,not_declared_for_this_readout,,,,,,,,,,0.0,0.0,0.0,True
B,29,30,observable,residual,393216,0.1847392434527694,0.1587397407280915,0.21001408509234376,0.20351918470229904,1.1368136036891163,0.20838015859945636,-0.4182091426052065,0.3484188990356374,0.7057205660251121,1.323008870551711,not_declared_for_this_readout,,,,,,,,,,0.0,0.0,0.0,True
B,29,30,observable,feature,49152,0.04170728401995231,0.03781808814665766,0.03638134298785222,0.04120769265430147,0.8723018974442878,-0.008720320242400086,-0.38366044708012176,0.5790182437713457,0.5307756142834408,0.9620090483359769,not_declared_for_this_readout,,,,,,,,,,0.0,0.0,0.0,True
C,29,30,state,theta,55732739,0.05839564141109288,0.0008978591456090766,0.06039472545210182,0.0604436172666066,1.034233446070672,0.9989779025744923,0.047042552242492146,0.06185899093974687,0.9998899101502864,67.26525619019242,identity_parameter_carryover,1.0,1.0,0.05839564141108913,0.003347503602200057,0.05732454548507045,3.728317095805964,0.5787461278131623,0.021853330954404206,0.6150165378183159,0.0,0.0,0.0,True
C,29,30,state,EMA,55732771,0.0007128200291677929,1.0552525388245955e-05,0.000755425530038588,0.0007554586814112975,1.059770347531531,0.9943443488490791,-0.003842863702092577,0.010125673617167631,0.9999024390197612,71.58717958452172,ema_transition_carryover_counterfactual_map,0.9993,1.0,0.000712321057257493,8.913287661810219e-05,0.1250426095941265,8.4465920089028,0.43566471751020347,-0.055187106152433656,0.528796039997652,0.0,0.0,0.0,True
C,29,30,state,m,55732739,8.734955885606873,2.191229265849279,8.51194404765236,8.155275786259093,0.9744690367215267,0.959242749624159,-0.2880756066674398,-0.0319859421599197,0.9663320473874911,3.884552009373283,radam_beta1_per_parameter_group,0.9,0.9,7.861460096708058,2.4244130967074176,0.27755298692489944,1.1064169023718113,0.12520989785991807,-0.32909019459318206,0.40046617907379684,0.0,0.0,0.0,True
C,29,30,state,v,55732739,5.30297056928676,0.326286589997083,4.958145330132016,5.263406607648803,0.9349750795993721,0.9997051458624151,0.9314578917413022,0.9394277422845001,0.9997455909462326,15.19567607781963,radam_beta2_per_parameter_group,0.999,0.999,5.29766768891975,0.36161452448568204,0.06819093558241612,1.1082727135335684,-0.9429496476615389,-0.9342188360556082,-0.9345872385057352,0.0,0.0,0.0,True
C,29,30,state,net_buffer,32,0.0,0.0,0.0,0.0,0.0,,,,,,not_declared_for_this_readout,,,,,,,,,,0.0,0.0,0.0,True
C,29,30,state,scaler,1,0.0,0.0,0.0,0.0,0.0,,,,,,not_declared_for_this_readout,,,,,,,,,,0.0,0.0,0.0,True
C,29,30,observable,residual,393216,0.192334087369526,0.15846713818835925,0.20502738670772283,0.195414161925536,1.065996098308926,0.1788788079739311,-0.4456952369007101,0.34330883615329466,0.6877666218638663,1.2938164281355327,not_declared_for_this_readout,,,,,,,,,,0.0,0.0,0.0,True
C,29,30,observable,feature,49152,0.03952016723710574,0.03654720700234917,0.03767092388243535,0.04139587116325902,0.9532076030049255,-0.00642920408199963,-0.3781244961224385,0.5387713137592223,0.5761813673620446,1.030746997438517,not_declared_for_this_readout,,,,,,,,,,0.0,0.0,0.0,True
D,29,30,state,theta,55732739,0.08301840419635462,0.0005999307490553804,0.08555452881400522,0.08574242902427412,1.0305489444443208,0.9993015272002556,0.31004097380092116,0.31635842935997516,0.9999778744707817,142.60734084511407,identity_parameter_carryover,1.0,1.0,0.08301840419635599,0.004043992399256342,0.04871199872369886,6.740765339372588,0.6123570130431272,0.24995878724886933,0.6414726979544962,0.0,0.0,0.0,True
D,29,30,state,EMA,55732771,0.0009147520142573558,8.694266381475768e-06,0.0009744212936683756,0.0009745228109411575,1.065230006035529,0.9954341193740295,0.0072157093229892775,0.01613652037506534,0.9999602041395427,112.07630993967508,ema_transition_carryover_counterfactual_map,0.9993,1.0,0.0009141116905158096,0.00010849507355454131,0.1186059957928853,12.478922176309638,0.5148668046958953,-0.023527025153994047,0.5943433733811129,0.0,0.0,0.0,True
D,29,30,state,m,55732739,11.756864015543309,3.3042684750932407,10.832058959568451,11.116301820431598,0.9213391381619956,0.9526939521526342,-0.06537105010772462,0.23354578240271887,0.9549988504271812,3.2782018293058917,radam_beta1_per_parameter_group,0.9,0.9,10.581177339715978,3.3025740826800334,0.28090603738495434,0.9994872110344607,-0.07919285776084926,0.5289892586831718,0.22753018787875454,0.0,0.0,0.0,True
D,29,30,state,v,55732739,13.41439059500135,0.7525923268473609,13.763645108235844,14.474562256556903,1.026035809138034,0.999871916028699,0.9416804161329603,0.9474239798626799,0.9998469250566827,18.28831442634062,radam_beta2_per_parameter_group,0.999,0.999,13.400976417398532,0.42282119937947565,0.031519970764608045,0.5618197054316119,0.8535659731393171,0.9346624250383085,0.8617948680994855,0.0,0.0,0.0,True
D,29,30,state,net_buffer,32,0.0,0.0,0.0,0.0,0.0,,,,,,not_declared_for_this_readout,,,,,,,,,,0.0,0.0,0.0,True
D,29,30,state,scaler,1,0.0,0.0,0.0,0.0,0.0,,,,,,not_declared_for_this_readout,,,,,,,,,,0.0,0.0,0.0,True
D,29,30,observable,residual,393216,0.19511950707856784,0.1651377710018012,0.1993507664362779,0.20056703050281868,1.021685475845356,0.07733024688065467,-0.406801338860329,0.4190200757422567,0.6589941515561166,1.207178498455714,not_declared_for_this_readout,,,,,,,,,,0.0,0.0,0.0,True
D,29,30,observable,feature,49152,0.04132743458297056,0.0343311570658303,0.03745769863723038,0.03892088552827743,0.9063639931975176,-0.03983378299359945,-0.4148134904705249,0.48285639173018846,0.5965093349685925,1.0910700902216872,not_declared_for_this_readout,,,,,,,,,,0.0,0.0,0.0,True
B,30,31,state,theta,55732739,0.08913124493172765,0.0028147742463802933,0.09158135104004231,0.09191011850577564,1.0274887455032338,0.9994343217672805,0.10164268557584537,0.13190439651095215,0.9995357828633546,32.53594889814446,identity_parameter_carryover,1.0,1.0,0.08913124493175618,0.0039035895086651363,0.04379597201469799,1.3868215234969639,0.6143833838460864,0.17076092037575782,0.6405708663394128,0.0,0.0,0.0,True
B,30,31,state,EMA,55732771,0.0010412615809449986,1.7091119160047602e-05,0.0011047046912654652,0.0011047832761244866,1.0609290801480342,0.9962506161126211,-0.003137448115081173,0.012332885375049948,0.9998803318610341,64.63618215522338,ema_transition_carryover_counterfactual_map,0.9993,1.0,0.0010405327008552125,0.00011286158827084282,0.1083892754099456,6.603522403299918,0.531890693372588,-0.06228873541262016,0.6031577970646252,0.0,0.0,0.0,True
B,30,31,state,m,55732739,10.448031144967674,7.135283057094623,8.983927758547056,12.590646892939208,0.8598680109098059,0.9493675552210052,0.20982810868725751,0.7164336911324309,0.8324521207280637,1.259084984668453,radam_beta1_per_parameter_group,0.9,0.9,9.40322779259844,2.9547351299161786,0.2828030553239053,0.41410202037861427,-0.29585672547552216,-0.2830134918816464,0.01922621694505348,0.0,0.0,0.0,True
B,30,31,state,v,55732739,14.705040112194178,0.5458060904779104,14.315788543953431,14.17870003100257,0.9735293773243121,0.9999182527284062,-0.26902755256243904,-0.23313388796402587,0.9993124642087943,26.228707949041862,radam_beta2_per_parameter_group,0.999,0.999,14.690335270524281,0.4179339304853085,0.028421135018784217,0.7657187007923704,-0.898986600079923,0.023411188306126554,-0.8933130436765665,0.0,0.0,0.0,True
B,30,31,state,net_buffer,32,0.0,0.0,0.0,0.0,0.0,,,,,,not_declared_for_this_readout,,,,,,,,,,0.0,0.0,0.0,True
B,30,31,state,scaler,1,0.0,0.0,0.0,0.0,0.0,,,,,,not_declared_for_this_readout,,,,,,,,,,0.0,0.0,0.0,True
B,30,31,observable,residual,393216,0.20351918470229904,0.15711790096197337,0.20111760474268991,0.20156177880546172,0.9881997367318365,0.08775746255037939,-0.38778187031871525,0.3925751226734502,0.6955194188001801,1.2800425891087077,not_declared_for_this_readout,,,,,,,,,,0.0,0.0,0.0,True
B,30,31,observable,feature,49152,0.04120769265430147,0.03748435071957045,0.037520167695396206,0.03801470342216271,0.9105136754479181,0.061995448738781295,-0.4862426257644775,0.506131684010988,0.507532003135066,1.000955518106575,not_declared_for_this_readout,,,,,,,,,,0.0,0.0,0.0,True
C,30,31,state,theta,55732739,0.0604436172666066,0.0028814963987646523,0.06257365505455866,0.06225063050265138,1.035240078014471,0.9990725612867708,-0.13483853745894955,-0.08924959775333058,0.998947605708305,21.715680464284137,identity_parameter_carryover,1.0,1.0,0.060443617266597804,0.0033989024227066658,0.05623261109133625,1.1795615723010566,0.6096098975930638,-0.26017564079697547,0.643176904396276,0.0,0.0,0.0,True
C,30,31,state,EMA,55732771,0.0007554586814112975,1.6982630966014437e-05,0.0007993597703031039,0.0007990389934629771,1.0581118332107764,0.994805584187527,-0.02950738005551375,-0.008265405858085228,0.9997743087538842,47.06925398678091,ema_transition_carryover_counterfactual_map,0.9993,1.0,0.0007549298625662137,9.079243839209813e-05,0.12018187179011003,5.346193918586086,0.44362395612978456,-0.10763694494289103,0.5325479545388024,0.0,0.0,0.0,True
C,30,31,state,m,55732739,8.155275786259093,8.74330624788125,7.1588214847486356,10.08507935094511,0.8778147633965496,0.7834486472045465,-0.20757764363301995,0.7196071245793006,0.529882452114845,0.818777391731351,radam_beta1_per_parameter_group,0.9,0.9,7.339748024254805,4.773851638838304,0.5853697365920861,0.5460007351332504,-0.36263779174983174,-0.8223886492190853,0.29504599790976055,0.0,0.0,0.0,True
C,30,31,state,v,55732739,5.263406607648803,1.2637380973581385,4.561587589475652,5.713835876429352,0.8666606875567497,0.9979363840051944,0.8884148661384431,0.9304293017886206,0.9948327927168833,3.609598855183453,radam_beta2_per_parameter_group,0.999,0.999,5.2581432459247495,0.7643189233263838,0.14521373329122486,0.6048080096059483,-0.9236576512956203,-0.9698437417860046,-0.897144958930141,0.0,0.0,0.0,True
C,30,31,state,net_buffer,32,0.0,0.0,0.0,0.0,0.0,,,,,,not_declared_for_this_readout,,,,,,,,,,0.0,0.0,0.0,True
C,30,31,state,scaler,1,0.0,0.0,0.0,0.0,0.0,,,,,,not_declared_for_this_readout,,,,,,,,,,0.0,0.0,0.0,True
C,30,31,observable,residual,393216,0.195414161925536,0.16678733815187427,0.200752726525514,0.18178857483311722,1.0273192308447547,0.05387721596103621,-0.5237370298328389,0.3391065774466213,0.6238016967360449,1.2036448854571402,not_declared_for_this_readout,,,,,,,,,,0.0,0.0,0.0,True
C,30,31,observable,feature,49152,0.04139587116325902,0.03673339267009293,0.037240512612557376,0.036257878959142724,0.8996190094825269,-0.034908693476205455,-0.5195887857329864,0.4794444805017156,0.5006981721051023,1.0138054207793696,not_declared_for_this_readout,,,,,,,,,,0.0,0.0,0.0,True
D,30,31,state,theta,55732739,0.08574242902427412,0.000632686301690593,0.08830425043548278,0.088555685957026,1.0298781063280047,0.9991635545361035,0.39439282471156883,0.40041753030049343,0.9999784476418137,139.57035295299758,identity_parameter_carryover,1.0,1.0,0.08574242902425219,0.004385098667052239,0.051142692328098094,6.930920829698499,0.5673668736816596,0.3254430551512084,0.6005657972620984,0.0,0.0,0.0,True
D,30,31,state,EMA,55732771,0.0009745228109411575,8.901437394878763e-06,0.0010359214829209521,0.0010360549709323137,1.063003832532661,0.9958676256217593,0.010700811059989594,0.019291097497090102,0.9999630951902068,116.3768767858712,ema_transition_carryover_counterfactual_map,0.9993,1.0,0.0009738406478134496,0.00011041600501522136,0.11330263773773108,12.404289343061231,0.5234750134787415,-0.020428209934399463,0.5986913694389632,0.0,0.0,0.0,True
D,30,31,state,m,55732739,11.116301820431598,3.2597396492239765,12.771456620647534,12.454454747071795,1.1488943739521165,0.7909160978726376,-0.2236588699923103,0.03238119223075241,0.9669140222348388,3.917937625383041,radam_beta1_per_parameter_group,0.9,0.9,10.004671392114448,7.8157640908690755,0.7030903098100321,2.3976651303209815,0.012344185586470846,-0.5691269703804807,0.6216411993187329,0.0,0.0,0.0,True
D,30,31,state,v,55732739,14.474562256556903,0.7688509626155069,13.296444756354738,14.049463270283063,0.9186077285571463,0.9994153231930595,0.9782291812352536,0.9805229541474602,0.9999355088333562,17.293917030580776,radam_beta2_per_parameter_group,0.999,0.999,14.460087921837397,1.2565406687810163,0.08681027077083522,1.6343098075945275,-0.9322557697100781,-0.9385703440571901,-0.9193404676946233,0.0,0.0,0.0,True
D,30,31,state,net_buffer,32,0.0,0.0,0.0,0.0,0.0,,,,,,not_declared_for_this_readout,,,,,,,,,,0.0,0.0,0.0,True
D,30,31,state,scaler,1,0.0,0.0,0.0,0.0,0.0,,,,,,not_declared_for_this_readout,,,,,,,,,,0.0,0.0,0.0,True
D,30,31,observable,residual,393216,0.20056703050281868,0.1595373421695942,0.2050489239981801,0.20168308755356726,1.0223461128388118,0.050570557589949,-0.4099469550865298,0.37424139548996105,0.6924084614485422,1.2852722830257843,not_declared_for_this_readout,,,,,,,,,,0.0,0.0,0.0,True
D,30,31,observable,feature,49152,0.03892088552827743,0.03687404329473062,0.037698148090846005,0.03741469340690797,0.9685840283221957,-0.018280213190588923,-0.4967278974575248,0.4850586708849392,0.518025949952545,1.0223491844799444,not_declared_for_this_readout,,,,,,,,,,0.0,0.0,0.0,True
B,31,32,state,theta,55732739,0.09191011850577564,0.0012391905188132572,0.09472890435583627,0.09495732342226444,1.0306689393495179,0.9990953439457807,0.17801077167756407,0.19063254134563687,0.999917543948833,76.44418103404782,identity_parameter_carryover,1.0,1.0,0.09191011850578552,0.004868101338655449,0.05296589121849012,3.928452699361767,0.5614280770027037,0.06701590194253634,0.5961118500466968,0.0,0.0,0.0,True
B,31,32,state,EMA,55732771,0.0011047832761244866,1.2401473651868709e-05,0.001169964322858845,0.0011700870064522114,1.0589989440852234,0.9965567073053181,0.004593244501847042,0.015191524858560413,0.9999438327300976,94.34074979327555,ema_transition_carryover_counterfactual_map,0.9993,1.0,0.001104009931029864,0.00011508716344467083,0.10417171035426033,9.280119982138494,0.5380779260652666,-0.039818119243962925,0.6061129588474204,0.0,0.0,0.0,True
B,31,32,state,m,55732739,12.590646892939208,2.5071086576052157,12.734912083231233,13.156300233365146,1.0114581237579563,0.9444869976672685,0.07242364074695348,0.26066730725466314,0.9817719108603382,5.079521401914662,radam_beta1_per_parameter_group,0.9,0.9,11.33158191143365,4.241595441474677,0.3368846317065209,1.6918275275417216,0.16417807337418258,0.025054008832281982,0.4791546799684694,0.0,0.0,0.0,True
B,31,32,state,v,55732739,14.17870003100257,0.17191999475255001,14.187033737541224,14.221545056030394,1.0005877623844521,0.9999642488143096,0.19492568112210112,0.20654135662281475,0.9999297054989748,82.52113873061175,radam_beta2_per_parameter_group,0.999,0.999,14.164521577058409,0.12196470012779624,0.008601966319980899,0.7094270814941797,0.1804207051894097,0.06766339060911966,0.18873132269019718,0.0,0.0,0.0,True
B,31,32,state,net_buffer,32,0.0,0.0,0.0,0.0,0.0,,,,,,not_declared_for_this_readout,,,,,,,,,,0.0,0.0,0.0,True
B,31,32,state,scaler,1,0.0,0.0,0.0,0.0,0.0,,,,,,not_declared_for_this_readout,,,,,,,,,,0.0,0.0,0.0,True
B,31,32,observable,residual,393216,0.20156177880546172,0.1507811578054503,0.1970064380742215,0.1971555742683102,0.9773997790740038,0.1883484561623142,-0.38169132292649843,0.3833800292605401,0.7073326686126842,1.3065719944160046,not_declared_for_this_readout,,,,,,,,,,0.0,0.0,0.0,True
B,31,32,observable,feature,49152,0.03801470342216271,0.03537179542951934,0.03979627621721773,0.039413179730418996,1.0468653608912901,0.030785219860808573,-0.45518930335659796,0.4378473470055597,0.6012053191154901,1.125084993113071,not_declared_for_this_readout,,,,,,,,,,0.0,0.0,0.0,True
C,31,32,state,theta,55732739,0.06225063050265138,0.0011444098382998615,0.06421382164989503,0.06404225666153364,1.0315368877614828,0.9985943580363154,-0.1586263482391051,-0.14118169264842478,0.9998443439426299,56.1108612499271,identity_parameter_carryover,1.0,1.0,0.06225063050263016,0.0038848175986642896,0.062406076328798424,3.3946034616720753,0.4821151720351634,-0.17657810653258382,0.5278737530612454,0.0,0.0,0.0,True
C,31,32,state,EMA,55732771,0.0007990389934629771,1.1716965197077981e-05,0.0008437097697834515,0.0008436300523406015,1.0559056274924388,0.9952249564584394,-0.01374698777680748,0.00014046121799840737,0.9999035649165543,72.00753399812598,ema_transition_carryover_counterfactual_map,0.9993,1.0,0.0007984796685282577,9.20842733973258e-05,0.11524377927820421,7.859054955654396,0.44743091135944296,-0.07313310741012503,0.5325868862409177,0.0,0.0,0.0,True
C,31,32,state,m,55732739,10.08507935094511,2.1731002684097804,9.391642470966968,9.039954252689428,0.9312413065036362,0.9180836430895601,-0.27450023869720175,-0.04479091600590416,0.9729170837295932,4.321771345525411,radam_beta1_per_parameter_group,0.9,0.9,9.076571181685638,3.7503348134919112,0.37186963860036,1.7257992500439525,-0.12112461151773285,-0.11197887255117873,0.282265713314882,0.0,0.0,0.0,True
C,31,32,state,v,55732739,5.713835876429352,0.10365355009357255,5.791594549192446,5.793800106448126,1.0136088390434634,0.9996617543118718,0.012333596399777,0.030219326962903446,0.999839977875248,55.87454114175658,radam_beta2_per_parameter_group,0.999,0.999,5.708122117173301,0.17126547532659428,0.0299738177697922,1.6522875981766714,0.4759479397704308,0.07509314607965346,0.4986596369913777,0.0,0.0,0.0,True
C,31,32,state,net_buffer,32,0.0,0.0,0.0,0.0,0.0,,,,,,not_declared_for_this_readout,,,,,,,,,,0.0,0.0,0.0,True
C,31,32,state,scaler,1,0.0,0.0,0.0,0.0,0.0,,,,,,not_declared_for_this_readout,,,,,,,,,,0.0,0.0,0.0,True
C,31,32,observable,residual,393216,0.18178857483311722,0.15606376825607104,0.1929385755750058,0.17724426713424934,1.0613349917734067,0.05864942542054559,-0.5009123383126367,0.3352348494808044,0.647492358131112,1.236280385453914,not_declared_for_this_readout,,,,,,,,,,0.0,0.0,0.0,True
C,31,32,observable,feature,49152,0.036257878959142724,0.03447608811103851,0.0382600748331757,0.04076001240924422,1.055220987313934,-0.01698142560966824,-0.37566793240020013,0.4932040918717477,0.6209152696311463,1.1097568468310546,not_declared_for_this_readout,,,,,,,,,,0.0,0.0,0.0,True
D,31,32,state,theta,55732739,0.088555685957026,0.000601132840860251,0.09114978708393105,0.09136462116602592,1.0292934451229243,0.9992689081254688,0.3545057049261611,0.3602516153939677,0.9999810751626901,151.63002399518078,identity_parameter_carryover,1.0,1.0,0.08855568595699927,0.004304864935791253,0.04861195404076372,7.1612539578286505,0.5871176670877076,0.24118854972092396,0.6176369082505806,0.0,0.0,0.0,True
D,31,32,state,EMA,55732771,0.0010360549709323137,8.735649429952222e-06,0.0010992394607145398,0.0010993486744813653,1.060985653806929,0.9962389480364083,0.00852920162434279,0.01647455884036486,0.9999684307150919,125.83374247431904,ema_transition_carryover_counterfactual_map,0.9993,1.0,0.0010353297354538124,0.00011245076109336159,0.10853744661074367,12.872627501259126,0.5315697995047053,-0.021233803422681635,0.6029630527848642,0.0,0.0,0.0,True
D,31,32,state,m,55732739,12.454454747071795,1.3754565302038093,11.54643745712869,12.150644866375794,0.927092971279486,0.971048229424677,0.39120914174271787,0.484956023552244,0.994558622913537,8.394621860872467,radam_beta1_per_parameter_group,0.9,0.9,11.209008985380857,2.7582554036277536,0.22146737530009136,2.005338113607303,0.0011379162069624284,0.09725453292597876,0.23998833686595197,0.0,0.0,0.0,True
D,31,32,state,v,55732739,14.049463270283063,0.1260243245067295,14.036267995749359,14.078907556858644,0.9990607986739526,0.9999586291031182,0.33436857105890255,0.34230718383383996,0.9999644157188133,111.37745074761216,radam_beta2_per_parameter_group,0.999,0.999,14.035413932044131,0.12767635182838588,0.009087631987938107,1.013108797274832,0.0021411224980945128,-0.12737402261500536,0.01123717061974345,0.0,0.0,0.0,True
D,31,32,state,net_buffer,32,0.0,0.0,0.0,0.0,0.0,,,,,,not_declared_for_this_readout,,,,,,,,,,0.0,0.0,0.0,True
D,31,32,state,scaler,1,0.0,0.0,0.0,0.0,0.0,,,,,,not_declared_for_this_readout,,,,,,,,,,0.0,0.0,0.0,True
D,31,32,observable,residual,393216,0.20168308755356726,0.15310796062251514,0.1951469333589636,0.1965613181695103,0.9675919568968933,0.2384030248346033,-0.38301761932613465,0.3986707431468803,0.694459561284231,1.2745707836844276,not_declared_for_this_readout,,,,,,,,,,0.0,0.0,0.0,True
D,31,32,observable,feature,49152,0.03741469340690797,0.03581741751234136,0.03874567064459838,0.04101264113169081,1.035573650790485,-0.008831696148605675,-0.39706787426228796,0.4982063058805397,0.5979552678078677,1.0817550045658106,not_declared_for_this_readout,,,,,,,,,,0.0,0.0,0.0,True
B,32,33,state,theta,55732739,0.09495732342226444,0.001049787725020931,0.09780450927672985,0.09804377200108154,1.029983846973069,0.9991279088253883,0.22282735149005545,0.23299090829234126,0.9999455212110919,93.16598674725387,identity_parameter_carryover,1.0,1.0,0.09495732342228755,0.004930023582197116,0.05191830818855183,4.696209971495732,0.5602187005835667,0.1828679349702076,0.5943170959149044,0.0,0.0,0.0,True
B,32,33,state,EMA,55732771,0.0011700870064522114,1.1516691645134365e-05,0.0012369791728149189,0.0012370998214402621,1.0571685404536961,0.9968410909434424,0.005821322397835304,0.015130182613482401,0.9999566678053046,107.40750998030971,ema_transition_carryover_counterfactual_map,0.9993,1.0,0.0011692679489215042,0.00011714371465861141,0.10011538801187071,10.1716463606198,0.5446619083881515,-0.03484783073335496,0.6095490075269409,0.0,0.0,0.0,True
B,32,33,state,m,55732739,13.156300233365146,3.0055889532739037,12.361419543292737,13.379445708751044,0.9395817459336672,0.9393007457276044,0.23108698446715864,0.4381461120943588,0.9758230882848262,4.1128110781175815,radam_beta1_per_parameter_group,0.9,0.9,11.840669903005514,4.247349158842279,0.3228376582704272,1.41315037580763,-0.0540523745877834,0.2934099369764518,0.2918218924980159,0.0,0.0,0.0,True
B,32,33,state,v,55732739,14.221545056030394,0.3839308694023969,14.316981026462107,14.524992248449998,1.0067106611873544,0.9996142473409536,0.5323210488227917,0.5511301547330582,0.999749621972256,37.290518078806834,radam_beta2_per_parameter_group,0.999,0.999,14.207323678711015,0.4110396143380036,0.02890259902975237,1.0706084013973727,0.2533442778218259,0.7056758078559748,0.280113784074363,0.0,0.0,0.0,True
B,32,33,state,net_buffer,32,0.0,0.0,0.0,0.0,0.0,,,,,,not_declared_for_this_readout,,,,,,,,,,0.0,0.0,0.0,True
B,32,33,state,scaler,1,0.0,0.0,0.0,0.0,0.0,,,,,,not_declared_for_this_readout,,,,,,,,,,0.0,0.0,0.0,True
B,32,33,observable,residual,393216,0.1971555742683102,0.15346781938335444,0.19437309790332355,0.18684633954108867,0.9858868998489488,0.1274745547473813,-0.4428713453207444,0.3606468512375125,0.67652702525531,1.2665397780741896,not_declared_for_this_readout,,,,,,,,,,0.0,0.0,0.0,True
B,32,33,observable,feature,49152,0.039413179730418996,0.036442151348397865,0.03888913203823677,0.038622390057759706,0.9867037448953206,0.03271584502009472,-0.4758335139658018,0.46443006164916983,0.5579337548357037,1.0671469877407904,not_declared_for_this_readout,,,,,,,,,,0.0,0.0,0.0,True
C,32,33,state,theta,55732739,0.06404225666153364,0.0008700452953016576,0.06573246237937838,0.06579000816869604,1.0263920387249557,0.9986533101498528,0.05955201437841148,0.07272450594288507,0.9999128615493204,75.55062102437778,identity_parameter_carryover,1.0,1.0,0.06404225666152952,0.0037676246232305676,0.05883029142996385,4.330377560313427,0.42511784960252325,0.11348447160985081,0.47150418434016916,0.0,0.0,0.0,True
C,32,33,state,EMA,55732771,0.0008436300523406015,1.0372179487815483e-05,0.0008891075831716549,0.0008891426789317459,1.0539069592232742,0.9956139752495614,-0.0024492053720333155,0.009216262601004846,0.9999319576494915,85.72042011190771,ema_transition_carryover_counterfactual_map,0.9993,1.0,0.0008430395137858235,9.32597528404364e-05,0.11054579265128447,8.991336194094162,0.4521609830168221,-0.0509705194154529,0.5336242059859406,0.0,0.0,0.0,True
C,32,33,state,m,55732739,9.039954252689428,2.402804789580154,9.126008457135516,10.236770390142823,1.0095193185762512,0.9006819851218609,0.3587640169548549,0.5545585205166319,0.9757030757494899,3.7980648684865153,radam_beta1_per_parameter_group,0.9,0.9,8.135958614674003,3.9659413619896116,0.4387125477775206,1.6505466358266196,0.02109784061349025,0.39220712649762896,0.45338469104963347,0.0,0.0,0.0,True
C,32,33,state,v,55732739,5.793800106448126,0.26564292449023047,5.958868020441191,6.16190863400023,1.028490439946203,0.9986543883075897,0.7550687846477822,0.7732990606626249,0.9996004592797217,22.43187177628117,radam_beta2_per_parameter_group,0.999,0.999,5.788006359461258,0.34930490568815614,0.06028942995451333,1.3149415003560636,0.4661925322156178,0.5050561990719289,0.511444493574732,0.0,0.0,0.0,True
C,32,33,state,net_buffer,32,0.0,0.0,0.0,0.0,0.0,,,,,,not_declared_for_this_readout,,,,,,,,,,0.0,0.0,0.0,True
C,32,33,state,scaler,1,0.0,0.0,0.0,0.0,0.0,,,,,,not_declared_for_this_readout,,,,,,,,,,0.0,0.0,0.0,True
C,32,33,observable,residual,393216,0.17724426713424934,0.15209367243238284,0.20768416302333137,0.19467831252318202,1.1717398050794279,0.033574972562183746,-0.4490003789112755,0.30225968048715723,0.7160224714531838,1.3655016655322247,not_declared_for_this_readout,,,,,,,,,,0.0,0.0,0.0,True
C,32,33,observable,feature,49152,0.04076001240924422,0.035932988150764116,0.03758013918280652,0.03788138787312149,0.9219854696188337,-0.034288982029939116,-0.46966759290022514,0.4826331786247041,0.5465369748771778,1.0458395228677184,not_declared_for_this_readout,,,,,,,,,,0.0,0.0,0.0,True
D,32,33,state,theta,55732739,0.09136462116602592,0.0006909148652931877,0.09401043821747278,0.09425971880734202,1.0289588794620943,0.9992625997632499,0.3576015179088309,0.36398570572081296,0.9999765712721986,136.06660232672766,identity_parameter_carryover,1.0,1.0,0.09136462116598473,0.004434833198623757,0.04853993966181799,6.418783878302935,0.5809674494384695,0.3057907016343192,0.6117906183277897,0.0,0.0,0.0,True
D,32,33,state,EMA,55732771,0.0010993486744813653,9.220025106605176e-06,0.0011642443732059102,0.0011643759038800837,1.0590310428628664,0.9965684381199231,0.010306906210830755,0.01822416849834716,0.9999686520993635,126.27344933929213,ema_transition_carryover_counterfactual_map,0.9993,1.0,0.001098579133590102,0.00011441135877047066,0.104071948623985,12.409007290935355,0.539020458006645,-0.021696526278312964,0.6068897585063603,0.0,0.0,0.0,True
D,32,33,state,m,55732739,12.150644866375794,2.663421024724129,11.469062931992488,11.609556468734345,0.9439056986786412,0.9183531452100077,-0.06304091785012259,0.16713823442232187,0.9734358462709302,4.306139669818228,radam_beta1_per_parameter_group,0.9,0.9,10.935580089731676,4.556867435017489,0.3750309127730007,1.7109076607553921,-0.0884226015504691,0.12912256437889938,0.31300857054144565,0.0,0.0,0.0,True
D,32,33,state,v,55732739,14.078907556858644,0.44319289516001387,13.986315128543993,14.356813184365151,0.9934233229431538,0.9998066966827588,0.8312034158764166,0.840622891065602,0.9998527105253203,31.558076136338475,radam_beta2_per_parameter_group,0.999,0.999,14.06482878606606,0.28673291118827715,0.020366133524940513,0.6469709111305876,-0.2832505633755538,-0.04485336788839652,-0.264339657920511,0.0,0.0,0.0,True
D,32,33,state,net_buffer,32,0.0,0.0,0.0,0.0,0.0,,,,,,not_declared_for_this_readout,,,,,,,,,,0.0,0.0,0.0,True
D,32,33,state,scaler,1,0.0,0.0,0.0,0.0,0.0,,,,,,not_declared_for_this_readout,,,,,,,,,,0.0,0.0,0.0,True
D,32,33,observable,residual,393216,0.1965613181695103,0.15447591163288427,0.2031566889620802,0.1975553704771599,1.033553757443172,0.1707178971843352,-0.415949355780336,0.3541944598500843,0.7031068439157463,1.315135070669704,not_declared_for_this_readout,,,,,,,,,,0.0,0.0,0.0,True
D,32,33,observable,feature,49152,0.04101264113169081,0.035802511540707564,0.03972701725881342,0.03906911478220008,0.9686529850942963,0.02196476050342563,-0.46883030722617547,0.43966396294969234,0.5872084612515219,1.1096153747103379,not_declared_for_this_readout,,,,,,,,,,0.0,0.0,0.0,True
B,33,34,state,theta,55732739,0.09804377200108154,0.0010339732998362148,0.10090401251844627,0.10111300031325299,1.0291730974745972,0.9992526141813974,0.19720683793210475,0.20702515481104586,0.9999497474130524,97.58860556112025,identity_parameter_carryover,1.0,1.0,0.09804377200107615,0.0047925741066641905,0.048881984126552404,4.635104317900039,0.581071096115421,0.10436151579310064,0.6120963342198698,0.0,0.0,0.0,True
B,33,34,state,EMA,55732771,0.0012370998214402621,1.1226198223205898e-05,0.0013057739476720115,0.001305870207332587,1.0555121947651704,0.9970902705904651,0.004276195642258385,0.012872598665339042,0.9999630482107756,116.31488431879103,ema_transition_carryover_counterfactual_map,0.9993,1.0,0.0012362338551209053,0.00011928888922876999,0.09642624399532361,10.625938261288274,0.5511045003301513,-0.033885695450275276,0.6131098967453324,0.0,0.0,0.0,True
B,33,34,state,m,55732739,13.379445708751044,2.74934018446796,12.216051107831056,13.143025898235274,0.9130461286479865,0.9777995645804975,0.23742505145975912,0.42986575474513755,0.979136269094367,4.443266488753937,radam_beta1_per_parameter_group,0.9,0.9,12.041500817796097,2.561604513435878,0.19145819409846096,0.9317160997054237,-0.037730790666093514,0.0980993485157178,0.1725000285484856,0.0,0.0,0.0,True
B,33,34,state,v,55732739,14.524992248449998,0.4730532370636245,14.767774541917044,15.217505210353531,1.016714796766446,0.9999206176613481,0.9491574362004513,0.9521926268043821,0.9999521162799829,31.217997013580977,radam_beta2_per_parameter_group,0.999,0.999,14.51046745028795,0.3165883616292321,0.021796112260439666,0.6692446786632003,0.8090467692215484,0.7552678839569082,0.8163880850978206,0.0,0.0,0.0,True
B,33,34,state,net_buffer,32,0.0,0.0,0.0,0.0,0.0,,,,,,not_declared_for_this_readout,,,,,,,,,,0.0,0.0,0.0,True
B,33,34,state,scaler,1,0.0,0.0,0.0,0.0,0.0,,,,,,not_declared_for_this_readout,,,,,,,,,,0.0,0.0,0.0,True
B,33,34,observable,residual,393216,0.18684633954108867,0.17411489145328768,0.2036389942447136,0.2086958654666237,1.0898741433461805,0.14613280843755738,-0.3981048093511966,0.445841264104521,0.6436304728757564,1.169566787452794,not_declared_for_this_readout,,,,,,,,,,0.0,0.0,0.0,True
B,33,34,observable,feature,49152,0.038622390057759706,0.03865008414201786,0.04012400103527406,0.037679802883225734,1.038879286736753,0.07843385091618543,-0.5429459775599077,0.4475851221560966,0.5079403779613142,1.0381348948126572,not_declared_for_this_readout,,,,,,,,,,0.0,0.0,0.0,True
C,33,34,state,theta,55732739,0.06579000816869604,0.0009967860579543789,0.06741666734803055,0.06750714822777305,1.0247250186557737,0.9987148982192229,0.08344080411513924,0.09809460429129065,0.9998917411010848,67.63403923042841,identity_parameter_carryover,1.0,1.0,0.06579000816876135,0.0037477666291101893,0.056965589964669404,3.7598505709454035,0.41091723482574816,-0.14266732811639413,0.45659354097237387,0.0,0.0,0.0,True
C,33,34,state,EMA,55732771,0.0008891426789317459,1.0676753563945699e-05,0.0009355993772952727,0.0009356325462982041,1.052248867886245,0.9959573264797429,-0.0025991248906850335,0.008812235067419618,0.999934889803575,87.62957501001951,ema_transition_carryover_counterfactual_map,0.9993,1.0,0.0008885202816688536,9.453984523087719e-05,0.10632696806823108,8.854737038244336,0.4579738066264334,-0.05012842669330741,0.535976052411087,0.0,0.0,0.0,True
C,33,34,state,m,55732739,10.236770390142823,2.2415510768362132,9.615887862370293,9.116667489778115,0.939347811457177,0.926550265205705,-0.33348539662236854,-0.10587279857522316,0.9727637124427042,4.289836605437705,radam_beta1_per_parameter_group,0.9,0.9,9.2130931128639,3.6299272350826235,0.3545969184361064,1.6193818970237353,-0.08360764393930659,-0.44181403963859434,0.29738722708600335,0.0,0.0,0.0,True
C,33,34,state,v,55732739,6.16190863400023,0.33257909084873377,6.004110151240563,6.320548242765246,0.9743912978701169,0.9996153087199934,0.9488440965013062,0.9539589496051335,0.999861976442615,18.05317987946332,radam_beta2_per_parameter_group,0.999,0.999,6.155746826575374,0.22678160012143045,0.03680379142106929,0.6818877264433231,-0.6788311047799259,-0.7270193411256538,-0.6582042504033713,0.0,0.0,0.0,True
C,33,34,state,net_buffer,32,0.0,0.0,0.0,0.0,0.0,,,,,,not_declared_for_this_readout,,,,,,,,,,0.0,0.0,0.0,True
C,33,34,state,scaler,1,0.0,0.0,0.0,0.0,0.0,,,,,,not_declared_for_this_readout,,,,,,,,,,0.0,0.0,0.0,True
C,33,34,observable,residual,393216,0.19467831252318202,0.1675009003267331,0.20688812079007918,0.20673042160636926,1.0627178657378347,0.0889659448804112,-0.40575146206482926,0.4041772961282404,0.6720074602752699,1.2351463209243414,not_declared_for_this_readout,,,,,,,,,,0.0,0.0,0.0,True
C,33,34,observable,feature,49152,0.03788138787312149,0.04077885541854754,0.03656225291579052,0.04128356012654859,0.9651772273563676,-0.00023068570266356595,-0.43440974967019175,0.6030452849925299,0.45653815910759815,0.8965983115642042,not_declared_for_this_readout,,,,,,,,,,0.0,0.0,0.0,True
D,33,34,state,theta,55732739,0.09425971880734202,0.0005763437937450226,0.09692381658347111,0.09711573112125749,1.0282633749584407,0.999248348200018,0.3303427000781929,0.3356245037697901,0.9999843117817298,168.17014017565825,identity_parameter_carryover,1.0,1.0,0.09425971880728856,0.004564166543220685,0.04842117715786328,7.91917357791467,0.5677366920002721,0.1987775501376362,0.5992218376763474,0.0,0.0,0.0,True
D,33,34,state,EMA,55732771,0.0011643759038800837,8.62374400350244e-06,0.0012310554235625947,0.0012311579306979257,1.0572663170547527,0.9968594821684488,0.008384529563068472,0.015388411286437335,0.9999754693544692,142.75185152326125,ema_transition_carryover_counterfactual_map,0.9993,1.0,0.0011635608441014902,0.00011641530521371512,0.09998086084208803,13.499392510542325,0.5465641122957872,-0.021179790897688153,0.6111633080475665,0.0,0.0,0.0,True
D,33,34,state,m,55732739,11.609556468734345,3.2090544826543423,10.759349775853511,11.84443432198285,0.9267666516657616,0.9484948888544764,0.20605390234230542,0.45811056426427993,0.9642155686268017,3.3528099426202345,radam_beta1_per_parameter_group,0.9,0.9,10.448600542990704,3.4171610345989425,0.2943403603575801,1.0648498032892437,-0.071232309724808,-0.25566146201847134,0.2484242204815494,0.0,0.0,0.0,True
D,33,34,state,v,55732739,14.356813184365151,0.717750126881658,14.160555480460227,14.843635951539556,0.9863299952862343,0.9999235044172329,0.94930756622762,0.953976009159659,0.999884472714412,19.72908809084057,radam_beta2_per_parameter_group,0.999,0.999,14.342456523116226,0.2532983210376927,0.017643074252267868,0.3529059926999585,-0.7224061409098276,-0.7942410266594497,-0.7137982914514812,0.0,0.0,0.0,True
D,33,34,state,net_buffer,32,0.0,0.0,0.0,0.0,0.0,,,,,,not_declared_for_this_readout,,,,,,,,,,0.0,0.0,0.0,True
D,33,34,state,scaler,1,0.0,0.0,0.0,0.0,0.0,,,,,,not_declared_for_this_readout,,,,,,,,,,0.0,0.0,0.0,True
D,33,34,observable,residual,393216,0.1975553704771599,0.17568382380800482,0.21488030365803615,0.20586354987213173,1.0876965943220422,0.2616004382138146,-0.45904155829413823,0.3742519470686154,0.6520538846897073,1.2231080756351649,not_declared_for_this_readout,,,,,,,,,,0.0,0.0,0.0,True
D,33,34,observable,feature,49152,0.03906911478220008,0.043739914476138855,0.04326950961225926,0.037087485675913336,1.1075119017534762,0.14751506622268257,-0.6366752260902879,0.43657016284210715,0.4158111393355846,0.9892454096101123,not_declared_for_this_readout,,,,,,,,,,0.0,0.0,0.0,True
B,34,35,state,theta,55732739,0.10111300031325299,0.0009268923506465848,0.10396812635343795,0.10413504391872147,1.02823698269599,0.9993968379884534,0.1757699903396555,0.18438911813787992,0.9999616103704002,112.16850185559467,identity_parameter_carryover,1.0,1.0,0.10111300031323278,0.004564346745557054,0.045141047455979806,4.924354745589432,0.6117888433203161,-0.032889951910223286,0.6388895768502204,0.0,0.0,0.0,True
B,34,35,state,EMA,55732771,0.001305870207332587,1.0906651250242861e-05,0.001376311944169232,0.001376418998772614,1.0539423722519343,0.9973186845834936,0.005853641057512056,0.013777118284102401,0.9999686062297442,126.1901487992096,ema_transition_carryover_counterfactual_map,0.9993,1.0,0.0013049561019337042,0.0001213387169098941,0.09291789967223811,11.125203706058926,0.5576580791764417,-0.03450869319681089,0.6169081316943527,0.0,0.0,0.0,True
B,34,35,state,m,55732739,13.143025898235274,3.3214691574950788,12.470757024064673,11.692850520501176,0.9488497641733424,0.9822605785183537,-0.3600711681814477,-0.09996629053090654,0.964246632989842,3.754590644300797,radam_beta1_per_parameter_group,0.9,0.9,11.828723004267387,2.3760898263159405,0.18078712198497457,0.7153731417177734,0.17710189239969495,-0.37606855913457427,0.3585170530427023,0.0,0.0,0.0,True
B,34,35,state,v,55732739,15.217505210353531,0.7746858950883373,14.985170513966706,15.731661484630791,0.9847324056620824,0.9999443985618476,0.9617574189743069,0.9653643276222112,0.9999090328958882,19.343543762672933,radam_beta2_per_parameter_group,0.999,0.999,15.202287822879708,0.2692079593105088,0.017690676335523632,0.34750595178941657,-0.809599041955319,-0.7810484618751814,-0.8033642114039459,0.0,0.0,0.0,True
B,34,35,state,net_buffer,32,0.0,0.0,0.0,0.0,0.0,,,,,,not_declared_for_this_readout,,,,,,,,,,0.0,0.0,0.0,True
B,34,35,state,scaler,1,0.0,0.0,0.0,0.0,0.0,,,,,,not_declared_for_this_readout,,,,,,,,,,0.0,0.0,0.0,True
B,34,35,observable,residual,393216,0.2086958654666237,0.16706157909762753,0.20908453207129046,0.21169158564179447,1.0018623589106461,0.14706978543274632,-0.38380462926179154,0.41009645007114043,0.6847958751045197,1.2515416961856056,not_declared_for_this_readout,,,,,,,,,,0.0,0.0,0.0,True
B,34,35,observable,feature,49152,0.037679802883225734,0.03716262733700893,0.03697517414145698,0.03743319841754863,0.9812995640143743,-0.01790411263860266,-0.49013365332164793,0.5086354080800813,0.5011733068725152,0.9949558680592726,not_declared_for_this_readout,,,,,,,,,,0.0,0.0,0.0,True
C,34,35,state,theta,55732739,0.06750714822777305,0.0007323529567105041,0.06915515369124692,0.06923178613232159,1.024412310499525,0.9991410991964922,0.09940164949274935,0.10986989834419235,0.9999446013257631,94.42872191281893,identity_parameter_carryover,1.0,1.0,0.06750714822775024,0.003276495457825364,0.04853553355224364,4.473929445908618,0.4848497630693953,0.037740532782541816,0.5206744307484914,0.0,0.0,0.0,True
C,34,35,state,EMA,55732771,0.0009356325462982041,9.661115931771288e-06,0.0009831085252394447,0.0009831670125947007,1.0507421200011453,0.9962652859675827,0.0011405172114855664,0.010966975078943146,0.999951718593437,101.75931353917618,ema_transition_carryover_counterfactual_map,0.9993,1.0,0.0009349776062451048,9.582467080684954e-05,0.10241699178376848,9.918592374171093,0.4639649624192805,-0.043940358546995864,0.5387213182888905,0.0,0.0,0.0,True
C,34,35,state,m,55732739,9.116667489778115,1.6750248717751708,7.254744982690931,7.68051077126706,0.7957672023055763,0.8566319633111817,0.14620014040002327,0.3561832914869599,0.9764498843194486,4.33112672231693,radam_beta1_per_parameter_group,0.9,0.9,8.20500054495983,4.239222083083015,0.46499689583240367,2.5308412755628753,-0.46950927979405216,-0.22278713346098003,0.05333036372907364,0.0,0.0,0.0,True
C,34,35,state,v,55732739,6.320548242765246,0.14616901925627013,5.676887856094871,5.782036282330457,0.8981638361186256,0.9992395208315487,0.7131499553470294,0.7254609164523896,0.9998429624728173,38.83783229154665,radam_beta2_per_parameter_group,0.999,0.999,6.314227780600623,0.6787644521296285,0.10739012282780527,4.643695740610998,-0.9453310017175192,-0.7278106675910435,-0.9318963060027301,0.0,0.0,0.0,True
C,34,35,state,net_buffer,32,0.0,0.0,0.0,0.0,0.0,,,,,,not_declared_for_this_readout,,,,,,,,,,0.0,0.0,0.0,True
C,34,35,state,scaler,1,0.0,0.0,0.0,0.0,0.0,,,,,,not_declared_for_this_readout,,,,,,,,,,0.0,0.0,0.0,True
C,34,35,observable,residual,393216,0.20673042160636926,0.16237111081101388,0.1994572552820515,0.19940494212654047,0.9648181130391809,0.036799658782651415,-0.4073544907223448,0.4068169088469146,0.6685624373592975,1.2284035890731986,not_declared_for_this_readout,,,,,,,,,,0.0,0.0,0.0,True
C,34,35,observable,feature,49152,0.04128356012654859,0.036329585510693575,0.03780355115345436,0.03828583535521148,0.9157047269560381,-0.01685501370331378,-0.4671450045496304,0.4876436745314377,0.5441272619885387,1.040572046777878,not_declared_for_this_readout,,,,,,,,,,0.0,0.0,0.0,True
D,34,35,state,theta,55732739,0.09711573112125749,0.0006618494024108654,0.0996840342796854,0.09986372292095913,1.0264457995504475,0.9994093044726708,0.26841971441021895,0.2745642623069872,0.9999796200898947,150.61437528926433,identity_parameter_carryover,1.0,1.0,0.09711573112129555,0.004246539231507795,0.043726584586029835,6.41617143724731,0.590933018250641,0.11531884702503727,0.6183079546084875,0.0,0.0,0.0,True
D,34,35,state,EMA,55732771,0.0012311579306979257,9.13768802037852e-06,0.0012995496948939637,0.0012996300478276684,1.0555507644395123,0.9971230915176219,0.005278132435237243,0.012308797755899688,0.9999752829613061,142.21865443378653,ema_transition_carryover_counterfactual_map,0.9993,1.0,0.0012302961236776995,0.00011830231522165147,0.09609028400977573,12.946635402502055,0.5537920838912006,-0.02522422032792521,0.6153135755254096,0.0,0.0,0.0,True
D,34,35,state,m,55732739,11.84443432198285,3.5192763682016848,10.61363327916196,10.02078624042054,0.8960861270903779,0.9471214347534902,-0.32954269050729107,0.002158623166880514,0.9434271173266038,3.015856718460966,radam_beta1_per_parameter_group,0.9,0.9,10.65999062391688,3.459427834759109,0.2920720180227209,0.9829940796967993,-0.17563339188774318,-0.12602942956772503,0.1495413949741918,0.0,0.0,0.0,True
D,34,35,state,v,55732739,14.843635951539556,0.852951956490862,14.630508227971191,15.453826535714686,0.9856418114628943,0.999845571360841,0.9632672559244136,0.9671417907718236,0.9998901490724473,17.152792858536497,radam_beta2_per_parameter_group,0.999,0.999,14.828792541874712,0.32607381058034035,0.021967246545582422,0.3822886014844773,-0.615025423300473,-0.5636199086095006,-0.601073489083014,0.0,0.0,0.0,True
D,34,35,state,net_buffer,32,0.0,0.0,0.0,0.0,0.0,,,,,,not_declared_for_this_readout,,,,,,,,,,0.0,0.0,0.0,True
D,34,35,state,scaler,1,0.0,0.0,0.0,0.0,0.0,,,,,,not_declared_for_this_readout,,,,,,,,,,0.0,0.0,0.0,True
D,34,35,observable,residual,393216,0.20586354987213173,0.17085299323496686,0.20778454253707154,0.21553591823516274,1.0093313880292698,0.10504725165010587,-0.364915259285473,0.440897479165655,0.6747723507148964,1.2161598026633007,not_declared_for_this_readout,,,,,,,,,,0.0,0.0,0.0,True
D,34,35,observable,feature,49152,0.037087485675913336,0.03737216067100727,0.03832629233970817,0.038244593027131873,1.0334022822312645,-0.007761554853102611,-0.4897362888198289,0.48640560727467147,0.5235717648585047,1.0255305460420194,not_declared_for_this_readout,,,,,,,,,,0.0,0.0,0.0,True
B,35,36,state,theta,55732739,0.10413504391872147,0.001047668681394442,0.10686255391139694,0.10706017070826493,1.0261920472689705,0.9994111475007589,0.18389774248322888,0.19334408832672148,0.9999537373099959,102.00033255662791,identity_parameter_carryover,1.0,1.0,0.10413504391875382,0.0045326562883245755,0.043526714137292366,4.32642148116104,0.5878636148875258,0.018818761358275867,0.6152750167041158,0.0,0.0,0.0,True
B,35,36,state,EMA,55732771,0.001376418998772614,1.1368059629965693e-05,0.0014485809030667688,0.0014486960320596403,1.0524272800350063,0.9975255437769776,0.0062039509573937595,0.014050555851575022,0.9999692122381371,127.42551941303816,ema_transition_carryover_counterfactual_map,0.9993,1.0,0.0013754555093954993,0.00012332001576912738,0.08959482241896895,10.847938855287262,0.5639063797341354,-0.034575316614833713,0.6205715888096488,0.0,0.0,0.0,True
B,35,36,state,m,55732739,11.692850520501176,2.518376930568056,11.071804189874088,11.794412274518152,0.9468866612518306,0.9493188303171257,0.1825682170031837,0.3849056972791984,0.9777155069221929,4.396404706334681,radam_beta1_per_parameter_group,0.9,0.9,10.523565187111904,3.480055186732,0.2976224814154931,1.38186430493827,-0.0037048217308558234,-0.43655202859529346,0.31079553003919846,0.0,0.0,0.0,True
B,35,36,state,v,55732739,15.731661484630791,0.1646419476837853,15.672691067130595,15.727760756542128,0.996251481920215,0.9999626722222441,0.3298166523226595,0.33913005995550993,0.999951167022027,95.19257569299343,radam_beta2_per_parameter_group,0.999,0.999,15.715930148328813,0.142330939968305,0.009047419441827978,0.8644877078450793,-0.3079028912263227,-0.481514837927076,-0.2996708970140898,0.0,0.0,0.0,True
B,35,36,state,net_buffer,32,0.0,0.0,0.0,0.0,0.0,,,,,,not_declared_for_this_readout,,,,,,,,,,0.0,0.0,0.0,True
B,35,36,state,scaler,1,0.0,0.0,0.0,0.0,0.0,,,,,,not_declared_for_this_readout,,,,,,,,,,0.0,0.0,0.0,True
B,35,36,observable,residual,393216,0.21169158564179447,0.16848928704428717,0.20902720190762789,0.210193001445675,0.9874138420471987,0.08531317581947859,-0.39609353664755104,0.4076965588566527,0.6769477734100818,1.2405963938388878,not_declared_for_this_readout,,,,,,,,,,0.0,0.0,0.0,True
B,35,36,observable,feature,49152,0.03743319841754863,0.03890390351549364,0.04016202481000614,0.03849884368182731,1.0728985635162356,-0.036066067886975986,-0.5262027401502654,0.4615862272994379,0.5114617036382962,1.0323392045739435,not_declared_for_this_readout,,,,,,,,,,0.0,0.0,0.0,True
C,35,36,state,theta,55732739,0.06923178613232159,0.001005591950413007,0.07116879969441108,0.07118838889310013,1.0279786738188048,0.9989688123285391,0.012418109894645365,0.0265404787980998,0.999900241493733,70.7730403621283,identity_parameter_carryover,1.0,1.0,0.06923178613228904,0.003730099197224269,0.05387841922921057,3.709356658724524,0.49961812668984784,-0.21937594233808175,0.5384319344510017,0.0,0.0,0.0,True
C,35,36,state,EMA,55732771,0.0009831670125947007,1.1017022613232065e-05,0.0010317966241517945,0.0010318532894321086,1.049462208286214,0.996531430038843,-0.0001951860159568532,0.010481752058801546,0.9999429999887895,93.6547613973805,ema_transition_carryover_counterfactual_map,0.9993,1.0,0.0009824787985452032,9.72859376637792e-05,0.09895158850684935,8.83051084482057,0.4701498276976976,-0.05404830593259667,0.5419655021284132,0.0,0.0,0.0,True
C,35,36,state,m,55732739,7.68051077126706,2.143839296548321,8.315091072888823,8.403133134873098,1.0826221485159215,0.7967041697490821,-0.08762766793346205,0.16841423722106702,0.9671668060547642,3.878598123598396,radam_beta1_per_parameter_group,0.9,0.9,6.912459523797888,5.033621073124948,0.6553758236959737,2.3479470132063107,-0.057173909200385946,-0.3076996036679063,0.5578301791818323,0.0,0.0,0.0,True
C,35,36,state,v,55732739,5.782036282330457,0.11786578326904934,5.780508536417045,5.760319822622408,0.9997357771831905,0.9988022425535908,-0.1811816135087322,-0.16135494362826067,0.9997975114175193,49.04314361719397,radam_beta2_per_parameter_group,0.999,0.999,5.776254266052744,0.2828490635867827,0.048918590229388874,2.39975551633276,-0.009437460196520432,-0.16588755961563853,0.039501004142777706,0.0,0.0,0.0,True
C,35,36,state,net_buffer,32,0.0,0.0,0.0,0.0,0.0,,,,,,not_declared_for_this_readout,,,,,,,,,,0.0,0.0,0.0,True
C,35,36,state,scaler,1,0.0,0.0,0.0,0.0,0.0,,,,,,not_declared_for_this_readout,,,,,,,,,,0.0,0.0,0.0,True
C,35,36,observable,residual,393216,0.19940494212654047,0.16984854376979444,0.20652483861859242,0.2066188155713596,1.035705717301298,8.501900828449704e-05,-0.41065266802792977,0.4115722352868788,0.6619730181912189,1.215935291729716,not_declared_for_this_readout,,,,,,,,,,0.0,0.0,0.0,True
C,35,36,observable,feature,49152,0.03828583535521148,0.038139361209094474,0.03924929989027644,0.03736901464450021,1.0251650388747182,-0.03768416944017204,-0.5339798906019141,0.45976658766440254,0.5053290311200777,1.029102183308652,not_declared_for_this_readout,,,,,,,,,,0.0,0.0,0.0,True
D,35,36,state,theta,55732739,0.09986372292095913,0.0006002489305133163,0.10232182596569168,0.10252894071353136,1.0246145744704322,0.9993563026573151,0.34246416379374367,0.347626799317932,0.999984872566003,170.46565310526898,identity_parameter_carryover,1.0,1.0,0.09986372292101166,0.004381458260406944,0.043874373318475345,7.299402027522218,0.5459914519384276,0.2944040713781818,0.5756953296918976,0.0,0.0,0.0,True
D,35,36,state,EMA,55732771,0.0012996300478276684,8.65813359950476e-06,0.0013695664879227914,0.001369664584305982,1.053812575518719,0.9973556813152206,0.008169471533142765,0.014490239627092952,0.9999800213807577,158.18264666199306,ema_transition_carryover_counterfactual_map,0.9993,1.0,0.0012987203105134042,0.00012010826178179344,0.09241727057831141,13.872304048145384,0.5597001085358722,-0.02029772900923672,0.6184454482367318,0.0,0.0,0.0,True
D,35,36,state,m,55732739,10.02078624042054,1.4226630475333595,10.091632214106829,10.75563946096827,1.0070699017009783,0.9380128552509444,0.4116032496535446,0.5184639817469401,0.9927075918062028,7.093480238770448,radam_beta1_per_parameter_group,0.9,0.9,9.01870738577662,3.5262584889165445,0.3518943927466273,2.478632234829209,0.12686913421868568,0.2900771217610419,0.46280462774421044,0.0,0.0,0.0,True
D,35,36,state,v,55732739,15.453826535714686,0.1317384907575304,15.469179415089178,15.51404811922179,1.0009934678209964,0.9999516238070866,0.3368250245570909,0.3443424428021536,0.9999680364696383,117.42338420713182,radam_beta2_per_parameter_group,0.999,0.999,15.438372927355372,0.15509785038876767,0.01003621012765528,1.1773161321107817,0.1938011884166579,0.5372893932834133,0.20344148767043288,0.0,0.0,0.0,True
D,35,36,state,net_buffer,32,0.0,0.0,0.0,0.0,0.0,,,,,,not_declared_for_this_readout,,,,,,,,,,0.0,0.0,0.0,True
D,35,36,state,scaler,1,0.0,0.0,0.0,0.0,0.0,,,,,,not_declared_for_this_readout,,,,,,,,,,0.0,0.0,0.0,True
D,35,36,observable,residual,393216,0.21553591823516274,0.16924396419934684,0.21589900541181828,0.21738502479278568,1.0016845785130781,0.20154412424025395,-0.383141143265612,0.3980226904701934,0.6948715976257499,1.2756673860316696,not_declared_for_this_readout,,,,,,,,,,0.0,0.0,0.0,True
D,35,36,observable,feature,49152,0.038244593027131873,0.033283748893494905,0.03855797804932711,0.03766197833417692,1.0081942308020617,0.02383967501628709,-0.45821376850397477,0.4146344179548387,0.6188444439135747,1.1584625930423067,not_declared_for_this_readout,,,,,,,,,,0.0,0.0,0.0,True
B,36,37,state,theta,55732739,0.10706017070826493,0.0011346950726718002,0.10995420029279158,0.1101844598936116,1.0270318043150966,0.9993938395791497,0.19797903791392696,0.20786344901402748,0.9999490512363347,96.90198092945698,identity_parameter_carryover,1.0,1.0,0.10706017070827667,0.004758834229381945,0.044450090055895716,4.193932223726499,0.5941328409244258,0.26913974248225364,0.6217752247763474,0.0,0.0,0.0,True
B,36,37,state,EMA,55732771,0.0014486960320596403,1.1885553365056365e-05,0.0015226468770811372,0.0015227448930762784,1.0510464882797805,0.9977119529153186,0.00434399005257402,0.012149058149396144,0.9999695383844237,128.10904383785217,ema_transition_carryover_counterfactual_map,0.9993,1.0,0.0014476819489404056,0.00012532702528462075,0.0865102288617722,10.54448383136147,0.5703561560668265,-0.034181518606711085,0.6245843019696606,0.0,0.0,0.0,True
B,36,37,state,m,55732739,11.794412274518152,5.183767418993274,11.637023044463634,13.270631837464409,0.98665561060685,0.9236779055526558,0.11453158120345465,0.49105228361318487,0.9216387187400701,2.244896829635082,radam_beta1_per_parameter_group,0.9,0.9,10.614970771302445,4.460965999255943,0.37822707019440616,0.8605644579868699,0.03001374619265192,0.3520019178490614,0.4107202515213021,0.0,0.0,0.0,True
B,36,37,state,v,55732739,15.727760756542128,0.9300060895390538,15.856343035890069,16.66647670376731,1.0081754981741093,0.9997382572156747,0.8640330775031875,0.8778346630081876,0.9996053368475522,17.049719581673997,radam_beta2_per_parameter_group,0.999,0.999,15.712033303694922,0.388901130747653,0.02472705026275819,0.41817052073326433,0.3603986662375203,0.6119082009341453,0.38164518460638025,0.0,0.0,0.0,True
B,36,37,state,net_buffer,32,0.0,0.0,0.0,0.0,0.0,,,,,,not_declared_for_this_readout,,,,,,,,,,0.0,0.0,0.0,True
B,36,37,state,scaler,1,0.0,0.0,0.0,0.0,0.0,,,,,,not_declared_for_this_readout,,,,,,,,,,0.0,0.0,0.0,True
B,36,37,observable,residual,393216,0.210193001445675,0.16733263438266313,0.2173581340656272,0.21678945847027611,1.0340883500909714,0.2166919718092637,-0.3883178202249527,0.38253058123444705,0.7028934492704828,1.2989584181682319,not_declared_for_this_readout,,,,,,,,,,0.0,0.0,0.0,True
B,36,37,observable,feature,49152,0.03849884368182731,0.037418365535550904,0.038620906810223114,0.03754371635410378,1.003170566092961,0.002751730328537523,-0.5128177552202466,0.4691298707469792,0.5175860697697605,1.0321377285581779,not_declared_for_this_readout,,,,,,,,,,0.0,0.0,0.0,True
C,36,37,state,theta,55732739,0.07118838889310013,0.0009322140357107227,0.07310846448339127,0.07309687825695114,1.0269717522779511,0.9985798185474265,-0.01880328904934214,-0.006053138854558014,0.9999187042775163,78.42454810032244,identity_parameter_carryover,1.0,1.0,0.07118838889306688,0.004297590557255395,0.060369262798022606,4.610089949974739,0.42262013582763436,-0.02844955285447556,0.47030446315013563,0.0,0.0,0.0,True
C,36,37,state,EMA,55732771,0.0010318532894321086,1.071575149218242e-05,0.0010815670579975678,0.0010815583002867228,1.048179105571122,0.9967714871672964,-0.005771079415119281,0.004136570452573374,0.9999509192042665,100.93245058796066,ema_transition_carryover_counterfactual_map,0.9993,1.0,0.001031130995133417,9.871632295348134e-05,0.09566895213156795,9.21226318336133,0.47554657966847313,-0.05486817792896712,0.5446422729971021,0.0,0.0,0.0,True
C,36,37,state,m,55732739,8.403133134873098,3.10745560351316,11.367577680169209,12.085187089130276,1.35277848127785,0.7343826294047152,0.10153995861699515,0.35263988379345135,0.9667296424448547,3.6581625389329773,radam_beta1_per_parameter_group,0.9,0.9,7.562819634388888,7.755445418988287,0.9229230686353285,2.495754214547845,0.10126200494085538,0.32572996395423937,0.7496119173089756,0.0,0.0,0.0,True
C,36,37,state,v,55732739,5.760319822622408,0.48768645443997977,5.376688799058365,4.936910105286826,0.9334010896309237,0.9933800844283267,-0.9102378653081501,-0.8925378802669417,0.9991630425975989,11.024888532597293,radam_beta2_per_parameter_group,0.999,0.999,5.754559599813841,0.7432583786825859,0.12903074856427235,1.5240496673955903,-0.5562857258242583,0.5800703913649472,-0.45714399217040047,0.0,0.0,0.0,True
C,36,37,state,net_buffer,32,0.0,0.0,0.0,0.0,0.0,,,,,,not_declared_for_this_readout,,,,,,,,,,0.0,0.0,0.0,True
C,36,37,state,scaler,1,0.0,0.0,0.0,0.0,0.0,,,,,,not_declared_for_this_readout,,,,,,,,,,0.0,0.0,0.0,True
C,36,37,observable,residual,393216,0.2066188155713596,0.16012206693259048,0.19660159502462035,0.1953495974199095,0.9515183526774229,0.031275273289005485,-0.41501886347679434,0.4019905720048552,0.6662307908879118,1.2278232400496512,not_declared_for_this_readout,,,,,,,,,,0.0,0.0,0.0,True
C,36,37,observable,feature,49152,0.03736901464450021,0.036330010257667716,0.03779936932537185,0.0372269184836986,1.0115163507779292,-0.01817568758907769,-0.4962013627564085,0.47207537993725973,0.5311309539418637,1.0404447743692562,not_declared_for_this_readout,,,,,,,,,,0.0,0.0,0.0,True
D,36,37,state,theta,55732739,0.10252894071353136,0.0007671496074237659,0.10512994717792395,0.10541162302795917,1.0253685100644887,0.999285464634322,0.36401529877969024,0.37032025139898445,0.9999770266654606,137.0396936406841,identity_parameter_carryover,1.0,1.0,0.10252894071346165,0.004708395799297534,0.04592260259913267,6.137519662050303,0.5364645426768445,0.4095897100165266,0.5679783800259111,0.0,0.0,0.0,True
D,36,37,state,EMA,55732771,0.001369664584305982,9.64532384314074e-06,0.00144118872046839,0.0014413293226364634,1.0522201836726688,0.9975597264775927,0.011231639310406206,0.017922507593487035,0.999977611383375,149.41838593561477,ema_transition_carryover_counterfactual_map,0.9993,1.0,0.001368705822985214,0.00012198753573490966,0.0890638022861061,12.647324000599623,0.5653528648836206,-0.019571410416001828,0.6215627982643486,0.0,0.0,0.0,True
D,36,37,state,m,55732739,10.75563946096827,3.0250368831157526,10.811449747618163,12.322977287776883,1.005188932452824,0.8790059370584071,0.3947018561576072,0.591767394839604,0.9742318873083808,3.5739893976044668,radam_beta1_per_parameter_group,0.9,0.9,9.680075282807584,5.158045382705253,0.47956659401085044,1.7051181793831638,-0.034266229420008676,0.6502912248351689,0.44641059389673665,0.0,0.0,0.0,True
D,36,37,state,v,55732739,15.51404811922179,0.5765580663317522,15.952706217722548,16.423112232258806,1.0282748960896455,0.9995228218254347,0.8098450134366516,0.8217551860277362,0.9997879001548826,27.668863119405813,radam_beta2_per_parameter_group,0.999,0.999,15.49853418125184,0.6650042768630126,0.04286465220119288,1.15340382122131,0.6715141071646871,0.9268310135535286,0.6940821500450916,0.0,0.0,0.0,True
D,36,37,state,net_buffer,32,0.0,0.0,0.0,0.0,0.0,,,,,,not_declared_for_this_readout,,,,,,,,,,0.0,0.0,0.0,True
D,36,37,state,scaler,1,0.0,0.0,0.0,0.0,0.0,,,,,,not_declared_for_this_readout,,,,,,,,,,0.0,0.0,0.0,True
D,36,37,observable,residual,393216,0.21738502479278568,0.16500924489134605,0.22884986169924812,0.2155937442843005,1.0527397732083472,0.16942850082652924,-0.4385274456711177,0.2998802206103446,0.7258502770774582,1.3868911517650986,not_declared_for_this_readout,,,,,,,,,,0.0,0.0,0.0,True
D,36,37,observable,feature,49152,0.03766197833417692,0.03568299353665351,0.03777650819012759,0.03709625186875734,1.003040994154222,-0.0045360318737332605,-0.49118302164711747,0.46171279398107323,0.5458672125426747,1.058669815673498,not_declared_for_this_readout,,,,,,,,,,0.0,0.0,0.0,True
B,37,38,state,theta,55732739,0.1101844598936116,0.0010519743213108514,0.11318194408592758,0.11340310333571274,1.0272042372872743,0.9993961666709421,0.2057906832664525,0.21466576497570158,0.9999587953478656,107.59002552922874,identity_parameter_carryover,1.0,1.0,0.11018445989362426,0.004903630410062143,0.04450382944016638,4.661359417929321,0.5973413404497496,0.07977104961194037,0.6248466922068433,0.0,0.0,0.0,True
B,37,38,state,EMA,55732771,0.0015227448930762784,1.153470149895834e-05,0.0015985886059738412,0.001598719499960518,1.0498072351070846,0.9978778244875385,0.00774053130602009,0.014954860217528045,0.9999739733776816,138.58950802655832,ema_transition_carryover_counterfactual_map,0.9993,1.0,0.0015216789759498596,0.00012743484297851062,0.08368758520086993,11.047953255662389,0.576899870644337,-0.031886343636685056,0.6288617619253268,0.0,0.0,0.0,True
B,37,38,state,m,55732739,13.270631837464409,4.785204152911576,12.620863899900986,12.946641236333525,0.9510371513940233,0.9652922092527292,-0.12061634687289116,0.2520284292553412,0.9302559510289297,2.6374765833599327,radam_beta1_per_parameter_group,0.9,0.9,11.943568356261958,3.304891168615246,0.2490379666238035,0.6906478935918277,0.07239368201396128,-0.11473608769462616,0.33036803911468343,0.0,0.0,0.0,True
B,37,38,state,v,55732739,16.66647670376731,1.1918807375898262,16.72179366866349,17.86811205433687,1.0033190557236178,0.9999420754157498,0.9591000764060259,0.9642739126805987,0.9998217226770004,14.029754103147633,radam_beta2_per_parameter_group,0.999,0.999,16.64981032973671,0.19348308387397153,0.011609117350533747,0.16233426531015624,0.36703330626502384,0.29885455763518465,0.3770240300482282,0.0,0.0,0.0,True
B,37,38,state,net_buffer,32,0.0,0.0,0.0,0.0,0.0,,,,,,not_declared_for_this_readout,,,,,,,,,,0.0,0.0,0.0,True
B,37,38,state,scaler,1,0.0,0.0,0.0,0.0,0.0,,,,,,not_declared_for_this_readout,,,,,,,,,,0.0,0.0,0.0,True
B,37,38,observable,residual,393216,0.21678945847027611,0.17416145539217814,0.2423235041928522,0.23714003243153653,1.1177826906471886,0.28756199228973894,-0.3888014618668524,0.33712453311896884,0.7363129453308367,1.391372756085359,not_declared_for_this_readout,,,,,,,,,,0.0,0.0,0.0,True
B,37,38,observable,feature,49152,0.03754371635410378,0.03500886686369063,0.03871710079145131,0.0394855425856317,1.0312538169178682,-0.037730987248057325,-0.4299434163510977,0.46504880206170013,0.5993400981681565,1.105922706444597,not_declared_for_this_readout,,,,,,,,,,0.0,0.0,0.0,True
C,37,38,state,theta,55732739,0.07309687825695114,0.0008463418677001331,0.074935286802933,0.07501340828041242,1.025150301761444,0.99873495004052,0.08670583474161228,0.09789807755566476,0.9999368286354084,88.54021012402907,identity_parameter_carryover,1.0,1.0,0.07309687825697454,0.004151922229400044,0.05680026737674282,4.905727091916844,0.41995287196812814,-0.0016743786367623124,0.46505681998625037,0.0,0.0,0.0,True
C,37,38,state,EMA,55732771,0.0010815583002867228,1.0291029780221026e-05,0.0011323186920391048,0.0011323753295813164,1.046932644998356,0.9969911782844838,0.0009594926757161727,0.010047447144592749,0.9999587032909583,110.0296779060322,ema_transition_carryover_counterfactual_map,0.9993,1.0,0.0010808012126182049,0.00010009251427274577,0.09254472389163958,9.726190324035388,0.4806606637965936,-0.045270606990185355,0.5471879488562817,0.0,0.0,0.0,True
C,37,38,state,m,55732739,12.085187089130276,1.9536549490034494,12.068816839183446,11.864630799990772,0.9986454285046564,0.968064002353705,-0.1845689077343123,-0.023083178673400227,0.9868181384257864,6.177558040809456,radam_beta1_per_parameter_group,0.9,0.9,10.876668086132701,3.1313895582518385,0.25910972955216305,1.6028365499491843,0.25762334320721886,-0.4636407302615835,0.49163668991551857,0.0,0.0,0.0,True
C,37,38,state,v,55732739,4.936910105286826,0.28884831949275724,5.3742263269693415,5.114834436145709,1.088580956986477,0.9986630734905585,-0.9032226968907809,-0.892555748235342,0.99970625299416,18.60570397780728,radam_beta2_per_parameter_group,0.999,0.999,4.931973268583115,0.516197330764187,0.10455878672196256,1.7870878794471587,0.842832937740848,-0.8974719792302539,0.8695255034399791,0.0,0.0,0.0,True
C,37,38,state,net_buffer,32,0.0,0.0,0.0,0.0,0.0,,,,,,not_declared_for_this_readout,,,,,,,,,,0.0,0.0,0.0,True
C,37,38,state,scaler,1,0.0,0.0,0.0,0.0,0.0,,,,,,not_declared_for_this_readout,,,,,,,,,,0.0,0.0,0.0,True
C,37,38,observable,residual,393216,0.1953495974199095,0.17061479946001906,0.19353947895425863,0.19968689032370152,0.9907339534375391,0.13292579721340805,-0.40417201990132806,0.46268213787422346,0.6238854770560552,1.1343651287390906,not_declared_for_this_readout,,,,,,,,,,0.0,0.0,0.0,True
C,37,38,observable,feature,49152,0.0372269184836986,0.03445311788150707,0.03997126625685933,0.04092771104313982,1.0737194450935406,-0.03489084960617409,-0.402880665140692,0.44833847478268807,0.6374842507338402,1.1601639768664933,not_declared_for_this_readout,,,,,,,,,,0.0,0.0,0.0,True
D,37,38,state,theta,55732739,0.10541162302795917,0.0006229824228782693,0.10820686279148438,0.10840652115750792,1.0265173771471463,0.9993462562552493,0.31790497109935834,0.3230661923047221,0.9999851562722819,173.69167863766197,identity_parameter_carryover,1.0,1.0,0.10541162302791393,0.004767274791075524,0.04522532386975069,7.652342371153943,0.5715005581347613,0.18218723185719501,0.600794390562262,0.0,0.0,0.0,True
D,37,38,state,EMA,55732771,0.0014413293226364634,8.86831447911841e-06,0.0015146913790751468,0.001514804136867023,1.0508988856928896,0.9977412905159416,0.009787721703916293,0.01564142293262504,0.9999828643207791,170.79811306214762,ema_transition_carryover_counterfactual_map,0.9993,1.0,0.001440320396191571,0.00012404204539409253,0.0860608630144263,13.98710495508087,0.5719813380602062,-0.02014242334750871,0.6257898116525735,0.0,0.0,0.0,True
D,37,38,state,m,55732739,12.322977287776883,3.648668484775307,13.336062110237176,12.550913922310794,1.0822110435491241,0.915476246580078,-0.3456501800980521,-0.07656365037439904,0.9620733012830153,3.6550490037349723,radam_beta1_per_parameter_group,0.9,0.9,11.090679273817706,5.481321243207014,0.4448049456882402,1.5022798771877368,0.20399621941639773,-0.607720291588012,0.5806645034275237,0.0,0.0,0.0,True
D,37,38,state,v,55732739,16.423112232258806,0.9664264775238188,15.444307152939327,16.365406859145462,0.9404007556255459,0.999344819291489,0.9502325542748612,0.9558033018730361,0.999830752392919,15.980840252339508,radam_beta2_per_parameter_group,0.999,0.999,16.40668935456583,1.1217004154417396,0.06830011264481646,1.1606681330956123,-0.8669881907340088,-0.9375030085387784,-0.8483841542727311,0.0,0.0,0.0,True
D,37,38,state,net_buffer,32,0.0,0.0,0.0,0.0,0.0,,,,,,not_declared_for_this_readout,,,,,,,,,,0.0,0.0,0.0,True
D,37,38,state,scaler,1,0.0,0.0,0.0,0.0,0.0,,,,,,not_declared_for_this_readout,,,,,,,,,,0.0,0.0,0.0,True
D,37,38,observable,residual,393216,0.2155937442843005,0.1725578163647235,0.23444001109360965,0.23412835254808256,1.087415647758577,0.3223515453637543,-0.369826169953806,0.36670383592441685,0.7287610104240199,1.358617163989199,not_declared_for_this_readout,,,,,,,,,,0.0,0.0,0.0,True
D,37,38,observable,feature,49152,0.03709625186875734,0.03399472621632546,0.0379745225958276,0.03752105448623123,1.0236754572989608,-0.010918275368414812,-0.4608588468010348,0.439588698954213,0.5945395879702962,1.1170709937234589,not_declared_for_this_readout,,,,,,,,,,0.0,0.0,0.0,True
B,38,39,state,theta,55732739,0.11340310333571274,0.0012197018561665883,0.11635146921319614,0.11640494755616716,1.0259989876004998,0.9994074764187626,0.03861404412120253,0.04907439710992786,0.9999451851333099,95.39336898189055,identity_parameter_carryover,1.0,1.0,0.11340310333574541,0.0049324543177429025,0.043494879528482716,4.043983611900991,0.583771222750591,-0.16294657274062788,0.611371073324556,0.0,0.0,0.0,True
B,38,39,state,EMA,55732771,0.001598719499960518,1.2193667112469742e-05,0.001676428223004889,0.0016764934292049396,1.0486068525756334,0.9980265112903447,0.001710850708988731,0.008984100542230741,0.9999735491620464,137.48351562677195,ema_transition_carryover_counterfactual_map,0.9993,1.0,0.001597600400803373,0.00012955642314371982,0.08103761988699039,10.624894213425764,0.5829074946526845,-0.043249023680482244,0.6327796535846721,0.0,0.0,0.0,True
B,38,39,state,m,55732739,12.946641236333525,5.135755139672253,13.700043789384269,12.111585840277604,1.0581928964661809,0.9106154013451222,-0.4787990462997955,-0.11755791353229926,0.9281236391932536,2.667581186563065,radam_beta1_per_parameter_group,0.9,0.9,11.651976818961298,5.7211859557520786,0.4419050355466799,1.1139911853580282,0.1439376487888264,-0.8305715733306506,0.5400233910929566,0.0,0.0,0.0,True
B,38,39,state,v,55732739,17.86811205433687,0.9899038620139436,16.938498600420605,17.872663564022353,0.9479736050966485,0.999713493751382,0.9404945953217373,0.9467234801328225,0.9998228729882269,17.111256204172694,radam_beta2_per_parameter_group,0.999,0.999,17.850244238467425,1.0022644930144737,0.0560923554747469,1.0124866984308785,-0.9145276821901803,-0.9676256336701653,-0.9045830082805331,0.0,0.0,0.0,True
B,38,39,state,net_buffer,32,0.0,0.0,0.0,0.0,0.0,,,,,,not_declared_for_this_readout,,,,,,,,,,0.0,0.0,0.0,True
B,38,39,state,scaler,1,0.0,0.0,0.0,0.0,0.0,,,,,,not_declared_for_this_readout,,,,,,,,,,0.0,0.0,0.0,True
B,38,39,observable,residual,393216,0.23714003243153653,0.17927926414420667,0.24617619282292538,0.23846663692029352,1.0381047446891853,0.1471921453329519,-0.40645763446225086,0.3322019053548196,0.7267547756320527,1.3731437040309855,not_declared_for_this_readout,,,,,,,,,,0.0,0.0,0.0,True
B,38,39,observable,feature,49152,0.0394855425856317,0.03674481946271707,0.03734552083459599,0.0399095578031901,0.9458023972598406,0.02990286913764278,-0.4197825353078713,0.5278891374409921,0.5492590889933243,1.0163479200785954,not_declared_for_this_readout,,,,,,,,,,0.0,0.0,0.0,True
C,38,39,state,theta,55732739,0.07501340828041242,0.0009482320752293385,0.076926964587743,0.07693979067102334,1.025509523579803,0.9989357952895808,0.007364243025462407,0.01968735454637898,0.9999240565670536,81.12672688185275,identity_parameter_carryover,1.0,1.0,0.07501340828039561,0.0039929686722691956,0.05323006598157524,4.21096140552244,0.4587289356903009,-0.13656950106579063,0.4992240343950129,0.0,0.0,0.0,True
C,38,39,state,EMA,55732771,0.0011323753295813164,1.0756637755730811e-05,0.0011842167084464292,0.001184259512848636,1.0457810917553994,0.9971842029066228,-0.0005622481230834845,0.008520779461429111,0.9999587486517388,110.09171595608622,ema_transition_carryover_counterfactual_map,0.9993,1.0,0.0011315826701084168,0.00010157213411369252,0.08969829301319,9.442740047611807,0.48536466032364817,-0.051885543619445036,0.5495635788288964,0.0,0.0,0.0,True
C,38,39,state,m,55732739,11.864630799990772,2.601750486842612,11.183536965163132,11.903512449434304,0.9425946035482057,0.9646662295609574,0.16931437849929262,0.37764349948125636,0.9765227516862497,4.2984663678241715,radam_beta1_per_parameter_group,0.9,0.9,10.678167439581033,2.948642657786872,0.24852376003045668,1.133330299234511,0.03737753622584108,-0.2691087813203479,0.2993477156429233,0.0,0.0,0.0,True
C,38,39,state,v,55732739,5.114834436145709,0.32070824993988917,4.773875014036678,4.5022786128174985,0.9333391087501238,0.9990980220427164,-0.8563643315439545,-0.8367914026032162,0.9993232971294689,14.88541381436696,radam_beta2_per_parameter_group,0.999,0.999,5.109719658890841,0.3959745127607376,0.07741687784895825,1.234687641602471,-0.8590213862910414,0.6795024012282554,-0.8365078554973548,0.0,0.0,0.0,True
C,38,39,state,net_buffer,32,0.0,0.0,0.0,0.0,0.0,,,,,,not_declared_for_this_readout,,,,,,,,,,0.0,0.0,0.0,True
C,38,39,state,scaler,1,0.0,0.0,0.0,0.0,0.0,,,,,,not_declared_for_this_readout,,,,,,,,,,0.0,0.0,0.0,True
C,38,39,observable,residual,393216,0.19968689032370152,0.17469094971052684,0.2042617307517277,0.1896322023047007,1.0229100689615136,-0.0027523769657191487,-0.5083616862063598,0.3736291145546264,0.6088393405165443,1.1692748312960768,not_declared_for_this_readout,,,,,,,,,,0.0,0.0,0.0,True
C,38,39,observable,feature,49152,0.04092771104313982,0.03900282263182642,0.04053771538772045,0.03811819740507929,0.9904711100259603,-0.11197211233939018,-0.5412514883336466,0.44760049021372306,0.509661550428994,1.0393533763026053,not_declared_for_this_readout,,,,,,,,,,0.0,0.0,0.0,True
D,38,39,state,theta,55732739,0.10840652115750792,0.0006575214112845994,0.11134782786908315,0.11152392029449186,1.027132193526455,0.9994305167502394,0.26507166971669316,0.2705489188704535,0.9999838408922476,169.34479388518,identity_parameter_carryover,1.0,1.0,0.10840652115747693,0.004732817016556882,0.04365804719146364,7.19796638608373,0.6080725239682387,0.07305124180138999,0.6345147930005147,0.0,0.0,0.0,True
D,38,39,state,EMA,55732771,0.001514804136867023,9.085526445897731e-06,0.001590073112577572,0.0015901605716053895,1.0496889161302552,0.9979048919406717,0.006769504959387723,0.01248272320526791,0.9999836780561998,175.01166520686505,ema_transition_carryover_counterfactual_map,0.9993,1.0,0.0015137437782332,0.00012614223568678477,0.0832729675188748,13.883866437232168,0.5786956204941969,-0.022301572367968595,0.6302472023162903,0.0,0.0,0.0,True
D,38,39,state,m,55732739,12.550913922310794,3.357277160481221,11.328207158428908,11.648601154469759,0.9025802605730269,0.9291956554408968,-0.051399947112615384,0.23822670849987929,0.9576809388530892,3.374224592409034,radam_beta1_per_parameter_group,0.9,0.9,11.295822239134747,4.256935155854229,0.3391733209393623,1.267972512357024,-0.18081115530491826,-0.6931540230619071,0.19548764039771563,0.0,0.0,0.0,True
D,38,39,state,v,55732739,16.365406859145462,0.7423675204818646,15.809121522866027,16.517273400841002,0.9660084627857225,0.9996979128340296,0.9517956816697335,0.9559338719993486,0.9999049675009686,21.2955457865458,radam_beta2_per_parameter_group,0.999,0.999,16.349041722678837,0.6690823112767934,0.04088393994939948,0.901281767880278,-0.8140940559177123,-0.8939477600788049,-0.7995748128345779,0.0,0.0,0.0,True
D,38,39,state,net_buffer,32,0.0,0.0,0.0,0.0,0.0,,,,,,not_declared_for_this_readout,,,,,,,,,,0.0,0.0,0.0,True
D,38,39,state,scaler,1,0.0,0.0,0.0,0.0,0.0,,,,,,not_declared_for_this_readout,,,,,,,,,,0.0,0.0,0.0,True
D,38,39,observable,residual,393216,0.23412835254808256,0.16564388399134378,0.21630777646557162,0.21161589428417518,0.9238854419442807,0.27224042055910125,-0.41090725998574745,0.36273952157480477,0.7005310374381329,1.3058603267047,not_declared_for_this_readout,,,,,,,,,,0.0,0.0,0.0,True
D,38,39,observable,feature,49152,0.03752105448623123,0.03640901298761657,0.04052277344228091,0.03912909606435683,1.0800009220729976,0.056448396253340506,-0.48686149451213695,0.4262821436073247,0.5826003986374692,1.1129874203418675,not_declared_for_this_readout,,,,,,,,,,0.0,0.0,0.0,True
B,39,40,state,theta,55732739,0.11640494755616716,0.001416172556224271,0.11924437272125651,0.1195227562096076,1.0243926501811214,0.9995367967755835,0.19086590099785694,0.20226991044445006,0.9999323606843132,84.20186664200014,identity_parameter_carryover,1.0,1.0,0.11640494755614626,0.004573996611559442,0.039293833360067615,3.2298300030290132,0.6086997922420925,0.1639675451831892,0.6325637200613438,0.0,0.0,0.0,True
B,39,40,state,EMA,55732771,0.0016764934292049396,1.3038165712083674e-05,0.0017560727195758158,0.0017562172876993923,1.0474677019215135,0.9981686626653449,0.007376220644058301,0.014799618327829197,0.9999724431954805,134.68709927105013,ema_transition_carryover_counterfactual_map,0.9993,1.0,0.0016753198884848636,0.0001315163425943499,0.07844727590535217,10.087027999073637,0.5895607194337671,-0.03575019739479485,0.6373421378506702,0.0,0.0,0.0,True
B,39,40,state,m,55732739,12.111585840277604,3.307216530574078,10.734896880041289,11.929389112171698,0.8863328899789427,0.9630982870420808,0.2272315192479053,0.48171146096091516,0.9628657937769604,3.245900829534705,radam_beta1_per_parameter_group,0.9,0.9,10.900426970506397,2.9433832699189546,0.2430221202025094,0.8899880738706976,-0.1908233220951615,0.07326635190081285,0.08042253203688254,0.0,0.0,0.0,True
B,39,40,state,v,55732739,17.872663564022353,0.19866610313030508,17.88125671245884,18.0329379310918,1.0004807984218862,0.999959833421206,0.761181344046642,0.7657956331648433,0.9999744751943648,90.00658104583913,radam_beta2_per_parameter_group,0.999,0.999,17.85479118508219,0.16232092631318046,0.009082078098304958,0.8170539601650825,0.15861971130146366,-0.11425572511301227,0.1674626556279767,0.0,0.0,0.0,True
B,39,40,state,net_buffer,32,0.0,0.0,0.0,0.0,0.0,,,,,,not_declared_for_this_readout,,,,,,,,,,0.0,0.0,0.0,True
B,39,40,state,scaler,1,0.0,0.0,0.0,0.0,0.0,,,,,,not_declared_for_this_readout,,,,,,,,,,0.0,0.0,0.0,True
B,39,40,observable,residual,393216,0.23846663692029352,0.16715312821720787,0.24119391287112305,0.23973812947700812,1.0114367191404687,0.27608224709661144,-0.3551949093334371,0.3398803451955143,0.7584190843811893,1.4429518337084457,not_declared_for_this_readout,,,,,,,,,,0.0,0.0,0.0,True
B,39,40,observable,feature,49152,0.0399095578031901,0.036001864449227844,0.037641106676366595,0.03750763624444276,0.9431602039288397,-0.028198217368354945,-0.4819261186763103,0.476213214013239,0.5409796486507711,1.045532148187784,not_declared_for_this_readout,,,,,,,,,,0.0,0.0,0.0,True
C,39,40,state,theta,55732739,0.07693979067102334,0.0013503829740365422,0.07898097528215592,0.07877065876352207,1.0265296356193665,0.9989999164886288,-0.16408725163147478,-0.14738213915461199,0.9998570011676605,58.487834044639435,identity_parameter_carryover,1.0,1.0,0.07693979067100128,0.004039926854235003,0.052507640312004375,2.9916897146288224,0.4857011304563793,-0.22394382394025347,0.5242993013480712,0.0,0.0,0.0,True
C,39,40,state,EMA,55732771,0.001184259512848636,1.2551388772259764e-05,0.0012372588910935383,0.0012371434864150792,1.044753179239757,0.9973640690726849,-0.01426640208210697,-0.00412227369237539,0.9999485439796176,98.57545754841446,ema_transition_carryover_counterfactual_map,0.9993,1.0,0.001183430534579906,0.00010303690870343586,0.08700534602892004,8.209203823815983,0.4907661552914669,-0.070368036577828,0.5526931890506669,0.0,0.0,0.0,True
C,39,40,state,m,55732739,11.903512449434304,2.7323366586825175,10.425269535016652,9.942408960283192,0.8758145613996562,0.9593309194292684,-0.3036721492406997,-0.04360385387096661,0.9651116774371814,3.8155142785528944,radam_beta1_per_parameter_group,0.9,0.9,10.713160950619036,3.0277623298034575,0.2543587317327792,1.1081219878898045,-0.23511671814074467,-0.26067715691395893,0.04881591599164108,0.0,0.0,0.0,True
C,39,40,state,v,55732739,4.5022786128174985,0.15746288729306596,4.471440239360123,4.359937606709921,0.9931504964242813,0.9993709290455239,-0.7168986442817064,-0.6991170134177735,0.999682954688904,28.39678807005483,radam_beta2_per_parameter_group,0.999,0.999,4.497776427417803,0.16123512012727226,0.03581189304194844,1.0239563296409364,-0.18078593059581974,0.045694243350143444,-0.14579185701522898,0.0,0.0,0.0,True
C,39,40,state,net_buffer,32,0.0,0.0,0.0,0.0,0.0,,,,,,not_declared_for_this_readout,,,,,,,,,,0.0,0.0,0.0,True
C,39,40,state,scaler,1,0.0,0.0,0.0,0.0,0.0,,,,,,not_declared_for_this_readout,,,,,,,,,,0.0,0.0,0.0,True
C,39,40,observable,residual,393216,0.1896322023047007,0.15723217766069542,0.2001131986018525,0.19901055049627975,1.0552701290696975,0.07417419707711778,-0.39985163379318084,0.38800248561499695,0.6896300479402439,1.2727242068331182,not_declared_for_this_readout,,,,,,,,,,0.0,0.0,0.0,True
C,39,40,observable,feature,49152,0.03811819740507929,0.03570835378991828,0.03915993242987975,0.04106511456423631,1.0273290736634269,-0.04849809089168612,-0.4012778849304753,0.4868935382892836,0.6046728472623709,1.0966602565962023,not_declared_for_this_readout,,,,,,,,,,0.0,0.0,0.0,True
D,39,40,state,theta,55732739,0.11152392029449186,0.000612007081320336,0.11450620776198987,0.11472630874603641,1.0267412359574783,0.999500345662576,0.3573112379610985,0.36196023723653836,0.9999875880589673,187.09948178206645,identity_parameter_carryover,1.0,1.0,0.1115239202945102,0.004653535363480716,0.04172679144700541,7.603727972299341,0.6285702623137548,0.2712619427236428,0.6528393233720025,0.0,0.0,0.0,True
D,39,40,state,EMA,55732771,0.0015901605716053895,8.806324508474705e-06,0.0016674407158937042,0.0016675557687703118,1.0485989563999152,0.99805424651102,0.010424580714225537,0.015704838979272447,0.9999860570564367,189.34581780276827,ema_transition_carryover_counterfactual_map,0.9993,1.0,0.001589047463668814,0.00012828329605168393,0.08067317121450954,14.56717793311289,0.5858036544679824,-0.01774227778951521,0.6351968602389965,0.0,0.0,0.0,True
D,39,40,state,m,55732739,11.648601154469759,1.5612725269043741,11.406810800465065,11.533747759707122,0.9792429708255643,0.9036085984152117,0.013319925473342067,0.14853891660784732,0.9907973602551883,7.306098457443565,radam_beta1_per_parameter_group,0.9,0.9,10.48374078453486,4.889395852504282,0.4197410305037477,3.1316735344077125,-0.03608798920397274,0.03068788279710977,0.3954706359224978,0.0,0.0,0.0,True
D,39,40,state,v,55732739,16.517273400841002,0.13000604958421105,16.479588903078852,16.558963951113157,0.9977184795064159,0.9999161285854536,0.6080747986910793,0.6130111028868599,0.9999805757409879,126.76016966736802,radam_beta2_per_parameter_group,0.999,0.999,16.500756373283853,0.2146197302408947,0.012993653675912818,1.650844179384709,-0.10506786404089145,-0.38615258216985615,-0.0921794510689895,0.0,0.0,0.0,True
D,39,40,state,net_buffer,32,0.0,0.0,0.0,0.0,0.0,,,,,,not_declared_for_this_readout,,,,,,,,,,0.0,0.0,0.0,True
D,39,40,state,scaler,1,0.0,0.0,0.0,0.0,0.0,,,,,,not_declared_for_this_readout,,,,,,,,,,0.0,0.0,0.0,True
D,39,40,observable,residual,393216,0.21161589428417518,0.15998454823127953,0.21958417606377806,0.21940590772782181,1.0376544578872815,0.2420803658994848,-0.3654036257215358,0.36347104311078016,0.7343705725578104,1.3725336508519506,not_declared_for_this_readout,,,,,,,,,,0.0,0.0,0.0,True
D,39,40,observable,feature,49152,0.03912909606435683,0.034195466556561076,0.039664148664061705,0.03942946430793192,1.013674034248705,0.004111399115276635,-0.43790537806499163,0.42674489333131005,0.626175637606501,1.1599241846417023,not_declared_for_this_readout,,,,,,,,,,0.0,0.0,0.0,True
B,40,41,state,theta,55732739,0.1195227562096076,0.0011768215336234226,0.12192952232020451,0.12226095805853081,1.0201364676227525,0.9995038509712167,0.27719331752150683,0.2860673667601211,0.9999572334997738,103.60918698078599,identity_parameter_carryover,1.0,1.0,0.11952275620958717,0.004500403599630544,0.037653110941803965,3.8242022864536165,0.5213467735939943,0.0596988937907879,0.5479657891639322,0.0,0.0,0.0,True
B,40,41,state,EMA,55732771,0.0017562172876993923,1.214666977450444e-05,0.0018373950085794181,0.0018375717390173927,1.0462230507856842,0.9982975187680565,0.011244997629998334,0.017854090588536327,0.9999781553207986,151.2673879087472,ema_transition_carryover_counterfactual_map,0.9993,1.0,0.0017549879404655173,0.0001333063672523871,0.07590539518433716,10.974725560761838,0.5947123099231106,-0.02745942759478534,0.6405913228776503,0.0,0.0,0.0,True
B,40,41,state,m,55732739,11.929389112171698,3.309399109313535,11.177854877622156,10.697141474983706,0.9370014484829955,0.813170553551573,-0.2901672831109863,0.006165322634954635,0.9551687759984776,3.3776085955195554,radam_beta1_per_parameter_group,0.9,0.9,10.736449920933504,6.711022353704888,0.5625621136674595,2.0278673354381085,-0.24540932748780447,-0.6705342090464894,0.3646672325417807,0.0,0.0,0.0,True
B,40,41,state,v,55732739,18.0329379310918,0.4306088181228031,17.514326018780498,17.811598602935927,0.9712408530272192,0.9991092145872941,0.6839198317838935,0.6966810783985455,0.999844445534509,40.67340305554467,radam_beta2_per_parameter_group,0.999,0.999,18.014905243133814,0.9014980905737948,0.04999174810109346,2.093543031709818,-0.5725810579983267,-0.9043375262445211,-0.5374740294853964,0.0,0.0,0.0,True
B,40,41,state,net_buffer,32,0.0,0.0,0.0,0.0,0.0,,,,,,not_declared_for_this_readout,,,,,,,,,,0.0,0.0,0.0,True
B,40,41,state,scaler,1,0.0,0.0,0.0,0.0,0.0,,,,,,not_declared_for_this_readout,,,,,,,,,,0.0,0.0,0.0,True
B,40,41,observable,residual,393216,0.23973812947700812,0.16624028694639903,0.2125712002547657,0.22102719128613568,0.8866808159323365,0.282463347491229,-0.3391448092144086,0.42595604298132467,0.7066626913445199,1.2786984680994034,not_declared_for_this_readout,,,,,,,,,,0.0,0.0,0.0,True
B,40,41,observable,feature,49152,0.03750763624444276,0.03756364775949029,0.0394615365686413,0.039799585201402435,1.052093400700185,0.04403416255082832,-0.4669147722677111,0.48087117748490493,0.5508226886922901,1.050524614150965,not_declared_for_this_readout,,,,,,,,,,0.0,0.0,0.0,True
C,40,41,state,theta,55732739,0.07877065876352207,0.0009788509248071532,0.08032253131198938,0.08045536341431817,1.019701149804094,0.9990027288014274,0.12972103083053868,0.14167324590678723,0.9999272323051575,82.05798173793828,identity_parameter_carryover,1.0,1.0,0.0787706587635201,0.003876582933846496,0.04921353959326927,3.960340472284107,0.3796563175639464,-0.19839797005469992,0.42058387130353764,0.0,0.0,0.0,True
C,40,41,state,EMA,55732771,0.0012371434864150792,1.0937681845175524e-05,0.0012908398231865792,0.0012909254627779044,1.0434034833963344,0.9975376253165573,0.003593381648034084,0.012065887942784749,0.9999641061180948,118.01767883346805,ema_transition_carryover_counterfactual_map,0.9993,1.0,0.0012362774895041085,0.00010409678983546239,0.08414285891534527,9.517262552428162,0.49361562890358646,-0.044066650360758686,0.5533937421753181,0.0,0.0,0.0,True
C,40,41,state,m,55732739,9.942408960283192,2.212437869049009,9.532737755225588,9.599770930754476,0.9587955789493158,0.8451685909048163,-0.08563934224756815,0.14542643652052326,0.9732801020724253,4.308703032335604,radam_beta1_per_parameter_group,0.9,0.9,8.948167842889317,5.172632487254067,0.520259477146546,2.3379786432047758,-0.17232952641361227,-0.6442649553612756,0.3808558515917112,0.0,0.0,0.0,True
C,40,41,state,v,55732739,4.359937606709921,0.20076850637250188,4.308758946378438,4.2658498097447355,0.988261607172378,0.994670388302163,-0.23595796237272518,-0.19126727647709385,0.9989535986409147,21.461328891813604,radam_beta2_per_parameter_group,0.999,0.999,4.355577718337216,0.4497055498970468,0.10314495079125728,2.2399207825089467,-0.1551743892387565,-0.5691330727125713,-0.05249042038448062,0.0,0.0,0.0,True
C,40,41,state,net_buffer,32,0.0,0.0,0.0,0.0,0.0,,,,,,not_declared_for_this_readout,,,,,,,,,,0.0,0.0,0.0,True
C,40,41,state,scaler,1,0.0,0.0,0.0,0.0,0.0,,,,,,not_declared_for_this_readout,,,,,,,,,,0.0,0.0,0.0,True
C,40,41,observable,residual,393216,0.19901055049627975,0.15717111151158894,0.20616882131942493,0.20623971410747038,1.0359693031615376,0.15545600399536924,-0.3807197704472268,0.38149085653058656,0.7095174295458206,1.3117475554928755,not_declared_for_this_readout,,,,,,,,,,0.0,0.0,0.0,True
C,40,41,observable,feature,49152,0.04106511456423631,0.03623363907849459,0.03963119909430354,0.04032703752909271,0.9650819074742929,-0.032036125841129796,-0.437762483322143,0.46828599627022666,0.5894177387653566,1.0937681144432847,not_declared_for_this_readout,,,,,,,,,,0.0,0.0,0.0,True
D,40,41,state,theta,55732739,0.11472630874603641,0.0007658689159017813,0.11734819915970565,0.11764514913128915,1.0228534365162325,0.999548803703054,0.3849568425087807,0.3904951583447427,0.9999819500254953,153.22230309025224,identity_parameter_carryover,1.0,1.0,0.11472630874602069,0.004361554059064107,0.03801703468660401,5.694909361778372,0.5889972486829531,0.21678702283703347,0.613005012238097,0.0,0.0,0.0,True
D,40,41,state,EMA,55732771,0.0016675557687703118,9.677530321196693e-06,0.0017465953679942654,0.0017467494155788887,1.0473984742844547,0.9981934136393975,0.013148371378773732,0.01868752013133679,0.9999846550273952,180.4794518875025,ema_transition_carryover_counterfactual_map,0.9993,1.0,0.0016663884843664753,0.00013018950244183215,0.07807205304913817,13.452760995920427,0.5918411762338958,-0.016601768943079374,0.6392017541819428,0.0,0.0,0.0,True
D,40,41,state,m,55732739,11.533747759707122,2.4781969254773064,9.999176785822605,10.12543603733657,0.8669494941405339,0.6532959966048139,-0.07265035797690175,0.17300520649713738,0.9697493377907193,4.034859652606801,radam_beta1_per_parameter_group,0.9,0.9,10.38037271156539,8.492215285127976,0.7362927872235364,3.4267717782324163,-0.4531150493537794,-0.7385963278799578,0.3789024111978548,0.0,0.0,0.0,True
D,40,41,state,v,55732739,16.558963951113157,0.3837939764890448,15.57582328589993,15.834409288419593,0.9406278878246404,0.998708640552828,0.667035172604758,0.6803800352905864,0.9998369423752667,40.5838138169543,radam_beta2_per_parameter_group,0.999,0.999,16.54240521068448,1.264811453427461,0.07638228195686335,3.295547952570758,-0.7801130426661335,-0.9128418484268918,-0.747320663599458,0.0,0.0,0.0,True
D,40,41,state,net_buffer,32,0.0,0.0,0.0,0.0,0.0,,,,,,not_declared_for_this_readout,,,,,,,,,,0.0,0.0,0.0,True
D,40,41,state,scaler,1,0.0,0.0,0.0,0.0,0.0,,,,,,not_declared_for_this_readout,,,,,,,,,,0.0,0.0,0.0,True
D,40,41,observable,residual,393216,0.21940590772782181,0.16580548128440506,0.2090629134358685,0.2127112464815597,0.9528590893514862,0.19467398091737997,-0.37434877671823574,0.41155809497889695,0.6910487187456553,1.2608926545514152,not_declared_for_this_readout,,,,,,,,,,0.0,0.0,0.0,True
D,40,41,observable,feature,49152,0.03942946430793192,0.036755622729793457,0.03899465101224047,0.03820752341112032,0.9889723762845041,0.05423935855936858,-0.492489595050563,0.4593640539006737,0.5468265774099437,1.0609166194491406,not_declared_for_this_readout,,,,,,,,,,0.0,0.0,0.0,True
B,41,42,state,theta,55732739,0.12226095805853081,0.001214604041044441,0.12474509963104054,0.1249397762190519,1.020318355196599,0.9995585347100502,0.15553660069644112,0.16501576531598997,0.9999538881495578,102.70433442965653,identity_parameter_carryover,1.0,1.0,0.12226095805853174,0.00443135822382938,0.036245080148218096,3.6483973987266207,0.5481549489427667,-0.04102786450200332,0.5727624384235495,0.0,0.0,0.0,True
B,41,42,state,EMA,55732771,0.0018375717390173927,1.1895319984631264e-05,0.0019203996701211434,0.0019205268148294507,1.0450746653015253,0.9984171214829876,0.007591891830217364,0.013785168916439805,0.9999808194681716,161.44161507233912,ema_transition_carryover_counterfactual_map,0.9993,1.0,0.0018362854438798543,0.00013505160077841862,0.07349460046149543,11.353339040303673,0.6003221464393881,-0.033324574061323414,0.6443525476276578,0.0,0.0,0.0,True
B,41,42,state,m,55732739,10.697141474983706,5.314490606134442,9.67890179992785,12.34364830453144,0.9048119838896113,0.9581400596933478,0.2958945424334572,0.6625613938206665,0.9115158086581602,1.8212285084774877,radam_beta1_per_parameter_group,0.9,0.9,9.62742707254053,2.793548405260559,0.26114905667028343,0.5256474443733149,-0.12660726534237887,-0.5789179700181062,0.1626885180727538,0.0,0.0,0.0,True
B,41,42,state,v,55732739,17.811598602935927,1.4640180329396626,17.499626641247595,18.9169189107337,0.9824848982596706,0.9999577095052863,0.9654563970608672,0.9705145222931477,0.9997966532398753,11.953149652200231,radam_beta2_per_parameter_group,0.999,0.999,17.793787155214208,0.3359577760620117,0.018861741921729305,0.2294765286377164,-0.877790611937325,-0.9258140096487447,-0.873347863444917,0.0,0.0,0.0,True
B,41,42,state,net_buffer,32,0.0,0.0,0.0,0.0,0.0,,,,,,not_declared_for_this_readout,,,,,,,,,,0.0,0.0,0.0,True
B,41,42,state,scaler,1,0.0,0.0,0.0,0.0,0.0,,,,,,not_declared_for_this_readout,,,,,,,,,,0.0,0.0,0.0,True
B,41,42,observable,residual,393216,0.22102719128613568,0.16585466343075392,0.24111375323025394,0.2337901253590936,1.0908782391308351,0.338896483296606,-0.38742075937899717,0.3098599222114284,0.7564828211016832,1.4537652921102306,not_declared_for_this_readout,,,,,,,,,,0.0,0.0,0.0,True
B,41,42,observable,feature,49152,0.039799585201402435,0.03709982050211623,0.03778813407025457,0.03680733546649793,0.9494605001291071,-0.00369816406151687,-0.5169861265990999,0.47718421382918336,0.5055525301004383,1.0185530161284493,not_declared_for_this_readout,,,,,,,,,,0.0,0.0,0.0,True
C,41,42,state,theta,55732739,0.08045536341431817,0.0011182959000026304,0.08211702234561484,0.08214001248146811,1.0206531778713084,0.9991567825863162,0.013751904402210325,0.027362563910016135,0.9999073358121923,73.43049576182985,identity_parameter_carryover,1.0,1.0,0.08045536341432441,0.003728668920886757,0.04634456626198258,3.3342417877754777,0.4270736989193749,-0.2115351416307644,0.46383852560836053,0.0,0.0,0.0,True
C,41,42,state,EMA,55732771,0.0012909254627779044,1.125768157176184e-05,0.0013456313112841965,0.0013456607071652361,1.0423772325232257,0.9976940809196412,-0.0015718355210082007,0.006794112683697369,0.9999650052167179,119.53005622929551,ema_transition_carryover_counterfactual_map,0.9993,1.0,0.0012900218186193595,0.00010534740966769618,0.08160611337001766,9.357824610348185,0.4984135434809746,-0.05155653747764704,0.5561045950407909,0.0,0.0,0.0,True
C,41,42,state,m,55732739,9.599770930754476,2.3539375879175304,8.855248995086674,8.372165923781472,0.9224437811028802,0.9173124788558811,-0.3325375845267858,-0.0705630452943782,0.964204048147633,3.761887758001558,radam_beta1_per_parameter_group,0.9,0.9,8.639793617385573,3.5635454162384668,0.3712115051435292,1.5138657178209411,-0.14501378555799013,-0.17911049269353002,0.26093633812425104,0.0,0.0,0.0,True
C,41,42,state,v,55732739,4.2658498097447355,0.38559694425761165,3.7743780274314243,3.445537021970399,0.8847892438241466,0.997965375522492,-0.8667407003634127,-0.8375501677309708,0.9984410093322007,9.788402329531475,radam_beta2_per_parameter_group,0.999,0.999,4.261583975441618,0.550293375011817,0.12899970687077378,1.4271206844527637,-0.8993119168871442,0.8059745304174079,-0.8696001951991719,0.0,0.0,0.0,True
C,41,42,state,net_buffer,32,0.0,0.0,0.0,0.0,0.0,,,,,,not_declared_for_this_readout,,,,,,,,,,0.0,0.0,0.0,True
C,41,42,state,scaler,1,0.0,0.0,0.0,0.0,0.0,,,,,,not_declared_for_this_readout,,,,,,,,,,0.0,0.0,0.0,True
C,41,42,observable,residual,393216,0.20623971410747038,0.17036446539055736,0.18659448854915162,0.20434168056549498,0.9047456711073516,0.19096360197562207,-0.34738404755703084,0.5165099768898603,0.6235271759011115,1.0952664813133843,not_declared_for_this_readout,,,,,,,,,,0.0,0.0,0.0,True
C,41,42,observable,feature,49152,0.04032703752909271,0.034890287966932054,0.037803946167565806,0.03822155143411466,0.9374342496716577,-0.015006721479528588,-0.44942836397886043,0.468325371871778,0.5788164084854517,1.083509147399277,not_declared_for_this_readout,,,,,,,,,,0.0,0.0,0.0,True
D,41,42,state,theta,55732739,0.11764514913128915,0.0005926860417234433,0.12036033706279661,0.12054888331320526,1.0230794720526672,0.9995939924635119,0.31590867050491983,0.3203311307697988,0.9999891198416369,203.07604463369267,identity_parameter_carryover,1.0,1.0,0.11764514913131843,0.0043439871655109215,0.03692449027934961,7.329322541288891,0.613795719450053,0.22577916714794705,0.6360407255790044,0.0,0.0,0.0,True
D,41,42,state,EMA,55732771,0.0017467494155788887,8.572493360044275e-06,0.0018276949927883022,0.0018277942769689857,1.0463406923096565,0.9983212345802894,0.009236865049133043,0.013926438921571218,0.9999890024732899,213.20459707872698,ema_transition_carryover_counterfactual_map,0.9993,1.0,0.0017455266958469621,0.00013214812687943102,0.07565374042826625,15.41536649014663,0.5985709192975343,-0.01800876047868202,0.643963927513488,0.0,0.0,0.0,True
D,41,42,state,m,55732739,10.12543603733657,3.910516618193524,9.499211752741976,11.28081777568169,0.9381533513929226,0.9614399855109602,0.29248374926431897,0.5929429780446016,0.9434576930880793,2.4291449647719867,radam_beta1_per_parameter_group,0.9,0.9,9.112892189619695,2.612500848477151,0.2580136636924875,0.6680705143465173,0.007666914372016011,0.14259352804729059,0.28237802055041417,0.0,0.0,0.0,True
D,41,42,state,v,55732739,15.834409288419593,1.1583732290330326,15.99271615210894,17.096125162295795,1.0099976488422038,0.9999424119631941,0.949195219699951,0.9556892451083907,0.9997726573405723,13.80618590906065,radam_beta2_per_parameter_group,0.999,0.999,15.818575087859303,0.24384951187498605,0.015399975296415005,0.21051031374278448,0.7103564562887118,0.6978539074700797,0.7178690811317003,0.0,0.0,0.0,True
D,41,42,state,net_buffer,32,0.0,0.0,0.0,0.0,0.0,,,,,,not_declared_for_this_readout,,,,,,,,,,0.0,0.0,0.0,True
D,41,42,state,scaler,1,0.0,0.0,0.0,0.0,0.0,,,,,,not_declared_for_this_readout,,,,,,,,,,0.0,0.0,0.0,True
D,41,42,observable,residual,393216,0.2127112464815597,0.1616420724737189,0.22915394019887517,0.22338213676348698,1.0773005376504194,0.3100364383962332,-0.3879508200261015,0.325637557753199,0.7451122459635443,1.4176627204290078,not_declared_for_this_readout,,,,,,,,,,0.0,0.0,0.0,True
D,41,42,observable,feature,49152,0.03820752341112032,0.03642969472964001,0.0396049791163101,0.038715202832242036,1.0365754066326909,0.01765279155864599,-0.48406318044227437,0.4457779196464986,0.5674955473729867,1.087161981735922,not_declared_for_this_readout,,,,,,,,,,0.0,0.0,0.0,True
B,42,43,state,theta,55732739,0.1249397762190519,0.0010338394095063363,0.12749784268240635,0.12780761941658056,1.020474396071188,0.9995705067184304,0.2959468564788377,0.30331857628019265,0.9999701487998577,123.3246106794161,identity_parameter_carryover,1.0,1.0,0.12493977621903299,0.004497440949940029,0.035996870540690305,4.350231678716504,0.5566069736969413,0.1781979023833287,0.5807140742768802,0.0,0.0,0.0,True
B,42,43,state,EMA,55732771,0.0019205268148294507,1.1467998917050763e-05,0.002005006407272801,0.0020051636818195512,1.0439877182609671,0.9985248756300699,0.010854907027901347,0.01657328893379297,0.9999836469785451,174.83489680939303,ema_transition_carryover_counterfactual_map,0.9993,1.0,0.001919182451325935,0.00013681457978582162,0.07123804714904292,11.930117954790177,0.6056834166603939,-0.024315851589642536,0.6479937218017326,0.0,0.0,0.0,True
B,42,43,state,m,55732739,12.34364830453144,3.0410308309548864,13.906673357690345,12.897673249130177,1.12662585765548,0.9607358354501747,-0.4290958025654562,-0.22688311899018276,0.9770583848141241,4.573012945522699,radam_beta1_per_parameter_group,0.9,0.9,11.109283194672553,4.467379817748537,0.36191729604840817,1.469034701087123,0.5039545200558754,-0.467720403938493,0.7238217968064704,0.0,0.0,0.0,True
B,42,43,state,v,55732739,18.9169189107337,0.5524655323622705,18.26735201060007,18.781929065271346,0.9656621195450039,0.9998113705361364,0.9294163044046785,0.9333674016333157,0.9999410826615135,33.065143326663765,radam_beta2_per_parameter_group,0.999,0.999,18.898002355957416,0.726605692677332,0.03841036143920069,1.3152054745758726,-0.8726825464810803,-0.8927321561689143,-0.8630342868266576,0.0,0.0,0.0,True
B,42,43,state,net_buffer,32,0.0,0.0,0.0,0.0,0.0,,,,,,not_declared_for_this_readout,,,,,,,,,,0.0,0.0,0.0,True
B,42,43,state,scaler,1,0.0,0.0,0.0,0.0,0.0,,,,,,not_declared_for_this_readout,,,,,,,,,,0.0,0.0,0.0,True
B,42,43,observable,residual,393216,0.2337901253590936,0.1726302022235396,0.21816246496557268,0.22190386910267265,0.93315517338674,0.22259478250127654,-0.373787192686161,0.4104654293000257,0.6923516337270622,1.2637560644404109,not_declared_for_this_readout,,,,,,,,,,0.0,0.0,0.0,True
B,42,43,observable,feature,49152,0.03680733546649793,0.037660676009300266,0.03980468577893275,0.038376822725746156,1.0814335043394547,-0.02428976242109098,-0.5103022546694985,0.4520503230263874,0.5364268440388216,1.0569296676751905,not_declared_for_this_readout,,,,,,,,,,0.0,0.0,0.0,True
C,42,43,state,theta,55732739,0.08214001248146811,0.0010700983095366264,0.083840433652878,0.08385466045752257,1.0207014963845242,0.9993294375939047,0.0069142300234478924,0.019674402639957813,0.9999185746057824,78.34834697494527,identity_parameter_carryover,1.0,1.0,0.08214001248143332,0.0034824266065680005,0.042396226897989366,3.2543053059077907,0.4721423060073431,0.004660354715031589,0.5041028495873363,0.0,0.0,0.0,True
C,42,43,state,EMA,55732771,0.0013456607071652361,1.127722528365407e-05,0.0014013100351330627,0.001401287808167491,1.0413546503004143,0.997838764789402,-0.005994760083759721,0.002052902910665027,0.99996761743437,124.26017924499664,ema_transition_carryover_counterfactual_map,0.9993,1.0,0.0013447187484637105,0.0001065255750511604,0.07916228398729631,9.44608025216676,0.502815648305436,-0.051531374233251416,0.558528223382917,0.0,0.0,0.0,True
C,42,43,state,m,55732739,8.372165923781472,2.4857984006185574,7.861873826985215,8.000255921943262,0.9390489747286599,0.9522732122666616,-0.1019329718391052,0.21054504426412543,0.9510307023739768,3.1627157797788,radam_beta1_per_parameter_group,0.9,0.9,7.534949142020843,2.400299336233487,0.2866999242591861,0.9656049885767908,-0.020121364712042226,-0.09565645436548666,0.2860241615987214,0.0,0.0,0.0,True
C,42,43,state,v,55732739,3.445537021970399,0.25639394811603033,3.3230340760548365,3.4398315840020106,0.9644459063610621,0.9978342060063757,0.42496657683326317,0.485073854161217,0.9977212112558081,12.960657224838268,radam_beta2_per_parameter_group,0.999,0.999,3.4420915300089208,0.252428592415556,0.07326248152492632,0.9845341291024551,-0.5001591142605901,-0.5582035635696819,-0.4421154968478004,0.0,0.0,0.0,True
C,42,43,state,net_buffer,32,0.0,0.0,0.0,0.0,0.0,,,,,,not_declared_for_this_readout,,,,,,,,,,0.0,0.0,0.0,True
C,42,43,state,scaler,1,0.0,0.0,0.0,0.0,0.0,,,,,,not_declared_for_this_readout,,,,,,,,,,0.0,0.0,0.0,True
C,42,43,observable,residual,393216,0.20434168056549498,0.1666867400811053,0.20929735271563332,0.21705639277285343,1.0242518909329903,0.08956770643627505,-0.3507941063783571,0.42968770040083987,0.6948637851988834,1.2556328872578277,not_declared_for_this_readout,,,,,,,,,,0.0,0.0,0.0,True
C,42,43,observable,feature,49152,0.03822155143411466,0.0365957051313502,0.039981993618936784,0.03854623536191993,1.0460588887360245,-0.021659475791032102,-0.49618087182308357,0.4347351829028661,0.5661747389070042,1.092532401696659,not_declared_for_this_readout,,,,,,,,,,0.0,0.0,0.0,True
D,42,43,state,theta,55732739,0.12054888331320526,0.0006662464127309388,0.12329455402221619,0.12346276795349341,1.0227764093166856,0.9995804320091349,0.24995043953386759,0.25500622499064246,0.9999863493455953,185.05848837044056,identity_parameter_carryover,1.0,1.0,0.12054888331319902,0.004473343626211422,0.037108129940855286,6.714247973021306,0.6022207292362607,0.05731502144816756,0.6250915188823535,0.0,0.0,0.0,True
D,42,43,state,EMA,55732771,0.0018277942769689857,9.132865356204313e-06,0.0019105491376536934,0.0019106412945071453,1.0452758068714054,0.9984376459323738,0.00770081155732824,0.012480440103982164,0.9999885764123136,209.19493095951344,ema_transition_carryover_counterfactual_map,0.9993,1.0,0.001826514826018172,0.00013403690462102493,0.07333259891988342,14.676325489674323,0.6046794175683793,-0.02138537399004751,0.6482391901732222,0.0,0.0,0.0,True
D,42,43,state,m,55732739,11.28081777568169,3.2210012164966306,12.137942069772038,10.612559920250654,1.0759806878485414,0.9571553405196305,-0.5764999282286805,-0.35585396397758423,0.9687610884551232,3.768375500017367,radam_beta1_per_parameter_group,0.9,0.9,10.152735743702618,3.8079946581115025,0.337563706269636,1.1822394349336272,0.3847590301043665,-0.5626788246829799,0.6355567827022996,0.0,0.0,0.0,True
D,42,43,state,v,55732739,17.096125162295795,0.6399803474051875,16.608537578839222,17.20970116090824,0.9714796435550255,0.9998792622058538,0.9370806622182106,0.9415340562139513,0.9999157234456099,25.951636868505187,radam_beta2_per_parameter_group,0.999,0.999,17.079029294330052,0.538385416437047,0.031491663246851695,0.8412530456910761,-0.8776184853018528,-0.9357496646863446,-0.8700637444791661,0.0,0.0,0.0,True
D,42,43,state,net_buffer,32,0.0,0.0,0.0,0.0,0.0,,,,,,not_declared_for_this_readout,,,,,,,,,,0.0,0.0,0.0,True
D,42,43,state,scaler,1,0.0,0.0,0.0,0.0,0.0,,,,,,not_declared_for_this_readout,,,,,,,,,,0.0,0.0,0.0,True
D,42,43,observable,residual,393216,0.22338213676348698,0.17596221248534688,0.2273180176308033,0.22651806043634945,1.0176194969049095,0.2972549998873248,-0.39157792726596585,0.3838523698453663,0.69934864744779,1.291857009639118,not_declared_for_this_readout,,,,,,,,,,0.0,0.0,0.0,True
D,42,43,observable,feature,49152,0.038715202832242036,0.03510922510004621,0.03812134715956874,0.0370734897538175,0.9846609179539483,-0.06832012769272844,-0.4899284279949393,0.443241073937942,0.5642937807339394,1.0857928949140654,not_declared_for_this_readout,,,,,,,,,,0.0,0.0,0.0,True
B,43,44,state,theta,55732739,0.12780761941658056,0.0014998886432139376,0.130606354290903,0.13088484065539396,1.0218980283577628,0.9995230722942141,0.1801272895593254,0.19120363455038467,0.9999364671377792,87.07736729777604,identity_parameter_carryover,1.0,1.0,0.1278076194166367,0.004873924103589066,0.038134847717512285,3.2495239734233192,0.5614459780648204,-0.0951018670634837,0.5867325399826054,0.0,0.0,0.0,True
B,43,44,state,EMA,55732771,0.0020051636818195512,1.3398079056629976e-05,0.0020915248161724647,0.0020917256997705536,1.0430693689178265,0.9986198258235295,0.011791237422063176,0.01819538037058655,0.9999794888656116,156.10631996812137,ema_transition_carryover_counterfactual_map,0.9993,1.0,0.0020037600726978896,0.00013882014454006297,0.06923132799517545,10.361197598051826,0.61142476990687,-0.03547316016824504,0.6521408091267745,0.0,0.0,0.0,True
B,43,44,state,m,55732739,12.897673249130177,3.021910560011453,14.137303296957446,14.465690207425885,1.0961126882254417,0.9450889899906144,0.0030535470408904293,0.2118861552203437,0.9779368035784256,4.6782666184878305,radam_beta1_per_parameter_group,0.9,0.9,11.60790562455022,4.941673636437815,0.3831445828239666,1.6352812362583908,0.3547591764530204,-0.3057386033978016,0.6408354186953188,0.0,0.0,0.0,True
B,43,44,state,v,55732739,18.781929065271346,0.17790800259714354,18.893038747330266,18.958720011367713,1.0059157758328652,0.9998775315154964,0.3651201154772445,0.37323914734199093,0.9999618395342926,106.19555315963966,radam_beta2_per_parameter_group,0.999,0.999,18.763147361434605,0.3220251082997109,0.01714547569531344,1.8100653348849487,0.3961727852409451,-0.3853941067965344,0.41049370506267574,0.0,0.0,0.0,True
B,43,44,state,net_buffer,32,0.0,0.0,0.0,0.0,0.0,,,,,,not_declared_for_this_readout,,,,,,,,,,0.0,0.0,0.0,True
B,43,44,state,scaler,1,0.0,0.0,0.0,0.0,0.0,,,,,,not_declared_for_this_readout,,,,,,,,,,0.0,0.0,0.0,True
B,43,44,observable,residual,393216,0.22190386910267265,0.17130488064909596,0.2222350902448833,0.23342297803768572,1.0014926334702952,0.2268526581701462,-0.3184599299574776,0.4306855744055584,0.718358369692834,1.2973074053862699,not_declared_for_this_readout,,,,,,,,,,0.0,0.0,0.0,True
B,43,44,observable,feature,49152,0.038376822725746156,0.03837112429590152,0.03913083978488581,0.040261875878762114,1.019647719784624,0.017692735909159447,-0.46039040471146164,0.505581538027046,0.5331381579362685,1.0197991459183133,not_declared_for_this_readout,,,,,,,,,,0.0,0.0,0.0,True
C,43,44,state,theta,55732739,0.08385466045752257,0.0013971464191454694,0.0856959336531136,0.08570418283294266,1.0219579112901394,0.9990923101312481,-0.0022471760662659056,0.014055003247762984,0.9998671148426286,61.33640145284661,identity_parameter_carryover,1.0,1.0,0.08385466045755977,0.004054085837952493,0.04834657746907378,2.901690032195821,0.4349902629773346,-0.1835610523325321,0.47295180663178493,0.0,0.0,0.0,True
C,43,44,state,EMA,55732771,0.001401287808167491,1.2854481228906978e-05,0.0014578921701516537,0.0014578836782605255,1.04039452969921,0.9979622603227465,-0.005069199611400765,0.003747990932328388,0.9999611285584946,113.41509191931964,ema_transition_carryover_counterfactual_map,0.9993,1.0,0.0014003069106272824,0.00010787093620511306,0.0769798577967929,8.391698916836441,0.5062944359753042,-0.058944463960245136,0.5602873452654753,0.0,0.0,0.0,True
C,43,44,state,m,55732739,8.000255921943262,2.929097746307177,8.358197107661313,8.66608249732503,1.0447412169323587,0.8314554299688148,-0.06817437050544903,0.2722433026295498,0.9414297308127612,2.8535056975134423,radam_beta1_per_parameter_group,0.9,0.9,7.200230133616196,4.650508545460017,0.5812949724151335,1.587693190274407,-0.05392136392187762,-0.49464201338682656,0.5099499641919629,0.0,0.0,0.0,True
C,43,44,state,v,55732739,3.4398315840020106,0.12393629876303332,3.5299420154857213,3.574429042112778,1.0261961753891664,0.9979785822128282,0.3436576246972828,0.3740535261356603,0.9994697411647991,28.48190603331623,radam_beta2_per_parameter_group,0.999,0.999,3.4363918109891105,0.24040029589801679,0.06988722849574146,1.9397085300865977,0.3594617743543982,-0.2081119386756086,0.41803853676278757,0.0,0.0,0.0,True
C,43,44,state,net_buffer,32,0.0,0.0,0.0,0.0,0.0,,,,,,not_declared_for_this_readout,,,,,,,,,,0.0,0.0,0.0,True
C,43,44,state,scaler,1,0.0,0.0,0.0,0.0,0.0,,,,,,not_declared_for_this_readout,,,,,,,,,,0.0,0.0,0.0,True
C,43,44,observable,residual,393216,0.21705639277285343,0.172491702369342,0.21178352580501242,0.2203754392039607,0.9757073869123081,0.08859751301143597,-0.3564149027654729,0.4401983177555298,0.6820402174585486,1.2277896437681282,not_declared_for_this_readout,,,,,,,,,,0.0,0.0,0.0,True
C,43,44,observable,feature,49152,0.03854623536191993,0.03819073841694287,0.0392695816916291,0.041552629492927415,1.0187656803036016,0.043306258245444096,-0.42474574012644395,0.5176844676108256,0.5546755648922836,1.0282488194626689,not_declared_for_this_readout,,,,,,,,,,0.0,0.0,0.0,True
D,43,44,state,theta,55732739,0.12346276795349341,0.0006248879273735434,0.126227668575261,0.12645507416387383,1.0223946106797888,0.9995858531893359,0.36176676099455274,0.36605777223104763,0.999989388269698,202.00049168145483,identity_parameter_carryover,1.0,1.0,0.12346276795350558,0.004533558087740574,0.03672004251069681,7.254993878335114,0.5983432400993921,0.31166244851020514,0.6211528073177828,0.0,0.0,0.0,True
D,43,44,state,EMA,55732771,0.0019106412945071453,8.813349536154896e-06,0.0019952794561413174,0.00199539979113746,1.0442983001976855,0.9985448194811948,0.01144558035139846,0.01586172405925376,0.9999902470191951,226.39286549978607,ema_transition_carryover_counterfactual_map,0.9993,1.0,0.0019093038508360058,0.00013593785652958804,0.07114776432415251,15.424085470788585,0.6111036000709578,-0.016269668323094497,0.6529011810264366,0.0,0.0,0.0,True
D,43,44,state,m,55732739,10.612559920250654,1.7099717814979116,10.445859394993235,11.146301201013813,0.9842921475581661,0.9321590527418127,0.34150608081528433,0.4734571755291856,0.9895502514676432,6.108790512228691,radam_beta1_per_parameter_group,0.9,0.9,9.551303677083004,3.786479407960644,0.35679227598379604,2.214351984594588,0.04909540013270127,-0.05510717584507976,0.40737715485827414,0.0,0.0,0.0,True
D,43,44,state,v,55732739,17.20970116090824,0.15396145642744508,17.112071029867277,17.219014785143933,0.9943270292651724,0.9999080669852768,0.6922857303911234,0.6969274489616849,0.999979183712531,111.14516208757355,radam_beta2_per_parameter_group,0.999,0.999,17.192491701248667,0.24609085194090818,0.014299542429005245,1.5983925954667715,-0.333185224126112,-0.5718916145962509,-0.32036994996032564,0.0,0.0,0.0,True
D,43,44,state,net_buffer,32,0.0,0.0,0.0,0.0,0.0,,,,,,not_declared_for_this_readout,,,,,,,,,,0.0,0.0,0.0,True
D,43,44,state,scaler,1,0.0,0.0,0.0,0.0,0.0,,,,,,not_declared_for_this_readout,,,,,,,,,,0.0,0.0,0.0,True
D,43,44,observable,residual,393216,0.22651806043634945,0.16625859484683012,0.21458341420389596,0.2225782160564804,0.9473126062908036,0.22012470534343134,-0.3384161860716094,0.42070646389744437,0.7112951906939201,1.2906605784897094,not_declared_for_this_readout,,,,,,,,,,0.0,0.0,0.0,True
D,43,44,observable,feature,49152,0.0370734897538175,0.03279665553133261,0.0398980253519939,0.04055275230292994,1.0761874756580085,0.03422965060957941,-0.39087897752046585,0.4241723483566565,0.667735249374412,1.2165272557708493,not_declared_for_this_readout,,,,,,,,,,0.0,0.0,0.0,True
B,44,45,state,theta,55732739,0.13088484065539396,0.0010513613779892966,0.13359500828152443,0.1338442445251181,1.0207065051426853,0.9993529183955104,0.23334673870087322,0.24076732609261764,0.9999708280706605,127.06859038042816,identity_parameter_carryover,1.0,1.0,0.130884840655324,0.005474867923305682,0.04182965648191783,5.207408259352494,0.47922996328752077,0.2536947282136241,0.5104891730811545,0.0,0.0,0.0,True
B,44,45,state,EMA,55732771,0.0020917256997705536,1.1485881151902982e-05,0.002179920904518253,0.002180035325369575,1.042163848136194,0.9987076116391671,0.007327659137284592,0.01259594198630644,0.999986121220607,189.7913512849716,ema_transition_carryover_counterfactual_map,0.9993,1.0,0.0020902614974249193,0.00014077149970059675,0.06729921600907725,12.25604704061157,0.6169011687273509,-0.026807533519678083,0.6561046584029225,0.0,0.0,0.0,True
B,44,45,state,m,55732739,14.465690207425885,2.806857295678457,15.745954756303156,15.42225156801387,1.0885035232000235,0.955810615893902,-0.2032698910195557,-0.025535908936340935,0.9839941407243881,5.609816637470747,radam_beta1_per_parameter_group,0.9,0.9,13.019120853387204,5.05501107702307,0.3494483156032269,1.8009505095987441,0.40178544203478267,-0.04932580505185072,0.6532410681056262,0.0,0.0,0.0,True
B,44,45,state,v,55732739,18.958720011367713,0.22017992120604601,18.814819932211,18.9230533672773,0.9924098209652114,0.9999376858412509,0.48713079519166036,0.4959801113493503,0.9999483690636495,85.4520240953486,radam_beta2_per_parameter_group,0.999,0.999,18.93976174666349,0.2449929622724266,0.012922442133515764,1.1126943861659409,-0.5147668037432961,0.01850187257066806,-0.5051638934026506,0.0,0.0,0.0,True
B,44,45,state,net_buffer,32,0.0,0.0,0.0,0.0,0.0,,,,,,not_declared_for_this_readout,,,,,,,,,,0.0,0.0,0.0,True
B,44,45,state,scaler,1,0.0,0.0,0.0,0.0,0.0,,,,,,not_declared_for_this_readout,,,,,,,,,,0.0,0.0,0.0,True
B,44,45,observable,residual,393216,0.23342297803768572,0.16237441126707886,0.22348802490353264,0.22204118851718227,0.9574379813946633,0.2576144907410717,-0.372154832872149,0.35670076907397313,0.734366466440983,1.3763746587874124,not_declared_for_this_readout,,,,,,,,,,0.0,0.0,0.0,True
B,44,45,observable,feature,49152,0.040261875878762114,0.03499330666816143,0.03761752570166928,0.03693440255672564,0.9343212376627559,0.012586687998231878,-0.484464013038936,0.45402031833006706,0.5594926814362856,1.074992028001043,not_declared_for_this_readout,,,,,,,,,,0.0,0.0,0.0,True
C,44,45,state,theta,55732739,0.08570418283294266,0.0008459933690129186,0.08757701006754884,0.08765638563984172,1.0218522267256984,0.9991979979041513,0.08903781142994273,0.09860843125017922,0.9999537948752714,103.51973582219829,identity_parameter_carryover,1.0,1.0,0.08570418283290585,0.003942928088245185,0.0460062503125532,4.660708029952626,0.4571704704416489,0.09714337834475245,0.4924163275219114,0.0,0.0,0.0,True
C,44,45,state,EMA,55732771,0.0014578836782605255,1.0334608570498878e-05,0.0015154727967306516,0.0015155164019838552,1.0395018610393105,0.9980797862816603,0.0008097053903872868,0.007628881513827492,0.9999767490045691,146.64056082943603,ema_transition_carryover_counterfactual_map,0.9993,1.0,0.001456863163756333,0.00010915184342773683,0.07487006340449012,10.561778192482407,0.5102946461654847,-0.04140749188945137,0.5625843749346753,0.0,0.0,0.0,True
C,44,45,state,m,55732739,8.66608249732503,2.0875414629161426,8.326819900288568,8.508074091051006,0.960851676966936,0.7573620740397956,-0.0375788328726996,0.20858178602237662,0.9694758696582868,3.988816532849417,radam_beta1_per_parameter_group,0.9,0.9,7.799474049143172,5.638638526814515,0.6506559946267532,2.7010905541189825,-0.26479024186504463,0.07717385109349865,0.4291450936537833,0.0,0.0,0.0,True
C,44,45,state,v,55732739,3.574429042112778,0.10720312980742877,3.815450663000634,3.7732142720214537,1.0674294042623917,0.9964886469679677,-0.4058525640403906,-0.3819839534235684,0.9996628142388436,35.590851403820096,radam_beta2_per_parameter_group,0.999,0.999,3.570854675382131,0.39434438662686916,0.1103237417726943,3.678478299423144,0.5862860007772066,-0.05936755412036837,0.6520557361262906,0.0,0.0,0.0,True
C,44,45,state,net_buffer,32,0.0,0.0,0.0,0.0,0.0,,,,,,not_declared_for_this_readout,,,,,,,,,,0.0,0.0,0.0,True
C,44,45,state,scaler,1,0.0,0.0,0.0,0.0,0.0,,,,,,not_declared_for_this_readout,,,,,,,,,,0.0,0.0,0.0,True
C,44,45,observable,residual,393216,0.2203754392039607,0.16359061704270997,0.19884657073526757,0.20142561731995312,0.9023082220665805,0.04233902218524931,-0.3954813661212139,0.4217462740345918,0.6660003419997736,1.215513299783893,not_declared_for_this_readout,,,,,,,,,,0.0,0.0,0.0,True
C,44,45,observable,feature,49152,0.041552629492927415,0.03487935500568074,0.038551360697431654,0.037697465252619786,0.927771868300017,0.03556445909189232,-0.476585422089718,0.43786335195083714,0.5816934486943596,1.1052773393072453,not_declared_for_this_readout,,,,,,,,,,0.0,0.0,0.0,True
D,44,45,state,theta,55732739,0.12645507416387383,0.0007194847857642102,0.12917591756477104,0.12941829136550667,1.0215162848852648,0.999484381631297,0.3344024698558256,0.3393355776988801,0.9999862746499448,179.53947063323258,identity_parameter_carryover,1.0,1.0,0.12645507416387936,0.0049242450790752,0.03894066815139299,6.84412676474437,0.5390141803217671,0.3930710749338771,0.5657813360638757,0.0,0.0,0.0,True
D,44,45,state,EMA,55732771,0.00199539979113746,9.18523988348324e-06,0.0020818520277761567,0.0020819719863436983,1.0433257721197893,0.9986410315708655,0.01085427771287139,0.015265450331963975,0.9999902691183544,226.65189523462655,ema_transition_carryover_counterfactual_map,0.9993,1.0,0.0019940030167131238,0.00013784121475421694,0.06907949743526924,15.00681707856982,0.616795492079444,-0.01639434033093135,0.6569791072508411,0.0,0.0,0.0,True
D,44,45,state,m,55732739,11.146301201013813,1.710265405696662,11.839566172376879,12.016241296596263,1.0621968632338779,0.9171992706300475,0.03184682454740038,0.17370806234533118,0.989829714725412,6.922648457333517,radam_beta1_per_parameter_group,0.9,0.9,10.031670819320318,4.789266674819202,0.4296731793308792,2.800306115569434,0.17279694256974823,-0.09843023996745487,0.5509246390560151,0.0,0.0,0.0,True
D,44,45,state,v,55732739,17.219014785143933,0.18220775397862082,17.059109894927538,17.132909838940673,0.9907134704156038,0.9999361091084519,0.40056747981212215,0.4094769935975775,0.9999525215968955,93.624500178676,radam_beta2_per_parameter_group,0.999,0.999,17.201796046561572,0.2405339614495307,0.013969089663425832,1.3201082621201374,-0.5977371033503698,-0.05920561515826237,-0.588636681238531,0.0,0.0,0.0,True
D,44,45,state,net_buffer,32,0.0,0.0,0.0,0.0,0.0,,,,,,not_declared_for_this_readout,,,,,,,,,,0.0,0.0,0.0,True
D,44,45,state,scaler,1,0.0,0.0,0.0,0.0,0.0,,,,,,not_declared_for_this_readout,,,,,,,,,,0.0,0.0,0.0,True
D,44,45,observable,residual,393216,0.2225782160564804,0.17057795313660148,0.23034240324028213,0.21528283193812378,1.0348829607917764,0.31692791423452693,-0.45566996505940605,0.30479828655943314,0.7089053591532387,1.350364446311654,not_declared_for_this_readout,,,,,,,,,,0.0,0.0,0.0,True
D,44,45,observable,feature,49152,0.04055275230292994,0.03509977506524636,0.03760363823889886,0.037897942252157056,0.9272770922673476,-0.023391361040698076,-0.4582895735156335,0.47143508782692084,0.5677822070280796,1.0713355902993145,not_declared_for_this_readout,,,,,,,,,,0.0,0.0,0.0,True
B,45,46,state,theta,55732739,0.1338442445251181,0.00103069370257592,0.13667368182522377,0.1368848315254839,1.0211397756410414,0.9994060436412854,0.20124934536601297,0.2084685525828505,0.999972800000537,132.60358677233356,identity_parameter_carryover,1.0,1.0,0.1338442445251163,0.005453089562458688,0.04074205492964118,5.290698438178357,0.5039820208783201,-0.01626317112495003,0.5334471233051874,0.0,0.0,0.0,True
B,45,46,state,EMA,55732771,0.002180035325369575,1.1377889826703087e-05,0.0022700473884639583,0.0022701602291764645,1.0412892681356547,0.9987891671406659,0.0074116987557780005,0.012423262846768094,0.9999874408774029,199.5139189286506,ema_transition_carryover_counterfactual_map,0.9993,1.0,0.0021785093064855144,0.00014267140855809177,0.06544453977318239,12.539355779597395,0.6223351609519863,-0.02782885091824302,0.6600894571877521,0.0,0.0,0.0,True
B,45,46,state,m,55732739,15.42225156801387,3.8080616519315855,13.491727652238671,15.15106673686843,0.8748221744885064,0.9501486100883313,0.32141388267826776,0.5375522636209278,0.9712643861210919,3.542938346440684,radam_beta1_per_parameter_group,0.9,0.9,13.88002603666238,4.338394823206957,0.28130748639873665,1.13926590999554,-0.24453278307512208,-0.7283672803457041,0.06998906682732546,0.0,0.0,0.0,True
B,45,46,state,v,55732739,18.9230533672773,0.9207830765619113,18.15882834363966,19.042413977962283,0.959614074493962,0.99984942290012,0.9575953095847619,0.9615163259855449,0.9999029493285857,19.72107090786513,radam_beta2_per_parameter_group,0.999,0.999,18.904130635029695,0.8116986952227434,0.0428946998916345,0.8815308576842276,-0.9215692959737414,-0.9734302199713574,-0.9146937979188893,0.0,0.0,0.0,True
B,45,46,state,net_buffer,32,0.0,0.0,0.0,0.0,0.0,,,,,,not_declared_for_this_readout,,,,,,,,,,0.0,0.0,0.0,True
B,45,46,state,scaler,1,0.0,0.0,0.0,0.0,0.0,,,,,,not_declared_for_this_readout,,,,,,,,,,0.0,0.0,0.0,True
B,45,46,observable,residual,393216,0.22204118851718227,0.17314923925010547,0.20680029446517315,0.2146578080806766,0.9313600591233111,0.2339516798291344,-0.3723966355660217,0.4478640037220556,0.6630091939824914,1.1943471155911947,not_declared_for_this_readout,,,,,,,,,,0.0,0.0,0.0,True
B,45,46,observable,feature,49152,0.03693440255672564,0.03653755379159711,0.038324725503091045,0.03821640024862285,1.037643033327264,0.003221377123557631,-0.47964440379795614,0.47506603340017384,0.5442608974986917,1.0489132830754793,not_declared_for_this_readout,,,,,,,,,,0.0,0.0,0.0,True
C,45,46,state,theta,55732739,0.08765638563984172,0.0009148857583521021,0.089603135608131,0.08967445260745995,1.0222088779280496,0.9991686879535332,0.07287761950100106,0.08302196182771829,0.9999482315976297,97.93915228227482,identity_parameter_carryover,1.0,1.0,0.08765638563982567,0.004104700019935256,0.04682716484341993,4.486571118265812,0.4561263413111964,0.1017009950310508,0.4920261572900091,0.0,0.0,0.0,True
C,45,46,state,EMA,55732771,0.0015155164019838552,1.0712758013474602e-05,0.001574219405078146,0.0015742511459462085,1.0387346537572584,0.998187621653033,-0.00043962856697988954,0.006365366935327972,0.9999768458148427,146.94809712849658,ema_transition_carryover_counterfactual_map,0.9993,1.0,0.0015144555447317686,0.00011051447045306873,0.07292198903845716,10.316154842110935,0.5149622393332312,-0.04247033772712824,0.5656148604559978,0.0,0.0,0.0,True
C,45,46,state,m,55732739,8.508074091051006,2.210058138521264,8.445236928416987,8.786767293947223,0.9926144081537663,0.9227669680844129,0.026812869975108688,0.27729187500735114,0.9678752885354005,3.821273649419758,radam_beta1_per_parameter_group,0.9,0.9,7.657266499289224,3.2572719811645428,0.38284480674546767,1.4738399521670336,0.04166651623980072,-0.1149703838076877,0.4234722633800016,0.0,0.0,0.0,True
C,45,46,state,v,55732739,3.7732142720214537,0.2571503834157783,3.753053977087135,3.9491698711942678,0.9946569970638011,0.9980468205905207,0.7483179415021584,0.7762714975258926,0.9990667282864103,14.59478273854619,radam_beta2_per_parameter_group,0.999,0.999,3.7694411157277767,0.23565115229393713,0.06245368942901032,0.9163943260116407,-0.10064676603731136,-0.18804430039987455,-0.03829705112775625,0.0,0.0,0.0,True
C,45,46,state,net_buffer,32,0.0,0.0,0.0,0.0,0.0,,,,,,not_declared_for_this_readout,,,,,,,,,,0.0,0.0,0.0,True
C,45,46,state,scaler,1,0.0,0.0,0.0,0.0,0.0,,,,,,not_declared_for_this_readout,,,,,,,,,,0.0,0.0,0.0,True
C,45,46,observable,residual,393216,0.20142561731995312,0.17381818134834703,0.21201138205042325,0.20868903186185497,1.0525542126732332,0.06248761065820376,-0.4288907081673147,0.3971865163286552,0.6586947954723914,1.2197307577711543,not_declared_for_this_readout,,,,,,,,,,0.0,0.0,0.0,True
C,45,46,observable,feature,49152,0.037697465252619786,0.03582799675980722,0.039206236342756946,0.039378038925027226,1.0400231442625258,0.04963530184786948,-0.45211135232923616,0.45970832274327683,0.58428486802602,1.0942904959380684,not_declared_for_this_readout,,,,,,,,,,0.0,0.0,0.0,True
D,45,46,state,theta,55732739,0.12941829136550667,0.0005838224567517075,0.13223722508517957,0.13243002448944277,1.0217815711359655,0.9995046030063502,0.3282696198778868,0.33220024113698815,0.9999913295469542,226.50246415824054,identity_parameter_carryover,1.0,1.0,0.12941829136559643,0.004990265735914516,0.0385591996561048,8.547574143823683,0.5517589526367994,0.22263536079414753,0.577734193852408,0.0,0.0,0.0,True
D,45,46,state,EMA,55732771,0.0020819719863436983,8.607143753999336e-06,0.002170270959566026,0.0021703777987489205,1.0424112206127212,0.9987301842242434,0.010430190122823197,0.01439541194087256,0.999992137296495,252.14763707851435,ema_transition_carryover_counterfactual_map,0.9993,1.0,0.002080514611594112,0.00013972598426450046,0.06711232676568496,16.233722621348846,0.6226508557284387,-0.01582815067834354,0.6612815700256544,0.0,0.0,0.0,True
D,45,46,state,m,55732739,12.016241296596263,3.7896066744407864,10.940774868666054,13.032067749252516,0.9104989321215738,0.9585257410814634,0.4314043910050435,0.6529666018862611,0.9649756331970523,2.8870476037676207,radam_beta1_per_parameter_group,0.9,0.9,10.814616898371007,3.135348214521316,0.26092587000640866,0.8273545208973393,-0.10448681835724817,-0.40123473740105775,0.18329262101861776,0.0,0.0,0.0,True
D,45,46,state,v,55732739,17.132909838940673,1.0759097673952895,16.67385018789322,17.699804057079806,0.9732059728695894,0.9998884321913889,0.9506421846074231,0.9563255661613043,0.9998221077781816,15.497442901981985,radam_beta2_per_parameter_group,0.999,0.999,17.11577720941145,0.508900045324372,0.029703071463535895,0.4729950974944556,-0.8720519687946418,-0.940045662467094,-0.8646441588945224,0.0,0.0,0.0,True
D,45,46,state,net_buffer,32,0.0,0.0,0.0,0.0,0.0,,,,,,not_declared_for_this_readout,,,,,,,,,,0.0,0.0,0.0,True
D,45,46,state,scaler,1,0.0,0.0,0.0,0.0,0.0,,,,,,not_declared_for_this_readout,,,,,,,,,,0.0,0.0,0.0,True
D,45,46,observable,residual,393216,0.21528283193812378,0.16959161946087783,0.2273248299611698,0.23347870663756154,1.0559357098503195,0.23253391800739806,-0.3362384524903836,0.39899257522744797,0.7294095839869127,1.3404249023850505,not_declared_for_this_readout,,,,,,,,,,0.0,0.0,0.0,True
D,45,46,observable,feature,49152,0.037897942252157056,0.036023881537308775,0.038578405797538705,0.03714108658344892,1.017955158115291,0.024785405588985378,-0.5060475896672373,0.44428889373455216,0.547873238156511,1.0709119659297206,not_declared_for_this_readout,,,,,,,,,,0.0,0.0,0.0,True
B,46,47,state,theta,55732739,0.1368848315254839,0.0009553646804522001,0.13930480581851057,0.13951355941537896,1.0176789076339416,0.9994919859856385,0.2152413899854085,0.22176715185337956,0.9999776396278759,145.81322574388432,identity_parameter_carryover,1.0,1.0,0.13688483152550254,0.005023009492754238,0.036695150490937356,5.257688080301137,0.46768884326675475,0.12384469505002255,0.4956219392716129,0.0,0.0,0.0,True
B,46,47,state,EMA,55732771,0.0022701602291764645,1.1175837112637925e-05,0.0023617866508455748,0.0023618886066963727,1.0403612134912386,0.9988659752483534,0.006757108660879152,0.011488554569967302,0.9999888057781484,211.32973101180988,ema_transition_carryover_counterfactual_map,0.9993,1.0,0.0022685711230802878,0.0001443643790767037,0.0635921540785137,12.917545023401669,0.6271436473745169,-0.0270272055286953,0.6635164725703648,0.0,0.0,0.0,True
B,46,47,state,m,55732739,15.15106673686843,3.0032755667151703,12.678102167800155,12.24301948001631,0.836779507871179,0.9358039242872163,-0.2608270178937173,-0.024790944322144657,0.9715549972975231,4.221424869668826,radam_beta1_per_parameter_group,0.9,0.9,13.635959693654192,4.807668961664604,0.31731554253969974,1.6008084689088278,-0.3685241115060244,0.21287382013529052,-0.01715642871550585,0.0,0.0,0.0,True
B,46,47,state,v,55732739,19.042413977962283,0.5480352426610755,19.296122033913953,19.813008604470575,1.013323313748209,0.9998113408066627,0.9415946419716853,0.9446904674741283,0.9999566182767868,35.20963713979132,radam_beta2_per_parameter_group,0.999,0.999,19.023371836480457,0.46140836282482145,0.024230560440436158,0.8419319177072939,0.58323565045182,0.59864994589649,0.598903603498015,0.0,0.0,0.0,True
B,46,47,state,net_buffer,32,0.0,0.0,0.0,0.0,0.0,,,,,,not_declared_for_this_readout,,,,,,,,,,0.0,0.0,0.0,True
B,46,47,state,scaler,1,0.0,0.0,0.0,0.0,0.0,,,,,,not_declared_for_this_readout,,,,,,,,,,0.0,0.0,0.0,True
B,46,47,observable,residual,393216,0.2146578080806766,0.163815652308955,0.23217342192439294,0.2220782217694438,1.081597841701306,0.1920780251191572,-0.41307285788920306,0.3057981680852701,0.740755311112562,1.417284726165945,not_declared_for_this_readout,,,,,,,,,,0.0,0.0,0.0,True
B,46,47,observable,feature,49152,0.03821640024862285,0.03644205688653923,0.03886664152806429,0.03781908832535346,1.0170147181631757,0.013772232997556606,-0.49716726179621923,0.4526506560799361,0.5486341636017638,1.0665325958157053,not_declared_for_this_readout,,,,,,,,,,0.0,0.0,0.0,True
C,46,47,state,theta,55732739,0.08967445260745995,0.0009598809449800922,0.09163206368139457,0.09174268792707325,1.0218301982004154,0.9992054261938842,0.11007975778900894,0.12040977401399164,0.9999459272029079,95.46190510459087,identity_parameter_carryover,1.0,1.0,0.08967445260746261,0.004109787669821759,0.04583008371193413,4.281559803134748,0.4586131420293373,0.004519700152678468,0.4936663905898399,0.0,0.0,0.0,True
C,46,47,state,EMA,55732771,0.0015742511459462085,1.0894703268931001e-05,0.0016340334373371001,0.0016341022476586665,1.0379750661416602,0.9982848366824609,0.002982391371704389,0.009649353653428965,0.9999777749203943,149.98420764675245,ema_transition_carryover_counterfactual_map,0.9993,1.0,0.0015731491744701985,0.00011191432820500213,0.0710905172234991,10.272361297269482,0.5189829540785671,-0.04104645705427582,0.5681352123900225,0.0,0.0,0.0,True
C,46,47,state,m,55732739,8.786767293947223,2.5242547762158773,8.432414416132367,8.58642310776981,0.9596719856164904,0.9281310291055653,-0.08810698093600491,0.2074554418821173,0.9561618203111254,3.3405559912511844,radam_beta1_per_parameter_group,0.9,0.9,7.908090353997214,3.1400603582343174,0.3573624124992308,1.2439553993601222,-0.02602016355940934,-0.4434242473400429,0.3479775078016159,0.0,0.0,0.0,True
C,46,47,state,v,55732739,3.9491698711942678,0.25745652772352673,3.886731418992827,4.012987579362105,0.9841894741837076,0.9981901402556279,0.46524306651570196,0.5147614666046486,0.9983861659702098,15.096651280742229,radam_beta2_per_parameter_group,0.999,0.999,3.945220732889033,0.24274641998359223,0.06146770787304303,0.9428637220038516,-0.2699267516820808,-0.6736939668116873,-0.21153357496525838,0.0,0.0,0.0,True
C,46,47,state,net_buffer,32,0.0,0.0,0.0,0.0,0.0,,,,,,not_declared_for_this_readout,,,,,,,,,,0.0,0.0,0.0,True
C,46,47,state,scaler,1,0.0,0.0,0.0,0.0,0.0,,,,,,not_declared_for_this_readout,,,,,,,,,,0.0,0.0,0.0,True
C,46,47,observable,residual,393216,0.20868903186185497,0.17502691729300535,0.20941174990788705,0.2068449233239476,1.0034631338292397,0.044808341729011075,-0.4324768229800114,0.4083309739532732,0.6464585286031129,1.1964545405168707,not_declared_for_this_readout,,,,,,,,,,0.0,0.0,0.0,True
C,46,47,observable,feature,49152,0.039378038925027226,0.03776849977014777,0.03967497606571176,0.037431356762789136,1.0075406787333896,-0.05673041515103645,-0.5336986692092236,0.44331863117144255,0.5214338909499012,1.0504779460970508,not_declared_for_this_readout,,,,,,,,,,0.0,0.0,0.0,True
D,46,47,state,theta,55732739,0.13243002448944277,0.0007096484539567668,0.13499572478359623,0.13514035646800598,1.0193740075488544,0.9995403712397357,0.20128827682114586,0.2063240471063108,0.9999867710134056,190.22901273286,identity_parameter_carryover,1.0,1.0,0.13243002448936528,0.00479758611199974,0.03622732934238942,6.760510905434901,0.5218566833736734,0.20244868808409883,0.5474771855881445,0.0,0.0,0.0,True
D,46,47,state,EMA,55732771,0.0021703777987489205,9.389506790211836e-06,0.002260325101998587,0.0022603990547625636,1.0414431548744718,0.998811486276323,0.005799210521072048,0.009952936343414131,0.9999913727457239,240.72884257934405,ema_transition_carryover_counterfactual_map,0.9993,1.0,0.0021688585401487574,0.00014148884751009183,0.0651908840901574,15.068826368770294,0.6274708997103164,-0.02264066859898905,0.6646762740971845,0.0,0.0,0.0,True
D,46,47,state,m,55732739,13.032067749252516,3.2852614957650044,11.656545453034992,10.738569117428082,0.894450955697616,0.9535081588003465,-0.4093392359403767,-0.13840018138660232,0.9602544724286228,3.548133221072758,radam_beta1_per_parameter_group,0.9,0.9,11.728860669014328,3.5661985861205774,0.2736479471053337,1.0855143770800972,-0.1722420839122636,0.38768427582933573,0.1326289326264311,0.0,0.0,0.0,True
D,46,47,state,v,55732739,17.699804057079806,0.6473184409062434,17.755946694285466,18.359266017875587,1.0031719355211282,0.9998821638795503,0.9296348590563097,0.9343437491867985,0.9999155992395239,27.430002873743575,radam_beta2_per_parameter_group,0.999,0.999,17.682104317280956,0.28185981128555443,0.015924459410770277,0.4354268215979631,0.2545594733917614,0.4442886019015872,0.2693749333073194,0.0,0.0,0.0,True
D,46,47,state,net_buffer,32,0.0,0.0,0.0,0.0,0.0,,,,,,not_declared_for_this_readout,,,,,,,,,,0.0,0.0,0.0,True
D,46,47,state,scaler,1,0.0,0.0,0.0,0.0,0.0,,,,,,not_declared_for_this_readout,,,,,,,,,,0.0,0.0,0.0,True
D,46,47,observable,residual,393216,0.23347870663756154,0.17068995644369875,0.21823219448713166,0.21503471490151518,0.9346984897680727,0.20804017573474617,-0.4096696304005005,0.37801735419276083,0.6896826086229256,1.2785297918750977,not_declared_for_this_readout,,,,,,,,,,0.0,0.0,0.0,True
D,46,47,observable,feature,49152,0.03714108658344892,0.03703226935649269,0.03827098161827719,0.039406508711606794,1.0304217011069294,0.041709646490327074,-0.452698482290619,0.5000964233180575,0.5457608447936679,1.0334495369392565,not_declared_for_this_readout,,,,,,,,,,0.0,0.0,0.0,True
B,47,48,state,theta,55732739,0.13951355941537896,0.0012841113557080749,0.14216537000633037,0.14231296349532768,1.0190075473815134,0.9994699283169681,0.1104816361250512,0.1193902060432362,0.9999597874620032,110.71109166224811,identity_parameter_carryover,1.0,1.0,0.1395135594154632,0.005297072732656185,0.03796815703687274,4.125088302591416,0.48639180240725205,-0.026525484761940145,0.5145790733264715,0.0,0.0,0.0,True
B,47,48,state,EMA,55732771,0.0023618886066963727,1.2627411769364558e-05,0.0024552365448963823,0.002455279615455464,1.0395225828751413,0.9989361298108738,0.0008393812465634314,0.0059823293398308325,0.9999867748885943,194.43703822607947,ema_transition_carryover_counterfactual_map,0.9993,1.0,0.0023602352908872345,0.00014613472363268838,0.06187197957531551,11.572816844955254,0.63221935721453,-0.03515214797812581,0.6672763019623964,0.0,0.0,0.0,True
B,47,48,state,m,55732739,12.24301948001631,2.692110493635486,11.578252025913594,11.656403325413288,0.9457023281562377,0.897595537443646,-0.0871294825276578,0.14441018717779697,0.9731723855989387,4.3008086233035945,radam_beta1_per_parameter_group,0.9,0.9,11.018717251621833,5.142186963272351,0.42000970199105664,1.9100950631221039,-0.12176334820884982,-0.4003981404384943,0.3282456672311419,0.0,0.0,0.0,True
B,47,48,state,v,55732739,19.813008604470575,0.17778287535004408,19.497110035136725,19.535420840632483,0.984056002011599,0.9998987332844406,0.2111446063480988,0.21983107165586488,0.9999604354433497,109.668099341672,radam_beta2_per_parameter_group,0.999,0.999,19.793195586094242,0.40721779073249453,0.020553051727873906,2.2905343944443834,-0.7319423808019904,-0.5869229811083067,-0.7221716888273372,0.0,0.0,0.0,True
B,47,48,state,net_buffer,32,0.0,0.0,0.0,0.0,0.0,,,,,,not_declared_for_this_readout,,,,,,,,,,0.0,0.0,0.0,True
B,47,48,state,scaler,1,0.0,0.0,0.0,0.0,0.0,,,,,,not_declared_for_this_readout,,,,,,,,,,0.0,0.0,0.0,True
B,47,48,observable,residual,393216,0.2220782217694438,0.16400445793487017,0.21223733113910956,0.2107813139551691,0.9556872774289825,0.20324275093847072,-0.39521788989719003,0.3801307917726603,0.6993970792482689,1.2940948911485914,not_declared_for_this_readout,,,,,,,,,,0.0,0.0,0.0,True
B,47,48,observable,feature,49152,0.03781908832535346,0.03568102447257321,0.03765793853292776,0.03672653909012961,0.9957389297425854,-0.004811191527473374,-0.49953237983353316,0.4593317321895075,0.5400484759691178,1.055405193364729,not_declared_for_this_readout,,,,,,,,,,0.0,0.0,0.0,True
C,47,48,state,theta,55732739,0.09174268792707325,0.0011737973508031956,0.09376468590515791,0.0940775694864966,1.0220398815837175,0.9991708819764124,0.2607421929817556,0.27235192530816044,0.9999274525690726,79.88149388904094,identity_parameter_carryover,1.0,1.0,0.09174268792702911,0.004284039480716853,0.04669624988666409,3.649726656637459,0.45383708432663594,-0.004315866744242016,0.4897395329017146,0.0,0.0,0.0,True
C,47,48,state,EMA,55732771,0.0016341022476586665,1.1923719981262983e-05,0.0016950058281466434,0.001695243676341251,1.0372703608817864,0.9983731528054328,0.01643157252193487,0.023462899007770786,0.9999752703840822,142.15411220744764,ema_transition_carryover_counterfactual_map,0.9993,1.0,0.0016329583805504053,0.0001133829871162832,0.06938549119477547,9.509027995831335,0.522917358484638,-0.03536352324410308,0.5706678135977307,0.0,0.0,0.0,True
C,47,48,state,m,55732739,8.58642310776981,2.38666741083139,8.635325906834803,9.257894601268438,1.005695363302181,0.8994257736329647,0.1320637991676293,0.3809809367083739,0.9667984631443576,3.6181521847766414,radam_beta1_per_parameter_group,0.9,0.9,7.727780598342849,3.7744744939586665,0.43958636169968884,1.5814832334111595,0.010346893599980254,0.1656712355309955,0.44635640411995214,0.0,0.0,0.0,True
C,47,48,state,v,55732739,4.012987579362105,0.12559190996950154,4.205825105091211,4.258552976428624,1.0480533572346016,0.9990320721774271,0.4075359322627411,0.43198165557392165,0.999637281670116,33.48802567070239,radam_beta2_per_parameter_group,0.999,0.999,4.0089746238087525,0.2671903193537805,0.06658139704390824,2.1274484910585754,0.7215064775273955,0.3057361895367172,0.751265540825315,0.0,0.0,0.0,True
C,47,48,state,net_buffer,32,0.0,0.0,0.0,0.0,0.0,,,,,,not_declared_for_this_readout,,,,,,,,,,0.0,0.0,0.0,True
C,47,48,state,scaler,1,0.0,0.0,0.0,0.0,0.0,,,,,,not_declared_for_this_readout,,,,,,,,,,0.0,0.0,0.0,True
C,47,48,observable,residual,393216,0.2068449233239476,0.1574182730194685,0.19431080672544893,0.20060438094771715,0.9394033153094672,0.08424791265488135,-0.3644408334980864,0.4317128083126535,0.6826429186214781,1.2343599189492938,not_declared_for_this_readout,,,,,,,,,,0.0,0.0,0.0,True
C,47,48,observable,feature,49152,0.037431356762789136,0.035689458218279846,0.03642950687477924,0.036744866113930325,0.9732350100382724,0.0017696036371872177,-0.4809682827276383,0.4944369861022548,0.5242639715796984,1.0207357772699488,not_declared_for_this_readout,,,,,,,,,,0.0,0.0,0.0,True
D,47,48,state,theta,55732739,0.13514035646800598,0.0006379623838724548,0.13778385870523163,0.13801728088016063,1.0195611607540156,0.9995351440336248,0.3638818945495043,0.3678888151112101,0.999990731493723,215.97489474046824,identity_parameter_carryover,1.0,1.0,0.13514035646809924,0.00492945116783629,0.03647652926683911,7.726868060643861,0.5232737886062201,0.31485259722748893,0.5490110249582799,0.0,0.0,0.0,True
D,47,48,state,EMA,55732771,0.0022603990547625636,9.020516899199824e-06,0.0023519893282389044,0.002352117108988492,1.0405195150313675,0.998885812497679,0.012248317656343771,0.016082715087289316,0.9999926472227442,260.7377553327948,ema_transition_carryover_counterfactual_map,0.9993,1.0,0.0022588167814749766,0.00014324747902181044,0.06337265038223855,15.88018520696052,0.6321367068178926,-0.01484502466866787,0.6679998338891905,0.0,0.0,0.0,True
D,47,48,state,m,55732739,10.738569117428082,1.6283112040428571,10.02364990527328,10.517902122855109,0.9334250956214893,0.9338924347910436,0.22979672362847606,0.3738115324851748,0.9885840696706684,6.155856374620546,radam_beta1_per_parameter_group,0.9,0.9,9.664711948271176,3.5968414385281418,0.33494606210530176,2.208939808064769,-0.0844355076343795,-0.16834770348043582,0.27742355353765213,0.0,0.0,0.0,True
D,47,48,state,v,55732739,18.359266017875587,0.1412794471234627,18.23964141661338,18.32037794007166,0.9934842383597616,0.9999783896846003,0.5688587815887491,0.5740634649785343,0.9999798874616397,129.10328988387067,radam_beta2_per_parameter_group,0.999,0.999,18.340907009485488,0.15720490879265625,0.008562701179861599,1.1127231313078148,-0.6466703747144412,-0.34516473073585346,-0.641641796841833,0.0,0.0,0.0,True
D,47,48,state,net_buffer,32,0.0,0.0,0.0,0.0,0.0,,,,,,not_declared_for_this_readout,,,,,,,,,,0.0,0.0,0.0,True
D,47,48,state,scaler,1,0.0,0.0,0.0,0.0,0.0,,,,,,not_declared_for_this_readout,,,,,,,,,,0.0,0.0,0.0,True
D,47,48,observable,residual,393216,0.21503471490151518,0.15792599969149523,0.2113045837464628,0.21715174117886787,0.9826533536375243,0.2154616839117608,-0.33615585789768654,0.4001567088191768,0.7286003463610051,1.3379974428481782,not_declared_for_this_readout,,,,,,,,,,0.0,0.0,0.0,True
D,47,48,observable,feature,49152,0.039406508711606794,0.03799637243585387,0.04128062915651099,0.0385392541380564,1.0475586522678217,-0.04521142152377158,-0.5299730773605527,0.41824240574705845,0.548624388328916,1.086436059816017,not_declared_for_this_readout,,,,,,,,,,0.0,0.0,0.0,True
B,48,49,state,theta,55732739,0.14231296349532768,0.001357579293558999,0.14456365707379823,0.14479268571262321,1.0158150988019052,0.9994704021544857,0.16414189070796778,0.17325827730760468,0.9999572284555421,106.48634504052683,identity_parameter_carryover,1.0,1.0,0.14231296349529118,0.0051823502108283475,0.03641516614892564,3.8173462393068887,0.4195264481814047,-0.07564915673812923,0.44884311610253796,0.0,0.0,0.0,True
B,48,49,state,EMA,55732771,0.002455279615455464,1.279529404300546e-05,0.0025499918803370595,0.002550131606691694,1.0385749404203912,0.9989999498895505,0.008411546285354966,0.01342858881552622,0.999987413141159,199.29138570527897,ema_transition_carryover_counterfactual_map,0.9993,1.0,0.00245356092617796,0.00014769115353526266,0.06015247819660873,11.542615045724403,0.6356564509810422,-0.032111681547772185,0.6695366355151878,0.0,0.0,0.0,True
B,48,49,state,m,55732739,11.656403325413288,3.9317335963821,12.590926237337571,12.493804229083324,1.0801724928209062,0.8743506054681239,-0.18074042353258563,0.13254924002436252,0.9508955658401441,3.2023853927752075,radam_beta1_per_parameter_group,0.9,0.9,10.490762724446308,6.13223830466543,0.5260832294036982,1.5596779777521521,0.0844913763674357,-0.3727789029678723,0.5574345492120081,0.0,0.0,0.0,True
B,48,49,state,v,55732739,19.535420840632483,0.22198291314350174,19.602938333640054,19.497053649877735,1.0034561575897634,0.9998012939602566,-0.48136849239684465,-0.4725972510788526,0.9999502029130727,88.30832092453736,radam_beta2_per_parameter_group,0.999,0.999,19.515885661891172,0.3995192058635418,0.02045101608625529,1.799774587178568,0.20814380957113063,-0.5739698693204348,0.22760006246676417,0.0,0.0,0.0,True
B,48,49,state,net_buffer,32,0.0,0.0,0.0,0.0,0.0,,,,,,not_declared_for_this_readout,,,,,,,,,,0.0,0.0,0.0,True
B,48,49,state,scaler,1,0.0,0.0,0.0,0.0,0.0,,,,,,not_declared_for_this_readout,,,,,,,,,,0.0,0.0,0.0,True
B,48,49,observable,residual,393216,0.2107813139551691,0.1663117618886923,0.21666009666017225,0.22022720437497886,1.0278904358014083,0.22211962140146221,-0.362183129538743,0.3988659361292089,0.7102881894367618,1.3027346604936858,not_declared_for_this_readout,,,,,,,,,,0.0,0.0,0.0,True
B,48,49,observable,feature,49152,0.03672653909012961,0.03811679073805399,0.03688517338442496,0.038651440077457536,1.0043193368671643,0.04473963047026588,-0.4692475387512876,0.5383632244826528,0.4915460616065352,0.9676883250194659,not_declared_for_this_readout,,,,,,,,,,0.0,0.0,0.0,True
C,48,49,state,theta,55732739,0.0940775694864966,0.0011820371058068454,0.09625346050321608,0.09627341336771637,1.0231286908090433,0.9991758949840599,0.010741583959039605,0.023017276064435516,0.9999246322174327,81.43015141433698,identity_parameter_carryover,1.0,1.0,0.09407756948654547,0.004433906201552973,0.04713032262370885,3.7510719247061517,0.47284898727309005,-0.2707103567147046,0.508224737091343,0.0,0.0,0.0,True
C,48,49,state,EMA,55732771,0.001695243676341251,1.182255841346325e-05,0.0017576191317325788,0.0017576876497836884,1.0367943890673872,0.998454634372763,0.002432416935626688,0.009158521969390944,0.9999773789957479,148.66656355286378,ema_transition_carryover_counterfactual_map,0.9993,1.0,0.001694057010372744,0.00011507744024022528,0.06788253620776834,9.73371720533669,0.5287392302163124,-0.05002195993613965,0.5750915096462821,0.0,0.0,0.0,True
C,48,49,state,m,55732739,9.257894601268438,4.218739420806928,10.818330256419383,9.49472381879653,1.1685518924504874,0.8100070653266382,-0.48953252830323285,-0.11345091886769036,0.9218930690928422,2.564351380192649,radam_beta1_per_parameter_group,0.9,0.9,8.33210493807534,6.358697866540214,0.6868405982575131,1.507250681371539,0.06775270876263784,-0.6551156273299131,0.6399527819123533,0.0,0.0,0.0,True
C,48,49,state,v,55732739,4.258552976428624,0.24769383677297116,4.042984616181795,4.217996315365906,0.9493799040566093,0.996616165130843,0.6912248578867731,0.7212678902655051,0.9990992021383611,16.322507935017676,radam_beta2_per_parameter_group,0.999,0.999,4.25429449882445,0.40131796619011906,0.09423810585695208,1.6202178117090382,-0.5606294607198508,-0.7593482844571314,-0.4906684190841363,0.0,0.0,0.0,True
C,48,49,state,net_buffer,32,0.0,0.0,0.0,0.0,0.0,,,,,,not_declared_for_this_readout,,,,,,,,,,0.0,0.0,0.0,True
C,48,49,state,scaler,1,0.0,0.0,0.0,0.0,0.0,,,,,,not_declared_for_this_readout,,,,,,,,,,0.0,0.0,0.0,True
C,48,49,observable,residual,393216,0.20060438094771715,0.16992484399658156,0.20362308424225184,0.20121353250604013,1.0150480427210682,0.0998897171358028,-0.4313495924234085,0.4079850325088079,0.6477003331662244,1.1983126154663306,not_declared_for_this_readout,,,,,,,,,,0.0,0.0,0.0,True
C,48,49,observable,feature,49152,0.036744866113930325,0.03816942019302506,0.03980152654236742,0.0369476172194276,1.0831860543173482,-0.0067637029118619955,-0.5515858415588852,0.43887706163900303,0.5074160715707833,1.0427595268958423,not_declared_for_this_readout,,,,,,,,,,0.0,0.0,0.0,True
D,48,49,state,theta,55732739,0.13801728088016063,0.0006705321489501335,0.14050784000251315,0.14076170304113952,1.0180452701753706,0.9994866831030297,0.37655526989893634,0.3806397521942006,0.9999902628039233,209.54676106508728,identity_parameter_carryover,1.0,1.0,0.13801728088006393,0.005109979537923753,0.0370242009213376,7.620782308386789,0.47327666501805576,0.2482190518849317,0.5012555736848342,0.0,0.0,0.0,True
D,48,49,state,EMA,55732771,0.002352117108988492,9.021706554719343e-06,0.0024453655420103955,0.0024455011373946487,1.039644468664234,0.9989548584480397,0.013185666815445352,0.016874039109056462,0.9999931964180012,271.0535448230912,ema_transition_carryover_counterfactual_map,0.9993,1.0,0.002350470633249888,0.00014498099565268832,0.06163851072663476,16.070240677119713,0.6369052385598423,-0.012950201410806798,0.6714775467479795,0.0,0.0,0.0,True
D,48,49,state,m,55732739,10.517902122855109,1.603681069944086,12.50787674928137,12.892463973093394,1.1891988158077742,0.7690101332826289,0.17939530531393993,0.2984329020612637,0.9924844181185667,7.799478951084376,radam_beta1_per_parameter_group,0.9,0.9,9.466111684249753,7.996948031507619,0.7603177837270869,4.9866199591583635,0.01907881371701838,0.024905737088002578,0.6537920366553802,0.0,0.0,0.0,True
D,48,49,state,v,55732739,18.32037794007166,0.14605829018662717,18.23273413945088,18.284223376148606,0.9952160484402957,0.9997759170229964,0.3490176390633296,0.3560230029621487,0.9999719803745216,124.8319018123097,radam_beta2_per_parameter_group,0.999,0.999,18.30205768684235,0.39288318396036354,0.021445146232546924,2.68990677255193,-0.18684737788052583,-0.16045210248284536,-0.16600956785910786,0.0,0.0,0.0,True
D,48,49,state,net_buffer,32,0.0,0.0,0.0,0.0,0.0,,,,,,not_declared_for_this_readout,,,,,,,,,,0.0,0.0,0.0,True
D,48,49,state,scaler,1,0.0,0.0,0.0,0.0,0.0,,,,,,not_declared_for_this_readout,,,,,,,,,,0.0,0.0,0.0,True
D,48,49,observable,residual,393216,0.21715174117886787,0.16350741118632608,0.22274898196377013,0.22312196803707562,1.0257757122025184,0.23647223514070775,-0.36473861321679385,0.3686873916231263,0.7310419363542798,1.362317342973126,not_declared_for_this_readout,,,,,,,,,,0.0,0.0,0.0,True
D,48,49,observable,feature,49152,0.0385392541380564,0.0372594307421184,0.03829490583397277,0.03813079778573207,0.9936597552405056,0.05065533321113438,-0.49087528287375126,0.48416002497464933,0.5246460444162558,1.027790953088391,not_declared_for_this_readout,,,,,,,,,,0.0,0.0,0.0,True
B,49,50,state,theta,55732739,0.14479268571262321,0.0009895535463965975,0.14728008601868542,0.1474523758553266,1.0171790466750446,0.9994904034019055,0.170851064203009,0.17736243873248475,0.9999781382962817,148.83488271554117,identity_parameter_carryover,1.0,1.0,0.1447926857125985,0.005284083261896102,0.036494131149578016,5.339865923514487,0.45653082204069906,-0.041719730889508345,0.4846982984967641,0.0,0.0,0.0,True
B,49,50,state,EMA,55732771,0.002550131606691694,1.1180699812743402e-05,0.002646447457567572,0.0026465558997685458,1.0377689726377806,0.9990584737852057,0.007586853953324385,0.011811165662961799,0.9999910767558693,236.69783661942486,ema_transition_carryover_counterfactual_map,0.9993,1.0,0.0025483465212581186,0.0001494095780419575,0.058588967585005446,13.363168723273054,0.6399137050318758,-0.027597960105256187,0.6726494558134377,0.0,0.0,0.0,True
B,49,50,state,m,55732739,12.493804229083324,3.8034561942762215,13.063788121608626,13.162152496592858,1.045621324143889,0.9325681438509279,-0.11961328096116768,0.17024978519654355,0.9579621760561638,3.4347150208455597,radam_beta1_per_parameter_group,0.9,0.9,11.24442352099407,4.808415649800747,0.38486401432540635,1.2642226975130875,0.1951680527608254,-0.5788296174075995,0.53605951262242,0.0,0.0,0.0,True
B,49,50,state,v,55732739,19.497053649877735,0.9853491428734805,18.845974518124468,19.799397837696155,0.9666062809568485,0.9998591171735787,0.9659328858092345,0.9691858233444943,0.9999170591712075,19.126189589170124,radam_beta2_per_parameter_group,0.999,0.999,19.477556613135953,0.7087486447509204,0.03635157688327769,0.7192868130823799,-0.8948689692255365,-0.9482845409867504,-0.8872511388317235,0.0,0.0,0.0,True
B,49,50,state,net_buffer,32,0.0,0.0,0.0,0.0,0.0,,,,,,not_declared_for_this_readout,,,,,,,,,,0.0,0.0,0.0,True
B,49,50,state,scaler,1,0.0,0.0,0.0,0.0,0.0,,,,,,not_declared_for_this_readout,,,,,,,,,,0.0,0.0,0.0,True
B,49,50,observable,residual,393216,0.22022720437497886,0.1726182084621061,0.216389830735297,0.22235372118642432,0.9825753877656822,0.18413630108571635,-0.36383362540409775,0.42224754028913575,0.6907261156695484,1.2535747686362986,not_declared_for_this_readout,,,,,,,,,,0.0,0.0,0.0,True
B,49,50,observable,feature,49152,0.038651440077457536,0.038052140052611434,0.03893548086084905,0.03893466821134279,1.0073487762117608,0.06772192799862391,-0.4886777076144631,0.4886451944933314,0.5224199723419938,1.0232139587160223,not_declared_for_this_readout,,,,,,,,,,0.0,0.0,0.0,True
C,49,50,state,theta,55732739,0.09627341336771637,0.0009329541201827968,0.09828984289052009,0.09839958580460059,1.0209448221712256,0.9992785757631992,0.11294922101432849,0.12230453217746269,0.999955625087971,105.35335100000613,identity_parameter_carryover,1.0,1.0,0.09627341336775148,0.004209421380553418,0.043723612088786445,4.511927531579637,0.46218248827830083,0.06283759850650322,0.49552736776815204,0.0,0.0,0.0,True
C,49,50,state,EMA,55732771,0.0017576876497836884,1.072538120493821e-05,0.0018213088391045786,0.0018213650782869034,1.0361959585531137,0.9985390278619768,0.00229922534135179,0.00818780420247322,0.9999826618427903,169.81297021554875,ema_transition_carryover_counterfactual_map,0.9993,1.0,0.00175645727314125,0.00011641810350581503,0.06623366985604191,10.854449019696705,0.5342011476037721,-0.039265967407649614,0.5790998055325117,0.0,0.0,0.0,True
C,49,50,state,m,55732739,9.49472381879653,1.9673305579284548,9.544096520258483,9.970954466815094,1.005200014492703,0.9309470674924173,0.11875990055056586,0.3109819147042801,0.9806219188152956,4.851292774259632,radam_beta1_per_parameter_group,0.9,0.9,8.545251203622167,3.501592624229686,0.36879352059694964,1.7798699919126795,0.09704083262735463,-0.14109421524346769,0.4537706532473096,0.0,0.0,0.0,True
C,49,50,state,v,55732739,4.217996315365906,0.1671098821263404,4.320524678748756,4.439167302934477,1.024307362007251,0.9989314416572481,0.7003766008108058,0.7193025296065809,0.9996389473811628,25.854393670640622,radam_beta2_per_parameter_group,0.999,0.999,4.213778391841671,0.2242822849257849,0.05317270764527177,1.3421246073061097,0.45536166287202523,0.1374643018335599,0.4960220313980664,0.0,0.0,0.0,True
C,49,50,state,net_buffer,32,0.0,0.0,0.0,0.0,0.0,,,,,,not_declared_for_this_readout,,,,,,,,,,0.0,0.0,0.0,True
C,49,50,state,scaler,1,0.0,0.0,0.0,0.0,0.0,,,,,,not_declared_for_this_readout,,,,,,,,,,0.0,0.0,0.0,True
C,49,50,observable,residual,393216,0.20121353250604013,0.16266578412903993,0.2082440222046839,0.2140552231196703,1.0349404416844217,0.02830155225529603,-0.3543420619577505,0.41520205214039235,0.7035786870859402,1.2801956067139943,not_declared_for_this_readout,,,,,,,,,,0.0,0.0,0.0,True
C,49,50,observable,feature,49152,0.0369476172194276,0.0358959713028718,0.03830667972269423,0.03719854324995393,1.0367834952710295,0.004187821206705573,-0.4989583588265763,0.4511610345483565,0.5483033208014857,1.067158188853064,not_declared_for_this_readout,,,,,,,,,,0.0,0.0,0.0,True
D,49,50,state,theta,55732739,0.14076170304113952,0.0005822759637454333,0.1433444945218294,0.14353785327819177,1.0183486802510127,0.9995051682684392,0.3302670142776911,0.33387871622778514,0.9999926694435898,246.17965268526615,identity_parameter_carryover,1.0,1.0,0.140761703041076,0.005161362456449564,0.03666737716963459,8.864117322050534,0.48666608817230084,0.2220473363833792,0.5139040050733121,0.0,0.0,0.0,True
D,49,50,state,EMA,55732771,0.0024455011373946487,8.539136975977904e-06,0.002540476488409362,0.0025405822814462873,1.0388367641962728,0.9990168105605023,0.010708836204297321,0.01406948471311611,0.9999943521539024,297.5097478300406,ema_transition_carryover_counterfactual_map,0.9993,1.0,0.0024437892930259508,0.00014682118112855567,0.06003725734716845,17.193913335924872,0.641524778677836,-0.014140460212630542,0.6749019620122021,0.0,0.0,0.0,True
D,49,50,state,m,55732739,12.892463973093394,3.7586081843779557,12.542047671870666,13.733139106376184,0.9728200674476153,0.9653642692214258,0.1821041602848278,0.4399989832703819,0.9631087078252589,3.336886170790467,radam_beta1_per_parameter_group,0.9,0.9,11.60321727100912,3.3109435166161973,0.25681231481632566,0.8808961600141233,0.1523515613465133,-0.20514695679916536,0.40493481774411505,0.0,0.0,0.0,True
D,49,50,state,v,55732739,18.284223376148606,1.0807040360256037,18.071738712029514,19.109557979221716,0.9883787974064967,0.9999681800564502,0.9579918030718265,0.9625173753053391,0.9998684606344235,16.722190451411773,radam_beta2_per_parameter_group,0.999,0.999,18.265939391424038,0.24232469564638257,0.013253212382128855,0.22422854691794775,-0.80377990604974,-0.7845351836152815,-0.7990083623457263,0.0,0.0,0.0,True
D,49,50,state,net_buffer,32,0.0,0.0,0.0,0.0,0.0,,,,,,not_declared_for_this_readout,,,,,,,,,,0.0,0.0,0.0,True
D,49,50,state,scaler,1,0.0,0.0,0.0,0.0,0.0,,,,,,not_declared_for_this_readout,,,,,,,,,,0.0,0.0,0.0,True
D,49,50,observable,residual,393216,0.22312196803707562,0.17946471424896138,0.22118181145103558,0.19934711164578672,0.9913045021827808,0.03996160955988126,-0.5213553905736058,0.32180242804879855,0.640174388311911,1.2324529218830305,not_declared_for_this_readout,,,,,,,,,,0.0,0.0,0.0,True
D,49,50,observable,feature,49152,0.03813079778573207,0.03415054371419126,0.03902266897615364,0.03994580830470274,1.0233897857430954,-0.02793331774221013,-0.41022193881129704,0.4541800393876665,0.626182515358273,1.1426661110504595,not_declared_for_this_readout,,,,,,,,,,0.0,0.0,0.0,True
B,50,51,state,theta,55732739,0.1474523758553266,0.0010118703183596,0.1497506857021351,0.1499723105910678,1.0155867942681607,0.9995148450506967,0.21580855007947047,0.22223668183671325,0.9999782985095957,147.99395039564396,identity_parameter_carryover,1.0,1.0,0.1474523758553418,0.005167952458547038,0.03504828205425182,5.107326862720014,0.4306652544340762,-0.007553352191069089,0.45856596316178583,0.0,0.0,0.0,True
B,50,51,state,EMA,55732771,0.0026465558997685458,1.1357458427484475e-05,0.0027443979429647284,0.0027445054853382747,1.0369695736276492,0.9991139700477887,0.007399854582226588,0.011537817756367969,0.9999914378627099,241.63838771563752,ema_transition_carryover_counterfactual_map,0.9993,1.0,0.002644703317533018,0.00015099946634383095,0.05705508293138135,13.295181074880263,0.6441281483206401,-0.025513630983621697,0.6757501483665967,0.0,0.0,0.0,True
B,50,51,state,m,55732739,13.162152496592858,2.6431324394153726,13.375892731454096,13.821596829049781,1.0162390030746542,0.8699068544974523,0.07263458537174347,0.26152440319661385,0.9816431290889001,5.06062145505379,radam_beta1_per_parameter_group,0.9,0.9,11.84593694956978,6.60055132777217,0.5014796272479582,2.4972457790394067,-0.031839185398189786,0.021143598995454423,0.46526885854077554,0.0,0.0,0.0,True
B,50,51,state,v,55732739,19.799397837696155,0.3874022769435564,20.519811234436624,20.866875412583045,1.036385621555059,0.9997410049251506,0.8940119538191095,0.897707895420972,0.9999654039424751,52.967709421662256,radam_beta2_per_parameter_group,0.999,0.999,19.779598636194795,0.8707199788715908,0.04397709395049497,2.2475861157585624,0.8440119510610844,0.6896573496370889,0.8559989849073194,0.0,0.0,0.0,True
B,50,51,state,net_buffer,32,0.0,0.0,0.0,0.0,0.0,,,,,,not_declared_for_this_readout,,,,,,,,,,0.0,0.0,0.0,True
B,50,51,state,scaler,1,0.0,0.0,0.0,0.0,0.0,,,,,,not_declared_for_this_readout,,,,,,,,,,0.0,0.0,0.0,True
B,50,51,observable,residual,393216,0.22235372118642432,0.1669278701096097,0.22710436453001986,0.21496696351654557,1.0213652522577419,0.18862935468718472,-0.4382810452252738,0.313500878208125,0.7161241924008604,1.3604939928898425,not_declared_for_this_readout,,,,,,,,,,0.0,0.0,0.0,True
B,50,51,observable,feature,49152,0.03893466821134279,0.034714889830770826,0.03924203278358862,0.041946740705249674,1.007894367317513,0.04622473540905729,-0.36172064447056085,0.48919739881931146,0.636162429133333,1.1304092559384993,not_declared_for_this_readout,,,,,,,,,,0.0,0.0,0.0,True
C,50,51,state,theta,55732739,0.09839958580460059,0.0010241227717144928,0.10041935196720438,0.100503740916519,1.0205261652890956,0.9993681427442147,0.07733659730808942,0.08746155791397697,0.9999483921804582,98.05401729237157,identity_parameter_carryover,1.0,1.0,0.09839958580458265,0.00407019653020943,0.04136395998954633,3.9743248003317793,0.4806439816702055,0.0568473963876384,0.5115086309536514,0.0,0.0,0.0,True
C,50,51,state,EMA,55732771,0.0018213650782869034,1.1361674067110609e-05,0.0018861804510011276,0.0018862200058899778,1.035586151006687,0.9986140920323294,0.00046964735931746447,0.006493152281746025,0.999981858474345,166.01254708240393,ema_transition_carryover_counterfactual_map,0.9993,1.0,0.0018200901276048675,0.00011782879953507581,0.06469257643058604,10.37072519763286,0.5387159262524532,-0.042459863560444906,0.5823092578030088,0.0,0.0,0.0,True
C,50,51,state,m,55732739,9.970954466815094,3.08569267107863,10.293512390796748,9.846151111500358,1.0323497539834503,0.9376693525103506,-0.29171408675419164,0.008422591078003833,0.9540146464213239,3.335883864026732,radam_beta1_per_parameter_group,0.9,0.9,8.9738587894021,3.6409839822688506,0.36515902207623335,1.1799567780663374,0.18622776492167906,-0.6083391134608657,0.5160692923790569,0.0,0.0,0.0,True
C,50,51,state,v,55732739,4.439167302934477,0.3566537994566606,3.9518829982125294,4.231918970195964,0.8902306961037868,0.9980294183242173,0.7678707050780323,0.8013359914410108,0.9985415676506674,11.080445530744303,radam_beta2_per_parameter_group,0.999,0.999,4.434728220945271,0.5497367402833782,0.12383780623000601,1.5413735704508607,-0.8924867031825892,-0.8446343319585631,-0.8624241252487744,0.0,0.0,0.0,True
C,50,51,state,net_buffer,32,0.0,0.0,0.0,0.0,0.0,,,,,,not_declared_for_this_readout,,,,,,,,,,0.0,0.0,0.0,True
C,50,51,state,scaler,1,0.0,0.0,0.0,0.0,0.0,,,,,,not_declared_for_this_readout,,,,,,,,,,0.0,0.0,0.0,True
C,50,51,observable,residual,393216,0.2140552231196703,0.16541509874123753,0.20139456602033948,0.20344092087954738,0.9408533138560571,0.1555088168412554,-0.39824030674373356,0.418852139600903,0.666137401323611,1.217510176234791,not_declared_for_this_readout,,,,,,,,,,0.0,0.0,0.0,True
C,50,51,observable,feature,49152,0.03719854324995393,0.035879999350102595,0.03765551266227001,0.03884674013386588,1.01228460505148,-0.004913843876078776,-0.44269879354585345,0.49450608359845794,0.5604454881549664,1.0494847643346554,not_declared_for_this_readout,,,,,,,,,,0.0,0.0,0.0,True
D,50,51,state,theta,55732739,0.14353785327819177,0.0006426392518016801,0.1459575564604423,0.14614398863575237,1.0168575962854962,0.9995327322002208,0.28808775046434837,0.29211754622468067,0.9999911342306274,227.12206895430214,identity_parameter_carryover,1.0,1.0,0.14353785327820873,0.005043202374713513,0.035134999301816544,7.847641364225067,0.46627157532989394,0.24980153904163263,0.4930941918153087,0.0,0.0,0.0,True
D,50,51,state,EMA,55732771,0.0025405822814462873,9.023562801885655e-06,0.0026370765891289855,0.002637173450711678,1.037981177932079,0.9990748130253735,0.009023589196804542,0.012444937443852751,0.9999941465136201,292.2433906680314,ema_transition_carryover_counterfactual_map,0.9993,1.0,0.0025388038805043782,0.00014847833634969287,0.058442640269524365,16.45451354521136,0.6454336845986098,-0.017227601631921677,0.6776852393316056,0.0,0.0,0.0,True
D,50,51,state,m,55732739,13.733139106376184,3.0842576438666276,12.741596541382526,12.78435586001828,0.9277992775494939,0.9594016036203497,-0.10714405744542674,0.13446678979474455,0.9708065700850916,4.131171261493195,radam_beta1_per_parameter_group,0.9,0.9,12.35982488006382,3.5962393337235072,0.261865790906742,1.165998353242314,-0.0376828995520741,0.583668220248345,0.24569019155638547,0.0,0.0,0.0,True
D,50,51,state,v,55732739,19.109557979221716,0.5816647011660119,19.4173200413918,19.97022013654413,1.016105137675331,0.9999405669627391,0.9491030280703234,0.951952548318347,0.9999579190440416,33.382324907231975,radam_beta2_per_parameter_group,0.999,0.999,19.090448684844027,0.3884672508272832,0.020328426813936408,0.6678542638887269,0.8384679160176176,0.9242144668815525,0.8443593621293068,0.0,0.0,0.0,True
D,50,51,state,net_buffer,32,0.0,0.0,0.0,0.0,0.0,,,,,,not_declared_for_this_readout,,,,,,,,,,0.0,0.0,0.0,True
D,50,51,state,scaler,1,0.0,0.0,0.0,0.0,0.0,,,,,,not_declared_for_this_readout,,,,,,,,,,0.0,0.0,0.0,True
D,50,51,observable,residual,393216,0.19934711164578672,0.17140231109350715,0.20867387456849737,0.20382946815207234,1.046786546570502,0.2666832392218674,-0.43862952374862285,0.39185594505479854,0.6549188480663845,1.2174507638619705,not_declared_for_this_readout,,,,,,,,,,0.0,0.0,0.0,True
D,50,51,observable,feature,49152,0.03994580830470274,0.03364743797566564,0.04147288302285274,0.04143712960051874,1.0382286598509065,0.044123158039934114,-0.40671801482602477,0.40494284920954,0.6706030102302344,1.2325717950010515,not_declared_for_this_readout,,,,,,,,,,0.0,0.0,0.0,True
B,51,52,state,theta,55732739,0.1499723105910678,0.0012654172553406987,0.1522387441343671,0.1524804752844396,1.015112346634968,0.9995227984943025,0.18702444101125543,0.19502682702065874,0.9999667682354942,120.30715046111698,identity_parameter_carryover,1.0,1.0,0.14997231059109856,0.005189148792742622,0.03460071244012481,4.100741293705138,0.4227639393209273,0.03158972617427959,0.4505556978761261,0.0,0.0,0.0,True
B,51,52,state,EMA,55732771,0.0027445054853382747,1.2500536650460729e-05,0.002843749195680399,0.0028438827590606787,1.036160871556754,0.9991642325815815,0.008486965448694104,0.012882154759098582,0.9999903400526795,227.49016903810988,ema_transition_carryover_counterfactual_map,0.9993,1.0,0.0027425843385850846,0.00015254835163876923,0.0555831833653511,12.203344216677833,0.6475857858191705,-0.028569654043704866,0.678191659332414,0.0,0.0,0.0,True
B,51,52,state,m,55732739,13.821596829049781,3.042733354611333,15.42373961638091,14.692632487392599,1.1159158964877196,0.9209091523386598,-0.3332229138583018,-0.1427116689095753,0.9807521663819069,5.069040832318046,radam_beta1_per_parameter_group,0.9,0.9,12.439436828103943,6.265398627435349,0.45330497661941194,2.059134960984995,0.28161434775808564,-0.4509079745169267,0.6333433238559675,0.0,0.0,0.0,True
B,51,52,state,v,55732739,20.866875412583045,0.19779254599070856,20.558627318697404,20.659926962025548,0.9852278749074352,0.9999177593744611,0.5086022886326419,0.5156822418108503,0.9999660259320333,103.94035435320782,radam_beta2_per_parameter_group,0.999,0.999,20.84600870064112,0.39125316523446246,0.01874996411770067,1.9780986349851721,-0.7388365437028265,-0.506943112177878,-0.730133371550976,0.0,0.0,0.0,True
B,51,52,state,net_buffer,32,0.0,0.0,0.0,0.0,0.0,,,,,,not_declared_for_this_readout,,,,,,,,,,0.0,0.0,0.0,True
B,51,52,state,scaler,1,0.0,0.0,0.0,0.0,0.0,,,,,,not_declared_for_this_readout,,,,,,,,,,0.0,0.0,0.0,True
B,51,52,observable,residual,393216,0.21496696351654557,0.16643662736650577,0.21324339655763988,0.21794736478654303,0.991982177490389,0.21082780590175826,-0.36167582099054163,0.40978539443769496,0.7022213499202254,1.281228777173321,not_declared_for_this_readout,,,,,,,,,,0.0,0.0,0.0,True
B,51,52,observable,feature,49152,0.041946740705249674,0.03463751595584267,0.037998107481414335,0.03911401354818589,0.9058655533791887,0.07886621028565373,-0.42308973911503106,0.47453341886790384,0.5968022142065961,1.0970217243596765,not_declared_for_this_readout,,,,,,,,,,0.0,0.0,0.0,True
C,51,52,state,theta,55732739,0.100503740916519,0.0011338972168294604,0.10286887651816821,0.10300209126684896,1.0235328116155773,0.9993212331873098,0.11204867080998757,0.12291224326317758,0.9999401655575728,90.72151778077767,identity_parameter_carryover,1.0,1.0,0.10050374091655402,0.004430463710809247,0.04408257514005678,3.907288636969637,0.5180748048053787,-0.01743005413535991,0.5492323974042187,0.0,0.0,0.0,True
C,51,52,state,EMA,55732771,0.0018862200058899778,1.1680328274673387e-05,0.0019524141075933864,0.001952493278474345,1.0350935211675778,0.9986805324517958,0.00378702298710667,0.009769132416878396,0.9999821063613018,167.15404410566373,ema_transition_carryover_counterfactual_map,0.9993,1.0,0.0018848996569109505,0.00011945609424706167,0.06333094436176258,10.227117888979194,0.5436164980624996,-0.04065585037030003,0.5860020374211437,0.0,0.0,0.0,True
C,51,52,state,m,55732739,9.846151111500358,2.3869825517668612,10.879647315507226,10.546428635867697,1.1049644873721,0.8970792842530146,-0.24715994620378962,-0.02863817732790831,0.9756554746341928,4.557908187244198,radam_beta1_per_parameter_group,0.9,0.9,8.861535778393876,4.890605857014109,0.4967022953062192,2.0488653565540513,0.18369307905648125,-0.41564947720529466,0.5991378633090321,0.0,0.0,0.0,True
C,51,52,state,v,55732739,4.231918970195964,0.13252839935666708,4.397678187305325,4.342099600222459,1.0391688069352816,0.9988414676581316,-0.4317891041993821,-0.4067942443343691,0.9996209824951405,33.18291180345484,radam_beta2_per_parameter_group,0.999,0.999,4.227687092323603,0.2682831676074925,0.06339515701905543,2.024344735994852,0.6146350665348046,-0.45826041518231025,0.6518821475437158,0.0,0.0,0.0,True
C,51,52,state,net_buffer,32,0.0,0.0,0.0,0.0,0.0,,,,,,not_declared_for_this_readout,,,,,,,,,,0.0,0.0,0.0,True
C,51,52,state,scaler,1,0.0,0.0,0.0,0.0,0.0,,,,,,not_declared_for_this_readout,,,,,,,,,,0.0,0.0,0.0,True
C,51,52,observable,residual,393216,0.20344092087954738,0.1678394577100994,0.21061275932046836,0.20987158843674605,1.0352526837271212,0.10228006149508204,-0.40286328494633733,0.39543851674642594,0.6813518928831286,1.254846519370011,not_declared_for_this_readout,,,,,,,,,,0.0,0.0,0.0,True
C,51,52,observable,feature,49152,0.03884674013386588,0.035093474190289325,0.03879678222861303,0.038976103821339404,0.9987139743236964,0.0553200644717724,-0.4471513638545165,0.45529025130220246,0.5927910980517779,1.1055269711469162,not_declared_for_this_readout,,,,,,,,,,0.0,0.0,0.0,True
D,51,52,state,theta,55732739,0.14614398863575237,0.0006495896222718738,0.14846506611096125,0.14869541759472882,1.015882127598104,0.9995638932075982,0.35269819544681535,0.35652040516129063,0.9999916446906613,228.5520904593884,identity_parameter_carryover,1.0,1.0,0.14614398863587758,0.004930726147470816,0.033738822879400825,7.59052481507648,0.4576061991346973,0.272691748880425,0.4836634178966301,0.0,0.0,0.0,True
D,51,52,state,EMA,55732771,0.002637173450711678,9.038911565996808e-06,0.0027350990919088637,0.002735219644819304,1.0371328026113562,0.9991275736106716,0.01168500670887302,0.014989129988898155,0.9999945404135357,302.59164191825323,ema_transition_carryover_counterfactual_map,0.9993,1.0,0.002635327436177246,0.00015010354978192768,0.05691834556480164,16.606374416428345,0.6487886745376275,-0.013898174994842916,0.6800024721539673,0.0,0.0,0.0,True
D,51,52,state,m,55732739,12.78435586001828,1.6049595244842332,11.952404386004023,12.259875975387109,0.9349242556196282,0.952932180460488,0.12690041857451867,0.254629382084062,0.9915332296885166,7.447168731463821,radam_beta1_per_parameter_group,0.9,0.9,11.505919975914926,3.625631294919315,0.2835990592422488,2.2590172771393977,-0.032019031493158864,-0.015836404745126348,0.2725161208308902,0.0,0.0,0.0,True
D,51,52,state,v,55732739,19.97022013654413,0.15052588229269104,19.873479676692636,19.93362249863891,0.9951557639730538,0.9999588987398395,0.3963688402827709,0.40272429031274715,0.9999759676120376,132.0269934578395,radam_beta2_per_parameter_group,0.999,0.999,19.950250159606874,0.1961770294914331,0.009823478567091138,1.3032777254211696,-0.39549639513789986,-0.14554717366807376,-0.3871528838354612,0.0,0.0,0.0,True
D,51,52,state,net_buffer,32,0.0,0.0,0.0,0.0,0.0,,,,,,not_declared_for_this_readout,,,,,,,,,,0.0,0.0,0.0,True
D,51,52,state,scaler,1,0.0,0.0,0.0,0.0,0.0,,,,,,not_declared_for_this_readout,,,,,,,,,,0.0,0.0,0.0,True
D,51,52,observable,residual,393216,0.20382946815207234,0.1722705878851507,0.2306912783973978,0.21569525439001613,1.131785705417651,0.19561747455043121,-0.45759900080485866,0.3092626659068195,0.7040508607504923,1.3391216761342626,not_declared_for_this_readout,,,,,,,,,,0.0,0.0,0.0,True
D,51,52,observable,feature,49152,0.04143712960051874,0.035213742129148795,0.03755876181256887,0.03818353583089322,0.9064035606389753,0.0349071282728533,-0.4508920855890084,0.47870877553853863,0.5678144705766569,1.0665938790265332,not_declared_for_this_readout,,,,,,,,,,0.0,0.0,0.0,True
B,52,53,state,theta,55732739,0.1524804752844396,0.0012090956037961753,0.15448509470683836,0.15460790874958977,1.0131467285805564,0.9994639939080259,0.09770219697511812,0.10544498588987432,0.9999697121192217,127.76913109418672,identity_parameter_carryover,1.0,1.0,0.1524804752844072,0.005410247301788813,0.03548157422579152,4.474623251298209,0.3552174906891413,0.0997558571488574,0.3856293011598327,0.0,0.0,0.0,True
B,52,53,state,EMA,55732771,0.0028438827590606787,1.22576090897987e-05,0.002944412141205737,0.002944461370410216,1.0353493412570436,0.9992120468190906,0.0019347458462148019,0.006097651145968196,0.9999913349699665,240.21096770463998,ema_transition_carryover_counterfactual_map,0.9993,1.0,0.0028418920484670233,0.00015393857006899632,0.05412971740081209,12.558613098300754,0.6509092151579255,-0.03333015656334007,0.680527112660586,0.0,0.0,0.0,True
B,52,53,state,m,55732739,14.692632487392599,3.093618527518688,14.318228472979735,14.869501787740074,0.9745175675812942,0.9163636078010025,0.07359658052576165,0.2789193102445521,0.9782377665167886,4.628310939314169,radam_beta1_per_parameter_group,0.9,0.9,13.223368897200656,5.7331794355084025,0.39020777525252254,1.8532276634982654,-0.017907235860445285,0.13511682503644543,0.3838732884773377,0.0,0.0,0.0,True
B,52,53,state,v,55732739,20.659926962025548,0.17904955471972367,20.57694984828749,20.589269945501304,0.9959836685826347,0.9999152299724933,0.06447817742245653,0.07313585094743053,0.9999623440627454,114.92321151257677,radam_beta2_per_parameter_group,0.999,0.999,20.63926717967961,0.2754740453172474,0.013333737617930053,1.5385352158426888,-0.23255054726836905,0.29619362266688964,-0.21986732051040672,0.0,0.0,0.0,True
B,52,53,state,net_buffer,32,0.0,0.0,0.0,0.0,0.0,,,,,,not_declared_for_this_readout,,,,,,,,,,0.0,0.0,0.0,True
B,52,53,state,scaler,1,0.0,0.0,0.0,0.0,0.0,,,,,,not_declared_for_this_readout,,,,,,,,,,0.0,0.0,0.0,True
B,52,53,observable,residual,393216,0.21794736478654303,0.16074362075722443,0.22823984265740258,0.2264194998746889,1.0472246034309245,0.2700300783888347,-0.3634168627520581,0.34359855589604493,0.7500365489208897,1.4198998478584701,not_declared_for_this_readout,,,,,,,,,,0.0,0.0,0.0,True
B,52,53,observable,feature,49152,0.03911401354818589,0.03832122259763199,0.03805787669523248,0.039728025257362666,0.9729985047008198,-0.026028773879124938,-0.458920641249425,0.5249613411429059,0.5152905666629213,0.9931279357873154,not_declared_for_this_readout,,,,,,,,,,0.0,0.0,0.0,True
C,52,53,state,theta,55732739,0.10300209126684896,0.0011928600871004551,0.10509916413932162,0.10511826128929919,1.0203595174299882,0.9992757906999621,0.010336075195125683,0.021681988672898177,0.9999356186229,88.10686624178317,identity_parameter_carryover,1.0,1.0,0.10300209126684422,0.004480789456435994,0.04350192701260356,3.7563411710150127,0.4510274584490147,-0.11427017761420462,0.4846619029996301,0.0,0.0,0.0,True
C,52,53,state,EMA,55732771,0.001952493278474345,1.2007508679502387e-05,0.0020200068741287242,0.002020049685970567,1.0345781449793945,0.9987470936099404,0.0005933148021963458,0.006537467246562446,0.9999823333012777,168.22864159798692,ema_transition_carryover_counterfactual_map,0.9993,1.0,0.0019511265383743385,0.00012091580974993201,0.06192892497146735,10.070016435327947,0.5487244089176032,-0.04878484213488895,0.5898725303920817,0.0,0.0,0.0,True
C,52,53,state,m,55732739,10.546428635867697,3.241458669636439,10.454307274969505,10.431488069920439,0.9912651605506633,0.846829234105842,-0.16206192823030421,0.1483214536576258,0.9518287483182744,3.2251860475339815,radam_beta1_per_parameter_group,0.9,0.9,9.491785538380004,5.596850128570368,0.5306867681762768,1.7266455318395617,-0.11413071655245648,0.05726972352637212,0.4317403079414274,0.0,0.0,0.0,True
C,52,53,state,v,55732739,4.342099600222459,0.22085967492135422,4.409153226798529,4.431802075158315,1.0154426735334754,0.9987580990630862,0.07776638672163341,0.12720414411813916,0.998764974298081,19.963595565232005,radam_beta2_per_parameter_group,0.999,0.999,4.337757606200256,0.22935153602884523,0.052820422640027606,1.0384491243614973,0.28741856373103675,0.05983142370356069,0.3347816509012555,0.0,0.0,0.0,True
C,52,53,state,net_buffer,32,0.0,0.0,0.0,0.0,0.0,,,,,,not_declared_for_this_readout,,,,,,,,,,0.0,0.0,0.0,True
C,52,53,state,scaler,1,0.0,0.0,0.0,0.0,0.0,,,,,,not_declared_for_this_readout,,,,,,,,,,0.0,0.0,0.0,True
C,52,53,observable,residual,393216,0.20987158843674605,0.17365086290712697,0.22720105334853277,0.21313910454653429,1.082571752760187,0.0637579828263411,-0.4606247417283209,0.323715521536278,0.6906905693548907,1.3083784874138278,not_declared_for_this_readout,,,,,,,,,,0.0,0.0,0.0,True
C,52,53,observable,feature,49152,0.038976103821339404,0.036805665187265926,0.0385948136677772,0.0387418969713341,0.9902173353368007,0.037777773601849265,-0.47281755883902865,0.4789997665512169,0.5470162939664058,1.0486106818449863,not_declared_for_this_readout,,,,,,,,,,0.0,0.0,0.0,True
D,52,53,state,theta,55732739,0.14869541759472882,0.0005883997935334743,0.1509176146198217,0.15112538433971448,1.0149446234526844,0.9994609492222783,0.351403434537483,0.35481377359218275,0.9999933564333463,256.4882181782002,identity_parameter_carryover,1.0,1.0,0.14869541759481003,0.005397367453710853,0.036298142478213044,9.172959462304425,0.39664610309364384,0.3171424581776206,0.42656932759461447,0.0,0.0,0.0,True
D,52,53,state,EMA,55732771,0.002735219644819304,8.56522707010818e-06,0.00283451313904269,0.00283462587456747,1.0363018357269607,0.9991768883026677,0.011651380927440034,0.01467256041444083,0.9999954354465,330.9326321230722,ema_transition_carryover_counterfactual_map,0.9993,1.0,0.0027333049981666893,0.00015164877158883373,0.055442995912985286,17.705166523614228,0.6520001376806008,-0.012500624880043405,0.6822208654091861,0.0,0.0,0.0,True
D,52,53,state,m,55732739,12.259875975387109,1.4171707923956827,13.523435706109888,14.096620639195685,1.1030646421920987,0.8776680408476362,0.36063172558410966,0.4465006832499238,0.9955941082358387,9.542558863529035,radam_beta1_per_parameter_group,0.9,0.9,11.033888087422111,6.534955036345748,0.5330359825389184,4.611268501588727,0.12780489378169702,0.17018845430329296,0.5875089803286974,0.0,0.0,0.0,True
D,52,53,state,v,55732739,19.93362249863891,0.09597421300915103,19.851925220794396,19.882790207969716,0.9959015338105207,0.9998858152612311,0.31942941945490727,0.3237605534242094,0.999989538690043,206.84644966978306,radam_beta2_per_parameter_group,0.999,0.999,19.913688994989442,0.306748976315572,0.015388521395773255,3.196160371602358,-0.2087392820654733,0.028382626421157273,-0.19393686567820725,0.0,0.0,0.0,True
D,52,53,state,net_buffer,32,0.0,0.0,0.0,0.0,0.0,,,,,,not_declared_for_this_readout,,,,,,,,,,0.0,0.0,0.0,True
D,52,53,state,scaler,1,0.0,0.0,0.0,0.0,0.0,,,,,,not_declared_for_this_readout,,,,,,,,,,0.0,0.0,0.0,True
D,52,53,observable,residual,393216,0.21569525439001613,0.16297624795151142,0.2219635260135554,0.21522219655624028,1.0290607767021387,0.2677699519489903,-0.40785967769706,0.33661154346684036,0.7224723496916071,1.361937882381449,not_declared_for_this_readout,,,,,,,,,,0.0,0.0,0.0,True
D,52,53,observable,feature,49152,0.03818353583089322,0.03678418377072437,0.038098890654484234,0.03902633172222995,0.9977832022475901,-0.014243335983769197,-0.45722620680431725,0.4961873601430974,0.5452779418282223,1.035741091659242,not_declared_for_this_readout,,,,,,,,,,0.0,0.0,0.0,True
B,53,54,state,theta,55732739,0.15460790874958977,0.0010082301197878777,0.15659022248068047,0.15681619567704683,1.0128215545189305,0.9994984590526372,0.2210709831115461,0.22718179327992827,0.9999803414910757,155.3119862295183,identity_parameter_carryover,1.0,1.0,0.1546079087496298,0.005311710411490581,0.034356007105003125,5.26835124962158,0.3584113543542986,0.059218562834868975,0.3877952238545701,0.0,0.0,0.0,True
B,53,54,state,EMA,55732771,0.002944461370410216,1.1287346976514632e-05,0.0030462046429240667,0.0030463313031493795,1.034554120334639,0.9992552758744518,0.009368977639674468,0.013073814434027041,0.9999931362278762,269.8778241921903,ema_transition_carryover_counterfactual_map,0.9993,1.0,0.0029424002550117235,0.00015532386800588827,0.05275119910445586,13.76088360967973,0.6537038198118544,-0.02327464034924312,0.6824171051634493,0.0,0.0,0.0,True
B,53,54,state,m,55732739,14.869501787740074,3.7871495800778914,13.298260070533658,13.016580733365037,0.8943312466257675,0.9299483903634908,-0.21598261443663364,0.07029162430041683,0.9588003069788859,3.5114166444569506,radam_beta1_per_parameter_group,0.9,0.9,13.382551263930898,4.994048953886702,0.3358585260741085,1.3186827845822737,-0.2034132476639887,0.00407021659925604,0.17083894660811727,0.0,0.0,0.0,True
B,53,54,state,v,55732739,20.589269945501304,1.0006582947912435,20.71501186560825,21.684651393688426,1.0061071577787741,0.9999271192282602,0.9675274426907864,0.9704099165992267,0.9999319718317489,20.70138425218351,radam_beta2_per_parameter_group,0.999,0.999,20.568680825523224,0.288996456994514,0.014036265382865547,0.28880633728699984,0.5011179567382067,0.5771144362510824,0.5115291160803225,0.0,0.0,0.0,True
B,53,54,state,net_buffer,32,0.0,0.0,0.0,0.0,0.0,,,,,,not_declared_for_this_readout,,,,,,,,,,0.0,0.0,0.0,True
B,53,54,state,scaler,1,0.0,0.0,0.0,0.0,0.0,,,,,,not_declared_for_this_readout,,,,,,,,,,0.0,0.0,0.0,True
B,53,54,observable,residual,393216,0.2264194998746889,0.15951604903741937,0.20884552316875674,0.21947184018068397,0.9223831131344322,0.11045014333525258,-0.3135888876403808,0.42841219930925245,0.7236603231629631,1.3092445834071882,not_declared_for_this_readout,,,,,,,,,,0.0,0.0,0.0,True
B,53,54,observable,feature,49152,0.039728025257362666,0.03754369277206291,0.039280299474472466,0.03845730181768712,0.9887302280949083,0.034476781299294164,-0.4995861049592677,0.4659661523039052,0.5336825847530167,1.046255617766556,not_declared_for_this_readout,,,,,,,,,,0.0,0.0,0.0,True
C,53,54,state,theta,55732739,0.10511826128929919,0.000913374680647859,0.10718767863939813,0.10730442483067579,1.019686563730384,0.9993287935503932,0.12362748616026235,0.13200497519596555,0.9999643260229681,117.353459549995,identity_parameter_carryover,1.0,1.0,0.10511826128932049,0.004405447497898471,0.041909440318596065,4.823264308983993,0.45340962292920345,0.08513886240410892,0.4857561929969083,0.0,0.0,0.0,True
C,53,54,state,EMA,55732771,0.002020049685970567,1.0519771034130118e-05,0.0020888860861364754,0.002088947699670206,1.0340765876423652,0.9988107549054033,0.0033389799576531124,0.00837480029410129,0.9999873198217972,198.56763796087753,ema_transition_carryover_counterfactual_map,0.9993,1.0,0.0020186356565178674,0.0001223294824909134,0.06055766021029236,11.628530896160218,0.5539648391182674,-0.03530632032303199,0.5938967507321105,0.0,0.0,0.0,True
C,53,54,state,m,55732739,10.431488069920439,1.8548170873588565,10.22557902476975,10.642645624925176,0.9802608176541528,0.9439694878045705,0.13874650670284075,0.30759085395014424,0.9849927156892652,5.51298513177401,radam_beta1_per_parameter_group,0.9,0.9,9.38833902331125,3.3851091446938257,0.324508749087765,1.8250366398737512,0.07807593785272689,-0.10414120456149384,0.4027265849137215,0.0,0.0,0.0,True
C,53,54,state,v,55732739,4.431802075158315,0.1782348623928567,4.033197232190987,4.169320036044681,0.9100580675293155,0.997187141030312,0.7545192982442694,0.7726343815914755,0.9996063721316224,22.628554133821517,radam_beta2_per_parameter_group,0.999,0.999,4.427370346942643,0.5057942693057381,0.11412835246882497,2.837796503530778,-0.801744808851563,-0.7358150551756844,-0.7546932994530136,0.0,0.0,0.0,True
C,53,54,state,net_buffer,32,0.0,0.0,0.0,0.0,0.0,,,,,,not_declared_for_this_readout,,,,,,,,,,0.0,0.0,0.0,True
C,53,54,state,scaler,1,0.0,0.0,0.0,0.0,0.0,,,,,,not_declared_for_this_readout,,,,,,,,,,0.0,0.0,0.0,True
C,53,54,observable,residual,393216,0.21313910454653429,0.1558687992803617,0.19176421443529487,0.19676766433650117,0.8997138973783543,0.04550203884202925,-0.37388824925634495,0.4277654723348619,0.678397552813303,1.230292498053879,not_declared_for_this_readout,,,,,,,,,,0.0,0.0,0.0,True
C,53,54,observable,feature,49152,0.0387418969713341,0.03528914135084133,0.038245816487184205,0.03689220905117298,0.9871952453821,0.0165487993401224,-0.4990252608904939,0.43921232198046145,0.5593496309574605,1.0837842753652713,not_declared_for_this_readout,,,,,,,,,,0.0,0.0,0.0,True
D,53,54,state,theta,55732739,0.15112538433971448,0.0005823375517076736,0.15336414709754578,0.1535574473127071,1.0148139425260205,0.9995320885527484,0.3302490767032961,0.3336256653559338,0.9999935934310098,263.3595354581096,identity_parameter_carryover,1.0,1.0,0.15112538433975498,0.005167381130182566,0.03419267486239651,8.873515223309054,0.4193617353108825,0.1655885208757386,0.4469335620717238,0.0,0.0,0.0,True
D,53,54,state,EMA,55732771,0.00283462587456747,8.586067653300904e-06,0.0029352813970399028,0.002935393104738687,1.03550927950511,0.9992218017960117,0.011548029197174426,0.014472604319898252,0.9999957227061642,341.8656264502455,ema_transition_carryover_counterfactual_map,0.9993,1.0,0.0028326416437655195,0.00015321792655886607,0.05405225710156381,17.84494750631992,0.6549855151867758,-0.013457691979201002,0.6842809602477465,0.0,0.0,0.0,True
D,53,54,state,m,55732739,14.096620639195685,3.8210591519445516,12.954466279573,13.15701136520967,0.9189767257801545,0.9584619794238223,-0.09405840998465045,0.19780956170411204,0.9572890971720363,3.3902815330614344,radam_beta1_per_parameter_group,0.9,0.9,12.68695825780416,3.704772356551183,0.26281280112270705,0.9695668685646518,-0.07303953902240615,-0.6534575429847743,0.21445289380776933,0.0,0.0,0.0,True
D,53,54,state,v,55732739,19.882790207969716,1.1171579678857788,19.146180231907355,20.215601184911797,0.9629523840287214,0.9999075055760331,0.9548292130395769,0.9595801774082346,0.9998651591084414,17.13829268759681,radam_beta2_per_parameter_group,0.999,0.999,19.862907793519785,0.7642312668295944,0.03843682193675533,0.6840852312729792,-0.9401584411807966,-0.9872370838884504,-0.9354371963363621,0.0,0.0,0.0,True
D,53,54,state,net_buffer,32,0.0,0.0,0.0,0.0,0.0,,,,,,not_declared_for_this_readout,,,,,,,,,,0.0,0.0,0.0,True
D,53,54,state,scaler,1,0.0,0.0,0.0,0.0,0.0,,,,,,not_declared_for_this_readout,,,,,,,,,,0.0,0.0,0.0,True
D,53,54,observable,residual,393216,0.21522219655624028,0.1554669616861552,0.2179496629109775,0.2182619221320543,1.0126727930407704,0.12441713977700489,-0.35464799052841595,0.3581547845580481,0.7459552072345342,1.4019034047308236,not_declared_for_this_readout,,,,,,,,,,0.0,0.0,0.0,True
D,53,54,observable,feature,49152,0.03902633172222995,0.03480599763747785,0.04015853390870015,0.04031729853574866,1.0290112377081366,0.005734484883383054,-0.42878699186731756,0.4362033500178827,0.6258895263136333,1.1537820098412832,not_declared_for_this_readout,,,,,,,,,,0.0,0.0,0.0,True
B,54,55,state,theta,55732739,0.15681619567704683,0.0009252007384898691,0.15880701261261346,0.15903935629215418,1.0126952253048314,0.9995345342690297,0.24839859308762446,0.25385313538208387,0.9999841226861376,171.64600719171645,identity_parameter_carryover,1.0,1.0,0.15681619567695965,0.005210260502102432,0.03322527038490743,5.631491940448212,0.3679082289016904,0.10242103025443981,0.39610485885879243,0.0,0.0,0.0,True
B,54,55,state,EMA,55732771,0.0030463313031493795,1.0887052876803397e-05,0.003149300254726486,0.0031494357478836785,1.0338009695369161,0.9992954634776254,0.01071712770160512,0.014173493111393161,0.999994025843762,289.2702267880569,ema_transition_carryover_counterfactual_map,0.9993,1.0,0.0030441988790209998,0.00015670104705090086,0.05143926627051335,14.393339393508176,0.6565532304496376,-0.020909285735683996,0.6843995430407749,0.0,0.0,0.0,True
B,54,55,state,m,55732739,13.016580733365037,2.9339379148918603,12.76822923788351,13.508136008118173,0.9809203737472365,0.9675380327616645,0.14460389958605388,0.3538810721646284,0.9766327562582853,4.351908461687446,radam_beta1_per_parameter_group,0.9,0.9,11.714922361071439,3.2894833190971977,0.252714855496986,1.121183683676702,0.19420224261105845,0.18139861433292867,0.4358119994883538,0.0,0.0,0.0,True
B,54,55,state,v,55732739,21.684651393688426,0.505745868502206,21.840825044040177,22.33098053516415,1.007202036478078,0.9999578607784538,0.9684706794349646,0.9698608847121449,0.9999840828201138,43.18537511482391,radam_beta2_per_parameter_group,0.999,0.999,21.66296692681959,0.2674112592693314,0.012331821914700673,0.5287463050588717,0.6616690798239907,0.6235286608307739,0.6685244990769897,0.0,0.0,0.0,True
B,54,55,state,net_buffer,32,0.0,0.0,0.0,0.0,0.0,,,,,,not_declared_for_this_readout,,,,,,,,,,0.0,0.0,0.0,True
B,54,55,state,scaler,1,0.0,0.0,0.0,0.0,0.0,,,,,,not_declared_for_this_readout,,,,,,,,,,0.0,0.0,0.0,True
B,54,55,observable,residual,393216,0.21947184018068397,0.1674104257658382,0.23620722216833165,0.22617595984437033,1.0762529806733747,0.17335359103470788,-0.4130197756628153,0.3088399487903214,0.7386435136159636,1.410946905413893,not_declared_for_this_readout,,,,,,,,,,0.0,0.0,0.0,True
B,54,55,observable,feature,49152,0.03845730181768712,0.03807794862645533,0.040326149030592943,0.0399067021345205,1.048595380449866,-0.03785712082163337,-0.4830829742120871,0.46601376760094626,0.5495653407365518,1.0590420567607897,not_declared_for_this_readout,,,,,,,,,,0.0,0.0,0.0,True
C,54,55,state,theta,55732739,0.10730442483067579,0.0008184174266417366,0.1092576526152422,0.10934305533163247,1.0182026769879113,0.9994042340194134,0.10064647680578025,0.10805272626233028,0.9999722718024177,133.4986879049802,identity_parameter_carryover,1.0,1.0,0.10730442483071566,0.004217157386341648,0.03930087126412762,5.15281963587478,0.4477271344187803,0.005942121877892507,0.47832127796354523,0.0,0.0,0.0,True
C,54,55,state,EMA,55732771,0.002088947699670206,1.011523501776331e-05,0.0021589793467771444,0.002159026607652751,1.0335248446468979,0.9988698723256978,0.0023297015315847094,0.007014741020294847,0.9999890249629118,213.43837715938113,ema_transition_carryover_counterfactual_map,0.9993,1.0,0.0020874854417362258,0.0001236850154562021,0.059209244671721055,12.22759681203645,0.5583051631450883,-0.035327109899473526,0.597105719193983,0.0,0.0,0.0,True
C,54,55,state,m,55732739,10.642645624925176,2.1349049038571764,9.931788644973379,9.802245128719642,0.9332067415373707,0.9470214665067443,-0.16776146575982526,0.04781899218030266,0.976677663466569,4.652098848538599,radam_beta1_per_parameter_group,0.9,0.9,9.578380826808122,3.194470384243184,0.30015754510905673,1.496305703580365,-0.05408213519917331,-0.4383348393367603,0.26948329068306337,0.0,0.0,0.0,True
C,54,55,state,v,55732739,4.169320036044681,0.14859353728274313,4.140839226522155,4.133233338205669,0.993168955782645,0.9988850040181354,-0.06908129532987124,-0.03325749818369183,0.9993566427300212,27.86688642213951,radam_beta2_per_parameter_group,0.999,0.999,4.165150762795191,0.19761631517560183,0.04739773235615537,1.3299119113072755,-0.14638748499306575,-0.5470036866394119,-0.09952321181722015,0.0,0.0,0.0,True
C,54,55,state,net_buffer,32,0.0,0.0,0.0,0.0,0.0,,,,,,not_declared_for_this_readout,,,,,,,,,,0.0,0.0,0.0,True
C,54,55,state,scaler,1,0.0,0.0,0.0,0.0,0.0,,,,,,not_declared_for_this_readout,,,,,,,,,,0.0,0.0,0.0,True
C,54,55,observable,residual,393216,0.19676766433650117,0.1604158484255156,0.19759495599636165,0.191104996946691,1.0042044085985882,0.03640431571957579,-0.44571360146599953,0.37856199530482343,0.6598227805501896,1.2317670475564582,not_declared_for_this_readout,,,,,,,,,,0.0,0.0,0.0,True
C,54,55,observable,feature,49152,0.03689220905117298,0.03678955135382406,0.03900596301431867,0.0384819202964877,1.0572954024036272,-0.018741375469688456,-0.4857374596604931,0.4636695318259963,0.5492423360066057,1.0602456833240026,not_declared_for_this_readout,,,,,,,,,,0.0,0.0,0.0,True
D,54,55,state,theta,55732739,0.1535574473127071,0.0006280026208987294,0.15580949842694572,0.15602322672746083,1.014665854073834,0.9995780337649046,0.3385483988021066,0.34210969706926253,0.999992827870633,248.10326142264827,identity_parameter_carryover,1.0,1.0,0.15355744731267726,0.005026272653535095,0.03273219724276547,8.003585472847291,0.4349753619688023,0.27544348426824894,0.46094737231380567,0.0,0.0,0.0,True
D,54,55,state,EMA,55732771,0.002935393104738687,8.883318964351379e-06,0.0030374314743567346,0.0030375473383838676,1.0347613985511257,0.9992640455622862,0.011580816980523115,0.014504879118426853,0.9999957242029246,341.92529690151844,ema_transition_carryover_counterfactual_map,0.9993,1.0,0.002933338337116559,0.0001547572802879509,0.052721143222051556,17.421110387794187,0.6581772817268979,-0.013093233276566162,0.6865715164318571,0.0,0.0,0.0,True
D,54,55,state,m,55732739,13.15701136520967,2.797013680389872,11.951094148532182,12.3848447499979,0.9083441381021966,0.969837157683314,0.040871332282253474,0.26528155070103565,0.9742077569493525,4.272805039289738,radam_beta1_per_parameter_group,0.9,0.9,11.8413099251647,2.923891063160749,0.22223064053073832,1.0453617312136962,-0.0857401112186283,0.3053885104087107,0.15970218366488098,0.0,0.0,0.0,True
D,54,55,state,v,55732739,20.215601184911797,0.477215587289516,20.315131115043513,20.77337522599122,1.0049234217286598,0.9999775858228818,0.9593301837171107,0.9611405866842565,0.9999789733774205,42.57013319793089,radam_beta2_per_parameter_group,0.999,0.999,20.195385719377377,0.18091651116469148,0.00894935102398642,0.37910855383467074,0.6593651842565028,0.7270715699370472,0.6643841299239076,0.0,0.0,0.0,True
D,54,55,state,net_buffer,32,0.0,0.0,0.0,0.0,0.0,,,,,,not_declared_for_this_readout,,,,,,,,,,0.0,0.0,0.0,True
D,54,55,state,scaler,1,0.0,0.0,0.0,0.0,0.0,,,,,,not_declared_for_this_readout,,,,,,,,,,0.0,0.0,0.0,True
D,54,55,observable,residual,393216,0.2182619221320543,0.16404800889073393,0.21489868948696422,0.21388706613271527,0.9845908410764602,0.1929077092412866,-0.3878389680823046,0.3773109069989077,0.7072633317105795,1.3099743845723844,not_declared_for_this_readout,,,,,,,,,,0.0,0.0,0.0,True
D,54,55,observable,feature,49152,0.04031729853574866,0.0360989854064647,0.03910946816454522,0.03894297690167704,0.9700418823911905,0.08771182319653872,-0.46611435699898396,0.45886324626625924,0.5722010633587596,1.08339521801467,not_declared_for_this_readout,,,,,,,,,,0.0,0.0,0.0,True
B,55,56,state,theta,55732739,0.15903935629215418,0.001436417581005112,0.16122586775031197,0.16147618971288236,1.0137482413732937,0.999552522738302,0.16994885038570376,0.17858093201779093,0.9999615767128525,112.24164190297402,identity_parameter_carryover,1.0,1.0,0.15903935629214588,0.005265794564000887,0.03311000928806363,3.6659218277711587,0.4015284915983951,0.007437423342340046,0.4287440245496381,0.0,0.0,0.0,True
B,55,56,state,EMA,55732771,0.0031494357478836785,1.3087934251466823e-05,0.0032537693340453544,0.0032539100285788906,1.0331277074732466,0.9993315389579375,0.008738978601591313,0.012760818360530305,0.9999919114677592,248.60831904627653,ema_transition_carryover_counterfactual_map,0.9993,1.0,0.0031472311508079537,0.0001582433364634903,0.05024498009518843,12.090780211992223,0.6595106468941956,-0.029610543354763826,0.686550139037594,0.0,0.0,0.0,True
B,55,56,state,m,55732739,13.508136008118173,3.948701416424342,12.49582356763814,12.260902658529801,0.9250590577507031,0.9662205160612489,-0.21693481885410212,0.10096501283979537,0.9492949308312058,3.1645399967854377,radam_beta1_per_parameter_group,0.9,0.9,12.157322079489317,3.221467779734974,0.23848351673383533,0.8158296715815251,-0.025951208912154793,-0.2207980764150723,0.23255534604112374,0.0,0.0,0.0,True
B,55,56,state,v,55732739,22.33098053516415,0.3193792305113948,22.2828273189484,22.512212787941596,0.9978436586723128,0.9999476878898178,0.7147531770188262,0.7216572179165655,0.9999507756380155,69.7691809303592,radam_beta2_per_parameter_group,0.999,0.999,22.308650094001475,0.2295114037902882,0.010277712768988409,0.7186171856660533,-0.11759083132796212,-0.560065203107906,-0.10742717925616871,0.0,0.0,0.0,True
B,55,56,state,net_buffer,32,0.0,0.0,0.0,0.0,0.0,,,,,,not_declared_for_this_readout,,,,,,,,,,0.0,0.0,0.0,True
B,55,56,state,scaler,1,0.0,0.0,0.0,0.0,0.0,,,,,,not_declared_for_this_readout,,,,,,,,,,0.0,0.0,0.0,True
B,55,56,observable,residual,393216,0.22617595984437033,0.15742107931835264,0.2184685491396598,0.22107097033292492,0.9659229446400318,0.1809389140807447,-0.3436531059532122,0.3724762402291443,0.7435182739817229,1.387797301896596,not_declared_for_this_readout,,,,,,,,,,0.0,0.0,0.0,True
B,55,56,observable,feature,49152,0.0399067021345205,0.03857691825703121,0.039426095058050364,0.03899862680423241,0.9879567328101914,0.019580760642298335,-0.5002516392026803,0.48345162693868643,0.5161189024839784,1.0220125618993523,not_declared_for_this_readout,,,,,,,,,,0.0,0.0,0.0,True
C,55,56,state,theta,55732739,0.10934305533163247,0.0013111188920594936,0.111263658223663,0.11141801747620192,1.017564927980158,0.9994182152241377,0.11192065452841837,0.1235331650791394,0.9999316271448033,84.86160858294939,identity_parameter_carryover,1.0,1.0,0.10934305533172715,0.0042242864461801725,0.0386333309725808,3.221894270430885,0.43933369886709084,-0.10939507775065169,0.46971649346109606,0.0,0.0,0.0,True
C,55,56,state,EMA,55732771,0.002159026607652751,1.2298948275925168e-05,0.002230174465414943,0.0022303358267549795,1.032953673433206,0.9989245903293817,0.010363008609267994,0.015876651863997504,0.9999847972521619,181.33050203816566,ema_transition_carryover_counterfactual_map,0.9993,1.0,0.0021575152946771243,0.00012501325460237745,0.057902600254792255,10.164548366065352,0.5620269608532331,-0.04028113124439192,0.5997714705372896,0.0,0.0,0.0,True
C,55,56,state,m,55732739,9.802245128719642,3.0045623383640576,8.99622072756636,9.280982447414576,0.9177714502576856,0.9480790425675383,-0.07071381089053426,0.2551890708257074,0.9464253083475419,2.994186744837079,radam_beta1_per_parameter_group,0.9,0.9,8.822020390593437,2.8760638010482746,0.2934086796729539,0.9572321946278044,-0.10183781610454115,0.2055794632697313,0.2198310348503468,0.0,0.0,0.0,True
C,55,56,state,v,55732739,4.133233338205669,0.1930643503628542,4.0439655545064435,3.9078714811289506,0.9784024330603172,0.9996415300308172,-0.7169247967855902,-0.6924881859799082,0.999406698305168,20.946205484886388,radam_beta2_per_parameter_group,0.999,0.999,4.1291001223699055,0.13863373423049596,0.03354123101375158,0.7180700837308454,-0.6245536741238206,0.5593574332177885,-0.6034203011209505,0.0,0.0,0.0,True
C,55,56,state,net_buffer,32,0.0,0.0,0.0,0.0,0.0,,,,,,not_declared_for_this_readout,,,,,,,,,,0.0,0.0,0.0,True
C,55,56,state,scaler,1,0.0,0.0,0.0,0.0,0.0,,,,,,not_declared_for_this_readout,,,,,,,,,,0.0,0.0,0.0,True
C,55,56,observable,residual,393216,0.191104996946691,0.16222491489250493,0.20100074606974375,0.19838106884222295,1.0517817392593516,0.1659308429530638,-0.4195862611263512,0.39261691561627765,0.6700911601307185,1.239025128803013,not_declared_for_this_readout,,,,,,,,,,0.0,0.0,0.0,True
C,55,56,observable,feature,49152,0.0384819202964877,0.03494781186675189,0.03765039768554695,0.03934732185595312,0.9783918628661407,-0.00448478205092121,-0.4144592944914112,0.4916028256127038,0.5887555020909121,1.0773320466843364,not_declared_for_this_readout,,,,,,,,,,0.0,0.0,0.0,True
D,55,56,state,theta,55732739,0.15602322672746083,0.0006549611225468198,0.15859162583048697,0.1588447122262417,1.0164616458516949,0.9995938847861594,0.38465777696095943,0.38816818322102076,0.9999927570370848,242.13899172183318,identity_parameter_carryover,1.0,1.0,0.15602322672752203,0.005166670604100977,0.03311475292794735,7.888514945757926,0.48464336567923977,0.3341456214585559,0.5093730006638334,0.0,0.0,0.0,True
D,55,56,state,EMA,55732771,0.0030375473383838676,9.074794091311622e-06,0.0031411637465387694,0.0031412976830558,1.0341118661248687,0.9993015053594281,0.013314998844577219,0.01620329904474037,0.9999958279521671,346.14160001119785,ema_transition_carryover_counterfactual_map,0.9993,1.0,0.0030354210630296613,0.0001565294383941661,0.05153152229635633,17.248814333322485,0.6615279434290368,-0.01087741930387746,0.6890902437227032,0.0,0.0,0.0,True
D,55,56,state,m,55732739,12.3848447499979,1.871504698493075,11.773113616888654,12.665601183744531,0.9506064754578899,0.8505217935370923,0.4154757811769262,0.5339618844176459,0.9909263927857856,6.290720844232077,radam_beta1_per_parameter_group,0.9,0.9,11.146359983361242,6.29476621527777,0.5082636353014306,3.36347871332959,-0.18000196284638822,0.5266160815025648,0.36425364417950623,0.0,0.0,0.0,True
D,55,56,state,v,55732739,20.77337522599122,0.19121657363420647,21.03154456773311,21.15240661598285,1.0124278957527746,0.9999321022144931,0.6293391034310922,0.634783087306802,0.99997532284401,109.98808402437982,radam_beta2_per_parameter_group,0.999,0.999,20.752602087596728,0.3702406541599982,0.017822845355277686,1.9362372576984945,0.7495516273437788,0.43859693876739897,0.7572143487454298,0.0,0.0,0.0,True
D,55,56,state,net_buffer,32,0.0,0.0,0.0,0.0,0.0,,,,,,not_declared_for_this_readout,,,,,,,,,,0.0,0.0,0.0,True
D,55,56,state,scaler,1,0.0,0.0,0.0,0.0,0.0,,,,,,not_declared_for_this_readout,,,,,,,,,,0.0,0.0,0.0,True
D,55,56,observable,residual,393216,0.21388706613271527,0.1631367371053767,0.21883153514197862,0.21593547975212005,1.023117194969589,0.27771810683799486,-0.39037988677607366,0.3598728068348098,0.7184842174146715,1.3413994850260267,not_declared_for_this_readout,,,,,,,,,,0.0,0.0,0.0,True
D,55,56,observable,feature,49152,0.03894297690167704,0.03459686155737202,0.03849033995945701,0.038806501742767376,0.9883769301108427,0.019697624966361075,-0.4402466704687629,0.45486237491891773,0.5993631429169007,1.1125384854816507,not_declared_for_this_readout,,,,,,,,,,0.0,0.0,0.0,True
B,56,57,state,theta,55732739,0.16147618971288236,0.0012495423482287128,0.1636375739961624,0.16384861766051087,1.0133851578187667,0.9995220162844612,0.1651876636075081,0.17260109532111972,0.9999717136260773,130.9580057275583,identity_parameter_carryover,1.0,1.0,0.16147618971289643,0.005470983111907407,0.0338810515756859,4.378389511698257,0.38076670043299005,0.0902734469032603,0.40917093447544584,0.0,0.0,0.0,True
B,56,57,state,EMA,55732771,0.0032539100285788906,1.2368808403741178e-05,0.0033596143626499703,0.003359694410345976,1.032485327849475,0.9993658105640908,0.00463100803443146,0.008312425506249728,0.9999932232988685,271.6198887545054,ema_transition_carryover_counterfactual_map,0.9993,1.0,0.0032516322997652764,0.0001597378763731862,0.04909105505997963,12.914572783330566,0.662657056363267,-0.028261615489158197,0.6889049500070222,0.0,0.0,0.0,True
B,56,57,state,m,55732739,12.260902658529801,3.247931916179056,12.810659903488952,13.906254084501935,1.0448382358354904,0.8835624608878123,0.22497795795112757,0.4408123125050708,0.9737613674588774,3.9442513679780933,radam_beta1_per_parameter_group,0.9,0.9,11.034812116234349,6.006130825411529,0.48986041180525297,1.849216972650487,0.04731932785858222,-0.04303856471867857,0.5095983161886014,0.0,0.0,0.0,True
B,56,57,state,v,55732739,22.512212787941596,0.18304859410223318,22.640241723961974,22.740160005574065,1.0056870880364526,0.9999429029867303,0.5430185574850899,0.5486821549673977,0.9999771550379197,123.6843245642047,radam_beta2_per_parameter_group,0.999,0.999,22.48970095517833,0.28426565692307826,0.01262717528484547,1.5529518722460935,0.5250302840553729,0.05955223992048078,0.534094991946245,0.0,0.0,0.0,True
B,56,57,state,net_buffer,32,0.0,0.0,0.0,0.0,0.0,,,,,,not_declared_for_this_readout,,,,,,,,,,0.0,0.0,0.0,True
B,56,57,state,scaler,1,0.0,0.0,0.0,0.0,0.0,,,,,,not_declared_for_this_readout,,,,,,,,,,0.0,0.0,0.0,True
B,56,57,observable,residual,393216,0.22107097033292492,0.16530485946190546,0.21184521660192837,0.22403939958177763,0.9582679095446006,0.3087636712054897,-0.314263860914388,0.4406794695961544,0.7136953300982014,1.2815425831492155,not_declared_for_this_readout,,,,,,,,,,0.0,0.0,0.0,True
B,56,57,observable,feature,49152,0.03899862680423241,0.038730642403127194,0.04134604202266522,0.03775385347141639,1.0601922531841057,-0.05551208086361888,-0.5570907766596112,0.4157759353705201,0.5236434575016046,1.0675279173610313,not_declared_for_this_readout,,,,,,,,,,0.0,0.0,0.0,True
C,56,57,state,theta,55732739,0.11141801747620192,0.0012138169188979334,0.11308934786552519,0.11314723943832755,1.015000539654013,0.9993176422486182,0.04233940538410926,0.053045506833354114,0.999942559038617,93.16837333936896,identity_parameter_carryover,1.0,1.0,0.11141801747618257,0.004470908317066988,0.04012733683779593,3.6833465141730612,0.35656356229507113,0.0003298007290232841,0.39082826425689293,0.0,0.0,0.0,True
C,56,57,state,EMA,55732771,0.0022303358267549795,1.1950072995669956e-05,0.0023026271049799434,0.0023026838622600626,1.0324127323597467,0.9989817768104929,0.002154714677992323,0.00734428971943837,0.999986533851676,192.68728365209884,ema_transition_carryover_counterfactual_map,0.9993,1.0,0.002228774597509802,0.00012611625830888444,0.056545860401828775,10.55359731732032,0.5670000055022746,-0.043774538913557384,0.603585124304109,0.0,0.0,0.0,True
C,56,57,state,m,55732739,9.280982447414576,2.914304394548152,10.69740107808617,11.096509785838588,1.1526151610238384,0.6710980845237081,0.0032873507985928395,0.2658016404661935,0.9648963165543484,3.6706533120212197,radam_beta1_per_parameter_group,0.9,0.9,8.352883979865128,8.017123094391085,0.8638226760814997,2.7509559774843284,-0.1464214273822132,-0.05908321055471564,0.6351151879685697,0.0,0.0,0.0,True
C,56,57,state,v,55732739,3.9078714811289506,0.16143826982212148,3.684270439679229,3.6429031443206386,0.9427818845810342,0.9930094535511902,-0.27671275608500445,-0.23553916305508735,0.9990928297869694,22.82154314301492,radam_beta2_per_parameter_group,0.999,0.999,3.903963667539678,0.4993583672821309,0.12778269953183582,3.0931845827655486,-0.4915273430480593,-0.3180120817239646,-0.3852992184007911,0.0,0.0,0.0,True
C,56,57,state,net_buffer,32,0.0,0.0,0.0,0.0,0.0,,,,,,not_declared_for_this_readout,,,,,,,,,,0.0,0.0,0.0,True
C,56,57,state,scaler,1,0.0,0.0,0.0,0.0,0.0,,,,,,not_declared_for_this_readout,,,,,,,,,,0.0,0.0,0.0,True
C,56,57,observable,residual,393216,0.19838106884222295,0.1599754187944358,0.20463878443646266,0.2086822778643267,1.0315439151062171,0.07690662365628918,-0.3653472457955946,0.40832984664378286,0.7005492142459966,1.279188927765322,not_declared_for_this_readout,,,,,,,,,,0.0,0.0,0.0,True
C,56,57,observable,feature,49152,0.03934732185595312,0.0354443937551491,0.038725453417808864,0.03919125745914097,0.9841954062230498,-0.017934243055031496,-0.4444160479915832,0.4652614376952428,0.586186754677085,1.0925692137753975,not_declared_for_this_readout,,,,,,,,,,0.0,0.0,0.0,True
D,56,57,state,theta,55732739,0.1588447122262417,0.0005977626738363904,0.16185052370616104,0.1620761144179714,1.0189229558717585,0.9993535569955468,0.3758081250727072,0.37897320496889875,0.9999941592743578,270.76050544845504,identity_parameter_carryover,1.0,1.0,0.15884471222628668,0.006501833446462056,0.04093201061173209,10.876947877547853,0.44621019054804084,0.3296700428240814,0.478095226290236,0.0,0.0,0.0,True
D,56,57,state,EMA,55732771,0.0031412976830558,8.71746597291396e-06,0.0032466448578568753,0.00324676638787699,1.0335361960024734,0.9993342444465061,0.012598706497338776,0.015283203566300715,0.9999963960373113,372.4298859260852,ema_transition_carryover_counterfactual_map,0.9993,1.0,0.003139098782686205,0.00015854433307234712,0.05047096743729105,18.186974697114994,0.6647011677058222,-0.011107698815552352,0.6915160289409571,0.0,0.0,0.0,True
D,56,57,state,m,55732739,12.665601183744531,1.6723450376604654,16.415557717369147,17.111428776142237,1.2960741049100328,0.8077713981487341,0.37398669063423,0.456510396968479,0.9958836708809442,9.815891665713773,radam_beta1_per_parameter_group,0.9,0.9,11.399040767393553,9.854222132748253,0.7780303508526307,5.89245754365012,0.18885075009344876,0.5491496583789114,0.731436588407507,0.0,0.0,0.0,True
D,56,57,state,v,55732739,21.15240661598285,0.13933210435156504,21.36448316404975,21.433855841584165,1.0100261191039441,0.9998744383287256,0.4954419441448318,0.5003389617836155,0.9999840575174526,153.33496370759275,radam_beta2_per_parameter_group,0.999,0.999,21.13125451486311,0.409594138855278,0.01936394975244977,2.9396967824571383,0.5628647168120451,0.6702709724546821,0.5758918479523648,0.0,0.0,0.0,True
D,56,57,state,net_buffer,32,0.0,0.0,0.0,0.0,0.0,,,,,,not_declared_for_this_readout,,,,,,,,,,0.0,0.0,0.0,True
D,56,57,state,scaler,1,0.0,0.0,0.0,0.0,0.0,,,,,,not_declared_for_this_readout,,,,,,,,,,0.0,0.0,0.0,True
D,56,57,observable,residual,393216,0.21593547975212005,0.15950271190380674,0.21654572571509084,0.22157549449707417,1.002826056948452,0.09376563181931302,-0.3363884663832928,0.39110474524877786,0.7351483224420561,1.357630369605789,not_declared_for_this_readout,,,,,,,,,,0.0,0.0,0.0,True
D,56,57,observable,feature,49152,0.038806501742767376,0.03700410604630326,0.04004379486554038,0.03821057806846142,1.0318836552435084,0.07569082900895098,-0.5104523486912486,0.43348354680739776,0.5536415069429667,1.0821446359340112,not_declared_for_this_readout,,,,,,,,,,0.0,0.0,0.0,True
B,57,58,state,theta,55732739,0.16384861766051087,0.001146167308086167,0.16611361497500757,0.16632256365233183,1.013823719399267,0.9995709531478083,0.17896677978779676,0.18563317797104148,0.9999770157156418,144.9296396809456,identity_parameter_carryover,1.0,1.0,0.16384861766053024,0.005337168386144932,0.03257377732171885,4.656535174656798,0.41102821424200453,0.0006865169072563391,0.4375533764652122,0.0,0.0,0.0,True
B,57,58,state,EMA,55732771,0.003359694410345976,1.2213071788473457e-05,0.0034667309370745012,0.0034668569729423286,1.0318590066998097,0.9993967734236541,0.008558471166731153,0.012080968116978383,0.999993795346841,283.8541357258178,ema_transition_carryover_counterfactual_map,0.9993,1.0,0.0033573426327969708,0.00016126907221093002,0.04800111334956884,13.204628205259034,0.6653295549621,-0.025577785026916586,0.6908549857086059,0.0,0.0,0.0,True
B,57,58,state,m,55732739,13.906254084501935,5.624701609228218,13.477864736577159,11.93106006549751,0.9691944829051986,0.9719274370239546,-0.46788601750367753,-0.05711167684023442,0.9090680493977191,2.396191953447731,radam_beta1_per_parameter_group,0.9,0.9,12.515628346122982,3.224388356925895,0.23186606093436551,0.5732550063874985,0.18108184226625404,-0.46789385791930566,0.4073895605932356,0.0,0.0,0.0,True
B,57,58,state,v,55732739,22.740160005574065,1.4496727218780459,22.192868731061367,23.599100916297633,0.9759328309748679,0.9999540912393335,0.9681061635945509,0.9718474364599425,0.9998815595559696,15.308882064298336,radam_beta2_per_parameter_group,0.999,0.999,22.71742010226951,0.5669614648358668,0.02493216691073824,0.3910961807306206,-0.9269946035210062,-0.9611930790451381,-0.9233580673993889,0.0,0.0,0.0,True
B,57,58,state,net_buffer,32,0.0,0.0,0.0,0.0,0.0,,,,,,not_declared_for_this_readout,,,,,,,,,,0.0,0.0,0.0,True
B,57,58,state,scaler,1,0.0,0.0,0.0,0.0,0.0,,,,,,not_declared_for_this_readout,,,,,,,,,,0.0,0.0,0.0,True
B,57,58,observable,residual,393216,0.22403939958177763,0.16388364494854643,0.2056395194743224,0.21328085400067284,0.9178721236452029,0.14173471105886054,-0.35098024777217707,0.42998812941459824,0.6944814519732126,1.2547897597645319,not_declared_for_this_readout,,,,,,,,,,0.0,0.0,0.0,True
B,57,58,observable,feature,49152,0.03775385347141639,0.035547615476450765,0.03837159387181616,0.03912303975878268,1.0163623138726081,-0.0036661505139586295,-0.4418561028591147,0.47524151145703075,0.5793175369602847,1.0794421329677149,not_declared_for_this_readout,,,,,,,,,,0.0,0.0,0.0,True
C,57,58,state,theta,55732739,0.11314723943832755,0.0011197703916635718,0.115020517919237,0.11497298480152714,1.0165561129923149,0.9992420064099684,-0.04730791328349189,-0.03758804995227554,0.9999526768580828,102.71794894340644,identity_parameter_carryover,1.0,1.0,0.11314723943831488,0.004820644626225117,0.042605057358493265,4.305029550802278,0.37050929991821857,-0.3655296919508866,0.4063861817334691,0.0,0.0,0.0,True
C,57,58,state,EMA,55732771,0.0023026838622600626,1.1877586752642606e-05,0.00237607671424634,0.0023761117542950047,1.0318727434491346,0.9990310290950644,0.00045070860456087204,0.005449451167204041,0.9999875061776623,200.04709405449677,ema_transition_carryover_counterfactual_map,0.9993,1.0,0.002301071989515615,0.00012736346120538648,0.05531087584049876,10.723008289293261,0.5708260033031424,-0.047917317677266036,0.6064093720912965,0.0,0.0,0.0,True
C,57,58,state,m,55732739,11.096509785838588,2.886406858241978,10.983661955068452,10.179751692084604,0.9898303310727349,0.9101876502414845,-0.39971889732481836,-0.14774136270887364,0.9656336309366506,3.8053062144393133,radam_beta1_per_parameter_group,0.9,0.9,9.986858554966519,4.5494021186218765,0.4099849598139266,1.576147210720244,0.0022717075111307874,-0.2587656088471521,0.4162627500994392,0.0,0.0,0.0,True
C,57,58,state,v,55732739,3.6429031443206386,0.4766851088433535,3.117725378811659,2.7333409806158278,0.8558353750558143,0.9925018387194193,-0.8331085541786808,-0.7758704782404444,0.9953368263522359,6.540429564449,radam_beta2_per_parameter_group,0.999,0.999,3.6392603055538864,0.6649437365220948,0.1825312697535634,1.3949328900488187,-0.8194860775908808,0.8787060844410389,-0.7432917074427509,0.0,0.0,0.0,True
C,57,58,state,net_buffer,32,0.0,0.0,0.0,0.0,0.0,,,,,,not_declared_for_this_readout,,,,,,,,,,0.0,0.0,0.0,True
C,57,58,state,scaler,1,0.0,0.0,0.0,0.0,0.0,,,,,,not_declared_for_this_readout,,,,,,,,,,0.0,0.0,0.0,True
C,57,58,observable,residual,393216,0.2086822778643267,0.17054326608935108,0.20095811487201276,0.1952860350596561,0.9629860136118711,0.17864235035121975,-0.4571149241725173,0.4029080349946327,0.6298465872783553,1.1783409540587004,not_declared_for_this_readout,,,,,,,,,,0.0,0.0,0.0,True
C,57,58,observable,feature,49152,0.03919125745914097,0.03567606251361571,0.039169852152408466,0.03816932987218115,0.9994538244465665,-0.03472772538829096,-0.4830885214558128,0.4389271859833294,0.5746801406992383,1.0979309204164378,not_declared_for_this_readout,,,,,,,,,,0.0,0.0,0.0,True
D,57,58,state,theta,55732739,0.1620761144179714,0.000580551531636416,0.16534647254424803,0.16555439779659317,1.0201779154073427,0.9994194513924373,0.35662087156916666,0.3596796912300375,0.9999946334307395,284.8092951855308,identity_parameter_carryover,1.0,1.0,0.16207611441799802,0.006466154517080674,0.03989578933515999,11.137951008163483,0.49092029172265106,0.19199261231790576,0.5203171653114439,0.0,0.0,0.0,True
D,57,58,state,EMA,55732771,0.00324676638787699,8.59844540071519e-06,0.0033540190979678176,0.0033541387069154502,1.0330337010051895,0.9993641636432287,0.0126289675407107,0.015192050231797111,0.9999967146678397,390.0727331115973,ema_transition_carryover_counterfactual_map,0.9993,1.0,0.0032444936596218903,0.00016073046772510817,0.0495047836903989,18.692968348876082,0.668154784728203,-0.01098246678654919,0.6942579521588048,0.0,0.0,0.0,True
D,57,58,state,m,55732739,17.111428776142237,3.7552773814452087,16.575954881244094,16.99871686229966,0.9687066520333631,0.9577757659642288,0.000738879562024577,0.22163584735526407,0.9752930008334838,4.4140427450567925,radam_beta1_per_parameter_group,0.9,0.9,15.400285501739923,4.789544199604234,0.2799032308910463,1.275416890179492,0.0993335401876957,0.30406724657308315,0.381233487209308,0.0,0.0,0.0,True
D,57,58,state,v,55732739,21.433855841584165,1.061729811017757,21.667998668437782,22.69177351714902,1.0109239713369422,0.999948081114663,0.9625314187887224,0.9658945033581083,0.9999195061884145,20.408204086939207,radam_beta2_per_parameter_group,0.999,0.999,21.412422281442097,0.33689212093940796,0.01571775621844942,0.31730494655365155,0.7552904708718623,0.7931211035305704,0.7619296501362769,0.0,0.0,0.0,True
D,57,58,state,net_buffer,32,0.0,0.0,0.0,0.0,0.0,,,,,,not_declared_for_this_readout,,,,,,,,,,0.0,0.0,0.0,True
D,57,58,state,scaler,1,0.0,0.0,0.0,0.0,0.0,,,,,,not_declared_for_this_readout,,,,,,,,,,0.0,0.0,0.0,True
D,57,58,observable,residual,393216,0.22157549449707417,0.1622296502042667,0.2070689848440578,0.2098086114609032,0.9345301713714198,0.14487358757331928,-0.3747294609799475,0.40339050212797994,0.6971913805134993,1.2763942015737135,not_declared_for_this_readout,,,,,,,,,,0.0,0.0,0.0,True
D,57,58,observable,feature,49152,0.03821057806846142,0.03520412985961655,0.03878484446485836,0.039869910013011524,1.0150289900186287,-0.07358887476426887,-0.422585482171015,0.4718901460867743,0.5996524764143908,1.1017129132155976,not_declared_for_this_readout,,,,,,,,,,0.0,0.0,0.0,True
B,58,59,state,theta,55732739,0.16632256365233183,0.0009569741680467139,0.16870156600752814,0.16893472083372887,1.0143035454898903,0.9995861122619707,0.2409696009321956,0.24630178450095008,0.9999848868082808,176.28643660451775,identity_parameter_carryover,1.0,1.0,0.16632256365222298,0.005374579279579935,0.03231419214301284,5.616221899228505,0.42964829908116414,0.10136244101618606,0.45544797045983104,0.0,0.0,0.0,True
B,58,59,state,EMA,55732771,0.0034668569729423286,1.1083627223557755e-05,0.003575339089123709,0.003575463108060749,1.0312912003662245,0.9994251098023262,0.009639565257459038,0.012739144640598549,0.9999951957023161,322.578431862494,ema_transition_carryover_counterfactual_map,0.9993,1.0,0.0034644301818522166,0.00016291886052041506,0.04699324540699049,14.699056295770962,0.6681453548599825,-0.020705171232014246,0.6929865201691784,0.0,0.0,0.0,True
B,58,59,state,m,55732739,11.93106006549751,3.8207669549465506,11.689121385023482,13.287005908487952,0.9797219459841903,0.9465864204914106,0.2833621672449504,0.5368419170521639,0.9612234899177857,3.0593651805667386,radam_beta1_per_parameter_group,0.9,0.9,10.737953781783501,3.7833015333510134,0.3170968474370223,0.9901942667434787,0.0863821680282538,0.17936298255536584,0.40301311875326623,0.0,0.0,0.0,True
B,58,59,state,v,55732739,23.599100916297633,0.7122830705388149,23.721642536349748,24.409409279245505,1.0051926393504036,0.9999633695964698,0.9645649254831111,0.9665677348452114,0.999970360772343,33.303673100646954,radam_beta2_per_parameter_group,0.999,0.999,23.575502177499956,0.24965588415113638,0.010579042186252233,0.3505009377273017,0.5818866477160363,0.5866006254247093,0.5888262518222821,0.0,0.0,0.0,True
B,58,59,state,net_buffer,32,0.0,0.0,0.0,0.0,0.0,,,,,,not_declared_for_this_readout,,,,,,,,,,0.0,0.0,0.0,True
B,58,59,state,scaler,1,0.0,0.0,0.0,0.0,0.0,,,,,,not_declared_for_this_readout,,,,,,,,,,0.0,0.0,0.0,True
B,58,59,observable,residual,393216,0.21328085400067284,0.16227855461267038,0.20670247962931088,0.21161864796874655,0.9691562826762631,0.2311590344889285,-0.36188649552326857,0.4133648876566318,0.6992581401607123,1.2737510518421389,not_declared_for_this_readout,,,,,,,,,,0.0,0.0,0.0,True
B,58,59,observable,feature,49152,0.03912303975878268,0.03601305629062521,0.03944340344142969,0.039621454215231076,1.008188619407445,0.0258368509414183,-0.4515603579402435,0.45939704321187363,0.5850702684052818,1.0952528750440282,not_declared_for_this_readout,,,,,,,,,,0.0,0.0,0.0,True
C,58,59,state,theta,55732739,0.11497298480152714,0.0008304000487325341,0.11674396345667737,0.1168472990527793,1.015403432886494,0.9994619539209437,0.12093931262244391,0.12793906973622274,0.9999751163695674,140.5876163360869,identity_parameter_carryover,1.0,1.0,0.11497298480149712,0.00419286380216463,0.036468252167259886,5.0492094847108095,0.4073981660236567,-0.025462776067327227,0.4371330683107752,0.0,0.0,0.0,True
C,58,59,state,EMA,55732771,0.0023761117542950047,1.0281411641101944e-05,0.0024505798404932232,0.0024506454357821773,1.031340313040248,0.9990794018086822,0.004282323176995441,0.00847759785474347,0.9999911994769721,238.35052286950105,ema_transition_carryover_counterfactual_map,0.9993,1.0,0.002374448482159993,0.00012848926908871523,0.05407543178744055,12.497240026365093,0.5749535310484752,-0.03340088662399752,0.6095238292328756,0.0,0.0,0.0,True
C,58,59,state,m,55732739,10.179751692084604,1.799846142646039,9.491358900665643,9.761324085725732,0.9323762688677142,0.9607326105182096,0.05731164393171461,0.24011204871442815,0.9829108180062566,5.273427920184304,radam_beta1_per_parameter_group,0.9,0.9,9.161776291430733,2.6339758928004713,0.2587465757979689,1.4634450303225022,-0.016370034952419756,-0.13026118545040108,0.26171144913996713,0.0,0.0,0.0,True
C,58,59,state,v,55732739,2.7333409806158278,0.1876909562724746,2.6496552472777464,2.543611927900265,0.969383353949778,0.9985937154963344,-0.5891010939553333,-0.5398716028340542,0.9982207866543966,14.117117307619184,radam_beta2_per_parameter_group,0.999,0.999,2.730607666011155,0.16402044471694405,0.06000731188685792,0.8738857107149712,-0.5162684931981695,0.27018591362891814,-0.4701389974007838,0.0,0.0,0.0,True
C,58,59,state,net_buffer,32,0.0,0.0,0.0,0.0,0.0,,,,,,not_declared_for_this_readout,,,,,,,,,,0.0,0.0,0.0,True
C,58,59,state,scaler,1,0.0,0.0,0.0,0.0,0.0,,,,,,not_declared_for_this_readout,,,,,,,,,,0.0,0.0,0.0,True
C,58,59,observable,residual,393216,0.1952860350596561,0.169247265105979,0.21003761042764962,0.19803409643372377,1.0755383013613196,0.08666146150899136,-0.47179386293126196,0.3542461161224565,0.6574008808443674,1.2410103660825986,not_declared_for_this_readout,,,,,,,,,,0.0,0.0,0.0,True
C,58,59,observable,feature,49152,0.03816932987218115,0.03476628262521762,0.037745957342259384,0.038543414711628324,0.9889080439363351,0.0015906657181366348,-0.4373499155323764,0.47370196715817836,0.5848191381430784,1.0857058762699139,not_declared_for_this_readout,,,,,,,,,,0.0,0.0,0.0,True
D,58,59,state,theta,55732739,0.16555439779659317,0.0006281543088670897,0.1688196005556496,0.16904361449673883,1.0197228391544644,0.9995167735403585,0.3549986480469904,0.35824413983483466,0.9999939659910867,268.75498292788103,identity_parameter_carryover,1.0,1.0,0.165554397796369,0.006137815148759564,0.037074310501257306,9.77119007561923,0.5186902153658891,0.2152202207259617,0.5450152772168965,0.0,0.0,0.0,True
D,58,59,state,EMA,55732771,0.0033541387069154502,8.919119963171347e-06,0.0034633176260051696,0.0034634402862789614,1.0325505080826318,0.9993920026530273,0.012465096615392825,0.01503987494384743,0.9999966846312404,388.30261733285704,ema_transition_carryover_counterfactual_map,0.9993,1.0,0.0033517908183111314,0.0001629536122731217,0.04858284838881274,18.27014469431811,0.671486309749931,-0.011883705414768393,0.6969142078748825,0.0,0.0,0.0,True
D,58,59,state,m,55732739,16.99871686229966,3.005537904977501,15.379984003592849,15.720103814085036,0.9047732324845711,0.9791484627430165,0.01670625963584439,0.2075355194546178,0.9815581043652843,5.117215117507554,radam_beta1_per_parameter_group,0.9,0.9,15.298844800371798,3.1335522496664217,0.18434051670194718,1.0425928232270554,-0.07644905434947284,0.7220779330356678,0.1276964938254587,0.0,0.0,0.0,True
D,58,59,state,v,55732739,22.69177351714902,0.5734091144458522,23.09884130533819,23.65363365884358,1.0179390027792026,0.9999777179083943,0.9667403193518914,0.9683074771923617,0.999980779143988,40.28335218853492,radam_beta2_per_parameter_group,0.999,0.999,22.66908212280144,0.45610092226811316,0.02009983582479442,0.7954197287374709,0.9411173516252574,0.9608284417994507,0.9433532701458365,0.0,0.0,0.0,True
D,58,59,state,net_buffer,32,0.0,0.0,0.0,0.0,0.0,,,,,,not_declared_for_this_readout,,,,,,,,,,0.0,0.0,0.0,True
D,58,59,state,scaler,1,0.0,0.0,0.0,0.0,0.0,,,,,,not_declared_for_this_readout,,,,,,,,,,0.0,0.0,0.0,True
D,58,59,observable,residual,393216,0.2098086114609032,0.15712755047361773,0.2272505863610017,0.22091739696122584,1.0831327883953359,0.30156925868040846,-0.3854586914993206,0.3147413366664668,0.7545100958536238,1.4462809715802059,not_declared_for_this_readout,,,,,,,,,,0.0,0.0,0.0,True
D,58,59,observable,feature,49152,0.039869910013011524,0.03667874091232146,0.03851188352805807,0.040962603056054925,0.965938561574123,0.030448943900947992,-0.40725857057034365,0.5125271518507575,0.5755042447260055,1.0499783408628622,not_declared_for_this_readout,,,,,,,,,,0.0,0.0,0.0,True
B,59,60,state,theta,55732739,0.16893472083372887,0.001447271239469386,0.17134789180661908,0.17161778829727292,1.0142846358698834,0.9995888655133965,0.18241013593680383,0.19055637414317636,0.9999656239182229,118.39376554559357,identity_parameter_carryover,1.0,1.0,0.16893472083387287,0.005442912088337389,0.03221902555895826,3.760809957318662,0.43041737716793677,0.10819354400326775,0.45612088201530265,0.0,0.0,0.0,True
B,59,60,state,EMA,55732771,0.003575463108060749,1.3420788451749477e-05,0.003685352470028493,0.0036854455793372174,1.0307343017244404,0.9994507316936462,0.005116952195583381,0.008758387600601965,0.9999933696549679,274.6002951524123,ema_transition_carryover_counterfactual_map,0.9993,1.0,0.0035729602928784576,0.0001646120044016399,0.046039351945913874,12.265449604056741,0.6704731543831992,-0.029026337475016675,0.6946922942401925,0.0,0.0,0.0,True
B,59,60,state,m,55732739,13.287005908487952,3.2030335140519184,13.636122013271752,14.804307923579083,1.0262750018467877,0.968832736822121,0.2628878938239071,0.458502008002393,0.9779694412170812,4.25725236824691,radam_beta1_per_parameter_group,0.9,0.9,11.95830501048201,3.6027272381583284,0.2711466573411282,1.1247859950115813,0.3477411184524918,0.21777457954479112,0.5691590024369588,0.0,0.0,0.0,True
B,59,60,state,v,55732739,24.409409279245505,0.2755344187713467,24.239284296272867,24.210936323395863,0.9930303523110128,0.9999869807909691,-0.10850707190467733,-0.0972535433504452,0.9999360016443753,87.97189260187464,radam_beta2_per_parameter_group,0.999,0.999,24.385000322573703,0.19137352226408788,0.007840153773274895,0.6945539621418402,-0.7630710919785532,0.050815246543462096,-0.7597631636869208,0.0,0.0,0.0,True
B,59,60,state,net_buffer,32,0.0,0.0,0.0,0.0,0.0,,,,,,not_declared_for_this_readout,,,,,,,,,,0.0,0.0,0.0,True
B,59,60,state,scaler,1,0.0,0.0,0.0,0.0,0.0,,,,,,not_declared_for_this_readout,,,,,,,,,,0.0,0.0,0.0,True
B,59,60,observable,residual,393216,0.21161864796874655,0.15215736330192722,0.21217943351406934,0.21511529627473866,1.0026499817039074,0.25053100384612,-0.3391298279924586,0.37282792018812716,0.7464756614267682,1.3944736482653146,not_declared_for_this_readout,,,,,,,,,,0.0,0.0,0.0,True
B,59,60,observable,feature,49152,0.039621454215231076,0.03410247713937675,0.039374846345121985,0.03991419409334409,0.9937759005823089,0.056799748658978515,-0.41712519946772725,0.4429060113881788,0.6300977468616791,1.1546037017838051,not_declared_for_this_readout,,,,,,,,,,0.0,0.0,0.0,True
C,59,60,state,theta,55732739,0.1168472990527793,0.001267815050323865,0.11804021422003967,0.11830474183082147,1.0102091805025082,0.9993898615296213,0.20351194551808624,0.21377341520073356,0.9999449548409258,93.10523186318552,identity_parameter_carryover,1.0,1.0,0.11684729905273666,0.004272462546329356,0.03656449555072307,3.3699414952030664,0.2623532165351422,-0.2422651026110818,0.295896847756526,0.0,0.0,0.0,True
C,59,60,state,EMA,55732771,0.0024506454357821773,1.2501310125137328e-05,0.002525848451902684,0.0025260354174088933,1.0306870243334503,0.9991255144100147,0.012481551094830753,0.01742961176709148,0.9999877556090793,202.04669963540618,ema_transition_carryover_counterfactual_map,0.9993,1.0,0.0024489299902819826,0.00012936356279139214,0.052787547681332744,10.348000449270598,0.5775168983827503,-0.03623059522828828,0.611145935537561,0.0,0.0,0.0,True
C,59,60,state,m,55732739,9.761324085725732,3.1165973089160435,9.372963416758731,8.879891419456861,0.9602143453535251,0.8420148605899376,-0.32030174049411814,0.012885384239025213,0.9431097159525716,3.007434868131443,radam_beta1_per_parameter_group,0.9,0.9,8.785191446940903,5.134540330069729,0.5260085911478051,1.6474827580004325,-0.1739234488108666,-0.6353082039676966,0.38478647314371833,0.0,0.0,0.0,True
C,59,60,state,v,55732739,2.543611927900265,0.2097010108346581,2.4769569990678577,2.540231387600648,0.9737951658028942,0.9866356180582265,0.2632597992724099,0.339254218108707,0.9968236978124818,11.81185054477802,radam_beta2_per_parameter_group,0.999,0.999,2.541068340293611,0.4151436253905873,0.16321028409914937,1.9796930102445405,-0.23417038024654893,-0.7833988768456008,-0.07262916230864104,0.0,0.0,0.0,True
C,59,60,state,net_buffer,32,0.0,0.0,0.0,0.0,0.0,,,,,,not_declared_for_this_readout,,,,,,,,,,0.0,0.0,0.0,True
C,59,60,state,scaler,1,0.0,0.0,0.0,0.0,0.0,,,,,,not_declared_for_this_readout,,,,,,,,,,0.0,0.0,0.0,True
C,59,60,observable,residual,393216,0.19803409643372377,0.16610916270960444,0.1908223691989307,0.20284971775763108,0.9635834062685936,0.07539328112919146,-0.3605573789913007,0.4796987173262513,0.6454555930038542,1.1487769012027977,not_declared_for_this_readout,,,,,,,,,,0.0,0.0,0.0,True
C,59,60,observable,feature,49152,0.038543414711628324,0.03462155328779376,0.038411536889697805,0.03925251309334466,0.9965784603435582,-0.035957992700518665,-0.4261096310337528,0.46504098814962874,0.6027374485847126,1.1094689071399997,not_declared_for_this_readout,,,,,,,,,,0.0,0.0,0.0,True
D,59,60,state,theta,55732739,0.16904361449673883,0.0006704209671216719,0.17233176269044137,0.17259408014430494,1.0194514782678525,0.9995645471121731,0.3896253922819487,0.39291759920922387,0.999993601046143,257.0500791917589,identity_parameter_carryover,1.0,1.0,0.16904361449650318,0.006015212660885435,0.03558379107541788,8.97229197158113,0.5341632975179598,0.295446440978265,0.5588761218537203,0.0,0.0,0.0,True
D,59,60,state,EMA,55732771,0.0034634402862789614,9.106874974886616e-06,0.003574496149646153,0.003574631664524448,1.0320651878443405,0.9994179618652458,0.01360691649939404,0.01615404075994761,0.9999967553605426,392.50524021723015,ema_transition_carryover_counterfactual_map,0.9993,1.0,0.003461015886827012,0.0001651635831220481,0.04768772361295594,18.136142593096753,0.6744814301176577,-0.009853176377545885,0.6992746455737509,0.0,0.0,0.0,True
D,59,60,state,m,55732739,15.720103814085036,1.594018907648358,15.152238881803825,15.40957075085898,0.9638765151301094,0.9649692970978937,0.11020662392764663,0.21180966378153263,0.9947006682998067,9.50568328211225,radam_beta1_per_parameter_group,0.9,0.9,14.148093077493638,4.003466341124562,0.25467174952989186,2.5115551151340108,0.11823559520847762,-0.024379221513519116,0.37461622580008097,0.0,0.0,0.0,True
D,59,60,state,v,55732739,23.65363365884358,0.17101739203396957,23.50485701007979,23.550760468071726,0.99371019899481,0.9999725371298854,0.26503815650854134,0.27178321361044594,0.9999754859858077,137.441325297552,radam_beta2_per_parameter_group,0.999,0.999,23.629980293064545,0.21485498222718544,0.00908338166245573,1.2563341053903354,-0.5853659641315383,0.01841920142913577,-0.5793411648394631,0.0,0.0,0.0,True
D,59,60,state,net_buffer,32,0.0,0.0,0.0,0.0,0.0,,,,,,not_declared_for_this_readout,,,,,,,,,,0.0,0.0,0.0,True
D,59,60,state,scaler,1,0.0,0.0,0.0,0.0,0.0,,,,,,not_declared_for_this_readout,,,,,,,,,,0.0,0.0,0.0,True
D,59,60,observable,residual,393216,0.22091739696122584,0.1679362074080225,0.2186413743770065,0.23819975208486435,0.9896974044800156,0.31095041673971924,-0.26237270176889055,0.46419309141375753,0.7329121730250365,1.3019311186764466,not_declared_for_this_readout,,,,,,,,,,0.0,0.0,0.0,True
D,59,60,observable,feature,49152,0.040962603056054925,0.035877690100816234,0.03840542378970391,0.03986892564998926,0.9375728328873126,0.04635634928434739,-0.42552281884605225,0.4899882701215818,0.580367983011494,1.0704541926134248,not_declared_for_this_readout,,,,,,,,,,0.0,0.0,0.0,True
B,60,61,state,theta,55732739,0.17161778829727292,0.0011072554459171547,0.17408071261297015,0.1743201373277092,1.0143512181349814,0.9995389382091472,0.2132009978915329,0.21926002167390465,0.9999807437694789,157.21820403310522,identity_parameter_carryover,1.0,1.0,0.17161778829741056,0.005797823562061702,0.03378334856535284,5.236211376011148,0.41095806468487883,-0.10220738928309939,0.4384491340865145,0.0,0.0,0.0,True
B,60,61,state,EMA,55732771,0.0036854455793372174,1.1812950257041616e-05,0.003796719905212024,0.003796887688870345,1.0301929097796685,0.9994738597886628,0.012648001633796957,0.0157586620211657,0.9999951609197646,321.4031907862158,ema_transition_carryover_counterfactual_map,0.9993,1.0,0.0036828657766103832,0.00016636285520353608,0.045140499736657194,14.083091148578092,0.6723647622630331,-0.022266695205629412,0.6960197469306401,0.0,0.0,0.0,True
B,60,61,state,m,55732739,14.804307923579083,3.0991210294580127,16.468415850790663,15.868318022663978,1.1124070058392346,0.9349949007776898,-0.28419975693554245,-0.09964501279793941,0.9823124533578012,5.313898906900945,radam_beta1_per_parameter_group,0.9,0.9,13.32387676774092,6.198013599343947,0.4186628399880998,1.9999262824620574,0.33462464116799756,-0.5398163338363349,0.6470878054357224,0.0,0.0,0.0,True
B,60,61,state,v,55732739,24.210936323395863,0.1795911935612941,24.25449827466904,24.274946168158166,1.0017992675166008,0.9999275406462675,0.11020376636409737,0.11750914852462291,0.999972965231383,135.05393997167812,radam_beta2_per_parameter_group,0.999,0.999,24.186725789901022,0.29934553653191687,0.012364062774501163,1.6668163432509895,0.2205311636270167,-0.6586685941479571,0.23225680819754574,0.0,0.0,0.0,True
B,60,61,state,net_buffer,32,0.0,0.0,0.0,0.0,0.0,,,,,,not_declared_for_this_readout,,,,,,,,,,0.0,0.0,0.0,True
B,60,61,state,scaler,1,0.0,0.0,0.0,0.0,0.0,,,,,,not_declared_for_this_readout,,,,,,,,,,0.0,0.0,0.0,True
B,60,61,observable,residual,393216,0.21511529627473866,0.16868684051938806,0.21678197511229735,0.20484528583001255,1.007747839723262,0.2742602078141565,-0.4578844857860676,0.33891791571428936,0.6812111263229085,1.2851149173511343,not_declared_for_this_readout,,,,,,,,,,0.0,0.0,0.0,True
B,60,61,observable,feature,49152,0.03991419409334409,0.03591359391959971,0.038369919163073536,0.03804847840563274,0.9613101312615987,-0.011531183626286688,-0.4769044261929387,0.46295700580386334,0.5583026747050114,1.0683954173167085,not_declared_for_this_readout,,,,,,,,,,0.0,0.0,0.0,True
C,60,61,state,theta,55732739,0.11830474183082147,0.0010938918345968342,0.11966927189268149,0.11978462098832536,1.0115340267916846,0.9995080905846405,0.10092869763075217,0.10996366215016322,0.9999587257747419,109.39771932458652,identity_parameter_carryover,1.0,1.0,0.11830474183080562,0.003973701125578539,0.03358868853508023,3.632627102517033,0.3285762011385884,-0.24457721063894003,0.35803530092037916,0.0,0.0,0.0,True
C,60,61,state,EMA,55732771,0.0025260354174088933,1.1514708177584054e-05,0.002602189776020543,0.002602283534315945,1.0301477794360325,0.9991674534729637,0.0059301243970956334,0.010354758387740222,0.9999902106579946,225.9883390780398,ema_transition_carryover_counterfactual_map,0.9993,1.0,0.0025242671990709166,0.00013041968928753563,0.05163019029294331,11.326356454384717,0.5808642337883068,-0.03713859601065085,0.6135894608811199,0.0,0.0,0.0,True
C,60,61,state,m,55732739,8.879891419456861,3.1807047915661233,8.919594614106165,7.86681247977109,1.004471135149503,0.8329121224545329,-0.4897555052860715,-0.15097802047099565,0.9358081116941888,2.8042824463801663,radam_beta1_per_parameter_group,0.9,0.9,7.991902076257967,4.968115741158156,0.5594793344288472,1.561954367576484,-0.11325492885107685,-0.6102276766445667,0.4555132394203043,0.0,0.0,0.0,True
C,60,61,state,v,55732739,2.540231387600648,0.19687066534015707,2.4964469553949877,2.5057313841755056,0.9827636047568815,0.9940701993676184,0.007817565179400639,0.08635674338335925,0.9969089346243477,12.680644681530266,radam_beta2_per_parameter_group,0.999,0.999,2.5376911847031547,0.2771897706512769,0.1091198904179725,1.4079790413281883,-0.20219960466537454,-0.7621455022413235,-0.09450646845943585,0.0,0.0,0.0,True
C,60,61,state,net_buffer,32,0.0,0.0,0.0,0.0,0.0,,,,,,not_declared_for_this_readout,,,,,,,,,,0.0,0.0,0.0,True
C,60,61,state,scaler,1,0.0,0.0,0.0,0.0,0.0,,,,,,not_declared_for_this_readout,,,,,,,,,,0.0,0.0,0.0,True
C,60,61,observable,residual,393216,0.20284971775763108,0.18386028110434627,0.21430025268186964,0.19070338888468594,1.0564483650794125,0.009149014496150786,-0.5502535901619037,0.34577674827486843,0.5932273861396022,1.1655603450331276,not_declared_for_this_readout,,,,,,,,,,0.0,0.0,0.0,True
C,60,61,observable,feature,49152,0.03925251309334466,0.03714421586746012,0.03992089052057338,0.038750844411749905,1.0170276340177067,-0.04799186502102983,-0.496261255819093,0.4472941136489969,0.5545080535395176,1.0747538907005367,not_declared_for_this_readout,,,,,,,,,,0.0,0.0,0.0,True
D,60,61,state,theta,55732739,0.17259408014430494,0.0005578935889434327,0.17557650383385287,0.17577097712229456,1.017279988323205,0.9996750549969373,0.347189216680267,0.34997906610986285,0.9999955700860396,314.7132487511975,identity_parameter_carryover,1.0,1.0,0.172594080144238,0.005346846756034959,0.030979317202330988,9.58399032001979,0.5471207826812848,0.19248182703318092,0.5682802242439028,0.0,0.0,0.0,True
D,60,61,state,EMA,55732771,0.003574631664524448,8.408297131644157e-06,0.003687561529285302,0.0036876762621833883,1.0315920283148607,0.9994450190998275,0.012505323458154177,0.014785041568405195,0.9999974009587501,438.56222865951895,ema_transition_carryover_counterfactual_map,0.9993,1.0,0.0035721294313949704,0.00016716902306867078,0.04676538417306001,19.88143621132744,0.6782690332932643,-0.010431539609733363,0.7023703275916732,0.0,0.0,0.0,True
D,60,61,state,m,55732739,15.40957075085898,1.3878449480364043,11.887909933000417,12.402177905881562,0.7714627568284305,0.9027890691452568,0.32019432460872777,0.4188204910025955,0.994364869008221,8.565733477518547,radam_beta1_per_parameter_group,0.9,0.9,13.868613339160959,5.998107216223827,0.38924557427334394,4.321885686661369,-0.5228879850932993,-0.042796796020425076,-0.10545369877257106,0.0,0.0,0.0,True
D,60,61,state,v,55732739,23.550760468071726,0.09382577050880501,23.48350181041645,23.524514128610114,0.9971440982661065,0.9999493637013637,0.435495442769554,0.4387246313692735,0.9999935546926958,250.28839819879397,radam_beta2_per_parameter_group,0.999,0.999,23.52721001636408,0.24054863094375856,0.010214049404896099,2.563779968331669,-0.18664551688436123,-0.052684340481939235,-0.1767496036496103,0.0,0.0,0.0,True
D,60,61,state,net_buffer,32,0.0,0.0,0.0,0.0,0.0,,,,,,not_declared_for_this_readout,,,,,,,,,,0.0,0.0,0.0,True
D,60,61,state,scaler,1,0.0,0.0,0.0,0.0,0.0,,,,,,not_declared_for_this_readout,,,,,,,,,,0.0,0.0,0.0,True
D,60,61,observable,residual,393216,0.23819975208486435,0.16130273076624563,0.2113683314077984,0.20802241715887557,0.8873574785774478,0.25125644124262253,-0.40214676996266674,0.36679527168423504,0.7042556338152056,1.3103828459922735,not_declared_for_this_readout,,,,,,,,,,0.0,0.0,0.0,True
D,60,61,observable,feature,49152,0.03986892564998926,0.03377451616150678,0.038317106910021416,0.03671448179755597,0.9610769862827175,0.01709929272758559,-0.4871821241965287,0.41147541472375415,0.5954807289205407,1.1344975817504643,not_declared_for_this_readout,,,,,,,,,,0.0,0.0,0.0,True
B,61,62,state,theta,55732739,0.1743201373277092,0.001371224261960992,0.17679885785310095,0.17698329668765364,1.0142193584940329,0.9996336109337003,0.13069892624696347,0.13831048241943195,0.9999704983692341,128.93504203335812,identity_parameter_carryover,1.0,1.0,0.17432013732777507,0.005359849367574952,0.03074716122727017,3.9088058140904063,0.4503752235048651,-0.0361981272613306,0.4743770474335236,0.0,0.0,0.0,True
B,61,62,state,EMA,55732771,0.003796887688870345,1.2970191135252964e-05,0.003909678847500775,0.003909799096537907,1.0297062141082156,0.9994978164073175,0.0076125987806147846,0.010929719534738362,0.9999944978820194,301.43571569074817,ema_transition_carryover_counterfactual_map,0.9993,1.0,0.0037942298769872806,0.00016801032365610635,0.044249484689417556,12.95357345964274,0.6754679800267043,-0.029433002300417937,0.6984949969041042,0.0,0.0,0.0,True
B,61,62,state,m,55732739,15.868318022663978,5.174459588466961,14.543547770610687,12.308437379719726,0.9165147654489163,0.983416350626229,-0.5766539287341141,-0.260970119284232,0.9391667653029514,2.810640903066654,radam_beta1_per_parameter_group,0.9,0.9,14.281485850709563,2.6377337868211526,0.16622642570269897,0.509760244857306,0.00791468158270703,-0.2507759950350522,0.18914003972096846,0.0,0.0,0.0,True
B,61,62,state,v,55732739,24.274946168158166,1.020531243238925,24.29314054928199,25.28059320724082,1.0007495127279702,0.9999859109571562,0.966247320559088,0.9688741480928753,0.9999459237913771,23.804406489488063,radam_beta2_per_parameter_group,0.999,0.999,24.250671436604993,0.13566147034002105,0.005588538462671046,0.13293220686655666,0.31052918321910516,0.3147086172275892,0.3155706717485346,0.0,0.0,0.0,True
B,61,62,state,net_buffer,32,0.0,0.0,0.0,0.0,0.0,,,,,,not_declared_for_this_readout,,,,,,,,,,0.0,0.0,0.0,True
B,61,62,state,scaler,1,0.0,0.0,0.0,0.0,0.0,,,,,,not_declared_for_this_readout,,,,,,,,,,0.0,0.0,0.0,True
B,61,62,observable,residual,393216,0.20484528583001255,0.16796635625770848,0.20267360434053772,0.20322398487578652,0.9893984307196751,0.12687294388781814,-0.41109531668427585,0.41652655689007245,0.6575179696635892,1.2066321426272912,not_declared_for_this_readout,,,,,,,,,,0.0,0.0,0.0,True
B,61,62,observable,feature,49152,0.03804847840563274,0.03552633679394905,0.037736709053688804,0.03697283377603913,0.9918059968490677,-0.005426673782493736,-0.49199727594146725,0.45871460216635235,0.5479116978048676,1.0622178490442118,not_declared_for_this_readout,,,,,,,,,,0.0,0.0,0.0,True
C,61,62,state,theta,55732739,0.11978462098832536,0.0013347546647898129,0.12125334100821895,0.12110314628859233,1.0122613404606986,0.9995579832365576,-0.11796038615665999,-0.10708504824821762,0.9999401051394721,90.8431670679443,identity_parameter_carryover,1.0,1.0,0.11978462098833711,0.003872608142999397,0.0323297607910521,2.9013632581004885,0.36541884907489464,-0.17473026305516282,0.39293075213685574,0.0,0.0,0.0,True
C,61,62,state,EMA,55732771,0.002602283534315945,1.2638579272535653e-05,0.0026793862137153637,0.0026793703355572915,1.0296288541900513,0.9992070711288836,-0.0036148049246643573,0.0011021696974581694,0.9999888750576483,212.0005861369103,ema_transition_carryover_counterfactual_map,0.9993,1.0,0.002600461942463334,0.000131448580822393,0.05051278198128649,10.400582058146219,0.5842566582751778,-0.055902347047091766,0.6161059487745392,0.0,0.0,0.0,True
C,61,62,state,m,55732739,7.86681247977109,3.3100611992942346,9.631604795517804,9.295189774291282,1.2243338480845634,0.8713579825096577,-0.27169244605664783,0.07457910486845531,0.9394414082686272,2.9097965915468382,radam_beta1_per_parameter_group,0.9,0.9,7.080131057052533,4.9045891415028,0.623453165321352,1.4817215894825595,0.2675952313302366,-0.02155351089023563,0.7059258136652384,0.0,0.0,0.0,True
C,61,62,state,v,55732739,2.5057313841755056,0.2224362416369986,3.287177826974598,3.1737086563290897,1.3118636130489392,0.9804239388431163,-0.5351495562834139,-0.4841955202247747,0.9982457478077644,14.778067651129698,radam_beta2_per_parameter_group,0.999,0.999,2.503225695449555,0.9678564171396765,0.38625705183404696,4.35116332669905,0.7435009208052692,-0.4739750918406548,0.8606187997674157,0.0,0.0,0.0,True
C,61,62,state,net_buffer,32,0.0,0.0,0.0,0.0,0.0,,,,,,not_declared_for_this_readout,,,,,,,,,,0.0,0.0,0.0,True
C,61,62,state,scaler,1,0.0,0.0,0.0,0.0,0.0,,,,,,not_declared_for_this_readout,,,,,,,,,,0.0,0.0,0.0,True
C,61,62,observable,residual,393216,0.19070338888468594,0.16936985200601143,0.19159944657257352,0.2012577256719138,1.004698698293345,0.021342986215608376,-0.3835273523501324,0.47643499512954574,0.6292502573104822,1.131248827954181,not_declared_for_this_readout,,,,,,,,,,0.0,0.0,0.0,True
C,61,62,observable,feature,49152,0.038750844411749905,0.03556012172317796,0.03941407780507173,0.04016968934181721,1.017115327508082,0.03719008493305434,-0.42965686916071805,0.4636728029958748,0.6008367909729325,1.1083785964484416,not_declared_for_this_readout,,,,,,,,,,0.0,0.0,0.0,True
D,61,62,state,theta,55732739,0.17577097712229456,0.000565909813305521,0.17858503297326164,0.17878966220735806,1.0160097866953837,0.9996875535705804,0.3602161023912571,0.36296905276930075,0.9999956406492801,315.57154298161623,identity_parameter_carryover,1.0,1.0,0.17577097712237008,0.005247317243519349,0.029853149418794387,9.27235598349034,0.5256510073596087,0.18456508107675904,0.5467507932041267,0.0,0.0,0.0,True
D,61,62,state,EMA,55732771,0.0036876762621833883,8.450651198485262e-06,0.0038024400499296544,0.003802564766846561,1.0311208955414968,0.9994715909829825,0.013647288877697969,0.015869196897347296,0.999997531024619,449.9582293268977,ema_transition_carryover_counterfactual_map,0.9993,1.0,0.0036850948980402,0.00016905144602913076,0.045842268683596234,20.004546638894812,0.6822533080286719,-0.009346782450152835,0.7056573135725823,0.0,0.0,0.0,True
D,61,62,state,m,55732739,12.402177905881562,3.4934051002082036,11.753770716857764,11.22866342954127,0.9477182802936329,0.9337038041242482,-0.29556404480062803,0.0017288865764265701,0.9548105028339139,3.364559900641712,radam_beta1_per_parameter_group,0.9,0.9,11.161959815118987,4.212566257410455,0.33966342761562096,1.2058625142441655,-0.044490548642410775,-0.08470759717735252,0.31615084418236733,0.0,0.0,0.0,True
D,61,62,state,v,55732739,23.524514128610114,0.9022305657215584,23.480741542355148,24.355567931729638,0.9981392777756999,0.9999680002902559,0.9684768267058261,0.9707342768451843,0.9999574227080076,26.02521177452732,radam_beta2_per_parameter_group,0.999,0.999,23.50098995207491,0.18901375850173216,0.008034757167284353,0.2094960708303742,-0.11110189438137318,-0.04215494439688263,-0.10314796665030221,0.0,0.0,0.0,True
D,61,62,state,net_buffer,32,0.0,0.0,0.0,0.0,0.0,,,,,,not_declared_for_this_readout,,,,,,,,,,0.0,0.0,0.0,True
D,61,62,state,scaler,1,0.0,0.0,0.0,0.0,0.0,,,,,,not_declared_for_this_readout,,,,,,,,,,0.0,0.0,0.0,True
D,61,62,observable,residual,393216,0.20802241715887557,0.16475232772694137,0.2004453360586888,0.21287868794803352,0.9635756511068717,0.1905419897989455,-0.33315824754719725,0.4602260178366748,0.6837543986995627,1.2166464585004506,not_declared_for_this_readout,,,,,,,,,,0.0,0.0,0.0,True
D,61,62,observable,feature,49152,0.03671448179755597,0.03248805192956227,0.03910170536530193,0.038398111973732385,1.0650213063310856,0.03977279343349512,-0.4368922572785396,0.4011869026168097,0.648675826568041,1.2035718685158099,not_declared_for_this_readout,,,,,,,,,,0.0,0.0,0.0,True
B,62,63,state,theta,55732739,0.17698329668765364,0.0011352569376826553,0.17939045958872324,0.1796523626164586,1.0136010739212178,0.9996959428130473,0.2277035407363374,0.23369077449865724,0.9999810689749357,158.0174968627844,identity_parameter_carryover,1.0,1.0,0.17698329668770302,0.00501014235131128,0.028308560440894914,4.413223284535252,0.46957107753550004,0.18276451480955988,0.49119880669706745,0.0,0.0,0.0,True
B,62,63,state,EMA,55732771,0.003909799096537907,1.2016788484690266e-05,0.004024071270427652,0.004024183276366423,1.029227121667436,0.9995202331199645,0.007827804512229442,0.010813730077465361,0.9999955417369398,334.87077479598105,ema_transition_carryover_counterfactual_map,0.9993,1.0,0.003907062246977433,0.00016963839853204298,0.043388009036642396,14.116783261032445,0.6783747567036131,-0.021810688390160763,0.7008053809858475,0.0,0.0,0.0,True
B,62,63,state,m,55732739,12.308437379719726,3.474827034944236,12.137050596395797,14.190046235734773,0.9860756667937136,0.9639652144980927,0.49763884441601064,0.6705189475981024,0.9771821230357638,3.4928502841553875,radam_beta1_per_parameter_group,0.9,0.9,11.077593357120389,3.2881839646240407,0.2671487747130185,0.9462870904240014,0.18919294999956823,0.21803349895729382,0.4435992494254875,0.0,0.0,0.0,True
B,62,63,state,v,55732739,25.28059320724082,0.5442149620689017,25.488569177496164,26.00716449996813,1.0082267045140292,0.9999570128565204,0.9519421934010954,0.9538855883954803,0.9999794618979548,46.835480378191285,radam_beta2_per_parameter_group,0.999,0.999,25.255313023767403,0.33128833712474637,0.013104452668850325,0.6087453675755478,0.7007807004718759,0.7080578572509897,0.7073650997271639,0.0,0.0,0.0,True
B,62,63,state,net_buffer,32,0.0,0.0,0.0,0.0,0.0,,,,,,not_declared_for_this_readout,,,,,,,,,,0.0,0.0,0.0,True
B,62,63,state,scaler,1,0.0,0.0,0.0,0.0,0.0,,,,,,not_declared_for_this_readout,,,,,,,,,,0.0,0.0,0.0,True
B,62,63,observable,residual,393216,0.20322398487578652,0.1683474541983906,0.22454732568306482,0.21815241715280248,1.1049253158789867,0.1769865305547587,-0.4123050886083914,0.34730510977005646,0.7111395586973323,1.3338326186889942,not_declared_for_this_readout,,,,,,,,,,0.0,0.0,0.0,True
B,62,63,observable,feature,49152,0.03697283377603913,0.033979874217473074,0.03846348863182439,0.03845199917067463,1.0403175711338442,0.0013933823072360837,-0.4420540428472008,0.44150977665460855,0.6096574525162656,1.1319491174586442,not_declared_for_this_readout,,,,,,,,,,0.0,0.0,0.0,True
C,62,63,state,theta,55732739,0.12110314628859233,0.0009891253570615364,0.12226839871780469,0.12234975940860152,1.0096219831187172,0.9995683634401585,0.07823766026747322,0.08627004130137308,0.9999675206786802,123.61264206291905,identity_parameter_carryover,1.0,1.0,0.12110314628839584,0.0037603688757971653,0.0310509593766961,3.8017111268569184,0.29584249714682936,-0.07306002482783099,0.3237780694053459,0.0,0.0,0.0,True
C,62,63,state,EMA,55732771,0.0026793703355572915,1.1146452158501738e-05,0.0027571403789624404,0.002757207531365634,1.0290254924349505,0.9992472496362484,0.004003248238169434,0.008045810578495445,0.9999918285482783,247.35587070720845,ema_transition_carryover_counterfactual_map,0.9993,1.0,0.0026774947831306644,0.00013212634873472533,0.04931246232792374,11.853668490735732,0.5870907517798846,-0.03717503397718941,0.6180529605522626,0.0,0.0,0.0,True
C,62,63,state,m,55732739,9.295189774291282,2.230260800514937,8.437112650753924,8.31896651832386,0.9076858951378663,0.8802114055306101,-0.1847729014197426,0.08069644407766849,0.9646656076862027,3.7830161606238653,radam_beta1_per_parameter_group,0.9,0.9,8.365670575277804,4.112780844769217,0.4424633541258493,1.8440806760445378,-0.2283680618509356,-0.4701208133490355,0.2610287383390444,0.0,0.0,0.0,True
C,62,63,state,v,55732739,3.1737086563290897,0.12073522257972419,3.384311810259329,3.439307730763543,1.0663586915926415,0.995622288758829,0.4413720820527812,0.4694188769875733,0.999503747826393,28.03085742459779,radam_beta2_per_parameter_group,0.999,0.999,3.17053498683074,0.37369359506129635,0.11774666030420504,3.095149758924228,0.5324182330193666,-0.021043821922288826,0.6092063465085857,0.0,0.0,0.0,True
C,62,63,state,net_buffer,32,0.0,0.0,0.0,0.0,0.0,,,,,,not_declared_for_this_readout,,,,,,,,,,0.0,0.0,0.0,True
C,62,63,state,scaler,1,0.0,0.0,0.0,0.0,0.0,,,,,,not_declared_for_this_readout,,,,,,,,,,0.0,0.0,0.0,True
C,62,63,observable,residual,393216,0.2012577256719138,0.16314517632385084,0.1907462980404174,0.18666487404886528,0.9477713086719866,0.12456900455839065,-0.45239913496719875,0.41170957569688355,0.6264679522234249,1.1691813533106064,not_declared_for_this_readout,,,,,,,,,,0.0,0.0,0.0,True
C,62,63,observable,feature,49152,0.04016968934181721,0.035369052914839494,0.041439341643749475,0.04039150640922203,1.0316072223294628,-0.013501381791565407,-0.45600814171088405,0.407817811280986,0.6266358400587095,1.1716271211311717,not_declared_for_this_readout,,,,,,,,,,0.0,0.0,0.0,True
D,62,63,state,theta,55732739,0.17878966220735806,0.0006232286283267924,0.1815733030645612,0.18180601574820238,1.0155693613536487,0.9997234227834576,0.3719216703214622,0.37487359540553183,0.999994937179619,291.343007704955,identity_parameter_carryover,1.0,1.0,0.17878966220738673,0.005070103191716093,0.02835792142073544,8.135221909378599,0.5391254803019512,0.29901476629148577,0.5587834995003939,0.0,0.0,0.0,True
D,62,63,state,EMA,55732771,0.003802564766846561,8.882726105940567e-06,0.00391913656357414,0.003919268883546403,1.0306560976275627,0.9994964970122396,0.013763325771552455,0.016029285369358933,0.9999974321437427,441.2087592066032,ema_transition_carryover_counterfactual_map,0.9993,1.0,0.0037999029810127406,0.00017091904886509083,0.044948359684832594,19.24173354290233,0.686057442811738,-0.00949671349506281,0.7087966254657402,0.0,0.0,0.0,True
D,62,63,state,m,55732739,11.22866342954127,2.977342624911697,10.594364346778555,11.511906428663943,0.9435107226480803,0.9660371102364635,0.18100443171336944,0.4252092868542223,0.9671097159802747,3.5583289132176263,radam_beta1_per_parameter_group,0.9,0.9,10.10579682884542,2.740645433030732,0.24407583771906655,0.920500519523518,0.046978820374583445,0.17332740043808903,0.3035013470528283,0.0,0.0,0.0,True
D,62,63,state,v,55732739,24.355567931729638,0.5713300707887432,24.342887245323244,24.898655919656562,0.9994793516438648,0.9999738252016785,0.9721323085027903,0.9733793391262804,0.9999855311988902,42.60739717711156,radam_beta2_per_parameter_group,0.999,0.999,24.33121251707939,0.1764725344416116,0.007245675195761251,0.3088801788395007,0.0625454726684742,0.1587303231947267,0.06976492452402887,0.0,0.0,0.0,True
D,62,63,state,net_buffer,32,0.0,0.0,0.0,0.0,0.0,,,,,,not_declared_for_this_readout,,,,,,,,,,0.0,0.0,0.0,True
D,62,63,state,scaler,1,0.0,0.0,0.0,0.0,0.0,,,,,,not_declared_for_this_readout,,,,,,,,,,0.0,0.0,0.0,True
D,62,63,observable,residual,393216,0.21287868794803352,0.16090881733785717,0.2226813165483291,0.20974916159385093,1.0460479566779768,0.31665905933077215,-0.43933416802259606,0.30072733506349275,0.7246206564105641,1.3838975404360185,not_declared_for_this_readout,,,,,,,,,,0.0,0.0,0.0,True
D,62,63,observable,feature,49152,0.038398111973732385,0.035824402856160474,0.037765855644808374,0.039221343949797836,0.9835341818536149,0.02113893624885185,-0.4328848806104686,0.49656980059465294,0.5674974656648076,1.05419358408968,not_declared_for_this_readout,,,,,,,,,,0.0,0.0,0.0,True
B,63,64,state,theta,55732739,0.1796523626164586,0.0013766570579818495,0.18207919610691084,0.18236849510952377,1.0135084974954285,0.9996079998160404,0.20653258750879283,0.2137537217601754,0.999972723039071,132.26184041349785,identity_parameter_carryover,1.0,1.0,0.17965236261657577,0.0056155964698051015,0.03125812757494255,4.079154236159185,0.41944937187548387,0.22562765700466664,0.4447002670076431,0.0,0.0,0.0,True
B,63,64,state,EMA,55732771,0.004024183276366423,1.2846163486144265e-05,0.004139851363053463,0.004139956657261398,1.0287432452111078,0.9995401034340151,0.00664512847076541,0.009747929986833128,0.9999951859879547,322.26363672848026,ema_transition_carryover_counterfactual_map,0.9993,1.0,0.004021366358102904,0.00017132216070176292,0.04257315060870084,13.336445615576135,0.6804788186622807,-0.02364890541839932,0.7023867609065504,0.0,0.0,0.0,True
B,63,64,state,m,55732739,14.190046235734773,2.7996909920108646,13.865531610667952,13.854204626825018,0.9771308268010012,0.951674077027878,-0.10500280564454044,0.09699375080225131,0.9795983650545573,4.952522135562218,radam_beta1_per_parameter_group,0.9,0.9,12.771041278318691,4.279340457404175,0.3015733977404188,1.5285045634020344,0.09918017133463926,0.17012576493463574,0.39998282605273644,0.0,0.0,0.0,True
B,63,64,state,v,55732739,26.00716449996813,0.2593283660954046,25.968909162186502,26.044089174315584,0.9985290461871891,0.9999567903339373,0.28532935147678623,0.2944629902229317,0.9999544611599349,100.13909991100924,radam_beta2_per_parameter_group,0.999,0.999,25.981157562453273,0.24177956125473515,0.00929665213041704,0.9323297905859885,-0.055300407074473805,0.6218914423443096,-0.04601614335651284,0.0,0.0,0.0,True
B,63,64,state,net_buffer,32,0.0,0.0,0.0,0.0,0.0,,,,,,not_declared_for_this_readout,,,,,,,,,,0.0,0.0,0.0,True
B,63,64,state,scaler,1,0.0,0.0,0.0,0.0,0.0,,,,,,not_declared_for_this_readout,,,,,,,,,,0.0,0.0,0.0,True
B,63,64,observable,residual,393216,0.21815241715280248,0.16522015061861844,0.2202233617296053,0.21644277401513273,1.0094931085514962,0.23515828564389385,-0.39780520382118995,0.3585897088629936,0.7138049617983379,1.3329086125696137,not_declared_for_this_readout,,,,,,,,,,0.0,0.0,0.0,True
B,63,64,observable,feature,49152,0.03845199917067463,0.03693610880352562,0.03766136075515561,0.038604894704318056,0.9794383014519048,0.012105502878850465,-0.4645063858377587,0.5036192012004537,0.5311321920436748,1.0196353101375086,not_declared_for_this_readout,,,,,,,,,,0.0,0.0,0.0,True
C,63,64,state,theta,55732739,0.12234975940860152,0.0012195168454042576,0.12396406385289904,0.12410416272044582,1.0131941775128985,0.9994333580871345,0.11002671775401071,0.11972906939518296,0.9999523027135311,101.6501447438442,identity_parameter_carryover,1.0,1.0,0.12234975940859637,0.004449097039221946,0.03636375797326793,3.6482456605567553,0.3470504680888165,-0.1260362547955152,0.3784212686686802,0.0,0.0,0.0,True
C,63,64,state,EMA,55732771,0.002757207531365634,1.1961512735998265e-05,0.002836025415125805,0.0028361054284967743,1.028586126674742,0.9992819756696814,0.004580478002035812,0.008797932725802015,0.9999911061398645,237.0958822449576,ema_transition_carryover_counterfactual_map,0.9993,1.0,0.002755277493116193,0.00013319746341567133,0.04830882764551973,11.135503205611489,0.5909390820342806,-0.03744191332624387,0.6210799827796541,0.0,0.0,0.0,True
C,63,64,state,m,55732739,8.31896651832386,2.141340909570952,8.539518424615297,8.552820970176159,1.0265119358042416,0.5929180361044485,-0.11916122894852786,0.1313907310095435,0.9686106653139076,3.9879303601061404,radam_beta1_per_parameter_group,0.9,0.9,7.487069662839842,7.291228178816893,0.8764584113611699,3.4049824323758866,-0.332431671289773,0.12783240502600832,0.5623606456655886,0.0,0.0,0.0,True
C,63,64,state,v,55732739,3.439307730763543,0.1413155198431644,3.3627233916001575,3.3346907040209675,0.9777326295991597,0.9970660423592467,-0.2185547198110324,-0.1780145751131347,0.9991446024479436,23.79585338773968,radam_beta2_per_parameter_group,0.999,0.999,3.4358684796408645,0.2704576931992299,0.07863724748444856,1.9138569740916695,-0.30692850718091,0.33246505519611924,-0.233176564324781,0.0,0.0,0.0,True
C,63,64,state,net_buffer,32,0.0,0.0,0.0,0.0,0.0,,,,,,not_declared_for_this_readout,,,,,,,,,,0.0,0.0,0.0,True
C,63,64,state,scaler,1,0.0,0.0,0.0,0.0,0.0,,,,,,not_declared_for_this_readout,,,,,,,,,,0.0,0.0,0.0,True
C,63,64,observable,residual,393216,0.18666487404886528,0.18293016565026027,0.18858757217736807,0.20542545959577524,1.0103002674622086,0.059560790595506695,-0.3888460449535735,0.5335202087285393,0.5717689569378863,1.0309265916148793,not_declared_for_this_readout,,,,,,,,,,0.0,0.0,0.0,True
C,63,64,observable,feature,49152,0.04039150640922203,0.035701849996641465,0.036991715694214874,0.037495524360927124,0.9158290686026276,0.004092059851623903,-0.46835782639042495,0.49009823846592093,0.5406105175793751,1.0361288195904343,not_declared_for_this_readout,,,,,,,,,,0.0,0.0,0.0,True
D,63,64,state,theta,55732739,0.18180601574820238,0.0006662755334474735,0.18443219208917377,0.1846850032306678,1.014444936434934,0.9996791924327236,0.377893099591644,0.38098344227022146,0.9999944217724265,276.81069291990394,identity_parameter_carryover,1.0,1.0,0.18180601574813532,0.005330171062229681,0.02931790260236416,7.999950162735325,0.4815997588439497,0.3667372998036628,0.5036425764435832,0.0,0.0,0.0,True
D,63,64,state,EMA,55732771,0.003919268883546403,9.129696593117231e-06,0.004037522242085691,0.004037653024156215,1.0301723005113865,0.9995196447478281,0.013194534391292256,0.01545524647575808,0.9999974440659514,442.2405718421717,ema_transition_carryover_counterfactual_map,0.9993,1.0,0.003916525405163477,0.0001727194426370364,0.044069301639939766,18.91842087800021,0.6893108852699521,-0.009176606153342341,0.7114321271057937,0.0,0.0,0.0,True
D,63,64,state,m,55732739,11.511906428663943,1.6480718898253641,10.970011551846893,11.692850234253596,0.9529274425417701,0.8739315526137355,0.3779294842797914,0.49551329077876144,0.9914491573033176,6.6562700447547325,radam_beta1_per_parameter_group,0.9,0.9,10.360715519621094,5.387801713915852,0.46801993634178224,3.269154547916453,-0.14359776640009445,0.35484535211678914,0.35551704642020215,0.0,0.0,0.0,True
D,63,64,state,v,55732739,24.898655919656562,0.18968552684259335,24.920169336603635,24.97561265387189,1.0008640392885662,0.9999436563081118,0.28880999582635175,0.29576369682342524,0.9999735645703,131.3762296544803,radam_beta2_per_parameter_group,0.999,0.999,24.873757610695364,0.26833615691776785,0.010777134226989596,1.4146369593102437,0.16772853901742563,0.44703930673069453,0.17818398607627237,0.0,0.0,0.0,True
D,63,64,state,net_buffer,32,0.0,0.0,0.0,0.0,0.0,,,,,,not_declared_for_this_readout,,,,,,,,,,0.0,0.0,0.0,True
D,63,64,state,scaler,1,0.0,0.0,0.0,0.0,0.0,,,,,,not_declared_for_this_readout,,,,,,,,,,0.0,0.0,0.0,True
D,63,64,observable,residual,393216,0.20974916159385093,0.16899937822657998,0.2024832651764662,0.22092760587938257,0.9653591158020737,0.2624120192894426,-0.3032076394112569,0.4870595729484706,0.6845743067753439,1.1981302375266367,not_declared_for_this_readout,,,,,,,,,,0.0,0.0,0.0,True
D,63,64,observable,feature,49152,0.039221343949797836,0.03659662891811975,0.03872295794186136,0.039194471034000575,0.9872929900470929,0.0028360457349481043,-0.45958183633577,0.47966614430227683,0.5588495377567908,1.0581017729392233,not_declared_for_this_readout,,,,,,,,,,0.0,0.0,0.0,True
