layer,update_reference_l2,update_probe_l2,update_cosine,s_K_star_layer,c_K_star_layer,R_opt_layer,layer_residual_with_global_c_star,support_atol,support_coordinate_count,coordinate_count,support_coordinate_coverage,support_energy_coverage,h_update_weighted_mean,h_update_weighted_std,h_update_p05,h_update_p50,h_update_p95,h_moment_coordinate_count,h_moment_weighted_mean,h_moment_weighted_std,h_moment_p50,h_update_minus_moment_weighted_rmse,h_update_minus_moment_eps_weighted_rmse,off_support_candidate_energy_exact,predicted_reference_l2,predicted_probe_l2,s_K_star_predicted_layer,c_K_star_predicted_layer,R_pred_layer,predicted_layer_residual_with_global_c_star,predicted_off_support_candidate_energy_exact
model.dec.16x16_block0.affine,0.08805669939574623,0.08804973593425323,0.9088200530403152,0.9087481841934605,0.908891927570957,0.4171553492327672,0.4182521380098749,0.0,131328,131328,1.0,1.0,0.9087481841934605,0.4171553492327672,0.9928079555601457,1.0,1.0001227295041728,131328,0.9088045684847216,0.41722207095035113,0.9999999973686459,0.011436527200606663,3.498732446853206e-05,0.0,0.08805683171306176,0.08804984165189532,0.9087480818423324,0.9088923741363507,0.4171548484123635,0.41825181023227054,0.0
model.dec.16x16_block0.conv0,0.263999802399032,0.2639937717055591,0.8830446676420681,0.8830244957644189,0.8830648399805254,0.46927822589148627,0.4693058815536976,0.0,1179899,1179904,0.9999957623671079,0.9999999999999998,0.8830244957644189,0.4692737129371401,-0.9988964502482987,1.0,1.000122624156959,1179882,0.8830377822918952,0.4693019019452372,0.9999999966300027,0.0064042413819460405,5.403986390360094e-05,8.968901405293093e-08,0.26400124397149155,0.2639954242474965,0.8830265934830509,0.8830655261858644,0.46927598178179897,0.46930327004328665,8.968541520419338e-08
model.dec.16x16_block0.conv1,0.18668916311685918,0.18668646573440204,0.8873520098195157,0.8873391888945908,0.8873648309296867,0.4610859648882179,0.4611670879927122,0.0,590071,590080,0.9999847478308026,1.0,0.8873391888945908,0.46106943340752193,-0.9981601864344413,1.0,1.000122624156959,590064,0.8873464034106054,0.4611034161844916,0.9999999966903299,0.0066419638324180675,6.0642605155105354e-05,1.6142354476429232e-07,0.18669117219499137,0.18668861430363468,0.8873425735669628,0.8873668893663704,0.46108107198391257,0.4611618921510425,1.6142150661371927e-07
model.dec.16x16_block0.norm0,0.007779064901559518,0.007779090637779206,0.8867254491170136,0.8867283827550859,0.8867225154886468,0.4622979472348576,0.46235962136770553,0.0,1024,1024,1.0,1.0,0.8867283827550859,0.4622979472348576,-0.9999872621059303,1.0,1.0,1024,0.8867230853534198,0.4623009505277226,0.9999999960752564,0.00010596881494956905,2.3041641295247817e-05,0.0,0.007779345904868823,0.007779362233104605,0.8867256003268892,0.8867218780038896,0.462300667933944,0.4623628935247264,0.0
model.dec.16x16_block0.norm1,0.0055009567470372615,0.005500926482694338,0.9179792510004446,0.9179742005991913,0.9179843014294834,0.3966262267715079,0.39853204575654844,0.0,512,512,1.0,1.0,0.9179742005991913,0.3966262267715079,1.0,1.0,1.0,512,0.9179686967583289,0.3966528429306254,1.0000000019634636,9.461817142959473e-05,2.0600553471365086e-05,0.0,0.005500847193136675,0.005500815675727417,0.9179774801699639,0.9179879994662002,0.39661806164450303,0.3985243902157896,0.0
model.dec.16x16_block0.skip,0.08809689677522436,0.08809706579741404,0.8823376914929899,0.882339384340912,0.8823359986483157,0.4706177302576437,0.47062810569071817,0.0,131326,131328,0.9999847709551657,1.0,0.882339384340912,0.47060155020489075,-0.9999080558407527,1.0,1.0000038309479298,131326,0.8823389000397577,0.4706145613762921,0.9999999964460662,0.0008606781354923726,1.2421988096407573e-05,3.590912016339128e-08,0.08809709565516682,0.08809727543199065,0.882340043901121,0.8823364427879651,0.47061675306607814,0.47062707560783473,3.590904892633981e-08
model.dec.16x16_block1.affine,0.08805707199945335,0.08805819030663643,0.9051140216646762,0.9051255164315242,0.9051025270438078,0.42517431632849123,0.4259646813733413,0.0,131328,131328,1.0,1.0,0.9051255164315242,0.42517431632849123,0.989519836600172,1.0,1.0001379387506042,131328,0.9051239629422497,0.425147752634202,0.9999999971907956,0.009569774878194123,3.0335900539509777e-05,0.0,0.08805716919198392,0.08805828874513275,0.9051258008703454,0.9051027858875829,0.42517374405176056,0.42596413283691625,0.0
model.dec.16x16_block1.conv0,0.2639960274955805,0.26398799027703934,0.8876424382362322,0.8876154144346615,0.8876694628605533,0.46051925915142866,0.4606134100093199,0.0,1179893,1179904,0.9999906772076372,1.0,0.8876154144346615,0.46050914971985274,-0.998252691467343,1.0,1.000122624156959,1179879,0.887635571622488,0.46054651454971285,0.9999999967389166,0.006766869083105729,5.3366666684964915e-05,1.9715479401109813e-07,0.2639975051122497,0.2639896675123407,0.887617461342469,0.8876701671462227,0.46051695613009236,0.4606107762385421,1.9716384195716074e-07
model.dec.16x16_block1.conv1,0.18668186781469825,0.18667590847456939,0.8898351842586814,0.8898067785512407,0.8898635908729305,0.456267523487795,0.45640954201001227,0.0,590077,590080,0.9999949159436009,1.0000000000000002,0.8898067785512405,0.456261951709607,-0.9971792985038018,1.0,1.0001533130960047,590074,0.8898191989526512,0.4563132623115059,0.9999999968522428,0.007405188566907394,6.410700031402867e-05,5.3834141299450015e-08,0.18668428231603917,0.18667844309913179,0.8898106514498099,0.8898663180664277,0.4562613816772234,0.4564031775884675,5.3834318270121903e-08
model.dec.16x16_block1.norm0,0.007779220684274441,0.007779220450158749,0.8750042626460394,0.875004236312781,0.8750042889792986,0.4841151993530839,0.4841323518391332,0.0,1024,1024,1.0,1.0,0.875004236312781,0.48411519935308395,-1.0,1.0,1.0,1024,0.8750039056472981,0.4841158556031511,0.9999999948644975,3.491521718605377e-05,2.304152197875079e-05,0.0,0.007779365649710101,0.007779367065774822,0.8750043386478674,0.875004020096846,0.484115452556563,0.4841325028485864,0.0
model.dec.16x16_block1.norm1,0.005501201063619422,0.005501185261347363,0.8750113430574019,0.875008829575866,0.8750138565461577,0.48410102576460895,0.48411947421766366,0.0,512,512,1.0,1.0,0.875008829575866,0.484101025764609,-1.0,1.0,1.0,512,0.8750059534140395,0.4841121553373938,0.9999999970245428,7.962109698445121e-05,5.030946548301482e-05,0.0,0.00550083918386497,0.005500834602238632,0.8750077453482981,0.8750092029308255,0.4841071986548076,0.4841246969383399,0.0
model.dec.16x16_block1.skip,0.0880975461955497,0.08809698567066004,0.8878331851914987,0.8878275363100069,0.8878388341089319,0.4601625155460364,0.46024883429102226,0.0,131328,131328,1.0,1.0,0.8878275363100069,0.4601625155460364,-0.9998774059090352,1.0,1.0000038309479298,131326,0.887844075019365,0.4601444324742372,0.9999999966763551,0.0008998564530798837,1.1542258858226831e-05,0.0,0.08809768318133746,0.08809713670076882,0.8878279450116373,0.8878389597220636,0.46016207346254046,0.46024832534819693,0.0
model.dec.16x16_block2.affine,0.08805913822528817,0.0880563629360599,0.879928640570091,0.8799009085649063,0.8799563734493107,0.475090896254705,0.47510668201166356,0.0,131328,131328,1.0,1.0,0.8799009085649063,0.475090896254705,-0.9985891561265124,1.0,1.0001686288937945,131328,0.8799298827337635,0.4751035689257356,0.9999999963179975,0.009806475728758703,2.9510767621477017e-05,0.0,0.08805921599756844,0.08805643586135783,0.879901109045894,0.8799566707666873,0.47509040915575207,0.47510622197471,0.0
model.dec.16x16_block2.conv0,0.2639917527540271,0.26398447680180726,0.8887587010942964,0.8887342057614814,0.888783197102253,0.458362727211733,0.45847809125672345,0.0,1179894,1179904,0.9999915247342157,1.0,0.8887342057614814,0.4583534860288488,-0.9977930358018636,1.0,1.000122624156959,1179883,0.8887573736030966,0.458377934473699,0.9999999966610859,0.00681120057055547,5.366600204799003e-05,1.7937255379440117e-07,0.26399338693761676,0.26398631521421456,0.8887365204412487,0.8887841364172929,0.4583599272922844,0.45847496176301006,1.7937241676017456e-07
model.dec.16x16_block2.conv1,0.18667595457080727,0.1866695884433617,0.8873856159094302,0.8873553537905771,0.8874158790603341,0.4610122255943929,0.4611033365480781,0.0,590079,590080,0.9999983053145336,1.0,0.8873553537905771,0.46101038723756005,-0.9975478175576263,1.0,1.0002146185921021,590068,0.887375232365128,0.46104793350353956,0.9999999966534736,0.007688164647424578,6.573257100004401e-05,1.794572227773308e-08,0.18667847941046786,0.18667217877772307,0.8873592265678522,0.8874191285734906,0.4610055332166561,0.46109654571778935,1.7944698156105385e-08
model.dec.16x16_block2.norm0,0.007779212793156429,0.0077792131824719266,0.8828179209624809,0.8828179651436476,0.8828178767813163,0.46971538245076033,0.4697302485140752,0.0,1024,1024,1.0,1.0,0.8828179651436476,0.46971538245076033,-1.0,1.0,1.0,1024,0.8828169846659455,0.46971711320267867,0.9999999944124528,4.1850221825679164e-05,2.2521666142490026e-05,0.0,0.007779365208944502,0.007779365251329989,0.8828178895612181,0.8828178799412392,0.46971542956089696,0.46973031826525813,0.0
model.dec.16x16_block2.norm1,0.005501423361449029,0.005501451650235703,0.8710983711404096,0.8711028504022977,0.871093891901554,0.49111109559597615,0.49117346400265904,0.0,512,512,1.0,1.0,0.8711028504022977,0.49111109559597615,-1.0,1.0,1.0,512,0.8711001046264006,0.4911054998329348,0.9999999985087181,6.61772543841216e-05,4.998482461415315e-05,0.0,0.00550083296817958,0.005500842484729877,0.8711025186448713,0.8710995046033733,0.4911047363376575,0.4911686860105482,0.0
model.dec.16x16_block2.skip,0.08809745405842438,0.08809715505213953,0.8828385836091743,0.8828355872196891,0.8828415800088295,0.46967492787026976,0.469691602010448,0.0,131327,131328,0.9999923854775828,1.0,0.8828355872196892,0.4696668215434147,-0.9999387029545176,1.0,1.000001915481303,131325,0.8828473544155634,0.4696600356704977,0.9999999966095661,0.0013102585480704464,1.1544533208451977e-05,1.7955075957275716e-08,0.08809756676764972,0.08809727977968859,0.8828358668095585,0.8828416187165127,0.46967469279820456,0.4696913048678399,1.795521874978323e-08
model.dec.16x16_block3.affine,0.08805247072718667,0.08804395513412878,0.8654892295415916,0.8654055276986575,0.8655729394801505,0.5008790883081986,0.5011095093647024,0.0,131328,131328,1.0,1.0,0.8654055276986575,0.5008790883081985,-0.9993256911665542,1.0,1.0002322533637238,131328,0.8654069335209208,0.5010696948794894,0.999999995679969,0.011819277420066781,3.0145296228177483e-05,0.0,0.0880525447054791,0.08804402593802238,0.8654058211180703,0.8655732952315778,0.5008785095388801,0.5011089335086314,0.0
model.dec.16x16_block3.conv0,0.26398660592525947,0.26398113381085747,0.8870431919373025,0.887024804633868,0.8870615796218908,0.46167687713209216,0.46175546908779025,0.0,1179891,1179904,0.9999889821544804,1.0,0.8870248046338681,0.461664953340704,-0.998038254046101,1.0,1.000122639195487,1179879,0.8870367133335066,0.4616988945685198,0.999999996690837,0.0068647708375121665,5.358020780100201e-05,2.3310600412594944e-07,0.26398823994719656,0.2639829573362702,0.8870270372247355,0.8870625384983821,0.4616741427351193,0.4617524239160171,2.3310214832321562e-07
model.dec.16x16_block3.conv1,0.18667217892148308,0.18666732966471833,0.8861397025797657,0.8861166829794584,0.8861627227780777,0.4634061609776558,0.46347235148522764,0.0,590076,590080,0.9999932212581345,1.0,0.8861166829794584,0.46339884833715145,-0.9977914110429448,1.0,1.0002452182442374,590072,0.8861358710645094,0.46342552577672597,0.999999996617069,0.008135898491875754,6.795576440656534e-05,7.175209476606954e-08,0.1866745033878146,0.18666972670416915,0.8861202851097529,0.886165635478063,0.46340011260998376,0.46346617115859573,7.175650884913002e-08
model.dec.16x16_block3.norm0,0.007779127562265051,0.007779121576360592,0.8984373420051183,0.8984366506730828,0.8984380333376856,0.43910140715150053,0.43952833735373315,0.0,1024,1024,1.0,1.0,0.8984366506730828,0.43910140715150053,-0.6996567786222,1.0,1.0,1024,0.8984381381019513,0.43910011631505247,0.9999999973173785,3.93023521416618e-05,2.504247955645282e-05,0.0,0.00777937342571028,0.007779369987722923,0.8984405761172074,0.8984413702247072,0.43909412124715846,0.43952107135547613,0.0
model.dec.16x16_block3.norm1,0.0055014653144010465,0.005501490163788378,0.8789269616113211,0.8789309316075417,0.8789229916330324,0.47695854245204,0.47695641323734184,0.0,512,512,1.0,1.0,0.8789309316075417,0.47695854245204,-1.0,1.0,1.0,512,0.8789316974804597,0.4769476574771885,0.9999999957200992,0.00020474444540033007,7.57640367562644e-05,0.0,0.005500785396946873,0.005500825661377566,0.8789200344042918,0.8789071675775756,0.4769844994305192,0.4769810385009708,0.0
model.dec.16x16_block3.skip,0.08809773999600273,0.08809791882169282,0.8854973502066912,0.8854991476384383,0.8854955527785925,0.4646453693376288,0.46468874539107324,0.0,131327,131328,0.9999923854775828,0.9999999999999999,0.8854991476384384,0.46463717506427316,-0.9999233791041016,1.0,1.000001915470296,131327,0.8854990698252965,0.4646411492074724,0.9999999966493693,0.0008157724259700965,1.1279529222376576e-05,1.7955626249613068e-08,0.08809780743700413,0.08809800334823904,0.8854993071855213,0.8854953688653938,0.4646454826679293,0.46468876898371775,1.7955648665951176e-08
model.dec.16x16_block4.affine,0.08806776173878515,0.08806285887966168,0.8610640946787175,0.8610161580005378,0.8611120340257498,0.5084681267110827,0.5088136778720156,0.0,131328,131328,1.0,1.0,0.8610161580005378,0.5084681267110827,-0.9993867288114804,1.0,1.0001226692836114,131328,0.8610451254776216,0.5085285552297282,0.9999999957386646,0.008446757654165218,2.772842743974735e-05,0.0,0.08806785788175618,0.08806294183563036,0.861016359304673,0.8611124931424823,0.5084674914813925,0.5088130953546977,0.0
model.dec.16x16_block4.conv0,0.2639816309064996,0.2639731331941133,0.880424563239148,0.8803962218932349,0.8804529054974138,0.47417097383088797,0.4741882317734974,0.0,1179890,1179904,0.9999881346279019,1.0,0.8803962218932347,0.4741584848890094,-0.9987739087788131,1.0,1.000153275497379,1179879,0.880419391220508,0.47419584086720384,0.9999999964641431,0.007264481323118786,5.31115876315765e-05,2.507523987710597e-07,0.2639831304844664,0.2639747797273175,0.8803981675403557,0.8804538706464484,0.4741685356893421,0.4741855329101158,2.507682925074041e-07
model.dec.16x16_block4.conv1,0.18667553592011746,0.1866707647791433,0.8803384004609479,0.8803159003588703,0.8803609011381082,0.4743340587494952,0.47434791752248856,0.0,590076,590080,0.9999932212581345,1.0,0.8803159003588703,0.4743269274238409,-0.9987125252896818,1.0,1.0001916119474878,590070,0.880336607672204,0.4743495094276412,0.999999996432431,0.008467946345279394,6.722594696197235e-05,7.162570639298856e-08,0.18667758571857146,0.18667293133696902,0.8803195601876778,0.8803634593670187,0.47432858559776797,0.4743421549278456,7.162573730774442e-08
model.dec.16x16_block4.norm0,0.007779137114772111,0.007779168291872932,0.8164188411239727,0.816422113154295,0.8164155691067638,0.5774625085116992,0.5808501238998465,0.0,1024,1024,1.0,1.0,0.816422113154295,0.5774625085116992,-1.0,1.0,1.0,1024,0.8164130476376329,0.5774683834068152,0.999999993774049,0.00021808728732963575,2.643461322660496e-05,0.0,0.007779309075659117,0.007779339175958465,0.8164211847859043,0.8164148669036374,0.5774635811903219,0.5808513220019553,0.0
model.dec.16x16_block4.norm1,0.005501473231869125,0.005501383734360215,0.8671848404774357,0.8671707331865857,0.867198947997786,0.49797829665121945,0.49812805153251166,0.0,512,512,1.0,1.0,0.8671707331865857,0.49797829665121945,-1.0,1.0,1.0,512,0.8671860784566828,0.49798423547142295,0.9999999924817102,0.00027456792492649355,5.17501568341721e-05,0.0,0.005500850284719038,0.005500772641193028,0.8671776006560723,0.8672020812904019,0.4979706612586452,0.49811926717809185,0.0
model.dec.16x16_block4.norm2,0.005500899255330134,0.005500899185878262,0.8749997408153601,0.8749997297680081,0.8749997518627124,0.4841233806116114,0.48414056254823257,0.0,512,512,1.0,1.0,0.8749997297680081,0.4841233806116114,-1.0,1.0,1.0,512,0.8749997147107885,0.48412343976791905,0.9999999968361006,6.760641177114723e-06,5.264913385240902e-06,0.0,0.005500863957737273,0.005500864475414301,0.8750006619957269,0.8750004973060775,0.48412191617781036,0.48413903845329587,0.0
model.dec.16x16_block4.proj,0.062348895613829135,0.06234759422886155,0.8570963653779299,0.8570784755289645,0.8571142556003108,0.5151453600445365,0.5156240868847789,0.0,65790,65792,0.9999696011673151,1.0000000000000002,0.8570784755289644,0.5151158525038274,-0.9998774059090352,1.0,1.0000498095073722,65789,0.8570877332316913,0.5151704744974367,0.9999999959370742,0.004299741664090111,6.268267117926637e-05,3.5904649379078875e-08,0.06234889143041246,0.062347593210250976,0.8570765107833628,0.8571122037598886,0.5151487274255954,0.5156275036604204,3.590695751578846e-08
model.dec.16x16_block4.qkv,0.10798640163976807,0.10798598606170243,0.8865999677762378,0.8865965557586688,0.8866033798069377,0.4625352424112725,0.4625982388462171,0.0,197375,197376,0.9999949335278858,1.0,0.8865965557586688,0.46252980059106574,-0.9992950223983297,1.0,1.0000612970454823,197372,0.8866132614244996,0.4625115401423614,0.9999999967002973,0.005251797930488162,4.4180580006368225e-05,1.783476507744673e-08,0.10798649409947042,0.1079860828454024,0.8865962163297475,0.8866029693665344,0.46253597961206516,0.4625989541749957,1.7834860457217892e-08
model.dec.16x16_block4.skip,0.08809819953699788,0.08809705296946364,0.8761422051384058,0.876130802451256,0.8761536079739596,0.48204645819531977,0.48206160107883267,0.0,131328,131328,1.0,1.0,0.876130802451256,0.48204645819531977,-0.999969350537898,1.0,1.000001436605921,131325,0.8761465931746815,0.48204475654523654,0.9999999963735543,0.0008269006002454785,1.1296816999030355e-05,0.0,0.0880981896783205,0.08809705936189537,0.8761306309909871,0.8761531132668526,0.48204715249229024,0.48206220818175183,0.0
model.dec.16x16_up.affine,0.08804644773639765,0.08803806469946807,0.8676250961461865,0.8675424882340105,0.8677077119243373,0.49717161736726045,0.49734891930641656,0.0,131328,131328,1.0,1.0,0.8675424882340105,0.49717161736726045,-0.9990188864361049,1.0,1.000276056683639,131328,0.8675315910563643,0.4973820849783731,0.9999999958934211,0.013071990069029139,3.608527820431814e-05,0.0,0.08804656172651493,0.08803817195088148,0.8675429258882401,0.8677082822819161,0.49717069999933416,0.4973480222242013,0.0
model.dec.16x16_up.conv0,0.18669824925843437,0.18669391193710722,0.8740757645518333,0.8740554582689934,0.8740960713064339,0.4857783372807213,0.48581516506037137,0.0,590074,590080,0.9999898318872017,1.0,0.8740554582689934,0.48576787830285467,-0.9994929594648287,1.0,1.000122624156959,590069,0.8740608475188425,0.48581646208271617,0.9999999962478865,0.0060027582225182785,5.50666292112605e-05,1.0760835542184084e-07,0.18669903506621074,0.1866948194314526,0.8740567927848307,0.8740962662507621,0.4857772779907117,0.48581378501857014,1.076094218286475e-07
model.dec.16x16_up.conv1,0.186682749668688,0.1866790071929835,0.8776724550755868,0.8776548601566911,0.8776900503472191,0.4792513456900815,0.47926296274628083,0.0,590074,590080,0.9999898318872017,1.0,0.8776548601566911,0.47924074196588673,-0.9990190668873766,1.0,1.0001839531532637,590070,0.8776566802917226,0.47928984069025804,0.9999999962534706,0.007389288893253161,5.6952102661232196e-05,1.076138398861878e-07,0.18668435344033407,0.18668072401636468,0.8776577120298239,0.8776918389909094,0.4792473869426384,0.47925870784177294,1.0761426927654545e-07
model.dec.16x16_up.norm0,0.005500602916210879,0.005500602379875407,0.8671904945312704,0.8671904099759896,0.8671905790865594,0.497976503297074,0.49811841256091915,0.0,512,512,1.0,1.0,0.8671904099759896,0.497976503297074,-1.0,1.0,1.0,512,0.8671919427834394,0.4979740281227824,0.9999999953949077,5.460853125201695e-05,1.5720315005350535e-05,0.0,0.005500844432002722,0.005500845049948472,0.8671942185751368,0.8671940237399991,0.4979702922292864,0.49811201165450525,0.0
model.dec.16x16_up.norm1,0.0055013439460792945,0.005501345261674739,0.855461600711253,0.8554618052869705,0.8554613961355846,0.5178663707721212,0.5184044617719933,0.0,512,512,1.0,1.0,0.8554618052869705,0.5178663707721212,-1.0,1.0,1.0,512,0.8554601305926282,0.5178686761106429,0.9999999973983312,4.738368170731081e-05,3.8774188542707256e-05,0.0,0.005500841316642675,0.005500835230320767,0.8554730008878886,0.8554748939411176,0.5178452779389066,0.5183834611617226,0.0
model.dec.16x16_up.skip,0.062356181562142086,0.062355616868382556,0.8805023022462906,0.8804943284713918,0.8805102760934002,0.4740375783988726,0.4740440355071543,0.0,65792,65792,1.0,1.0,0.8804943284713918,0.4740375783988726,-0.9999818030226042,1.0,1.0000009577333133,65791,0.8805096585319621,0.4740282070756615,0.9999999964747258,0.00024411432753064936,3.9983845047914195e-06,0.0,0.062356249359391026,0.06235568374244147,0.8804946009500992,0.88051057463202,0.4740370410759644,0.47404350673202145,0.0
model.dec.32x32_aux_conv,0.020215739013139816,0.020215619010877057,0.8739114028030602,0.8739062151942513,0.8739165904426636,0.48608235404943934,0.486112639356052,0.0,6915,6915,1.0,1.0,0.8739062151942513,0.48608235404943934,-0.999984676208281,1.0,1.0,6915,0.8739102332350778,0.48608734117816843,0.9999999956238349,0.00026063021101475366,6.040811436134869e-06,0.0,0.02021572054784973,0.02021560176058095,0.8739062309285487,0.8739165011387126,0.4860824493941078,0.486112704208365,0.0
model.dec.32x32_aux_norm,0.005500904725810679,0.005500957284077047,0.9101757175847681,0.9101844138375104,0.9101670214151133,0.41422631718914005,0.41538743280311075,0.0,512,512,1.0,1.0,0.9101844138375104,0.41422631718914005,0.9999947683832717,1.0,1.0,512,0.9101916598370413,0.4141873255850473,0.9999999944272827,0.00019719297366731044,2.1485063659177947e-05,0.0,0.005500798009353,0.005500854277762421,0.910185507553713,0.910166887017242,0.41422554268812384,0.4153863890319717,0.0
model.dec.32x32_block0.affine,0.0880512821501387,0.08804820253124254,0.8870588429983448,0.8870278178604003,0.8870898692214404,0.4616402289557909,0.4617258898089554,0.0,131328,131328,1.0,1.0,0.8870278178604003,0.4616402289557909,-0.9969331172567739,1.0,1.0001839362354383,131328,0.8870286930197842,0.461714303231036,0.9999999968688595,0.010585057389444744,3.3955109079148596e-05,0.0,0.08805137529427076,0.08804828573866179,0.8870279660515702,0.8870902175829063,0.4616396998420295,0.46172542250308873,0.0
model.dec.32x32_block0.conv0,0.26394131963614254,0.263935082996352,0.8807489115182425,0.8807281004011552,0.8807697231270849,0.4735723344398153,0.473586546707269,0.0,1179887,1179904,0.9999855920481666,1.0,0.8807281004011552,0.47355716088415994,-0.9982830512631837,1.0,1.0002452783909737,1179876,0.8807515182613986,0.47357867652252567,0.9999999963705608,0.009123703101537775,5.482209872642665e-05,3.0417553869491316e-07,0.2639430430237054,0.2639368300479868,0.8807299083692862,0.8807713729722991,0.47356916168931373,0.4735833380168662,3.0416766465847685e-07
model.dec.32x32_block0.conv1,0.18662030131915178,0.1866067527208328,0.8776219424253298,0.8775582272395231,0.8776856622371827,0.4793186450118731,0.47935546729632783,0.0,590075,590080,0.9999915265726681,1.0,0.8775582272395231,0.479309814993777,-0.9979146221786065,1.0,1.0003680078508341,590067,0.8775576335819971,0.47947116670329126,0.9999999963556034,0.011835700699794486,8.335179065308674e-05,8.95658556974926e-08,0.1866218162406353,0.18660809389014654,0.8775592601045844,0.8776883286594953,0.47931481292917905,0.47935207264555285,8.9564256112876e-08
model.dec.32x32_block0.norm0,0.007775642548908642,0.007779436900579479,0.8431872006032993,0.843598658401586,0.8427759434899214,0.5378824221199796,0.5388454864387315,0.0,1023,1024,0.9990234375,1.0,0.843598658401586,0.5369728334139061,-1.0,1.0,1.0,1023,0.8435985899575076,0.536974316827163,0.9999999958142712,4.963854864250034e-05,3.0208433675607777e-05,1.795892818072241e-08,0.0077755555364176394,0.007779359094815254,0.8436052657672078,0.8427805403780785,0.5378742717930534,0.538836399655725,1.7955192954976824e-08
model.dec.32x32_block0.norm1,0.0055012531759028125,0.005501276788384884,0.9062620284531787,0.9062659183115827,0.9062581386114708,0.42271819185652076,0.4235893190714911,0.0,512,512,1.0,1.0,0.9062659183115827,0.4227181918565208,0.9999387067116151,1.0,1.0,512,0.9062713164830248,0.4226964633643195,0.9999999946800004,8.936745446749574e-05,4.336178372576164e-05,0.0,0.005500812997963619,0.005500831400854878,0.906263336876607,0.9062572731249561,0.422721486579383,0.42359296264291046,0.0
model.dec.32x32_block0.skip,0.08809475435919072,0.08809410392381234,0.8731736778648163,0.8731672309082898,0.8731801248689433,0.48740560132230276,0.4874448796649051,0.0,131326,131328,0.9999847709551657,0.9999999999999999,0.8731672309082898,0.48738997785264554,-0.9999386991969594,1.0,1.0000114929758763,131323,0.8731855676981235,0.4873878992980032,0.9999999963015281,0.0021643688156675537,1.3555971697110971e-05,3.590905134674199e-08,0.088094938401812,0.08809429505933766,0.8731678844178186,0.8731806377530504,0.48740459580519385,0.48744382622680826,3.590825143054322e-08
model.dec.32x32_block1.affine,0.08806547243257316,0.08805760881074885,0.8699460290189311,0.8698683490111958,0.8700237159635593,0.49310290767004555,0.49323003655436404,0.0,131328,131328,1.0,1.0,0.8698683490111958,0.49310290767004555,-0.9993869543894066,1.0,1.0001226316757619,131328,0.8699199559890556,0.4931929336269133,0.9999999959746473,0.01051332329828562,2.7986135282925242e-05,0.0,0.0880655304344782,0.08805765728646732,0.8698684357198365,0.8700239908258631,0.4931025354794318,0.4932297087893855,0.0
model.dec.32x32_block1.conv0,0.2639394749154569,0.26392724296531184,0.8709755116322523,0.8709351473440411,0.8710158777911836,0.4913036573544715,0.4913925591695486,0.0,1179890,1179904,0.9999881346279019,1.0,0.870935147344041,0.4912916491187991,-0.9990187660983687,1.0,1.0002452783909737,1179875,0.8709433085054122,0.49138350940788283,0.9999999961464683,0.009742387215309865,5.432324459774819e-05,2.497326810932295e-07,0.26394089119180214,0.2639286775495274,0.8709366515725797,0.8710172608866766,0.49130113247840196,0.49138997419579394,2.497447401447512e-07
model.dec.32x32_block1.conv1,0.186599564927485,0.1865853785761649,0.8778121433586981,0.8777454071288275,0.8778788846626191,0.47896863651437366,0.4790065534274904,0.0,590077,590080,0.9999949159436009,1.0,0.8777454071288276,0.47896333750405884,-0.9975424994063518,1.0,1.0004906771344455,590071,0.8777873600410451,0.47905046763532605,0.9999999963693771,0.0126908727995171,9.012779267154923e-05,5.3698664262244486e-08,0.1866005983043882,0.18658623821225473,0.8777457958837953,0.8778809076225282,0.478965981177293,0.47900433813389726,5.369500897459669e-08
model.dec.32x32_block1.norm0,0.007779316992171223,0.007779345704388524,0.8554835298672635,0.855486687320422,0.8554803724257588,0.5178319317229456,0.5183674124610178,0.0,1024,1024,1.0,1.0,0.855486687320422,0.5178319317229456,-1.0,1.0,1.0,1024,0.8554936828350047,0.5178132499454473,0.9999999959871423,0.00021026341457761305,2.3507831651892305e-05,0.0,0.00777931891350243,0.007779351894526084,0.8554879944572144,0.8554807406884292,0.5178308319442653,0.5183660042399,0.0
model.dec.32x32_block1.norm1,0.005501319814969797,0.005501333797713192,0.8711138922306216,0.8711161063469488,0.8711116781199221,0.4910822870797778,0.4911456471168983,0.0,512,512,1.0,1.0,0.8711161063469488,0.4910822870797778,-1.0,1.0,1.0,512,0.8711188235328047,0.4910722932527681,0.9999999943020925,9.261008944669324e-05,4.764027737608283e-05,0.0,0.005500822209260189,0.005500819582208158,0.871102317978995,0.8711031500119769,0.49110059709085074,0.49116557183776066,0.0
model.dec.32x32_block1.skip,0.08809549441413318,0.08809579087299016,0.8663740730281435,0.8663769885491824,0.8663711575169158,0.4993972808511127,0.49955723018480175,0.0,131326,131328,0.9999847709551657,1.0,0.8663769885491824,0.49938203444028156,-0.9999616905207025,1.0,1.0000076620719776,131325,0.8663867993577937,0.4993735213025616,0.9999999958652114,0.0019460362552368394,1.38211180210337e-05,3.5905199747309896e-08,0.08809565980025413,0.08809595943986528,0.8663775565268398,0.8663716629400211,0.4993963677827444,0.49955628120981294,3.590507263231325e-08
model.dec.32x32_block2.affine,0.08806717689148875,0.08806137977093136,0.8835864980723881,0.8835283350015027,0.8836446649721748,0.46823715502133756,0.46829024509200495,0.0,131328,131328,1.0,1.0,0.8835283350015027,0.46823715502133756,-0.9986314282098195,1.0,1.0001226091221187,131328,0.8835771606040267,0.46828559805068876,0.9999999965237895,0.0104410074001574,2.2664531802272942e-05,0.0,0.08806724272062649,0.08806142486428362,0.8835283482776084,0.883645094305971,0.4682366272562193,0.4682898337748492,0.0
model.dec.32x32_block2.conv0,0.2639477742502775,0.26393106682948486,0.8680309340461478,0.8679759892445964,0.868085882325827,0.4964786900643115,0.49663176014621524,0.0,1179885,1179904,0.9999838969950098,1.0000000000000002,0.8679759892445962,0.4964625289827335,-0.9991418413632462,1.0,1.0002452783909737,1179872,0.8680058335727306,0.4965539980973721,0.9999999961432491,0.009343077848265633,5.270230801882063e-05,3.3965871734714943e-07,0.26394893546129267,0.2639322502535707,0.8679772885321339,0.8680870351744266,0.496476588617402,0.49662958703000554,3.3965627038211364e-07
model.dec.32x32_block2.conv1,0.1865699383302888,0.18655172353692662,0.8725226012997149,0.8724374170571262,0.8726077938596397,0.488526051678759,0.4886165812088249,0.0,590077,590080,0.9999949159436009,1.0,0.8724374170571262,0.488520841709511,-0.997699598196485,1.0,1.0004907975460122,590071,0.8724773358341905,0.4886545800953679,0.9999999963526133,0.014167817388593249,9.57982016706653e-05,5.383276648460104e-08,0.18657053718776187,0.18655220078941367,0.872437714137903,0.8726092280797496,0.4885241877046371,0.48861501369342525,5.383434434294207e-08
model.dec.32x32_block2.norm0,0.007779401054355854,0.007779391521244762,0.9023532661843958,0.9023521604136724,0.9023543719564743,0.43099666789705865,0.43162527616379986,0.0,1024,1024,1.0,1.0,0.9023521604136724,0.43099666789705865,0.9997548418730081,1.0,1.0,1024,0.9023502315324574,0.43100355102539817,0.9999999984752787,8.317752297877809e-05,1.9319573157545787e-05,0.0,0.007779366823714304,0.007779354925863624,0.9023480283293881,0.9023507884580657,0.43100461360642384,0.4316331588538926,0.0
model.dec.32x32_block2.norm1,0.005501185960149694,0.005501192244735898,0.871129897364256,0.8711308925480171,0.8711289021816319,0.49105320776999534,0.49111697948311284,0.0,512,512,1.0,1.0,0.8711308925480171,0.4910532077699954,-1.0,1.0,1.0,512,0.8711374525573248,0.49103924050538833,0.9999999962524011,0.00035517193220921183,8.063704735114596e-05,0.0,0.005500764379905456,0.005500772885396616,0.8711400764776205,0.8711373825040114,0.4910377374836339,0.4911011724394615,0.0
model.dec.32x32_block2.skip,0.08809550038834173,0.0880956828094219,0.8678704634440025,0.8678722605603897,0.8678686663313365,0.4967915868785484,0.49691699969020164,0.0,131326,131328,0.9999847709551657,1.0000000000000002,0.8678722605603896,0.4967762585027799,-0.999954028624843,1.0,1.0000076619545646,131326,0.8678805040436304,0.4967730168525472,0.9999999957777925,0.0018385261658316581,1.722353024087778e-05,3.590987677576131e-08,0.08809556557121218,0.08809575464708753,0.8678724483557425,0.8678687230101244,0.49679141086279355,0.49691678020764907,3.591092975256258e-08
model.dec.32x32_block3.affine,0.08807309877726069,0.08807268468214458,0.9095233658990937,0.9095190895742108,0.9095276422440828,0.415650841789961,0.41676663632232624,0.0,131328,131328,1.0,1.0,0.9095190895742108,0.415650841789961,0.997179531983841,1.0,1.0001226147597517,131328,0.9095280260305004,0.41564259890489297,0.9999999972495002,0.007235260747733839,1.9840848253437424e-05,0.0,0.0880731581047353,0.08807272931848276,0.9095190861640875,0.9095279422591113,0.41565044794834466,0.41676634956375236,0.0
model.dec.32x32_block3.conv0,0.2639406499470941,0.26393104993188693,0.8561065655352473,0.8560754273378923,0.8561377048651982,0.5167805339693495,0.5173081862560992,0.0,1179883,1179904,0.9999822019418529,1.0,0.8560754273378922,0.5167633204912179,-0.9995095635115253,1.0,1.0002452783909737,1179875,0.8560927505985321,0.5168222154251739,0.999999995643794,0.009855607972570436,5.117282186426002e-05,3.7655021475317016e-07,0.26394144949777765,0.2639318677391132,0.8560763168094302,0.8561384757721325,0.5167791945623867,0.5173067689284221,3.765507323332817e-07
model.dec.32x32_block3.conv1,0.18651518467310657,0.18649207397406697,0.8661709428372565,0.8660636174416764,0.8662782815329458,0.49968591150773156,0.4999116778610652,0.0,590075,590080,0.9999915265726681,1.0,0.8660636174416764,0.49967744059364644,-0.998089639117245,1.0,1.000491883915396,590071,0.8661216243799751,0.49983330372956153,0.9999999957820892,0.01764853075615256,0.00011082889781304184,8.947359355308469e-08,0.18651583022025303,0.1864926767344373,0.866064216932126,0.8662792779274319,0.49968441428490246,0.4999102643959427,8.947537316513072e-08
model.dec.32x32_block3.norm0,0.007779437542502462,0.00777944001248334,0.8906231943633764,0.8906234771373235,0.8906229115895191,0.45474218737033395,0.454888573856868,0.0,1024,1024,1.0,1.0,0.8906234771373235,0.454742187370334,-0.9999823776894219,1.0,1.0,1024,0.8906227232127006,0.4547429663571799,0.9999999975949245,2.9696243266910734e-05,1.667071910651911e-05,0.0,0.007779380193555965,0.0077793774893829635,0.8906266549862576,0.8906272741640714,0.4547345007942221,0.45488130798955184,0.0
model.dec.32x32_block3.norm1,0.0055015620747872205,0.005501565363604477,0.9179884294947165,0.9179889782654379,0.9179878807243231,0.39660740207101247,0.39851127596373875,0.0,512,512,1.0,1.0,0.9179889782654379,0.39660740207101247,0.9997548418730081,1.0,1.0,512,0.9179747622045168,0.39663879356435444,0.9999999960192543,0.00027094755892381257,7.777537411901529e-05,0.0,0.005500752018286972,0.0055007608146465685,0.9179947290098729,0.9179917930504449,0.39659661591038187,0.3985005524523825,0.0
model.dec.32x32_block3.skip,0.08809411586998964,0.08809412647553816,0.8672676009893997,0.8672677053987411,0.8672674965800709,0.49784231233403564,0.4979823212864517,0.0,131327,131328,0.9999923854775828,1.0,0.8672677053987411,0.4978346654884847,-0.9999387048331239,1.0,1.0000153240265413,131326,0.8672714005456021,0.4978356332085534,0.9999999960195711,0.0027055768929496763,2.2684100647681258e-05,1.7951774380336827e-08,0.08809410040344756,0.08809411968344381,0.8672673082103562,0.8672669285957193,0.49784320204587157,0.4979831702599657,1.7951732319791292e-08
model.dec.32x32_block4.affine,0.08806705044063555,0.08805821126949405,0.8840719476888526,0.8839832145791603,0.8841606897054615,0.46730391514740033,0.46737845647113796,0.0,131328,131328,1.0,1.0,0.8839832145791603,0.46730391514740033,-0.997884616534808,1.0,1.0000919652984275,131328,0.8839794183761324,0.467525815256414,0.9999999966221005,0.011127673223757953,1.9594702524691228e-05,0.0,0.08806709808752176,0.0880582533018468,0.8839832857580536,0.8841608735495751,0.46730364420339415,0.46737821956475784,0.0
model.dec.32x32_block4.conv0,0.22858621306001545,0.2285752860453052,0.8762003842648391,0.8761584996106431,0.8762422709213261,0.48192393658164423,0.4819553156135082,0.0,884977,884992,0.9999830506942435,1.0,0.8761584996106432,0.4819065024150117,-0.998772704958272,1.0,1.0002452633515238,884969,0.8761817346359595,0.4819808792004064,0.9999999963444216,0.01056517856266995,4.8052780398458956e-05,2.6675630363786396e-07,0.2285868938013916,0.22857598196060636,0.8761593015864734,0.8762429563862555,0.481922616583873,0.481953958248171,2.6674722026461955e-07
model.dec.32x32_block4.conv1,0.18607448094172951,0.1859811159083365,0.8399309076259941,0.8395094625313124,0.8403525642918084,0.5424210457208186,0.5440718814338446,0.0,590070,590080,0.9999830531453362,1.0,0.8395094625313124,0.5424066317862468,-0.9990186457311089,1.0,1.0015974440894568,590062,0.8397979884063885,0.5428990132265775,0.9999999949743694,0.032526667954318675,0.0001100765246501636,1.6448629963115377e-07,0.18607462219462156,0.18598127419923383,0.8395098022492106,0.8403527497385723,0.542420689362408,0.5440714481439618,1.6448753436092705e-07
model.dec.32x32_block4.norm0,0.006737169617224854,0.006737172437719381,0.8385449138428764,0.8385452648970246,0.8385445627888752,0.5448327046099215,0.5463381505075061,0.0,768,768,1.0,1.0,0.8385452648970246,0.5448327046099215,-1.0,1.0,1.0,768,0.8385444046727293,0.5448332567143754,0.999999994521519,3.029167065637841e-05,1.4473935140604377e-05,0.0,0.006737135471825253,0.006737144076034284,0.8385470724156692,0.8385449305497376,0.5448314983626299,0.5463364408689274,0.0
model.dec.32x32_block4.norm1,0.005501658275318238,0.005501649872180587,0.9336365497629326,0.9336351237426219,0.9336379757854216,0.358221162064777,0.36235285733622896,0.0,512,512,1.0,1.0,0.9336351237426219,0.35822116206477694,0.9999387067116151,1.0,1.0,512,0.9336022936905857,0.3583109759834079,0.9999999979084784,0.0004953598647052099,9.594297765912073e-05,0.0,0.005500679355477266,0.005500691221119093,0.9336302161643504,0.9336261882670007,0.35824423751892487,0.36237265213813824,0.0
model.dec.32x32_block4.skip,0.07620791557252973,0.07618655405838984,0.850720876078338,0.8504824141562801,0.8509594048613768,0.5254703896086199,0.5263688761000312,0.0,98559,98560,0.9999898538961038,0.9999999999999997,0.8504824141562805,0.5254607047516601,-0.9999484247767242,1.0,1.0002454590083456,98559,0.8505267562181418,0.5259317801358468,0.9999999956619785,0.02121297710828399,6.91302096444116e-05,1.795892818072241e-08,0.07620775114777263,0.07618643035080257,0.8504818142977894,0.8509578961213323,0.525472375837418,0.5263706500028794,1.7954545941310704e-08
model.dec.32x32_up.affine,0.08806401089157884,0.08806497689134649,0.900448612972993,0.900458490255916,0.9004387357984155,0.43496717810484054,0.43548661706926245,0.0,131328,131328,1.0,1.0,0.900458490255916,0.43496717810484054,-0.39273048540243594,1.0,1.000214612012141,131328,0.9004453688191376,0.4349691231662014,0.9999999972184471,0.007935053149730354,2.570185840994065e-05,0.0,0.08806408413683578,0.08806505004460408,0.900458725171388,0.9004389726064961,0.4349666893654354,0.43548615129292406,0.0
model.dec.32x32_up.conv0,0.18668659542809482,0.18668294905470179,0.8845521987288881,0.8845349216041176,0.884569476191123,0.4664321051648114,0.4664735412747688,0.0,590067,590080,0.9999779690889371,0.9999999999999998,0.8845349216041178,0.46640849104026216,-0.9985279685966634,1.0,1.000122624156959,590063,0.8845521655163735,0.46644127878837555,0.9999999965386556,0.007390412176877294,5.549237609483838e-05,2.3324822824831994e-07,0.18668771704301126,0.18668422961784584,0.88453721360281,0.8845702617735931,0.4664295842292932,0.46647063507381564,2.3324457441692567e-07
model.dec.32x32_up.conv1,0.18663576835880707,0.18662764886041908,0.8836133013901559,0.8835748602229598,0.8836517442297891,0.468197030369396,0.4682397382384819,0.0,590071,590080,0.9999847478308026,1.0,0.8835748602229598,0.468180932718,-0.9973019376992887,1.0,1.0002453385672228,590063,0.8836054870495409,0.4682321465324991,0.9999999963927874,0.010431062308912156,6.886317457565666e-05,1.5952040941042075e-07,0.186637692574649,0.18662947295289914,0.883576879097221,0.8836547106160169,0.4681920755594829,0.4682350654264678,1.5951971741403198e-07
model.dec.32x32_up.norm0,0.0055009841571809935,0.0055009834404119926,0.8437504060737325,0.8437502961344711,0.8437505160130083,0.5367356678816555,0.5378970822847786,0.0,512,512,1.0,1.0,0.8437502961344711,0.5367356678816555,-1.0,1.0,1.0,512,0.843748812670572,0.5367382465290691,0.9999999984877319,2.2035812307483347e-05,1.5579336423165047e-05,0.0,0.005500854213819217,0.005500851549879123,0.8437515607731619,0.8437523779936,0.5367330203537198,0.5378944931619182,0.0
model.dec.32x32_up.norm1,0.005501245430589894,0.0055013012991086616,0.8515916008225934,0.8516002492571949,0.8515829524758212,0.5242111471477057,0.5249264035316005,0.0,512,512,1.0,1.0,0.8516002492571949,0.5242111471477057,-1.0,1.0,1.0,512,0.8516007241095539,0.5241910015231481,0.9999999939919897,0.0001807006997785373,6.608874970902019e-05,0.0,0.005500767919313787,0.005500824301095437,0.8515931668804917,0.8515757098263136,0.52422283223013,0.524938391694675,0.0
model.dec.32x32_up.skip,0.062355986991231925,0.062355818066596916,0.8741054548208893,0.874103086837444,0.8741078228107496,0.4857348819221278,0.4857616233327878,0.0,65792,65792,1.0,1.0,0.874103086837444,0.4857348819221278,-0.9999786659228773,1.0,1.0000009577351479,65792,0.8741004595016886,0.4857451867904107,0.9999999961965871,0.0005474128082549974,5.465707500510447e-06,0.0,0.06235603064079576,0.062355863232166055,0.8741033655604266,0.8741080590290273,0.4857344304024828,0.48576115546289456,0.0
model.dec.8x8_block0.affine,0.08799712373398122,0.08798690565121535,0.9066564353189216,0.9065511558495118,0.9067617270146318,0.4218207896334649,0.4227769251051129,0.0,131328,131328,1.0,1.0,0.9065511558495118,0.4218207896334649,0.9723219182925162,1.0,1.000552181115406,131328,0.9065669855610732,0.4220619629960735,0.9999999971023239,0.017102544790423828,3.9390346305886244e-05,0.0,0.08799719138573815,0.0879869565831441,0.9065510612712853,0.906761976869514,0.4218205427210157,0.4227767884056468,0.0
model.dec.8x8_block0.conv0,0.2638890870177905,0.26387548086726953,0.882024806146724,0.8819793288501397,0.8820702857882438,0.4711786772745979,0.4712124735215635,0.0,1179888,1179904,0.9999864395747451,1.0,0.8819793288501399,0.4711643012333253,-0.9974236290025764,1.0,1.0002453987730062,1179876,0.8820126706739839,0.4712256878364741,0.9999999965841702,0.012058910514721407,4.7312282329753404e-05,2.866183331204572e-07,0.2638899878704021,0.26387637711038503,0.881980178202847,0.882071165734745,0.47117705070735744,0.4712108619727137,2.866143080718307e-07
model.dec.8x8_block0.conv1,0.18662824784174523,0.18662258513149949,0.8771201146845128,0.8770935009370355,0.8771467292395337,0.48025650141295145,0.4802749559832288,0.0,590076,590080,0.9999932212581345,1.0,0.8770935009370355,0.48024946050658746,-0.9984037328094303,1.0,1.0002453686664212,590072,0.877110055244125,0.48028944518981037,0.9999999964407834,0.011507061936438146,3.7957692104219214e-05,7.1564260179131e-08,0.1866284007195264,0.18662278565500012,0.8770938878004793,0.8771466682029209,0.48025632650412486,0.4802746578474637,7.15647045771048e-08
model.dec.8x8_block0.norm0,0.007778600595104176,0.007778699220314619,0.8789178126878228,0.8789289565244525,0.8789066689924847,0.47697929475957623,0.47697327790698185,0.0,1024,1024,1.0,1.0,0.8789289565244525,0.4769792947595763,-0.9999425352174718,1.0,1.0,1024,0.8789379039990188,0.47693622629055654,0.9999999980845533,0.0005665604977182975,2.7857750300480804e-05,0.0,0.007778871211549392,0.007778962710914915,0.8789335923883836,0.8789129157516516,0.47696883064894785,0.47696324878384094,0.0
model.dec.8x8_block0.norm1,0.005501154654721047,0.005501136901969738,0.8671910983759238,0.8671882998674518,0.8671938968934267,0.4979738932840326,0.498117281253118,0.0,512,512,1.0,1.0,0.8671882998674518,0.4979738932840325,-1.0,1.0,1.0,512,0.8671893734621215,0.49797850188785275,0.9999999913341753,7.313870545778373e-05,2.5644519800897265e-05,0.0,0.005500826392251973,0.005500803413155624,0.8671874419116433,0.8671946871170818,0.4979734790412906,0.4981173160879647,0.0
model.dec.8x8_block0.skip,0.08809706869293751,0.08809661795177685,0.8817994961855606,0.881794984533422,0.881804007860783,0.4716220652683134,0.47163235733936704,0.0,131327,131328,0.9999923854775828,0.9999999999999999,0.8817949845334221,0.47161399233916096,-0.9999080558407527,1.0,1.0000153240265413,131325,0.8818057191451466,0.4716128429906637,0.9999999963793146,0.0009439258711032723,7.726423223375196e-06,1.7955075957275716e-08,0.0880970149115334,0.08809656236540325,0.8817946989221701,0.8818037583858501,0.47162255582839824,0.47163285732898397,1.7955014541406462e-08
model.dec.8x8_block1.affine,0.08806374225241081,0.08806163958780297,0.863141945232986,0.8631213363197903,0.8631625546382649,0.5049493104435336,0.505212100325233,0.0,131328,131328,1.0,1.0,0.8631213363197903,0.5049493104435337,-0.9994480559303324,1.0,1.0001686082158185,131328,0.8631288669230621,0.5049837215841974,0.9999999956778266,0.009533694586115055,3.218056965106148e-05,0.0,0.08806392963377578,0.08806181357715635,0.8631217482754789,0.8631632290571769,0.5049483052231043,0.5052111443753303,0.0
model.dec.8x8_block1.conv0,0.26375612564394224,0.2637368825772123,0.8700726854624711,0.8700092068732804,0.8701361686832578,0.4928874817623818,0.4930045270344278,0.0,1179892,1179904,0.9999898296810588,1.0,0.8700092068732804,0.4928771594167988,-0.9994677276726727,1.0,1.0002459722051409,1179883,0.8700484987151481,0.49296613458185534,0.9999999960822687,0.01738465253468201,4.350495571351062e-05,2.1506489947274683e-07,0.2637560262245694,0.2637368790213762,0.8700087363099896,0.8701350655424178,0.4928890496546028,0.49300593191484143,2.1506610460617138e-07
model.dec.8x8_block1.conv1,0.18669186504833082,0.1866895908443251,0.8617017611637982,0.8616912642650905,0.8617122581903764,0.5074089101059912,0.5077121532813618,0.0,590072,590080,0.999986442516269,1.0,0.8616912642650904,0.5073955538336451,-0.9997547516860822,1.0,1.0001226692836114,590068,0.8617009266512959,0.5074165085077305,0.9999999958842982,0.007128403105688476,4.799432538721273e-05,1.4352621056898698e-07,0.1866919841006078,0.18668978455870225,0.8616910211203165,0.8617113257843368,0.5074101111870851,0.5077131758094234,1.4351877009274454e-07
model.dec.8x8_block1.norm0,0.00777902436222983,0.007779025070746325,0.8378922942090157,0.8378923705245642,0.837892217893474,0.5458356507022007,0.5473872106340355,0.0,1024,1024,1.0,1.0,0.8378923705245642,0.5458356507022007,-1.0,1.0,1.0,1024,0.837892660996765,0.5458350395957743,0.9999999961314083,1.2496007752208503e-05,1.343610220428032e-05,0.0,0.007779379335746351,0.0077793792686596105,0.8378932274803271,0.837893241931744,0.5458341525548543,0.5473856778502857,0.0
model.dec.8x8_block1.norm1,0.005500888065666702,0.005500889382622496,0.8984503807583278,0.8984505958544035,0.8984501656623037,0.4390751708131858,0.4395022193727851,0.0,512,512,1.0,1.0,0.8984505958544035,0.43907517081318587,0.1001103211571478,1.0,1.0,512,0.8984493980394463,0.43907707425668413,0.9999999966679639,1.625736924877751e-05,9.863312635757125e-06,0.0,0.005500855251566377,0.005500857318962971,0.8984396300774173,0.898438954753345,0.439097919341678,0.4395244013201117,0.0
model.dec.8x8_block1.skip,0.08809773642286431,0.08809838968380201,0.8737051799747683,0.87371165865956,0.8736987013380167,0.4864594206566683,0.48648555369456853,0.0,131326,131328,0.9999847709551657,1.0,0.87371165865956,0.48644376881705714,-0.9999693514772588,1.0,1.0000076618958595,131326,0.8737110114032681,0.48644533963981573,0.9999999961561469,0.0005437061172056743,6.894493752373034e-06,3.590685026171888e-08,0.08809768195236219,0.08809833784316375,0.873711434765526,0.8736984252769454,0.4864598841592192,0.4864860033757745,3.5906847810769686e-08
model.dec.8x8_block2.affine,0.08807643932658273,0.08806219954570199,0.849931715420529,0.8497943024928072,0.8500691505681135,0.5268076680132295,0.527690544354773,0.0,131328,131328,1.0,1.0,0.8497943024928072,0.5268076680132295,-0.9997470948467673,1.0,1.000122624156959,131328,0.8497649400456161,0.5271617839561691,0.9999999953292349,0.008593826401575032,3.164356972796957e-05,0.0,0.08807660150312721,0.08806235960766581,0.8497947463764612,0.8500696349133975,0.526806906982001,0.5276897586367737,0.0
model.dec.8x8_block2.conv0,0.26401083628731115,0.26400732981780795,0.870303722655855,0.8702921636853789,0.870315281779854,0.49250886990148746,0.4925933521332498,0.0,1179897,1179904,0.999994067313951,1.0,0.8702921636853787,0.4925028486710417,-0.9996628662498468,1.0,1.0001226091221187,1179888,0.8703025909948376,0.4925174110749749,0.9999999961514315,0.006122596394836678,4.978241260076688e-05,1.2559806445521838e-07,0.26401085883672804,0.26400746474830283,0.8702915650242152,0.8703139421605405,0.49251079204363574,0.49259508454060946,1.2559431186034023e-07
model.dec.8x8_block2.conv1,0.18670708009668394,0.18670458811738136,0.8649048331315027,0.8648932892471372,0.8649163771699464,0.501929182648741,0.5021356102244184,0.0,590075,590080,0.9999915265726681,1.0,0.864893289247137,0.5019207406566506,-0.9997547817557626,1.0,1.0001226091221187,590074,0.8649056505724563,0.501934473510209,0.9999999960086041,0.005591731738442641,5.517755695051758e-05,8.975281944490993e-08,0.1867077328512111,0.18670535077349476,0.8648938400642118,0.8649159096779392,0.5019294063253387,0.5021355459505705,8.974946926717358e-08
model.dec.8x8_block2.norm0,0.007778841390159946,0.007778841129121455,0.8711021710169761,0.8711021417849625,0.8711022002489905,0.49110181374400025,0.49116658918933326,0.0,1024,1024,1.0,1.0,0.8711021417849625,0.4911018137440002,-1.0,1.0,1.0,1024,0.871099316518592,0.4911068910921706,0.9999999935597419,4.6061831678401845e-05,1.5685277939250655e-05,0.0,0.0077793801205717945,0.007779377875897709,0.8710964895506923,0.8710969922459024,0.49111132018059234,0.491176300732376,0.0
model.dec.8x8_block2.norm1,0.0055009561028363995,0.005500935035636453,0.8281125515127679,0.8281093800617737,0.8281157229759079,0.5605597159981166,0.562873625798076,0.0,512,512,1.0,1.0,0.8281093800617737,0.5605597159981165,-1.0,1.0,1.0,512,0.8281045928518374,0.5605736223995527,0.9999999986617221,5.934676043165578e-05,3.791624450985318e-05,0.0,0.005500856481663097,0.005500842241042646,0.8281293600030535,0.8281336477432388,0.560532412538717,0.5628441056904998,0.0
model.dec.8x8_block2.skip,0.08809854255714816,0.08809789441857206,0.8571427821167361,0.857136476140653,0.8571490881392124,0.5150750890674362,0.5155454526676302,0.0,131327,131328,0.9999923854775828,1.0000000000000002,0.8571364761406529,0.5150676972218039,-0.9999923381041405,1.0,1.0000038309479298,131325,0.8571482450736745,0.5150697877356663,0.9999999958557628,0.0007753055799884015,8.221242312255925e-06,1.7955626249613068e-08,0.08809849094160004,0.0880978424813177,0.8571360166890489,0.8571486349483235,0.5150758465422116,0.5155462216881956,1.7955341275366696e-08
model.dec.8x8_block3.affine,0.08806668623875079,0.0880615779762122,0.8492873811675528,0.8492381186927282,0.8493366464999875,0.527900191474922,0.5287677936972167,0.0,131328,131328,1.0,1.0,0.8492381186927282,0.527900191474922,-0.9997241463863177,1.0,1.000122624156959,131328,0.8492469665359776,0.5279958237924484,0.99999999551588,0.010103033953793174,3.3158267586643114e-05,0.0,0.08806683694472808,0.08806170877485764,0.8492384445418302,0.8493373562225139,0.5278992392881369,0.5287669099684726,0.0
model.dec.8x8_block3.conv0,0.26401735176169683,0.26401175700909685,0.8649600776357075,0.8649417483948036,0.8649784072650316,0.5018300415768218,0.5020386931595852,0.0,1179897,1179904,0.999994067313951,1.0000000000000002,0.8649417483948034,0.5018241303062249,-0.9997547817557626,1.0,1.0001226091221187,1179885,0.8649606118187838,0.5018397552345233,0.9999999958821743,0.005838054538545694,5.407914564774011e-05,1.256442650797527e-07,0.2640178813460265,0.26401247522998417,0.8649421027121912,0.8649775254720247,0.5018308546954343,0.5020391666816368,1.2564981415649162e-07
model.dec.8x8_block3.conv1,0.18670514357163154,0.18670042659576688,0.8692927092537424,0.8692707471767988,0.8693146718855566,0.4942851809726125,0.4943940736939767,0.0,590075,590080,0.9999915265726681,1.0,0.8692707471767988,0.4942766171049581,-0.9996321275291232,1.0,1.000122616639078,590071,0.8692866004735952,0.4943084122081146,0.9999999962331667,0.005505739566932944,5.833361677987869e-05,8.966008179880511e-08,0.18670630429374308,0.18670171054594428,0.8692721896491068,0.8693149666148039,0.49428397974312177,0.49439253656809123,8.966100927336557e-08
model.dec.8x8_block3.norm0,0.007778826297794218,0.00777875733528893,0.8398459563625582,0.8398385107815683,0.8398534020095567,0.5428199932403331,0.5442401107551484,0.0,1024,1024,1.0,1.0,0.8398385107815683,0.5428199932403331,-1.0,1.0,1.0,1024,0.8398450054317402,0.5428262765573952,0.9999999936029175,0.00022135442981550735,3.098384751815127e-05,0.0,0.00777937717793615,0.007779312885678024,0.8398384698773051,0.8398523516521108,0.5428211636316852,0.5442410150105375,0.0
model.dec.8x8_block3.norm1,0.005501139205423338,0.0055011576295021835,0.8788966788272831,0.8788996223742656,0.878893735290159,0.47701378604734523,0.477012223992152,0.0,512,512,1.0,1.0,0.8788996223742656,0.4770137860473453,-1.0,1.0,1.0,512,0.8788962779820418,0.4770129296538987,0.9999999991970547,7.584262575641532e-05,1.3646330482027697e-05,0.0,0.005500835912974876,0.005500850297109885,0.8789102477680784,0.8789056512615555,0.4769926688899895,0.4769914526056211,0.0
model.dec.8x8_block3.skip,0.08809882147885542,0.08809866756260723,0.8597091616690462,0.8597076596829076,0.859710663657809,0.5107829732018249,0.5111509006292743,0.0,131328,131328,1.0,1.0,0.8597076596829076,0.5107829732018249,-0.9999923380454354,1.0,1.0000038309479298,131328,0.8597081269009597,0.5107856075189899,0.9999999960031472,0.0005120697863224356,8.349323792346997e-06,0.0,0.0880987783487914,0.0880986300656312,0.8597072955159882,0.8597101895501363,0.5107837113164405,0.511151615636238,0.0
model.dec.8x8_block4.affine,0.08805319715750974,0.08806313661714835,0.84758172654526,0.84767740171247,0.8474860621766599,0.5307247833885324,0.5316046294318283,0.0,131328,131328,1.0,1.0,0.84767740171247,0.5307247833885324,-0.999877345762296,1.0,1.000245308475408,131328,0.8476697388118142,0.5305242826141617,0.999999995505982,0.009518981098496327,3.544730412605945e-05,0.0,0.08805333512531581,0.08806326892725225,0.8476778802721319,0.8474866498230933,0.5307238976149657,0.5316037319224212,0.0
model.dec.8x8_block4.conv0,0.2640140615809534,0.26400898378396176,0.8686507235446022,0.86863401673738,0.8686674306731536,0.49541546123068236,0.49553435073448077,0.0,1179897,1179904,0.999994067313951,0.9999999999999998,0.8686340167373803,0.49540947573526045,-0.9996322177271055,1.0,1.0001226091221187,1179881,0.8686466750828032,0.4954320880697928,0.9999999961179177,0.00569497396008569,5.472701122757326e-05,1.2559256865741702e-07,0.26401489186610877,0.2640099541940272,0.8686347628433635,0.8686672546010226,0.4954152244663902,0.49553385050139265,1.2559762370851092e-07
model.dec.8x8_block4.conv1,0.1867005530364936,0.18669801292466043,0.8737669295531394,0.8737550417162739,0.8737788175517445,0.4863382739577581,0.4863737571065233,0.0,590073,590080,0.9999881372017354,1.0,0.8737550417162739,0.48632609051346076,-0.9995095635115253,1.0,1.000122616639078,590066,0.8737724368915899,0.48633499626654236,0.9999999962785586,0.005917709174507398,5.94254601832413e-05,1.2549808262615509e-07,0.18670195782373872,0.18669954741623734,0.8737571445314829,0.8737797061755824,0.486335924679544,0.4863710581061593,1.2549132209931813e-07
model.dec.8x8_block4.norm0,0.0077787135335900095,0.007778687968461898,0.8378946346296984,0.8378918808473942,0.837897388421053,0.5458302143721536,0.5473832286319448,0.0,1024,1024,1.0,1.0,0.8378918808473942,0.5458302143721535,-1.0,1.0,1.0,1024,0.8378889493038767,0.5458407363602871,0.9999999960776726,0.0001095940595483906,2.4381607431064482e-05,0.0,0.007779367007604186,0.007779347722827218,0.8378999328449128,0.8379040871092369,0.5458193333100599,0.5473714216147435,0.0
model.dec.8x8_block4.norm1,0.0055011306198620834,0.005501091244692358,0.8632916693400552,0.8632854902001016,0.8632978485242372,0.5047017407939293,0.50495197587475,0.0,512,512,1.0,1.0,0.8632854902001016,0.5047017407939293,-1.0,1.0,1.0,512,0.863292673417051,0.5047036403498428,0.9999999957505873,0.00022178752637879484,4.427551389094518e-05,0.0,0.0055008469591689545,0.005500794323181639,0.8632743110681108,0.8632908321414021,0.5047160850710369,0.5049677411250212,0.0
model.dec.8x8_block4.skip,0.08809744396134932,0.088098392172204,0.8696319092917644,0.8696412693183314,0.8696225493659402,0.49370597446695896,0.4937911973926947,0.0,131324,131328,0.9999695419103314,1.0000000000000002,0.8696412693183313,0.493675126514403,-0.9999846757386294,1.0,1.0000038309479298,131323,0.8696485624891167,0.4936713254951673,0.999999996003786,0.0005316334949539166,7.879376099246084e-06,7.182085412987285e-08,0.0880974127943503,0.08809836473070178,0.8696409684296907,0.8696221749281193,0.49370659013215923,0.4937917952208621,7.182127052483369e-08
model.dec.8x8_in0.affine,0.0880590098810284,0.08805668225922776,0.8562633958507806,0.8562407626489088,0.8562860296509208,0.5165257902865747,0.5170420057279672,0.0,131328,131328,1.0,1.0,0.8562407626489088,0.5165257902865747,-0.9997547516860822,1.0,1.0001533224985435,131328,0.8562647042304483,0.5165372746640372,0.9999999955790921,0.008373423644153818,4.5902891560555995e-05,0.0,0.08805912620795635,0.08805679109872228,0.8562412133060499,0.8562866258914806,0.5165248786927799,0.5170411032374153,0.0
model.dec.8x8_in0.conv0,0.1866591709941789,0.1866511246905863,0.8775256954081796,0.8774878679705138,0.8775635244765405,0.4795089462827398,0.4795320081348557,0.0,590069,590080,0.9999813584598698,1.0,0.8774878679705139,0.4794895132007989,-0.9986968945170815,1.0,1.0002452783909737,590065,0.8775185084182514,0.47954276920402344,0.9999999963678902,0.009163455919337784,4.635143157117243e-05,1.9727454559359525e-07,0.18665965594637032,0.18665163706356883,0.8774885316203219,0.877563930142994,0.47950803840185313,0.4795310277762885,1.9727372125515072e-07
model.dec.8x8_in0.conv1,0.18668446806011296,0.18667955581660692,0.8783322209621783,0.8783091093354136,0.8783553331970972,0.47803816059919535,0.47805128552874265,0.0,590071,590080,0.9999847478308026,0.9999999999999998,0.8783091093354137,0.47802220613125795,-0.9990188864361049,1.0,1.0001417874414649,590062,0.8783294450496822,0.4780558398358164,0.9999999963523365,0.0074437760132411036,4.480948208145002e-05,1.6150902996359325e-07,0.1866848428595759,0.18668001887071792,0.8783100121210977,0.8783554054361559,0.4780374909072654,0.47805038936670685,1.61509370799805e-07
model.dec.8x8_in0.norm0,0.005500940958100024,0.005500929269611702,0.9257857829936177,0.9257838158690118,0.9257877501224032,0.37804771742093285,0.3809232091268545,0.0,512,512,1.0,1.0,0.9257838158690118,0.37804771742093285,0.9999387067116151,1.0,1.0,512,0.9257857009607682,0.3780487199966566,0.9999999963855921,3.248630019453507e-05,2.929579415348933e-05,0.0,0.005500852041630566,0.005500844694853162,0.9257818213674653,0.925784294266769,0.37805468927882263,0.3809294387741663,0.0
model.dec.8x8_in0.norm1,0.005500684014530206,0.005500662942695526,0.8828164992130075,0.8828131173493565,0.8828198810896137,0.4697162316953546,0.46973293640817193,0.0,512,512,1.0,1.0,0.8828131173493565,0.4697162316953546,-0.9999662886913883,1.0,1.0,512,0.8828126388276333,0.4697252878787997,0.9999999981209832,4.265953282877988e-05,2.1040299384557843e-05,0.0,0.005500846872117218,0.005500836931914166,0.8828145940434855,0.8828177845995261,0.469717764710141,0.4697335038558663,0.0
model.dec.8x8_in0.norm2,0.005500874246898792,0.00550087066036549,0.832031133429446,0.832030590950699,0.8320316759085467,0.5547285748327747,0.5567203345082177,0.0,512,512,1.0,1.0,0.832030590950699,0.5547285748327747,-1.0,1.0,1.0,512,0.8320307810036508,0.5547294683288043,0.9999999969116038,8.637571083325473e-06,4.283075129212424e-06,0.0,0.005500859663072143,0.005500857441184698,0.832032123432008,0.8320327955752592,0.5547267234815553,0.5567182412855555,0.0
model.dec.8x8_in0.proj,0.062340403167324136,0.062338142798742016,0.8851039427320099,0.8850718502038514,0.8851360364238371,0.46537651887597503,0.4654328198012364,0.0,65792,65792,1.0,1.0,0.8850718502038514,0.46537651887597503,-0.9986512996566944,1.0,1.000122616639078,65792,0.8851077323996873,0.4653861853849887,0.9999999962920916,0.007183922933520501,2.59688926769275e-05,0.0,0.06234038373147912,0.062338127674292504,0.8850716607916498,0.8851357245833527,0.4653770276863513,0.46543329508647135,0.0
model.dec.8x8_in0.qkv,0.10787389729809378,0.10786648606887203,0.877425376956146,0.8773650954537949,0.8774856626002844,0.479680194063542,0.4797157934925833,0.0,197375,197376,0.9999949335278858,1.0,0.8773650954537947,0.4796749017870497,-0.9984051036682615,1.0,1.000260614682776,197372,0.8774419151940352,0.47968290092805815,0.9999999963746147,0.017069705304962598,3.348114452799822e-05,1.7950123705707884e-08,0.10787397124534191,0.10786656605414977,0.877365255900659,0.8774857247487742,0.4796800173744446,0.4797155890145859,1.7949563681789017e-08
model.dec.8x8_in1.affine,0.08802407001391012,0.08801710911519668,0.9081173419352182,0.9080455284774205,0.9081891610724367,0.4186826548620595,0.419726373686584,0.0,131328,131328,1.0,1.0,0.9080455284774205,0.4186826548620595,0.9892716943439701,1.0,1.0003067108330266,131328,0.9080528130500839,0.41885568991147837,0.9999999976959055,0.014197799851256708,4.0496048338409284e-05,0.0,0.08802417206664205,0.08801720704639981,0.908045650169335,0.9081893676715252,0.4186822793289703,0.4197260473391929,0.0
model.dec.8x8_in1.conv0,0.18660999219423646,0.18659498411943357,0.8882037181668915,0.8881322845438272,0.8882751575354542,0.4594128883494387,0.4595418721276223,0.0,590073,590080,0.9999881372017354,1.0,0.8881322845438273,0.45939998136454574,-0.99534085335949,1.0,1.0002453987730062,590069,0.8881444763276508,0.4595643471197205,0.9999999966608122,0.012979552496155683,4.787751058482798e-05,1.2546842771509238e-07,0.18661059535234226,0.18659559540925325,0.8881330853276953,0.8882758805653296,0.45941143568858817,0.4595404181811164,1.2546570676798173e-07
model.dec.8x8_in1.conv1,0.1866544352343389,0.1866493404061568,0.8891572391662237,0.8891329691650597,0.8891815098298679,0.4575893058921463,0.45771331943187804,0.0,590071,590080,0.9999847478308026,1.0000000000000002,0.8891329691650595,0.45757264812757603,-0.996581997230624,1.0,1.0002452182442374,590060,0.8891424907473954,0.45763045241300593,0.9999999966656408,0.009895874965485761,4.290995128182672e-05,1.6136305202972775e-07,0.18665477792108487,0.18664973587228206,0.8891336781409593,0.8891817158831806,0.45758854633053747,0.4577124398912327,1.6135943188604264e-07
model.dec.8x8_in1.norm0,0.00550072051351671,0.005500742134119808,0.9101781349753166,0.9101817124339706,0.9101745575307238,0.4142186757908101,0.4153826869247948,0.0,512,512,1.0,1.0,0.9101817124339706,0.4142186757908101,0.9997548418730081,1.0,1.0,512,0.9101914163590978,0.4141878665949694,1.0000000012170105,0.0001241686553731673,5.3942360582129184e-05,0.0,0.005500794847509953,0.005500823713070134,0.910180571707451,0.9101710193914684,0.41422436186739714,0.41538756693586176,0.0
model.dec.8x8_in1.norm1,0.0055007304605061294,0.005500731771848365,0.8515754002529435,0.8515756032635794,0.8515751972423561,0.5242322659992674,0.5249530768789888,0.0,512,512,1.0,1.0,0.8515756032635794,0.5242322659992674,-1.0,1.0,1.0,512,0.851576798381846,0.5242298715455728,0.999999996208081,5.253211629741666e-05,2.903701472462253e-05,0.0,0.005500823276077105,0.0055008256666030505,0.8515720434752425,0.8515713033301279,0.5242384227845667,0.5249593158034868,0.0
model.enc.16x16_block0.affine,0.08807926375112209,0.08808075092591669,0.8763741787348809,0.8763889758793363,0.8763593818402637,0.48163900615796384,0.4816385460734793,0.0,131328,131328,1.0,1.0,0.8763889758793363,0.48163900615796384,-0.9995095635115253,1.0,1.0000957966903012,131328,0.8763823143054414,0.48161606976429844,0.9999999959729091,0.007617359662347032,3.299963930508972e-05,0.0,0.08807945508613048,0.0880809283385058,0.8763890708116613,0.8763597538753679,0.48163850515265305,0.48163811794265804,0.0
model.enc.16x16_block0.conv0,0.18672967420709968,0.18672736552530908,0.8823458139601902,0.8823349048439912,0.8823567232112685,0.4705957801734096,0.4706130209134215,0.0,590072,590080,0.999986442516269,1.0,0.8823349048439911,0.4705813759776666,-0.9996322177271055,1.0,1.0000306485227413,590062,0.882352184415702,0.47058965424082344,0.9999999965873368,0.002967695809692055,4.582090278254792e-05,1.436150209776717e-07,0.1867289867055884,0.1867267541954876,0.8823329690769012,0.8823540675964984,0.4706002763013665,0.4706173080153119,1.4361607345034683e-07
model.enc.16x16_block0.conv1,0.1867346085932158,0.18673352218136952,0.8864071408814422,0.8864019838126711,0.8864122979802174,0.4629037559094268,0.4629645497983023,0.0,590073,590080,0.9999881372017354,1.0,0.8864019838126713,0.4628909436298575,-0.9996475419884762,1.0,1.0000076619839176,590065,0.8864135056126989,0.4628942612569676,0.9999999966386964,0.002159701429794866,3.913126660681127e-05,1.2566187133134022e-07,0.18673366539330596,0.18673264364848266,0.8863999473945089,0.8864096476484945,0.4629084034134499,0.462968997855374,1.2565903021514222e-07
model.enc.16x16_block0.norm0,0.005500632959439031,0.005500630325242873,0.9140550903127861,0.9140546525812695,0.9140555280445122,0.4055898597296001,0.40709548016545305,0.0,512,512,1.0,1.0,0.9140546525812695,0.4055898597296001,1.0,1.0,1.0,512,0.9140541756687794,0.405592116910326,0.9999999991465875,1.0836200712834385e-05,1.9020809048040887e-05,0.0,0.005500859351318338,0.0055008624843858964,0.914065207557675,0.9140641663292346,0.40556865689076677,0.4070746956083907,0.0
model.enc.16x16_block0.norm1,0.005500797174822499,0.005500795199254661,0.8984369098967113,0.8984365872301945,0.898437232563344,0.4391024714597881,0.4395291857014394,0.0,512,512,1.0,1.0,0.8984365872301945,0.4391024714597881,0.09997548418730229,1.0,1.0,512,0.8984362301916826,0.43910402477437177,0.9999999959178374,1.8962989595172015e-05,1.1691553778392948e-05,0.0,0.005500864025248863,0.005500861130288345,0.898438262096921,0.8984392077466729,0.4390986639161821,0.43952555127567444,0.0
model.enc.16x16_block0.norm2,0.00550089833916037,0.005500898394467365,0.9140624924885613,0.9140625016787056,0.9140624832984171,0.4055733757696833,0.40707945873717344,0.0,512,512,1.0,1.0,0.9140625016787056,0.4055733757696833,1.0,1.0,1.0,512,0.9140624958630976,0.40557336666641985,0.9999999970751978,1.831468422333445e-07,3.3696689087658077e-07,0.0,0.005500866375153225,0.005500866379011728,0.9140625568166396,0.9140625555343277,0.40557322844179267,0.4070793399535718,0.0
model.enc.16x16_block0.proj,0.062354954555712466,0.06235499133435261,0.8976451642513611,0.8976456937067782,0.8976446347962563,0.440719171609501,0.44110983404920934,0.0,65791,65792,0.9999848005836576,1.0000000000000002,0.8976456937067779,0.44070192347046305,-0.9988966193632937,1.0,1.0,65791,0.8976506714347245,0.44070769455455744,0.9999999969471473,0.0010487952795270095,2.6843804777382647e-05,1.795892818072241e-08,0.06235454630575616,0.06235459561177725,0.8976445511923103,0.8976431315932178,0.44072195451163276,0.44111247173992696,1.795478668921996e-08
model.enc.16x16_block0.qkv,0.10799494225033425,0.10799467545690893,0.8791340878445776,0.879131916009585,0.8791362596849357,0.47657332427344934,0.47657450519676525,0.0,197375,197376,0.9999949335278858,1.0000000000000002,0.8791319160095847,0.47656800812615496,-0.9998161088635528,1.0,1.0000114931586017,197373,0.8791439329122839,0.4765563399108788,0.9999999963755655,0.004255114283581496,2.6923893545510827e-05,1.7954525673370995e-08,0.10799473009357051,0.10799448751506364,0.8791315711254085,0.8791355205615006,0.4765744309568395,0.4765755049610853,1.7954735100246385e-08
model.enc.16x16_block1.affine,0.08808811941125873,0.08808611950860641,0.8988655604443634,0.8988451531109974,0.8988859682410565,0.43821454149741024,0.43867191467020983,0.0,131328,131328,1.0,1.0,0.8988451531109974,0.43821454149741024,-0.9906183431495988,1.0,1.0000613008030406,131328,0.8988279300474513,0.43830166813832033,0.999999996951229,0.005000977546861649,2.7525810010471967e-05,0.0,0.08808832304893398,0.08808633221603572,0.8988457437660684,0.8988863737220164,0.4382135650444172,0.43867092197199903,0.0
model.enc.16x16_block1.conv0,0.18673465758259858,0.1867323033691069,0.8897576538893135,0.889746436477933,0.8897688714421169,0.4564275018026925,0.4565584440165038,0.0,590079,590080,0.9999983053145336,1.0,0.8897464364779328,0.45642564569199207,-0.9995095635115253,1.0,1.0,590072,0.8897548996635505,0.45643862494010723,0.9999999965849342,0.002543820800610467,4.23706426374052e-05,1.7950123705707884e-08,0.18673379029573134,0.1867314960257477,0.8897441283560094,0.8897659921104432,0.45643270432665184,0.4565634363047818,1.7949748515996548e-08
model.enc.16x16_block1.conv1,0.18673793479260017,0.18673704413856346,0.8869291403928753,0.8869249101489237,0.8869333706570034,0.4619033066565003,0.46197230310042875,0.0,590074,590080,0.9999898318872017,1.0,0.8869249101489238,0.4618922998198072,-0.9997548118180704,1.0,1.0,590066,0.8869345786089654,0.4618950675259658,0.9999999968249748,0.0019097821183156655,3.5393346427106746e-05,1.0772495298893336e-07,0.18673680351477195,0.18673596861328823,0.8869229849166479,0.8869309158469013,0.4619076496804356,0.46197646951399207,1.0772342162851055e-07
model.enc.16x16_block1.norm0,0.005500625669097291,0.005500622376327349,0.8906275003627527,0.8906269672176818,0.8906280335081429,0.4547333372761444,0.4548802728289651,0.0,512,512,1.0,1.0,0.8906269672176818,0.4547333372761444,-1.0,1.0,1.0,512,0.8906275655099198,0.45473348519684015,0.9999999995186322,1.1807557910469882e-05,4.882295813734014e-06,0.0,0.005500863804653435,0.00550086123894291,0.8906249537001866,0.8906257845105822,0.4547375715812582,0.4548843939433667,0.0
model.enc.16x16_block1.norm1,0.005500827387277535,0.005500828045823284,0.898446214657562,0.8984463222173696,0.8984461070977674,0.4390836429762089,0.4395105568296913,0.0,512,512,1.0,1.0,0.8984463222173696,0.4390836429762089,0.10000000000000142,1.0,1.0,512,0.8984462011449119,0.43908361572739085,0.9999999943855932,2.7092476600130845e-06,2.856893947882163e-06,0.0,0.00550086448184315,0.005500864604032741,0.8984380044550673,0.8984379645414249,0.43910044019152705,0.4395270309258415,0.0
model.enc.16x16_block1.norm2,0.005500878175924939,0.005500877553398517,0.9140624909430694,0.9140623874999401,0.9140625943862104,0.4055733292769838,0.40707947138392736,0.0,512,512,1.0,1.0,0.9140623874999401,0.4055733292769838,0.9999999730637908,1.0,1.0,512,0.9140623001562546,0.4055738048772115,0.9999999971170173,2.782021268468846e-06,2.2430001530824845e-06,0.0,0.005500866415669976,0.005500866000866447,0.9140626606129101,0.9140627984662704,0.40557280685391706,0.4070789713279245,0.0
model.enc.16x16_block1.proj,0.06235517551263,0.06235537976205314,0.9014692932568571,0.9014722460924736,0.9014663404309128,0.43284447633943457,0.4334216906661339,0.0,65791,65792,0.9999848005836576,1.0,0.9014722460924735,0.4328269188238607,0.9976244825072857,1.0,1.0,65791,0.9014742927452467,0.4328326457797195,0.9999999970675316,0.0006602409746772534,2.564763457063061e-05,1.7954525673370995e-08,0.06235478374001418,0.06235499988069491,0.9014712447812026,0.9014649952656485,0.432847002362347,0.433424072445248,1.7955324078768358e-08
model.enc.16x16_block1.qkv,0.10799921490510743,0.1079978696564062,0.8948721111093009,0.8948609644954454,0.8948832578620013,0.4463170870394201,0.44660240711881144,0.0,197376,197376,1.0,1.0,0.8948609644954454,0.4463170870394201,-0.9992683369024089,1.0,1.0,197373,0.8948758616736746,0.446315126619102,0.9999999970595348,0.0031223312610589894,2.8782750881007274e-05,0.0,0.10799865047248086,0.1079973357963601,0.894859976805663,0.89488176360614,0.4463197014486856,0.4466048483906047,0.0
model.enc.16x16_block2.affine,0.08808696223707839,0.08808149359908488,0.8803221612073561,0.8802675088150491,0.8803768169928179,0.47434686912839846,0.4743780977675288,0.0,131328,131328,1.0,1.0,0.8802675088150491,0.47434686912839846,-0.9994176780679171,1.0,1.0000306550994758,131328,0.8802734312620153,0.4744667386900003,0.9999999963295872,0.005558326872721616,2.886074493356041e-05,0.0,0.08808716566547486,0.08808170888896219,0.8802680319069723,0.8803771027860732,0.47434618256329314,0.47437734857098895,0.0
model.enc.16x16_block2.conv0,0.18673622310914018,0.18673567017165385,0.8901235305352821,0.8901208948245491,0.8901261662538197,0.4557179725247023,0.4558532278812969,0.0,590073,590080,0.9999881372017354,1.0,0.8901208948245491,0.455704958895525,-0.9995096837460162,1.0,1.0,590069,0.8901285906655668,0.4557094382797101,0.9999999967615493,0.001897096398211974,4.149776769407176e-05,1.2565747098274203e-07,0.18673529764932603,0.1867347908811632,0.8901184438604485,0.8901232751433438,0.4557233022827541,0.45585837854553457,1.2565992048138135e-07
model.enc.16x16_block2.conv1,0.18673968415857453,0.1867391071088416,0.8890272445598756,0.8890244973509127,0.8890299917773278,0.45785288342577624,0.45796244749579784,0.0,590073,590080,0.9999881372017354,1.0,0.8890244973509127,0.45783992874752666,-0.9997548118180704,1.0,1.0,590066,0.889033709839843,0.45784174425171675,0.9999999967406195,0.0014973842489380122,3.260318565949882e-05,1.256789289602511e-07,0.18673845098486555,0.18673792722769975,0.8890229178837894,0.8890279049025885,0.4578565735670217,0.4579659654276346,1.2567735524989e-07
model.enc.16x16_block2.norm0,0.005500549483665833,0.005500576333244536,0.8945409874633526,0.8945453539450502,0.8945366210029688,0.4469881119973801,0.44725317020699057,0.0,512,512,1.0,1.0,0.8945453539450502,0.4469881119973801,-0.9999943853059352,1.0,1.0,512,0.8945499881664126,0.4469679145925127,0.9999999919896471,0.00010839495533493507,6.267152004991527e-06,0.0,0.0055008368973426544,0.005500864049030319,0.8945455919904302,0.8945367612458938,0.4469877579013693,0.447252804036522,0.0
model.enc.16x16_block2.norm1,0.005500814813517637,0.005500814813517637,0.8710900239968129,0.8710900239968129,0.8710900239968129,0.49112337563308056,0.4911883296239074,0.0,512,512,1.0,1.0,0.8710900239968129,0.49112337563308056,-1.0,1.0,1.0,512,0.8710900266086303,0.49112337586933624,1.0000000001818146,4.371181615323157e-08,1.4281523499623774e-06,0.0,0.00550086509600927,0.005500864587956056,0.8710939352079397,0.8710940961143161,0.4911162503179724,0.49118118097435703,0.0
model.enc.16x16_block2.norm2,0.005500866163135936,0.005495491416598808,0.9012712424409861,0.9003906348519877,0.9021527112891935,0.4328319694787609,0.4338681339517908,0.0,512,512,1.0,1.0,0.9003906348519877,0.4328319694787609,0.5499994732476873,1.0,1.0,511,0.9021525840438678,0.431417108126606,1.000000002253981,1.4012961637598237e-06,5.050356326744078e-07,0.0,0.005500866548149492,0.005495491645556466,0.9003907258491016,0.9021528535778847,0.43283171486199395,0.43386791036257344,0.0
model.enc.16x16_block2.proj,0.062355428261641,0.062354504899621035,0.8942075929317213,0.894194351464983,0.8942208345945426,0.4476458934653171,0.4479085671215086,0.0,65792,65792,1.0,1.0,0.894194351464983,0.4476458934653171,-0.9996935147725879,1.0,1.0,65791,0.8942066673966067,0.4476543719379829,0.9999999973940084,0.0010210406198410688,2.0799787891129508e-05,0.0,0.06235525263850295,0.06235433450155133,0.8941939562603378,0.8942202895878948,0.44764686999928904,0.4479094943544869,0.0
model.enc.16x16_block2.qkv,0.10799815094813678,0.10799894685364407,0.8829339496132675,0.8829404565023846,0.8829274427721034,0.4695006811165416,0.4695130033846149,0.0,197371,197376,0.9999746676394293,1.0,0.8829404565023844,0.46947370358754426,-0.9997548418730081,1.0,1.0,197370,0.8829477892677938,0.4694711933208541,0.9999999965769673,0.0025036645315575866,3.1903185165027885e-05,8.976382443152875e-08,0.1079974688246862,0.10799828133176242,0.882938813012772,0.8829255277766365,0.46950409935610266,0.469516335320299,8.976129970959024e-08
model.enc.16x16_block3.affine,0.08808154449855012,0.08808588856181591,0.8967849913644533,0.8968292195936527,0.8967407653164233,0.4424884073334348,0.4428190254213592,0.0,131328,131328,1.0,1.0,0.8968292195936527,0.4424884073334348,-0.9965407941918897,1.0,1.0000459751883404,131328,0.8968267597673459,0.44238192030772944,0.999999997120655,0.007172923989164714,2.6195170448756223e-05,0.0,0.08808174224124864,0.08808607868135329,0.8968294684823227,0.8967411695909584,0.4424877070386206,0.44281838846906024,0.0
model.enc.16x16_block3.conv0,0.18673596750924593,0.1867342548222723,0.8906791455529236,0.8906709765076636,0.8906873146731086,0.4546282748394598,0.45478064746536767,0.0,590075,590080,0.9999915265726681,1.0,0.8906709765076636,0.4546189573831488,-0.9995096236361407,1.0,1.0,590065,0.8906878814951301,0.45461532969085067,0.9999999968447585,0.0020782026063339175,4.184022923104267e-05,8.975281941117941e-08,0.18673508040123707,0.18673341451439265,0.8906684924190443,0.890684384160183,0.45463369259567277,0.4547858802528104,8.975341965736359e-08
model.enc.16x16_block3.conv1,0.18673841044852962,0.18673898432078184,0.8893857613160905,0.8893884945181603,0.8893830281224203,0.4571588915215046,0.45727362191852916,0.0,590068,590080,0.9999796637744035,1.0,0.8893884945181603,0.45713664976607143,-0.9997548118180704,1.0,1.0,590063,0.8893956153626328,0.4571383156389288,0.9999999969389354,0.001266988611568606,3.0827227364163814e-05,2.1544467935066178e-07,0.18673752999819468,0.18673815345432204,0.8893871510092697,0.889381212287771,0.4571620861171128,0.4572766582022089,2.1544515683786942e-07
model.enc.16x16_block3.norm0,0.005500569843779339,0.005500572472859309,0.8593836191789503,0.859384029934258,0.8593832084238389,0.5113316389821977,0.5117105369521497,0.0,512,512,1.0,1.0,0.859384029934258,0.5113316389821978,-1.0,1.0,1.0,512,0.8593845107066509,0.5113298969096289,0.9999999997616703,1.08367362099092e-05,2.9114736043011494e-06,0.0,0.005500860620988598,0.005500863993720774,0.8593771197635779,0.8593760659480401,0.5113435169075837,0.5117226039706065,0.0
model.enc.16x16_block3.norm1,0.005500671529739912,0.005500670871175424,0.8789046481065252,0.8789045428802115,0.8789047533328517,0.47699744764074103,0.4769975361495279,0.0,512,512,1.0,1.0,0.8789045428802115,0.47699744764074103,-1.0,1.0,1.0,512,0.8789044271725445,0.4769979184761886,1.0000000022463098,2.7097201084857223e-06,2.0230612981780164e-06,0.0,0.005500865177684107,0.005500864968677187,0.878906723671034,0.8789067904596538,0.47699360068588753,0.4769936494001621,0.0
model.enc.16x16_block3.norm2,0.005500864613774581,0.005500864933393534,0.9140625156535167,0.9140625687636594,0.9140624625433773,0.40557334304905895,0.4070794050829857,0.0,512,512,1.0,1.0,0.9140625687636594,0.40557334304905895,0.9999990422685211,1.0,1.0,512,0.9140625151452938,0.4055733197768582,0.9999999989469124,1.3678388725848877e-06,4.1288471603507684e-07,0.0,0.005500866084473424,0.005500866424672657,0.9140626582128154,0.9140625451530239,0.4055731506772363,0.40707923706207844,0.0
model.enc.16x16_block3.proj,0.06235444294131029,0.062354365243154686,0.8986272898707262,0.8986261701159869,0.8986284096268606,0.4387123365478321,0.4391482870967381,0.0,65791,65792,0.9999848005836576,1.0,0.8986261701159869,0.43869501346963347,-0.9979159004535981,1.0,1.0,65791,0.8986316835700031,0.4387038831245705,0.9999999971050726,0.001420119038424977,2.0382822872430282e-05,1.7954525673370995e-08,0.06235440313082712,0.062354345582303225,0.898626388143255,0.8986280468775598,0.43871262653437376,0.43914842864523634,1.795521015151237e-08
model.enc.16x16_block3.qkv,0.10799661163778537,0.10799406108293402,0.8920149140405144,0.8919938473335873,0.8920359812449854,0.4519952907914348,0.4521916616305384,0.0,197376,197376,1.0,1.0,0.8919938473335873,0.4519952907914348,-0.9993870295451759,1.0,1.000003830962606,197371,0.8920186432225278,0.4519986063263366,0.9999999967476882,0.004216233900035951,3.0722854608645124e-05,0.0,0.10799626147879941,0.10799374458131282,0.891993031274655,0.892034609260283,0.45199759056260747,0.45219378654919473,0.0
model.enc.16x16_down.affine,0.08809244819785662,0.08809073090486756,0.9021159597592743,0.9020983737181925,0.902133546143189,0.43148526752150423,0.4321091764934798,0.0,131328,131328,1.0,1.0,0.9020983737181925,0.43148526752150423,0.9958314687186958,1.0,1.0000306489924145,131328,0.9021021786259514,0.4315224900686669,0.9999999973255149,0.0038089784264550303,2.3920703447675284e-05,0.0,0.08809255712890955,0.08809086135641302,0.9020986602253968,0.9021333918376822,0.431485234741137,0.43210904175298603,0.0
model.enc.16x16_down.conv0,0.18673020029639378,0.18672792236091462,0.8887923625681181,0.8887815201245653,0.8888032051439402,0.45830449647198973,0.45841325987516834,0.0,590073,590080,0.9999881372017354,1.0,0.8887815201245653,0.45829155500158475,-0.9994482927726354,1.0,1.0000153244962071,590068,0.888791089675915,0.45831255601050164,0.9999999968376913,0.0032788556792920343,4.449009133550545e-05,1.2566187241071684e-07,0.18672960040166764,0.18672740736085383,0.8887797353164921,0.8888006121840872,0.45830894959840957,0.45841745329274225,1.2565520646232657e-07
model.enc.16x16_down.conv1,0.18673308434546868,0.18673164533857337,0.8885966805964414,0.8885898328717599,0.8886035283738934,0.4586858364165931,0.4587882700541182,0.0,590074,590080,0.9999898318872017,0.9999999999999998,0.8885898328717601,0.4586747537193832,-0.9995095935756758,1.0,1.0000153240265413,590067,0.8886054221052824,0.4586724362257912,0.9999999967723195,0.0022619755351072223,3.926254750795528e-05,1.0770624450830833e-07,0.18673238560644376,0.1867310033171124,0.88858815332841,0.8886013090491925,0.4586897522168024,0.4587920041049754,1.0770754853365171e-07
model.enc.16x16_down.norm0,0.005500625290539925,0.005500622410669395,0.910157196946542,0.9101567204307369,0.9101576734625965,0.4142628358282181,0.41542728897351694,0.0,512,512,1.0,1.0,0.9101567204307369,0.4142628358282181,1.0,1.0,1.0,512,0.910155240377494,0.4142673535268062,0.9999999988774195,2.4252280159167544e-05,9.661176741552867e-06,0.0,0.005500864614332697,0.005500858301401064,0.9101578040561842,0.9101598931001023,0.4142589485650952,0.415423850727741,0.0
model.enc.16x16_down.norm1,0.005500806408923554,0.005500803776748017,0.9296890502348361,0.9296886053719209,0.9296894950979641,0.36834513710298705,0.3718061429489107,0.0,512,512,1.0,1.0,0.9296886053719209,0.36834513710298705,1.0,1.0,1.0,512,0.9296900394705607,0.3683428126494925,0.9999999973056108,2.4227023805057962e-05,1.4352378814360933e-05,0.0,0.005500862767362607,0.005500855491540653,0.9296872163709948,0.9296896757132347,0.3683463511148553,0.371807701055684,0.0
model.enc.16x16_down.skip,0.062356006130511246,0.062355909845507075,0.8876665620175347,0.887665191356007,0.8876679326811789,0.4604860690858778,0.46056689447880556,0.0,65791,65792,0.9999848005836576,1.0,0.887665191356007,0.4604695649621513,-0.9999387067116151,1.0,1.0,65790,0.8876785489344493,0.46046367258032816,0.9999999968715639,0.0002323482122879118,9.320565886199569e-06,1.7955626249613068e-08,0.06235587878478138,0.0623557867652283,0.8876646156173,0.887667235504426,0.4604873274604281,0.46056811206686743,1.795557772942891e-08
model.enc.32x32_block0.affine,0.08809141747460182,0.08809269122920488,0.8809309175588798,0.8809436553470025,0.880918179954936,0.47325172502506324,0.4732484606102721,0.0,131328,131328,1.0,1.0,0.8809436553470025,0.47325172502506324,-0.9998620830214164,1.0,1.0000612970454823,131328,0.8809475950084326,0.47321383640685416,0.9999999964671686,0.003978396666224272,1.8122994288306616e-05,0.0,0.0880914954974512,0.08809275439982639,0.8809435139348241,0.8809183356107875,0.4732516319686602,0.47324844876989963,0.0
model.enc.32x32_block0.conv0,0.1320666792290835,0.13206715483737944,0.8679371974715946,0.8679403231512428,0.8679340718032029,0.49667574735339276,0.49679895885084757,0.0,295163,295168,0.9999830604943626,0.9999999999999998,0.867940323151243,0.4966586980994361,-0.9998774059090352,1.0,1.0000306485227413,295158,0.8679574202844068,0.49663861764781597,0.999999996087533,0.0025818236625612737,4.016359383351589e-05,8.97429178678968e-08,0.1320663489272408,0.1320668542512316,0.8679388568813523,0.8679322149500315,0.4966787626904511,0.4968018986889979,8.975204224418752e-08
model.enc.32x32_block0.conv1,0.18673107031346659,0.18672824826165135,0.8640283390938144,0.8640152811022402,0.8640413972827358,0.5034355653003406,0.5036676649903798,0.0,590073,590080,0.9999881372017354,1.0,0.8640152811022401,0.5034237858234468,-0.9998774059090352,1.0,1.0000306489924145,590062,0.8640383629491138,0.5034259702819952,0.999999996053569,0.0026025928660677092,3.9158530442916486e-05,1.2564371831225459e-07,0.1867307830224038,0.1867279937021098,0.8640141347717488,0.8640399480428379,0.5034378808003702,0.5036699283731432,1.256483533149337e-07
model.enc.32x32_block0.norm0,0.0038897168007773673,0.003889720535920766,0.8359335100941961,0.835934312808556,0.835932707380607,0.5488312538405927,0.5505239976554726,0.0,256,256,1.0,1.0,0.835934312808556,0.5488312538405927,-1.0,1.0,1.0,256,0.8359333567186775,0.5488309583404686,1.0000000013299362,1.5320178399135636e-05,1.2989524526062272e-05,0.0,0.0038896988835553543,0.0038896994683477754,0.8359377185398692,0.8359374671836862,0.5488245907483925,0.5505174059960822,0.0
model.enc.32x32_block0.norm1,0.005500911570901874,0.005500910912366125,0.8515615543889967,0.8515614524452153,0.8515616563327902,0.5242545691565761,0.5249762459293479,0.0,512,512,1.0,1.0,0.8515614524452153,0.5242545691565761,-1.0,1.0,1.0,512,0.8515613325469515,0.5242549942378705,0.9999999956760666,2.7082357303061046e-06,3.52187841525038e-06,0.0,0.005500864862563642,0.005500864238123459,0.8515625895961815,0.851562782929413,0.5242527338667878,0.5249743398760542,0.0
model.enc.32x32_block0.skip,0.044178280090377484,0.04417813387660889,0.8720496619706636,0.8720467758087936,0.8720525481420858,0.48941577574911044,0.48946781440008064,0.0,33024,33024,1.0,1.0,0.8720467758087936,0.48941577574911044,-1.0,1.0,1.0,33024,0.8720439508142737,0.4894275714307794,0.9999999960783763,0.0004948565346461248,1.5586723159384547e-05,0.0,0.04417812879699215,0.04417798669771738,0.872045753659319,0.8720513635694896,0.4894177872947114,0.48946979417296227,0.0
model.enc.32x32_block1.affine,0.08808627220855544,0.08808622400067992,0.8954134514037987,0.8954129613617169,0.8954139414461487,0.4452353692882846,0.4455352053965908,0.0,131328,131328,1.0,1.0,0.8954129613617169,0.4452353692882846,-0.9975974640648554,1.0,1.0000613008030406,131328,0.8954309602082717,0.4452003990552573,0.999999996869533,0.005382595351098992,2.71867854568983e-05,0.0,0.0880863608625549,0.08808633005860403,0.8954132122281485,0.8954138384835371,0.4452353085324367,0.44553506081152944,0.0
model.enc.32x32_block1.conv0,0.1867275799030397,0.18672455760237272,0.8748758005588279,0.8748616401561872,0.874889961190667,0.4843394879789888,0.4843654315543812,0.0,590077,590080,0.9999949159436009,1.0,0.8748616401561872,0.48433426171983857,-0.9997548118180704,1.0,1.000030649696951,590069,0.8748764869533517,0.4843460876329744,0.9999999962206921,0.0037820512630808815,4.5414847711931246e-05,5.362881537316042e-08,0.1867271799544473,0.18672422797204113,0.8748605838479789,0.8748882459622506,0.484342173412651,0.4843679475845295,5.362460209364634e-08
model.enc.32x32_block1.conv1,0.1867296814105417,0.18672705304385828,0.8792450105378056,0.879232634474853,0.8792573867749633,0.4763631210581978,0.47636986017551075,0.0,590073,590080,0.9999881372017354,1.0,0.8792326344748532,0.4763506720256549,-0.9997547817557626,1.0,1.0000306485227413,590066,0.8792480456927912,0.4763642243011433,0.999999996540633,0.0030054646761051435,3.88271224834177e-05,1.2564278732451458e-07,0.18672943450001409,0.18672686270123845,0.8792317950073795,0.8792560145844992,0.4763653063703669,0.4763719007761615,1.256423470215991e-07
model.enc.32x32_block1.norm0,0.005500770317764888,0.005500773609679317,0.835938342353864,0.8359388426178874,0.83593784209014,0.5488236950926803,0.5505162565075418,0.0,512,512,1.0,1.0,0.8359388426178874,0.5488236950926803,-1.0,1.0,1.0,512,0.8359380025683584,0.5488238756740594,0.999999992084087,1.691879845507525e-05,5.565044180764045e-06,0.0,0.005500858756412659,0.005500863838094769,0.835938502364471,0.8359369578900411,0.5488248061644292,0.5505172400894761,0.0
model.enc.32x32_block1.norm1,0.005500926084945056,0.005500926084945056,0.863282989533102,0.863282989533102,0.863282989533102,0.5047201996976047,0.5049672831077187,0.0,512,512,1.0,1.0,0.863282989533102,0.5047201996976047,-1.0,1.0,1.0,512,0.8632829895431514,0.5047201983018927,0.9999999953794017,4.276703033510513e-08,4.778056161444173e-06,0.0,0.005500863885086568,0.005500864262548678,0.8632819279104039,0.8632818094358548,0.5047221514662241,0.5049692296859609,0.0
model.enc.32x32_block2.affine,0.08808924658223291,0.08808696877577558,0.8911285936300846,0.8911055508803322,0.8911516369756903,0.4537391122426957,0.4539114438516788,0.0,131328,131328,1.0,1.0,0.8911055508803322,0.4537391122426957,-0.9991418413632462,1.0,1.0000306494621019,131328,0.8910993497662044,0.45380827318813155,0.99999999677213,0.005979956895034543,2.502484338030505e-05,0.0,0.08808933656749511,0.08808706550985124,0.8911056546255014,0.8911516041275057,0.45373907739848407,0.453911378989211,0.0
model.enc.32x32_block2.conv0,0.18672982165594257,0.18672861006252703,0.8868904774227016,0.8868847228482408,0.886896232034501,0.4619767434113721,0.4620458934497221,0.0,590071,590080,0.9999847478308026,1.0,0.8868847228482408,0.4619602422287598,-0.9995096236361407,1.0,1.0000153242613705,590061,0.8869044270954071,0.4619529599590039,0.9999999967194301,0.003068962090567252,4.296849499827199e-05,1.615093177977075e-07,0.18672920176587626,0.18672806145747653,0.8868832271989725,0.886894059245036,0.4619804409843217,0.46204938102736504,1.6151045292833095e-07
model.enc.32x32_block2.conv1,0.18673399729666076,0.18673205331201845,0.8869234030218178,0.8869141697515011,0.8869326363882581,0.4619117174369954,0.46198330473145094,0.0,590072,590080,0.999986442516269,1.0,0.8869141697515011,0.46189704116974484,-0.9996322177271055,1.0,1.0000153240265413,590061,0.8869334532107067,0.46189722834666214,0.9999999966405124,0.0021118084056259033,3.484874905620833e-05,1.4363400487536367e-07,0.18673358698420914,0.18673169394717512,0.8869131184753801,0.8869311011526019,0.4619143265889428,0.4619857650381407,1.4362935402880167e-07
model.enc.32x32_block2.norm0,0.005500798536753109,0.005500793351200456,0.89062140768093,0.890620568100245,0.8906222472624066,0.4547451135481402,0.4548920547438808,0.0,512,512,1.0,1.0,0.890620568100245,0.4547451135481402,-0.9999049912701962,1.0,1.0,512,0.8906198352415187,0.4547486199151236,0.9999999986342176,1.270955876689986e-05,5.659227388189184e-06,0.0,0.005500863827806909,0.005500858400532927,0.8906264824082267,0.8906282398344202,0.4547334335518599,0.4548805559112435,0.0
model.enc.32x32_block2.norm1,0.0055008907172307935,0.005500893263839853,0.9179698784193103,0.9179703033887432,0.9179694534500742,0.39665028423827514,0.398552207356656,0.0,512,512,1.0,1.0,0.9179703033887432,0.3966502842382751,1.0,1.0,1.0,512,0.9179707974602128,0.39664797132520396,0.9999999949747561,1.0843583629361049e-05,7.573576825800091e-06,0.0,0.005500864204054727,0.005500864060621285,0.9179692149850107,0.9179692628565757,0.396651570260831,0.3985536803149531,0.0
model.enc.32x32_block3.affine,0.08809154945696808,0.08808856409751409,0.8772161139321678,0.8771863857069854,0.8772458431648528,0.48007943854397317,0.4800992037181436,0.0,131328,131328,1.0,1.0,0.8771863857069854,0.48007943854397317,-0.9997548118180704,1.0,1.0000306489924145,131328,0.8772028714696931,0.4801199042470329,0.9999999966055979,0.005445312141009656,2.213234504083446e-05,0.0,0.08809168499760549,0.08808867998145029,0.8771864496434473,0.8772462985233217,0.48007885704904535,0.48009872677408133,0.0
model.enc.32x32_block3.conv0,0.18673195148566096,0.18672964908420842,0.8836422401518192,0.8836313448596045,0.8836531355783742,0.468157010597109,0.4681851389274467,0.0,590070,590080,0.9999830531453362,1.0000000000000002,0.8836313448596044,0.46813891203025676,-0.9996934823621375,1.0,1.0000153242613705,590060,0.8836483979379844,0.4681511601007068,0.9999999965062815,0.00236797456544411,4.269436435279361e-05,1.795177453971353e-07,0.18673127408646487,0.18672904184626735,0.8836296306731674,0.8836507573854528,0.4681610485239838,0.4681889796655707,1.795181304555747e-07
model.enc.32x32_block3.conv1,0.1867364123714887,0.18673531436603566,0.8849440134692894,0.8849388100205348,0.8849492169486404,0.465694688185119,0.465734436979825,0.0,590077,590080,0.9999949159436009,1.0,0.8849388100205349,0.4656892327490646,-0.9997548043031845,1.0,1.0000076619545646,590072,0.8849483314161251,0.4656892212967357,0.9999999967161127,0.0017742020588314238,3.316541993872252e-05,5.38305754175421e-08,0.18673598598974353,0.18673496281036867,0.884937796066431,0.8849474937959613,0.4656974753597588,0.4657370183163683,5.3830721507894416e-08
model.enc.32x32_block3.norm0,0.005500750914042641,0.005500750255487658,0.9023434553260475,0.9023433472966551,0.9023435633554527,0.4310176842632261,0.43164520475591595,0.0,512,512,1.0,1.0,0.9023433472966551,0.43101768426322606,1.0,1.0,1.0,512,0.902343228645795,0.43101821218136793,0.9999999974723354,2.7076982985753123e-06,4.370558158464054e-06,0.0,0.005500863545505262,0.005500863537135327,0.9023447239425447,0.9023447266885019,0.43101507645315285,0.4316426240337867,0.0
model.enc.32x32_block3.norm1,0.00550080187142146,0.005500769011978383,0.8632953787342235,0.8632902217760163,0.8633005357232363,0.5046959935199011,0.5049455506665035,0.0,512,512,1.0,1.0,0.8632902217760163,0.5046959935199011,-1.0,1.0,1.0,512,0.8632842377562101,0.5047180691051366,0.9999999955113925,0.00015256604081048566,3.252038619728407e-06,0.0,0.005500860639481482,0.005500826351065456,0.8632905223068443,0.8633012846741496,0.5046949648747029,0.5049446234417135,0.0
model.enc.32x32_conv,0.01455394009866169,0.014553917357428047,0.8722119777806081,0.872210614907308,0.8722133406560378,0.48912730260020826,0.48917623296779766,0.0,3584,3584,1.0,1.0,0.872210614907308,0.48912730260020826,-1.0,1.0,1.0,3584,0.8722118838833914,0.489128234320821,0.9999999950558225,6.708211366545183e-05,5.537496118558998e-06,0.0,0.014553914349759535,0.014553892446537488,0.8722098152504091,0.8722124405576523,0.4891288462569941,0.48917775800627306,0.0
model.enc.8x8_block0.affine,0.08808920528323588,0.0880867013764694,0.9127710307830004,0.9127450855658437,0.9127969767376621,0.40845998609334155,0.40986090506021644,0.0,131328,131328,1.0,1.0,0.9127450855658437,0.40845998609334155,0.9992644354542111,1.0,1.0000306485227413,131328,0.9127375381446908,0.40854643100849164,0.9999999974593131,0.0044447698746344294,3.113861464314047e-05,0.0,0.08808935329413706,0.08808685152289034,0.9127452936758539,0.9127971405138007,0.408459580516849,0.4098605217675721,0.0
model.enc.8x8_block0.conv0,0.1867361301351535,0.1867349744884058,0.8889125704915563,0.8889070693123238,0.8889180717048341,0.45807406043276006,0.45818257404101176,0.0,590075,590080,0.9999915265726681,1.0,0.888907069312324,0.4580648126294364,-0.9996322081456519,1.0,1.0,590070,0.8889128744080257,0.45807630566501506,0.9999999968470493,0.002114444646726939,4.1832057088315997e-05,8.975722141257304e-08,0.1867352832565907,0.18673418889505267,0.8889047508945732,0.8889151698331362,0.4580792757566273,0.4581875801658089,8.97611442777965e-08
model.enc.8x8_block0.conv1,0.18673907722052274,0.18673823567259848,0.8843439635717918,0.8843399782365424,0.8843479489250013,0.46683379250467494,0.46686564232506733,0.0,590072,590080,0.999986442516269,1.0,0.8843399782365426,0.4668192711878101,-0.9997548418730081,1.0,1.0,590067,0.8843507958776761,0.4668229535310467,0.9999999966777244,0.0018217923837845608,3.4864249753007504e-05,1.436397830323944e-07,0.18673771449772733,0.1867369265825451,0.8843379710734426,0.8843454338157762,0.46683820987471125,0.46686989937767176,1.4363609886997485e-07
model.enc.8x8_block0.norm0,0.005500497650878382,0.005500500933432555,0.8828157822088234,0.8828163090503592,0.8828152553676019,0.4697196589702472,0.46973424724876717,0.0,512,512,1.0,1.0,0.8828163090503592,0.46971965897024714,-1.0,1.0,1.0,512,0.8828169101824614,0.46971725600638475,0.9999999961544367,1.1170769104296917e-05,1.0436285606694124e-05,0.0,0.005500861933890473,0.00550086318212492,0.8828134504921454,0.8828130498430116,0.46972424406508606,0.4697389900366883,0.0
model.enc.8x8_block0.norm1,0.005500675123383252,0.005495302074144875,0.8621676973034353,0.8613255334989128,0.8630106845363202,0.5061281292262951,0.5068772147677852,0.0,512,512,1.0,1.0,0.8613255334989128,0.5061281292262952,-1.0,1.0,1.0,511,0.8630106887212858,0.5051856644444668,0.999999998994982,4.1554641950338474e-08,5.8881630913998655e-06,0.0,0.005500863103094994,0.0054954894826053004,0.8613292219663357,0.8630145019682766,0.5061217130695594,0.5068707038436271,0.0
model.enc.8x8_block1.affine,0.08808609393090285,0.08808291317518414,0.8866160918913121,0.88658407651773,0.886648108420999,0.4624894131992629,0.462568060458501,0.0,131328,131328,1.0,1.0,0.88658407651773,0.46248941319926284,-0.9992643452672879,1.0,1.0000613008030406,131328,0.8865837097881685,0.4625681842157514,0.9999999963598072,0.005397959752373806,3.081562921792284e-05,0.0,0.08808626033207242,0.08808307932573031,0.886584279461158,0.8866483163036902,0.4624890181558403,0.46256767357486583,0.0
model.enc.8x8_block1.conv0,0.186734280450799,0.18673451885460388,0.882401880635126,0.8824030071983113,0.8824007540733793,0.47049706299891286,0.4705081964169734,0.0,590073,590080,0.9999881372017354,1.0,0.8824030071983113,0.47048446164822266,-0.9997548118180704,1.0,1.0000019154776338,590069,0.8824075742918693,0.4704857837119783,0.9999999964197743,0.002237304210675317,4.3129017465106286e-05,1.2562008832542988e-07,0.18673345605609845,0.1867337502639062,0.8824005419964355,0.8823977614714994,0.4705023215521117,0.47051329459010177,1.2561508630318777e-07
model.enc.8x8_block1.conv1,0.18673747636506194,0.18673652779515942,0.8781821373507193,0.8781776764510614,0.8781865982730371,0.4783239584358117,0.4783272184669812,0.0,590074,590080,0.9999898318872017,1.0,0.8781776764510615,0.4783133305011953,-0.9998161013955507,1.0,1.000003633451267,590066,0.8781894336099973,0.4783129924428517,0.9999999964551607,0.001630369878548807,3.618111023127779e-05,1.0771394813723664e-07,0.18673627921925076,0.1867353621915869,0.878175555222434,0.8781841804045718,0.4783282059425454,0.47833138932606534,1.0772192779489962e-07
model.enc.8x8_block1.norm0,0.005500454061514796,0.005500470490353225,0.8476615301673369,0.8476640619754688,0.847658998366767,0.5305389822379427,0.5314669126427449,0.0,512,512,1.0,1.0,0.8476640619754688,0.5305389822379427,-1.0,1.0,1.0,512,0.847667056916962,0.5305285703932372,0.9999999958975077,6.507341609701639e-05,8.771877231653255e-06,0.0,0.005500849216960667,0.005500864040026713,0.8476640500030131,0.8476594816431418,0.5305384507398588,0.5314664952672586,0.0
model.enc.8x8_block1.norm1,0.005500577655024973,0.005500568439196225,0.8906307408711299,0.8906292486823272,0.8906322330624327,0.45472650080662924,0.4548740343964539,0.0,512,512,1.0,1.0,0.8906292486823272,0.45472650080662924,-1.0,1.0,1.0,512,0.8906275746626704,0.4547334655589789,0.9999999964692236,3.792384829980007e-05,9.986885927759964e-06,0.0,0.005500863503040195,0.005500851937747392,0.8906266009059386,0.8906303459142981,0.4547307476543746,0.45487843127311667,0.0
model.enc.8x8_block2.affine,0.08808895187232493,0.08808131110822859,0.9050987650747853,0.9050202575434679,0.9051772794163727,0.4251645123772949,0.4260015123060761,0.0,131328,131328,1.0,1.0,0.9050202575434679,0.4251645123772949,0.9961374944561538,1.0,1.0000612970454823,131328,0.9050171002859925,0.4253751853284605,0.9999999971588334,0.004916961591230626,3.460999460466348e-05,0.0,0.0880891192662159,0.08808147377747878,0.9050204649573561,0.9051775836742497,0.42516394511624467,0.42600100016670706,0.0
model.enc.8x8_block2.conv0,0.18672859140826462,0.18672693503215568,0.8736531015827058,0.8736453518422185,0.8736608513919376,0.48654502184452053,0.4865794911888964,0.0,590076,590080,0.9999932212581345,1.0,0.8736453518422185,0.4865380580394204,-0.9997548418730081,1.0,1.0000306494621019,590072,0.8736494892192141,0.48655582413640924,0.9999999963164616,0.0033722582168997676,4.556382024501742e-05,7.178454730746702e-08,0.18672789948810084,0.1867263180182733,0.8736432219216335,0.8736580205452131,0.486549670741857,0.4865839738924307,7.178589207979198e-08
model.enc.8x8_block2.conv1,0.18673110506965399,0.18672932954910024,0.8727129406175865,0.8727046424834166,0.8727212388306596,0.4882290345816505,0.4882750544293787,0.0,590075,590080,0.9999915265726681,1.0,0.8727046424834167,0.4882203764926107,-0.9998161084936897,1.0,1.0000306485227413,590068,0.872719216810171,0.48822245827185085,0.9999999963211985,0.0030209297252073142,3.890084818623628e-05,8.956079195391024e-08,0.18673030629125031,0.18672856556895653,0.8727028667041175,0.8727191378130624,0.48823259036408995,0.4882785436229515,8.956522466098375e-08
model.enc.8x8_block2.norm0,0.0055007135952773725,0.005500677114060115,0.8828152650374473,0.8828094101288206,0.8828211199849045,0.4697172354254835,0.4697352656988722,0.0,512,512,1.0,1.0,0.8828094101288206,0.4697172354254835,-1.0,1.0,1.0,512,0.8828170111904354,0.46971706915279793,0.9999999961541262,0.00015250320536437585,1.8907498413255113e-05,0.0,0.005500862271511996,0.005500819120578016,0.8828059187857195,0.8828197691045523,0.4697212162861627,0.46973980676892624,0.0
model.enc.8x8_block2.norm1,0.005500658327790318,0.005500656352132245,0.8671854752146598,0.867185163749762,0.8671857866796695,0.49798511367037085,0.49812726506421895,0.0,512,512,1.0,1.0,0.867185163749762,0.49798511367037085,-1.0,1.0,1.0,512,0.8671848017475704,0.4979864590663298,0.9999999957059976,1.2412216233091053e-05,9.531755354076736e-06,0.0,0.005500862415581378,0.005500861962818684,0.867188677887402,0.8671888206398289,0.4979795501109854,0.498121487902822,0.0
model.enc.8x8_block3.affine,0.08807215635073247,0.08807768980091711,0.8892673147577738,0.8893231861771977,0.8892114468484523,0.45741658438763266,0.45750010488717063,0.0,131328,131328,1.0,1.0,0.8893231861771977,0.45741658438763266,-0.9985286905345758,1.0,1.000146570183839,131328,0.889334998705761,0.45725623027063833,0.9999999969066355,0.007003271674989809,3.665121153447171e-05,0.0,0.08807226268981103,0.0880777923544837,0.8893232816598644,0.8892116188892055,0.4574163046088755,0.4574998533344708,0.0
model.enc.8x8_block3.conv0,0.18667608595802215,0.1866723772347868,0.8761845264595629,0.8761671191634165,0.8762019341015497,0.48196622846027054,0.4819843836151638,0.0,590074,590080,0.9999898318872017,0.9999999999999998,0.8761671191634167,0.48195569949675376,-0.9991416309012876,1.0,1.0001839249586169,590070,0.8761905070064506,0.4819649320020993,0.9999999964429824,0.008555896538793973,4.471267291747624e-05,1.074527781922794e-07,0.18667642710373375,0.18667276873912106,0.8761677122972616,0.876202054449937,0.48196570998105986,0.4819837331316764,1.0744926457323637e-07
model.enc.8x8_block3.conv1,0.18668994514364273,0.1866878277922513,0.8753495434474314,0.8753396156359877,0.8753594713714731,0.48348513353341604,0.48350491483882846,0.0,590070,590080,0.9999830531453362,1.0,0.8753396156359877,0.48346767345220365,-0.9993256611967026,1.0,1.000122624156959,590065,0.8753569998371018,0.4834771172112927,0.9999999963335284,0.00703346173133453,4.059179703687708e-05,1.7877475394355226e-07,0.18669003855329225,0.1866879685259947,0.8753398079261246,0.8753592198609922,0.4834853096997763,0.48350496876847104,1.78779911558318e-07
model.enc.8x8_block3.norm0,0.005500803745684442,0.005500810062237462,0.8867219060143755,0.886722924233929,0.8867208877959913,0.4623037445577371,0.46236638917747036,0.0,512,512,1.0,1.0,0.886722924233929,0.46230374455773704,-0.999984676208281,1.0,1.0,512,0.8867238884009728,0.46229941090570503,0.999999996281788,2.469071291199346e-05,6.106182564648983e-06,0.0,0.005500851890061699,0.005500856135086939,0.8867241196004543,0.8867227510262818,0.4623006371679359,0.4623634905179649,0.0
model.enc.8x8_block3.norm1,0.005500786727774765,0.005500798250779488,0.8671893670473046,0.8671911836287622,0.8671875504696523,0.49797955844109304,0.49812044833615116,0.0,512,512,1.0,1.0,0.8671911836287622,0.49797955844109304,-1.0,1.0,1.0,512,0.8671893291541451,0.4979785799062512,0.9999999971326878,4.685900080521796e-05,1.9439971655073703e-05,0.0,0.005500845116701999,0.005500852435327162,0.8671906060797767,0.8671882985687703,0.497979029315625,0.4981202767927046,0.0
model.enc.8x8_down.affine,0.08808922197740399,0.08808893745414878,0.9054605344028142,0.9054576098159814,0.9054634589990933,0.42442909531361667,0.4252498295011269,0.0,131328,131328,1.0,1.0,0.9054576098159814,0.42442909531361667,0.9985274988762843,1.0,1.0000306494621019,131328,0.9054671066969222,0.4244164448012942,0.9999999970976429,0.004756034305147364,3.0479853096532744e-05,0.0,0.08808932624826316,0.08808906301377219,0.9054579473493662,0.9054633588751524,0.4244289446483858,0.4252495839560569,0.0
model.enc.8x8_down.conv0,0.18673441182207928,0.18673398165874341,0.8792321589084334,0.8792301335000752,0.8792341843214574,0.47639244864913327,0.4763935717317882,0.0,590071,590080,0.9999847478308026,1.0,0.8792301335000752,0.4763764425158387,-0.9997548418730081,1.0,1.0000009577360651,590064,0.8792459633209713,0.4763680677374984,0.999999996392197,0.0025120107823974045,4.281132260158806e-05,1.6156061914527742e-07,0.18673357609819682,0.1867332007309554,0.8792275152818996,0.879231050095606,0.47639789674646305,0.4763988790981978,1.6155280237905613e-07
model.enc.8x8_down.conv1,0.1867386251752216,0.18673853995314038,0.8794398752520183,0.8794394739012189,0.8794402766030007,0.47600976775974124,0.47601012298394785,0.0,590074,590080,0.9999898318872017,0.9999999999999998,0.8794394739012191,0.4759990874132316,-0.9998160451546253,1.0,1.0,590070,0.8794454657394969,0.47599965636890457,0.9999999964422732,0.0015022601239824416,3.612317451153929e-05,1.0772275207256286e-07,0.1867372571079664,0.18673721441474264,0.8794373262550612,0.8794377283818572,0.47601421400512867,0.4760144590461765,1.0772383863148605e-07
model.enc.8x8_down.norm0,0.005500454990667173,0.005500466187639077,0.8476621562162037,0.8476638817551568,0.8476604306807631,0.5305374773390379,0.5314658276870378,0.0,512,512,1.0,1.0,0.8476638817551568,0.5305374773390379,-1.0,1.0,1.0,512,0.8476659147915662,0.5305303936581189,0.9999999945557049,4.3429866406725146e-05,1.969444247809614e-05,0.0,0.005500854291326378,0.005500859637503624,0.8476604761839249,0.8476588285356494,0.5305409134827616,0.5314699015230223,0.0
model.enc.8x8_down.norm1,0.005500816383475458,0.005500820334554843,0.9023428093083424,0.9023434574354245,0.9023421611817258,0.4310193979009636,0.4316464807130168,0.0,512,512,1.0,1.0,0.9023434574354245,0.4310193979009636,1.0,1.0,1.0,512,0.9023441784532747,0.43101622779317494,0.9999999989799426,1.2114979640858566e-05,9.790474281808246e-06,0.0,0.0055008606439071565,0.005500862337131986,0.9023459679075224,0.9023454124039417,0.43101318984796533,0.43164064439022537,0.0
model.enc.8x8_down.skip,0.06235606291737197,0.06235611554414261,0.8893072481996087,0.8893079987500185,0.8893064976498323,0.4573105851649771,0.4574245774896278,0.0,65791,65792,0.9999848005836576,1.0,0.8893079987500185,0.4572939664656499,-0.9999387067116151,1.0,1.0,65790,0.8893219351279794,0.4572816373780869,0.9999999967277989,0.00015272457233711653,8.460460939951711e-06,1.7955626249613068e-08,0.062355915575880556,0.062355966674712195,0.8893073694254678,0.8893059119049979,0.4573117554001562,0.45742575022363746,1.7955708854625408e-08
model.map_layer0,0.06210530541674513,0.062103008385693374,0.9146206521363041,0.9145868239146336,0.9146544816091935,0.4042981211354231,0.4058751866133472,0.0,66048,66048,1.0,1.0,0.9145868239146336,0.4042981211354231,0.959927241914203,1.0,1.0000306769875082,66048,0.9153719479578956,0.40260923499913664,0.9999999967626898,0.023911035137703974,1.7847803532287078e-05,0.0,0.06210535790504021,0.06210305962200928,0.9145869422608103,0.9146546367852693,0.40429780363490314,0.40587491036659945,0.0
model.map_layer1,0.1243148646020112,0.12429912461258366,0.909692072582727,0.9095768929246015,0.9098072668260445,0.4152308563862586,0.4164185300638736,0.0,262656,262656,1.0,1.0,0.9095768929246015,0.4152308563862586,0.9750315698672041,1.0,1.0000314964725392,262656,0.9097144165119213,0.41523448835905247,0.9999999973193167,0.02139110928554567,1.3898142819080306e-05,0.0,0.12431488694168973,0.12429914766315717,0.9095769341585893,0.909807297622281,0.4152307798867465,0.4164184691568045,0.0
